512 128 128 92
0 0 1 0 0 0 1 0 0 1 1 -1 -2 1 -1 0 -1 0 1 -1 1 0 -1 -1 1 -1 2 0 0 0 0 1 0 0 1 0 0 -1 1 2 -1 0 1 2 0 -1 0 0 0 1 0 0 0 0 -1 1 0 -1 -1 2 -1 1 -1 0 0 0 0 0 2 1 1 -1 1 1 1 -1 -1 1 -1 0 0 0 0 0 0 0 0 0 0 0 0 -2 0 0 0 0 0 0 0 0 0 0 0 0 0 0 0 0 0 0 0 0 0 0 0 0 0 0 0 0 0 1 0 0 2 0 0 0 0 0 0 -1 -1 -1 0 1 1 0 0 0 0 0 1 1 1 1 0 1 0 0 0 -1 -2 0 0 0 0 0 0 0 0 1 1 0 0 1 0 0 0 0 0 0 1 0 0 2 0 -1 1 0 -1 -2 1 1 -1 0 0 -1 1 1 0 1 -1 -1 1 -1 0 1 2 0 0 -1 0 1 2 1 1 0 0 -1 0 0 0 0 0 -1 0 -1 0 0 0 0 0 0 0 0 1 0 1 0 0 1 -1 -1 0 0 0 0 -1 1 -2 1 -1 -1 0 0 0 1 0 0 0 -1 -1 0 1 0 1 1 0 -1 0 -1 0 -1 0 1 0 1 0 -1 1 1 0 2 -1 0 0 0 0 -1 -1 0 0 0 1 0 1 1 1 1 0 0 0 -1 0 0 0 1 -1 1 0 1 0 -1 0 0 0 1 1 0 0 0 1 -1 0 -1 0 -1 0 0 0 -1 0 0 0 0 -1 0 0 0 1 -1 0 0 1 0 0 0 0 0 0 0 0 0 0 2 0 0 0 0 0 0 0 0 0 0 0 0 0 0 0 0 0 0 0 0 0 0 0 0 0 0 0 0 0 0 0 0 0 0 0 0 0 0 0 0 0 0 0 0 0 0 0 0 0 0 0 0 0 0 0 0 0 0 0 0 0 0 0 0 0 0 0 0 0 0 0 0 0 0 0 0 0 0 0 0 0 0 0 0 0 0 0 0 0 0 0 0 0 0 0 0 0 0 0 0 0 0 0 0 0 -2 0 0 0 0 0 -2 0 0 0 0 0 0 0 0 0 0 0 0 0 -2 0 0 0 0 0 0 0 0 0 0 0 0 0 0 0 0 0 0 0 0 0 0 0 0 2 0 0 0 2 0 0 0 0 0 0 0 0 0 0 1
1 0 0 0 0 0 0 0 0 0 0 0 0 0 0 0 0 0 0 0 0 0 0 0 0 0 0 0 0 0 0 0 0 0 0 0 0 0 0 0 0 0 0 0 0 0 0 0 0 0 0 0 0 0 0 0 0 0 0 0 0 0 0 0 0 0 0 0 0 0 0 0 0 0 0 0 0 0 0 0 1 0 -2 0 0 0 0 1 1 -1 -1 0 -2 0 -1 0 1 -1 -1 0 -1 0 0 0 0 0 0 0 0 0 0 0 -1 -1 0 0 1 1 1 1 -1 -1 -2 1 1 0 -1 0 0 2 0 0 -1 0 1 0 -1 -1 1 -1 0 -1 1 -1 1 0 -1 0 0 1 0 0 1 1 0 0 0 0 -1 1 -1 0 0 0 1 1 1 1 1 0 1 0 1 1 0 1 0 0 2 0 0 1 0 -1 1 -1 -1 0 0 0 1 0 0 1 1 1 1 0 1 -1 0 1 0 0 1 0 0 0 0 0 0 -1 0 0 -2 -1 -1 -1 0 -1 0 1 0 0 -1 1 -1 1 1 0 0 1 0 -1 -1 0 0 1 -1 0 1 0 0 0 -1 1 0 1 0 0 -1 1 0 0 1 0 -1 1 1 2 -1 -1 0 0 0 0 0 0 0 0 -1 -1 0 0 0 0 -1 0 -1 -1 1 -1 1 0 1 0 -1 1 -1 0 -2 0 -2 -1 -1 0 -1 0 0 0 -1 0 0 0 1 1 1 0 0 1 0 1 0 0 0 0 -1 1 0 -1 -2 0 0 0 -1 0 1 -1 0 0 0 -1 0 0 -1 0 0 0 0 1 0 -1 2 0 -1 0 1 -1 -1 0 -1 0 0 0 0 -1 -1 0 0 1 0 2 0 0 0 0 0 0 0 0 0 -2 0 0 0 2 2 0 0 0 0 -2 0 0 0 0 0 0 0 0 0 0 0 0 0 0 0 0 0 0 0 0 0 0 0 0 0 0 0 0 0 0 0 0 0 0 0 0 0 0 0 0 2 0 0 0 0 0 -2 0 0 0 -2 0 0 0 0 0 0 0 0 0 0 0 0 0 0 0 0 0 0 0 0 0 0 0 0 0 0 0 0 0 0 -1 0 0 0 0 0 0 0 0 0 0 0 0 0 0 0 0 0 0 0 0 0 0 0 0 0 0 0 0 0 0 0 0 0 0 0 0 0 0 0 0 0 0 0 -2 0 0 0 0
0 0 0 0 0 0 0 0 0 0 0 0 0 0 0 0 0 0 0 0 0 0 0 0 0 -2 0 0 0 0 -2 0 0 0 0 0 0 0 0 0 0 0 0 0 0 0 0 0 0 0 0 0 0 0 0 0 0 0 0 0 0 0 0 0 0 0 0 0 0 0 0 0 -1 1 0 0 1 0 -2 0 0 1 0 -1 -1 0 1 -1 0 -1 1 0 -1 -1 0 -1 0 0 0 1 1 0 -1 0 1 0 0 0 -1 0 1 -1 0 1 0 1 1 0 -1 0 0 0 0 0 1 0 0 0 1 0 0 0 1 0 0 0 0 -1 0 1 0 1 2 0 1 1 0 0 0 0 -1 -1 0 0 0 1 -1 1 0 -1 0 1 0 1 0 1 2 -1 1 0 0 0 0 0 -1 1 0 1 0 0 1 1 1 0 -1 0 1 -1 0 -1 0 0 1 -1 0 -1 0 0 1 1 1 0 0 1 0 0 -1 -2 0 1 -1 1 0 0 0 0 0 0 0 0 0 1 0 1 0 1 0 0 -1 1 -2 1 1 -1 -1 0 1 0 -1 0 2 0 0 -1 1 0 0 1 1 -1 0 0 -2 1 1 2 0 -1 1 -1 0 0 0 0 0 1 -2 0 0 0 1 0 0 1 0 0 -1 0 -1 1 0 -1 0 1 0 0 0 0 1 1 -1 0 -1 -1 0 0 0 -1 0 0 1 1 -1 0 0 0 0 1 0 2 0 -1 0 -1 1 0 0 0 1 0 0 0 0 1 0 1 1 -1 1 0 0 1 0 1 1 1 0 -1 0 -1 0 1 1 0 -2 -1 1 0 0 0 -1 -1 0 1 0 0 0 0 0 0 0 0 0 0 0 0 0 0 0 0 0 0 0 0 0 0 0 0 0 0 0 0 0 0 0 0 0 0 0 0 0 0 0 2 0 0 0 0 0 0 0 0 0 0 0 0 0 2 0 0 0 0 0 0 0 0 0 0 0 0 0 0 0 0 0 0 2 0 0 0 0 2 0 -2 0 0 0 0 0 0 0 0 0 0 0 0 0 0 0 0 0 2 0 0 0 0 2 0 0 0 0 0 0 0 0 0 0 0 0 0 0 0 0 0 0 0 0 0 0 0 0 0 0 0 0 0 0 0 0 0 0 0 0 0 0 0 0 0 0 0 0 0 2 0 0 0 2 0 0 0 -1 0
0 0 0 0 0 0 0 0 0 0 0 0 0 0 0 0 0 0 0 0 0 0 0 0 0 0 0 0 0 0 0 0 0 0 0 0 0 0 0 0 0 0 0 0 0 0 0 0 0 0 0 0 0 0 2 0 2 0 0 0 0 0 0 0 2 0 0 0 0 0 0 1 0 0 0 0 0 0 0 1 0 0 1 -1 1 -1 0 0 0 0 -1 -1 0 0 1 2 0 1 0 0 1 1 0 -1 1 0 0 1 -1 -1 1 0 1 0 0 1 0 -1 1 0 0 0 0 1 1 0 0 -1 0 0 1 0 -1 -1 0 0 1 -1 1 0 1 1 0 0 -1 -1 0 0 -1 0 0 0 1 0 -1 -2 -1 1 1 0 0 0 -1 0 -1 0 0 0 0 1 0 -1 0 0 0 0 0 0 2 -1 0 -1 0 0 0 1 -1 0 1 1 0 -1 1 0 -1 0 1 0 -1 0 1 1 0 0 0 0 0 0 -1 -2 0 1 -1 1 1 0 -1 0 0 -1 0 -1 0 0 0 0 -1 0 0 -1 1 -1 0 0 0 0 0 0 2 0 0 1 0 -1 0 0 0 1 0 0 0 0 0 -1 0 1 0 0 1 -1 0 0 0 -1 1 0 1 -1 1 0 0 -1 1 0 -1 -1 -2 -1 -1 1 1 -1 2 -1 1 0 1 0 0 0 0 1 0 0 1 1 1 0 -1 0 0 0 0 0 -1 -1 -1 0 0 1 -1 0 0 1 -1 0 0 0 0 0 0 0 2 -1 0 -1 1 0 1 1 -1 -1 1 1 0 0 1 -1 0 0 0 -2 -1 0 -1 2 0 1 -1 -1 -1 0 0 0 1 2 -1 0 0 0 0 0 0 0 0 0 0 0 0 0 0 0 0 0 0 0 0 0 0 0 0 0 0 0 0 0 0 0 0 0 0 0 0 0 0 0 0 0 0 0 0 0 0 0 0 -2 0 0 0 -2 0 0 0 0 0 0 -2 0 0 0 0 0 0 0 0 0 -2 0 0 0 0 0 0 0 0 0 -2 0 0 0 0 0 -2 2 0 0 0 0 0 0 0 0 0 0 0 0 0 0 2 0 0 0 0 0 0 0 0 0 0 0 0 0 0 0 0 0 0 0 0 0 0 0 0 0 0 0 0 0 0 0 0 0 0 0 0 0 0 0 0 0 0 0 0 0 0 0 0 0 0 0 -1 0
0 1 0 0 -1 0 1 0 0 -1 0 1 1 0 0 0 0 -1 0 0 -1 0 0 1 0 1 -1 1 -1 0 -1 1 0 -1 0 0 -1 -1 0 0 0 1 0 0 -1 1 -1 1 1 -1 -1 -1 1 1 1 0 -1 0 0 0 -1 1 0 -1 0 0 0 1 0 0 -1 0 1 1 0 0 1 1 0 0 0 0 0 0 1 1 1 0 0 0 0 0 0 0 0 0 0 0 0 0 0 2 0 0 0 0 0 0 0 0 0 0 0 0 0 0 0 0 0 0 0 0 0 0 0 0 0 0 0 0 0 0 0 0 0 -1 1 0 0 -1 0 1 -1 1 0 -1 1 1 0 0 0 0 1 -1 1 0 -1 0 -1 0 1 0 0 0 0 1 0 0 0 0 0 -1 0 0 0 0 0 0 -1 0 1 0 0 -1 -1 -1 0 0 1 -1 0 1 -1 0 1 0 0 0 0 1 0 -1 1 0 0 -1 1 1 0 1 1 0 0 -1 -1 0 1 0 0 -1 1 0 0 -1 0 0 -1 0 -1 0 0 0 1 1 0 2 0 -1 0 -1 -1 0 -1 1 1 0 1 0 -1 1 0 0 -1 -1 1 1 0 -2 -1 1 1 -1 2 0 1 -1 -1 0 -1 0 0 0 -1 0 1 0 1 -1 1 1 0 0 0 0 1 0 0 0 0 0 -1 -1 0 0 0 0 0 -1 -1 0 -1 -1 0 -1 0 -1 -1 1 0 0 1 1 0 1 0 1 0 0 1 0 -1 0 1 1 -1 1 0 0 0 -1 0 0 0 0 0 2 0 0 0 0 0 0 0 0 0 0 0 0 0 0 0 0 -2 0 0 0 -2 0 0 0 2 0 0 0 0 0 0 0 0 0 0 0 0 0 0 0 -2 0 0 0 0 0 0 0 0 0 0 0 0 0 0 0 0 0 0 -2 0 0 2 0 0 0 0 0 0 0 0 0 0 0 0 0 0 0 0 0 0 0 0 0 0 0 0 0 0 0 0 0 0 0 0 -2 0 0 0 0 0 0 0 0 0 0 0 0 0 0 0 0 0 0 0 0 0 0 0 0 0 0 0 0 0 0 -2 0 0 0 0 0 0 0 0 0 0 0 0 0 -2 0 0 0 0 0 0 0 0 0 0 0 0 0 0 0 0 0 0 0 0 0 0 0 0 0 0 0 0 0 2 0 -2 0 1 0
0 1 0 0 0 1 0 -1 0 1 0 1 0 0 1 1 -1 0 -2 1 0 0 -1 0 0 -2 0 0 0 1 0 0 -1 1 1 0 0 -1 1 1 -1 -2 0 0 -2 0 0 0 0 0 0 1 1 0 -1 1 0 -1 -1 0 1 0 1 0 0 0 0 0 -1 0 1 0 0 -1 0 0 -2 1 0 -1 0 0 0 0 0 0 1 0 0 -2 0 0 1 -1 -1 0 -1 0 0 -1 0 0 -1 0 0 0 -1 0 0 0 0 0 0 0 0 0 0 0 0 0 0 0 0 0 0 0 0 0 0 0 0 0 0 0 0 0 0 0 0 0 0 0 -1 0 -1 -1 0 1 1 -1 0 0 0 0 0 1 0 -1 0 0 1 1 0 -1 -1 -1 0 1 0 0 0 1 0 0 0 2 1 0 -1 0 0 0 0 0 0 -1 0 -1 0 0 -1 0 0 0 -1 2 -1 -1 1 -1 1 0 0 0 2 0 0 2 1 1 0 1 0 0 0 0 -1 1 2 0 -1 1 0 -1 -1 0 -1 0 -1 -1 0 0 0 -2 0 1 1 1 1 0 0 -1 -1 1 1 1 0 1 0 0 1 0 -1 1 0 -1 1 0 2 0 0 0 0 0 0 0 -1 0 0 0 -1 0 0 -1 1 1 0 1 -1 1 -2 -1 -2 0 -1 0 0 0 1 0 0 0 1 0 0 0 0 -2 0 1 0 -1 -1 0 1 0 1 -1 0 0 0 1 -1 1 1 2 0 0 0 2 -1 0 -1 0 2 0 1 0 1 0 0 0 2 0 0 0 -1 0 0 0 0 0 0 0 0 0 0 0 0 0 0 0 0 0 0 0 0 0 0 0 0 0 0 0 0 2 0 0 0 0 0 0 0 0 0 0 0 0 0 0 0 0 0 0 0 0 0 0 0 0 0 0 0 0 0 0 0 0 0 0 0 2 0 0 0 0 0 0 0 0 0 0 0 -2 0 0 0 0 0 0 0 0 0 0 0 0 0 0 0 0 0 0 0 0 0 0 0 0 0 0 0 0 0 0 0 0 0 0 0 0 0 0 0 0 0 0 0 0 0 0 0 0 0 0 0 0 0 0 0 0 0 2 0 0 0 0 0 0 0 0 0 0 0 0 0 0 0 -2 0 0 0 0 0 0 0 0 0 0 0 0 0 0 0 0 0 0 0 0 0 0 -1 0
0 0 0 0 0 0 0 0 0 0 0 0 0 0 0 0 0 0 0 0 0 0 0 0 0 0 0 0 0 0 0 0 0 0 0 0 0 0 0 0 0 0 0 0 0 0 0 0 0 0 0 0 0 0 0 0 0 0 0 2 0 0 0 0 0 0 0 0 0 0 0 0 0 0 0 0 0 0 0 0 0 0 0 0 0 0 0 0 1 0 1 1 1 0 0 -2 -1 2 1 1 0 1 1 1 0 0 0 -1 0 1 0 0 1 0 0 0 1 1 1 0 0 1 1 1 -1 -1 0 0 0 1 0 1 1 2 0 -2 0 1 0 0 0 0 0 0 1 0 0 -1 0 0 -1 0 -2 0 0 -1 1 -1 0 0 0 1 2 2 1 -1 0 1 0 1 0 0 0 2 0 1 1 1 0 -1 1 1 0 1 -1 1 0 0 0 0 0 1 0 0 0 0 1 0 0 1 1 0 1 1 0 0 1 0 0 1 1 1 0 0 0 1 1 0 0 -1 1 1 1 0 1 0 0 -1 0 0 2 0 -1 0 -1 -2 0 1 1 0 1 0 1 -1 0 0 0 0 0 0 0 -1 2 0 0 0 -1 0 1 -1 0 0 -1 -1 1 2 -1 0 0 0 1 -1 0 1 -1 -1 -1 0 0 1 1 0 -1 0 -2 1 1 1 2 1 1 0 0 2 -1 -1 1 0 0 -1 0 -1 -1 0 1 0 1 -1 0 -1 0 -1 -1 -1 1 0 1 0 -1 0 0 0 0 0 0 0 0 1 0 2 2 1 0 -1 1 0 1 0 1 1 0 0 0 -1 0 0 0 1 1 -1 -1 1 1 1 -1 0 1 0 0 0 0 0 0 0 0 0 0 0 0 0 0 0 2 0 0 0 0 0 0 0 0 0 0 0 0 0 0 0 0 0 0 0 0 0 0 0 0 0 0 0 0 0 0 0 0 0 0 0 0 2 0 0 0 0 0 0 0 0 0 0 2 0 0 0 0 0 0 0 0 0 0 0 0 0 0 0 0 0 0 0 0 0 0 0 0 0 0 0 0 0 0 0 0 0 0 0 0 0 0 0 0 0 0 0 0 0 0 0 0 0 0 0 0 0 0 0 0 0 0 0 0 0 0 0 0 0 0 0 0 0 0 0 0 0 0 0 0 0 0 0 0 0 0 -2 0 0 0 0 0 0 1 0
0 0 0 0 0 0 0 0 0 0 0 0 -2 0 0 0 0 0 0 0 0 0 0 2 0 0 0 0 0 0 -2 0 0 0 0 0 0 0 0 0 0 0 0 0 0 0 0 0 0 0 0 0 0 0 0 0 0 0 0 0 0 0 0 0 0 0 0 0 0 0 0 0 0 2 0 0 0 0 0 0 0 0 0 -1 1 0 -1 0 1 1 -1 -1 0 0 0 1 0 1 -1 -1 0 -1 1 1 1 0 2 -1 0 0 0 0 0 1 1 -1 1 -1 -1 0 0 0 -1 1 0 0 0 0 -1 0 0 0 0 1 -1 -1 0 0 -1 0 0 0 1 -1 0 -1 -1 0 0 0 0 -1 0 0 -1 -1 0 0 0 0 0 1 1 1 -1 -1 0 0 1 -1 -1 0 1 1 1 -1 0 1 0 -1 1 1 -1 0 -1 1 1 0 -1 1 -1 0 0 -1 1 -1 2 0 1 0 -1 -1 -1 1 -1 1 1 0 1 -1 0 1 0 -1 0 -1 -1 1 0 0 -1 -1 0 0 -1 0 1 0 0 1 -1 0 -1 0 0 -1 0 -1 0 -1 0 0 0 -1 -1 0 1 0 -1 0 1 0 0 0 0 1 -1 0 1 0 0 1 0 0 -1 0 1 0 0 1 1 -1 0 0 -1 0 1 -1 -1 0 0 -1 0 -1 0 0 1 0 0 0 0 -1 -1 -1 -2 1 0 -1 -2 1 -1 0 -1 0 0 -1 0 0 -1 0 0 0 -1 1 -1 0 0 0 1 -1 0 0 0 -1 1 1 -1 0 0 1 -1 -1 0 0 1 0 0 1 0 0 -1 1 1 1 -1 0 0 -1 0 -1 -1 -1 -1 1 0 0 0 0 0 0 0 0 0 0 2 0 0 0 0 0 0 0 0 0 0 0 0 0 0 0 0 0 2 0 0 0 0 0 0 0 0 0 0 0 0 0 0 0 0 0 0 0 0 0 0 0 0 0 0 0 0 0 0 0 0 0 2 0 0 0 0 0 0 0 0 0 0 0 0 0 0 2 0 0 0 0 0 0 0 0 0 0 0 0 0 0 2 0 0 0 0 0 0 0 0 0 0 0 0 0 0 0 0 0 0 0 0 0 0 0 0 0 0 0 0 0 0 0 0 0 0 0 0 0 0 0 0 0 0 0 0 0 0 0 0 0 0 0 0 0 0 0 0 0 0 0 0 0 0 0 -1 0
0 -1 0 1 -1 0 0 0 0 0 -1 0 0 2 0 -1 0 0 -1 0 -1 0 -1 0 0 0 0 1 0 0 0 0 0 0 0 -1 0 -1 0 1 0 -1 0 0 -1 1 -1 -1 -1 0 0 0 0 -1 0 1 1 -1 0 0 1 0 0 -1 1 0 1 1 0 -1 -1 0 0 0 1 0 -1 1 0 0 0 1 0 0 0 1 0 0 0 0 0 1 0 0 1 1 0 0 0 0 0 1 -1 0 0 -1 0 1 -1 0 0 0 0 0 0 0 0 0 0 0 0 0 0 -1 0 0 0 0 0 0 0 0 0 0 0 0 0 0 0 0 0 0 0 0 0 0 -1 1 1 0 0 1 1 0 0 1 1 0 -1 0 -1 0 1 -1 0 0 -1 -1 0 0 -1 0 -1 0 0 2 -1 -1 0 -1 -1 -1 -1 0 -1 0 0 0 1 1 -1 0 0 0 0 -1 0 -1 -1 0 -1 1 1 1 0 -2 1 -1 0 0 1 1 0 1 0 1 1 0 -1 0 0 0 0 0 0 1 0 -1 0 -2 -1 -1 1 0 -1 0 1 1 1 0 0 0 1 0 -1 0 0 0 0 0 0 -1 1 0 0 0 -1 -1 0 2 0 -2 0 0 -1 1 1 1 1 0 -1 1 -1 1 0 -2 -1 0 0 0 1 0 0 -2 -1 0 0 1 1 1 -1 0 1 1 -1 -1 0 -2 0 0 0 0 -1 0 -1 0 0 -1 0 -1 0 -1 0 1 0 0 -2 1 0 0 -1 0 0 1 0 0 -1 0 0 1 2 -1 0 0 1 0 0 -1 -1 0 -1 0 0 0 0 0 0 0 0 0 0 0 0 0 0 0 0 0 -2 0 0 0 0 0 0 0 0 0 0 0 0 0 0 0 0 0 0 0 0 0 0 0 0 0 0 0 0 0 0 0 0 2 0 0 0 0 0 0 0 0 0 0 0 0 0 0 0 0 0 0 0 0 0 0 0 0 0 0 0 0 0 0 0 0 0 0 0 0 0 0 0 0 0 2 0 2 0 0 0 0 0 0 0 0 0 0 0 0 0 0 0 0 0 -2 0 0 0 0 0 0 0 0 0 0 0 0 0 0 0 0 0 0 0 2 0 0 0 0 0 0 0 0 0 0 0 0 0 0 0 0 0 0 0 0 0 0 0 0 0 0 0 0 0 0 0 0 0 0 0 0 -1 1
1 0 0 0 0 0 0 0 0 0 0 0 0 0 0 0 0 0 0 0 0 0 0 0 0 0 0 0 0 0 0 0 0 0 0 0 0 0 0 0 -2 0 0 0 0 0 0 0 0 0 0 0 0 0 2 -2 0 2 0 0 0 0 0 0 0 0 0 0 0 0 0 0 0 0 0 0 0 0 0 0 0 0 0 0 0 2 0 0 0 1 -1 0 -1 0 0 0 -1 1 2 0 1 0 0 1 0 1 1 -1 -1 -1 0 -1 1 -1 -1 1 1 -1 0 0 1 0 0 0 -2 -1 -1 -1 0 1 1 0 0 0 0 0 0 0 2 -1 0 1 0 0 1 1 -1 0 0 -1 0 1 0 1 1 -2 -1 1 -1 0 0 -1 0 0 0 0 0 0 0 1 -1 1 -1 0 -1 0 -1 0 0 0 1 0 0 1 1 1 0 0 -1 0 1 -1 -1 0 0 0 2 1 -1 0 0 0 0 -1 0 -1 0 0 -1 0 1 0 0 -1 0 -1 -2 2 0 0 0 1 0 0 -1 1 0 -1 -1 -1 1 1 1 0 0 -1 0 0 1 0 0 0 0 0 0 0 0 0 0 1 0 1 0 0 1 0 -1 0 -1 0 1 -1 -1 0 1 1 1 0 1 -2 -2 0 0 0 0 0 1 0 -1 0 -1 -1 0 0 0 -1 -1 0 0 0 -1 0 1 0 -1 0 1 1 0 1 0 1 -1 0 0 0 0 1 0 -1 1 1 1 1 0 0 0 -1 0 1 0 -2 1 1 0 0 1 0 0 1 0 0 0 1 0 1 -1 1 0 -1 -1 -1 0 -2 0 1 0 -1 -1 -1 0 -1 1 0 -1 0 -1 0 0 0 0 0 0 0 0 0 0 0 0 0 0 0 0 0 0 0 0 0 0 0 0 0 0 0 0 0 0 0 0 0 0 0 0 -2 0 -2 0 0 0 0 0 0 0 0 -2 0 0 0 0 0 0 0 0 0 0 0 0 0 0 0 0 0 0 0 0 2 0 0 2 0 0 0 0 0 0 0 0 0 0 0 0 0 0 0 0 0 0 0 0 0 0 0 0 0 0 0 0 0 0 0 0 0 0 0 0 0 0 0 0 0 0 0 0 0 0 0 0 0 0 0 0 -2 0 0 0 0 0 0 0 0 0 0 0 0 0 0 0 0 0 0 0 0 0 0 0 0 0 0 0 0 1 0
-1 0 0 0 0 0 0 0 0 0 0 0 0 0 0 0 0 0 0 0 0 0 0 0 0 0 0 0 -2 0 0 0 0 0 0 0 0 0 0 0 0 0 0 -2 0 0 0 0 0 0 0 0 0 0 0 0 0 0 0 0 0 0 0 0 2 0 2 0 0 0 0 0 0 0 -1 0 0 -1 -1 1 1 0 1 0 1 1 0 -1 -1 1 -1 1 1 -1 1 1 0 -1 0 0 0 -1 0 0 1 0 1 0 1 1 1 2 -1 0 0 0 -1 0 1 0 -1 0 0 -2 0 0 0 0 1 1 -1 0 1 0 1 1 1 0 0 0 0 0 -1 0 0 2 0 2 1 0 0 -1 1 0 0 -1 0 0 1 0 -1 -1 0 0 0 0 2 -1 0 0 0 0 0 0 0 0 0 0 -1 0 0 0 -1 1 0 0 0 1 0 -1 0 0 -1 1 -1 1 0 -1 0 0 -1 -1 -1 -1 -1 0 -1 0 -1 -1 0 -1 1 1 0 0 -1 2 -1 1 1 0 -1 -1 -1 -1 -1 0 1 -1 1 1 0 0 0 1 1 1 1 1 0 -1 -1 -1 0 1 0 1 0 0 -1 0 -1 1 0 0 0 0 2 1 0 -1 0 1 -1 0 0 -1 -1 -1 1 1 1 1 1 0 0 0 0 0 0 1 1 0 0 0 1 0 0 0 1 0 0 0 -1 -1 1 1 0 0 1 1 0 -1 0 0 0 0 1 -1 0 0 0 -1 0 0 1 0 0 1 2 0 0 0 0 2 0 1 0 0 0 0 0 0 0 0 0 1 0 1 0 -1 2 1 -1 0 -1 1 -1 0 0 1 0 0 0 0 0 0 1 0 -1 0 0 2 0 0 0 0 0 0 0 0 0 0 0 0 0 0 0 0 0 0 0 0 0 0 0 0 0 0 0 0 0 0 0 0 0 0 0 -2 0 0 0 0 0 0 0 0 0 0 0 0 0 0 0 0 0 0 0 0 0 0 0 0 0 0 2 0 0 0 0 0 0 0 0 0 0 0 0 0 0 0 0 0 0 0 0 0 0 0 0 0 0 0 0 0 0 0 0 0 0 -2 0 0 0 0 0 0 0 0 0 0 0 0 0 0 0 0 0 0 0 0 0 0 0 0 0 0 0 0 0 0 0 0 0 0 0 0 0 0 0 0 0 0 0 0 0 -2 0 0 0 0
0 0 0 0 0 0 0 0 0 0 0 0 0 0 0 0 0 0 0 0 0 0 0 0 0 0 0 0 -2 0 0 0 0 0 0 0 0 0 0 0 2 0 0 0 0 0 0 0 0 0 0 0 0 0 0 0 0 0 0 0 0 0 0 0 0 0 0 0 0 0 0 0 0 0 0 0 0 0 1 1 0 0 0 -1 0 0 0 0 0 0 1 0 2 0 0 0 -2 0 1 1 1 -1 1 1 0 0 0 0 -1 -1 0 -1 0 1 0 1 0 0 0 0 -1 0 -1 -1 0 1 0 0 0 0 -1 -1 0 2 0 -1 0 0 -1 0 -1 1 1 1 0 0 -2 -1 1 -1 0 0 0 -1 -1 1 -1 -1 0 -1 -1 1 0 1 0 0 -1 -2 0 1 0 2 0 -1 0 0 0 0 1 -1 -1 0 0 -2 -1 0 0 -2 0 0 -1 0 0 1 1 0 0 -1 0 0 1 -1 1 0 1 0 -2 0 1 -1 0 0 0 0 -1 -1 0 0 1 -1 0 -1 0 1 0 0 1 0 1 -1 0 1 1 0 -1 0 0 0 0 0 -1 1 0 1 -1 0 0 1 1 1 0 0 -1 0 1 0 0 -1 1 0 -1 0 0 0 -1 1 1 1 0 1 -1 1 1 0 0 0 0 0 1 0 0 -1 0 2 0 1 -1 1 1 -1 0 0 0 0 1 -1 1 -1 2 1 1 0 -1 1 0 0 1 0 1 0 0 -1 0 -1 0 1 1 0 0 0 -1 1 0 0 0 0 1 0 0 1 1 -1 1 0 0 0 0 0 0 1 0 1 1 0 -1 0 0 -1 0 1 -1 -1 -1 0 0 -1 1 -1 -2 -1 0 0 0 0 0 0 0 0 0 2 0 -2 0 -2 0 0 0 0 2 0 0 0 0 0 0 0 0 0 -2 0 0 0 0 0 0 0 0 0 0 0 0 0 0 0 0 0 0 0 0 0 0 0 0 0 0 0 0 0 0 0 0 0 0 0 0 0 0 0 0 0 0 0 0 0 0 0 0 0 0 0 0 0 0 0 0 0 0 0 0 0 0 0 0 0 0 0 0 0 0 0 0 0 0 0 0 0 0 0 0 0 0 0 0 0 0 0 0 0 0 0 0 0 0 0 0 0 -2 0 0 0 0 0 0 0 0 0 0 0 0 0 0 0 0 0 0 0 0 0 0 0 1 0
1 0 0 0 0 0 0 0 0 0 -2 0 0 0 0 0 0 0 0 2 0 0 0 0 0 0 0 0 0 0 0 0 0 0 0 0 0 0 0 0 0 0 0 0 0 0 0 0 0 0 0 0 0 0 0 0 0 0 0 0 0 0 0 0 0 0 0 0 -1 1 0 -1 0 -2 -1 1 1 0 1 1 1 1 -1 1 1 0 0 -1 1 0 0 0 0 0 0 0 0 0 1 -1 1 0 0 1 1 1 0 0 0 0 0 -1 1 1 -1 0 0 0 0 0 0 -1 1 -1 0 0 -2 1 0 -1 0 1 1 -1 0 0 0 0 0 0 0 -1 0 0 -1 1 -1 0 0 0 0 0 1 0 -1 0 0 -1 2 2 1 -1 1 -1 -1 0 0 -1 0 1 -1 0 1 0 -1 1 0 1 0 0 1 0 -1 1 0 -1 1 0 0 -1 0 -1 0 0 0 -1 0 0 0 -1 0 0 0 0 -1 -1 0 0 0 0 1 1 -1 1 0 1 1 0 -1 1 0 0 0 0 -1 -1 0 0 0 2 0 0 0 -1 -1 0 0 -1 1 0 0 0 -1 -1 0 0 0 -1 1 1 1 -1 0 1 -1 0 -1 0 1 0 -1 0 -1 0 -1 -1 0 0 2 -1 0 -1 0 -1 1 0 1 0 0 0 -1 0 0 1 0 0 1 2 -1 -1 0 0 0 0 1 1 0 0 0 1 0 1 1 0 0 0 0 1 0 0 -2 0 0 -1 1 1 1 2 1 -1 -1 0 -1 1 1 -1 -2 1 1 1 -1 0 1 0 -1 0 1 0 1 -1 0 0 -1 -1 1 0 -1 0 -1 1 0 0 0 0 0 0 0 0 0 0 0 0 0 0 0 0 0 0 0 0 0 0 0 0 0 0 0 0 0 0 0 0 0 0 0 0 0 0 0 0 0 0 0 0 0 0 0 0 0 0 0 0 0 0 0 0 0 0 0 0 0 0 0 0 0 0 0 0 0 0 0 0 0 0 0 0 0 0 0 0 0 0 -2 0 0 2 0 0 0 0 0 0 0 0 0 0 0 0 0 0 0 0 0 0 0 0 0 0 -2 0 0 0 0 0 0 0 0 0 0 0 0 0 0 0 0 0 2 0 0 0 0 0 0 -2 0 0 0 0 0 0 0 0 0 0 0 0 0 0 0 0 0 0 0 0 0 0 0 0 0 0 1 0
0 0 -2 -2 0 0 0 0 0 0 0 0 0 0 0 0 0 0 0 1 0 0 0 0 0 0 0 0 0 0 0 0 0 0 0 0 0 0 0 0 0 -1 0 0 0 2 1 1 0 0 0 0 0 0 0 0 0 0 0 0 0 0 0 0 0 0 0 0 0 0 0 1 0 0 0 1 1 1 1 0 0 -1 0 0 0 0 0 1 1 0 0 0 -1 0 1 0 0 0 0 -1 -1 0 0 -1 0 1 0 1 1 0 0 -1 0 1 -1 0 -1 0 1 0 0 0 -1 -1 0 1 -1 0 0 0 0 0 1 -1 0 -1 -1 -1 0 1 0 0 0 0 -2 1 0 0 0 0 0 0 0 0 0 0 1 -1 0 0 0 0 -1 -1 1 0 0 0 -1 1 -1 0 -1 -1 -1 0 1 -1 -1 0 0 0 1 0 0 1 0 0 0 0 0 0 -1 1 -1 1 0 0 1 -1 -2 0 1 -1 0 -2 0 1 1 0 0 -1 0 0 0 -1 2 0 0 1 0 0 0 2 1 -1 0 0 2 0 -1 0 1 0 1 1 1 0 0 0 0 0 -1 -1 0 0 -1 1 0 0 1 0 1 1 0 0 0 0 0 0 0 0 0 0 0 -1 -1 -1 1 -1 0 0 -1 -1 0 0 0 0 0 0 -1 0 0 0 1 1 0 2 0 -2 0 0 0 0 1 0 -1 0 1 1 0 0 0 0 1 0 0 0 0 0 1 0 1 2 1 -1 1 0 -1 1 -1 0 -1 0 0 -1 -1 1 1 -1 0 0 1 1 0 -1 1 0 0 -1 0 0 0 1 0 0 -1 -1 -2 0 0 0 1 0 0 0 0 1 0 0 1 0 0 0 1 0 0 0 0 0 -1 -1 0 -1 1 -1 0 0 0 0 0 -2 2 0 0 0 0 0 0 0 0 0 0 0 0 0 0 0 0 0 0 0 0 0 0 0 0 0 0 0 0 0 0 0 0 0 0 0 0 0 0 0 0 0 0 0 0 -1 0 0 0 -1 0 1 0 -1 0 0 0 0 0 0 0 0 0 0 0 0 0 0 0 0 0 0 0 0 0 0 0 0 0 0 0 0 0 0 0 -2 0 0 -2 0 -1 0 1 0 1 -1 1 1 0 0 0 0 0 0 0 0 0 0 0 0 0 0 0 0 0 0 0 0 0 0 0 0 0 0 0 0 0 0 1 0
0 0 0 0 0 0 0 0 0 0 0 0 0 0 0 0 0 0 0 0 0 0 0 0 0 0 0 0 0 0 0 -1 0 0 0 0 0 0 0 0 0 0 0 0 0 0 0 0 0 0 0 0 0 0 0 0 0 0 0 0 0 0 0 0 0 0 0 0 0 0 0 0 0 0 0 -2 0 1 0 0 -2 0 0 0 0 -1 1 1 -1 1 1 0 0 0 0 1 1 0 1 0 -1 1 -1 1 -1 0 0 0 -1 -1 -1 0 -1 -1 0 -1 0 0 1 1 0 -1 0 -1 -1 0 1 -2 0 0 1 0 -1 0 1 0 0 0 0 0 -1 1 0 1 -1 0 -1 0 1 -1 0 1 -1 0 0 0 1 1 0 0 0 -1 0 1 1 -1 0 0 -1 0 0 0 0 -1 1 0 0 -1 0 0 0 1 0 0 0 0 0 0 -1 0 0 1 0 1 1 0 0 -1 1 0 -1 1 0 1 0 -1 0 0 -1 1 1 -1 2 0 -1 0 -1 1 -1 -1 0 -1 0 -1 0 -1 0 1 0 0 0 -1 -1 1 0 0 0 0 -1 -2 0 0 1 1 0 0 0 -1 0 0 2 1 0 0 1 -1 1 0 0 1 1 -1 0 0 0 1 0 0 0 1 -1 2 0 -1 -1 1 0 0 -1 0 0 1 1 1 0 -1 -1 1 -1 0 0 0 -1 0 0 1 0 -1 -1 1 0 0 0 0 0 -1 1 1 0 0 -1 1 0 1 0 0 -1 -1 0 0 0 0 1 -1 0 -1 -1 -1 0 -1 -1 1 0 1 -1 0 0 -1 0 -2 -1 0 -1 -1 0 0 0 -1 0 -1 0 0 -1 0 0 0 1 0 0 -1 0 0 0 0 0 0 0 2 0 0 0 0 0 0 0 0 0 2 0 0 0 0 0 2 0 0 0 0 0 0 0 0 0 0 0 0 0 0 -2 0 0 -2 0 0 0 0 0 0 0 0 0 0 0 0 0 0 0 0 0 0 0 0 0 0 0 0 0 0 0 0 0 0 0 0 0 0 0 0 0 -1 0 0 0 0 0 0 0 0 0 0 0 0 0 2 0 0 0 0 0 0 0 0 1 1 -1 1 0 0 0 0 0 0 0 0 0 0 0 0 0 0 0 0 0 0 0 0 0 0 0 0 0 0 0 0 0 0 0 0 0 0 0 0 2 0 0 0 0 0 0 0 -1 0
0 -1 1 -1 0 1 -1 0 0 1 -1 0 0 0 0 -1 0 0 0 0 0 0 1 0 1 0 1 1 0 0 -2 0 0 0 0 0 0 0 -1 0 1 1 -1 0 0 0 -1 0 0 0 -1 -1 -1 -1 1 1 1 0 0 1 -1 0 1 1 1 -1 -1 -2 0 -1 1 1 -1 -1 0 -2 1 0 1 0 -1 0 0 -1 0 0 0 0 0 -1 0 0 1 -2 0 0 0 0 0 0 0 0 0 0 0 0 0 0 0 0 0 2 0 0 0 0 0 0 0 0 0 -2 0 0 0 0 0 0 0 0 0 0 0 0 1 0 0 1 0 0 0 0 0 0 0 -1 1 0 -1 1 -1 0 -1 -1 -1 1 1 0 2 0 0 0 0 0 0 0 0 0 0 0 0 0 0 0 0 -1 0 1 0 0 0 0 -1 0 -1 0 1 -2 1 1 0 0 0 0 -1 0 -1 0 -1 1 0 1 1 0 1 -1 0 1 1 1 0 1 1 1 0 0 -1 0 -1 -1 -1 0 0 -1 1 0 0 0 -1 0 0 1 -1 0 -1 0 0 0 1 1 1 0 1 0 1 1 1 0 0 1 1 -1 -1 -2 0 0 0 0 -2 0 0 0 -1 0 1 1 2 0 0 1 0 0 0 0 -1 0 -1 -1 1 2 -1 0 -1 0 0 1 -1 1 0 0 1 0 -1 1 1 -1 0 -1 -1 2 0 0 0 0 0 0 0 0 -1 -1 -1 -1 0 0 1 0 0 1 0 0 0 -1 0 -1 -1 0 -1 -1 1 0 0 0 0 0 2 0 0 0 0 0 2 0 2 0 0 0 0 0 0 0 0 0 0 0 0 0 0 0 0 0 0 0 0 0 0 0 0 0 0 0 0 0 0 0 0 0 0 0 0 0 0 0 0 0 0 0 0 0 0 0 0 0 0 0 0 0 0 0 0 2 0 0 0 0 0 0 0 0 0 0 0 0 0 0 0 -2 0 0 0 0 0 0 0 0 0 0 2 0 0 0 2 0 0 0 0 0 0 0 0 0 0 0 0 0 0 0 0 0 0 0 0 0 0 0 0 0 0 0 0 0 0 0 0 0 0 0 0 0 0 0 0 0 0 0 0 0 0 0 0 0 0 0 0 0 0 0 0 0 0 0 0 0 0 0 0 0 0 0 0 0 0 0 0 0 0 0 0 0 0 0 1 -1
0 1 0 -1 1 0 0 0 0 -1 0 0 1 0 -1 2 0 0 1 1 0 1 1 1 0 0 1 -1 1 0 0 0 0 0 -1 -1 1 1 0 0 0 0 0 -1 1 1 0 -1 0 0 0 -1 0 0 0 1 -1 -1 0 0 -1 1 0 0 1 0 1 1 0 0 -1 -1 1 -1 -2 0 0 0 -1 0 -1 0 1 1 1 1 1 0 0 -1 0 0 1 -1 0 0 0 2 0 0 0 -2 0 0 0 0 0 0 0 0 0 0 0 0 0 0 0 1 1 0 0 0 0 0 0 0 -1 0 0 1 0 0 -1 0 1 1 -1 0 0 0 0 0 0 1 1 0 0 0 0 0 -1 0 0 0 -1 -1 0 0 2 -1 0 0 1 -1 2 0 1 1 1 0 0 0 0 1 1 0 0 -1 0 0 0 -1 -1 1 0 -1 1 1 0 -1 0 0 0 -2 0 0 1 1 0 -1 0 0 -1 0 0 -1 -1 0 1 0 1 0 -1 0 0 -1 0 0 1 -1 0 0 0 -1 0 1 0 -1 0 1 0 0 0 -1 0 0 1 -1 -1 0 0 -2 -1 -1 0 -1 1 0 0 -1 1 0 0 0 0 0 0 0 2 0 0 -1 1 0 0 -1 0 0 0 0 1 1 0 1 0 0 0 0 -1 0 0 1 0 0 0 0 0 1 0 -1 0 0 1 -1 -1 -1 0 0 0 1 0 1 1 1 0 0 0 1 0 -1 -2 0 0 0 0 -1 1 0 0 1 0 1 1 0 1 0 -1 2 0 0 0 1 -2 -1 1 -1 -1 0 0 0 0 0 0 0 0 -1 0 -1 0 0 0 0 0 0 0 0 0 0 0 0 0 0 0 0 0 0 0 0 0 0 0 0 0 0 0 0 0 0 0 0 0 0 0 0 0 0 0 0 0 0 0 0 2 0 0 0 0 0 0 0 0 0 0 0 0 0 0 0 0 0 0 0 0 0 0 0 0 0 0 0 0 0 -2 0 0 0 0 -2 0 0 0 0 0 0 0 0 0 0 0 0 0 0 0 0 0 0 0 0 0 0 -2 0 0 0 0 0 0 0 0 0 0 0 0 0 0 0 0 0 0 0 0 0 0 0 0 0 0 0 0 0 0 0 0 0 0 0 0 0 0 0 0 0 0 0 0 0 2 0 0 0 0 0 0 0 0 0 0 0 0 0 1 1
1 0 0 0 0 0 0 0 0 0 0 0 0 0 0 0 0 0 0 0 0 0 0 0 0 0 0 0 0 0 0 0 0 0 0 0 0 0 0 0 0 0 0 0 0 0 0 0 0 0 0 0 0 0 -2 0 0 0 0 -2 0 0 0 0 0 0 0 0 0 0 0 0 0 0 -2 0 0 0 0 0 -1 0 0 -1 -1 -1 0 0 0 1 0 0 0 0 -1 -1 0 -1 -1 0 -1 0 -1 0 1 0 0 -1 0 -1 1 1 -1 -1 0 0 0 0 0 1 -1 0 -1 -2 -1 -1 0 0 0 0 0 0 -1 -2 -1 1 0 0 1 1 2 1 0 0 -2 0 1 1 0 -1 2 -2 -1 0 0 1 -1 0 -1 -1 1 1 0 0 -2 0 1 -1 0 1 0 0 0 0 1 -1 0 0 1 1 1 1 1 -1 -1 0 -1 0 1 0 -2 0 -1 0 1 -1 1 -1 -1 -2 0 1 -1 1 0 1 0 0 0 1 0 0 -1 0 0 0 0 0 1 0 1 1 0 1 -1 0 0 -1 1 1 1 0 -1 0 -1 1 0 0 0 0 1 0 -1 -1 1 1 0 0 1 -1 -1 0 -1 0 -1 0 -1 0 1 0 0 -1 0 0 0 0 0 0 1 1 0 0 1 0 0 0 0 0 0 1 0 1 0 1 0 1 1 -2 0 0 1 0 1 0 0 0 -1 0 0 -1 1 1 -1 -1 0 1 0 0 -1 1 0 1 1 -1 1 0 0 0 1 0 1 0 1 1 1 1 0 -1 0 1 1 0 1 1 0 0 1 0 0 0 1 0 0 0 0 -1 2 0 1 0 0 -1 0 1 0 -1 1 -1 0 0 0 0 0 0 0 0 0 0 0 0 0 0 0 0 0 0 0 0 0 2 0 0 0 0 0 0 0 0 -2 0 0 0 0 0 0 0 0 0 0 0 0 0 0 0 0 0 0 0 0 0 0 0 0 0 0 0 0 0 0 0 0 0 0 0 0 0 0 0 0 0 0 0 0 0 0 0 0 0 0 0 0 0 0 0 0 0 0 0 0 0 0 0 0 -2 0 0 0 0 0 0 0 0 0 0 0 0 0 0 0 0 0 0 0 0 0 0 0 0 0 0 0 0 0 0 0 0 0 0 0 0 0 0 0 0 0 0 0 0 0 0 0 0 0 2 0 0 0 0 0 0 0 0
0 -1 0 0 0 0 0 1 0 0 0 0 0 -1 1 0 -1 -1 -1 0 0 1 0 -1 0 0 1 0 0 0 1 0 1 0 0 1 0 0 0 1 -1 1 0 0 1 0 0 0 -1 1 0 -1 -1 1 1 1 0 -1 0 0 0 1 -1 -1 0 -1 0 -1 1 1 0 1 -1 0 0 1 0 0 0 -1 0 -1 -1 0 0 -1 -1 0 0 1 1 1 0 -1 0 0 0 0 0 0 0 0 1 0 0 0 0 0 0 0 0 0 0 0 0 0 0 0 0 1 1 -1 1 1 0 1 -1 0 0 0 0 0 -1 0 1 -1 0 0 0 -1 0 1 0 -1 0 0 2 1 0 0 0 -1 -1 0 1 -1 0 0 1 0 -1 0 -1 2 0 1 1 0 -1 0 0 0 1 1 1 1 -1 -1 0 1 0 1 0 0 0 -1 0 1 0 -1 -2 1 1 1 0 0 -1 0 0 0 1 0 1 1 0 0 1 1 0 0 1 1 1 1 0 1 0 -1 1 0 -1 0 -1 0 1 0 0 0 0 0 0 1 0 0 1 2 0 0 0 0 0 -1 -1 -1 -1 0 1 0 0 0 0 -1 0 0 -1 0 0 0 0 0 -1 -1 0 0 -1 -1 0 0 0 0 0 1 0 0 -1 -1 0 0 0 1 0 0 0 0 0 1 1 0 1 -1 0 1 0 -1 1 -1 0 0 -1 1 1 0 0 0 1 0 -1 1 -1 1 1 1 1 0 2 -1 0 1 0 1 1 -1 0 0 -1 0 0 0 0 -1 0 0 0 0 -1 0 0 0 0 -2 0 0 0 0 0 0 0 0 0 0 0 0 2 0 0 0 0 0 0 0 0 0 0 0 0 0 0 0 0 0 0 0 0 0 0 0 0 0 0 0 0 0 0 0 0 0 0 0 0 0 0 0 0 0 0 0 0 0 0 0 0 0 0 0 0 0 0 0 0 0 0 0 0 0 0 0 0 0 0 0 0 0 0 0 0 0 0 0 0 0 0 0 0 0 0 0 0 0 0 0 0 0 0 0 0 0 0 0 0 0 0 0 0 0 0 0 0 0 2 0 0 0 2 0 0 2 0 0 0 0 0 0 0 0 0 0 0 0 0 2 0 0 0 0 -2 0 0 0 0 0 0 0 0 0 0 0 0 0 0 0 0 0 0 2 0 0 0 0 0 0 0 -1
0 0 0 0 0 0 0 0 0 0 0 0 0 0 0 0 0 0 0 0 0 0 0 0 0 0 0 0 0 0 0 0 0 0 0 0 0 0 0 0 0 0 0 0 0 -2 0 0 0 0 2 0 0 0 0 0 0 0 0 0 0 0 0 0 0 0 0 0 0 0 0 0 0 0 0 0 0 0 0 0 0 -1 -1 -1 1 0 -1 0 0 0 0 0 0 0 0 0 -1 1 0 -1 -1 -1 0 0 -1 0 1 -1 1 0 1 0 -1 0 0 0 0 -1 0 0 1 0 0 -1 0 0 1 0 0 0 2 -1 0 -1 -1 0 1 0 0 0 0 -2 0 0 0 0 -1 -1 -1 0 0 0 -2 0 0 0 0 1 1 0 1 0 1 -1 0 -1 -1 1 -1 1 -1 1 0 0 0 0 1 0 0 0 -1 -1 1 -1 0 0 0 1 -1 1 -1 1 0 0 -1 0 0 1 0 1 0 0 0 -1 1 1 0 0 0 1 -1 0 0 1 0 0 -1 1 0 1 -1 1 0 0 0 0 1 2 -1 0 1 0 1 0 0 1 -2 -1 -1 0 -2 0 0 -1 0 0 0 2 -2 -1 1 1 -1 -1 0 0 -1 -2 -1 -1 0 -1 0 0 1 0 1 -1 0 1 1 1 0 0 -1 2 0 0 1 0 -1 -1 0 -1 -1 0 2 -1 0 0 -2 0 0 1 0 0 1 -1 1 -1 0 0 -1 1 1 -1 0 1 -2 0 1 0 1 1 1 1 0 0 1 1 0 1 -1 -1 1 -1 0 -1 1 0 -1 0 0 0 -1 0 1 1 0 0 1 0 0 0 1 -1 -1 -1 0 0 1 0 0 1 0 0 1 1 0 -1 1 0 0 0 0 0 0 0 0 0 0 0 0 0 0 0 0 0 0 0 0 0 0 0 0 0 0 0 2 0 0 0 0 0 0 0 0 0 0 0 0 0 0 0 0 0 0 0 0 0 0 0 0 0 0 0 0 0 0 0 0 0 0 -2 0 0 0 0 0 0 0 0 0 0 0 0 0 0 0 1 0 0 0 0 0 0 0 0 0 0 0 0 0 0 0 0 0 0 0 0 0 0 0 0 0 0 0 0 0 0 0 0 0 0 0 0 0 0 0 0 0 0 0 0 0 0 0 0 0 0 0 0 0 0 0 0 0 0 0 0 0 0 2 0 0 0 0 0 0 0 0 1
0 0 0 0 0 0 0 2 0 0 0 0 0 0 0 0 0 0 0 0 0 0 0 0 0 0 0 0 0 0 0 0 0 0 -2 0 0 0 0 0 0 0 0 0 0 0 0 0 0 0 0 0 -2 0 1 0 0 0 2 0 0 0 0 0 0 0 2 0 0 0 0 0 0 0 0 0 0 0 -2 0 0 0 0 0 -1 0 1 -1 1 -1 1 0 1 1 0 1 -1 0 -1 0 0 0 0 0 1 0 1 0 0 0 0 0 0 0 1 0 0 0 -1 -1 -1 -1 0 0 1 0 0 0 0 0 0 -1 0 -1 1 -1 0 -1 -1 0 0 -1 0 0 -1 1 1 1 1 0 1 0 -1 0 1 0 1 -1 0 -1 -1 1 0 -1 0 0 0 0 0 1 1 0 0 1 -1 1 0 0 0 0 -2 0 0 0 1 -1 0 1 0 0 0 -1 0 0 -1 0 0 0 -1 1 -1 0 1 2 0 -1 0 0 0 -1 1 0 -1 1 0 1 1 -1 1 0 0 -1 -1 0 0 1 1 -1 0 0 -1 0 0 -1 1 0 0 0 -1 -1 0 1 -1 0 -1 0 1 1 0 0 0 0 -1 2 0 0 0 1 -1 1 0 0 1 1 0 -1 1 -1 -1 1 1 0 0 -1 1 1 1 1 0 0 0 -1 0 1 0 1 0 0 -2 0 0 0 0 -1 0 0 0 0 0 0 0 1 0 1 0 1 2 1 1 0 0 -1 0 -1 0 2 1 0 -1 0 1 0 0 1 0 1 -2 0 1 -1 0 0 -1 -1 0 -1 1 -1 -1 -1 -2 1 -1 0 1 0 0 0 0 0 -1 -1 0 0 -1 -1 -1 0 0 0 0 1 1 0 1 0 -2 0 0 0 0 0 0 0 0 0 0 0 0 0 0 0 0 0 0 0 0 0 0 0 0 0 0 0 0 0 0 0 0 0 0 0 0 0 0 0 0 0 0 0 0 0 2 0 0 0 0 0 0 0 0 0 0 0 0 0 0 0 0 0 0 0 0 0 0 0 0 0 0 0 0 0 0 0 0 0 0 0 0 0 0 2 0 0 0 0 0 0 0 0 0 0 0 1 0 0 0 0 0 0 0 0 0 0 0 0 0 0 0 0 0 0 0 0 0 0 0 0 0 -2 0 0 0 0 0 0 0 0 0 0 0 0 0 0 0 0 0 0 0 0 0 1
0 1 0 1 0 1 1 0 0 2 1 0 -1 -2 1 1 0 0 -1 0 -2 1 1 -1 0 0 1 0 1 1 1 1 0 1 -1 0 0 -1 -1 0 0 -1 2 0 0 0 0 0 -1 0 0 0 0 0 1 1 -2 0 0 -1 0 0 0 0 0 0 0 1 1 0 0 0 0 0 -1 0 0 1 0 -1 0 1 -1 0 0 -1 -1 -1 -1 -1 1 -1 0 0 1 0 0 0 0 0 0 0 0 0 0 0 0 0 0 -1 0 0 0 0 0 0 0 0 0 0 0 0 0 0 2 0 0 0 0 0 0 0 0 0 0 1 0 0 1 0 0 0 1 0 0 1 -1 -1 0 -1 0 -1 0 -1 0 0 1 1 1 -1 -1 1 0 -1 1 0 0 0 -1 0 1 -1 0 0 0 0 1 0 1 0 1 1 0 1 0 1 -1 -1 0 1 0 -1 -1 0 1 1 -1 1 -1 -1 0 -1 2 2 1 0 0 1 -1 0 0 0 0 0 0 1 1 0 0 0 0 -1 0 0 0 0 -1 1 0 1 2 0 0 -2 0 1 0 -1 0 1 1 1 1 -1 1 0 0 0 1 0 0 0 0 1 1 2 1 1 0 -1 1 -2 1 0 -1 -2 0 0 0 0 1 -1 1 0 -1 0 1 0 -2 0 1 0 0 0 0 1 0 1 0 0 0 0 -1 0 1 -1 0 -2 -1 0 0 2 -1 0 -1 0 1 0 0 0 -1 1 0 0 0 0 1 1 0 0 0 -1 0 0 0 1 0 0 1 0 0 0 0 0 -1 -1 0 0 0 0 -1 0 -1 0 0 0 0 -2 0 0 0 0 0 0 -2 0 0 0 0 0 0 -2 0 0 0 0 0 0 0 0 0 0 0 0 0 0 0 0 0 0 0 0 0 0 0 0 0 0 0 0 0 0 0 0 0 0 0 0 0 0 0 0 0 0 0 0 0 0 0 0 0 0 0 0 0 0 0 0 0 0 0 0 0 0 0 0 0 0 0 0 0 0 0 0 0 0 0 0 0 0 0 0 0 0 0 0 0 0 0 0 0 0 0 0 0 0 0 0 0 0 0 0 0 0 0 0 0 0 0 0 0 0 0 0 0 0 0 0 0 0 0 0 0 0 0 0 0 0 0 0 0 0 0 0 0 0 0 0 0 0 0 0 0 0 0 0 0 0 0 0 0 0
0 0 0 0 0 0 0 0 0 0 0 0 0 0 0 0 0 0 0 0 0 0 1 1 0 -1 1 0 0 0 0 0 0 0 0 0 0 0 0 0 0 0 0 0 0 0 0 0 0 0 0 0 0 0 0 0 0 0 0 2 0 0 0 0 0 0 0 0 0 1 -1 0 -1 1 1 -1 -1 1 -2 1 -1 0 0 -1 0 1 1 0 1 -1 -1 -1 0 1 -1 -1 1 -1 0 0 1 0 0 0 0 0 -1 -1 0 0 1 -1 0 1 0 -1 1 0 0 -1 0 0 -1 0 0 1 0 -1 1 -1 1 -1 0 0 -1 0 0 0 0 -1 0 1 -1 1 0 0 0 0 1 1 1 0 0 0 0 0 0 0 0 0 0 0 0 0 0 0 1 0 0 0 0 0 0 0 0 0 0 0 1 0 0 0 0 0 0 0 0 0 0 0 0 0 0 0 0 0 2 0 2 0 0 1 -1 0 0 0 0 1 0 -1 0 0 0 -1 0 -1 0 -1 1 -1 1 0 0 1 0 0 -1 0 0 0 0 0 0 0 1 -1 0 1 0 1 -1 -2 1 1 -1 0 0 0 0 0 0 1 0 0 -1 0 0 0 0 -1 0 0 1 -1 0 -1 0 0 1 1 -1 1 -1 -1 1 -1 0 1 1 0 0 1 0 1 0 1 0 0 1 0 0 0 -1 -1 -1 -1 1 0 0 -1 0 -1 -1 -1 2 0 0 0 1 -1 1 -1 -1 0 -1 0 -1 1 1 0 0 1 1 -1 2 -1 -1 1 0 -1 0 -1 0 -1 0 1 0 0 -2 0 0 0 0 0 1 1 1 0 0 0 -1 0 -1 0 -1 0 0 0 0 0 0 -1 0 1 -1 -1 1 1 1 0 -1 0 0 0 0 -2 0 0 0 0 0 -2 0 2 0 0 0 0 0 0 0 0 0 0 0 0 0 0 0 0 0 0 0 0 0 0 0 0 0 0 0 0 0 0 0 0 0 0 0 0 0 0 0 0 0 0 0 0 0 0 0 0 0 0 0 0 0 0 0 0 0 0 0 0 0 0 0 0 0 0 0 0 0 0 0 0 0 0 0 0 -1 -1 0 0 0 1 -1 -1 0 1 -1 0 0 -1 0 0 0 0 0 2 0 0 0 0 0 0 0 0 0 0 0 0 0 0 0 0 0 0 0 0 0 0 0 0 0 0 -2 0 0 2 0 0
0 0 0 0 0 0 0 0 0 0 0 0 0 0 0 0 0 0 0 0 0 0 0 0 0 0 0 0 0 0 0 0 0 0 0 0 0 0 0 0 0 0 0 0 0 0 0 0 0 0 0 0 0 0 0 0 0 0 0 0 0 0 0 0 0 0 0 1 0 0 0 0 -1 1 0 0 1 0 0 0 1 -1 0 1 -1 0 1 1 0 0 -1 0 0 2 -1 0 0 -1 0 0 0 1 0 -1 0 1 0 0 -1 0 0 0 1 0 0 0 -1 0 1 0 0 0 1 1 0 1 0 0 -1 1 0 -1 0 -1 0 -2 0 0 0 0 -1 0 0 0 0 0 0 0 0 0 -1 -1 0 1 0 1 0 1 0 0 0 0 0 0 0 0 1 0 -1 -1 0 1 1 0 0 0 -1 0 1 0 -1 -1 0 1 -1 -1 1 1 1 0 -1 0 0 0 0 1 -1 0 0 -1 1 -1 0 0 1 0 -2 0 0 0 1 1 0 1 1 0 1 1 0 0 -1 -1 0 -1 1 -1 0 -1 0 0 0 -1 0 -1 0 0 1 1 1 1 1 1 0 1 0 1 -1 1 1 -1 -1 1 1 0 1 -1 1 1 0 1 0 0 -1 -1 1 0 -1 0 -1 0 0 1 0 0 -1 0 0 1 1 -1 1 0 0 0 -1 -1 0 0 1 -1 1 2 0 0 -1 0 -1 -1 0 1 0 -1 0 0 2 1 0 0 0 -1 1 0 0 0 0 2 1 0 -1 0 0 0 0 0 1 -1 1 0 -1 0 -1 0 -1 1 0 -1 0 -1 0 -1 1 0 1 0 1 0 0 1 1 -1 0 0 0 1 1 -1 1 0 1 -1 1 0 0 0 0 0 0 0 0 0 0 0 0 0 0 0 0 0 0 0 0 0 0 -2 0 0 0 0 0 0 0 0 0 0 0 0 0 0 0 0 0 0 0 0 0 0 0 0 0 2 0 0 0 0 0 0 2 0 0 0 0 0 0 0 0 0 0 0 0 0 -2 0 0 0 0 -2 2 0 0 0 0 0 0 0 1 0 0 0 0 -2 0 0 0 0 0 0 0 0 0 0 0 0 0 0 0 0 2 0 0 0 0 0 0 -2 0 0 0 0 0 0 0 0 0 0 0 0 0 0 0 0 0 0 0 0 0 0 0 0 0 0 0 0 0 0 0 0 0 0 0 0 -1 0
2 0 1 0 0 1 0 0 1 0 -1 -1 0 0 -1 1 0 -1 0 0 0 1 1 0 0 0 0 0 1 1 0 1 1 -1 -1 0 -1 0 0 0 0 0 1 -1 0 -1 0 0 0 0 1 0 0 0 -1 1 -1 0 1 0 -2 2 0 1 -2 1 1 1 1 0 0 -1 -1 -1 0 0 -1 0 1 1 -2 0 -2 1 1 -1 0 0 -1 0 0 0 0 0 0 0 0 0 0 0 0 0 0 0 0 0 2 0 0 0 0 0 0 0 0 0 0 0 0 0 0 0 0 0 0 0 0 0 0 0 2 0 0 0 0 -2 0 0 0 0 0 0 0 0 0 1 0 1 -2 0 0 0 0 -1 0 -1 0 0 -1 -1 -1 0 1 0 0 1 0 0 2 0 -1 -1 0 0 -1 0 0 1 1 0 1 0 -1 0 1 -1 0 0 -1 0 -1 -1 0 0 2 -1 0 1 0 0 1 0 0 1 1 -1 0 0 1 0 0 0 0 1 -1 1 0 -1 0 -1 -1 -1 1 0 0 -1 1 0 1 -1 -2 0 0 0 -1 0 1 1 0 0 1 0 1 0 0 0 0 -1 1 1 -1 -1 0 0 -1 0 1 0 0 -1 -1 -2 1 -1 0 -1 0 0 0 -1 0 1 0 -1 1 2 0 1 0 0 0 0 0 1 -1 1 1 1 0 0 -1 -1 -1 -1 1 0 1 0 1 -1 -1 0 -1 0 0 0 0 1 0 1 0 0 -1 -1 1 1 0 -1 -1 -1 -1 0 -1 0 0 0 0 -1 -1 -1 -1 1 1 -1 0 0 0 -1 0 0 0 0 0 0 0 0 0 0 0 0 0 0 0 0 0 0 0 0 0 0 0 0 0 0 0 0 0 0 0 0 0 0 0 0 0 0 0 0 0 0 0 0 0 0 0 0 0 0 0 0 0 0 0 0 0 0 0 0 0 0 0 0 0 0 0 0 0 0 0 0 0 0 0 0 0 0 0 0 0 0 0 0 0 0 0 0 0 0 0 0 0 0 0 0 0 0 0 0 0 0 0 0 0 0 0 0 0 0 0 0 -2 0 0 0 0 0 0 0 0 0 0 0 0 0 0 0 0 0 0 0 0 0 0 0 -2 0 0 0 0 0 0 0 0 0 0 0 0 0 0 0 0 0 0 0 0 0 0 0 0 0 0 0 0 0 0 0 0 0 0 0 0 0
0 1 -1 1 -1 0 -1 1 0 1 0 0 1 0 0 1 0 0 0 1 1 1 0 0 1 1 -1 -1 1 0 -1 1 0 1 -1 -1 0 1 1 -1 -1 2 -1 0 0 -1 1 1 0 0 1 0 0 0 -1 0 1 0 0 1 -1 0 0 -1 0 0 -1 1 -1 0 2 1 0 0 0 0 0 0 1 1 0 0 0 1 0 2 0 0 0 0 0 2 0 0 0 0 0 0 0 0 0 2 0 0 0 0 0 0 0 0 0 0 0 0 0 0 0 0 0 0 0 0 0 0 0 0 0 -1 0 0 0 0 1 1 0 -1 2 -1 0 0 1 -1 1 0 -1 2 -2 0 0 0 1 0 0 0 0 0 0 0 -1 0 0 0 -1 1 0 -1 0 -1 0 0 0 1 -1 0 1 -1 -2 1 1 -1 0 -1 -1 1 -1 0 0 0 0 1 -1 -1 0 -1 0 0 1 -1 0 0 0 0 0 0 0 0 -1 0 0 1 0 0 1 0 1 0 0 2 1 -1 0 0 1 1 0 1 0 0 0 -1 0 -1 1 -1 -1 -1 0 0 1 0 0 0 1 0 1 0 -1 1 0 1 0 1 0 0 -1 -1 0 0 1 0 -1 0 -1 0 -1 1 0 1 0 -1 -1 0 -1 0 2 -1 1 1 -1 0 1 1 0 0 -1 0 1 0 -1 1 1 0 0 0 -1 -1 2 -1 1 -1 0 -1 0 1 1 0 1 1 0 0 1 0 -2 -1 0 0 0 -1 0 1 0 0 1 1 0 0 0 0 0 0 0 0 0 0 0 0 0 0 0 0 0 0 0 0 0 0 0 0 0 0 0 0 0 0 0 0 0 0 0 0 0 -2 0 0 0 0 0 0 0 0 0 0 0 0 0 0 0 0 0 0 0 0 0 0 0 0 0 0 0 0 0 0 0 0 0 0 -2 0 0 0 0 0 0 0 0 0 0 -2 0 0 0 0 0 0 0 0 0 0 0 0 0 0 0 0 0 0 0 0 0 0 0 0 0 0 0 0 0 0 0 0 0 0 0 0 0 0 0 0 0 0 0 0 0 0 0 0 0 0 0 0 0 0 0 0 0 0 0 0 0 0 0 0 0 0 0 0 0 0 0 0 0 0 0 0 0 0 0 0 0 0 0 0 0 0 0 0 0 0 0 0 0 0 0 -2 0 0 0 0 0 0 1 0
1 0 0 0 0 0 0 0 0 0 0 0 0 0 0 0 0 0 0 0 0 0 0 0 0 0 0 0 0 0 0 0 0 0 0 0 0 0 0 0 -1 0 0 0 0 0 0 0 0 0 0 0 0 0 0 0 0 0 0 0 0 0 0 0 0 0 0 0 0 0 0 1 0 -1 1 1 1 0 0 -1 1 0 1 0 1 0 0 0 1 1 0 0 -1 0 0 -1 0 0 -1 0 0 0 -1 0 1 0 1 0 0 -1 1 1 0 -1 0 -1 -1 -1 1 -1 0 0 -1 2 0 -2 -1 0 0 -2 1 0 0 0 1 -1 0 -1 1 0 0 1 0 0 0 0 0 1 0 2 0 -1 0 1 0 0 0 0 0 0 0 1 1 0 0 0 1 1 -1 0 0 -1 0 1 1 0 0 1 0 1 0 0 -2 0 -1 0 1 0 -1 0 1 1 1 0 1 -1 -1 0 0 1 0 0 1 -1 0 1 0 0 0 -1 0 1 0 0 1 0 0 1 0 -1 -1 -1 0 -1 -1 -1 0 0 0 0 -1 0 0 -1 1 -1 -1 -2 0 -1 0 -1 1 1 0 -1 -1 -1 0 0 1 1 1 0 -1 0 0 0 0 -1 0 0 -1 0 -1 0 -1 0 -1 -1 0 0 -1 -1 0 -1 0 1 0 -1 -1 0 1 -1 -1 -1 0 0 0 0 0 1 0 1 -1 1 0 1 -1 0 -1 0 -1 1 -2 1 0 0 1 0 -1 0 1 -1 1 1 0 1 -1 0 -1 1 0 -1 0 0 0 -1 -1 0 0 0 0 1 0 -1 1 -1 0 -1 1 0 0 1 0 0 0 1 -2 0 0 1 0 0 0 1 -1 0 0 0 0 0 -2 0 0 0 2 0 0 0 0 0 0 0 0 0 0 0 0 0 0 0 0 0 0 0 0 0 0 0 0 0 0 0 0 0 0 0 0 0 0 0 0 0 0 0 0 0 0 0 0 0 0 0 0 0 0 0 0 0 0 0 0 0 0 -2 0 0 0 0 0 0 0 0 0 0 1 -1 0 0 0 0 0 0 1 0 0 0 0 0 0 0 0 0 0 0 0 0 0 0 0 0 0 0 -2 0 0 0 0 0 0 0 0 2 0 0 0 0 0 0 0 0 0 0 0 0 0 0 0 0 0 0 0 0 0 0 0 0 0 0 0 0 2 0 0 0 0 0 0 0 1 0
1 0 0 0 0 0 0 0 0 0 0 0 0 0 0 0 0 0 0 0 0 0 0 0 0 0 0 0 0 0 0 0 0 0 0 0 0 1 0 -2 0 0 0 0 0 0 0 0 0 0 0 0 0 0 0 0 0 0 0 0 0 0 0 0 0 0 0 0 0 0 0 0 0 -1 1 0 1 -1 1 0 0 0 -1 0 -1 1 1 -1 1 2 0 1 0 0 -2 -1 1 -1 -1 0 0 1 2 -1 1 0 0 0 -1 -1 1 0 0 0 -1 0 0 0 -1 1 0 1 -1 0 1 0 1 0 -1 0 -1 0 1 0 0 -1 0 0 1 -1 -1 0 -1 -1 0 0 1 -1 1 0 0 -1 1 1 0 0 0 1 -2 0 -1 1 -1 -1 -1 1 1 -1 0 2 1 -1 0 0 0 0 0 0 1 0 0 1 0 1 -1 1 1 -1 0 -1 -1 -1 0 0 1 0 2 -1 0 1 1 0 0 1 0 -1 0 -1 0 -1 0 0 -1 0 -1 -1 1 0 0 1 0 -1 1 0 0 1 1 0 0 0 0 0 -1 1 0 0 0 -1 1 -2 1 0 0 -1 -1 -1 0 -1 0 0 0 1 0 1 -1 0 -1 1 1 0 0 -1 1 0 1 0 0 1 0 0 -1 0 2 0 0 -1 -1 -1 0 0 0 -1 1 0 -1 0 0 0 0 0 0 1 1 0 0 0 -1 0 0 0 0 -1 0 0 1 1 0 0 -1 1 0 0 0 0 -1 0 0 1 0 0 1 1 0 0 0 1 -2 0 0 0 -1 -1 0 -1 0 0 0 -1 0 1 1 0 0 -2 0 1 0 0 -1 0 -1 -1 1 0 0 -1 0 0 0 -1 0 0 0 0 0 0 0 0 0 0 0 0 0 0 0 0 0 0 0 0 0 0 0 0 0 0 -2 0 0 0 0 0 0 0 0 0 0 0 0 0 0 0 0 0 0 0 0 0 0 -2 0 0 0 0 0 0 0 0 0 0 0 0 0 0 0 0 0 0 0 0 0 0 -1 0 0 0 0 0 0 -2 0 0 0 0 0 0 0 0 0 0 0 0 0 0 0 0 -2 0 0 0 0 0 0 0 0 0 0 0 -1 0 0 0 0 0 0 0 0 0 0 0 0 0 0 0 0 0 0 0 0 0 0 0 0 0 0 0 0 0 0 0 0 0 0 0 2 0 0 0 0 0 0 0
0 0 0 0 0 0 0 0 0 0 0 -1 0 0 0 0 0 0 0 0 0 0 0 0 0 0 0 -2 0 0 0 -1 0 0 0 0 0 0 0 0 0 0 0 0 0 0 0 0 0 0 0 0 0 0 0 0 0 0 0 0 0 0 0 0 0 0 0 0 -1 0 0 0 0 1 0 1 0 0 2 0 0 1 1 2 -1 0 1 -1 1 0 1 -1 1 0 0 -1 -1 0 0 1 1 1 0 0 0 -1 0 1 1 0 -1 -1 1 0 0 0 -1 2 0 1 0 0 0 1 0 -1 1 0 -1 0 -1 0 0 1 0 -1 -1 0 -1 1 1 0 -1 -1 -2 0 1 -1 1 0 0 0 -1 0 0 0 0 0 -1 0 0 0 0 1 0 -1 0 1 0 1 -1 0 0 0 0 1 0 1 -1 0 0 -1 -1 0 0 1 0 0 1 0 0 -1 1 1 -1 0 1 -1 -1 0 1 0 -1 0 1 0 -1 0 0 0 0 0 0 0 0 2 0 1 -1 0 0 0 1 1 0 0 -1 0 2 0 0 0 0 1 0 -1 0 0 0 0 0 0 0 -1 0 1 -1 0 0 0 0 -1 1 1 1 0 1 0 1 1 0 -1 0 1 0 0 -1 -1 0 0 0 0 -1 0 0 1 1 0 0 0 1 0 0 0 -1 1 0 -1 1 1 0 1 1 0 0 1 0 -1 0 0 0 0 0 -1 1 0 -1 0 1 -1 0 1 1 1 0 0 -1 0 0 0 -1 -1 -1 1 1 0 1 1 1 1 1 0 0 0 1 0 -1 0 1 0 1 1 1 0 0 0 0 1 2 -1 -1 -1 1 0 -1 -2 1 0 0 0 -1 0 1 0 0 0 0 0 0 0 0 0 0 0 0 0 0 0 0 0 0 0 0 0 0 0 0 -2 0 0 0 0 0 0 0 0 0 0 0 0 0 0 0 0 0 0 0 0 0 0 0 0 0 0 0 0 0 0 0 0 0 0 0 0 0 0 0 0 0 0 -2 0 0 0 0 0 0 0 -1 0 0 0 0 0 0 0 0 0 0 0 0 2 0 0 0 0 0 0 0 0 0 0 0 0 0 0 0 0 0 0 0 0 0 0 2 0 0 0 0 0 0 0 0 0 0 -2 0 0 -1 0 0 0 0 2 0 0 0 0 0 0 0 0 -2 0 0 0 0 0 0 0 0 0
0 0 0 0 2 -1 0 0 1 0 -1 0 1 0 1 0 0 1 1 0 0 -1 2 0 -1 0 0 0 1 1 0 -1 -1 1 -1 0 1 0 0 -1 0 -1 0 0 -1 1 1 0 1 0 1 0 -1 -1 0 0 0 0 2 0 0 0 1 0 0 0 0 0 0 1 1 0 0 1 0 0 0 0 -1 0 -1 0 1 1 0 1 0 -1 2 1 0 2 -1 1 0 -1 -1 0 0 0 1 0 0 0 0 0 0 0 0 0 0 0 0 0 0 0 0 0 0 0 0 0 0 0 0 0 0 0 0 0 0 0 0 0 0 0 0 0 0 2 0 0 0 0 0 0 0 0 0 0 -1 0 -1 1 0 0 0 0 0 -1 -2 1 -1 -1 0 0 1 -1 0 0 0 0 -1 1 -1 1 1 1 0 0 0 -1 1 0 0 0 1 1 1 -2 0 0 0 -2 0 0 0 1 0 -1 0 0 0 0 -1 -1 0 1 1 1 0 0 0 1 0 1 0 1 0 0 -1 -1 -1 1 0 -1 0 0 1 2 0 -1 0 0 -1 -1 0 1 0 -1 0 0 1 0 0 0 -1 -1 1 -1 -2 -1 -2 1 0 0 -1 0 0 0 -1 -1 -1 0 0 0 1 0 0 -1 1 1 1 0 0 2 0 0 0 0 0 -1 0 0 -1 0 1 0 2 0 -1 0 -1 0 0 1 -1 -1 1 1 0 -1 1 0 -1 1 1 0 -1 -1 1 1 1 0 -1 1 -1 0 0 1 0 0 0 0 0 0 0 -1 0 1 -1 0 0 0 0 0 -1 0 0 -1 0 0 0 0 0 -2 0 0 0 0 0 0 0 0 0 0 0 0 0 0 0 0 0 0 0 0 0 0 0 0 0 0 0 0 0 0 0 0 0 0 0 0 0 0 0 0 0 0 0 0 2 0 0 0 0 0 0 0 0 0 0 0 0 -2 0 0 0 0 -2 0 0 0 0 0 0 0 0 0 0 0 0 0 0 0 0 0 0 0 0 0 0 0 0 0 0 0 0 0 0 0 0 0 0 0 0 0 0 0 0 0 0 0 0 0 0 0 0 0 0 0 0 0 0 0 0 0 0 0 0 0 0 0 0 0 0 0 0 0 0 0 0 0 0 0 0 0 0 0 0 -2 0 0 0 0 2 0 0 0 0 0 0 0 0 0 0 0 0 0 0 0 -1 2
-1 0 0 0 0 0 0 0 0 0 0 0 0 0 0 0 0 0 0 -2 0 0 0 0 0 0 0 0 0 0 0 0 0 0 0 0 0 0 0 0 0 0 0 0 0 0 0 0 0 0 0 0 0 0 0 0 0 0 0 0 0 0 0 0 0 0 0 0 0 0 0 0 0 0 0 0 0 0 -2 0 1 0 0 1 1 1 -1 -1 0 -1 0 0 0 0 0 1 1 1 2 0 -1 0 1 0 1 0 -1 0 0 1 0 0 0 -1 0 -1 1 0 1 -1 1 1 0 0 0 1 0 0 0 -1 2 -1 0 1 0 1 -1 0 1 0 0 1 0 0 1 -1 -1 0 0 -1 1 0 1 -1 -1 0 1 0 1 0 0 -1 0 0 1 1 -1 0 1 0 0 0 0 0 -1 0 2 -1 -1 0 1 0 1 0 1 0 0 1 1 0 0 -1 0 0 1 0 1 1 -1 0 1 0 -1 -1 -2 1 2 0 0 1 1 1 0 0 0 1 -1 1 1 1 -2 0 0 0 -1 0 -1 -1 0 0 1 0 0 1 -2 0 0 0 0 1 1 0 0 0 -1 0 0 0 -1 0 0 -1 0 0 0 0 1 0 -1 0 1 0 0 1 0 -1 1 0 1 1 -1 1 0 0 0 0 0 -1 0 -1 1 0 0 0 1 0 1 -1 1 0 0 0 0 1 0 -1 0 -2 0 -1 0 1 0 -1 1 -1 0 -1 2 1 1 0 0 -1 0 -2 0 0 -1 0 -2 1 -1 0 0 0 0 0 0 0 0 1 0 -1 0 0 1 -1 0 0 0 0 0 0 1 -1 0 0 0 0 1 1 0 0 1 0 0 1 0 0 0 0 0 -2 0 0 -1 -1 0 0 0 0 0 0 0 0 0 0 0 0 0 0 0 0 0 0 0 0 0 0 0 0 0 0 0 0 0 0 0 0 0 0 0 0 0 -2 0 0 0 0 0 0 0 0 0 0 0 0 0 0 0 0 0 0 0 0 2 0 0 0 0 0 0 0 0 0 0 0 0 0 0 0 0 0 0 0 0 0 0 0 2 0 0 0 0 0 0 0 0 0 0 2 0 0 0 0 0 0 0 0 0 0 0 0 0 0 0 0 0 0 0 0 0 0 0 0 0 -2 0 0 0 0 0 0 2 -2 -2 0 0 0 0 0 0 0 0 -2 0 0 0 0 0 0
0 0 0 0 0 0 0 0 1 1 -2 0 1 0 -1 0 0 -1 -1 0 0 1 1 0 -1 0 0 0 1 0 1 0 0 0 0 -1 0 1 1 0 -1 -1 -1 0 1 0 -1 0 -1 0 0 -1 -1 0 0 0 0 -1 -1 -1 0 -1 1 0 0 -1 1 2 -1 0 0 1 0 0 -1 1 -1 0 1 0 -1 0 0 0 0 0 0 0 1 0 1 1 2 -1 0 0 -1 0 -1 0 0 0 0 0 0 0 0 0 0 0 0 0 0 0 0 -1 -2 0 0 0 0 0 0 0 0 0 0 0 0 0 0 0 0 0 0 0 0 0 0 0 1 -1 1 -1 -1 0 0 -2 -1 0 1 0 1 0 1 0 0 0 0 -1 -1 1 1 0 0 0 0 1 1 -1 0 2 1 0 -1 0 0 0 -1 -1 0 0 0 -1 0 -2 -1 0 1 -1 0 -1 1 1 0 -1 0 1 0 0 0 1 0 0 0 0 0 1 -1 0 0 0 -1 1 0 1 0 1 1 0 0 1 -1 -1 -1 0 0 1 0 -1 0 -1 0 0 0 1 0 0 -1 0 1 1 1 0 0 -1 -1 1 -1 1 -1 0 1 -1 0 0 0 0 1 0 0 -1 0 0 -1 -1 0 -1 0 0 0 0 -1 1 0 1 1 0 1 0 0 0 -1 0 -1 0 0 -1 -1 0 -1 1 -1 0 -1 0 1 0 0 0 -1 -1 -1 0 0 1 0 0 0 0 2 1 0 0 0 2 0 -1 1 -1 -1 0 0 0 0 0 0 -1 1 1 0 0 0 0 0 0 1 1 0 0 0 1 0 0 0 0 0 0 0 0 0 2 0 0 0 0 0 0 0 0 0 0 0 0 0 0 0 0 0 0 2 0 0 0 0 0 0 -2 0 0 0 0 0 0 0 0 0 0 0 0 0 0 0 -2 0 0 0 0 0 0 0 0 0 2 0 0 0 0 0 0 0 0 0 0 0 0 0 0 0 0 0 0 0 0 0 0 0 0 0 0 0 0 0 0 0 0 0 0 0 0 0 0 0 0 0 0 0 0 0 0 0 0 0 0 0 0 0 0 0 2 0 0 0 0 0 0 0 0 0 0 0 0 0 0 0 0 0 0 0 -2 0 0 0 0 0 0 0 0 0 0 0 0 0 0 0 0 0 0 0 -2 0 0 0 0 0 0 0 0 0 0 -1 -1
0 0 0 0 0 0 0 0 0 0 0 0 0 0 0 0 0 0 0 0 0 0 0 0 0 0 0 0 0 0 0 0 1 0 0 -1 0 0 0 0 0 0 0 0 0 0 0 0 0 0 0 0 0 0 0 0 0 0 0 0 0 0 0 0 0 0 0 0 2 0 0 0 0 0 0 0 0 0 0 -1 0 0 -1 1 0 0 0 0 -1 1 1 -1 1 0 1 0 0 1 0 -1 1 1 0 2 -1 -1 0 0 1 1 0 -1 -1 0 0 0 1 1 1 0 -1 0 -1 -1 0 -1 0 -1 0 0 -1 1 -1 -1 0 -2 0 0 -1 0 -1 0 -1 0 1 0 1 -1 -1 -2 -1 1 0 1 -1 0 0 -1 0 -1 0 0 1 0 1 0 0 1 0 1 -1 1 1 1 -1 1 0 -1 0 0 -1 0 -1 0 -1 -1 1 -1 1 0 -1 0 1 1 -1 0 0 1 0 0 0 1 -1 1 -1 0 0 -1 0 0 0 0 -1 0 1 0 -1 -1 0 0 1 0 -1 1 -1 0 0 1 1 0 0 -1 0 1 0 -1 0 -1 1 -1 -1 0 -1 -1 0 0 1 0 0 -1 -1 0 0 -1 1 0 -1 0 0 1 0 0 1 -1 -1 1 0 0 -1 0 1 0 1 -1 0 -1 -1 0 -1 1 -1 -1 0 1 0 0 1 -1 0 1 0 -1 1 0 0 0 0 -2 -1 0 0 0 -1 0 0 1 -1 0 0 0 0 -1 0 0 1 0 0 0 -1 0 1 0 1 -1 -1 -1 -1 1 1 1 0 0 0 0 1 -1 0 0 1 -1 -1 0 1 1 0 0 1 1 1 0 2 1 -1 1 0 0 0 0 0 0 0 2 0 0 0 0 0 0 0 0 0 0 0 0 0 0 0 0 0 0 0 0 0 0 0 0 0 0 0 0 0 0 0 0 0 0 0 0 0 0 0 0 0 0 0 0 0 0 0 0 0 0 0 0 0 0 0 0 0 0 0 0 0 0 0 0 0 0 0 0 0 0 0 1 0 0 0 0 0 0 0 0 0 0 0 0 -1 -1 0 0 0 0 0 0 0 0 0 0 0 0 0 0 0 0 0 0 0 0 0 0 0 0 0 0 0 0 0 0 0 0 0 0 0 0 0 0 0 0 0 0 0 0 0 0 0 0 0 0 0 0 0 0 0 2 0 0 0 0 0 0 -1 1
0 0 0 0 0 0 0 -1 0 0 0 0 0 -1 0 -1 -1 1 0 1 0 0 0 -1 1 0 -1 1 1 1 1 0 0 1 0 0 0 0 -1 -1 -1 0 0 0 0 -1 1 0 1 0 0 -2 0 -1 -1 0 1 0 0 -1 0 0 0 1 -1 0 0 0 0 -2 0 0 -1 0 0 0 0 0 0 0 1 -1 0 0 -1 1 0 -1 -1 1 0 0 0 0 0 0 0 -1 1 -1 0 -1 -1 -1 0 -1 0 -1 0 0 0 0 0 0 0 0 0 0 0 0 0 0 0 0 0 0 0 0 0 0 0 0 0 2 0 0 0 0 0 0 0 1 0 0 -1 0 1 0 1 1 0 1 0 -1 0 0 1 0 0 0 1 1 -1 -1 1 1 0 1 -1 0 0 0 0 0 1 -1 -1 0 0 0 -1 0 1 -1 0 1 -1 -1 1 -1 -2 2 1 1 0 0 0 1 1 1 0 -1 -1 -1 0 -1 0 -1 -1 1 -1 0 -1 1 1 0 2 -1 -1 1 -1 0 0 0 1 -1 1 1 0 0 0 1 1 1 -1 1 0 0 -1 -1 0 1 0 0 0 -1 -1 1 0 0 -1 0 0 -1 1 -2 1 -1 1 1 0 0 0 0 0 2 1 0 0 0 0 0 -1 -2 -1 0 0 1 0 1 0 0 -2 1 0 0 0 0 0 0 0 1 0 1 -1 1 0 1 0 2 1 -1 -1 0 1 -1 0 0 0 2 0 -1 -1 -1 1 -1 0 0 0 0 0 -1 0 0 1 0 -1 -2 0 0 0 0 1 0 0 1 0 0 0 0 0 0 0 2 0 0 0 0 0 0 0 0 0 0 0 0 0 0 0 0 0 0 0 0 0 0 0 0 0 0 0 0 0 0 0 0 0 0 0 0 0 0 0 0 0 0 0 0 0 0 0 0 0 0 0 0 0 0 0 0 0 0 0 0 0 0 0 0 0 0 0 0 0 0 0 0 0 0 0 0 0 0 0 0 0 0 0 0 0 0 0 0 0 0 0 0 0 0 0 0 0 0 0 0 0 0 0 0 0 0 0 0 0 0 0 0 0 0 0 0 0 0 0 0 0 0 0 0 0 0 0 0 0 0 0 0 0 -2 0 0 0 0 0 0 0 0 0 0 0 0 0 0 0 0 0 0 0 0 0 0 0 0 0 0 0 0 0 0 -2 0 1 0
0 -1 1 0 -1 -1 -1 0 1 -1 0 0 0 0 0 0 0 1 0 0 0 1 1 -1 0 0 0 1 1 0 -1 -1 1 0 -1 0 -1 -1 1 -1 0 1 0 2 1 0 0 1 0 -1 -1 0 0 1 0 -1 0 0 -1 1 -1 -1 0 0 0 -1 -1 0 0 0 0 -1 0 0 0 0 1 0 0 -1 0 -1 -1 -1 -1 0 0 0 0 0 0 1 0 0 0 0 0 0 0 0 0 0 0 0 0 0 0 0 0 0 0 0 0 1 0 0 0 0 0 0 0 0 0 0 0 0 0 0 -2 0 0 -1 0 -1 -1 -1 1 1 0 0 1 0 -1 1 0 -1 0 0 1 0 1 0 0 0 -1 -1 0 -1 0 0 0 -1 0 0 0 0 -1 1 0 1 1 1 1 1 -1 0 0 0 -1 -1 0 0 0 -1 2 0 0 1 1 0 2 0 0 -1 1 0 0 0 1 0 0 0 0 1 1 0 0 2 0 -1 1 -1 -1 0 0 0 0 0 1 -1 1 0 -1 0 0 -1 -1 0 1 0 0 0 -1 -1 0 -1 0 0 1 1 -1 1 0 0 0 0 0 1 1 0 0 0 0 0 1 0 1 1 0 1 0 0 0 0 1 0 1 0 -2 0 0 1 -1 -1 1 1 2 0 0 0 -1 0 -1 1 0 0 0 -1 -1 0 0 -1 0 0 0 0 0 0 0 1 0 1 1 -1 1 -1 1 0 0 1 0 1 0 -1 0 1 0 0 -1 1 2 1 -1 0 -1 0 0 0 0 0 -1 -1 0 1 0 1 0 1 0 0 0 0 0 0 0 0 0 0 0 0 0 0 0 0 0 0 0 0 0 0 0 0 0 0 0 0 0 0 0 0 -2 0 0 0 0 0 0 0 2 0 0 0 0 0 0 0 0 0 0 0 0 0 0 0 0 0 0 0 0 0 0 0 0 0 0 0 0 0 0 0 0 0 0 0 0 0 0 -2 -2 0 0 0 0 0 0 0 0 0 0 0 0 0 0 0 0 2 0 0 0 0 0 0 0 0 0 0 0 0 0 0 0 0 0 2 0 0 0 0 0 0 0 0 0 0 0 0 0 0 0 0 0 0 0 0 0 0 0 0 0 2 0 0 0 0 0 0 0 0 0 0 0 0 0 0 0 0 0 0 0 0 -2 0 0 0 0 0 0 0 0 0 1 2
0 0 0 0 0 0 0 0 0 0 0 0 2 0 0 0 0 0 0 2 0 0 0 0 -2 0 0 0 0 0 0 0 0 0 0 0 0 0 0 0 0 0 0 0 0 0 0 0 0 0 0 0 0 0 0 0 0 0 0 0 0 0 0 0 0 0 -2 0 0 0 0 0 0 0 0 0 0 0 0 0 -2 0 0 2 0 0 0 0 1 0 2 0 0 0 0 0 0 1 1 -1 -1 -1 0 0 0 0 1 0 -1 0 0 0 -1 0 -1 1 0 -2 1 0 0 -2 1 0 -1 -2 -1 -1 0 0 0 1 0 0 0 0 0 1 1 -1 -1 0 0 0 0 1 1 0 1 -1 0 0 0 -1 1 -2 0 0 0 0 0 2 1 -1 0 1 1 -1 0 0 2 0 0 -1 -1 0 0 1 1 0 0 1 1 0 0 0 -1 0 0 0 0 1 -1 0 1 0 -1 2 0 0 1 0 1 1 0 0 -1 0 0 1 1 -1 0 1 0 1 0 0 0 -1 -1 1 0 0 -1 -1 0 0 1 0 1 0 0 0 -1 1 0 1 0 -1 0 1 0 0 -1 1 -1 1 1 0 0 0 0 0 0 1 0 0 0 1 -1 0 -1 -1 0 0 -1 -1 -1 0 0 1 0 2 0 0 0 0 1 -1 0 1 0 -1 0 -1 -1 1 -1 0 0 -1 0 -1 1 -1 0 0 1 0 -1 0 0 0 1 1 1 0 0 -1 1 0 1 0 2 2 -1 1 1 -1 0 -1 -1 0 0 0 1 0 1 0 0 0 0 0 0 0 -1 -1 0 0 0 -1 0 -2 0 -2 1 0 1 -1 1 0 1 1 -1 1 0 1 0 0 -1 -1 0 0 0 0 0 0 0 0 0 0 0 0 0 2 0 0 0 0 0 0 0 0 0 0 0 0 0 -2 0 0 0 0 0 0 0 0 0 0 0 0 0 0 0 0 2 0 0 0 0 0 0 0 0 0 0 0 0 0 0 0 0 0 0 0 0 0 0 0 0 0 0 0 2 0 0 0 0 0 0 0 0 0 0 0 0 2 0 0 0 0 0 0 0 0 0 0 0 0 0 0 0 0 0 0 0 0 0 0 0 0 0 0 0 0 0 0 0 0 0 0 0 0 0 0 0 0 2 0 0 0 0 0 0 0 0 0 0 0 0 0 0 0 0 0 0 0 0 0 0 0
-2 1 0 -1 0 1 0 1 0 -1 1 -1 0 -1 0 0 0 0 0 -1 0 -1 1 0 -1 0 1 2 0 0 1 0 0 0 0 -1 -1 -1 -1 -1 -1 0 0 0 0 1 1 0 1 1 -1 1 0 -1 -1 0 -1 -1 1 -1 0 -1 1 -1 -1 -1 0 0 -2 0 -1 -1 0 1 0 0 -1 1 0 0 2 0 0 0 0 0 0 0 0 0 0 0 0 0 0 0 0 0 0 0 0 0 2 0 0 0 0 0 0 0 0 0 0 0 0 0 0 0 -2 -1 0 1 1 -1 1 0 -1 0 0 0 0 -1 1 0 -1 0 1 0 0 0 1 0 -2 2 -1 -1 0 -1 1 -1 0 -1 0 1 0 0 1 1 1 0 0 0 0 -1 -1 0 1 0 0 1 0 1 -1 0 0 0 0 -1 0 0 0 0 1 0 0 1 0 0 -1 0 -1 0 0 1 1 1 1 1 1 -1 -1 -1 1 0 -1 -1 0 0 1 0 1 0 -1 0 -1 -1 1 0 0 0 -1 -1 0 0 0 -2 1 0 -1 1 0 0 0 1 0 0 0 -1 0 -1 0 0 0 1 0 1 0 1 0 1 0 -1 -1 0 0 0 0 1 0 -1 -1 0 1 0 -1 -1 0 0 1 0 0 1 -1 0 0 -1 0 1 -1 -1 -1 0 0 0 -1 0 0 0 -1 -1 0 0 1 1 0 1 1 0 0 0 0 1 0 -1 1 0 0 1 0 -1 1 1 0 0 0 0 -1 0 0 -1 0 -1 0 -1 0 0 1 0 1 0 0 -1 0 0 0 0 0 0 0 0 0 0 0 0 0 0 0 0 0 0 0 0 0 0 0 0 0 0 0 0 0 0 0 0 0 0 0 0 0 0 0 0 0 0 0 0 0 0 0 0 0 0 0 0 0 0 0 0 0 0 -2 0 0 0 0 0 0 0 0 0 0 2 0 0 0 0 0 0 0 0 0 0 0 0 0 0 0 0 0 0 0 0 0 0 0 0 2 0 0 0 0 0 0 0 0 0 0 0 0 0 0 0 0 0 0 0 0 0 0 0 0 0 0 0 0 0 0 0 0 0 0 0 0 0 0 0 0 0 0 0 0 0 0 0 0 0 0 0 0 0 0 0 0 0 0 0 0 2 2 0 0 0 0 0 0 0 0 0 0 0 0 0 0 0 0 0 0 0 0 0 -1 0
0 0 0 0 0 0 0 0 0 0 0 0 0 0 0 0 0 0 0 0 0 0 0 0 0 0 0 -1 1 0 0 0 0 0 -1 -2 1 0 0 0 0 0 0 0 0 0 2 0 0 0 0 0 0 0 0 0 0 0 0 0 0 0 0 0 0 0 0 0 0 0 0 0 0 0 0 0 -1 -1 0 1 1 -1 0 0 0 1 0 -1 -1 1 -1 -1 1 0 -1 0 0 0 0 0 0 -1 0 0 0 0 -1 1 1 1 0 0 0 0 1 -2 0 1 -1 -1 1 0 0 0 0 1 -1 0 0 0 -2 1 0 -1 1 0 0 0 0 0 0 0 1 0 0 -1 0 0 0 -1 0 0 0 0 0 0 2 0 0 0 0 0 -1 0 1 1 1 0 0 0 0 0 0 -2 0 0 0 -1 0 0 0 0 0 0 0 0 0 0 2 0 0 0 0 0 -1 0 0 0 0 0 0 0 0 0 0 0 0 0 0 0 0 0 0 0 0 0 0 0 0 0 0 0 -1 0 0 0 1 -1 0 1 0 0 -1 -1 1 1 0 1 1 -1 0 1 0 0 0 1 0 -1 0 0 -2 -1 -1 0 0 0 0 1 1 1 -1 -1 1 -1 0 -1 0 -1 -1 -1 0 0 0 0 0 -1 0 1 0 0 0 0 0 0 1 0 0 -1 1 -1 1 1 0 -2 0 1 2 0 2 0 -1 0 1 0 0 0 0 0 -1 0 1 1 0 -1 -1 -1 0 -1 0 1 0 0 -1 0 1 1 1 0 0 0 1 1 -1 -1 1 0 1 0 -1 0 0 0 0 1 -1 0 0 1 0 -1 0 0 1 -2 1 0 -1 1 -1 -1 0 -1 1 -1 1 -1 -1 0 0 0 1 -1 -1 -1 0 1 0 0 1 2 1 0 0 2 0 0 0 0 0 0 0 0 0 0 0 0 0 0 0 -2 0 0 0 0 0 0 -2 0 0 0 0 0 0 0 0 0 0 0 0 0 0 0 0 0 0 0 0 0 0 0 0 0 0 0 0 0 0 0 0 0 0 0 0 0 0 0 0 0 0 -2 0 -1 0 1 0 -1 -1 0 0 1 -1 0 0 0 1 0 -1 0 0 0 -1 0 1 0 0 0 0 0 0 0 0 0 0 0 0 2 0 0 0 0 0 0 -2 0 0 0 0 0 0 0 0 0 0 0 0 0 0 0 0 0 -1 0
1 0 0 0 0 0 0 0 0 2 0 0 0 0 0 0 0 -2 0 0 0 0 0 0 0 0 0 0 0 0 0 0 0 0 0 0 0 0 0 0 0 0 0 2 0 0 0 0 0 0 0 0 0 0 0 0 0 0 0 -2 0 0 0 0 0 0 0 0 0 0 0 0 1 0 0 1 0 0 0 -2 -2 0 -1 0 0 0 0 -1 -1 -2 1 0 0 -1 1 1 0 0 2 -1 0 -2 0 0 0 1 0 0 -1 0 0 0 -1 -1 0 1 0 0 0 -1 0 0 -2 0 1 0 0 -1 1 0 0 -1 0 -1 0 1 1 1 2 -1 0 0 0 -1 0 0 0 0 0 0 0 0 0 -1 1 0 -1 1 0 0 0 0 -1 0 -1 0 0 -1 -1 1 -1 0 0 0 0 -1 0 0 0 -1 0 -1 0 0 1 1 0 0 -1 0 -1 -1 0 -1 0 0 0 0 0 0 0 1 -1 0 0 -1 0 0 1 1 -1 1 -2 0 0 -1 -2 1 0 0 1 0 0 0 0 0 0 -1 -1 0 1 0 0 -1 1 1 0 -1 1 0 0 0 1 0 1 -2 -1 1 -1 1 0 0 0 1 0 0 0 0 -1 0 0 0 0 -1 0 1 0 -1 1 0 -1 1 0 -1 0 2 1 0 -1 -1 -1 0 1 1 1 -2 1 -1 -1 0 -1 -1 0 -1 1 1 2 1 0 0 1 1 0 0 0 -2 0 -1 1 0 0 1 0 0 0 1 0 -1 0 -1 1 -1 0 -1 0 0 -1 0 1 -1 0 0 1 1 -1 0 0 0 0 0 -1 -1 0 -1 0 0 0 0 0 1 -1 0 0 0 0 0 0 -1 1 -1 -1 1 0 -1 1 0 -1 0 0 0 0 0 0 0 2 0 0 0 0 0 0 0 0 0 0 0 0 0 0 0 0 0 0 2 0 0 0 0 0 0 0 0 0 0 0 0 0 0 0 0 0 0 0 0 0 0 0 0 0 0 0 2 0 0 0 0 0 0 0 0 0 0 0 0 0 0 0 0 0 0 0 0 0 0 0 0 0 0 0 0 0 0 0 0 0 0 0 0 0 0 0 0 0 0 0 0 0 0 0 0 0 0 0 0 -2 0 0 0 0 0 0 0 0 0 0 0 0 0 0 0 0 0 0 0 0 0 0 0 0 0 0 0 0 0 0 0 0 0 0 0 1 0
0 -1 1 0 0 0 -1 1 0 0 -1 0 1 -1 -1 1 1 -1 0 -1 -1 1 1 1 0 0 0 0 0 -1 -1 0 1 1 1 0 0 -1 -1 -1 0 -1 0 -1 1 -1 -1 0 1 1 0 0 -1 0 2 -1 2 0 0 -1 -1 0 0 -1 -1 0 0 -1 0 0 0 0 1 -1 -1 0 0 0 1 1 0 2 0 0 0 0 0 0 0 0 0 0 0 0 0 0 0 0 0 0 0 0 0 0 0 0 0 0 0 0 0 0 -1 -1 1 1 1 -1 -1 0 0 0 0 0 0 0 -1 1 0 -1 0 -1 0 0 1 1 1 1 0 0 0 0 -1 0 0 0 1 1 1 0 1 0 -1 0 0 -1 0 1 2 1 0 0 0 0 0 0 1 1 0 0 0 0 0 0 0 0 0 0 -1 0 1 -1 -1 -1 0 0 0 -2 2 -1 0 0 0 0 1 0 1 1 0 0 1 -1 0 -1 0 1 0 1 0 1 0 1 0 -1 -1 0 -1 -1 1 0 0 -1 -1 -1 0 0 1 -1 0 0 1 0 -2 0 0 0 -1 1 0 -1 0 -1 0 0 0 1 0 -1 0 -1 0 0 1 0 -1 0 0 1 0 0 -1 1 1 0 -1 0 1 1 0 1 1 -1 0 0 0 0 0 0 1 -1 0 0 -1 -1 -1 1 -1 -1 0 0 0 -1 1 0 0 1 1 0 1 0 -1 0 0 1 0 0 1 0 -1 0 0 -1 0 0 -1 0 0 0 1 1 -1 -1 -1 -1 0 0 0 -2 -1 -2 1 0 0 1 0 0 0 0 0 0 0 0 0 0 0 0 0 0 0 0 0 0 0 0 0 0 0 0 0 0 0 0 0 0 0 0 0 0 0 0 0 0 0 0 0 0 0 0 0 0 0 -2 0 0 0 0 0 0 0 0 0 0 0 0 0 0 0 0 0 0 0 0 0 0 0 0 0 0 0 0 0 0 0 0 0 0 0 0 0 0 0 0 0 0 0 -2 0 0 0 0 0 0 0 0 0 0 0 0 0 0 0 0 0 0 0 0 0 0 0 0 0 0 0 0 0 0 0 0 0 0 0 0 0 0 0 0 0 0 0 0 0 0 0 0 0 0 0 0 0 0 0 0 0 0 0 0 0 0 0 0 0 0 2 0 0 0 0 2 0 0 0 0 0 0 0 0 0 0 0 0 0 -1
0 0 -1 0 0 -2 -1 1 0 0 -1 0 -1 0 1 0 2 0 -1 2 0 0 1 -1 0 0 2 0 0 0 0 0 0 1 2 1 0 1 0 -1 0 0 0 -1 0 0 -1 0 1 1 -1 1 0 -1 1 0 1 1 -1 0 -1 0 0 0 1 1 0 0 0 1 0 0 1 0 2 -1 -1 0 0 -1 0 0 -1 -1 1 0 0 0 1 0 -1 -1 1 0 0 0 0 0 1 0 0 1 0 0 0 0 0 -1 0 0 0 -1 0 0 0 0 0 0 0 0 0 -1 1 1 1 0 0 -1 0 0 0 0 0 0 0 0 0 -1 0 -1 0 -1 -1 1 0 -1 0 0 0 0 1 1 0 0 -1 0 0 -1 0 0 0 0 0 1 1 0 -1 0 0 2 -1 0 0 1 0 0 0 0 0 1 -1 1 1 1 0 0 -1 0 2 1 1 0 0 -1 0 0 0 0 1 1 -1 0 -1 0 1 0 -1 0 -1 -1 0 -1 0 -1 0 0 0 1 -1 1 0 -1 0 0 2 0 0 -1 0 1 0 0 -1 0 0 0 0 -1 1 0 -1 0 0 0 0 2 0 0 -1 1 0 0 0 -1 0 -1 1 1 0 1 -1 1 0 0 1 -1 0 0 0 1 2 0 -1 0 0 0 0 0 -1 0 1 0 1 0 0 0 0 1 0 0 1 1 0 0 1 0 1 -1 -1 -2 -1 -1 1 1 0 -1 0 0 -1 -1 1 1 1 0 -1 2 1 -1 -1 0 0 -1 1 0 0 -1 1 1 0 0 0 0 -1 0 0 0 0 0 0 0 0 0 0 -1 0 1 1 0 0 -1 0 0 0 0 0 0 0 0 0 0 0 0 0 0 0 0 0 0 0 0 0 0 0 0 0 0 0 0 0 0 0 0 0 0 0 0 0 0 0 0 0 0 0 0 0 -2 0 0 0 0 0 0 0 0 0 0 0 0 0 0 0 0 0 0 0 0 0 0 0 0 0 0 0 0 0 0 0 0 0 0 0 0 0 0 0 0 0 0 0 0 0 0 0 0 0 0 0 0 0 0 0 0 0 0 0 0 0 0 0 0 0 0 0 0 0 0 0 0 0 0 0 0 0 0 0 0 0 0 0 0 0 0 0 0 0 0 0 0 0 0 0 2 0 0 0 0 0 0 0 0 0 0 0 0 0 0 0 0 0 0 -1 0
1 0 0 0 0 0 0 0 0 0 0 0 0 0 0 0 -2 0 0 0 0 0 0 0 0 0 -1 0 0 0 0 0 1 0 1 0 0 0 0 0 0 0 0 -1 0 0 0 0 0 0 0 0 0 0 0 0 0 0 0 0 0 0 0 0 0 0 0 0 0 0 0 1 1 0 2 -1 0 0 0 -1 0 0 0 1 -1 2 0 0 0 0 0 1 1 1 0 0 1 0 1 -1 1 0 -2 1 -2 0 0 0 0 0 0 0 1 1 -1 -1 0 1 1 0 1 -2 0 -1 -1 0 0 -1 -1 0 0 -1 0 1 0 0 1 0 0 -1 -1 1 0 0 0 0 -1 0 0 1 1 1 0 1 0 0 0 0 0 0 0 0 0 0 1 0 0 0 1 0 0 0 0 0 0 0 0 0 0 0 0 0 0 0 -2 0 0 0 0 0 0 0 1 0 0 -1 1 0 0 0 0 0 0 0 0 0 0 0 0 0 0 0 0 -1 1 0 0 0 1 1 -1 1 0 0 0 -1 -1 0 0 0 -1 0 0 -1 -1 0 0 -1 0 -1 0 0 0 1 0 0 -1 0 0 -1 0 0 0 0 2 0 0 0 1 0 1 1 0 0 0 0 0 1 0 0 -1 0 -2 0 1 0 0 1 1 -1 0 1 -1 0 1 0 -2 1 1 1 -1 0 -1 -1 -2 0 -1 -1 0 0 -1 0 -1 -1 1 1 0 0 0 -1 0 1 -1 1 0 1 0 -1 0 1 0 0 -1 -1 0 1 0 1 -1 -1 -1 1 -1 1 0 0 0 1 0 0 0 0 1 -1 0 -1 1 0 0 0 1 1 -1 1 0 -1 1 -1 0 0 1 -1 0 1 0 2 0 0 0 0 1 0 0 0 0 0 0 -1 0 1 1 -1 0 0 0 0 0 0 0 0 0 0 0 0 0 0 0 0 0 0 0 0 0 0 0 0 0 0 0 0 0 0 0 0 0 0 0 0 0 0 0 0 0 0 2 0 0 0 0 0 0 0 0 0 0 0 0 0 0 0 0 0 0 0 0 0 0 0 0 0 0 0 1 0 1 -1 2 1 1 0 0 -1 0 1 0 1 -1 -1 0 0 1 0 1 0 0 0 0 0 0 0 0 0 0 2 0 0 0 -2 0 0 0 0 0 0 0 0 0 0 0 0 0 0 0 0 -2 0 0 0 0 0 0 0
0 1 -1 0 0 -1 1 -1 1 0 0 0 1 0 1 -1 0 0 0 0 0 -1 0 0 0 -1 0 2 1 -1 0 0 1 -1 0 1 0 0 -1 1 0 0 0 -1 0 1 -1 0 1 0 0 0 0 1 0 0 -1 0 0 0 0 1 0 -1 1 0 0 -1 0 -1 1 1 -1 -1 -1 0 -1 1 1 -1 0 0 -1 0 1 0 -1 1 1 -1 0 0 0 0 0 0 0 0 0 0 0 0 0 0 0 0 0 0 0 0 0 0 0 0 0 0 0 0 0 0 0 0 0 0 0 0 0 0 0 0 1 0 0 0 0 0 0 1 0 -1 1 -1 0 0 0 -1 -1 0 -1 0 0 0 0 1 1 -1 -1 1 0 0 1 0 -1 -1 1 -1 0 1 0 0 0 1 0 1 1 1 1 1 0 1 1 -1 0 -1 0 -1 0 0 0 0 -1 -1 -1 1 0 0 0 1 -2 -1 0 -1 -1 -1 0 1 2 0 -1 0 1 1 0 1 0 1 1 0 0 0 0 1 0 1 1 0 1 1 1 0 0 -1 1 0 -2 -1 -1 -1 0 0 0 1 1 -1 1 -1 -1 0 0 0 -1 0 0 -2 -1 1 0 1 -1 -1 1 0 0 1 0 0 -1 -2 1 1 -1 0 0 0 0 0 -1 0 1 0 -1 0 0 -1 0 1 1 1 0 0 1 -1 0 2 0 1 -1 -2 0 1 1 0 0 0 0 0 -1 0 0 0 0 -1 0 0 0 1 0 1 0 0 0 0 1 0 0 0 1 0 0 0 1 0 0 -1 0 -2 1 0 1 0 0 0 0 0 0 0 0 0 0 0 0 0 0 0 0 0 0 0 0 0 0 0 0 0 0 0 0 -2 0 0 0 0 0 0 0 0 0 0 0 0 0 0 0 0 2 0 0 0 0 0 0 2 0 0 0 0 0 0 0 0 0 0 0 0 0 0 0 0 0 0 0 0 0 0 0 0 0 0 0 0 0 0 0 0 0 0 0 0 0 0 0 0 0 0 -2 0 0 0 0 0 0 0 0 0 0 0 0 0 0 0 0 0 0 0 0 0 0 0 0 0 0 0 0 0 0 0 0 0 0 0 0 0 0 0 0 0 0 0 0 0 0 0 0 0 0 0 -2 0 0 0 0 0 0 0 0 0 0 0 0 0 0 0 0 0 0 0 0 0 0 0 0 0
0 0 0 0 0 0 0 0 0 0 0 0 0 0 0 0 0 0 -1 0 0 0 0 0 0 0 0 0 0 0 0 0 0 2 0 -2 0 0 0 0 0 0 0 0 0 0 0 0 0 0 0 0 0 0 0 0 0 0 0 0 0 0 0 0 0 0 0 0 0 0 0 0 0 0 0 1 -1 0 0 0 -1 0 -1 0 2 0 1 0 1 -1 -1 1 1 -1 0 1 -1 -1 0 -1 0 -1 1 1 0 0 -1 0 1 0 0 0 1 0 0 1 1 0 -1 -1 0 -1 0 1 0 0 0 0 -1 1 0 0 0 -1 -1 0 0 0 0 0 0 1 -1 0 -2 0 0 2 0 0 -1 0 1 0 -2 0 -1 0 1 -1 0 1 0 -1 0 -1 1 1 0 0 0 0 0 -1 0 -1 -1 0 -2 0 0 0 0 0 -1 2 -1 0 0 0 1 -1 0 0 1 1 0 -1 0 0 -1 -1 0 1 0 1 0 1 -1 1 -1 0 0 1 0 0 -1 1 -1 0 1 0 -1 0 0 0 -1 -1 0 1 1 0 -1 0 1 1 -1 0 0 0 1 -1 -2 0 1 0 1 1 0 0 0 -1 -1 2 -1 0 0 -1 0 -1 0 0 -1 1 0 1 1 1 -2 0 0 0 0 0 1 -1 1 1 -1 1 -2 1 0 0 0 0 0 0 0 0 0 0 0 0 -1 0 -1 -1 0 1 0 0 1 1 1 0 -1 0 -1 -1 1 1 1 0 0 0 0 1 -2 1 0 0 -1 1 0 0 0 0 0 0 -1 0 -2 -1 0 0 0 0 0 1 1 0 0 -1 1 1 -1 0 0 0 -1 0 0 0 0 0 0 0 0 1 0 1 -1 1 2 1 0 0 0 0 0 0 0 0 0 0 0 0 0 0 0 0 0 0 0 0 0 0 0 0 0 0 0 0 0 0 -2 0 0 0 0 0 0 0 0 0 0 0 0 0 0 0 0 0 0 0 0 0 0 0 2 0 0 0 -1 0 0 0 0 0 0 0 0 0 0 -2 0 0 0 0 0 0 0 0 0 0 0 0 0 0 0 0 0 0 0 -2 0 0 0 0 0 0 0 0 0 0 0 0 0 0 0 0 0 0 0 0 0 0 0 1 0 0 0 0 0 0 0 0 0 0 0 0 0 0 0 0 0 0 0 0 0 0 0 0 0 0 0 0 0 0 1 0
-1 0 0 0 0 0 0 0 0 0 0 0 0 0 0 0 0 0 0 0 0 0 0 0 0 0 0 0 0 0 0 0 0 0 0 0 0 0 0 0 0 0 0 0 0 0 0 0 0 0 0 0 0 1 0 0 0 0 0 0 0 0 0 0 0 0 0 0 0 0 0 0 0 -1 0 0 0 0 -1 0 -1 0 -1 1 0 0 0 0 0 0 0 1 -1 0 1 0 0 -1 2 -1 1 -1 0 0 -1 1 -1 1 0 -1 0 1 0 1 0 0 0 -1 1 0 1 1 0 1 0 0 0 0 0 0 0 0 0 0 0 1 1 0 -1 0 1 0 -1 0 0 1 1 0 0 0 0 0 0 0 1 -1 2 2 2 1 0 -1 -1 0 -1 0 0 -1 1 0 1 0 1 -1 -1 -1 1 -1 -1 1 0 0 0 -1 0 0 1 0 1 -1 0 -1 0 0 0 1 -1 1 0 0 1 1 -1 0 0 0 1 1 1 -1 1 1 -2 1 1 0 1 1 0 1 0 0 0 1 0 1 -1 1 0 0 0 0 0 1 0 -1 1 1 0 0 0 0 -1 0 1 0 1 0 1 0 -1 0 1 0 0 0 0 0 0 0 1 -1 -1 -1 0 -2 0 -1 0 0 0 1 0 0 -1 0 -1 0 0 1 0 -1 1 -1 1 -1 0 0 1 -1 0 0 0 0 0 1 0 1 0 0 0 -1 0 0 -1 -1 1 0 -1 -1 1 0 1 0 0 -2 -2 0 0 1 0 -1 0 -1 -1 -2 0 1 0 1 -1 1 1 0 0 0 1 1 0 1 1 -1 0 -1 -1 0 -1 0 -1 0 0 1 1 1 -1 0 0 -1 1 -1 -1 1 0 0 0 0 0 0 0 0 0 0 0 0 0 0 0 0 0 0 0 0 0 0 0 -2 0 0 0 0 0 0 0 0 0 0 0 0 0 0 0 0 0 0 0 0 0 0 0 0 0 0 0 2 0 0 0 0 0 0 0 0 0 0 0 2 0 0 0 0 0 0 0 0 0 0 0 0 0 0 0 -1 0 1 1 0 0 0 0 0 0 0 0 0 0 0 0 0 0 0 0 0 0 0 0 0 0 0 0 0 0 0 0 0 0 2 0 -2 0 0 0 0 0 0 0 0 0 0 0 0 0 0 0 0 0 0 0 0 0 0 0 0 0 0 0 0 0 0 0 0 0 0
0 0 0 0 0 0 0 0 0 0 0 0 0 0 0 0 0 0 0 0 0 -2 1 1 0 2 0 0 0 0 0 0 0 0 0 0 0 0 0 0 0 0 0 0 0 0 0 0 2 0 0 0 0 0 0 0 0 0 0 0 0 0 0 0 0 0 -1 1 1 -1 -1 0 0 2 0 1 -1 0 -1 0 1 0 1 0 0 1 0 -1 0 0 0 0 -1 2 -1 0 0 -1 2 0 0 1 0 1 0 -1 -1 0 0 -1 -1 -1 0 1 0 -1 -1 0 0 -1 1 0 -1 0 0 1 1 0 0 1 -1 -1 0 0 0 0 0 0 -1 -1 1 0 -1 0 0 0 -1 0 0 0 0 0 0 0 0 0 0 2 0 0 2 0 0 0 0 0 0 0 0 0 0 0 0 0 2 0 0 0 0 0 0 0 0 0 0 0 0 0 0 0 0 0 0 0 0 0 0 0 0 0 0 0 0 0 1 0 -1 1 0 0 1 2 0 0 -1 0 -1 0 -1 -1 0 -1 -1 1 1 1 1 2 -2 1 0 -1 0 -1 1 1 0 0 0 0 0 1 0 0 0 0 0 -1 -1 -1 1 -1 1 0 -1 0 1 -1 1 0 -1 -1 2 0 1 0 0 -1 -1 0 1 0 -1 2 0 0 0 -1 -1 0 0 1 1 -1 1 0 1 -1 0 0 1 1 0 -1 0 -1 1 -1 -2 0 0 0 -1 1 1 -1 0 0 0 0 0 0 0 -1 0 1 0 -1 0 1 0 0 0 0 0 0 -1 0 -1 0 1 0 0 1 0 0 0 0 0 -1 1 1 -1 1 0 1 1 0 0 0 1 0 1 0 -2 0 0 -1 1 -1 1 1 1 0 0 1 -1 0 0 1 0 0 1 0 0 0 0 0 0 0 0 0 0 0 0 0 0 0 0 0 0 0 0 0 0 0 0 0 0 0 0 0 0 0 0 0 0 0 0 0 0 0 0 0 0 0 0 0 0 0 0 0 0 -2 0 0 2 0 0 0 0 0 0 -2 0 0 0 0 0 0 0 0 0 0 0 0 0 0 0 0 0 0 0 0 0 0 0 0 0 0 0 0 -1 -1 -1 0 1 -1 -1 1 0 0 0 -1 0 0 0 0 0 -2 0 0 0 0 0 0 0 0 0 0 0 0 0 0 0 0 0 0 0 0 0 0 0 0 0 0 0 0 0 0 0 0
1 0 0 0 0 0 0 0 0 -2 0 0 0 0 0 0 0 0 0 0 0 -1 0 0 0 0 0 -1 0 0 0 0 0 0 2 0 0 0 0 0 0 0 0 0 0 0 0 0 0 0 0 0 0 0 0 0 0 0 0 0 0 0 0 0 0 0 0 0 0 0 1 0 1 0 0 -1 -1 0 -2 1 1 0 1 -1 0 -1 0 0 0 0 -1 -1 1 0 0 0 0 1 1 1 0 0 1 0 0 -1 0 -1 0 0 0 1 1 0 -1 1 0 1 -1 0 0 0 -1 1 0 1 0 -1 -1 0 0 0 0 0 -1 0 0 -1 0 0 0 1 1 -1 0 0 0 0 -1 1 0 -1 2 -2 -1 1 0 -1 0 -1 1 1 -1 1 0 -1 0 1 0 0 0 0 -1 1 -1 0 -1 0 -1 0 1 -1 1 0 0 0 0 0 1 1 1 -1 -1 1 0 0 0 0 0 0 0 0 -1 -2 -1 1 0 -1 -1 0 0 1 -1 1 0 0 0 1 1 0 -1 0 0 0 0 0 0 -1 0 1 0 1 1 -1 0 1 0 1 -1 2 -1 -1 -1 1 1 0 2 0 -1 0 0 2 -1 0 0 0 0 0 0 1 0 0 -1 0 0 0 1 0 0 1 0 0 0 0 1 0 0 1 0 0 0 0 1 0 1 0 0 -1 -1 -1 0 0 1 0 0 0 0 0 -1 0 1 1 1 1 -1 1 0 0 2 1 -1 -1 0 0 -1 0 1 -1 -1 0 1 -1 1 1 0 0 1 0 1 0 -1 -1 -2 1 2 0 1 -1 0 0 0 0 0 1 -1 0 0 1 1 0 -1 0 1 1 0 -1 0 0 0 0 1 0 2 0 0 0 0 0 0 0 0 0 0 0 0 0 0 0 0 0 0 0 0 0 0 0 0 -2 0 0 2 0 0 0 0 0 0 0 0 0 0 0 0 0 0 0 0 0 0 0 0 0 0 0 0 0 0 0 0 0 0 0 0 0 0 0 0 0 0 0 0 0 0 0 0 0 0 0 0 0 0 0 0 0 0 0 1 -1 0 0 0 0 0 0 0 0 0 0 0 0 0 0 0 2 0 0 0 0 0 0 0 0 0 0 0 0 0 0 0 0 0 0 0 0 0 0 0 0 0 0 0 0 0 0 0 0 0 0 0 0 0 0 0 0 0 0 0 0 0 0 0 0
0 1 0 0 1 0 0 0 1 -1 1 0 0 0 0 1 1 -1 0 -1 0 0 0 -1 0 1 0 -1 1 2 0 -1 0 0 0 -1 0 1 -1 0 0 1 0 -1 -1 0 1 1 0 0 -1 0 0 -1 0 1 -1 0 0 0 0 0 0 1 1 0 1 0 0 0 -1 0 0 0 0 1 1 1 1 0 1 -1 -1 0 0 0 -1 -1 -1 0 0 1 -1 -1 -2 0 0 0 -2 -2 0 0 0 0 0 0 0 0 0 0 0 -1 0 0 0 0 0 0 0 0 0 0 0 0 0 0 0 0 0 0 0 0 0 1 -1 -2 0 1 0 0 0 0 -1 0 -1 -1 0 -1 0 0 0 -1 0 0 1 1 -1 1 0 -1 0 -1 -1 0 0 0 -1 1 0 1 0 0 -1 0 -1 -1 0 -1 1 0 0 0 1 1 0 0 2 0 0 0 0 0 -1 1 0 -1 0 -1 0 1 2 0 0 1 0 0 0 0 1 0 0 0 -2 1 0 0 0 0 0 0 0 -1 0 1 0 0 1 0 1 0 -1 0 1 1 0 0 0 -1 0 0 0 0 -1 -1 -1 0 0 1 0 0 0 0 -1 0 0 0 0 0 0 0 0 1 1 -1 1 1 0 1 0 -1 0 -1 -1 1 0 1 0 -1 -1 0 0 -1 1 1 1 1 1 -1 1 0 0 0 2 0 0 1 1 -1 -1 0 0 0 0 -1 0 0 0 0 1 1 -1 1 0 1 0 0 -1 0 0 -1 1 0 1 0 1 0 0 -1 0 0 -1 -1 1 0 1 -1 0 1 0 -2 1 0 1 0 0 0 0 0 0 0 0 0 0 0 0 0 -2 0 0 0 0 0 0 0 0 0 0 0 0 0 0 0 0 0 0 0 0 0 0 0 0 0 0 0 0 0 0 0 0 0 0 0 0 0 0 0 0 0 0 0 0 0 2 0 0 0 0 0 0 0 0 0 0 0 0 0 0 2 0 0 0 0 0 0 0 0 0 0 0 0 0 0 0 0 0 0 0 0 0 0 0 0 0 -2 0 0 0 0 0 0 0 0 -2 0 0 0 0 0 0 0 0 0 0 0 0 0 0 0 0 0 0 0 0 0 0 0 0 0 0 0 0 0 0 0 0 0 0 0 0 0 0 0 0 0 0 0 0 0 0 0 0 0 0 0 0 2 0 0 0 0 1 -2
0 0 1 -1 0 -1 0 1 0 0 -1 0 1 0 -1 1 1 -1 0 1 0 1 -1 0 0 -1 -1 -1 1 0 0 0 0 -1 0 -1 1 1 0 1 1 1 0 0 1 0 -1 0 0 0 0 0 0 0 0 -2 1 0 0 -1 0 -1 -1 1 0 0 0 0 0 1 0 -1 1 0 1 -1 1 -1 1 -1 0 -1 0 0 0 1 0 0 0 0 0 0 0 0 0 0 0 0 0 0 0 0 0 0 0 2 0 0 0 0 0 0 0 0 0 0 0 0 0 0 2 0 0 0 0 0 0 0 0 0 0 -1 0 0 0 0 1 1 0 -1 -1 -1 -1 0 0 1 0 0 0 1 1 0 2 0 1 0 0 0 0 0 0 -1 0 2 1 0 1 -1 -1 -1 0 0 0 0 1 0 1 0 0 0 0 0 0 -1 0 0 1 0 1 0 1 1 -1 0 1 1 0 0 0 1 -1 0 0 -1 0 1 1 -1 0 0 0 -1 1 -1 -1 -1 -1 0 2 -1 0 1 -1 -1 0 0 0 0 -1 0 0 0 1 0 0 1 0 -1 0 -1 0 1 1 0 0 -1 -1 -1 0 0 0 2 1 1 0 0 1 0 0 -1 0 1 -1 0 -1 0 0 0 -1 -1 0 1 0 2 1 -1 1 -1 0 0 0 1 0 -1 -1 0 1 1 0 0 0 1 -1 1 -1 2 0 0 1 0 0 0 0 0 0 -1 -1 1 1 0 0 -1 -2 1 0 0 1 -1 0 1 0 1 0 -2 -1 0 1 2 -1 -1 0 0 -1 0 -1 0 0 0 0 0 0 0 0 0 0 0 0 0 0 0 0 0 0 0 0 0 0 0 0 0 0 0 0 0 0 0 0 0 0 0 0 0 0 0 0 0 0 0 0 0 0 0 0 0 0 0 0 0 0 0 0 0 0 0 0 0 0 0 0 0 0 -2 0 0 0 0 0 0 0 0 -2 0 0 0 0 0 0 0 0 0 0 0 0 0 0 0 0 0 0 0 0 0 0 0 0 0 0 0 0 0 0 0 0 0 0 0 0 0 0 0 0 0 0 0 0 0 0 0 0 0 0 0 0 0 0 0 -2 0 0 0 0 0 0 0 0 0 0 2 0 0 0 0 0 0 0 0 0 0 0 0 0 0 0 0 0 0 0 0 0 0 0 0 0 0 0 0 0 0 0 0 -1 -2
0 2 0 0 0 0 0 0 0 0 0 -2 0 0 0 0 0 0 0 0 0 0 0 0 0 2 0 0 0 0 0 0 0 -2 0 0 -1 0 1 1 0 0 0 0 0 0 0 1 0 0 0 0 0 0 0 0 0 0 0 0 0 0 0 0 0 0 0 0 0 0 0 0 0 0 0 0 0 0 0 0 0 0 1 -1 0 1 0 0 1 -1 -1 0 0 0 0 -1 0 -1 0 0 -1 -1 1 0 0 0 0 1 1 1 0 0 0 0 1 1 -1 -1 0 0 2 1 1 0 -1 0 1 0 1 0 -1 -2 1 -2 0 0 0 0 1 0 0 -1 0 0 -1 0 -1 -1 1 -1 0 1 0 1 0 1 0 0 0 1 1 1 0 0 1 0 -1 0 -1 -1 2 0 0 -1 1 1 0 0 0 -1 0 -1 0 0 0 1 1 -1 0 1 0 0 0 1 1 -1 -1 1 0 -1 1 0 1 0 -1 0 0 -1 -1 -1 -1 1 -1 1 0 1 0 0 0 1 0 1 -1 0 -1 1 0 1 0 0 0 0 1 0 0 1 -1 1 1 1 0 0 0 1 -1 1 1 1 0 -1 -1 0 0 -1 1 0 0 1 0 0 -1 0 0 0 0 0 -1 0 1 1 -1 0 1 1 0 0 -1 0 1 0 1 -1 0 0 1 0 -1 0 1 0 1 0 0 1 -2 0 0 -1 -1 0 1 0 0 0 -1 0 0 1 1 1 0 0 0 0 0 -1 -1 0 -1 2 -1 2 0 1 0 0 -1 1 -1 0 0 0 -1 0 0 -1 2 0 0 -2 0 0 -1 0 -1 0 0 -1 0 1 0 0 1 0 1 0 0 -1 -1 0 1 0 -1 -1 0 0 0 0 0 0 0 0 0 0 0 0 0 0 0 0 0 0 0 0 0 0 0 0 0 0 0 0 2 0 0 0 0 2 0 0 0 0 0 0 0 0 0 0 0 0 0 0 0 0 0 0 0 0 0 0 0 0 0 0 0 0 0 0 0 0 0 0 0 0 0 0 0 0 0 0 0 0 0 0 0 0 0 0 0 -1 0 0 0 0 0 0 0 0 0 0 0 0 0 0 0 0 0 0 0 0 0 0 0 0 0 0 0 0 0 0 0 0 0 0 0 0 0 0 0 0 0 0 0 0 0 0 0 0 0 0 0 0 0 0 0 0 0 0 0 0 0 -1
0 0 1 0 1 0 -2 0 1 1 -1 1 1 1 0 2 1 0 0 0 -1 -1 0 0 1 1 -1 0 0 2 2 -1 0 -1 0 0 0 0 0 -2 0 1 0 0 1 -1 1 1 1 0 -1 1 0 0 0 -1 1 1 0 0 0 0 1 0 -1 0 0 0 1 -1 -1 0 -1 -1 0 0 0 0 0 0 0 -1 -1 0 -1 0 0 0 -1 0 -1 0 0 0 0 0 -2 0 0 0 0 0 0 0 0 0 0 0 0 0 0 0 0 0 0 0 0 0 0 0 0 0 0 0 0 0 0 0 0 0 0 0 0 1 0 0 0 -1 1 -2 0 -1 -1 0 -1 0 0 1 0 0 -1 1 2 1 2 0 -1 0 0 1 0 0 0 1 0 0 1 -1 0 0 0 0 -1 -1 1 1 0 0 0 0 0 0 -1 0 0 1 0 0 0 0 -1 0 1 0 1 2 0 0 -1 0 1 0 0 1 0 0 0 0 0 0 -1 1 1 0 0 1 -1 1 0 0 0 0 0 -1 -1 0 1 0 -1 -1 0 0 0 0 1 1 -1 0 0 -1 -1 0 0 0 0 0 1 0 1 2 0 0 0 1 0 0 -1 0 0 0 -1 1 0 1 0 -1 0 -1 0 0 -1 0 -1 0 1 1 -1 0 0 0 1 2 1 2 -1 1 1 -1 1 0 0 -1 0 0 0 0 -1 1 -1 1 1 -1 0 1 0 0 0 0 1 0 1 0 0 -1 1 -1 1 1 1 0 -1 1 -1 1 -1 1 0 1 0 1 -1 1 0 1 -2 0 0 0 -1 0 0 0 0 0 0 0 0 0 0 0 0 0 0 0 0 0 0 0 0 0 0 0 0 0 0 0 0 0 0 0 0 0 0 0 0 0 0 0 2 0 0 0 0 0 0 0 0 0 0 0 0 0 0 0 0 0 0 0 0 0 0 0 0 0 0 0 0 0 0 0 0 0 0 0 2 0 0 0 0 0 0 0 0 0 0 0 0 0 0 0 0 0 0 0 0 0 0 0 0 0 0 0 0 0 0 0 0 0 0 0 0 0 0 0 0 0 0 0 0 -2 0 0 0 0 0 0 0 2 0 0 0 0 0 0 0 0 0 0 0 0 0 -2 0 0 0 0 0 0 0 0 0 0 0 0 0 0 0 0 0 0 0 0 0 0 0 0 0 0 0 0 0 -1
-2 -1 0 0 0 0 1 1 0 0 -1 1 0 0 0 0 1 0 -1 0 1 -1 0 0 0 0 0 0 0 0 -1 0 1 0 0 0 1 0 -2 0 -2 1 1 1 -1 0 -1 0 -1 0 2 1 -1 0 0 0 1 1 1 1 0 -1 1 0 0 0 1 -1 0 0 0 0 1 0 0 0 1 0 -1 0 0 -1 0 0 -1 0 0 0 0 0 0 0 1 1 0 1 1 0 0 -1 -1 -1 -2 1 0 2 0 0 1 0 -1 0 0 0 0 0 0 0 0 0 0 0 0 0 0 0 0 0 0 0 0 0 2 0 0 0 0 0 0 1 0 0 0 -1 1 0 1 0 0 0 1 0 0 0 0 0 -2 0 0 0 1 1 1 1 0 0 1 1 -1 1 1 1 0 1 0 0 0 0 0 -1 1 0 0 -1 -1 -1 0 1 -1 1 0 0 -1 1 1 0 -1 0 -1 0 0 0 0 0 1 -1 1 0 -1 1 0 0 -1 -1 0 0 1 0 0 0 0 0 0 1 0 0 0 -1 0 1 0 0 -1 0 1 -1 1 -1 1 1 0 0 0 1 0 0 -1 -1 -1 -1 -1 0 0 1 2 0 1 1 0 -1 0 -1 0 0 -1 0 1 -1 1 0 1 1 0 0 0 -1 2 0 0 -1 1 0 0 -1 1 -1 -1 -1 0 -1 0 1 0 1 0 1 1 0 0 1 0 0 1 0 0 0 0 1 2 0 0 1 0 2 0 1 -1 -1 0 1 0 -1 1 -1 1 0 0 -1 0 -1 0 0 0 0 0 -1 0 0 0 0 0 0 -1 0 0 0 0 0 0 0 0 0 0 0 0 0 0 0 0 0 0 0 0 -2 0 0 0 0 0 0 0 0 0 0 0 0 0 0 0 0 0 -2 0 0 0 0 0 0 0 0 0 0 0 0 0 0 0 0 0 0 0 0 0 0 0 0 0 0 0 0 0 0 0 0 0 0 0 0 0 -2 0 0 0 0 0 0 0 0 0 0 0 0 0 0 0 0 0 0 -2 0 0 0 0 0 0 0 0 0 0 0 0 0 0 0 0 0 0 0 0 0 0 0 0 0 0 0 0 0 0 0 0 0 0 0 0 0 0 0 0 0 0 0 0 0 0 0 0 0 0 0 0 0 0 0 0 0 0 0 0 0 0 0 0 0 0 0 0 0 2 0 0 0
0 0 1 0 -1 0 0 0 1 0 1 0 0 -1 0 0 0 -2 1 0 1 0 1 -1 -1 -2 1 1 0 0 -1 0 -1 0 -1 0 1 -1 0 0 0 0 0 -1 0 1 0 -1 0 0 0 1 -1 1 1 -1 0 -1 0 0 -1 1 -1 1 2 -1 1 -1 0 0 0 0 1 0 0 1 0 1 0 0 0 -1 1 0 0 0 1 -1 1 0 1 0 0 0 0 0 0 0 0 0 0 0 0 0 0 0 0 0 0 0 0 0 0 0 0 0 0 0 0 0 0 0 0 0 0 0 0 0 -1 0 0 0 0 0 0 2 0 1 0 0 0 1 0 1 1 -1 0 1 1 -1 0 0 1 -2 1 0 0 -1 1 0 0 1 0 1 -1 0 -1 0 0 0 0 0 0 -1 0 -1 0 0 0 -1 0 -1 -1 0 1 -1 -1 -1 0 0 1 0 -1 -1 1 0 0 0 0 0 -1 0 -1 0 0 1 0 0 1 0 -1 0 1 0 -1 -1 -1 0 0 -2 -1 1 -1 -1 1 0 0 0 1 0 1 1 -1 1 0 -1 2 0 0 1 0 -1 0 1 0 0 0 0 0 1 -1 1 1 0 0 0 1 0 0 1 -1 -1 0 -1 -1 0 1 -1 1 0 0 0 0 1 -2 -1 1 0 0 -1 1 0 0 -1 -1 -2 0 -1 0 0 0 0 1 1 1 0 1 0 1 0 0 0 2 -1 0 0 1 -1 0 0 -1 0 0 0 0 0 -1 -1 -1 0 -1 1 0 0 -2 -1 -1 0 1 0 0 -2 1 0 -1 0 0 0 0 0 0 -2 0 0 0 0 0 0 0 0 0 0 0 2 0 0 0 0 0 0 0 0 0 0 0 0 0 0 0 0 0 0 0 0 0 0 0 0 0 0 0 0 0 0 0 0 0 0 0 0 0 0 0 0 2 0 0 0 0 0 0 0 0 0 0 0 0 0 0 0 0 0 0 0 0 0 0 0 0 0 0 0 0 0 0 0 0 0 0 2 0 0 0 0 0 0 0 0 0 0 0 0 -2 0 0 0 0 0 0 0 0 0 0 0 0 0 0 0 0 0 0 0 0 0 0 0 0 0 0 0 0 0 0 0 0 0 0 0 0 0 0 0 0 0 0 0 0 0 0 0 0 0 0 0 0 0 0 0 0 0 0 0 0 0 0 0 0 0 0 0 0 1
0 0 1 0 1 1 1 0 1 0 0 0 0 -1 2 -1 0 1 0 0 1 0 -1 0 -1 1 -1 0 -1 1 -1 1 0 0 0 0 -1 0 1 0 1 -1 0 1 -1 1 0 0 1 0 0 0 1 0 0 1 -1 1 0 1 0 1 -1 1 -1 0 -1 0 -1 -1 0 -2 0 -1 0 0 -1 0 1 -1 1 0 0 0 0 0 0 0 0 0 0 0 0 0 0 0 0 0 0 0 2 0 0 -2 0 0 0 0 0 0 0 0 0 0 0 0 0 0 0 0 2 0 0 0 1 0 0 0 0 -1 -1 -1 1 -1 0 1 -1 0 0 0 0 0 0 0 0 -1 1 0 -1 1 0 -1 -1 1 0 0 0 -1 0 1 0 0 0 1 0 0 1 0 1 1 0 0 1 1 1 1 1 0 1 0 0 0 1 1 0 2 1 0 0 0 0 1 0 0 0 0 -1 2 -1 0 0 1 0 0 0 -1 0 0 0 0 -1 1 0 0 0 0 0 0 -1 1 -1 0 1 0 -1 0 0 1 0 -1 1 -1 0 0 0 0 0 2 1 -1 0 -1 0 0 -2 1 1 2 1 1 1 0 0 -1 -1 -1 1 0 -1 0 0 1 -1 -1 1 0 0 0 -1 1 0 -1 0 1 -1 1 -1 1 0 0 1 -1 0 0 0 -1 -1 0 0 1 1 1 -1 1 0 0 0 1 0 0 0 -1 -1 -1 0 -1 -1 0 0 0 -1 0 0 0 0 1 0 0 0 -1 0 -1 0 0 2 0 1 0 1 0 0 0 0 1 0 0 1 0 0 0 0 0 0 0 0 0 0 0 0 0 0 0 0 0 0 0 0 0 0 0 0 0 0 0 0 0 0 0 0 0 0 0 0 0 0 0 -2 0 0 -2 0 0 0 0 0 0 0 0 0 0 0 0 0 0 -2 0 0 0 0 0 0 0 2 -2 0 0 0 0 0 0 0 0 0 0 0 0 0 0 0 0 0 0 0 0 0 0 0 0 0 0 0 0 0 0 0 0 0 0 0 0 0 0 0 0 0 0 0 0 0 0 0 0 0 0 0 0 0 0 0 0 0 0 0 0 0 0 0 0 0 0 0 0 0 0 0 0 0 0 0 0 0 0 0 0 0 0 0 0 0 0 0 0 0 0 0 0 0 0 0 0 0 0 0 0 0 0 0 0 0 0 -2 0
0 -1 1 -1 0 -1 -1 0 1 0 1 0 0 0 0 0 1 -1 1 0 0 -1 1 -2 1 1 1 0 0 0 0 -1 0 1 1 0 0 0 0 0 1 0 1 -1 0 -1 0 -1 0 1 0 -1 0 0 0 -1 0 -1 0 1 -1 1 0 0 1 0 0 2 0 0 -1 0 0 1 1 0 1 0 0 1 0 0 1 -1 1 0 0 -2 1 -1 -1 0 0 0 0 0 0 0 0 0 0 0 0 0 0 0 0 0 -2 0 0 0 0 0 0 0 0 0 -2 0 0 -2 0 0 0 0 0 0 0 0 0 0 0 0 0 0 0 -1 0 0 -1 0 1 0 0 1 0 -1 0 -1 2 -1 1 -1 0 0 0 1 0 1 0 0 1 1 1 0 1 0 0 0 0 0 -1 0 0 0 -1 1 1 0 1 0 0 0 0 -1 1 2 0 0 1 0 0 0 0 -2 1 0 0 0 -1 0 0 1 -1 -1 -1 -1 1 0 0 1 1 -1 0 0 1 0 -1 0 0 1 1 0 0 0 0 1 0 1 0 -1 -2 -1 -1 1 -1 -1 0 0 0 0 0 0 0 1 0 0 0 -1 1 -1 1 0 1 0 -1 2 0 0 0 -1 1 -1 1 0 0 1 0 0 0 1 0 0 -1 -2 0 -1 -1 -1 0 1 -1 1 1 1 -1 0 0 -1 1 0 -1 -1 -2 0 -1 -1 0 0 0 0 1 0 1 0 0 0 1 -1 1 1 1 -2 -1 0 0 0 -1 0 0 0 0 0 1 2 1 0 0 1 0 0 0 1 0 0 0 0 0 0 0 0 0 0 0 0 0 0 0 0 0 0 0 0 0 0 0 0 0 0 0 0 0 0 0 0 0 0 0 0 0 0 0 0 0 0 0 0 0 0 0 0 0 0 0 0 0 0 0 0 0 0 0 0 0 0 0 0 0 0 0 0 0 0 0 0 0 0 0 0 0 0 0 0 0 -2 0 0 -2 0 0 0 0 0 0 0 0 0 0 0 0 0 0 0 0 0 0 0 0 0 0 0 0 0 0 0 0 0 0 0 0 0 0 0 0 0 0 0 0 0 0 0 0 0 0 0 0 0 0 0 0 0 0 0 0 0 0 0 0 2 0 0 0 2 0 0 0 0 0 0 0 0 0 0 0 0 0 0 0 0 0 0 0 0 0 0 0 0 0 0 1 -1
-1 0 0 0 0 0 0 0 0 0 0 0 -2 0 0 2 0 2 0 0 0 0 0 0 0 0 0 0 0 0 0 0 0 0 0 0 0 0 0 0 0 0 0 0 0 0 0 0 0 0 0 0 0 0 0 0 0 0 0 0 0 0 0 0 0 0 0 0 0 0 0 0 0 0 0 0 0 0 0 0 0 0 -2 0 0 0 0 -1 0 0 -1 0 0 1 1 1 -1 0 -1 0 0 0 -1 1 -1 0 0 -1 1 0 0 -1 1 1 1 -1 1 0 1 0 0 0 -1 0 0 1 -1 0 1 0 -1 -1 -1 -1 -1 0 0 1 0 0 1 -1 0 0 0 1 0 0 1 -1 0 0 0 -1 0 -1 0 0 -2 -1 -1 -2 0 0 1 0 0 0 0 1 0 0 0 0 0 1 0 0 1 0 1 -1 0 1 0 1 0 0 0 2 -2 1 0 1 1 0 0 0 0 -1 0 1 0 0 0 -1 -1 -1 0 -1 0 0 0 0 0 1 -1 0 0 0 1 -1 0 1 -2 1 0 1 -1 0 2 1 0 -1 -1 0 0 0 0 -2 1 1 1 -1 -1 1 -1 0 0 0 -1 1 0 -1 0 0 1 -1 1 -1 0 -1 0 0 0 0 0 1 0 0 0 -1 0 1 0 0 -1 0 0 0 0 1 1 1 0 0 1 0 0 0 1 -1 1 0 0 1 0 1 -1 0 0 1 0 0 0 0 -2 1 0 1 1 0 -1 0 -1 -1 -1 1 1 0 0 0 0 0 0 1 0 1 0 -1 1 -1 0 0 -2 0 0 0 -1 1 1 0 -1 1 0 0 0 0 -1 1 0 -1 0 -1 -1 1 0 2 -1 0 0 1 0 1 -1 0 0 0 0 0 0 0 0 0 0 0 0 0 0 -2 0 0 0 0 0 0 0 0 0 0 0 0 0 0 0 0 0 0 0 0 0 0 0 0 0 0 2 0 0 0 0 0 0 0 0 0 0 0 2 0 0 0 0 0 0 0 0 0 0 0 0 0 0 0 0 0 0 0 0 0 0 0 0 2 0 0 0 0 0 0 0 0 0 0 0 0 0 0 0 0 0 0 0 0 0 0 0 2 0 0 0 0 0 0 0 -2 0 0 0 0 0 0 0 0 0 0 -2 0 0 0 0 0 0 0 0 0 0 0 0 0 0 0 0 0 0 0 0 0 -2 0 0 0
0 1 0 -1 0 -1 -1 -1 0 -1 0 0 -1 1 1 -1 -1 1 1 0 1 1 0 0 0 1 0 -1 2 -1 1 0 0 1 0 -1 -1 -1 0 1 -1 0 -1 0 0 0 1 2 0 0 0 0 0 0 -1 1 -1 0 0 0 0 -1 0 0 0 0 -1 1 1 0 -2 1 0 1 1 0 0 0 0 0 0 -1 -1 1 1 0 0 0 0 0 0 0 0 0 0 0 0 0 0 0 0 0 0 0 0 0 0 0 0 0 0 0 0 0 0 0 0 0 0 0 0 0 0 0 0 0 0 1 0 -1 1 0 0 1 1 -1 0 0 -1 1 1 0 -1 1 0 -1 0 0 0 1 -1 1 0 -1 -1 2 1 0 -1 0 0 0 0 -1 0 1 0 1 0 0 0 0 0 -1 0 0 0 0 0 0 1 1 0 1 -1 -1 0 -1 0 -1 -1 1 0 0 -1 0 0 0 0 0 1 0 0 -1 -1 1 1 0 1 -2 1 -2 -2 0 0 0 1 0 1 0 0 -1 1 0 0 0 1 0 1 0 -1 0 2 0 1 0 2 0 0 -2 0 1 0 -1 -1 1 -1 0 0 0 0 -1 -2 -1 -1 0 0 -2 0 1 -1 0 0 0 1 1 0 1 0 1 -1 0 1 0 0 0 0 0 1 -1 -1 0 0 -1 -1 2 0 0 0 0 0 -1 1 -1 1 0 -1 0 1 1 0 1 0 0 2 1 0 1 0 0 1 0 1 1 1 0 0 -1 -1 -1 1 0 0 0 0 0 0 0 0 1 0 0 1 -1 1 2 0 1 0 0 0 0 0 0 0 0 0 0 0 0 0 0 0 0 0 0 0 0 0 0 0 0 0 0 0 0 0 0 0 0 0 0 0 0 0 0 0 0 0 0 0 0 0 0 0 0 0 0 0 0 0 0 0 0 0 0 0 0 0 0 0 0 0 0 0 0 0 0 0 0 0 0 2 0 0 0 0 0 0 0 0 0 0 0 0 0 0 0 0 0 0 0 0 0 0 0 0 0 0 0 0 0 0 0 0 0 0 0 0 0 0 0 0 0 0 0 0 0 0 0 0 0 0 0 0 0 0 0 0 0 0 0 0 0 0 0 0 0 0 0 0 0 0 0 0 0 0 2 0 0 0 0 0 0 0 0 0 0 0 0 0 0 0 0 0 0 2 0 0 0 0 1
0 -1 0 1 -1 -1 1 0 -2 0 0 0 0 1 0 0 0 0 0 1 0 0 1 -1 -1 1 -1 0 0 -1 1 1 -1 0 -1 -1 0 0 1 0 1 0 1 0 0 0 0 0 -1 0 1 0 -1 1 1 -1 -1 -1 0 0 0 1 0 -1 0 1 -1 0 -1 0 -1 0 0 1 -2 0 1 0 0 -1 0 -1 0 0 0 0 0 2 -2 0 0 0 1 0 1 0 1 0 0 0 1 0 -1 0 0 -2 1 0 0 0 0 0 0 0 0 0 -2 0 0 0 0 0 0 0 0 0 0 0 2 0 0 0 0 0 0 0 0 0 0 0 0 0 0 0 0 0 0 -1 -1 1 0 0 0 1 1 1 0 0 1 0 1 -1 0 0 0 0 0 0 -1 -2 -1 1 0 -1 0 -1 0 2 1 -1 -1 0 1 0 0 -1 1 -1 1 -1 0 0 1 0 0 0 0 0 0 1 0 0 0 0 0 -1 0 0 0 -1 1 0 -1 0 0 0 0 0 -1 -1 0 0 0 0 -1 0 0 1 0 1 1 0 1 0 1 -1 1 0 0 0 0 -1 0 0 1 1 0 0 1 0 0 0 0 1 0 0 0 0 0 1 0 0 -1 1 -1 0 -1 -1 -1 -1 0 1 0 -1 0 -1 -1 0 -1 1 -1 1 -1 1 -1 1 0 0 0 0 0 1 0 0 -2 0 0 2 -1 1 1 1 0 -1 1 1 -1 0 0 0 -1 1 0 1 -1 0 0 2 0 -1 1 1 -1 -1 -1 0 1 1 0 0 -1 0 0 1 -1 0 0 0 0 0 1 0 0 0 0 0 0 0 0 0 0 0 0 0 0 0 0 0 0 0 0 0 0 0 0 0 0 0 0 0 0 0 0 0 0 0 0 0 0 0 0 0 0 0 0 -2 0 0 0 0 0 0 0 0 0 0 0 0 0 0 0 0 0 2 0 0 0 0 0 0 0 0 0 0 0 0 0 0 0 0 0 0 0 0 0 0 0 0 0 0 0 0 0 0 0 0 0 0 0 0 0 0 0 0 0 0 0 0 0 0 0 0 0 0 0 0 0 0 0 0 0 0 0 0 0 0 0 0 0 0 -2 0 0 0 0 0 0 0 0 0 0 0 0 0 0 0 0 0 2 0 0 0 0 0 0 0 0 0 0 0 0 0 0 0 0 2 0 0 0 0 0 -2
0 0 0 0 0 0 0 0 0 0 2 0 2 0 0 0 0 0 0 0 0 0 0 0 0 0 0 0 0 0 0 0 0 0 2 0 0 0 0 -1 0 0 2 -1 0 0 0 0 0 0 0 0 0 0 0 0 0 0 0 0 0 0 0 0 0 0 0 0 0 0 0 0 0 0 0 0 0 0 0 -1 2 0 -1 1 0 1 0 -1 0 -1 0 -1 0 0 1 1 0 0 0 1 -1 0 -1 0 1 0 0 0 0 0 0 -1 -1 0 -1 -1 -1 -1 0 1 1 1 0 0 -1 0 -2 0 0 0 -2 0 -1 1 1 -1 -1 -1 -2 1 0 0 0 1 -1 0 -1 0 0 0 -1 -1 0 0 0 -1 0 -1 1 -1 0 1 -1 0 0 0 0 1 -1 -1 -1 0 -1 1 0 1 0 0 0 -1 0 0 0 0 0 0 0 0 -1 0 0 1 -1 1 -1 0 0 0 0 1 1 -1 1 0 0 0 1 0 0 0 1 2 0 0 0 0 1 0 1 -1 0 -1 -1 -1 1 0 0 0 -1 0 0 0 0 0 1 -1 -1 -1 0 1 1 -1 0 1 0 0 1 0 0 -1 0 0 0 0 -2 0 0 -1 0 0 -1 2 0 0 -1 0 -2 1 0 1 1 0 1 1 0 -1 1 0 1 0 2 1 0 1 -1 0 1 0 -1 1 1 0 -1 0 1 0 1 0 0 0 1 1 -1 1 1 -1 1 2 1 0 -2 0 0 -1 -1 -1 0 0 0 0 0 -1 1 -1 0 1 0 1 0 0 0 -1 0 0 0 0 1 0 1 1 0 0 0 1 1 1 0 0 0 1 0 -1 1 0 -1 0 1 0 0 0 0 -2 1 1 0 0 0 0 0 0 0 0 0 0 0 0 0 0 0 0 0 0 0 0 0 0 0 0 0 0 0 0 0 0 0 0 0 0 0 0 0 0 0 0 0 0 0 0 0 0 0 0 0 0 0 0 0 0 0 0 0 0 0 0 0 0 0 0 0 0 0 0 0 0 2 0 0 0 0 0 0 0 2 0 0 0 0 0 0 0 0 0 0 0 0 0 0 0 0 0 0 0 0 0 0 0 0 0 0 0 0 0 0 0 0 0 0 0 0 0 0 0 0 0 0 0 0 0 0 0 0 0 0 0 0 0 0 0 0 0 0 0 0 0 0 -2 0 0 0 0 0 1
0 0 0 0 0 0 0 0 0 0 0 0 0 0 0 0 0 0 0 0 0 0 0 0 0 0 0 0 0 0 0 0 0 0 0 0 0 0 0 0 0 0 0 0 0 0 0 0 0 0 0 0 0 0 0 2 0 0 0 0 0 0 0 -2 0 2 0 0 0 0 0 0 0 0 0 0 0 2 0 0 0 0 0 0 0 0 -1 2 -2 1 0 1 1 1 0 1 1 0 0 0 0 1 0 0 0 0 0 2 1 -1 -1 0 -1 -1 1 1 0 1 0 1 0 -1 -1 0 -1 0 0 0 -1 0 -1 0 1 1 1 1 -1 0 -1 -1 0 0 -2 0 -1 0 0 0 0 0 -1 0 1 1 0 0 1 0 -1 1 0 0 0 -1 1 0 1 1 0 0 0 1 0 0 -1 0 0 -1 0 0 0 -1 0 0 -1 -1 0 0 0 -1 0 0 -1 -1 -1 -1 0 1 -1 -1 0 0 0 0 0 -1 1 1 0 -1 0 -1 0 0 -2 0 0 1 -1 0 0 0 0 1 0 1 -1 -1 0 0 2 0 0 0 0 1 0 1 1 0 1 -1 0 -2 0 -1 0 1 0 1 2 1 -1 0 0 0 1 0 1 1 0 -1 0 -1 0 0 0 0 -1 0 0 -2 0 1 -1 -2 0 0 -1 0 -1 0 1 -1 0 0 -1 -1 0 -1 0 -1 1 0 0 0 0 -1 0 -1 -1 0 0 -1 1 1 0 0 -1 0 0 0 0 1 1 0 -1 -1 0 0 1 -1 0 0 -1 1 0 0 -1 1 1 0 -1 0 -1 1 0 2 0 1 1 -1 1 0 0 0 1 1 0 1 1 0 -1 -1 -1 0 1 0 1 0 1 1 0 0 0 2 0 0 0 0 0 0 0 0 0 -2 0 0 0 0 0 0 0 0 0 0 0 0 0 0 0 0 0 0 0 0 0 0 0 0 0 0 0 0 0 0 0 0 0 0 0 0 0 0 0 0 0 0 0 0 0 0 0 0 0 0 0 0 0 0 0 0 0 2 0 0 0 0 0 0 0 0 2 0 0 0 0 0 0 0 0 0 0 0 0 0 0 0 0 0 0 0 0 0 0 0 0 0 0 0 0 0 0 0 0 0 0 0 0 0 0 0 0 0 0 0 0 0 2 0 0 0 0 0 0 0 0 0 0 0 0 0 0 0 0 0 0 0 0 0 -1 -1
-1 0 0 0 0 0 0 0 0 0 0 0 0 0 0 0 0 0 0 0 0 0 0 0 0 0 0 1 0 0 0 0 0 0 0 0 0 0 0 0 0 0 0 0 0 0 0 0 0 0 0 0 0 0 0 0 0 0 0 0 0 0 0 0 0 0 0 0 0 0 0 0 0 1 0 -1 0 1 0 -1 0 1 0 -1 0 0 1 -2 0 1 0 0 0 -1 1 2 0 1 -1 0 0 0 1 -1 1 1 -1 1 0 1 0 -1 -1 1 -1 0 0 -1 0 0 0 0 0 0 0 1 1 1 0 0 0 1 0 1 2 0 0 0 0 0 -1 0 0 1 0 -1 1 -1 0 -1 0 0 -1 -1 0 -1 -1 -1 -1 0 0 -1 0 0 1 0 -1 0 0 1 0 2 0 1 1 0 2 -2 1 0 0 0 0 1 1 1 0 0 1 -1 -1 -1 1 0 0 -1 -1 -2 -1 -1 0 0 -2 0 0 -1 0 1 -1 0 -1 -1 1 -1 1 0 -1 0 0 1 -1 1 0 0 0 0 -1 1 0 0 2 0 0 0 1 0 0 -1 1 2 0 1 0 -1 1 -1 1 0 0 0 0 0 1 0 1 0 0 0 0 0 0 0 1 1 1 0 0 0 0 0 0 -1 0 0 0 2 1 0 0 0 1 0 1 0 1 0 1 1 1 0 1 0 0 -1 0 0 0 0 1 0 0 0 0 1 0 -1 0 0 0 2 0 -1 0 -1 0 0 0 -1 0 0 2 1 0 0 -1 0 0 -1 1 0 -1 1 0 0 -1 -1 0 -2 0 0 0 0 0 0 0 0 1 0 0 0 0 0 0 -1 -2 1 0 0 -1 1 -1 0 1 0 1 0 0 0 1 0 1 0 0 0 0 0 0 0 0 0 0 0 0 0 0 0 0 0 0 0 0 -2 0 0 0 0 0 0 0 2 0 0 0 0 0 0 0 0 0 0 0 0 0 0 0 0 0 0 0 0 0 0 0 0 -2 0 0 0 0 0 0 0 0 0 0 0 0 0 0 0 0 0 0 -1 0 0 0 0 0 0 0 0 0 0 0 0 0 -1 -1 0 -1 -1 0 -1 0 0 0 0 0 0 0 0 0 0 0 0 0 0 0 2 0 0 0 0 2 0 0 0 0 0 0 0 0 0 0 0 0 0 0 0 0 0 0 0 0 0 0 0 0 0 1 0
0 0 -2 0 1 0 1 0 0 2 1 0 -1 2 0 -1 0 0 1 1 -1 0 1 0 0 1 -1 1 -1 1 1 1 0 0 1 0 0 1 1 0 -1 0 1 0 -1 1 0 1 1 -1 -1 0 0 1 -1 1 -1 0 0 1 0 0 -1 -1 0 0 0 -1 1 0 0 0 -1 0 1 -1 1 0 0 -1 0 0 0 0 -2 0 0 0 0 0 0 0 0 0 0 0 0 0 0 2 0 0 0 0 0 0 0 0 0 0 0 0 0 0 0 1 0 0 0 -2 1 1 0 2 2 0 1 0 0 0 0 0 0 -2 -1 0 0 0 0 0 -1 0 -1 0 0 0 1 0 -1 0 1 -1 -1 1 0 0 0 -1 -2 0 0 0 0 0 0 0 0 0 -1 -1 0 0 -1 0 -1 1 1 -1 0 1 0 0 0 -1 0 -1 0 0 0 -1 -1 0 -1 -1 0 0 -1 1 0 2 0 0 1 0 1 -1 1 -1 -1 0 0 -1 0 0 0 -1 1 1 0 0 0 0 0 1 0 1 0 0 0 1 -1 1 -1 0 0 0 0 -1 0 1 -1 1 0 2 -1 -1 -1 0 -1 1 1 0 -1 0 1 0 0 1 0 0 0 1 1 1 -1 -1 0 2 -2 0 1 0 1 1 0 0 0 0 0 -1 -1 1 0 0 1 0 1 0 0 0 0 -1 0 1 0 1 0 -1 0 1 -1 -1 0 0 0 1 0 0 0 0 -1 0 1 1 0 0 0 1 0 -1 -1 1 0 -1 0 1 1 -1 0 0 0 0 0 0 0 0 0 0 0 0 0 0 0 0 0 0 0 0 0 0 0 -2 0 0 0 0 0 0 0 0 0 0 0 0 0 0 0 0 0 0 0 0 0 0 0 0 0 0 0 0 0 0 0 0 0 0 0 0 0 0 0 0 0 0 0 0 0 0 0 0 0 0 0 0 0 0 0 0 0 0 0 0 2 0 0 0 0 0 0 0 0 0 0 0 0 0 0 0 0 0 0 0 -2 2 0 0 0 0 0 0 0 0 0 0 0 0 0 0 0 0 0 0 0 0 0 0 0 0 0 0 0 0 0 0 0 0 0 0 0 0 0 0 0 0 0 0 0 0 0 0 0 0 0 0 0 0 0 0 0 0 0 0 0 0 0 0 0 0 0 0 0 0 0 0 0 0 0 0 0 0 -1 1
0 0 0 1 0 0 0 0 0 1 0 0 -1 0 0 0 1 1 1 0 0 0 1 0 0 0 0 0 0 0 0 0 -1 0 1 -1 1 0 1 1 0 2 1 -1 1 0 -1 1 0 0 0 -2 0 -1 1 1 0 1 -1 0 1 0 -1 0 0 0 0 1 1 0 0 0 0 0 -1 1 0 0 0 -1 0 0 1 0 1 1 0 -1 -1 -1 -2 0 0 0 -2 0 1 0 1 -1 1 -1 -2 0 0 0 -2 0 0 0 0 2 0 0 0 0 0 0 0 0 0 0 0 0 0 0 0 0 0 0 1 0 -1 -1 0 0 -1 0 0 1 0 -1 0 0 -1 -1 0 0 -1 1 0 -1 0 -1 0 0 -1 0 0 -1 0 2 0 0 0 -1 0 1 0 0 1 0 1 0 0 1 0 1 0 1 -1 0 0 0 0 1 -1 -1 0 0 1 0 0 1 2 0 -1 1 -2 -1 1 0 0 0 0 0 -1 -1 -1 0 -1 0 0 0 -1 0 0 1 -1 0 0 0 -1 1 0 0 0 0 0 0 1 1 0 -1 0 -1 0 0 1 0 0 0 -1 -1 0 1 0 -1 -1 -1 -1 0 0 1 -1 0 0 2 -1 0 2 0 0 0 0 1 0 1 0 0 0 1 1 1 0 -1 0 0 0 1 0 0 1 0 0 -1 0 0 -1 0 -2 0 1 0 -1 -1 0 0 -1 0 0 1 1 -1 -1 -1 0 1 0 0 -1 1 1 1 0 -1 0 -1 0 1 0 0 1 0 1 0 1 0 -1 0 0 -1 1 -1 1 0 0 0 1 -1 0 0 0 0 -1 0 0 0 0 0 0 0 0 0 0 0 0 0 0 0 0 0 0 0 0 0 0 0 0 0 0 0 0 0 0 0 0 0 0 0 0 0 0 0 0 2 0 0 0 0 0 0 0 0 0 0 0 0 0 0 0 0 0 0 0 0 0 0 0 0 0 0 0 0 0 0 0 0 0 0 0 0 0 0 0 0 0 0 0 0 0 0 0 0 0 0 0 0 0 0 0 0 0 0 0 0 0 0 0 0 0 0 0 0 0 0 0 0 0 0 2 0 0 0 0 0 0 0 0 0 0 0 0 0 0 0 0 0 0 0 0 0 0 0 0 0 0 0 0 0 0 0 2 0 0 0 0 0 0 0 0 0 0 2 0 0 0 0 0 0 1 1
0 1 1 0 0 -1 1 -1 0 -1 0 0 0 1 0 0 1 -1 0 0 1 1 0 -1 -1 0 0 0 -1 -1 1 1 -1 0 0 1 1 0 0 0 0 1 0 0 0 0 0 -1 1 -1 0 -1 0 0 0 -1 0 -1 -1 0 -1 0 -1 -1 1 0 1 0 -1 0 1 0 1 0 -1 0 -1 2 0 0 -1 -1 1 -1 2 0 -1 0 0 0 0 0 0 0 0 0 0 0 0 0 0 0 0 0 0 0 0 0 0 0 0 0 0 0 0 0 0 0 0 0 0 0 1 0 -1 0 1 0 0 1 2 0 1 0 -1 1 0 -1 0 1 -1 -1 0 1 0 0 -1 1 0 0 0 1 -1 1 0 0 -1 1 -1 1 0 0 1 1 0 -1 0 0 -1 0 0 0 1 1 0 -1 0 0 -1 1 0 0 1 1 1 0 -1 1 -1 1 1 0 0 0 1 0 -1 0 1 -1 -1 0 -1 -1 0 0 -1 -2 -1 0 -1 0 -1 0 0 1 -1 0 -1 0 0 0 0 -2 0 -1 0 1 -1 1 1 -1 -1 0 1 0 0 0 0 -1 -1 0 0 1 1 0 -1 0 -1 0 -1 0 -1 0 1 0 0 -1 -1 0 1 0 0 0 1 1 -1 0 -1 0 0 0 0 0 0 0 0 0 -1 -2 -1 0 0 -1 0 -1 1 0 -1 0 1 -1 0 1 -1 0 1 1 0 1 0 -1 0 0 -1 1 1 -1 0 -1 2 0 0 -1 -1 1 0 -1 -1 0 0 0 0 0 0 0 0 0 0 0 0 0 2 0 0 0 0 0 0 0 0 0 0 0 0 0 0 0 0 0 0 0 0 0 0 0 0 0 0 0 0 0 0 0 0 0 0 0 0 0 0 0 0 0 0 0 0 0 0 0 0 0 0 0 0 0 0 0 0 0 0 0 0 0 0 0 0 0 0 0 0 0 0 0 0 0 0 0 0 0 0 0 0 0 0 0 0 0 0 0 0 0 0 0 0 0 0 0 0 2 0 0 0 0 0 0 0 0 0 0 -2 0 0 0 0 0 0 0 0 0 0 0 0 0 0 0 0 0 0 0 0 0 0 0 0 0 0 0 0 0 0 0 0 0 -2 0 0 0 0 0 0 0 0 0 2 0 0 0 0 0 0 0 0 0 0 0 0 0 0 0 0 0 0 0 0 2 0 0 0 0 0 1
0 0 0 0 0 0 0 -2 0 0 0 0 0 0 2 0 0 0 0 0 0 0 0 0 0 0 0 0 0 0 0 0 0 0 0 0 -2 0 0 0 0 0 0 0 0 0 0 -2 0 0 0 0 0 0 0 0 0 0 0 0 0 0 2 0 0 0 0 0 0 0 0 0 0 0 0 0 0 0 -1 0 -1 0 1 -1 0 0 0 0 0 -1 1 -1 1 -1 1 1 -1 0 0 0 2 -1 0 0 1 -1 0 0 0 -1 -1 0 -1 1 -1 0 -1 0 -1 1 -2 1 0 0 0 0 -1 0 0 -1 0 0 0 0 0 0 -1 0 -1 0 -1 1 1 0 1 0 0 0 0 0 1 0 0 0 -1 -1 -1 0 -1 0 1 1 0 0 -1 -1 1 1 0 1 1 0 0 0 -1 1 0 0 0 -1 0 -1 1 0 0 1 0 0 1 1 0 0 -1 -2 -1 0 0 -1 0 0 0 0 0 1 0 1 -1 0 0 -1 -1 0 -1 0 0 -1 -1 0 1 0 0 1 1 -1 0 0 0 0 -1 -1 0 -1 0 1 0 0 0 -1 -1 0 1 -1 1 1 0 0 0 0 0 0 0 -1 0 0 -1 -2 0 -1 1 -1 0 0 1 -1 0 -1 -1 0 -1 0 0 1 0 -1 1 0 0 0 0 -1 0 1 -1 -1 0 0 0 -1 1 1 0 1 0 -1 0 -1 0 1 0 1 1 1 0 1 -1 0 1 0 0 -1 1 0 -2 0 -1 1 1 1 -1 -1 -1 0 -1 1 0 1 -1 -2 0 1 -1 1 0 0 -1 1 1 1 1 0 0 0 0 0 1 0 1 0 1 -1 -1 0 1 1 0 1 -1 -1 -1 0 0 0 0 0 0 0 0 0 0 0 0 0 -2 0 0 0 0 0 0 0 0 0 0 0 0 0 0 0 0 0 0 0 0 0 0 0 0 0 0 0 0 0 0 0 0 0 0 0 0 0 0 0 0 0 0 0 0 0 0 0 0 0 0 0 0 0 0 0 0 0 0 0 0 0 0 0 0 0 0 0 0 0 0 0 0 0 0 0 0 0 0 0 0 -2 0 0 0 0 0 0 0 0 0 0 0 0 0 0 0 0 0 0 0 0 0 0 0 0 2 0 0 0 0 0 0 0 0 0 0 0 0 0 0 0 0 0 0 0 0 0 0 0 0 0 -2 0 0 0 0 0 0 0
1 0 2 0 0 0 -2 0 0 0 0 0 0 0 0 0 0 0 0 0 0 0 0 0 0 0 0 -1 0 0 1 0 0 2 0 0 0 0 0 0 0 0 2 0 0 0 0 0 0 0 0 0 0 0 0 0 0 0 0 0 0 0 0 0 0 0 0 0 0 0 0 0 0 0 0 0 0 0 0 -2 0 1 1 1 -1 -1 1 0 0 0 -2 1 0 0 -1 1 0 0 -1 -1 -1 0 0 0 1 -1 0 0 -1 0 1 0 0 1 0 0 0 0 1 -2 0 1 1 -1 0 -1 -1 -1 1 -1 0 0 0 0 1 0 0 1 -1 0 -2 -2 0 1 0 -1 1 0 0 -2 -1 -1 -1 0 -1 0 -1 0 1 0 0 0 0 0 1 -1 0 1 0 -1 0 1 0 -1 -1 0 0 0 1 0 -2 1 0 0 0 1 0 0 1 -1 0 0 1 0 0 1 0 1 0 0 0 0 0 -1 1 -1 0 0 0 1 0 -1 -1 1 0 0 -1 0 0 0 -1 -1 0 0 0 -2 0 0 0 -2 1 0 -1 1 0 0 1 0 -1 1 0 -1 1 0 1 0 0 0 1 0 0 2 -1 1 0 0 0 -1 0 -1 0 0 -1 0 0 0 -1 -1 -1 0 1 0 1 -1 0 1 0 0 0 0 0 -1 0 -1 -1 0 -1 0 0 0 -1 0 0 1 -1 -1 0 -1 0 1 0 0 0 -1 0 1 0 0 1 -1 0 0 1 -1 1 1 0 0 -1 -1 0 1 -1 -1 2 0 -1 0 1 -1 1 0 -1 1 0 0 0 0 0 -1 1 0 1 -1 0 0 0 0 1 0 0 1 1 -2 0 0 0 0 -1 0 0 0 0 0 -1 1 -1 0 0 0 0 0 0 0 0 0 0 0 0 0 0 0 0 0 0 0 0 0 0 0 0 0 0 0 0 0 0 0 0 0 0 0 0 0 0 0 0 0 0 0 0 0 0 0 0 0 0 0 0 0 0 0 0 0 0 0 0 0 0 0 0 0 0 0 0 0 0 0 1 0 0 0 1 0 0 0 0 0 0 0 -1 0 0 0 1 1 -1 0 1 0 1 0 0 0 0 0 0 0 0 0 -2 0 0 0 0 0 0 0 0 0 0 0 0 0 0 0 0 0 0 0 0 0 0 0 0 0 0 0 0 0 0 0 0 0 0 0 0 0 0 0 0 0
0 0 1 1 1 -1 0 0 -1 1 0 1 1 -1 0 0 0 0 0 -1 1 0 0 -1 0 1 0 1 -1 1 1 1 -1 1 0 0 0 1 -1 1 -1 0 -1 1 1 -1 0 1 0 1 0 -1 0 0 -1 1 1 0 -1 0 0 2 1 0 -1 0 1 0 1 0 0 -1 -1 0 0 0 0 0 0 0 0 0 0 0 0 0 -2 0 0 0 0 0 0 0 0 0 0 0 0 0 0 0 0 0 0 0 0 -2 0 0 0 0 1 0 0 -2 1 0 1 -1 0 0 0 1 0 0 0 0 -1 1 0 0 0 1 0 -1 0 0 0 0 0 0 0 0 0 0 0 1 0 0 0 0 0 1 0 -1 0 -1 0 0 0 1 0 0 -1 -1 0 0 1 -1 0 0 1 1 -1 -1 1 -1 0 0 0 1 1 -1 0 0 0 1 0 0 0 0 -1 0 0 0 0 0 0 0 0 1 0 -1 0 1 -1 -1 0 -1 1 -1 -1 0 1 2 1 -1 -1 0 0 -2 -1 0 0 1 1 0 1 0 0 0 0 0 -1 0 -1 0 2 -1 -1 0 1 0 0 0 0 -1 -1 1 -1 -1 0 -1 -1 0 0 -1 0 0 0 0 -1 0 0 1 1 1 -1 0 0 -1 1 1 1 1 -1 0 0 -1 0 0 0 1 1 1 1 0 1 1 0 1 0 0 0 0 1 1 0 0 1 0 0 0 0 -1 0 0 0 0 -1 0 1 0 -1 0 0 0 -1 -2 1 -1 0 0 1 0 1 0 0 0 0 0 0 0 0 0 0 0 0 0 0 0 0 0 0 0 0 0 0 0 0 0 0 0 0 0 0 0 0 0 0 0 0 0 0 0 0 0 0 0 0 0 0 0 0 0 0 0 0 0 0 0 0 0 0 0 0 0 0 0 0 0 0 0 0 0 0 0 0 0 0 0 0 0 0 0 0 2 0 0 0 0 0 0 0 0 0 0 0 0 0 0 0 0 0 0 0 0 0 0 0 0 0 0 0 0 0 0 0 0 0 0 2 0 2 0 0 0 0 0 0 2 0 0 0 0 0 0 0 0 0 2 -2 0 0 0 0 0 0 0 0 0 0 0 0 -2 0 0 0 0 0 0 0 0 0 -2 -2 0 2 0 0 0 0 2 0 0 0 0 0 0 0 0 0 0 0 0 0 0 0 0 0 1
0 -1 0 1 0 0 1 1 0 -1 0 0 0 -1 -2 0 -1 -1 -1 0 0 1 -1 -1 -1 0 0 0 1 0 1 0 2 0 0 -1 0 1 0 0 0 1 0 0 1 0 0 1 1 1 0 0 1 0 0 -2 0 0 0 0 1 1 0 -1 0 -1 1 0 0 -1 0 -1 -1 -1 0 1 0 1 -1 1 1 -1 -1 0 0 0 0 0 0 -1 1 0 0 0 0 0 0 0 0 0 0 0 0 2 0 0 0 0 0 0 0 0 0 0 2 0 0 0 0 0 0 0 0 0 0 0 0 0 0 0 0 0 0 0 0 0 0 0 -2 0 1 0 1 0 -1 0 1 0 1 0 0 1 1 -1 1 -1 -1 0 -2 1 -1 1 0 0 0 0 0 0 0 0 1 0 1 0 0 0 0 -1 0 1 0 1 1 -2 0 0 0 -1 0 0 0 0 -1 0 0 -2 1 0 -1 -1 0 -1 0 1 1 0 -1 1 1 1 -1 0 0 1 0 -1 1 0 1 1 -1 0 -1 1 -1 0 0 -1 1 2 0 1 0 0 0 0 0 0 0 1 0 0 0 -1 0 0 1 0 0 -1 -1 0 0 0 1 0 1 0 0 0 -1 -1 0 0 -2 -1 0 0 -1 -1 0 0 -1 0 0 -1 0 0 -1 0 -1 -1 1 0 1 0 0 0 2 1 0 0 0 -1 -2 0 0 0 0 0 0 1 0 0 1 1 -1 0 -1 0 0 1 0 1 -1 0 -1 -1 -1 1 0 1 -1 1 0 0 0 0 -1 0 2 0 -1 0 0 -1 0 0 0 0 0 0 0 0 0 0 0 0 0 0 0 0 0 0 0 0 0 0 0 0 0 0 0 0 0 2 0 0 2 0 0 2 0 0 0 0 0 0 0 0 0 0 0 0 0 0 0 0 0 0 0 0 0 0 0 0 0 0 0 0 0 -2 0 0 0 0 0 0 0 0 0 0 0 0 0 0 0 0 0 0 0 0 0 0 0 0 0 0 0 -2 0 0 0 0 0 0 0 0 0 0 0 0 0 0 0 0 0 0 0 0 0 0 0 0 0 0 0 0 0 0 0 0 0 0 0 0 0 0 0 0 0 2 0 0 0 0 0 0 0 0 0 0 0 0 0 0 0 0 0 0 0 0 0 0 0 0 0 0 0 0 0 0 0 0 0 2 0 0 0 0 -2 -1
0 0 0 0 0 0 0 0 0 0 0 0 0 0 0 0 0 0 0 0 0 0 0 0 0 0 0 0 0 0 0 0 0 0 0 0 0 0 0 0 0 2 0 0 0 0 0 0 0 0 0 0 0 0 0 0 0 -2 0 0 0 0 0 0 0 0 0 0 0 0 0 0 0 0 0 0 0 0 0 0 0 0 0 -2 0 -1 1 -2 0 -1 0 -1 0 0 0 -1 -1 1 0 -1 0 1 1 2 0 1 0 0 0 0 -2 1 0 1 0 0 0 0 -1 0 0 0 1 1 0 -1 0 0 0 -1 -1 1 0 0 -1 0 0 0 0 -1 1 0 0 0 1 1 0 -1 -1 1 -1 1 1 -2 -1 0 -1 -1 -1 -1 -1 0 1 -1 1 0 0 0 -1 1 -1 0 1 0 0 0 -1 -1 1 -1 -1 1 0 0 0 0 0 -1 0 -1 0 0 1 0 0 1 2 0 0 0 1 1 0 0 0 0 0 2 1 -1 0 -1 0 0 0 1 -1 1 1 0 -1 0 0 2 0 0 0 0 0 1 0 1 1 -1 0 0 1 0 -2 1 -1 0 1 -1 1 -1 1 0 0 -1 1 -1 -1 1 0 0 -1 1 0 -1 -1 0 0 0 0 0 0 0 0 -2 0 1 0 0 1 0 1 -1 0 0 -1 -1 1 1 1 0 1 0 -1 -1 0 -1 0 0 0 0 0 -1 0 1 -1 2 1 -1 0 -1 0 0 1 1 -1 0 -1 0 0 0 1 0 -1 1 0 1 1 -1 0 0 -2 2 0 0 0 -1 1 0 1 0 0 -1 0 0 -1 -1 -2 0 0 1 0 0 1 0 0 0 2 0 0 0 0 0 -1 0 0 0 0 0 0 0 0 -2 0 0 0 0 0 0 0 0 0 0 0 0 0 0 2 0 0 0 0 0 0 0 0 0 0 0 0 0 2 0 0 0 0 0 0 0 0 0 0 0 0 0 0 0 0 0 0 0 0 0 0 0 0 0 0 0 0 0 0 0 0 0 0 0 0 0 0 0 0 0 0 0 0 0 2 0 0 0 0 0 0 0 0 0 0 0 0 0 0 0 0 0 0 0 0 0 0 0 0 0 -2 0 0 0 0 0 0 0 0 0 0 0 0 0 0 0 0 0 2 0 0 0 0 0 0 0 0 0 0 0 0 0 0 0 0 0 0 0 0 0 0 0 0 1
0 -1 0 0 0 -1 0 0 -1 0 -1 0 0 0 0 -1 0 -1 0 -1 2 -1 -1 1 -1 -1 1 1 -1 0 0 -1 1 -1 0 0 0 -1 -1 0 0 -1 -1 0 0 -1 0 0 -1 1 0 -1 0 -1 0 -1 0 0 -1 -1 0 -1 2 -1 0 0 1 0 0 -1 0 1 -1 1 0 0 2 0 0 0 0 0 0 0 1 -1 1 0 -1 0 0 -1 0 1 0 0 0 0 0 0 0 0 0 0 0 0 0 0 0 0 0 0 0 0 0 0 0 0 0 0 0 0 0 0 0 0 0 0 0 0 0 0 -1 0 0 1 0 1 1 -1 2 1 0 0 0 0 0 0 0 -1 0 0 0 0 1 0 0 1 0 -1 1 -1 0 0 0 0 -1 -1 0 0 1 0 0 -2 0 -1 0 0 0 0 1 0 -1 -1 0 1 1 -1 2 1 0 0 -1 1 0 0 0 0 1 0 1 -1 0 -1 0 0 0 0 0 0 1 -1 0 0 -1 0 0 1 0 0 0 2 1 0 0 0 -1 0 0 1 1 0 1 0 1 1 0 0 0 1 -1 0 0 -1 1 -1 -1 -1 -1 0 -1 2 1 0 1 2 0 -1 -2 0 -1 -1 -1 -1 1 0 0 -1 1 1 0 0 -1 0 -1 0 0 0 -1 1 0 0 0 1 -1 0 0 0 -1 -2 -1 1 1 -1 1 0 -1 1 0 -1 2 1 -1 -1 0 1 0 0 0 0 1 1 0 0 1 -2 0 1 1 0 0 0 0 1 -1 -1 0 1 1 1 0 0 0 0 0 0 0 0 0 0 0 0 0 0 0 0 0 0 2 0 0 0 0 0 0 0 0 0 0 0 -2 0 0 0 0 0 0 2 0 0 0 0 0 0 0 0 0 0 0 0 0 0 0 0 0 0 0 0 0 0 0 0 0 0 0 0 0 0 0 0 0 0 0 2 0 0 0 0 0 0 0 0 0 0 0 0 0 0 0 0 0 0 0 0 2 0 0 0 0 0 0 0 0 0 0 0 0 0 0 0 0 0 0 0 0 0 0 0 0 0 0 0 0 0 0 0 0 0 0 0 0 0 0 0 0 0 0 0 0 0 0 0 0 0 0 0 0 0 0 0 0 0 0 0 0 0 0 0 0 0 0 0 0 0 0 0 0 0 0 0 0 0 0 0 0 0 0 0 0 0 -1 0
0 0 0 0 0 0 0 0 -2 0 0 0 -2 0 0 0 0 0 0 0 0 0 0 0 0 0 0 0 0 0 0 0 0 0 0 0 -2 0 0 0 0 0 0 0 0 0 0 0 0 0 0 0 0 0 0 0 0 0 0 0 0 -2 0 0 0 0 0 0 0 0 0 0 0 0 -1 1 1 0 0 -1 -2 2 0 -1 0 0 0 0 2 0 -1 -1 1 0 0 1 -1 -2 0 0 0 0 0 0 0 -1 1 0 -1 1 0 0 0 -1 0 0 0 0 0 0 -1 1 0 1 1 0 1 -2 0 -1 -1 1 0 0 1 0 0 -1 -1 0 0 0 -1 -1 -1 1 0 0 0 0 0 0 0 -2 0 1 0 0 0 2 1 1 0 0 1 0 0 -1 -2 -1 0 -1 0 0 0 -1 -1 1 0 -2 -1 0 0 0 0 0 -1 0 1 0 1 0 0 0 0 2 -1 0 0 1 -1 -1 0 1 0 0 0 -1 0 1 -1 0 0 0 0 0 0 0 -1 0 0 0 2 -1 0 0 2 1 1 1 0 -1 -1 0 -1 0 0 -1 0 -1 0 0 0 0 -1 -1 0 -1 1 0 1 0 -1 0 1 -1 0 1 0 -1 1 0 0 -1 -1 -1 -1 1 0 0 1 -1 1 -1 -1 1 -1 0 -1 0 0 1 0 0 0 0 -1 1 -1 0 -1 0 -1 0 1 0 0 1 1 1 -1 0 1 -1 0 1 -1 0 1 1 0 0 1 0 1 0 0 1 1 1 0 0 0 -1 1 0 0 -1 1 0 0 2 0 0 0 1 0 0 0 0 0 0 1 -1 0 0 -1 0 0 -1 -1 0 -1 0 0 1 0 -1 1 -1 0 0 -1 -1 -1 0 0 0 0 0 0 0 0 0 0 0 0 0 0 0 0 0 0 0 0 0 0 0 -2 2 0 0 0 0 0 0 0 0 0 0 0 0 0 0 0 0 0 0 0 0 0 0 0 0 0 0 0 0 0 0 0 0 0 0 0 0 0 0 0 0 0 0 0 0 0 0 0 0 0 0 0 0 0 0 0 0 0 0 0 0 0 0 2 0 1 0 0 0 0 0 0 0 0 0 0 0 0 0 0 0 0 0 0 0 0 0 0 0 0 0 0 0 0 0 0 0 0 2 0 0 0 0 0 0 0 0 0 0 0 0 0 0 0 0 0 0 0 0 0 0 1 0
0 -1 0 0 1 0 1 0 -1 -2 0 0 0 0 0 0 0 1 0 -1 -1 0 1 0 0 0 0 1 1 0 0 1 0 1 -1 0 0 -1 -1 -1 0 -1 0 0 0 -1 1 -1 0 0 0 1 -1 0 0 0 1 -1 0 0 0 0 1 1 0 0 1 0 1 0 -1 -1 -1 1 -1 1 0 0 0 0 1 -1 1 -1 -1 0 0 0 0 -2 0 0 0 0 0 0 0 0 0 0 0 0 0 0 0 0 0 0 0 0 0 0 0 0 0 0 0 0 0 0 0 0 0 0 2 2 0 0 -1 0 0 1 2 0 -1 0 0 0 0 -1 0 0 0 0 0 0 0 0 0 1 -2 -1 0 0 0 0 0 0 1 -1 0 1 1 0 0 -1 1 0 0 0 0 0 0 0 0 0 0 0 0 0 0 -2 0 0 0 0 1 -1 -1 0 0 0 1 -1 0 0 0 -1 0 1 1 0 -1 -1 0 0 0 0 -2 0 -1 -1 0 2 0 0 0 2 0 0 0 -1 -1 -1 0 -1 0 0 -1 0 -1 -1 -1 0 0 0 0 0 0 1 0 -1 0 1 0 -2 -1 1 -1 -1 0 -1 0 0 0 0 0 1 0 0 0 1 1 -1 1 0 0 0 0 -1 1 0 -1 0 0 -1 -1 0 0 0 -1 1 0 0 1 0 1 0 0 0 0 0 1 0 1 0 1 0 0 -1 1 -1 1 1 1 0 1 1 0 1 0 1 1 1 1 -1 0 1 -2 -1 0 1 1 -1 0 1 -1 0 -1 0 0 0 -1 0 1 1 0 -1 0 -1 -1 0 0 0 1 0 0 0 0 0 -2 0 0 -2 0 0 0 0 0 0 0 0 0 0 0 0 0 0 0 0 0 0 0 0 0 0 0 0 2 0 0 -2 0 0 0 0 0 0 0 0 0 0 0 2 0 0 0 0 0 -2 0 0 0 0 0 0 0 0 0 0 0 0 0 0 0 0 0 0 0 0 0 0 0 0 0 0 0 0 0 0 0 0 0 0 0 0 0 0 0 0 0 0 0 0 0 0 0 0 0 0 0 0 0 0 0 0 0 0 0 0 0 0 0 0 0 0 0 0 2 0 -2 0 0 0 0 0 0 0 0 0 0 0 0 0 0 2 0 0 0 0 0 0 0 0 0 0 0 0 0 2 0 0 0 0 0 0 0 0 0 0 0 1
0 0 0 0 0 0 0 0 -2 0 0 -2 0 0 0 -2 0 0 0 0 0 0 0 0 0 -2 0 0 0 0 -2 0 0 0 0 0 0 0 0 0 0 2 0 1 -1 0 0 0 0 0 0 0 0 0 0 0 0 0 0 0 0 0 0 0 0 0 0 0 0 0 0 0 0 0 -1 0 0 1 0 0 0 0 -1 1 0 -1 0 0 -1 -1 0 -1 0 0 0 1 0 -1 0 1 1 0 1 0 0 0 0 -1 1 -1 0 0 0 0 1 0 1 0 1 1 0 0 0 -1 1 1 1 0 -1 0 2 0 -1 -1 0 0 0 0 -1 1 -1 1 0 0 0 1 0 1 0 0 0 0 0 0 0 -1 0 1 2 0 -1 -1 0 1 0 0 1 -1 0 0 1 1 2 -1 0 -1 -1 1 2 -1 0 0 0 0 0 0 -1 -1 0 -1 1 1 0 0 -1 0 -1 -1 -1 -1 -1 0 0 0 -1 0 1 1 0 -1 0 1 -1 0 1 1 -1 0 0 0 1 0 0 0 -1 0 1 2 0 0 1 1 -1 0 0 0 0 1 1 1 1 -1 1 -2 0 0 -1 0 1 1 0 0 0 0 0 0 0 0 0 0 1 0 -2 1 -1 0 0 -1 0 -1 -1 0 -1 0 0 -2 0 1 0 0 1 0 1 0 0 1 0 -1 0 0 0 0 0 1 0 0 0 1 0 -1 1 0 1 1 -1 1 0 1 0 1 -1 0 0 0 1 -1 -2 0 0 1 0 0 0 0 0 0 0 0 1 1 1 1 0 0 0 0 -1 0 0 1 -1 -1 0 0 0 1 0 0 0 -1 -2 -1 0 0 0 0 0 0 0 1 1 1 1 -1 0 -1 0 0 -2 0 0 0 0 0 0 0 0 0 0 0 0 0 0 0 0 0 0 0 0 0 0 0 0 0 0 0 0 0 0 0 0 0 0 0 0 0 0 0 0 0 0 0 0 0 -1 0 0 0 0 0 0 0 0 0 0 0 0 0 0 0 1 0 0 0 0 0 0 0 0 0 0 0 0 0 0 0 0 0 0 0 0 0 2 0 0 0 0 0 0 0 0 0 0 0 0 0 0 0 0 0 0 0 0 0 0 0 0 0 0 0 0 0 0 0 0 0 0 0 -2 -2 0 0 0 0 0 0 0 0 0 0 0 0 0 0 0 0 0 0 0 0 -1 0
0 0 0 0 -2 0 0 0 0 0 0 0 0 0 0 0 0 0 0 0 0 0 0 0 0 0 0 0 0 0 0 0 0 0 0 0 0 0 0 0 0 0 0 0 0 0 0 0 0 0 0 0 0 0 0 0 0 0 0 0 0 0 0 0 0 0 0 0 0 0 0 0 0 0 0 0 0 0 0 -1 -1 0 1 -1 0 -1 -2 2 1 0 0 0 0 0 -1 1 1 0 -1 1 -1 2 1 -1 -1 1 1 1 0 0 1 0 -1 -1 1 1 -1 0 0 0 -1 -1 0 1 -1 0 -1 1 -1 1 1 -1 -2 0 0 1 -1 1 2 0 0 0 0 0 0 0 0 0 0 0 0 0 2 0 0 -2 0 0 0 2 0 0 0 0 0 0 0 0 0 0 0 0 0 0 0 0 0 0 0 0 0 0 0 0 0 0 0 0 0 0 0 0 0 2 0 0 0 0 0 0 0 0 0 0 0 0 0 0 0 1 -1 -1 1 0 1 1 1 1 1 -1 1 -1 -1 2 0 -1 -1 -1 0 -2 0 -1 -2 0 0 0 -1 0 1 0 0 1 1 1 0 1 1 1 -1 -1 -1 0 1 -1 1 0 -1 0 0 1 -1 0 0 -1 0 0 -1 -1 0 -1 -1 0 -1 1 0 -1 0 0 0 0 2 0 1 -2 1 0 0 1 1 0 0 0 0 0 0 1 0 -1 0 -1 0 0 1 1 1 -1 0 2 -1 1 1 0 0 0 0 -1 0 0 -1 1 -1 0 1 -1 1 1 0 0 0 0 0 0 -1 1 0 1 0 -1 0 2 0 0 1 0 0 -1 1 0 0 0 0 1 1 0 1 1 0 -1 0 0 1 0 -1 0 -1 1 -1 -1 1 0 0 0 0 0 0 0 0 0 0 0 0 0 0 0 0 0 0 0 0 0 0 0 0 0 -2 0 0 0 0 0 0 0 -2 0 0 0 0 0 2 -2 0 0 0 0 0 0 0 0 0 0 0 0 0 0 0 0 0 0 0 0 0 0 0 0 0 0 0 0 0 0 0 0 0 0 0 0 0 0 0 0 0 0 0 0 0 0 0 0 0 0 0 0 0 0 0 0 0 0 0 0 0 2 0 0 0 0 -2 0 0 0 0 0 0 2 0 0 0 0 0 0 0 0 0 0 0 0 0 0 0 0 0 0 0 0 0 0 0 0 0 0 -1 -1
0 0 0 0 0 0 0 0 0 0 0 -2 0 0 0 0 0 0 0 0 0 0 0 0 0 0 0 0 0 0 0 0 -1 0 0 0 0 0 0 0 0 0 0 0 0 0 0 0 0 0 0 0 0 0 0 0 0 0 0 0 0 0 -2 0 0 0 0 0 0 0 0 0 1 0 0 1 0 0 -1 -1 0 0 1 1 0 0 -1 0 0 1 1 -1 0 0 -1 0 1 0 1 1 1 0 0 0 0 1 1 1 -1 1 -1 0 0 0 0 0 0 0 -1 1 -1 0 1 1 -1 0 0 0 0 1 1 0 0 0 0 -1 -1 0 0 0 -1 -1 -1 1 -1 1 0 0 0 1 1 0 -1 0 0 1 -1 -1 0 0 -1 0 -1 0 1 0 0 0 0 -1 0 0 1 0 1 0 0 -1 0 1 1 0 0 -1 1 1 1 0 0 0 0 -1 0 0 -1 0 1 1 0 1 0 1 0 0 0 0 0 -1 0 0 1 -1 1 0 0 -1 1 0 0 -1 1 1 1 1 -1 0 0 -2 0 0 1 -1 0 -1 0 0 0 -1 1 -1 0 -1 0 -1 -1 0 1 0 1 0 1 -1 1 0 0 0 0 0 0 0 -1 -1 0 0 -1 1 0 0 1 -1 0 0 -2 0 0 -1 1 2 -1 0 2 0 0 1 0 -1 -1 0 0 0 -1 1 -1 0 -1 1 0 0 -1 0 -1 1 -1 0 1 -1 1 0 0 0 1 0 -1 0 0 0 0 -1 0 1 1 0 1 0 1 0 -1 0 0 0 1 1 1 1 0 0 0 -1 0 1 0 1 -2 -1 -1 -1 -1 -1 0 1 0 1 1 2 0 0 0 -1 0 0 -1 1 0 0 2 0 0 0 0 0 0 0 0 0 0 0 0 0 0 0 0 0 0 0 0 2 0 0 0 0 0 0 0 0 0 0 0 0 0 0 0 0 0 0 0 0 0 0 0 0 0 0 0 -2 0 0 0 0 0 2 0 0 0 0 0 0 0 0 0 0 0 0 0 0 0 0 0 0 0 0 0 0 -1 0 -1 0 0 0 0 1 0 0 0 0 0 0 0 0 0 0 0 0 0 0 0 0 0 0 0 0 0 0 0 0 0 0 0 0 0 2 0 0 0 0 0 0 0 0 0 0 0 0 0 0 0 0 0 0 0 0 0 0 0 0 0 0 0 0 0 0 -1 -1
0 1 -1 0 -1 0 0 0 0 0 1 0 -2 0 0 2 0 -1 1 0 1 1 0 1 -1 0 0 -1 0 0 1 0 -1 0 0 0 1 -1 0 0 0 0 0 0 0 1 0 -1 0 -1 2 0 0 -1 -1 1 0 0 -1 0 1 1 1 1 1 -1 0 -1 2 1 0 1 0 0 1 1 -2 -1 -1 0 -1 -1 0 -1 1 0 0 0 -1 -1 0 0 0 0 0 0 0 0 0 0 0 0 0 0 0 0 0 0 0 0 0 0 0 0 0 0 0 0 0 0 0 0 0 0 0 0 0 0 0 0 0 0 0 0 -2 0 0 0 0 0 0 0 0 0 0 0 0 1 1 0 0 0 -1 -1 0 0 0 0 -1 0 1 0 0 0 1 1 0 1 -1 1 1 -2 0 0 1 0 0 0 0 0 0 1 0 0 1 2 0 0 0 1 -1 0 0 1 1 0 2 0 1 1 -1 0 1 -1 -1 0 1 1 -1 1 0 -1 1 0 0 0 1 1 0 0 -1 1 1 0 0 1 -1 0 -1 -1 0 0 1 0 0 1 0 0 -1 0 0 0 1 -1 1 0 -1 0 -1 -1 -1 -1 0 0 -1 -1 1 -1 -1 -1 0 0 2 0 0 1 -2 -1 0 1 0 1 0 1 0 0 -1 -1 -1 0 -1 0 1 -1 0 1 0 1 0 0 1 0 -2 -1 1 0 0 -1 0 -1 -1 0 0 0 1 0 0 0 0 0 0 1 -1 0 -1 -1 0 0 -1 1 0 0 0 0 0 1 0 1 0 -1 1 -1 0 0 0 0 0 0 0 0 0 0 0 0 0 0 0 0 0 0 0 0 0 0 0 2 0 2 0 0 0 0 0 0 0 -2 0 0 0 0 0 0 -2 0 0 0 0 0 0 0 0 0 0 0 0 0 0 0 0 0 0 0 0 0 0 0 0 0 0 0 0 0 0 0 0 0 0 0 0 0 0 0 0 0 0 0 0 0 0 0 0 0 0 0 0 0 -2 0 0 0 0 2 0 0 0 0 0 0 0 0 0 0 0 0 0 0 0 0 0 0 0 0 0 0 0 0 0 0 0 0 0 0 0 0 0 0 0 0 0 0 0 -2 0 0 2 0 0 0 0 0 0 0 0 0 0 0 0 0 0 0 0 0 0 0 0 0 0 0 0 0 0 0 0 0 0 0 0 0 0 0 -1 0
0 0 0 0 0 0 0 0 0 0 0 0 0 0 0 0 0 0 0 0 0 0 0 0 0 0 0 0 0 0 0 0 0 0 0 0 0 0 0 0 0 0 0 0 0 0 0 0 0 0 0 0 0 0 0 0 0 0 0 0 0 0 0 0 0 0 0 0 0 0 0 0 0 0 0 1 0 -1 1 0 0 1 1 0 0 0 -1 0 0 0 0 1 -1 0 0 0 0 0 0 0 0 2 0 -1 0 -1 -1 1 0 0 1 1 -1 0 0 0 -2 0 0 2 0 0 -1 0 0 0 0 1 0 -1 0 1 -1 0 0 -1 -1 -1 0 0 0 1 0 -1 0 1 0 0 -1 1 -1 -1 0 2 0 0 -1 1 0 1 1 -1 1 0 0 0 0 -1 1 1 0 0 0 1 1 0 1 1 0 0 1 1 -1 1 1 0 1 1 0 0 -1 0 0 -1 0 0 1 0 0 1 0 0 0 0 0 1 0 1 1 -1 0 1 0 -1 -1 0 0 0 0 0 0 0 -1 -1 -1 0 -1 -1 0 1 0 0 0 1 0 2 0 -1 0 0 1 1 0 1 0 -2 0 1 1 1 1 0 0 0 -1 0 -2 0 0 0 0 1 0 1 -1 0 -1 1 1 -1 0 -1 0 0 1 1 0 0 1 -1 0 1 0 1 -1 -1 2 -1 -1 -1 0 1 1 0 -1 0 0 2 0 0 -1 -1 1 1 -1 -1 0 0 0 1 -2 0 1 1 0 1 -1 0 1 -2 1 0 -1 0 1 0 2 1 0 0 0 1 0 1 -1 0 0 0 1 -1 0 1 0 0 1 1 0 -1 1 1 -1 1 1 0 1 0 0 1 1 -1 0 0 0 0 0 0 0 0 0 0 2 0 0 0 0 0 0 0 0 0 0 0 0 0 0 0 0 0 0 0 0 0 2 0 0 0 0 0 0 0 -2 0 0 0 0 0 0 0 0 0 0 0 0 0 0 0 0 0 0 0 0 0 0 0 0 0 0 0 0 0 0 0 0 0 0 0 0 0 0 2 0 0 0 0 0 0 0 0 0 0 0 0 0 0 0 0 -2 0 0 0 0 0 0 0 0 0 0 0 0 0 0 0 0 0 0 0 0 0 0 0 0 0 0 0 0 0 0 0 0 0 0 0 0 0 0 0 0 0 0 0 0 0 0 0 0 0 0 0 0 0 -1 -2
0 1 -1 0 -1 -1 0 -1 0 0 0 0 1 -1 -1 0 -2 0 0 -1 0 0 2 0 0 0 -1 0 0 -1 1 -1 0 1 0 0 0 1 0 0 1 0 0 1 1 0 -1 -1 0 1 0 -1 0 -1 0 -1 0 -1 0 0 -1 1 1 -2 1 -1 0 0 0 0 1 1 0 0 -1 0 1 0 1 0 -1 0 0 0 1 0 0 0 0 1 -1 1 -1 0 0 0 0 0 0 0 0 0 0 0 0 0 2 0 0 0 0 0 0 0 0 0 0 0 0 0 0 0 2 0 0 0 0 0 0 0 0 0 0 1 0 0 0 0 0 -1 -1 0 0 -1 0 1 0 0 0 0 1 1 0 0 1 -1 1 -1 0 0 -1 -1 -1 1 0 -2 0 0 -1 -1 0 1 0 0 0 0 0 0 0 0 0 -1 0 -1 0 0 0 1 0 -1 1 -1 -2 1 1 1 0 0 0 0 0 0 0 0 0 0 1 0 0 0 0 -1 1 -1 0 0 -1 1 0 -2 0 -1 0 0 0 0 0 0 0 0 0 -1 -1 0 0 0 0 0 0 0 1 -1 -1 0 -1 1 1 -1 1 1 0 0 1 -1 0 0 -2 -1 0 0 0 0 1 1 1 0 0 -1 0 -1 1 -1 1 1 1 -1 1 -1 0 -1 0 0 0 0 0 1 0 1 0 0 -2 0 0 -1 0 1 1 0 1 0 0 -1 2 -1 1 -1 -1 1 0 0 0 0 0 1 -1 0 1 1 0 1 0 1 1 0 0 1 0 -1 0 1 1 1 -1 1 0 -1 1 0 1 0 0 0 0 0 0 0 0 -2 0 0 0 0 0 0 0 0 0 0 2 0 0 0 0 0 0 0 0 0 0 0 0 0 0 0 2 0 2 2 0 0 0 0 0 0 0 0 0 0 0 0 0 0 0 0 0 0 0 0 0 0 0 0 0 0 0 0 0 0 0 0 0 0 0 0 0 0 0 0 0 0 0 0 0 0 0 0 0 0 0 0 0 0 0 0 0 0 0 0 0 0 0 0 0 0 0 0 0 0 0 0 0 0 0 0 0 0 0 0 0 0 0 0 0 0 0 0 0 0 0 0 0 0 0 0 0 0 0 0 0 0 0 0 0 0 0 0 2 0 0 0 0 0 0 0 0 0 0 0 0 0 0 0 0 2 0 0 0 0 0 0 1 1
0 1 0 0 0 -1 0 0 0 1 0 -1 1 1 1 -1 2 2 1 0 0 1 0 -1 1 0 1 0 1 1 0 0 0 1 0 0 0 1 0 0 0 -1 1 1 -1 0 1 2 0 1 0 1 1 -1 -1 0 1 -1 -1 1 0 0 -1 0 0 0 0 0 1 0 0 -1 0 0 0 -1 0 0 0 0 1 -1 0 -1 1 0 0 -2 0 1 -1 2 0 0 1 0 0 0 0 0 0 0 0 0 0 0 0 0 0 0 0 0 0 0 0 0 0 0 0 0 0 0 0 0 0 0 0 0 0 0 0 0 0 0 0 -1 1 0 1 0 1 0 0 1 0 1 0 1 -1 1 0 1 -1 -1 0 0 1 0 -2 2 -1 0 1 0 0 0 0 -2 0 0 1 0 -1 -1 -1 0 -1 -1 0 0 1 -1 1 0 -1 0 -1 0 0 1 0 -1 0 1 -1 -1 0 0 1 -1 -1 0 0 -1 0 -1 -1 -1 1 0 0 0 0 -1 0 0 0 0 1 0 0 -1 0 1 2 0 1 -1 0 0 -1 2 1 0 1 0 -1 -1 0 -1 0 0 0 0 0 0 0 0 1 1 0 1 -1 -1 0 1 0 -1 0 0 1 0 0 -1 -1 0 1 1 0 -1 -1 0 0 1 0 0 1 0 0 -1 1 0 0 1 0 2 0 1 0 0 0 0 0 -1 0 -1 0 -1 0 0 -1 -1 0 -1 0 0 0 -1 0 -1 1 0 0 1 -1 1 0 0 0 0 0 0 1 0 0 0 1 1 -1 -1 0 0 1 -1 0 0 0 0 0 -2 0 0 0 0 0 0 2 0 0 0 0 0 0 2 0 0 0 0 0 0 0 0 0 0 0 0 0 0 0 0 2 0 0 0 0 0 0 0 0 0 0 0 0 0 0 0 0 0 0 0 0 0 0 0 0 0 0 0 0 -2 0 0 0 0 0 0 0 0 0 0 0 2 0 0 0 0 0 0 0 0 0 0 0 0 0 0 0 0 0 0 0 0 0 0 0 0 0 0 0 0 0 0 0 0 0 0 0 0 0 0 2 2 0 0 0 0 0 0 0 0 0 0 0 0 0 0 0 0 0 0 0 0 0 0 0 0 0 0 0 0 0 0 0 0 0 0 0 0 0 0 0 0 0 0 0 0 0 0 0 0 0 0 0 0 0 0 0 0 0 0 0 0
0 0 0 1 0 -1 0 -1 0 0 0 0 0 1 0 0 0 0 -1 1 -1 0 -2 1 -1 0 0 1 0 0 2 -1 0 0 1 0 0 2 0 0 -1 -1 0 1 0 0 -1 1 -1 -1 1 0 0 -1 0 -1 0 -1 0 0 -1 0 1 0 1 -1 0 0 1 1 1 1 0 0 0 0 1 0 0 -1 -1 0 0 -1 0 1 -1 0 0 1 -2 0 1 0 0 2 0 0 -1 1 1 0 0 0 0 0 0 0 0 0 0 0 0 0 -2 0 0 0 0 0 0 0 0 0 0 0 0 0 0 0 2 0 0 0 0 0 0 0 0 0 0 0 0 0 0 0 0 0 0 0 1 0 0 0 0 -1 0 1 -2 0 0 -1 0 -1 0 0 -1 1 0 0 0 -1 -1 2 0 1 0 -1 0 1 1 -1 0 0 0 0 0 -1 0 -1 0 0 0 0 0 0 1 0 1 0 1 -1 -1 -1 0 1 1 1 0 0 1 0 -1 -1 0 1 0 0 -1 0 0 0 0 0 0 0 -1 1 0 -1 1 1 0 0 1 1 -1 -1 0 0 1 -1 2 0 0 -1 -1 -1 0 -1 0 -1 -1 0 1 0 0 0 -1 1 -1 1 1 0 0 0 -1 1 1 0 1 0 1 0 -1 -1 0 1 1 0 0 0 1 0 0 0 1 1 1 1 1 0 0 0 1 0 1 -1 0 2 0 0 0 0 0 0 -1 1 0 -1 -1 0 -1 1 -1 0 0 0 -1 -1 -1 -1 0 0 -1 1 1 0 0 -1 0 -1 1 0 1 0 0 0 0 0 0 0 0 0 0 2 0 0 0 0 0 0 0 0 0 -2 0 0 0 0 0 0 0 0 0 0 0 0 0 0 0 -2 0 2 0 0 0 0 0 -2 0 0 0 0 0 0 0 0 0 0 0 0 0 0 0 0 0 0 -2 0 0 0 0 0 0 0 0 0 0 0 0 0 0 0 0 0 0 0 0 0 0 0 0 0 0 0 0 0 0 0 0 0 0 0 0 0 0 0 0 0 0 0 0 0 -2 0 0 0 0 0 0 0 0 0 0 0 0 0 0 0 0 0 0 0 0 0 0 0 0 0 0 0 0 0 0 0 0 0 0 0 0 0 0 0 0 0 0 0 0 0 0 0 0 0 0 0 0 0 0 0 0 0 0 0 0 0 0 0 0 0 -2 1
0 0 0 2 0 0 0 0 0 0 0 0 0 0 0 0 0 0 0 0 0 0 0 0 0 0 0 0 0 0 0 -1 0 0 0 0 0 0 0 0 0 0 0 0 -2 0 0 0 0 0 0 0 0 0 0 0 0 0 0 0 0 0 0 0 0 0 0 0 0 0 0 0 0 0 0 0 0 0 0 0 1 -2 0 -1 1 -1 0 -1 -1 1 1 0 1 -1 0 -1 -1 0 0 1 -1 0 0 0 -1 0 -1 0 0 1 0 0 -2 0 1 0 0 0 -1 -1 0 0 0 1 0 1 0 -1 0 -1 0 -1 -1 1 -1 0 0 -1 0 -1 0 0 0 0 0 0 1 -1 0 -1 1 -1 -1 0 1 1 -1 0 0 -1 1 0 -1 0 1 0 0 -2 0 0 0 0 0 0 1 0 0 -1 0 0 -1 -1 -1 0 2 0 1 0 -1 0 1 1 1 0 -1 -1 0 0 1 -1 1 -1 1 1 -1 0 0 0 0 0 1 1 1 0 0 0 -1 -1 -1 0 1 0 0 0 1 0 -1 0 0 0 -1 1 0 0 1 -1 -1 -1 -1 0 0 -1 0 0 1 -1 1 0 0 0 -1 1 0 0 2 1 0 1 1 1 1 0 0 2 0 1 0 -1 0 0 0 0 1 1 1 -1 -1 0 0 -1 1 0 1 0 -1 -1 0 -2 0 -1 -1 -1 0 1 0 0 0 0 0 -1 1 0 1 1 -1 -1 0 0 -1 1 0 1 0 0 0 1 0 1 1 0 0 -2 1 2 0 0 0 0 -1 -1 0 -1 1 0 0 1 0 -1 -2 -1 0 0 -2 0 1 1 1 -1 -1 0 0 1 0 0 -2 -1 1 -1 1 0 0 -1 0 0 0 0 0 0 0 0 0 0 0 0 0 0 0 0 0 0 0 0 0 0 0 0 0 0 0 0 0 0 0 0 0 0 0 0 0 0 0 0 0 0 -2 0 0 0 0 0 0 0 0 0 0 0 0 0 0 0 0 0 0 0 0 0 0 0 0 0 0 0 0 0 0 0 0 0 0 0 0 0 0 0 1 -1 0 0 0 0 0 0 0 0 0 0 0 0 0 0 0 0 0 0 0 0 0 0 0 0 0 0 0 0 0 0 0 0 0 0 0 0 0 0 0 0 0 0 0 0 0 0 0 0 0 0 0 0 0 0 0 0 0 0 0 0 0 0 0 0 -1 0
0 0 0 0 0 0 0 0 0 0 0 0 0 0 0 -1 -1 0 0 0 2 0 0 0 0 0 0 0 0 0 0 0 0 0 0 0 0 0 0 0 0 0 0 0 0 0 -2 0 0 0 0 0 0 0 0 0 0 0 0 0 0 0 0 0 0 0 0 0 0 0 0 0 0 0 0 0 0 2 -1 0 -1 0 0 0 1 0 0 -1 0 0 0 0 0 0 -1 0 0 1 2 -1 1 0 0 0 -1 1 -1 1 1 0 1 0 0 -2 -1 1 1 0 2 0 0 1 0 0 -1 0 1 -1 1 0 0 -1 1 0 0 1 1 0 -1 0 0 0 0 1 1 0 -1 1 1 -1 0 1 1 0 1 -1 0 0 0 1 0 0 1 0 0 -1 1 1 0 0 1 0 0 -1 0 0 0 0 1 -1 0 -1 1 1 0 0 -2 0 0 0 1 0 0 -1 0 0 0 0 -1 -1 -1 0 0 0 1 0 0 -1 1 0 0 0 -1 0 -1 0 0 1 0 -1 0 1 0 -1 0 0 -1 1 0 0 -1 -1 1 0 1 1 -1 0 0 0 -1 0 -1 0 1 2 1 1 -1 0 0 1 0 0 0 0 1 -1 0 1 0 -1 0 0 0 0 1 1 0 -1 -1 0 0 1 0 -1 0 0 0 1 -1 0 0 -1 1 0 0 0 2 1 1 -1 -1 1 -1 0 1 0 1 1 1 -1 1 0 0 0 0 -1 0 -2 0 0 -1 -1 0 -1 -1 0 1 -1 -1 -1 0 0 -1 -1 -1 -1 0 1 0 -1 -1 0 0 -1 -1 2 0 0 0 0 1 -1 1 1 0 1 0 0 0 0 0 0 -1 0 2 -1 0 0 0 0 -1 -1 0 0 0 0 0 0 0 0 0 0 0 0 0 0 0 0 0 0 0 0 0 0 0 0 0 0 0 0 0 0 0 0 0 0 0 0 0 0 0 2 0 0 0 0 0 0 0 0 0 0 2 0 0 0 0 0 0 0 0 0 0 0 0 0 0 0 0 0 0 0 0 0 0 0 -1 1 0 0 -2 0 0 0 0 0 0 0 0 0 0 0 0 0 0 0 0 0 0 0 0 0 0 0 0 0 0 2 0 0 0 0 -2 0 0 0 0 0 0 0 0 0 0 0 0 0 0 0 0 0 0 0 0 0 0 0 0 0 0 0 0 0 0 0 0 0 0 0 0 1
0 0 0 0 0 0 0 0 0 0 0 0 0 2 0 0 0 2 0 0 0 0 0 0 0 0 0 0 0 0 0 2 0 0 0 0 0 0 0 0 0 0 0 0 0 0 0 0 0 0 0 0 0 0 0 2 0 0 0 2 0 0 0 0 0 0 0 0 0 0 0 0 0 0 0 0 -1 0 -1 0 -1 0 1 0 0 1 1 0 0 -1 -1 0 0 1 -1 0 -2 0 1 0 1 -1 0 0 -1 1 0 0 0 1 -1 0 0 0 1 1 0 1 0 0 0 0 1 1 0 0 0 1 0 -1 1 0 0 -2 -1 1 -1 1 1 0 1 -1 0 -1 -1 0 0 -1 0 0 0 0 0 0 1 1 0 0 -1 0 1 0 1 0 0 -1 0 0 0 0 0 0 0 1 0 0 0 0 1 -1 1 0 1 0 0 1 1 1 0 0 -1 1 0 1 2 1 0 0 0 1 -1 1 0 -1 0 0 0 0 -1 0 0 0 0 0 -1 1 0 0 0 0 1 1 1 1 -1 0 -1 0 1 1 0 -1 0 -1 1 0 1 1 0 -1 -1 1 0 -1 -2 0 0 0 0 1 1 1 1 -1 0 0 -1 1 -2 0 -1 -1 0 0 1 0 0 0 -1 -1 0 0 0 1 0 0 -1 1 -1 -2 -1 0 0 -1 -1 0 0 1 1 -1 1 0 0 0 1 0 1 1 0 0 0 -1 0 1 0 1 1 0 1 -1 0 -1 -1 0 1 0 1 1 0 0 -1 0 -1 -1 0 1 1 1 0 0 -2 1 1 -1 0 1 1 0 0 0 0 0 -1 -1 0 -1 0 0 -1 0 0 0 0 -1 -1 0 0 0 1 0 0 0 0 0 0 0 0 0 0 0 0 0 0 0 0 0 0 0 2 0 0 0 0 0 2 0 0 0 0 0 0 0 0 0 -2 0 0 0 2 0 0 0 0 0 0 0 2 0 0 0 0 0 0 0 0 0 0 0 0 0 0 0 0 0 0 0 0 0 0 0 0 0 0 0 0 0 0 0 0 0 0 0 0 0 0 0 0 0 0 0 0 0 0 0 0 0 0 0 0 0 0 0 0 0 0 0 0 0 0 0 0 0 0 0 0 0 0 0 0 0 0 0 0 0 -2 0 0 0 0 0 0 0 0 0 0 0 0 0 0 0 0 0 0 0 0 0 0 0 0 0 -1 1
0 -1 -2 -1 -1 -1 -1 1 0 1 -1 0 1 0 0 0 -1 -2 0 0 1 0 -1 0 1 0 -1 -1 0 0 1 0 0 -1 0 0 1 0 -1 0 1 0 0 -1 0 0 1 0 -1 0 0 -1 0 1 0 1 0 -1 1 -1 1 1 0 1 1 -1 0 1 0 0 -1 1 0 0 0 2 -1 -1 0 1 0 0 0 0 0 0 0 0 0 0 0 0 0 0 0 0 0 0 0 0 0 0 0 0 0 0 0 0 0 0 0 0 0 0 0 -2 -2 0 0 0 0 -1 0 0 0 -1 -1 -1 0 -1 0 0 -1 0 1 -1 0 -2 0 1 0 0 -1 0 1 0 0 0 -1 -1 0 -1 -1 0 0 0 0 0 0 0 0 0 1 0 0 2 0 1 0 -1 1 -2 1 0 -1 1 0 1 0 -1 0 0 0 0 0 0 1 -1 0 0 -1 0 1 0 0 1 0 0 -1 0 1 -1 1 0 0 0 0 -1 1 0 2 -1 0 0 0 0 0 0 -1 1 0 1 -1 0 1 1 0 0 1 0 0 0 0 0 1 0 -1 -1 1 -1 0 0 -1 -1 0 0 -1 0 0 0 -1 0 1 1 -1 1 -1 0 0 1 -1 0 -1 -1 -1 0 0 1 1 -1 0 0 1 -2 0 0 0 0 1 0 0 1 1 0 1 2 1 -1 -1 0 0 0 0 -1 -1 1 -1 0 -1 1 0 0 0 0 1 2 0 0 -1 -2 -1 0 1 -1 0 1 -1 1 -1 0 0 0 0 1 -1 0 0 0 -1 0 0 0 -1 0 0 0 0 0 0 0 0 2 0 0 0 0 0 0 0 -2 0 0 0 0 0 0 0 0 0 0 0 0 0 0 0 0 0 0 0 0 0 0 0 0 0 0 0 0 0 0 0 0 0 0 0 0 0 0 0 0 0 0 0 0 0 0 0 0 0 0 0 0 0 0 0 0 0 0 0 0 0 0 0 0 0 0 0 0 0 0 0 0 0 0 0 0 0 0 0 0 0 0 0 0 0 0 0 0 0 0 0 0 0 0 0 0 0 0 0 0 0 0 0 0 0 0 0 0 0 0 0 0 0 0 0 0 0 0 0 2 0 0 0 0 0 0 0 0 0 0 0 0 0 0 0 0 0 0 0 0 0 0 0 0 2 -2 0 2 0 0 0 0 0 0 0 0 0 0 0 0 0 0
-1 0 0 0 0 0 0 0 0 0 0 0 0 0 0 0 0 0 0 0 0 0 0 0 0 0 0 0 0 0 0 0 0 0 0 0 0 0 -2 0 0 0 0 0 0 0 0 0 0 0 0 0 0 0 0 -2 0 0 0 0 0 0 0 0 0 0 0 0 0 -2 0 -2 0 -1 -1 0 1 0 0 0 1 -1 0 0 0 0 -1 0 0 1 0 0 0 0 -1 0 0 1 -1 0 0 0 0 1 -1 0 0 0 0 0 1 0 1 0 0 1 0 0 0 2 0 0 0 0 0 0 2 1 1 0 1 2 0 0 0 1 1 1 0 -1 0 1 -1 -1 1 0 0 -1 1 -1 0 -1 0 1 1 0 0 2 0 1 1 -1 0 0 -1 0 -1 0 0 -1 0 0 1 -1 -1 0 1 0 0 -1 0 0 1 0 1 0 0 0 -1 -1 1 -1 0 1 0 -1 0 0 0 1 0 -1 0 0 -1 0 1 0 0 -1 -1 0 0 0 1 0 1 0 -1 0 0 1 1 0 0 0 1 2 1 0 0 -1 -1 1 0 0 0 -2 0 0 -1 -1 -1 0 -1 0 0 0 1 0 0 2 0 -1 1 0 1 1 0 0 1 1 -1 0 0 1 0 1 0 -1 1 -1 -1 0 0 0 -1 1 0 0 0 0 0 0 1 0 1 0 -1 0 -1 1 0 0 -1 0 -1 0 0 0 0 0 0 -1 0 1 1 0 0 1 -1 -1 1 -1 1 0 1 1 -1 0 0 -1 0 -1 0 0 0 -1 0 -1 0 0 -1 1 -1 0 0 1 0 -2 -1 0 0 1 -1 0 1 0 1 0 -1 -1 0 0 -1 -1 0 -1 1 0 1 -1 -1 -1 1 0 0 0 0 0 0 0 0 0 0 0 0 -2 0 0 0 0 0 0 0 0 0 0 0 0 0 0 0 0 0 0 0 0 0 0 0 2 0 0 0 0 0 0 0 0 0 0 0 0 0 0 0 0 0 0 0 0 0 0 0 0 0 0 0 0 0 0 0 0 -2 0 0 0 0 0 0 0 -2 0 0 0 0 -1 -2 -1 1 0 0 0 0 0 0 0 0 0 0 0 0 0 0 0 -1 0 0 0 0 0 0 0 0 0 0 0 0 0 0 0 0 0 0 0 0 0 0 0 0 0 0 0 0 0 0 0 0 0 0 0 0 0 0 0 0 0 0 0 1 0
0 0 0 0 0 0 0 0 0 0 0 0 0 0 0 0 0 0 0 0 1 0 -1 0 0 0 0 0 0 0 0 0 -2 0 0 2 0 0 0 0 0 0 0 0 0 0 0 0 0 0 0 0 0 0 -2 0 0 0 0 0 0 0 0 0 0 0 0 1 -1 2 0 1 0 0 -1 0 1 1 -1 -1 0 0 0 -1 0 -1 -1 0 1 1 0 -2 -1 0 1 -1 1 0 0 0 0 0 0 0 1 1 0 -1 0 0 0 0 0 -1 0 -1 0 0 -1 -1 0 1 0 0 -1 1 -1 1 -1 0 1 1 -1 -1 0 1 -1 -1 1 0 0 0 0 0 -1 0 0 1 1 1 1 0 0 0 1 0 0 0 0 0 0 0 0 0 2 0 0 0 0 0 1 -1 0 0 0 0 0 0 0 0 0 0 1 0 0 0 0 2 0 0 0 0 0 0 0 0 0 0 0 0 0 0 0 0 0 -1 1 0 -1 0 0 1 -1 1 0 0 -1 0 0 -1 0 0 -1 0 0 -1 0 0 -1 1 0 -1 1 1 0 1 -1 0 0 0 0 0 1 0 1 -1 0 0 1 1 0 -1 0 1 0 0 1 -1 0 0 0 0 -1 -1 1 0 -1 0 -1 0 -1 1 -1 0 -1 0 0 0 -1 0 -1 0 -1 1 0 -1 0 0 0 -1 0 1 0 1 1 0 0 -1 -2 1 0 0 1 0 1 0 0 0 0 0 0 -1 -2 0 1 -1 0 0 1 1 0 -1 0 0 0 0 0 0 0 -1 2 1 0 1 0 1 0 0 0 0 0 0 0 0 -1 1 0 0 1 0 1 1 1 1 2 0 1 2 -1 1 -1 0 0 0 -1 0 -1 0 1 -1 -1 0 0 0 0 0 0 0 0 0 0 0 0 0 0 0 0 0 0 0 0 0 0 0 0 2 0 0 0 0 0 -2 0 0 0 0 0 0 0 0 2 0 0 -2 0 0 0 0 0 0 0 0 0 0 0 0 0 0 0 0 0 0 0 0 0 0 0 0 0 0 0 0 0 0 0 0 0 0 0 0 0 0 0 0 0 0 0 -1 0 0 0 0 0 -1 -1 0 0 0 1 1 0 1 0 0 0 0 0 0 0 0 0 0 0 0 0 2 0 0 0 2 0 0 0 0 -2 0 0 0 0 0 0 0 0 0 0 0 -2 0 0 0 1 0
0 0 0 0 0 0 0 0 0 0 0 0 0 0 0 0 0 0 0 0 0 0 0 0 0 0 0 0 0 1 0 0 0 0 0 0 0 0 0 0 0 0 0 0 0 0 0 0 0 0 0 0 0 0 0 0 0 0 0 0 2 0 0 0 0 0 0 0 0 0 0 0 0 -1 1 1 -2 1 1 1 2 1 2 -1 -2 0 -1 0 0 0 1 -1 -1 -1 0 0 0 1 -1 0 0 -1 -1 1 0 0 0 0 0 2 1 0 0 0 0 0 0 0 -1 0 0 0 1 1 0 1 0 1 1 1 -1 -1 0 0 0 -1 0 1 1 1 0 0 0 -1 1 -1 0 0 0 -1 1 -1 0 0 0 1 0 0 0 -1 1 0 1 0 0 -1 -1 1 0 0 0 0 -1 1 -1 0 0 0 0 0 0 0 -1 0 0 0 0 0 -1 0 -1 0 1 0 0 0 1 -1 0 0 1 0 0 -1 0 0 0 1 1 0 -1 1 -1 -1 1 0 1 0 0 0 1 0 1 0 0 1 0 -1 0 0 0 -1 1 -1 1 -1 0 0 0 0 1 0 0 0 0 1 0 1 0 1 -2 -1 1 1 0 0 -1 1 1 0 0 1 0 1 2 0 -1 0 1 1 0 -1 0 2 -1 1 1 0 0 2 0 0 0 0 -1 0 0 -1 1 0 1 0 0 1 0 0 -1 0 1 1 0 1 -1 0 1 0 1 -1 0 -1 0 0 1 0 0 0 -1 0 0 0 -1 0 -1 1 0 -1 1 1 -1 0 -1 0 0 -1 2 -1 1 0 -1 0 -1 1 1 -1 0 1 0 -1 0 1 0 -1 0 -1 -2 1 -1 0 -1 1 1 0 0 1 0 0 0 0 -2 0 0 0 0 0 0 0 0 -2 0 0 0 0 0 0 0 0 0 0 0 0 0 0 0 0 0 0 0 0 0 0 0 0 0 0 0 0 0 0 0 0 0 0 0 0 0 0 0 0 0 0 0 0 0 0 0 0 0 0 0 0 0 0 0 0 0 0 0 0 0 2 0 0 0 0 0 0 0 0 0 0 0 0 0 0 0 0 0 1 1 0 -1 0 0 0 0 0 0 0 0 0 0 0 0 0 0 0 0 0 0 0 0 0 0 0 0 0 0 0 0 0 0 0 0 0 0 0 0 0 0 0 0 0 0 0 0 0 0 0 0 0 0 -1
0 -1 0 -1 0 0 0 -1 0 1 0 -1 1 -1 -2 0 0 0 -1 1 -1 1 0 0 -1 0 0 0 0 -2 1 0 0 0 -1 -1 0 0 1 0 -1 -1 0 0 0 0 0 1 -1 0 1 -1 0 0 -1 -1 0 0 1 0 0 0 -2 0 0 0 -1 1 0 1 1 1 -1 1 -1 0 0 -1 0 -1 -1 0 0 1 1 0 1 0 0 0 1 -1 0 -1 0 1 0 1 0 0 0 0 0 0 0 0 0 0 0 0 0 0 0 0 0 0 0 0 0 0 -2 0 0 0 0 0 0 0 0 0 0 0 0 0 0 0 0 0 0 0 0 0 0 -1 0 1 1 0 0 1 -1 -1 1 0 1 -1 1 0 0 1 -1 0 1 -1 0 1 -1 -1 0 -1 -1 -1 -1 0 0 0 1 1 0 1 0 1 1 0 1 0 0 0 0 0 0 1 0 0 0 1 1 1 0 0 0 0 1 -1 0 -1 1 1 0 0 -1 -1 -1 0 -1 0 1 0 0 -1 -1 0 0 1 -1 0 -1 -1 0 -1 -1 1 1 -1 0 0 1 0 -1 0 -1 1 1 -2 -1 0 -1 -2 0 -1 0 -1 0 1 1 0 0 1 0 2 0 0 -1 -1 0 0 -1 0 0 -1 0 0 1 0 1 0 1 -1 1 -1 1 1 0 2 -1 0 0 0 1 0 -1 -2 -1 0 1 0 0 0 0 0 0 1 -1 0 0 0 -1 -1 0 0 1 0 0 1 -1 0 1 0 0 -1 1 -1 -1 1 0 0 1 0 -1 1 0 1 0 0 0 0 0 0 0 0 0 0 0 0 0 0 0 0 0 0 0 0 0 0 0 0 0 0 0 0 0 0 0 0 0 0 0 0 0 0 0 0 0 0 0 0 0 0 0 0 0 0 0 0 0 0 0 0 0 0 0 0 0 0 0 0 0 0 0 0 0 0 0 0 -2 0 0 0 0 0 0 0 0 -2 0 0 0 0 0 0 0 0 0 0 0 0 0 0 0 0 0 0 0 0 0 0 0 0 0 0 0 0 0 0 0 0 0 0 0 0 0 0 0 0 0 0 0 0 0 0 0 0 0 0 0 0 0 0 0 0 0 0 0 0 0 0 0 0 0 0 0 0 0 0 0 0 0 0 0 -2 0 0 0 0 0 0 0 0 0 0 0 0 0 0 0 0 0 0 0 0 -2 2
0 -1 1 -1 1 -1 2 0 2 1 0 1 0 0 0 -1 -1 0 1 0 0 0 -2 0 0 0 1 1 -1 -1 1 0 0 -1 1 -2 -2 0 1 1 0 1 0 1 -1 0 1 1 -1 0 0 -1 0 0 -1 1 -1 -1 1 0 0 1 0 0 1 0 1 0 0 0 0 1 1 1 -1 0 0 0 0 0 -1 0 0 0 0 0 0 0 0 0 0 0 0 0 0 0 0 0 0 0 0 0 0 0 0 0 0 0 0 0 0 0 0 0 0 0 0 0 0 -2 0 0 0 0 2 0 0 2 0 0 0 0 0 0 0 -1 0 0 1 0 0 0 0 1 0 -1 1 -1 0 0 1 0 -1 0 0 -1 -1 0 1 0 0 1 1 -1 1 2 0 -1 -1 0 1 0 0 1 0 0 0 0 0 -1 -1 0 0 0 1 0 0 0 0 0 0 1 -1 -1 0 -1 -1 0 0 -1 -1 1 0 -1 0 1 1 0 0 0 0 0 -1 0 -1 1 0 0 0 1 1 -1 0 0 -1 1 -1 0 0 0 0 0 0 0 0 0 1 0 1 1 0 0 0 0 0 0 1 -1 0 0 -1 -1 0 -1 0 0 -1 2 -1 0 -1 0 -1 1 -1 0 1 -1 1 1 -1 1 0 0 -1 0 1 -1 1 0 1 0 0 -1 -1 0 1 0 0 0 -1 2 1 0 1 1 -2 -1 -1 1 0 0 -1 0 0 0 0 0 -1 0 1 0 0 0 0 0 -1 0 -1 0 0 -1 0 1 0 0 0 0 -1 -1 -1 0 -1 0 1 1 0 0 1 0 0 0 0 0 0 0 2 0 0 0 0 0 0 0 0 0 0 0 0 0 -2 0 0 0 0 0 0 0 0 0 0 0 0 0 0 0 0 0 0 0 0 0 0 0 0 0 0 0 0 -2 0 0 0 0 0 0 0 0 0 0 0 0 0 0 2 0 0 0 0 0 0 0 0 0 0 0 0 0 0 0 0 0 0 0 0 0 0 0 0 0 0 0 0 0 0 0 0 0 0 0 0 0 -2 0 0 0 0 0 0 0 0 0 0 0 0 0 0 0 0 0 0 0 0 0 0 0 0 0 0 0 0 0 0 0 0 0 0 0 0 0 0 0 0 0 0 0 0 0 0 0 0 0 0 0 0 0 0 0 0 0 -2 0 0 0 0 -2 0 0 0 0 -1 -1
0 0 0 0 0 0 0 0 -2 0 0 0 0 0 0 0 0 0 0 0 0 0 0 0 0 0 0 0 0 0 0 0 0 0 0 0 0 0 0 0 0 0 0 0 0 0 0 0 0 0 2 0 0 0 0 0 0 0 0 0 0 0 0 0 0 0 0 0 0 0 0 1 1 0 0 0 0 0 -2 1 1 -1 2 0 1 0 -1 0 0 -1 0 -1 0 1 0 1 -1 0 -1 0 -1 0 0 0 0 0 0 -1 0 0 1 0 -1 -1 0 0 -2 0 -1 -1 0 0 0 -1 0 -1 0 0 2 0 1 -1 1 -1 -1 0 1 0 1 -1 1 1 0 1 0 0 0 0 1 -1 1 0 0 -1 0 -1 0 0 -1 -1 0 0 1 -1 1 0 -1 0 0 -1 0 0 0 0 0 0 -2 0 0 0 0 -1 2 -1 0 -1 1 0 0 1 0 -1 0 1 1 0 0 0 1 0 -1 0 0 -1 2 -1 0 1 0 1 0 0 -1 0 2 0 0 2 1 0 2 0 -2 0 0 0 0 1 0 0 0 1 0 -1 1 1 -2 -1 1 0 0 2 0 0 -1 0 0 0 0 -1 -1 -1 0 0 1 0 0 0 0 -1 0 0 0 -1 1 1 0 0 0 -1 -1 1 1 1 1 0 1 -1 -1 0 -1 1 -1 0 0 1 0 -1 0 1 0 0 0 -1 -1 1 0 -1 -1 1 0 1 0 0 0 0 1 1 0 1 0 -1 -1 0 0 -1 0 0 0 1 -2 2 -1 0 0 1 -1 0 -1 0 -1 1 0 0 -1 0 1 0 0 -1 0 2 0 0 0 0 0 -1 0 0 -1 0 0 0 1 1 0 -1 -1 0 1 0 0 0 0 0 0 2 0 2 0 0 0 0 0 0 0 0 0 0 0 0 0 0 0 0 0 0 2 0 0 0 0 0 0 0 0 0 0 0 0 0 0 0 0 0 0 0 0 0 0 0 0 0 0 0 0 0 0 0 0 0 0 0 0 0 0 0 -2 0 0 0 0 0 0 0 0 0 0 0 0 0 0 0 0 0 0 0 0 0 0 0 0 0 0 0 0 0 0 0 0 0 0 0 0 0 0 0 0 0 0 0 0 2 0 0 0 0 0 0 0 0 0 0 0 0 0 0 0 0 0 0 0 0 0 0 0 0 0 0 0 0 -2 0 0 0 0 0 0 0 0 0
0 1 -1 -2 1 -1 0 1 0 0 1 1 1 0 1 1 0 0 0 0 0 0 0 1 0 0 0 0 1 1 0 0 1 -1 0 0 -1 0 -1 -1 0 0 0 -1 1 -2 0 -1 1 -2 0 0 -1 1 -1 0 -1 0 0 -1 2 0 0 0 1 0 -1 0 0 0 0 0 0 0 1 -1 -1 -1 0 0 0 0 0 0 0 0 -1 1 1 0 -1 0 0 0 -1 1 0 1 0 1 -1 0 0 0 0 0 0 0 0 0 0 2 0 0 0 0 0 0 0 0 0 0 0 0 0 0 0 0 0 0 2 0 0 0 0 0 0 0 0 0 0 1 0 0 1 1 1 -1 -1 1 0 1 1 -1 1 0 0 1 -1 0 0 0 0 0 0 -2 0 -1 0 0 1 0 0 0 1 -2 0 0 2 0 1 0 0 0 -1 -1 0 0 1 -1 1 0 0 -1 0 0 0 -1 -2 0 -1 0 -1 -1 -1 -1 1 -1 1 1 0 0 -1 0 -1 1 0 0 0 0 1 1 0 -1 1 1 0 0 -2 1 0 0 0 0 0 0 -1 0 0 0 1 -1 0 0 1 0 -1 1 -1 0 0 -1 1 0 -1 0 0 0 0 0 1 0 -1 1 -1 -1 0 -1 -1 1 -1 0 -1 -1 0 -1 1 1 0 -1 1 1 0 -2 0 1 1 0 0 0 1 -1 1 0 -1 -1 -1 0 0 -1 0 0 1 1 -1 1 0 1 1 -1 0 0 0 -1 0 -1 0 0 0 0 -1 -1 0 -1 0 -1 0 0 0 0 0 0 0 0 0 0 0 0 0 0 0 0 0 0 0 0 0 0 0 0 0 0 0 0 0 0 0 0 0 0 0 0 0 0 0 0 0 0 0 0 0 0 -2 0 0 0 0 0 -2 0 0 -2 0 0 0 0 0 0 0 0 0 0 0 0 0 0 0 0 0 0 0 0 0 -2 0 0 0 0 0 0 0 0 0 0 0 0 -2 0 0 0 0 0 0 0 0 0 0 0 0 0 0 0 0 0 0 0 0 0 0 0 0 0 0 0 0 0 0 0 0 0 0 0 0 0 0 0 0 0 0 0 0 0 0 0 0 0 0 0 0 0 0 0 0 0 0 0 0 0 0 0 0 0 0 0 -2 0 0 0 0 0 0 0 0 0 0 0 0 0 0 0 0 0 0 0 0 0 0 0 0 0 0 -1
0 0 0 0 0 0 0 0 0 0 0 2 0 0 0 0 0 0 0 0 0 0 0 0 0 0 0 0 0 0 0 0 0 0 0 0 0 0 0 0 0 0 0 0 0 0 0 0 0 0 0 2 0 0 0 0 0 0 0 0 0 0 0 0 0 0 0 0 0 0 0 0 0 -1 0 1 1 -1 1 -1 -2 -1 0 0 -1 0 -1 0 1 -1 -1 0 1 0 0 0 1 1 0 -2 1 -1 0 0 0 -1 0 0 -2 0 -1 0 0 -2 -1 1 0 0 -1 0 0 0 0 0 0 1 1 -1 0 1 1 0 0 0 0 0 0 0 0 0 0 0 2 -1 -1 -2 1 -1 0 -1 -1 1 1 -1 1 0 -1 1 0 2 1 0 1 -1 0 0 0 1 0 -1 0 0 0 -2 1 1 -1 0 0 0 0 1 0 0 -1 0 0 0 0 1 0 1 -1 1 0 0 0 1 0 1 -1 0 0 1 0 0 1 -1 -1 1 0 -1 -1 0 -1 -1 0 0 0 1 1 1 0 -2 1 1 0 0 1 1 -1 1 0 1 0 1 2 1 0 -1 0 0 0 1 0 0 0 0 0 0 -1 0 1 -1 0 0 0 1 1 1 1 0 0 -1 0 -1 -2 -1 0 0 1 0 0 1 1 0 2 0 1 -1 -1 0 0 -1 -1 1 0 1 0 0 1 0 -2 0 1 0 1 0 -1 0 1 -1 -1 0 0 1 1 0 0 1 0 -1 1 0 -1 1 0 0 0 -2 0 -1 1 0 2 0 -1 0 -1 0 1 -1 -1 0 0 0 1 0 -1 0 0 0 0 0 2 0 1 0 0 0 0 0 0 0 1 0 0 0 0 0 0 0 1 0 -1 0 0 0 0 0 0 0 0 0 0 0 0 0 0 0 0 0 0 0 0 0 0 0 0 0 0 0 0 0 0 0 0 0 0 0 0 0 0 0 0 0 0 0 2 0 0 -2 0 0 0 0 0 0 0 0 0 0 0 0 0 0 0 0 0 0 0 0 0 0 0 0 0 0 0 0 0 0 0 0 0 0 0 0 0 0 0 0 0 0 0 0 0 0 0 0 0 0 0 0 0 0 0 -2 0 0 0 0 0 0 0 0 0 0 0 0 0 0 0 0 0 0 0 0 0 0 0 2 0 0 0 0 0 0 0 0 0 0 0 0 0 0 0 0 0 0 0 0
0 0 0 1 1 -1 0 0 -1 -1 0 -1 0 -1 0 -1 -1 -1 1 0 0 0 0 -1 -1 1 -2 -1 0 -1 -2 0 0 -1 1 0 -2 0 1 0 0 1 0 1 -1 -1 0 1 0 0 -1 0 0 0 0 0 0 0 1 0 1 0 -1 0 -1 0 0 0 0 -1 -1 0 0 -1 0 0 0 0 0 -1 -1 1 -1 -1 0 0 1 -2 0 0 1 -1 0 0 -1 0 0 0 0 0 2 0 0 0 2 0 0 0 0 0 0 0 0 0 0 0 0 0 0 0 0 0 0 0 0 -2 0 0 0 0 0 0 0 0 0 0 0 0 0 0 1 0 0 0 1 -1 0 0 -1 0 1 0 -2 -1 0 -1 -1 0 0 0 0 -1 0 0 0 1 1 -1 0 0 0 0 1 0 0 0 0 2 0 0 1 0 0 -1 -1 -1 0 -1 0 0 -1 0 1 -1 0 -1 0 1 0 0 1 0 0 0 0 -1 2 -1 0 -1 -1 0 0 0 0 0 -1 0 -1 -1 0 1 0 1 0 0 0 -1 0 -2 1 0 0 1 0 0 0 1 1 0 0 -1 0 1 -1 1 0 0 1 0 1 1 0 -1 0 0 -1 0 0 0 1 -1 0 0 -1 0 0 1 0 1 -1 1 0 0 0 0 0 0 1 2 2 1 -1 1 1 1 -1 -1 0 1 -1 1 0 -1 0 1 0 -1 -1 -1 1 -1 0 1 1 0 0 0 0 1 0 0 -1 0 1 1 0 0 0 -1 1 -1 -1 0 1 0 -1 1 -1 1 0 0 0 0 0 0 0 0 0 2 0 0 0 0 0 0 0 0 0 0 0 0 0 0 0 0 0 0 0 0 0 0 0 0 0 0 0 0 0 0 0 0 0 0 0 0 0 0 0 2 0 0 -2 0 0 0 0 0 0 0 0 0 0 0 0 0 0 0 0 0 0 0 0 0 0 0 0 0 0 0 0 0 0 0 0 0 0 0 0 0 2 0 0 0 0 0 0 0 -2 0 0 0 0 0 0 0 0 0 0 0 0 0 0 0 0 0 0 0 0 0 0 0 0 0 0 0 0 0 0 0 0 0 0 0 0 0 0 0 0 0 0 0 0 0 0 0 0 0 0 0 0 0 0 0 0 0 0 -2 0 0 0 0 0 0 0 0 0 0 0 0 0 0 0 0 0 -2 0 0 0 0 -1 1
0 1 2 1 1 0 -1 0 -1 0 0 1 1 0 0 0 0 0 0 0 1 0 -2 -1 -2 0 0 0 1 0 0 -1 0 -1 1 -1 0 -1 1 0 1 0 0 0 0 0 1 1 0 -1 0 0 0 0 0 0 0 0 0 0 -1 0 -1 0 1 0 1 1 0 1 0 -1 -2 0 0 -1 -1 0 0 0 0 0 0 0 -1 0 0 1 1 0 0 0 0 -1 0 0 1 0 0 1 0 1 2 0 0 0 0 0 -1 1 0 0 0 0 0 0 0 2 0 0 0 0 0 0 0 0 0 0 0 0 0 0 0 -2 0 0 0 0 0 0 0 0 0 0 0 0 -2 0 0 0 0 2 -1 1 0 0 0 -1 0 -1 0 -1 0 0 0 0 0 -1 0 -1 0 0 0 1 0 1 1 0 1 0 1 -1 1 0 0 0 1 0 0 0 0 -1 0 -1 -2 0 -1 -1 0 0 0 0 -1 0 0 1 0 1 0 0 1 0 0 0 1 1 -1 -1 1 0 -1 0 1 -1 0 1 -1 0 1 0 0 0 -1 0 0 -1 0 1 1 0 -1 -1 0 0 1 1 1 1 0 0 -1 -1 0 -1 0 0 0 -1 -2 0 -1 0 0 1 -1 0 1 1 1 0 1 0 0 0 0 1 -2 -1 0 -1 0 1 0 -1 0 0 0 0 1 0 0 0 0 0 0 0 1 0 0 0 0 0 0 0 -2 0 0 1 0 -1 1 1 -1 0 -1 -1 0 -1 0 -1 2 -1 1 1 1 0 0 2 0 1 1 0 0 -1 1 -1 1 0 1 0 -1 0 -1 0 0 1 0 1 0 0 0 0 0 0 0 0 0 0 0 0 0 0 0 0 0 2 0 0 0 0 0 0 0 0 0 0 0 0 0 0 0 0 0 0 2 0 0 0 0 0 0 0 0 0 0 0 0 0 0 0 0 0 0 0 0 0 0 0 0 0 0 0 0 0 0 0 0 0 0 0 -2 0 0 0 0 0 0 0 0 0 0 0 0 0 0 0 0 0 0 2 0 0 0 0 0 0 0 0 0 0 0 0 0 0 0 0 0 0 0 -2 0 0 0 0 0 0 0 0 0 0 0 0 0 0 0 0 0 0 0 0 0 0 0 0 0 0 2 0 0 0 0 0 0 0 0 0 0 0 0 0 0 0 0 0 0 0 0 2 0 0 0 2
0 0 0 0 0 0 0 0 0 0 0 0 0 0 0 0 0 0 0 0 0 0 0 0 0 0 0 0 0 0 0 0 0 0 0 0 0 0 0 0 0 0 0 0 0 0 0 0 0 0 0 0 0 0 0 0 0 0 0 0 0 0 0 0 0 0 0 2 0 0 0 0 0 0 0 0 0 0 0 0 2 0 0 0 0 1 0 0 0 0 0 1 -2 -1 -1 0 0 -1 -1 0 1 -1 0 0 -1 1 0 1 0 0 -1 0 1 1 0 0 2 1 1 0 1 1 0 0 1 0 0 0 0 2 0 1 -1 0 1 0 0 0 -1 -1 0 0 0 1 0 0 1 0 -1 0 0 -1 0 1 0 -1 0 0 1 0 -1 1 -1 0 0 -1 1 2 1 -2 0 -1 -1 -2 0 -1 0 -1 1 0 0 0 1 0 -1 0 0 2 0 0 1 1 0 -1 0 0 -1 1 1 1 2 -1 -1 0 0 0 -1 0 0 0 1 1 -1 1 1 0 0 0 1 0 1 -1 0 0 0 1 0 2 -1 0 0 0 0 -1 0 0 1 1 0 1 -1 -1 0 0 0 -1 0 1 -1 0 0 0 1 0 0 0 0 0 0 1 0 -1 -1 0 -1 -1 1 0 -1 0 1 0 0 0 -2 0 0 1 1 0 0 0 -1 0 0 1 1 1 0 0 1 1 0 0 -1 0 0 0 -1 0 1 1 1 1 -1 0 1 0 0 1 0 0 1 0 -1 -1 -1 0 -1 0 0 0 -1 -1 0 -1 0 0 0 1 0 -1 -1 0 -1 -2 -1 0 1 1 1 -1 -1 0 -1 -1 0 0 -1 0 -1 0 1 0 -1 0 -2 2 -2 1 2 0 0 0 2 0 0 0 0 0 0 0 0 0 0 0 0 0 0 0 0 0 0 0 0 0 2 0 0 0 0 0 0 0 0 0 0 0 0 0 0 0 0 -2 0 0 -2 0 0 0 0 0 0 0 0 0 0 0 0 0 0 0 0 0 0 0 0 0 0 0 0 0 0 0 0 0 0 0 0 0 0 0 0 0 0 0 0 0 0 0 0 0 0 0 0 0 0 0 0 0 0 0 0 0 0 0 0 0 0 0 0 0 0 0 0 0 0 0 0 0 0 0 0 0 0 0 0 0 0 2 0 0 0 0 0 0 0 0 0 0 0 0 0 0 0 0 0 0 0 0 -1 1
0 2 0 0 -2 0 0 0 0 0 0 0 0 0 0 0 0 0 0 0 0 0 0 0 0 0 0 0 0 0 0 0 0 0 0 0 0 0 0 0 0 0 0 0 0 0 0 0 0 0 -2 0 0 0 0 0 0 0 0 0 0 0 0 0 0 0 0 0 0 2 0 0 0 0 1 1 -1 0 -1 -1 1 0 0 0 1 0 0 0 -1 1 1 0 1 -1 0 -1 -1 0 0 0 -1 0 1 -1 0 1 1 0 0 0 0 0 0 0 -1 0 -1 0 2 -1 -1 -1 0 0 -1 1 0 0 0 0 2 -1 -1 1 0 1 0 -1 0 -1 2 1 0 1 1 0 1 -1 1 1 1 0 1 0 0 0 1 1 1 2 0 -1 1 1 -1 1 0 0 0 0 1 -1 0 0 1 0 1 -1 0 1 0 0 0 0 1 0 1 0 0 0 0 0 1 0 -1 1 0 1 1 1 0 0 1 0 0 1 0 0 1 -1 0 -2 -1 -1 -1 0 0 1 0 1 1 0 0 0 0 0 0 -1 1 1 -1 -1 0 0 0 0 0 -1 0 -1 1 -1 -1 0 0 0 1 1 -1 1 1 -1 1 0 0 0 0 0 1 0 -1 0 -1 0 -1 1 0 -1 0 0 -1 1 0 0 1 0 1 0 0 0 0 0 1 0 1 -1 -1 0 -1 -1 1 0 0 0 0 0 -1 0 0 0 1 1 1 -1 0 0 0 1 -1 -1 0 -1 -1 1 -1 1 -1 0 0 1 0 0 -1 1 -1 0 0 1 0 0 1 1 0 0 0 -1 0 1 0 1 0 0 0 0 -1 -1 0 -1 0 -2 0 1 0 0 0 0 0 0 2 0 0 0 0 0 0 0 0 0 0 0 0 0 0 0 0 0 0 0 0 0 0 0 0 0 0 0 0 0 0 0 0 0 0 0 0 0 0 0 0 0 0 0 0 0 0 0 0 0 0 -2 0 0 0 -2 0 0 0 0 0 0 0 0 0 0 0 0 0 0 0 0 0 0 0 0 0 0 0 0 0 0 0 0 0 0 0 0 0 0 0 0 0 0 2 0 0 0 0 0 0 0 0 0 0 0 0 0 2 0 0 0 0 0 0 0 0 0 0 0 0 0 0 0 0 0 -2 0 0 0 0 0 0 0 0 0 0 0 0 0 0 0 0 0 0 0 0 0 0 0 -2 0 0 1
0 1 0 -1 0 0 -1 -1 0 1 0 -1 0 1 -1 -1 0 -1 0 1 0 0 0 -1 0 1 0 1 0 1 0 -1 0 0 -1 0 0 0 0 1 -1 -1 0 1 0 -1 0 -1 0 -1 0 0 -1 0 0 1 -1 1 -1 1 0 0 1 -1 -1 0 0 0 0 0 -1 0 0 0 1 0 -1 0 -1 0 0 -1 0 0 -1 0 1 0 1 0 0 0 0 0 0 0 -2 0 0 0 0 0 0 0 0 0 2 0 0 0 -2 0 0 0 0 0 0 0 0 0 -2 0 0 0 0 0 0 0 0 0 0 0 0 0 0 0 0 1 -1 0 1 0 0 1 0 0 0 0 0 0 -1 -1 1 2 -1 1 0 1 0 -1 1 0 0 0 1 0 0 1 -1 1 0 1 0 0 1 1 -1 -1 1 -1 0 0 0 0 -1 1 0 1 0 0 0 0 1 1 -1 0 0 0 -1 1 0 0 0 -1 1 -1 1 0 0 0 0 0 0 1 1 0 -1 0 0 0 0 0 -1 2 1 -1 0 0 1 1 0 1 0 1 0 1 0 1 1 0 1 -1 0 1 0 -1 0 1 0 0 0 -2 -1 -1 -1 0 1 0 -1 1 0 0 0 0 0 0 1 -1 1 1 0 1 -2 1 1 1 0 0 1 0 0 0 0 -1 0 -1 0 0 -1 1 0 0 0 0 -1 0 0 0 -1 0 0 0 0 1 1 2 1 0 0 0 1 0 -1 0 0 1 0 -1 -1 0 0 0 1 -1 1 0 0 1 -1 0 1 1 -1 1 0 0 -1 0 1 0 -2 0 2 0 0 0 0 0 0 0 0 0 0 0 0 0 0 0 0 0 0 0 0 0 0 0 0 0 0 0 0 0 0 0 0 0 0 0 0 0 0 0 0 0 0 0 0 0 0 0 0 2 0 0 0 0 0 0 0 0 0 0 0 0 0 0 0 0 -2 0 0 0 0 0 0 0 0 0 0 0 2 0 0 0 0 0 0 0 0 0 0 0 0 0 0 0 0 0 0 0 0 0 0 0 0 0 0 0 -2 0 0 2 0 0 0 0 0 0 0 0 0 0 0 0 -2 0 0 0 0 0 0 0 0 0 0 0 0 0 0 0 0 0 0 0 0 0 0 0 0 0 0 0 0 0 0 0 0 0 0 0 0 0 0 0 0 0 0 0 0 0 1 1
0 0 -1 1 0 0 1 1 -1 1 0 -1 0 1 1 0 0 0 2 0 0 -1 0 -1 1 1 -1 -1 -1 -1 0 1 0 -1 0 1 1 0 1 1 -1 1 -1 -1 -1 2 0 0 1 1 0 0 -1 -1 -1 2 0 -1 -1 -1 1 -1 0 -1 -1 0 0 -2 0 0 0 0 0 0 0 0 0 0 0 0 0 0 0 0 0 0 0 0 0 0 0 2 0 0 0 0 0 0 0 0 0 0 0 0 0 0 0 0 0 0 0 0 1 0 0 2 0 -1 0 0 0 1 1 0 0 0 1 -1 0 0 0 0 0 0 -1 2 1 1 -1 0 0 0 -2 0 0 0 0 1 0 1 0 -2 0 0 1 -1 0 0 -1 0 0 0 0 -1 0 -1 0 -1 0 -1 -1 0 0 0 1 1 1 0 0 0 -2 0 1 -1 0 1 -1 0 0 1 1 0 0 0 1 1 0 2 -1 -1 0 0 0 0 0 -1 1 -1 0 0 1 0 0 0 0 0 -1 0 0 1 0 0 -2 1 0 -1 -1 1 -2 1 1 0 0 0 -1 0 -1 1 0 -1 1 0 1 1 1 -1 0 0 1 -1 0 0 -1 -1 0 0 -1 0 0 0 0 -1 1 0 1 0 1 0 0 -2 1 0 0 1 0 -1 0 -1 -1 -1 0 0 0 0 0 0 1 -1 0 1 -1 0 1 0 0 0 0 1 0 0 1 0 1 0 -1 0 -1 0 0 1 -1 1 0 -1 1 1 1 0 -1 0 0 -1 1 0 1 1 -1 0 0 1 0 1 0 0 0 0 1 0 0 0 0 0 0 0 0 0 2 0 0 0 0 0 0 0 0 0 0 0 0 0 0 0 0 0 0 0 0 0 0 0 0 0 0 0 0 0 0 0 0 0 0 0 0 0 0 0 0 -2 0 0 0 0 0 0 0 0 0 0 0 0 0 0 0 0 0 0 0 0 0 0 0 0 0 0 0 0 0 0 0 0 0 0 0 0 0 0 0 0 0 0 0 0 0 0 0 0 0 0 0 0 0 2 0 0 0 0 0 0 0 0 0 0 0 0 0 0 0 0 0 0 0 0 0 0 0 0 0 0 0 0 0 0 0 0 0 0 0 0 0 0 0 0 0 0 0 0 0 0 0 0 0 0 0 0 0 0 0 0 0 0 0 0 0 0 0 0 0 0 0 0 0 1
0 -1 0 2 0 0 0 0 1 -1 -1 2 0 0 1 0 0 1 -1 -1 0 1 -1 0 0 0 0 -1 1 0 1 -1 1 1 0 0 1 0 1 1 1 -1 0 0 -1 1 1 -1 0 0 0 0 1 0 -1 -1 0 0 1 0 -1 0 0 0 1 -1 2 0 -1 0 0 1 0 0 1 0 0 -1 1 0 0 1 0 0 -1 0 0 0 0 0 0 0 0 0 -2 0 0 0 0 0 0 0 0 0 0 0 0 0 0 0 0 0 0 0 0 0 0 0 0 0 0 0 0 0 0 0 0 0 0 0 0 0 0 0 0 -1 0 0 0 0 1 -2 0 0 -1 1 1 -1 1 0 0 1 1 1 1 0 1 0 -1 0 1 0 0 0 1 -1 0 0 0 -2 -1 -1 0 -1 1 1 1 -1 -1 0 0 1 -1 0 1 -1 0 1 0 0 1 1 0 -1 0 0 1 0 0 0 0 0 0 0 0 0 1 0 0 0 0 0 0 0 1 -1 -1 0 0 -1 0 0 0 -1 0 1 0 0 1 -2 -1 -1 0 -1 0 0 1 1 0 0 0 0 1 1 0 0 0 -1 -1 0 0 0 1 0 1 0 0 0 2 0 0 1 0 0 0 0 -2 -1 -1 -1 0 -1 -1 1 0 0 0 -1 0 1 0 -1 -1 0 -2 -1 0 -1 0 -1 -1 1 0 0 -1 1 1 0 1 0 0 0 0 0 1 1 0 -1 -1 0 -2 1 0 0 0 1 1 -2 1 1 -1 0 0 0 1 -1 0 0 -1 0 1 0 0 0 0 0 0 0 1 0 0 0 0 0 0 0 0 0 2 0 0 0 0 0 0 0 0 0 0 0 0 0 0 0 0 0 0 0 0 0 0 0 0 0 0 0 0 0 0 0 -2 0 0 0 0 0 0 2 0 0 0 0 0 0 0 0 0 0 0 0 0 0 0 0 0 0 0 0 0 0 0 0 0 0 0 0 0 0 0 0 0 0 0 0 0 0 0 0 0 -2 -2 0 0 0 0 0 2 0 0 0 0 0 0 0 0 0 0 0 0 0 0 0 0 0 0 -2 0 0 0 0 0 0 0 0 0 0 0 0 -2 0 0 0 0 0 0 0 0 0 0 0 0 0 0 0 0 0 2 0 0 0 0 0 0 0 0 0 0 0 0 0 0 0 0 0 0 0 0 0 0 0 -1 -1
-1 0 0 2 0 0 0 0 0 0 0 0 0 0 0 0 0 0 0 0 -1 0 0 0 0 -2 0 0 0 0 0 0 0 0 0 0 0 0 0 0 0 0 0 0 0 0 0 0 2 0 0 0 0 0 0 0 0 0 0 0 0 0 0 0 0 0 0 0 0 2 0 0 0 0 -1 -2 0 1 0 2 1 0 0 1 0 0 1 -1 -1 1 0 1 0 0 -1 0 1 0 0 0 -1 1 0 -2 -1 2 0 0 1 0 1 1 2 0 1 0 1 0 0 0 1 0 -1 0 0 -1 0 0 0 -1 -1 -1 -1 -2 0 0 0 -1 0 0 0 1 -1 1 1 -1 1 0 0 1 0 -1 0 2 0 0 0 -1 0 0 -1 0 0 0 0 1 2 0 0 -2 0 -1 -1 0 0 -1 0 -1 -1 0 0 0 0 1 0 0 0 0 0 -1 0 0 1 0 -1 -1 0 0 -1 -1 1 -1 1 1 -1 1 -1 1 -1 -1 -1 0 -1 -1 0 0 1 0 0 0 -1 -1 0 0 0 0 0 -1 0 0 0 -1 1 0 1 0 0 0 0 0 0 -1 0 1 -1 0 1 0 0 0 -1 0 0 0 0 0 0 0 0 0 0 0 0 -1 -1 0 0 1 -1 0 -2 1 0 1 1 0 -1 1 0 0 1 0 1 0 0 0 0 -2 0 0 0 1 1 -1 0 0 0 1 0 0 0 1 0 0 -1 -2 0 0 0 -1 0 0 0 0 -1 0 1 1 1 1 -1 1 -1 1 0 1 0 0 0 -1 -1 -1 -2 -1 0 0 -1 0 0 0 0 0 1 0 0 -1 0 0 0 1 1 -1 0 1 0 0 0 0 2 0 1 0 0 0 0 1 1 1 0 0 0 0 0 0 0 0 0 0 0 0 -2 0 0 0 0 0 0 0 0 -2 0 0 0 0 0 0 0 0 0 0 -2 0 2 0 0 0 0 0 0 0 0 0 0 0 0 0 0 0 0 0 0 0 0 0 0 0 2 0 0 0 0 0 0 0 0 0 0 0 0 0 0 0 0 0 0 0 -2 0 0 0 0 0 0 0 0 0 0 0 0 0 0 0 0 0 0 0 0 0 0 -1 0 0 0 0 0 0 0 0 0 0 0 0 0 0 0 0 0 0 0 0 0 0 0 0 0 0 0 0 0 0 0 0 0 0 0 0 0 0 0 0 -1 0
1 0 0 0 0 0 0 0 0 0 0 0 0 0 0 0 0 0 0 0 0 0 0 0 0 0 0 0 0 0 0 0 0 0 0 0 2 0 0 -2 0 0 0 0 0 0 0 0 0 0 0 0 0 0 0 0 0 0 0 0 0 0 0 -2 0 0 0 0 0 0 0 0 0 0 -2 0 0 0 0 0 0 0 0 0 0 0 0 0 0 0 0 0 0 -1 0 0 -1 0 0 -1 0 -1 -1 1 -1 0 0 -1 0 1 -1 1 -1 -1 -1 0 -1 1 0 -1 -1 1 -1 0 0 0 1 0 1 0 0 0 1 0 0 -1 0 1 -1 0 0 -1 -1 -1 0 1 -1 1 0 0 -1 0 -1 0 0 0 0 1 0 1 0 1 -1 1 0 0 0 0 -2 0 -1 -1 1 1 1 1 1 1 0 -1 0 0 0 -1 0 -1 1 0 1 0 0 1 -1 1 1 1 0 0 1 1 1 -1 -1 -1 1 1 -1 0 0 0 1 0 0 -1 0 1 -1 0 0 1 1 0 1 -1 1 0 1 1 -1 -2 0 0 -1 1 1 -1 -1 -1 1 0 0 0 0 1 0 0 1 -1 0 0 0 0 0 1 0 0 -1 0 -1 0 0 0 -1 -2 -1 1 1 0 1 -1 -1 0 0 1 -1 -1 -1 0 0 0 -1 1 0 -1 -1 0 -1 -1 0 0 0 1 0 0 0 0 1 1 -1 0 0 0 0 0 1 1 -1 0 -1 1 0 -1 0 0 -1 0 1 0 -1 1 0 1 0 0 -1 -1 0 0 -1 0 -1 0 1 -1 -1 0 0 1 1 0 0 1 0 0 0 0 -2 1 0 1 0 -1 0 0 0 0 0 0 0 0 0 2 0 0 0 0 0 0 0 0 0 0 2 0 -2 0 0 0 0 0 0 0 0 0 0 0 0 0 0 0 0 0 0 0 0 0 0 0 0 0 0 0 0 0 0 0 0 0 0 0 0 0 0 2 0 0 0 0 0 0 0 0 0 0 0 0 0 0 0 0 0 0 0 0 0 0 0 0 0 0 0 0 0 0 0 0 0 -2 0 0 0 2 0 0 0 0 0 0 0 0 0 0 0 0 0 0 0 0 0 0 0 0 0 0 0 0 0 0 0 0 0 2 0 0 0 0 0 0 0 0 0 2 0 0 0 0 0 0 0 0 0 0 0 0 0 0 0 0 0 0 1 0
0 1 1 0 0 1 -1 0 0 0 0 0 0 -1 0 0 0 -1 -1 -1 -1 -1 1 0 -1 0 1 1 -1 0 -1 0 0 -1 0 1 0 1 1 -1 -2 1 0 0 1 0 1 2 -1 0 0 1 0 0 1 1 -1 1 0 0 -1 -1 0 0 0 -1 0 0 0 0 0 0 0 -1 0 0 0 0 -1 -1 0 0 1 0 0 0 0 0 1 -1 -1 0 0 -1 -1 0 0 0 0 0 0 0 0 2 0 0 0 0 0 0 0 0 0 0 0 0 0 0 0 0 0 0 0 0 0 0 0 0 0 0 0 0 0 0 0 0 0 0 0 0 0 0 -1 0 0 1 0 0 0 -1 0 0 -1 0 1 -1 0 -1 0 0 -1 0 -1 0 0 -1 0 -1 0 -1 -1 0 1 0 1 0 0 0 0 1 -1 0 0 1 1 1 0 1 1 0 2 1 0 0 -1 -1 1 -1 1 1 0 0 -1 0 0 -1 -1 1 0 0 1 1 0 0 1 0 -1 1 0 0 -1 0 0 0 -1 1 0 0 1 -1 -1 2 -1 1 1 0 1 -1 0 0 0 0 1 1 -1 0 0 1 -1 -1 1 -1 0 0 2 0 0 1 0 0 0 -1 1 -1 1 0 1 0 1 0 0 0 0 0 -1 1 0 0 -1 0 -2 0 0 0 0 -2 0 1 0 1 1 -1 0 -1 0 0 1 1 0 0 0 0 0 0 1 0 -2 -1 0 1 -1 2 1 0 -2 -1 -1 0 0 1 1 0 -1 -1 -1 0 0 1 0 0 -1 0 0 1 0 0 0 0 0 0 0 0 0 -2 0 0 0 0 0 0 0 0 0 0 0 0 0 0 0 2 0 0 0 0 0 0 0 0 0 0 0 0 0 0 0 0 0 0 0 0 0 0 0 0 -2 0 0 0 0 0 0 0 0 0 0 0 0 0 0 0 0 0 0 0 0 -2 0 0 0 0 0 0 0 0 0 0 2 0 0 0 0 0 0 0 0 0 0 0 2 0 0 0 0 0 0 0 0 0 0 0 0 0 -2 0 0 0 0 0 0 0 0 0 0 0 0 0 0 0 0 0 0 0 0 0 0 0 0 0 0 0 0 0 0 0 0 0 0 0 0 0 0 0 0 0 0 0 0 0 0 0 0 0 0 0 0 0 0 0 0 0 0 0 0 0 0 0 0 0 -2 0 0 1
0 0 0 0 0 0 0 0 0 -2 0 0 0 0 0 0 0 0 0 0 0 0 0 -2 0 0 0 0 0 0 0 0 0 0 0 0 0 0 0 0 0 0 0 0 0 0 0 0 0 -2 0 0 0 0 0 0 0 0 0 0 0 0 0 0 0 0 0 0 0 0 0 0 0 0 0 0 0 0 0 0 0 0 0 0 0 0 1 -2 2 0 -1 -1 -1 0 0 1 1 0 0 1 1 1 0 0 0 0 1 1 2 0 0 1 0 -1 0 1 1 0 -1 0 0 0 1 0 0 -1 0 -1 -1 1 0 0 1 0 1 -1 0 0 -1 0 1 0 0 0 0 0 0 0 -1 -1 0 0 1 0 0 0 0 -2 0 1 -1 1 1 0 0 -2 0 0 0 0 0 0 -1 1 0 0 0 -1 1 0 -1 -1 1 -1 1 -1 0 1 1 1 0 1 0 1 0 0 1 0 -1 -1 0 0 0 1 -1 -1 1 -1 -1 0 -1 -1 0 0 0 0 -1 0 -1 0 -1 -1 -1 1 0 0 -1 0 0 0 0 2 1 0 0 0 0 1 1 1 -1 2 0 0 0 0 2 2 0 1 1 0 -1 0 0 0 -1 0 0 1 0 -1 1 1 0 0 1 1 0 0 0 -1 0 0 1 0 0 1 0 -1 0 1 0 0 1 1 1 0 0 0 -2 2 0 -1 0 0 0 -1 0 -1 0 0 1 -1 -1 0 -1 1 0 0 1 -1 1 0 -1 1 1 1 1 1 0 -1 1 0 1 -1 1 -1 0 -1 0 1 0 0 -1 0 0 -1 2 0 -1 0 0 0 1 -1 1 1 0 2 -1 0 1 1 1 -1 1 1 0 1 -1 0 0 0 0 0 0 0 0 0 0 0 0 0 0 0 0 0 0 0 0 0 0 0 0 0 0 0 0 0 0 0 0 0 0 0 0 0 0 0 0 0 0 0 2 0 0 0 0 0 0 2 0 0 0 0 0 0 0 0 0 0 0 0 0 0 0 0 0 0 0 0 0 0 0 0 0 0 0 0 0 0 0 0 0 0 0 0 0 0 0 0 0 0 0 0 0 0 0 0 0 0 0 0 0 0 0 0 0 0 0 0 -2 0 0 0 0 0 0 0 0 0 0 2 0 0 0 0 0 0 0 0 0 0 0 0 0 0 0 0 0 0 0 0 0 0 0 0 0 0 0 0
-1 0 0 0 0 0 -2 0 0 0 0 0 0 0 0 2 0 0 0 0 0 0 0 0 0 0 0 0 1 1 1 0 1 -1 0 0 0 0 0 2 0 0 0 0 0 0 0 0 0 0 0 0 0 0 0 0 2 0 -2 0 0 0 0 0 0 -2 0 0 0 0 0 0 0 -2 1 1 0 0 1 0 0 -1 0 -1 1 1 -1 0 0 -1 1 -1 0 0 -1 0 0 1 -1 -1 0 0 1 0 0 0 1 1 0 1 1 0 0 0 0 1 0 0 0 0 0 0 1 0 1 0 0 1 1 0 1 0 1 0 0 0 2 0 -1 -1 0 0 -1 1 0 1 0 0 0 1 1 0 0 1 1 0 -1 0 -1 1 0 0 0 1 -1 0 -1 0 -1 -1 -1 1 -1 1 1 1 1 0 0 1 0 -1 0 0 -1 0 1 0 0 0 -1 -1 0 0 0 0 0 0 0 1 0 0 0 0 0 -1 -1 1 1 0 -1 0 0 0 0 -1 0 0 0 0 0 1 -1 -1 0 -1 0 0 0 0 0 0 0 -1 -1 1 0 0 0 -1 0 1 -1 0 1 0 0 1 1 1 0 0 -1 0 0 0 -1 0 0 0 0 1 0 0 1 1 1 -1 0 0 0 -2 1 0 1 0 1 0 1 -1 -1 0 -1 0 0 -1 1 0 0 0 0 0 0 0 1 0 1 -1 0 0 0 -1 -1 0 0 1 0 -1 0 0 0 0 0 0 -1 1 1 -1 1 -2 -1 1 -1 -1 0 1 0 0 0 0 -1 1 0 -1 -1 1 -1 1 0 -1 0 -1 0 0 0 0 -2 2 -2 0 -1 1 0 1 0 0 0 0 0 -1 -1 -1 0 0 -1 0 -1 0 0 1 0 0 0 0 0 0 0 0 0 0 0 0 0 0 0 0 0 0 0 0 0 0 0 0 0 0 0 0 0 0 0 0 0 0 0 0 0 0 0 0 0 0 0 0 0 0 0 0 0 0 0 0 0 0 0 0 0 0 0 0 0 0 0 0 0 0 0 0 0 0 0 0 -1 0 0 0 0 0 0 0 0 0 0 0 0 -1 -1 1 0 0 0 0 0 0 0 0 2 0 0 0 0 0 0 0 0 0 0 0 0 0 0 0 0 0 0 0 0 0 0 2 0 0 0 0 0 0 0 0 0 0 0 0 0 0 0 0 0 0 0 0 -1 0
0 1 1 0 1 0 0 1 -1 0 0 -1 0 0 0 1 1 0 0 0 0 0 0 -1 0 0 0 0 0 1 -1 1 -1 2 0 0 -1 0 0 -1 0 -1 0 0 0 1 0 1 0 0 1 0 0 0 -1 1 0 0 -2 0 0 0 0 -1 0 0 1 0 1 0 1 -1 1 0 0 0 0 1 0 0 1 -1 -1 0 0 0 0 0 -1 0 -1 0 -1 -1 1 0 0 0 -1 1 1 0 0 0 -1 0 1 0 1 0 0 0 0 0 0 0 0 0 0 0 0 0 0 0 0 0 0 0 0 2 0 0 0 0 0 0 0 0 0 0 0 0 0 0 0 0 0 2 0 0 0 0 0 0 0 -1 0 -1 -1 0 -1 0 0 1 2 1 1 0 1 1 -2 1 0 -1 0 2 0 0 0 -1 0 0 0 -1 0 1 -1 0 -1 0 0 0 1 0 0 -1 -1 1 1 -1 -1 0 -1 0 1 0 0 0 1 -1 0 -1 1 0 0 0 -1 0 1 1 -1 0 -1 -1 0 -1 0 -1 0 -2 0 2 1 1 1 1 -1 1 1 0 0 -1 0 -1 0 0 -1 0 1 1 0 -1 1 1 0 0 1 -1 0 0 0 -1 1 0 1 1 0 0 1 0 0 0 1 1 -1 0 -1 -1 -1 0 -1 0 0 -1 -2 0 0 1 1 0 -1 1 -1 0 1 0 -1 0 0 1 0 0 0 0 0 -1 0 -1 1 2 1 0 1 0 -1 0 -1 -1 -1 0 0 -1 0 0 -1 1 1 0 0 0 1 0 0 -1 0 0 -1 0 0 0 0 0 0 0 0 0 0 0 0 0 0 0 0 0 0 0 0 0 0 0 0 0 0 0 0 0 0 0 0 0 0 0 0 0 0 0 0 0 0 0 0 0 0 0 0 0 0 -2 0 0 0 0 -2 0 0 0 0 -2 0 0 0 0 0 0 0 0 0 0 0 0 0 0 0 -2 0 0 0 0 0 0 0 0 0 0 0 0 0 0 0 0 0 0 0 0 0 0 0 0 0 0 0 0 0 0 0 0 0 0 0 0 0 0 0 0 0 0 0 0 0 0 0 0 0 0 0 0 0 0 0 0 0 -2 0 0 0 0 0 0 0 0 0 0 0 0 0 0 0 0 0 0 0 0 0 0 0 0 0 0 0 0 0 0 0 -2 0 0 0 0 0 0 -1 2
0 0 0 0 0 0 -2 0 0 0 0 0 0 0 0 0 0 0 0 0 1 0 0 0 -1 0 0 -1 -1 1 0 0 0 0 0 0 0 0 0 0 0 0 0 0 0 0 0 0 0 0 0 0 0 0 0 0 0 0 0 0 0 0 0 0 0 0 0 0 0 1 0 0 0 -1 0 -1 0 1 0 -1 1 0 1 2 -1 -1 0 0 0 0 1 -1 1 -1 0 -1 0 -1 -1 1 1 -1 0 0 0 1 0 -1 -1 0 -1 1 1 0 0 1 0 1 1 1 1 -1 2 1 0 0 0 -1 1 0 0 0 0 0 1 0 0 1 -1 0 -2 1 0 0 -1 0 0 1 0 1 0 0 0 0 0 0 0 0 0 0 0 0 0 0 0 0 0 0 -1 0 0 0 0 0 0 0 0 0 0 1 0 0 0 0 0 0 0 0 -1 -1 0 0 1 0 -1 0 2 0 0 0 0 0 0 0 0 0 0 0 0 0 0 0 1 1 0 -1 0 0 0 0 0 0 0 1 -1 0 -1 0 0 1 1 -1 0 -1 1 0 0 -1 0 -1 0 0 1 0 0 0 -1 0 0 0 -1 -1 1 0 0 0 1 -1 1 2 0 -1 -1 -1 0 1 -1 1 0 -1 -1 0 -2 0 -2 1 2 1 1 0 -1 0 0 0 1 1 -1 0 0 0 -1 1 0 0 0 1 1 0 1 1 -1 -1 -1 0 1 1 0 1 -1 0 0 0 0 1 0 0 1 0 0 0 1 0 0 -1 1 0 0 -1 0 0 0 0 -1 1 -1 1 0 0 0 -1 -1 0 2 0 0 0 -1 0 1 -1 0 0 1 0 1 0 1 1 -1 0 0 1 1 1 1 1 0 0 0 0 1 0 0 -1 -1 -1 0 0 0 0 0 0 0 0 0 0 0 0 0 0 0 0 0 0 0 0 0 0 -2 0 0 0 0 0 0 0 0 0 0 0 0 0 0 0 0 0 0 0 0 0 0 0 0 0 0 0 0 0 0 -2 0 0 0 0 0 0 0 0 0 0 0 0 0 0 0 0 0 0 0 0 0 0 1 0 0 0 -1 1 0 -1 0 0 -1 0 0 -1 -1 -1 -1 0 1 2 0 0 0 0 0 0 0 0 0 2 0 0 0 0 0 0 0 -2 0 0 0 0 0 0 0 0 0 0 0 0 0 0 0 0 0 0 0 0 0 0
0 1 1 1 -1 0 0 -1 1 -1 0 -1 0 1 1 1 1 1 0 1 0 2 1 -1 0 0 -1 0 0 -1 1 0 0 -1 0 0 0 -1 1 1 1 -1 0 0 0 0 -1 0 0 0 1 0 0 0 1 0 0 1 -1 0 -1 1 0 -1 0 0 -1 1 1 0 0 -1 1 0 0 -1 1 -1 1 0 0 0 0 0 0 0 0 0 0 0 0 0 0 -2 0 0 0 0 0 0 0 0 0 0 0 0 0 0 0 0 0 0 0 0 0 0 0 0 0 0 0 0 0 0 0 0 0 0 1 0 1 0 0 -1 0 0 1 1 -1 1 0 -1 0 1 0 1 0 0 1 0 0 -2 0 0 -1 0 0 0 0 0 0 0 0 0 0 0 2 1 0 -1 0 -2 0 1 0 1 0 1 -1 0 0 0 0 0 0 -1 -1 -1 0 0 0 2 -1 -1 1 1 1 1 0 0 0 0 0 -1 -1 0 1 1 -1 0 -1 1 -1 -1 -1 0 0 1 0 1 0 0 0 -1 1 0 -1 1 -1 -1 -1 0 0 0 0 0 0 1 1 1 0 0 0 0 -1 1 -1 0 0 1 0 1 0 1 -1 0 0 0 1 1 0 1 0 1 1 0 0 2 0 1 -1 0 0 0 -1 0 0 -1 -1 1 0 0 1 0 -2 1 0 1 0 0 0 0 2 0 1 0 0 0 1 -1 -1 1 -1 0 0 -1 -1 1 0 1 0 -1 -1 1 -1 -1 -1 0 0 -1 0 -1 0 0 -2 0 1 0 0 0 0 0 0 0 0 0 0 0 0 0 0 0 0 0 0 0 0 0 0 0 0 0 0 0 0 0 0 0 0 0 0 0 0 0 0 0 0 0 0 0 0 0 0 0 0 0 0 0 0 0 2 0 0 -2 0 0 0 0 0 0 -2 0 0 0 0 0 0 0 0 0 0 0 0 0 0 0 0 0 0 0 0 0 0 0 0 0 0 0 0 2 0 0 0 0 0 0 0 0 0 0 0 0 0 0 0 0 0 0 -2 0 0 0 0 0 0 0 0 -2 0 0 0 0 0 0 0 0 2 0 0 0 0 0 0 0 0 0 0 0 0 0 0 0 0 0 0 0 0 0 0 0 0 0 0 0 0 0 0 0 0 0 0 0 2 0 0 0 0 0 0 0 0 0 0 0 0 0 0 0 0 0 -2 1
0 -1 -1 0 1 0 0 -1 0 0 0 0 1 0 0 0 0 1 1 1 0 1 0 0 -1 0 0 1 0 0 1 -1 0 1 0 -1 1 1 0 -1 0 0 1 1 1 -1 0 1 1 1 -1 0 2 1 -1 0 1 0 1 0 0 0 0 1 -1 0 1 0 0 -1 0 -1 -1 0 -1 0 -1 1 0 0 0 -1 -2 0 -1 -1 0 0 0 0 0 0 0 0 0 0 0 0 0 0 0 0 0 0 0 0 0 0 0 0 0 0 0 0 0 0 0 0 0 2 0 0 -2 0 0 0 0 0 0 0 1 -1 0 -1 -1 0 1 0 0 -1 -1 0 1 -1 0 0 1 -1 0 0 -1 0 -1 0 1 -1 0 2 0 0 0 1 -1 1 -1 0 1 0 1 0 -1 1 1 0 0 -1 0 -1 -1 0 0 1 0 -1 0 0 -1 0 -1 -1 0 0 0 1 2 0 0 1 1 0 1 -1 -1 1 0 1 0 0 0 0 0 -1 0 0 -1 0 0 1 0 -1 1 0 0 0 0 0 0 -1 -2 0 0 1 0 1 0 0 1 1 -1 0 0 0 0 -1 0 0 0 0 0 0 -1 0 0 0 -2 0 0 1 0 1 -1 1 1 0 1 1 0 1 0 0 1 1 0 0 0 1 0 0 1 1 0 1 0 1 0 1 1 0 1 -2 0 -1 -1 -1 0 0 0 0 0 -1 -1 1 0 -1 0 1 0 1 -1 2 0 0 -1 1 1 -1 0 -1 0 0 0 -1 0 -1 -1 0 0 0 0 -1 2 -1 -1 0 1 0 0 0 0 0 0 0 0 0 0 0 0 0 0 0 0 0 0 0 0 0 0 0 0 0 0 0 0 0 0 0 0 0 0 0 0 0 0 0 0 0 0 0 0 0 0 0 0 0 0 0 0 0 0 0 0 0 0 0 0 0 0 0 2 0 0 0 0 0 0 0 0 0 0 0 0 0 0 0 2 0 0 0 0 0 0 0 0 0 0 0 0 0 0 0 0 0 0 0 0 0 0 0 -2 0 0 0 -2 0 0 0 0 0 -2 0 0 0 0 0 0 0 0 0 0 0 0 0 0 0 0 0 0 0 0 0 0 0 0 0 0 0 0 0 -2 0 0 0 0 0 0 0 0 0 0 0 0 0 0 0 0 0 0 0 0 0 0 0 0 0 0 0 0 0 0 0 0 1
0 0 0 0 0 0 0 0 0 0 0 0 -2 0 0 0 0 0 0 0 0 0 0 0 0 -2 0 0 0 0 0 0 0 -1 0 0 0 0 0 0 0 -2 0 0 0 0 0 0 0 0 0 0 0 0 0 0 0 0 0 0 0 0 0 0 0 0 1 0 1 0 0 1 0 -1 0 -1 0 -2 2 -1 0 1 0 0 0 0 -1 0 -1 -1 0 0 0 -1 1 1 0 0 -2 1 0 1 0 0 0 0 1 1 1 0 0 0 1 1 0 0 0 1 0 0 -1 -1 1 -1 1 0 0 -1 0 0 0 1 0 0 0 -1 0 -1 0 0 0 -1 0 0 0 1 -1 1 1 0 -1 0 0 -1 0 0 0 0 0 0 0 0 1 0 0 0 0 1 0 -1 -1 -1 0 0 0 1 0 1 -1 -1 0 1 -1 0 -1 0 -1 0 0 2 1 1 1 0 -1 2 0 -1 -1 0 0 0 -1 -1 -1 0 1 1 -1 -1 0 1 0 -1 0 0 1 0 -1 1 -1 1 1 -1 0 0 -1 0 -1 -2 0 0 0 0 0 0 1 -1 -1 1 1 0 1 0 1 1 0 1 1 -1 0 -1 0 0 0 0 0 -1 0 1 -1 0 -1 0 0 0 -1 -1 -1 0 0 1 -1 0 1 0 1 1 0 1 1 0 -1 0 -1 0 -1 0 0 1 0 1 0 0 -1 0 0 0 0 1 -1 1 0 0 -1 -1 0 0 0 0 0 -1 0 0 -1 1 1 2 -2 1 0 0 0 0 0 0 1 0 0 0 1 0 0 0 0 0 0 0 0 0 0 1 0 -1 0 -1 1 0 -1 -1 0 0 1 0 2 1 0 0 1 0 0 0 -1 -1 0 -1 0 0 0 0 0 0 0 0 0 0 0 0 0 0 0 0 0 0 0 0 0 0 0 0 0 -2 0 0 0 0 0 0 0 0 0 0 0 0 0 0 0 0 0 0 0 0 0 0 -1 0 0 0 -2 0 0 0 0 0 0 0 0 0 -2 0 0 0 0 0 0 0 0 0 0 0 0 0 0 1 0 1 1 0 0 0 0 0 0 0 0 0 0 0 0 0 0 0 0 0 0 0 0 0 0 0 0 0 0 0 0 0 0 0 0 0 0 0 0 2 0 0 0 0 0 0 0 0 0 0 0 0 0 0 0 0 0 0 0 0 0 0 0 0 0 -2 0 1
0 -1 1 1 -1 0 -1 1 0 -1 0 0 0 1 0 0 -1 0 -1 0 0 -1 0 0 0 -1 0 0 0 1 0 0 -1 0 1 0 0 0 -2 1 0 -1 -1 0 0 0 -1 0 -1 0 -1 0 1 1 0 1 -1 -2 0 -1 1 -1 0 0 0 0 0 -1 0 0 -1 0 1 0 0 0 1 0 0 -1 1 0 0 0 0 2 0 -1 -1 0 0 -1 0 1 -1 -2 -1 2 0 0 0 0 0 0 0 0 0 0 0 0 0 -2 0 0 0 0 0 0 0 0 0 0 0 0 0 0 0 0 2 0 0 0 0 0 0 0 0 0 0 -1 -1 0 0 1 0 -1 -1 1 0 0 -1 0 2 0 0 1 0 0 0 0 0 0 1 0 0 0 0 0 0 0 0 0 1 0 2 -1 0 -2 0 0 0 -1 0 1 -1 -1 0 0 0 -1 -1 -1 1 0 0 -1 -1 -1 0 1 1 0 0 -1 0 0 0 0 0 0 0 0 -1 0 0 0 -1 1 -1 -1 0 0 0 1 0 0 0 1 0 0 0 -1 1 0 1 2 0 -1 -1 -1 2 -1 0 0 0 0 0 1 -1 -1 0 0 0 0 0 0 0 -1 1 0 -1 1 -1 0 1 0 0 0 0 0 -1 0 0 1 0 0 1 0 0 2 0 0 0 -1 1 -1 -1 0 0 1 -1 0 -1 1 0 1 0 0 1 1 2 0 0 1 -1 0 0 1 0 1 -1 0 -1 -1 1 1 0 0 -1 0 -1 -1 0 -1 -2 1 0 -1 1 -1 0 -1 -1 0 0 0 0 0 0 0 0 0 0 0 2 0 0 0 0 0 0 2 0 0 0 0 0 0 0 0 0 0 0 0 0 0 0 0 0 0 2 0 0 0 0 0 0 0 0 0 0 0 0 0 0 0 0 0 0 0 0 0 0 0 0 0 0 0 0 0 0 0 0 2 0 0 0 0 0 0 0 0 -2 0 0 0 0 0 0 0 0 0 0 0 0 0 0 0 0 0 0 0 0 0 0 0 0 0 0 0 0 0 0 0 0 0 0 0 0 0 0 0 0 0 0 0 0 0 0 0 0 0 0 0 0 0 0 0 0 0 0 -2 0 0 -2 0 0 0 0 0 0 0 0 0 0 0 0 0 0 0 2 0 0 0 0 0 2 0 0 0 0 0 0 0 0 0 0 0 0 0 0 -1
-2 2 0 0 0 1 0 1 -2 0 -1 -1 -1 0 0 0 0 0 0 1 1 -1 0 2 0 0 0 0 1 0 1 0 -1 -1 0 -1 0 1 -1 1 0 1 -1 0 0 1 1 0 0 0 1 1 -1 0 0 0 0 0 0 1 0 -1 0 1 0 0 0 -1 0 1 0 0 0 0 0 -1 2 -1 -1 0 1 -1 0 0 0 1 0 1 1 -1 -1 -1 1 0 2 1 1 1 1 -1 0 1 -1 0 0 -1 0 0 0 0 0 0 0 0 0 0 0 0 0 0 0 0 0 0 0 0 -2 0 0 0 -2 0 0 0 0 0 0 0 0 0 0 1 0 0 0 0 0 0 2 0 0 0 0 0 -1 0 -1 1 0 0 0 0 0 0 1 0 0 1 -1 2 1 0 0 1 0 0 -1 0 0 0 0 0 0 0 0 0 1 0 1 0 0 0 1 1 -2 0 -1 0 1 1 0 0 -2 0 1 -1 1 1 0 1 0 -1 0 1 0 -1 1 1 1 0 0 1 -1 -1 0 -1 0 0 0 1 1 0 0 0 0 0 1 1 0 0 -1 -1 1 0 -1 0 0 0 1 0 0 1 0 1 0 0 1 0 0 0 -1 0 1 0 0 0 -1 -1 -1 0 1 0 -1 -1 0 0 0 0 1 -1 0 0 0 1 0 -1 1 -1 -1 0 0 0 0 0 0 0 1 0 0 0 1 0 1 0 0 0 1 0 1 -1 0 0 0 0 0 1 -1 -1 -2 0 1 0 -1 0 0 0 -2 1 1 1 -1 1 1 0 -1 0 -1 0 0 0 0 0 0 0 0 0 0 0 0 0 0 0 0 0 0 0 0 0 0 0 -2 -2 0 0 0 0 0 0 0 0 -2 0 0 0 0 0 0 0 0 0 0 0 0 0 0 0 0 0 0 0 0 0 0 0 0 -2 0 0 0 0 0 0 0 0 0 0 0 0 -2 0 0 0 0 0 0 0 0 0 0 0 0 0 0 0 0 0 0 0 0 0 0 0 0 0 0 0 0 0 0 0 0 0 0 0 0 0 0 0 0 0 0 0 0 0 0 2 0 0 0 0 0 0 0 0 -2 0 0 0 0 0 0 0 0 0 0 0 0 0 0 0 0 0 0 0 0 0 0 0 0 0 0 0 0 0 0 0 0 0 0 0 0 0 0 0 0 0 0 0 0 0 -2 0
0 0 0 1 0 0 0 -1 0 -1 -1 1 -1 0 -1 -1 -1 0 1 1 -1 0 1 1 -1 -1 -1 1 -1 0 0 0 0 0 -1 0 0 1 1 0 0 0 -1 -1 0 1 1 1 0 -1 0 0 1 -1 0 0 0 2 0 0 1 -1 -1 0 -1 1 0 -1 -2 0 1 1 -1 -1 0 1 0 0 0 0 0 0 0 0 0 0 0 2 0 0 0 0 0 0 0 0 0 0 0 0 0 0 0 0 0 0 0 0 0 0 0 0 0 0 0 0 0 -2 0 0 0 0 0 0 -1 0 0 0 0 0 1 -1 1 0 1 -2 -1 -2 0 0 0 -1 0 1 -1 2 -1 0 0 1 1 0 0 1 -1 0 0 0 0 0 0 0 0 0 0 0 0 0 0 -1 0 1 -1 1 0 0 -1 0 0 -1 -1 1 0 1 1 1 0 1 -1 0 1 1 0 1 0 -1 -1 0 1 0 -1 0 -1 0 1 -1 -1 1 1 0 0 1 1 0 0 0 0 1 -1 -1 0 0 0 0 -1 0 0 0 1 -1 1 1 -1 1 -1 0 -2 0 0 -1 0 0 0 0 -2 1 -1 -1 0 -1 1 0 0 2 1 0 -1 0 1 1 0 -1 0 1 -2 -1 1 0 1 0 0 0 -1 0 0 1 0 -1 -1 0 0 0 0 0 0 0 1 0 1 -1 0 1 0 -1 0 0 0 1 -1 0 -1 0 0 1 0 0 1 0 0 1 -1 -1 0 1 1 0 0 0 0 0 1 -1 -1 1 0 1 0 0 0 0 0 0 0 0 0 0 0 0 0 0 0 0 0 0 0 0 0 0 0 0 0 0 0 0 0 0 0 0 0 0 0 0 0 0 0 0 0 0 0 0 0 0 0 0 0 0 0 0 0 0 -2 0 -2 0 0 0 0 0 0 0 0 0 0 0 0 0 0 0 0 0 0 0 0 0 0 0 0 0 0 0 0 0 0 0 0 0 0 0 0 0 0 0 0 0 0 0 0 0 0 0 0 0 0 0 0 0 0 0 0 0 0 0 0 0 0 0 0 -2 2 0 0 0 0 0 0 -2 0 0 0 0 0 0 0 0 0 0 0 0 0 0 0 0 0 0 0 0 0 0 0 0 0 0 0 0 0 0 2 0 0 0 0 0 0 0 0 0 0 0 0 0 0 0 0 0 2 0 0 0 0 0 0 1
0 2 0 -1 1 -1 1 0 0 -1 0 1 0 0 0 2 0 0 1 0 -1 0 1 0 1 -1 0 1 0 0 -1 1 -1 -1 0 0 -1 0 1 -1 -1 1 -1 -1 0 -1 1 0 1 -2 0 -1 -1 -2 0 0 -1 0 0 1 0 0 0 1 1 1 0 0 1 -1 0 -1 1 -1 1 0 -1 -2 1 0 0 0 0 0 0 0 0 0 0 0 0 0 0 0 0 0 0 0 0 0 0 0 0 0 0 0 0 0 0 0 0 0 0 0 1 0 0 1 -1 2 1 -1 1 0 1 -1 -1 0 0 0 0 1 0 -1 -1 0 0 -1 1 1 2 1 0 0 -1 1 0 -1 1 1 0 0 0 0 0 1 0 1 0 -1 0 -1 1 0 0 1 1 0 -2 1 0 0 0 0 0 -2 -1 0 0 0 1 -1 0 1 0 -1 -1 0 0 0 0 0 -1 0 0 0 1 -1 0 1 0 1 0 0 0 1 -1 0 0 0 -1 1 0 1 -1 1 1 0 -1 1 -1 -2 0 1 0 0 -1 0 0 1 0 0 0 -2 1 0 -1 -1 0 0 0 0 0 -2 1 0 1 0 -1 0 1 0 0 1 -1 0 0 0 0 0 0 -1 1 0 1 0 1 -1 0 0 1 0 0 0 0 -1 0 1 1 0 0 1 0 0 1 0 0 -1 1 0 -1 0 0 1 -2 0 1 0 1 0 0 1 0 0 -1 0 -1 0 1 0 2 0 0 -1 1 0 0 1 0 0 0 0 0 0 1 -1 0 0 -1 -1 0 0 0 0 0 0 0 0 1 0 0 0 0 0 0 0 0 0 0 0 0 0 0 0 0 0 0 0 0 0 0 0 0 -2 0 0 0 0 0 0 0 0 0 0 0 0 0 0 0 0 0 0 0 0 0 0 0 0 0 0 0 0 0 0 0 0 0 0 0 0 0 0 0 0 0 0 0 0 0 0 0 0 0 0 0 0 0 0 0 0 0 0 0 0 0 0 0 0 -2 0 0 0 0 0 0 0 0 0 0 0 0 0 0 0 0 0 0 0 0 0 0 0 0 0 0 0 0 0 -2 0 0 0 0 0 0 0 0 0 0 0 0 0 0 0 0 0 0 0 0 0 0 0 0 0 0 0 0 0 0 0 0 0 0 0 0 0 0 0 0 0 0 0 0 0 0 0 0 0 0 0 2 -1
0 0 1 -1 0 -1 -1 0 1 -1 1 0 -1 1 0 0 -1 1 0 0 0 0 1 0 -1 0 1 1 0 0 0 0 0 1 0 0 0 0 1 -2 1 -1 0 1 0 0 0 0 -1 0 0 0 0 0 1 0 -1 0 0 1 -1 0 0 0 0 -1 1 0 0 -1 -1 -1 0 0 0 0 1 0 1 0 -1 0 0 0 0 1 1 1 0 0 -1 0 0 0 1 0 0 0 0 0 0 0 0 0 0 0 0 0 0 0 0 0 0 0 0 0 0 0 0 0 0 0 0 0 0 0 0 0 -2 0 0 0 0 0 0 0 0 0 0 0 0 0 0 0 2 0 -1 0 1 -1 -1 0 0 0 1 1 1 1 1 1 0 1 -1 -1 1 0 0 0 -1 0 0 0 0 2 -1 -1 0 -1 0 -1 1 0 0 -1 -2 0 0 0 1 0 -1 0 -1 0 1 -1 0 0 -1 0 0 0 0 1 -1 0 0 0 0 0 1 -1 0 -1 -1 1 1 -1 0 1 1 0 0 0 0 0 1 -1 1 1 0 -1 -1 1 0 1 0 0 0 0 0 0 1 0 -1 0 1 0 1 1 0 0 2 0 0 0 -1 -1 0 0 -1 0 1 0 0 -1 0 -1 0 0 1 0 0 0 1 0 0 1 1 -1 0 0 -1 0 -1 0 0 0 1 0 0 0 1 0 0 0 -1 0 0 0 0 0 0 -1 1 0 0 0 -1 0 -1 0 0 1 -1 0 1 1 0 0 1 1 1 1 0 0 0 0 0 0 1 -1 -1 0 -1 1 0 0 0 0 0 0 0 -1 0 0 0 0 0 0 0 0 0 0 0 0 0 0 0 -2 0 0 0 0 0 0 0 0 2 0 0 0 0 0 0 0 0 0 0 0 2 0 0 -2 0 0 0 0 0 0 0 0 0 0 0 0 0 0 0 0 0 0 0 0 2 0 0 0 0 0 0 0 0 0 0 0 0 0 0 0 0 0 0 0 2 0 0 -2 0 0 0 0 0 0 0 0 0 0 0 -2 2 0 0 0 0 0 0 0 0 0 0 0 0 0 0 0 0 0 0 0 0 0 0 -2 0 0 0 0 0 0 -2 0 0 0 0 0 0 0 0 0 0 0 -2 2 -2 0 0 0 0 2 0 0 0 0 0 2 0 2 0 0 0 0 0 0 0 0 0 0 0 0 0 -1
0 0 0 0 2 0 0 0 0 0 0 0 0 2 0 0 0 0 0 0 0 0 1 1 0 0 0 0 -1 0 0 0 0 0 0 0 -1 0 0 0 0 0 0 0 0 0 0 0 0 0 0 0 0 0 0 0 0 0 0 0 0 0 0 0 0 0 0 0 0 0 0 0 0 0 0 0 0 0 0 0 0 0 0 0 0 0 0 0 0 0 -1 0 1 -1 0 0 -1 0 1 0 0 0 -2 -1 -1 0 0 0 0 0 0 0 0 -1 0 0 2 0 1 0 0 -1 1 0 0 0 -1 0 0 0 0 0 0 0 -1 -1 -1 -1 0 0 -1 1 -2 2 -1 -1 1 1 1 0 0 0 -1 0 0 -1 -1 -1 2 0 -1 1 -1 0 1 0 0 0 0 0 0 0 0 1 0 1 1 0 0 0 -1 1 1 -1 1 0 0 0 1 -1 0 1 1 -1 0 0 0 0 1 1 0 1 1 0 0 1 -1 0 0 0 0 0 0 1 0 0 0 0 1 -1 1 0 0 -1 -1 0 0 -1 -1 0 1 1 -1 0 1 1 -1 1 0 0 -1 -1 -1 1 1 1 0 1 0 -1 0 0 1 1 -1 1 0 0 1 1 -1 1 -1 -1 0 -1 0 0 -1 1 -1 2 1 0 0 -1 -1 2 0 0 0 0 0 1 0 0 0 -1 -1 0 0 0 0 1 -1 1 0 1 -1 0 -1 1 0 1 1 1 2 0 1 1 -1 -1 -1 0 1 -1 1 0 -1 1 0 1 0 0 0 0 1 0 -1 0 1 -1 -1 -1 -1 0 0 0 -1 0 0 -1 -1 -1 1 0 0 1 1 1 1 1 -1 1 0 0 1 1 0 0 1 0 0 0 0 0 0 0 0 0 0 0 0 0 0 0 2 0 0 0 0 0 0 2 0 0 0 0 0 0 0 0 0 0 0 0 0 0 0 0 0 0 0 0 0 0 0 0 0 0 0 0 0 0 0 0 0 0 0 0 0 0 0 0 0 0 0 0 0 0 0 0 -1 0 0 0 0 0 0 0 0 0 0 0 2 0 0 0 0 0 0 0 0 0 0 0 -1 0 1 0 0 0 0 0 -1 0 0 0 0 0 0 0 0 0 0 0 0 0 0 0 0 0 0 0 0 0 0 0 0 0 0 0 0 0 0 0 0 0 0 0 0 0 0 0 0 0 0 0 0 0 0 0
1 0 0 0 0 0 0 0 0 0 0 0 0 -2 -1 -1 0 0 -1 0 0 0 0 0 0 0 0 0 0 2 0 0 0 0 0 0 0 0 0 0 0 0 0 0 0 0 0 0 -2 0 0 0 0 1 0 -1 -1 0 2 0 0 0 0 0 0 -1 0 0 0 0 0 0 0 0 -1 -1 0 -1 0 0 -1 -1 2 0 0 0 0 0 0 0 0 0 1 -1 0 0 0 -1 -1 0 0 1 0 0 1 -1 1 1 1 0 -1 1 0 0 0 0 -1 0 0 1 0 1 0 0 0 1 0 0 0 0 -1 1 0 -1 0 1 0 0 2 0 0 -1 0 0 -1 0 0 0 0 0 0 0 0 2 1 0 0 0 0 0 0 0 0 0 0 0 0 0 0 0 0 0 0 0 0 0 1 2 0 0 0 0 0 0 0 0 0 0 0 0 0 0 0 0 0 0 0 1 0 0 -1 1 0 1 0 -1 1 1 0 1 0 -1 0 0 1 1 1 1 0 0 0 1 0 0 -1 0 0 1 -1 1 1 0 1 0 0 2 0 1 0 1 0 0 0 -1 0 -1 0 -1 0 -1 -1 0 0 0 0 0 1 0 -1 0 0 1 0 0 -1 0 1 0 0 0 2 -1 1 0 -1 0 -1 0 0 1 0 0 0 0 1 0 1 1 0 1 1 0 1 1 1 -1 0 -1 -1 1 0 1 0 1 -1 0 -1 0 0 0 -1 0 -1 0 0 0 0 1 0 0 -1 0 -1 -1 0 0 1 1 0 0 0 0 0 1 1 -1 0 -2 0 0 0 0 1 1 0 0 0 -1 1 -1 0 1 1 0 -1 1 -1 1 0 0 0 -1 -2 -1 0 0 0 -1 -1 1 0 -1 -1 0 0 1 0 0 1 0 0 0 0 0 0 0 0 0 0 0 0 0 0 0 0 0 0 0 0 0 0 0 0 0 0 0 0 0 0 0 0 0 0 0 0 0 0 0 0 0 0 0 0 0 0 0 0 0 0 0 0 0 0 0 0 0 0 0 2 2 0 0 0 0 0 0 0 0 0 0 0 0 0 0 1 0 1 0 -1 1 -1 0 -1 2 0 1 -1 0 -1 0 -1 0 2 1 2 0 0 0 0 0 0 0 0 0 0 0 0 0 -2 0 0 0 2 0 0 0 0 0 0 0 0 0 0 0 0 0 0 0 0 0 0 0
0 0 0 0 0 0 0 0 0 0 0 0 0 0 0 0 0 0 0 0 0 0 0 0 1 2 0 0 1 -1 0 0 0 0 0 0 0 0 0 0 0 0 0 0 0 0 0 0 0 0 0 0 -2 0 0 0 0 0 0 0 0 0 0 0 0 0 0 0 0 0 1 1 -1 -1 0 -1 0 0 0 -1 -1 0 -1 0 -1 -1 -1 -1 0 0 0 -1 1 1 1 -1 0 0 0 0 -1 0 1 0 1 -1 0 -1 -1 -1 -2 0 1 0 1 1 1 -1 2 0 1 0 1 1 -1 0 -1 1 0 -1 0 0 -1 0 0 1 0 0 1 -1 0 0 0 0 0 0 0 0 -1 0 0 -1 0 0 1 1 0 2 0 0 0 0 1 1 1 0 0 0 0 0 0 0 1 0 0 0 0 0 0 0 0 0 0 0 2 0 0 -1 0 -1 0 0 0 0 0 0 0 0 0 0 0 0 0 0 0 0 0 0 0 0 0 0 0 0 0 1 0 -2 0 1 0 0 0 1 0 -1 0 1 0 0 0 1 1 -1 1 0 0 -1 0 -1 1 0 0 0 0 -1 1 1 0 1 0 1 0 0 0 0 0 -1 0 0 -1 -1 1 1 1 1 0 1 0 2 0 -1 1 0 -1 0 -1 0 -1 1 -1 0 -1 0 2 2 0 -1 0 -1 0 0 1 0 0 -1 -1 1 -1 1 1 0 1 1 0 0 -1 0 0 1 -1 -1 -1 0 2 -1 0 0 1 -1 1 0 0 -1 0 0 -1 0 1 0 1 0 1 0 0 1 0 0 -1 0 0 0 0 -1 0 0 0 1 0 0 0 0 1 -1 0 1 -1 0 0 0 -2 1 1 -1 -1 0 0 -1 0 0 1 -1 -1 0 0 1 0 0 0 0 0 0 0 0 0 0 0 -2 0 0 0 0 0 0 0 0 0 0 0 2 0 0 0 0 0 0 0 0 0 0 0 0 0 0 0 0 0 0 0 0 0 0 0 0 0 0 0 0 0 0 2 0 0 0 0 0 0 0 0 0 0 0 0 0 0 0 0 0 0 0 0 0 0 0 0 -1 0 0 0 1 -1 -1 1 0 0 0 -1 0 0 -1 0 0 -1 0 0 -1 0 2 0 0 0 0 0 0 0 0 0 0 0 0 0 0 0 0 0 0 0 0 0 0 0 0 0 0 0 0 0 0 0 0 1 0
0 0 -1 0 2 -1 -1 1 -1 0 0 1 0 0 0 0 0 0 0 2 0 0 -1 1 -1 -1 0 -1 1 1 -1 0 1 0 0 0 0 0 0 -1 1 0 1 0 0 1 -2 -1 0 1 1 0 0 0 -1 0 1 -1 1 0 0 1 -1 0 0 0 0 0 0 0 0 0 -1 0 -1 0 0 -1 0 0 0 1 0 0 0 0 -1 0 0 -1 0 -1 -1 0 0 1 1 0 -1 -1 0 0 -1 0 0 0 1 0 0 0 0 0 0 0 0 0 1 0 0 0 0 0 0 0 0 0 0 0 2 0 0 0 0 0 0 0 0 0 0 0 0 0 0 0 0 0 0 -1 0 0 -1 0 -1 0 0 1 -1 0 0 1 0 0 0 0 0 -1 1 1 1 0 -2 0 0 1 1 0 0 -1 0 -1 1 0 -1 0 0 0 0 1 0 1 -1 -1 0 1 -1 1 0 0 1 2 -1 0 0 1 1 -1 0 0 1 -1 0 0 1 -1 0 -1 1 0 0 1 2 0 0 0 1 0 0 0 -1 0 0 0 1 -2 2 0 1 -1 1 0 0 1 0 0 0 1 0 0 0 0 0 0 0 -1 0 0 -1 -1 -1 -1 0 -1 0 -1 -1 0 0 1 1 1 1 -2 -1 0 -1 1 0 -1 0 -1 0 0 -1 0 0 2 0 1 0 0 0 0 -2 -1 0 -1 1 -1 1 0 0 0 -2 -1 0 0 0 1 0 -1 2 -2 0 0 0 0 0 -2 0 -1 1 0 1 1 1 -1 -1 -1 -1 -1 0 0 -1 0 -1 -1 -1 1 0 0 -1 0 0 0 -1 0 0 0 0 0 0 0 0 0 0 0 0 0 0 0 0 0 0 0 0 0 0 0 0 0 0 0 0 0 0 0 0 0 0 0 0 0 0 0 0 0 0 0 0 0 2 0 0 0 0 0 0 0 0 0 0 0 0 0 0 0 0 0 0 0 0 0 0 0 0 0 0 0 0 0 0 0 0 0 2 0 0 0 0 0 0 0 0 0 0 0 0 0 0 0 0 0 0 0 0 0 0 0 0 0 0 0 0 0 0 0 0 0 0 0 0 0 0 0 0 0 -2 0 0 0 0 0 0 0 0 0 0 0 0 0 0 0 0 0 0 0 0 0 0 0 0 0 0 0 0 0 0 0 0 0 0 0 0 0 0 0 0 0 0 0 -1 1
0 0 0 0 0 -1 -1 0 -1 -1 0 0 1 -1 0 0 0 0 0 0 0 1 -1 -1 0 0 -1 0 0 0 0 1 0 0 0 1 0 1 0 -1 0 0 -1 -1 0 0 -1 0 0 0 1 -2 1 1 0 0 0 0 1 0 -1 -1 0 0 -1 0 -1 0 -1 0 1 1 -1 1 1 1 0 0 0 0 0 1 0 0 0 0 0 0 1 -1 1 -1 -1 1 -1 1 1 0 -2 0 0 0 0 0 0 0 0 0 0 0 0 0 -2 0 0 0 0 0 0 0 0 0 0 0 0 0 0 2 0 0 0 0 0 0 0 0 0 0 0 0 0 0 0 0 0 0 1 0 -1 -1 1 -1 0 0 1 -1 0 0 -1 1 1 0 1 0 0 1 0 0 -1 -1 0 0 0 0 1 0 0 0 0 1 1 0 -1 -1 -1 0 1 1 1 1 0 0 0 0 0 0 -1 0 0 0 1 0 0 0 1 -1 0 0 -1 0 0 -2 0 0 1 1 0 1 -1 -1 1 1 1 0 0 0 -2 0 0 -1 1 0 -1 -2 0 0 1 0 1 1 1 1 0 -1 0 1 1 0 0 -2 1 1 -1 -1 1 0 1 0 -1 0 -1 0 0 -2 2 -1 -1 1 0 -1 0 0 0 0 0 0 0 0 0 0 1 0 -1 0 0 0 -2 -1 0 0 0 1 -1 0 -1 1 0 1 0 0 0 0 1 0 1 1 0 0 -1 0 0 -1 0 0 1 1 0 1 0 1 0 -1 1 1 -1 1 0 -1 0 -1 0 0 0 0 0 0 0 0 0 0 0 0 0 0 0 0 0 0 0 0 0 0 0 0 0 0 0 0 0 0 0 0 0 0 0 0 0 0 0 0 0 0 0 0 0 0 0 0 0 0 0 -2 -2 -2 0 2 0 0 2 0 0 0 2 0 0 0 0 0 0 0 0 0 0 0 0 0 0 0 0 0 0 0 0 0 0 0 2 0 0 0 0 0 0 0 0 0 0 0 0 0 0 0 0 0 0 0 0 0 0 0 0 0 0 0 0 0 0 0 0 2 0 0 0 0 0 0 0 0 0 0 0 0 0 0 0 0 0 0 0 0 0 0 0 0 0 0 0 0 0 0 0 0 0 0 0 0 0 0 0 0 0 0 0 0 0 0 -2 0 0 2 0 0 0 0 0 0 0 0 0 0 -1 -1
0 0 0 0 0 0 0 0 0 0 0 0 0 0 0 0 0 0 0 0 0 0 0 0 0 1 0 0 1 0 0 0 0 0 0 0 0 0 0 0 0 0 0 0 0 0 0 0 0 0 0 0 0 0 0 0 0 0 0 0 0 -2 0 0 0 0 0 0 0 0 0 0 0 0 0 0 0 0 0 0 0 0 0 -2 1 1 -1 2 2 -1 -2 1 1 -1 -1 0 0 0 0 0 0 -1 0 0 -1 0 -1 0 0 -1 1 0 -1 0 1 0 0 -1 1 0 0 1 -1 0 0 0 0 0 0 2 0 -1 -1 1 0 0 1 1 -1 -1 1 -1 0 -1 1 1 -1 1 0 -1 0 1 0 0 1 0 0 0 0 1 -1 1 0 1 1 0 0 0 -1 -1 1 1 2 1 1 -1 2 0 0 0 0 0 0 -1 1 -1 0 -1 0 -1 0 0 -2 0 0 0 0 0 0 1 1 0 0 0 1 -1 -2 1 1 0 0 1 0 -1 0 0 0 0 1 -1 0 1 1 0 0 2 0 -1 0 0 0 -1 1 0 0 0 0 0 -1 0 1 0 0 0 0 -1 2 0 -1 -1 0 1 0 0 0 0 0 0 0 0 0 -1 0 -1 1 1 0 0 -1 2 -1 0 0 1 -1 0 -1 -1 -1 -1 0 0 0 -2 -1 0 -1 0 0 0 0 -1 1 -1 0 -1 0 0 0 0 0 0 -1 1 1 0 0 1 -1 1 1 0 -1 -1 1 1 0 1 1 1 -1 0 0 0 1 0 0 0 0 0 1 -1 0 0 0 0 0 0 0 0 1 0 0 0 1 0 0 0 0 1 0 -1 -1 -1 -1 -1 0 1 0 0 1 0 -1 0 -1 0 2 -1 1 0 0 0 0 0 0 0 0 0 0 0 0 0 0 0 0 0 0 0 0 0 0 0 0 0 0 0 0 0 0 0 -2 0 0 0 0 0 0 0 0 0 0 0 0 2 0 0 2 0 0 0 0 0 0 0 0 -2 0 0 0 0 0 0 0 0 0 0 0 0 0 0 0 1 0 0 0 0 0 0 0 0 0 0 0 0 0 0 0 0 -1 0 0 0 0 0 0 0 0 0 0 0 0 0 0 0 0 0 0 0 0 0 0 0 0 2 0 0 0 0 0 0 0 0 0 0 0 0 0 0 0 0 0 0 0 0 0 0 0 0 0 0 1 -1
0 2 -1 1 0 0 -1 0 0 1 0 0 1 0 0 -1 0 0 -1 -1 -1 0 0 0 0 -2 0 0 1 0 -1 0 -1 0 0 0 -1 0 0 0 -1 -1 1 -2 0 -1 1 1 0 0 1 0 1 0 -1 0 1 -2 0 -1 1 -1 0 -1 0 -1 0 1 2 0 0 0 0 0 0 0 0 0 2 -1 1 0 -1 0 0 -1 0 0 0 1 -1 0 1 -1 -1 0 0 -1 1 0 0 0 0 0 0 0 0 0 0 0 0 0 -2 0 0 0 0 0 0 0 0 0 0 0 0 0 0 0 0 0 0 0 -2 0 0 -1 0 -1 0 0 -1 0 1 0 -1 0 -1 1 0 -1 1 1 1 0 0 0 0 -1 0 2 0 -1 -1 0 1 1 0 1 0 -1 -1 1 1 0 -1 1 0 0 1 0 0 0 0 0 -1 0 0 -1 0 0 0 0 0 1 0 0 -1 0 -1 0 -1 0 -1 -1 0 0 -1 0 1 0 0 0 1 2 -1 0 0 0 -1 0 1 -1 1 -1 1 -1 1 0 0 1 1 0 0 0 0 1 0 1 1 0 1 0 0 0 0 -1 0 0 0 0 1 1 1 0 1 0 0 0 -1 1 0 0 1 0 0 -2 0 0 1 0 0 0 -1 -1 -1 0 1 -1 0 -1 0 0 0 -1 -1 0 0 -1 1 0 0 0 1 0 0 1 0 1 0 0 0 0 0 1 1 1 -1 -1 1 -2 -1 0 -1 -1 0 0 0 1 0 1 -1 1 -1 1 0 1 0 0 0 1 -1 1 1 0 0 0 0 0 0 0 0 0 1 0 0 2 0 0 0 0 0 0 0 0 0 0 0 -2 0 0 0 0 0 0 0 0 0 0 0 0 0 0 0 0 0 0 0 0 -2 0 0 0 0 0 0 0 0 0 0 0 0 0 0 0 0 0 0 0 0 0 0 0 0 0 -2 0 0 0 0 0 0 0 0 0 0 0 0 0 0 0 0 0 0 0 0 0 0 0 0 0 0 0 0 0 0 0 0 0 0 0 0 0 0 0 0 0 0 0 0 0 0 0 0 0 0 0 0 0 0 0 0 0 0 0 0 0 0 0 0 0 0 0 0 0 0 0 0 0 0 0 0 0 0 0 0 0 0 0 0 0 0 0 0 0 0 0 0 -2 0 0 0 0 -2 0 0 0 0 0 0 0 0 1
0 0 0 0 0 0 -2 0 0 0 0 -2 0 0 0 0 0 0 0 0 0 2 0 0 2 0 0 0 0 0 0 0 0 0 0 0 0 0 0 0 0 0 2 0 0 0 0 0 0 0 0 0 0 0 0 0 0 0 0 0 0 0 0 2 0 0 0 0 0 0 0 0 0 0 0 0 0 0 0 0 0 0 0 0 0 0 0 -1 1 1 1 -1 0 1 0 1 0 0 -1 1 0 0 0 0 1 -1 1 1 1 0 1 0 0 0 -1 0 1 0 1 -1 -1 -1 0 0 0 0 0 0 1 1 1 0 -1 1 0 -1 0 0 -2 0 0 -1 0 -1 0 0 -1 0 -1 0 0 1 -1 -1 -1 0 1 0 -1 -1 1 0 0 0 0 0 0 -1 0 -1 1 -1 0 -1 1 1 -1 0 1 0 0 0 2 0 0 -1 1 0 0 1 0 0 0 0 0 0 1 0 -1 -1 -1 0 0 0 0 -1 0 -1 0 1 -1 0 -1 0 -1 0 -1 0 1 0 0 0 0 0 1 0 -1 -1 0 0 0 -1 0 -1 1 -1 -1 0 0 0 -1 0 0 1 0 0 0 -1 -1 0 1 2 0 1 0 0 2 1 1 2 0 1 1 1 1 1 1 0 0 0 0 0 0 1 1 1 0 0 0 -1 1 1 1 0 -1 1 0 0 0 0 0 0 1 1 0 1 1 0 -1 0 0 0 -1 2 1 2 0 0 0 0 1 1 0 0 0 0 1 0 1 1 0 1 1 -1 0 -1 -1 1 0 -1 -1 -1 0 -1 -1 0 0 0 0 0 1 1 0 0 1 0 -1 0 1 -1 -2 -2 0 0 0 0 2 0 1 0 0 0 0 0 0 0 0 0 -2 0 0 0 0 0 -2 0 0 0 0 0 0 0 2 0 0 0 0 0 0 0 0 0 0 0 0 0 0 0 0 0 0 0 0 0 0 0 0 0 0 0 0 0 0 0 0 0 0 0 0 0 0 0 0 0 0 0 0 0 0 0 0 0 0 0 0 0 0 0 0 0 0 0 0 0 0 0 0 0 0 -2 0 0 0 0 0 0 0 0 -2 0 0 0 0 0 0 -2 0 0 0 0 0 0 0 0 0 0 0 0 0 0 0 0 0 0 0 0 0 0 0 0 0 0 0 0 0 0 0 0 0 0 0 0 0 0 0 0 0 0 0 0 1 1
0 0 0 0 0 0 0 0 0 0 0 0 0 0 0 0 0 0 0 0 0 0 0 0 0 0 0 0 0 0 0 0 0 0 0 0 2 0 0 0 0 0 0 0 0 0 0 0 0 0 0 0 0 0 0 0 0 0 0 0 0 0 0 0 0 0 2 0 0 0 0 0 0 0 0 0 0 0 -1 0 0 0 -1 1 0 1 1 0 0 0 0 0 -1 0 2 0 0 1 1 0 1 0 0 0 0 0 0 0 0 1 -1 1 2 0 0 1 0 0 0 -1 0 0 0 0 -1 -1 0 1 1 1 -1 1 0 0 0 0 0 1 -1 0 0 0 0 1 -1 0 -1 0 0 1 0 -1 -1 1 1 0 0 0 0 1 0 0 0 1 1 0 0 1 0 0 -1 0 0 1 1 0 1 0 -1 -1 0 2 -1 0 0 -1 0 0 -1 -1 0 -2 0 -1 -1 1 0 0 0 -1 0 1 0 -1 0 1 1 0 -1 -1 0 -1 0 0 1 2 2 -1 1 0 0 0 1 0 -1 -1 0 0 -1 0 0 2 1 -1 1 0 -1 0 0 1 -1 0 -1 1 1 -1 0 0 -1 0 0 0 1 0 0 0 1 0 0 1 -1 1 -1 1 0 -1 0 0 0 2 0 1 -1 0 0 0 0 1 1 0 1 -1 0 -1 1 0 1 -1 0 1 0 -1 0 1 -1 -1 0 -1 0 0 -1 1 1 0 0 0 0 0 1 1 -1 -1 0 0 1 -1 0 0 1 0 1 -2 0 -1 1 1 1 0 0 0 1 1 -1 0 -1 0 0 1 0 0 0 0 1 0 0 1 0 0 1 0 -1 1 0 0 -1 -1 1 -1 0 0 0 0 0 0 0 0 0 0 0 0 0 0 0 0 0 0 0 -2 0 0 0 0 0 0 0 0 0 -2 0 0 0 0 0 0 0 -2 0 0 0 2 0 0 0 0 0 0 0 0 0 0 0 0 0 0 0 0 0 0 0 0 0 0 0 0 0 0 0 0 0 0 2 0 0 0 -2 0 0 0 0 0 0 0 2 0 0 0 0 0 0 0 0 0 0 0 0 0 0 0 0 0 0 0 0 0 0 0 0 2 0 0 0 0 0 0 0 -2 0 0 0 0 0 0 0 0 0 0 0 0 0 0 0 0 0 0 0 0 0 0 0 0 0 0 0 0 0 0 0 0 0 -2 0 1
1 0 0 0 0 0 0 0 0 0 0 0 0 0 0 0 0 0 0 0 0 0 0 0 0 0 0 0 0 0 0 0 0 0 0 0 0 0 0 0 0 2 0 0 0 0 0 0 -2 0 0 0 0 0 0 0 0 0 0 0 0 0 0 0 0 0 0 0 0 0 0 0 0 0 1 0 0 0 0 0 -1 1 1 0 0 1 -1 1 -1 0 2 -1 -1 0 -1 0 0 0 -1 1 1 1 -1 -1 0 0 0 -1 0 1 0 0 0 -1 0 -1 -1 0 0 0 0 1 0 -1 1 0 0 0 0 0 0 1 0 0 0 2 -1 0 -1 -1 -1 0 -1 0 1 1 1 0 -1 0 0 -1 1 -1 1 0 0 0 -1 0 0 0 1 0 1 -1 0 0 0 -1 2 -2 -1 1 -1 0 0 1 0 1 0 1 0 0 1 -1 0 0 0 0 1 1 1 0 1 1 0 0 0 -1 -1 0 1 0 0 0 1 0 0 -1 0 -1 1 0 1 1 0 1 0 0 1 -1 -1 -1 0 -1 0 1 0 0 0 0 -1 -1 0 -1 0 0 0 0 0 0 1 0 2 0 0 0 2 0 -1 -1 0 0 0 0 2 0 1 1 0 1 0 0 0 -1 -1 -1 -1 0 0 0 -1 1 0 0 2 -1 -1 2 1 1 0 0 -1 0 1 0 2 1 0 -1 -1 0 0 0 -1 0 0 -1 1 0 0 1 -1 0 -1 -1 1 0 0 0 -1 0 1 -1 -1 0 0 1 0 1 0 -1 0 0 -1 1 0 1 -1 0 0 1 0 -1 1 0 0 1 0 0 -2 -1 0 1 -2 1 1 -1 -2 1 1 -1 0 1 0 0 1 0 0 0 0 0 0 0 0 0 0 0 -2 0 2 0 0 0 0 0 0 0 0 0 0 0 0 0 2 0 0 0 0 0 0 0 0 0 0 0 0 0 0 0 0 0 0 0 0 2 0 0 0 0 0 0 0 0 0 0 0 0 0 0 0 0 0 0 0 0 0 0 0 0 0 0 0 0 0 0 0 0 0 0 0 0 0 0 0 0 0 0 0 0 0 0 0 0 0 0 0 0 0 0 0 0 0 0 0 0 0 0 0 0 0 0 0 0 0 0 0 0 0 0 0 0 0 0 0 0 0 0 0 0 0 0 0 0 0 0 0 0 0 0 0 0 0 0 0 0 0 0 -1 0
0 0 -2 0 0 0 0 0 -2 0 0 0 0 0 0 0 0 0 -1 0 0 -1 0 0 0 0 0 0 0 0 0 0 0 0 0 0 0 0 0 0 0 0 0 0 0 0 0 0 0 0 0 0 0 0 2 0 0 0 0 0 0 0 0 -1 -1 1 0 0 1 -1 0 0 0 1 0 0 0 2 1 1 1 0 0 0 0 0 0 -1 -1 -1 0 -1 0 1 0 0 0 0 -1 0 0 0 0 1 0 0 0 0 1 -1 1 0 -1 2 2 0 -1 0 0 2 0 0 -1 0 1 0 -2 -1 0 1 0 0 0 -1 0 0 0 0 -1 -2 0 -1 0 0 0 1 1 1 0 1 0 -1 1 1 0 1 2 0 0 0 0 0 0 0 0 1 0 0 2 0 0 0 0 0 0 0 0 0 0 1 -1 0 0 0 0 0 2 -2 0 0 0 0 0 0 0 0 0 0 0 0 0 0 0 0 0 0 -1 0 0 1 1 1 0 1 0 0 0 -1 0 -1 0 -2 -1 1 0 0 -1 -1 -1 1 0 -1 0 -1 0 1 0 -1 0 1 1 1 1 -1 0 0 0 0 1 -1 0 -1 0 0 0 0 1 -1 0 1 0 0 1 0 -1 -1 0 0 0 0 0 -1 -1 1 -1 0 -1 0 0 0 0 -1 0 1 1 -1 0 0 0 0 0 -1 0 1 0 2 0 0 1 0 -1 0 0 1 1 0 -1 1 -1 0 0 1 1 1 -1 0 0 0 -1 0 0 0 0 -1 0 0 -1 0 -1 0 -1 0 1 0 0 1 1 0 1 1 0 1 0 -1 0 1 0 -1 0 0 -1 1 0 0 0 1 -1 -1 0 -2 1 0 0 0 -1 0 0 0 0 0 0 1 -1 0 0 -1 0 0 0 1 0 0 0 0 0 0 0 0 0 0 0 0 0 0 0 0 0 0 0 0 0 0 0 0 0 0 0 0 0 0 0 0 0 0 0 0 0 0 0 0 0 0 0 0 0 0 0 0 0 0 0 0 0 0 0 0 0 0 -2 0 0 0 0 0 0 0 0 0 0 0 0 0 0 0 0 0 0 0 0 0 -1 0 -1 -2 0 -1 1 1 1 -1 -1 0 1 0 -1 0 1 0 0 0 0 0 0 0 0 0 0 0 0 0 0 0 0 0 0 0 0 0 0 0 0 0 0 0 -2 0 0 0 0 0 -1 1
0 1 1 1 -1 0 -1 -1 1 0 -1 1 0 0 1 1 0 -2 0 1 0 0 0 1 0 0 1 0 -1 1 1 -1 -1 -1 0 0 1 1 0 -1 0 0 -2 0 0 0 0 0 1 0 1 0 -1 0 0 1 0 1 0 1 0 -1 1 0 -2 0 -1 -2 1 0 0 1 -1 0 -1 0 0 1 0 1 1 -1 -1 0 0 0 -1 0 0 0 0 0 0 0 0 1 0 0 0 0 0 0 0 0 0 0 0 0 0 0 0 0 0 0 0 0 -1 -1 0 0 1 -1 0 0 2 1 0 1 0 1 0 0 -1 0 0 0 0 -1 0 1 0 -1 -1 0 -1 0 0 0 1 1 0 -1 0 0 0 0 1 0 0 0 -1 0 1 1 0 0 1 1 0 1 0 1 1 0 1 1 -1 -1 0 -1 -1 1 0 1 0 0 0 0 0 1 0 1 2 1 0 0 0 1 1 0 -1 0 0 0 0 0 -1 1 -1 0 1 0 0 -1 1 0 0 0 -1 0 0 -2 -1 0 0 0 0 -1 1 0 -1 0 0 0 0 0 -1 0 0 0 0 1 0 0 -1 1 0 0 0 0 0 1 -1 0 0 0 2 1 1 0 -1 -1 -1 1 1 -2 0 0 -1 1 -1 1 -1 1 0 2 0 0 0 -1 -1 0 1 0 0 -1 0 -1 1 0 0 1 -1 0 1 1 1 0 -1 0 -1 0 0 0 0 0 0 -1 0 -1 1 1 0 0 0 0 1 2 0 0 -1 -1 0 0 0 0 0 1 0 -1 0 -1 1 1 0 -2 0 0 0 -1 0 0 0 0 0 2 0 0 0 0 0 0 0 0 0 0 0 0 0 0 0 0 0 0 0 0 0 0 0 0 0 0 0 0 0 0 2 0 0 0 0 0 0 0 0 0 0 0 0 0 0 0 0 0 0 0 0 0 0 0 0 0 0 0 0 0 0 0 0 0 0 0 0 0 0 0 0 0 0 0 0 0 0 0 0 0 0 0 0 0 0 0 0 0 0 0 0 0 0 0 0 0 0 0 0 0 0 0 0 0 0 0 0 0 0 0 0 0 0 0 0 0 0 0 0 0 0 0 0 0 0 0 0 0 0 0 0 0 0 0 0 0 0 0 0 0 0 0 0 0 0 0 0 0 2 0 0 0 0 0 0 0 0 0 0 0 0 0 0 0 -1 -1
0 0 0 2 0 0 0 0 0 -2 0 0 0 0 0 0 0 0 0 0 0 0 0 0 0 0 0 0 0 0 0 0 0 0 0 0 0 -2 0 0 0 0 0 0 0 0 0 0 0 0 0 0 0 0 0 0 0 0 0 0 0 0 0 0 0 0 0 0 0 0 0 0 0 0 0 0 0 0 0 0 0 0 0 0 0 0 0 0 0 0 0 0 1 0 0 -1 0 0 0 1 0 1 -2 -1 0 0 0 -1 -1 0 1 -1 -1 1 1 -1 1 -1 1 1 0 0 -1 -1 0 0 0 0 -2 0 -1 1 0 0 -1 -1 -1 -1 0 0 0 0 0 0 0 0 -1 0 1 0 0 -1 1 0 1 1 -1 0 -1 0 0 -1 -1 1 0 0 1 -1 1 0 1 0 0 0 0 0 -1 0 1 1 1 1 -1 0 1 -1 0 -1 -1 1 1 -1 1 0 -1 0 0 0 1 1 0 -1 0 -1 0 1 0 1 -1 -1 0 0 1 0 0 0 1 0 0 0 1 1 0 0 0 0 0 -1 1 1 -1 1 0 0 0 0 0 0 0 0 0 -1 0 1 1 1 0 0 0 0 0 0 0 0 -1 0 0 0 1 1 -1 0 1 1 -2 0 0 -1 0 1 -1 0 -1 0 0 0 -1 1 1 0 2 -1 0 0 0 1 -1 -1 -1 0 1 1 -1 0 -2 1 1 0 0 -1 -1 2 0 0 1 0 0 -1 -1 2 -1 0 -1 0 1 0 0 1 1 -1 0 1 1 1 1 1 1 1 1 0 0 -1 0 0 2 -1 -1 0 0 1 -1 1 0 0 -1 0 0 0 1 0 0 -1 1 0 0 -1 0 0 0 0 0 0 0 0 0 0 0 0 0 0 0 0 0 0 0 0 0 0 0 2 0 0 0 0 0 0 0 0 -2 0 0 0 0 0 0 0 2 0 0 0 0 0 0 0 0 0 0 2 0 0 0 0 0 0 0 0 0 0 0 0 0 0 0 0 0 0 0 0 0 -2 0 0 0 0 0 0 0 0 0 0 0 0 0 0 0 0 0 0 0 0 0 0 0 0 0 2 0 0 0 0 0 0 0 0 2 0 0 0 0 0 0 0 0 0 0 0 0 0 0 0 0 0 0 0 0 0 0 0 2 0 0 0 0 0 0 0 0 0 0 0 0 0 2 0 0 0 0 0 0 0 0 -1
0 0 0 0 0 0 0 0 0 0 0 0 0 0 0 0 0 2 0 0 0 0 0 0 0 0 0 1 1 1 2 0 0 0 0 0 0 0 0 0 0 0 0 0 0 0 0 -2 0 0 0 0 0 0 0 0 0 -2 0 0 0 0 0 0 0 0 0 0 0 0 0 0 0 0 0 1 -1 0 -1 1 0 -1 0 0 0 0 0 1 0 -1 0 -1 0 0 1 0 -1 1 1 0 0 0 0 0 0 0 0 0 -1 0 1 0 0 0 0 0 -1 -1 2 0 0 -1 0 0 1 -2 0 -1 0 0 -1 0 0 1 1 0 0 0 -1 -2 1 -1 0 -1 -1 1 1 1 -1 -1 0 1 0 0 -1 1 2 0 -1 0 1 0 0 0 0 -1 1 1 0 0 1 -1 0 -1 1 1 -1 0 1 0 0 0 0 0 1 1 0 0 -1 1 -1 0 0 1 0 0 1 0 0 0 0 0 0 0 0 0 0 0 0 -1 0 0 0 0 2 0 0 0 0 -1 -1 0 -1 -1 0 0 0 2 -1 0 0 -1 0 -1 0 0 0 -1 0 0 0 2 0 0 0 -2 1 -1 1 0 -1 0 1 0 0 1 0 0 1 -1 1 0 1 0 0 -1 0 0 -1 0 0 0 0 0 0 1 -1 0 -1 0 0 0 1 1 0 1 0 0 0 0 -1 0 -1 0 1 0 0 -1 0 -1 1 1 0 1 -1 0 1 0 -1 1 0 1 2 0 0 0 0 1 0 0 0 2 1 0 0 -1 -1 1 0 0 1 0 -1 1 0 -1 0 -2 -1 -1 0 0 -1 1 -1 0 0 2 1 0 0 0 0 0 0 1 -1 1 0 -1 1 1 0 -1 0 1 0 0 -1 1 2 -1 2 0 0 0 0 0 0 0 0 0 0 2 0 0 0 0 0 0 0 0 0 0 0 0 0 0 0 0 0 0 0 0 0 0 0 0 0 0 0 0 0 0 0 0 0 0 0 0 1 0 0 0 0 0 0 0 0 0 0 0 0 0 0 0 0 -2 0 0 0 0 0 0 0 0 0 0 0 0 0 0 0 0 0 0 0 1 1 1 0 0 0 0 0 0 0 0 0 0 0 0 0 0 0 0 0 0 0 0 0 0 0 0 0 0 0 0 0 0 0 0 0 0 0 0 0 0 0 0 0 0 0 0 0 0 -2 0 0 0 -1 0
43 1 0 1 1 1 0 1 2 1 0 0 0 -1 0 -1 0 1 0 0 1 1 -1 1 0 -1 -1 -1 0 1 1 0 0 -1 0 0 0 0 1 -1 1 1 2 1 0 0 2 0 1 0 1 0 1 -1 0 0 1 1 0 0 -1 -1 0 0 0 1 0 0 -1 0 0 1 0 -1 0 1 -1 1 0 0 0 0 -1 0 0 0 -1 -1 0 0 -1 0 0 0 -1 2 0 0 0 0 -2 1 -1 0 0 1 0 -1 0 -1 1 -1 0 0 0 1 1 0 -1 0 -2 0 0 1 1 -1 0 0 0 0 0 0 0 -1 1 0 0 0 0 0 0 0 -1 0 2 0 0 -1 0 0 0 0 -1 0 0 1 0 -1 0 0 0 0 0 0 0 0 1 2 0 0 1 -1 0 0 -1 0 1 0 0 1 0 -1 1 -1 0 -1 2 1 -1 -2 0 0 -1 0 0 0 0 0 1 0 -1 0 0 0 2 0 0 -1 1 0 0 1 1 -1 0 0 -1 0 0 0 1 0 -1 1 0 -1 0 1 -1 0 -1 0 0 1 1 0 -1 -1 -1 0 -1 0 0 -1 -1 1 1 -1 0 0 0 0 0 0 1 0 0 0 0 0 0 0 0 -1 -1 1 0 0 -1 0 -2 0 1 1 -1 -1 0 0 0 -1 0 0 0 1 1 0 0 0 0 -1 0 -1 0 0 0 1 0 0 -1 -1 1 -1 1 0 -1 0 -1 0 0 -1 -1 0 0 -1 1 1 2 0 0 -1 -2 0 -2 0 0 1 0 0 0 1 0 0 1 1 0 0 0 -1 1 0 0 -1 0 0 -1 1 0 1 -2 -1 1 0 0 -1 -1 0 1 -1 -1 0 1 1 0 0 0 0 1 0 0 0 -2 0 0 0 1 0 0 0 0 1 0 -1 0 0 0 1 0 -1 0 0 0 1 1 1 0 0 0 0 0 -2 1 0 0 0 1 0 1 1 -1 0 0 -1 0 1 -2 1 0 0 1 0 1 -1 0 -1 0 -1 -1 0 1 1 0 0 0 0 1 1 -1 0 0 1 -1 1 0 0 0 0 1 -1 0 -2 0 1 1 1 0 -1 1 0 0 0 0 0 0 -1 -1 1 0 -1 0 0 -1 0 1 1 1 -1 0 1 1 0 0 -1 0 -1 0 0 0 -1 0 0 -2 1 0 0 0 1 0 0 0 0 1 1 1 0 0 0 1 0 1 2 0 1 -1
104 0 0 1 0 1 0 0 1 -1 0 0 1 -1 0 -1 1 0 0 -1 0 0 1 0 0 -1 0 1 1 -1 0 -1 1 0 2 1 1 0 0 0 -1 0 -1 0 0 1 0 0 1 1 1 0 0 0 0 0 0 0 0 -1 0 -1 1 0 -1 0 0 1 0 1 0 0 -1 1 0 0 0 1 1 0 -1 -1 -1 -1 0 1 -1 0 0 0 -1 0 -1 0 -1 1 0 -1 0 0 0 1 0 -1 0 -1 -1 1 0 0 -1 0 0 -1 -1 0 1 0 -1 -1 1 0 0 -1 1 0 0 1 0 -1 2 1 -1 1 0 1 0 0 0 1 0 0 0 0 1 1 0 0 2 0 0 0 1 -1 1 -1 0 1 -1 1 0 0 0 0 1 2 1 1 0 1 1 -1 1 1 0 0 1 0 0 0 -1 -1 0 1 -1 -1 0 -1 0 -1 -1 0 1 1 1 1 -1 0 1 2 -1 -1 1 0 0 0 0 0 0 1 -2 1 -1 0 0 0 0 -2 0 1 0 -1 0 -1 -1 1 -1 0 0 0 -1 0 2 0 0 0 1 -1 1 1 1 -1 -1 0 -1 -1 0 0 0 1 1 0 0 1 1 0 0 1 0 0 0 0 -1 0 -1 1 0 -1 1 0 0 -1 0 0 0 0 -1 -1 -2 0 0 -1 0 -1 -1 -2 1 0 0 1 0 -1 1 -1 1 1 0 -2 1 1 0 0 -1 0 0 -1 0 0 0 1 1 0 0 1 0 -1 -1 -1 0 0 0 0 0 0 0 -1 0 1 0 0 -1 1 0 0 -1 1 0 -1 0 0 -1 0 0 -1 0 -1 0 1 0 0 -1 0 0 0 0 1 -2 1 0 0 0 0 0 0 -1 0 0 -1 -1 0 -1 1 0 -1 1 1 0 0 0 0 0 -1 2 0 0 0 0 0 -1 1 -1 -1 0 -1 0 0 0 1 -1 1 -1 0 1 -1 0 1 0 0 0 0 0 1 -1 -1 -1 1 1 0 -1 -1 0 1 1 -1 -2 0 -1 0 0 0 1 -1 0 0 0 -1 0 0 1 1 0 0 0 0 0 1 0 0 -1 0 1 0 0 -1 1 1 -1 0 0 0 1 1 1 1 0 0 1 -1 0 1 1 0 -2 0 0 1 0 -2 -1 0 -1 0 1 0 -1 0 0 0 0 -1 0 1 0 1 0 1 1 0 0 0 -1 0 1 -1 -1 -1 0 0 0 -1 1 0 1
81 1 0 1 1 0 1 0 0 0 0 1 0 1 0 0 -1 0 0 1 1 1 -1 1 0 1 -1 1 1 0 0 0 0 0 -1 1 0 0 1 -1 1 -1 -1 0 0 0 -1 -1 0 1 2 0 0 0 1 -1 0 0 -2 0 0 1 0 -1 0 1 -1 0 0 2 0 -1 0 0 0 1 0 1 2 0 -1 -1 0 0 1 0 -1 0 0 -1 0 0 -1 0 0 0 0 0 0 1 -1 1 -1 1 0 0 0 -1 1 1 -1 0 1 0 -2 0 1 1 -1 2 0 0 0 0 1 0 -1 0 1 1 0 -1 -1 1 0 -1 0 0 1 0 -1 0 0 0 2 1 0 0 0 0 -1 0 0 1 0 2 -1 0 0 -1 1 -1 -1 1 0 1 -1 1 1 0 0 0 -1 1 -1 -1 0 0 0 1 0 0 -1 0 1 -1 0 -1 0 0 -1 1 0 0 0 0 0 0 1 -1 0 0 1 1 0 1 1 0 0 1 0 0 0 0 1 -2 0 1 0 -1 -1 0 0 0 0 0 1 0 0 0 0 -1 0 1 0 1 1 0 -1 0 0 0 0 0 0 2 1 1 0 -1 -1 0 1 0 0 -1 0 1 -1 0 1 1 -1 -1 -1 1 0 1 1 1 0 -1 -1 1 2 -2 -1 0 0 1 1 -1 0 0 -1 1 1 0 -1 1 1 1 -1 -1 0 -1 1 1 0 1 1 0 -2 1 -1 0 -1 0 -1 0 -1 -1 0 -1 0 0 -2 -1 0 1 -1 -1 -1 0 0 -1 -1 0 -1 0 0 0 0 0 0 1 -1 -1 2 0 1 -1 0 1 -1 1 1 0 1 -1 0 0 -1 0 0 -1 0 2 0 0 -1 1 0 -1 0 0 0 1 -1 0 1 0 0 0 -1 -1 -1 1 0 0 0 0 -1 -1 0 1 -1 1 0 1 0 -1 0 0 0 0 0 -1 0 1 0 0 0 1 1 0 0 0 0 0 -1 0 1 -1 0 1 -1 1 0 0 -1 1 -1 -1 0 0 1 -1 1 0 1 1 0 0 0 1 0 0 -1 0 0 0 -1 -2 0 1 0 -1 -1 0 1 -1 0 0 0 0 0 0 0 2 0 0 1 0 -1 -1 0 0 -1 -1 1 0 0 -1 1 -1 0 -1 0 0 0 0 0 0 0 1 0 -1 0 0 0 1 0 0 -1 0 -1 0 -1 0 1 0 -1 0 0 0 0 1 1 0 -1 -1 1
8 0 0 0 0 -1 0 0 0 0 -1 0 -1 0 1 0 -1 0 0 -1 0 -1 0 -1 0 0 0 0 1 -1 0 0 0 0 0 -1 -1 -1 -2 1 1 0 -1 0 0 -1 0 -1 -1 -1 0 1 0 0 -1 1 1 0 0 0 0 1 0 0 0 0 -1 1 1 0 0 -1 0 -1 1 1 0 0 1 0 0 0 1 1 -1 0 1 0 0 1 0 0 1 0 0 0 1 0 -1 -1 0 0 1 -1 0 0 -1 0 0 -1 1 -1 0 -1 0 0 -1 1 0 -1 0 -1 0 -1 -1 -1 0 0 0 0 0 -1 -1 1 0 0 -1 0 1 -1 1 0 -1 0 0 0 0 -1 1 0 0 1 1 1 0 0 1 1 1 -1 0 -1 0 0 -1 1 0 -1 -1 0 0 0 1 -2 0 0 1 -1 0 0 -1 0 -1 0 -1 -1 0 0 0 0 1 -1 0 -1 0 0 0 1 0 0 -1 -1 1 1 1 0 -1 2 0 0 0 1 1 0 0 0 1 1 0 0 0 1 1 0 0 0 1 0 0 1 -2 -1 -1 1 0 -1 0 1 1 1 0 0 0 1 0 -1 -1 0 -1 0 0 -1 0 1 1 1 1 0 -1 1 1 1 -2 0 0 -1 0 0 0 1 1 -2 1 -1 0 0 -2 0 0 0 0 1 0 0 -2 -1 -1 -1 1 1 1 0 0 1 1 0 -1 0 -2 0 0 0 0 -1 0 -1 0 0 0 1 0 1 0 -1 0 0 0 -2 0 0 0 -1 0 0 0 0 1 -1 1 -1 1 1 -2 0 0 1 0 0 -1 -1 0 -1 0 0 0 0 0 0 0 0 0 1 0 -1 0 0 1 1 -1 -2 -1 0 1 0 1 1 -1 1 0 0 1 1 -1 -1 -1 1 -2 0 0 -1 1 0 0 0 0 0 0 0 -1 -1 -1 1 2 -1 0 -1 1 0 0 0 -1 0 0 0 -1 0 0 0 1 0 0 -1 0 0 0 1 0 -1 -1 1 -1 0 1 0 1 0 -1 0 1 -1 -1 -1 -1 1 2 -1 2 0 0 0 0 1 1 -1 1 -1 0 1 0 0 0 0 0 -1 -1 1 -1 1 0 0 1 1 0 0 0 0 0 0 0 1 0 0 1 0 1 1 0 0 -1 1 0 1 1 0 0 0 -1 -1 0 -1 2 1 -1 -1 0 -1 -1 -2 0 1 -1 0 0 0 1 0 1 0 0 0 0 -1 0
22 2 0 0 0 1 0 -1 0 1 0 0 0 -1 0 0 0 0 -1 1 1 0 0 -1 0 0 -1 1 0 -1 1 0 -1 1 -1 0 1 0 0 -1 0 -1 0 1 -1 0 -1 0 0 0 1 0 1 -1 0 1 1 0 0 0 2 -1 1 -1 0 0 0 0 0 0 1 0 -1 -1 0 1 -1 -1 0 -1 1 -1 0 0 0 0 0 1 -1 2 0 -1 0 -1 0 -1 0 2 -1 0 -1 1 0 0 -1 1 -1 0 -1 0 -1 1 -1 0 2 0 -1 0 0 0 -1 1 0 -1 1 0 1 0 -1 1 -2 0 -1 0 1 -1 1 -1 1 0 -1 0 0 0 1 0 0 0 -1 1 2 1 -1 0 0 0 -1 -1 -1 0 0 1 -1 0 1 0 1 2 0 1 0 0 0 0 2 2 0 -1 -1 2 0 0 0 0 0 0 -1 1 1 0 1 0 0 0 0 1 0 2 1 1 1 -1 0 0 0 0 0 0 1 0 0 0 0 0 -1 0 -1 0 0 1 0 0 -1 -1 1 0 0 0 0 0 -1 -1 0 0 -1 0 0 0 2 0 1 0 -1 1 1 0 0 0 0 0 0 1 -1 0 0 -2 0 1 0 1 -1 -1 0 1 1 0 -1 1 0 0 1 -1 0 -1 0 0 0 0 0 1 -1 1 1 0 -1 1 0 0 1 0 0 1 -1 0 -1 0 0 0 0 0 1 0 -1 -1 0 2 0 0 0 1 1 0 -1 0 0 0 -1 1 1 1 0 0 1 0 -1 2 0 -2 0 0 -1 0 -1 0 -1 0 1 0 0 0 0 0 0 0 1 1 1 0 0 0 0 -1 -1 0 0 -1 0 0 0 0 1 0 -1 0 1 -1 0 1 0 0 0 -2 0 -1 0 1 -1 0 0 0 -1 0 -1 -1 0 -1 0 -1 0 0 0 0 -1 1 1 -1 1 0 0 0 0 0 0 0 -1 1 -1 1 0 0 -1 1 0 0 0 0 -2 -1 0 -1 0 1 0 -1 -1 0 -1 -1 -1 0 0 1 1 0 0 -1 0 -1 0 -1 -1 0 0 -1 -1 0 0 0 0 0 -1 0 -1 -1 0 1 1 -1 -2 -1 0 -1 0 1 0 0 0 0 -1 0 0 -1 0 0 0 1 -1 1 0 0 1 -1 0 0 1 1 0 1 -1 0 0 0 -1 0 1 -1 1 0 -1 -1 -1 1 1 1 -1 1 -1 -1 -1 -1 1 0 0
67 -1 -1 1 -1 0 0 0 1 1 0 1 1 0 -1 -2 0 -1 0 1 -1 -1 0 -1 0 -1 -1 1 1 1 -1 1 -2 2 0 1 0 -1 0 -1 0 0 0 0 0 0 0 0 1 0 1 0 0 1 -1 0 0 0 -1 0 0 -1 0 0 -1 0 -1 0 -1 0 0 -2 0 0 0 0 1 0 2 0 0 -1 -1 -2 0 0 0 0 0 -1 -1 0 -1 0 1 0 1 0 0 0 0 0 1 0 0 -1 1 0 0 1 0 -1 0 0 1 1 -2 1 -1 1 0 0 0 0 0 -1 1 -1 -1 0 1 -1 -1 -1 0 0 0 0 0 -1 0 0 0 0 1 0 -1 1 -1 1 0 0 0 1 -1 1 -1 0 1 -1 0 -1 0 0 -1 0 0 0 0 0 0 0 0 0 1 0 0 0 0 0 1 0 0 0 0 0 0 0 0 -1 -1 0 1 0 0 1 -1 0 0 0 -1 0 0 1 0 0 0 0 1 0 2 0 0 1 0 0 0 1 -1 1 0 -1 0 0 0 -1 0 0 0 0 1 0 0 0 -1 0 2 0 1 0 0 2 0 0 0 1 -1 0 -1 -1 0 0 0 0 0 1 0 1 0 -1 -1 -1 -1 0 0 0 0 0 1 -1 -1 0 0 0 1 0 0 0 0 0 0 0 0 1 0 1 0 0 0 2 1 0 0 0 1 0 1 0 1 0 0 0 1 -2 1 1 1 0 0 -1 0 1 0 1 0 0 -1 -1 -1 1 1 -1 0 -1 0 -1 0 0 0 -2 -1 1 -1 -1 0 0 0 0 1 0 1 -1 1 1 0 0 0 0 0 1 0 0 -1 0 -1 1 -2 0 1 -1 1 0 1 0 0 -2 1 1 1 1 -1 0 0 0 -1 1 0 -1 0 1 1 0 -1 -1 1 -1 0 -1 1 1 0 -1 0 1 -1 0 0 0 1 -2 0 1 -1 -1 -1 0 0 1 1 1 0 0 0 -1 1 1 0 0 0 0 -1 1 0 1 0 0 -1 0 0 0 -1 -1 0 -1 0 2 -1 0 -1 0 1 0 0 -1 0 0 1 -1 1 1 1 1 0 0 0 0 -1 0 0 1 -1 0 1 -1 1 0 1 0 0 0 1 0 2 0 1 0 0 0 0 1 0 0 0 0 0 1 0 0 0 1 -1 0 0 2 1 0 0 0 0 0 1 0 0 0 0 -1 0 1 -1 0 0 -1 0
36 -2 2 1 0 0 1 1 1 0 -1 0 -1 -1 -1 0 0 0 -1 -1 0 1 -1 1 0 -1 1 1 1 0 0 1 0 1 0 0 -1 -1 0 -1 -1 -1 1 0 -1 0 1 -1 0 1 1 -1 0 0 -1 -1 0 0 0 1 -1 0 -1 1 -1 -1 -1 1 0 -2 0 -1 -1 0 0 0 0 -1 0 0 0 2 -1 -1 0 0 -1 0 -1 1 0 -1 1 0 0 -1 0 0 -1 1 -1 0 1 1 -1 -1 0 0 0 0 -1 0 -1 0 1 0 1 -1 -1 -1 0 0 0 0 0 0 0 0 0 1 0 0 -1 1 1 -1 0 0 1 0 0 1 0 -1 1 0 0 0 0 1 -1 0 0 0 1 0 -1 0 0 -1 0 0 0 0 -1 -1 0 1 0 0 1 0 1 -1 0 0 0 0 -1 0 0 1 0 1 0 0 1 -1 -1 -1 1 -1 0 0 1 1 0 0 1 1 -1 -1 -1 0 0 -1 -1 0 0 0 -1 0 0 0 0 0 -1 1 0 0 0 -1 -1 0 1 -1 -1 1 0 0 -1 -1 1 0 1 0 1 0 0 1 0 1 1 -1 1 0 2 0 1 0 0 -1 0 -1 0 0 0 0 0 1 -1 -1 0 1 0 0 0 0 1 0 0 0 1 -1 0 1 -1 0 1 0 -1 -1 0 0 -1 0 -1 0 0 -1 0 -1 0 1 0 0 0 1 1 0 0 1 0 0 -1 1 0 0 1 -1 -1 2 2 0 0 -1 0 0 -1 0 -1 0 0 0 -1 0 1 0 0 1 0 -1 -1 1 0 0 -1 0 0 1 -1 -1 0 1 0 1 1 1 -1 0 0 1 2 2 2 1 1 0 -1 1 1 0 1 0 1 0 0 1 0 0 0 0 0 1 1 0 1 1 0 1 -2 -1 0 -2 1 1 0 0 0 -1 0 0 0 -1 -1 0 -1 0 1 -1 0 0 1 0 0 0 0 0 -1 -1 0 1 0 0 0 0 -1 0 -1 0 0 1 0 0 0 -1 0 1 0 1 1 1 0 -1 -2 0 -1 1 1 0 0 0 1 0 0 1 1 0 0 -1 1 0 -1 0 1 0 -1 -1 1 -1 0 -1 1 1 0 -1 1 0 0 -1 -1 0 0 0 0 0 0 0 1 1 0 0 1 1 0 0 1 1 1 1 0 0 0 0 1 0 1 0 -1 0 -1 0 1 0 1 0 0 0 0 0 1 -2 -2
23 -1 1 0 1 0 0 0 1 -1 0 -1 -1 -2 0 -1 1 1 -2 1 1 0 0 0 0 0 0 0 0 -1 -1 0 1 -1 -1 0 0 0 1 -1 0 -1 0 1 0 -1 1 1 0 -1 0 -1 -1 1 0 0 0 0 0 0 0 0 0 0 1 -1 0 1 1 -1 -1 0 -1 -1 0 -1 1 0 -1 -1 1 0 0 0 2 -1 1 0 0 0 1 0 -1 0 2 -1 0 1 -1 0 -1 0 0 0 0 -1 0 -1 0 0 1 1 -2 0 0 0 1 1 0 1 0 0 0 0 0 0 0 0 -1 0 0 0 1 -1 0 -1 -1 -1 1 0 0 -1 0 1 0 0 0 1 0 1 -1 -1 -1 1 0 -1 -1 0 1 0 -1 1 1 0 -1 1 -1 1 0 -1 0 0 1 0 0 -1 1 -1 0 0 0 -1 -1 -1 1 0 0 0 0 1 0 0 1 -1 1 1 0 0 0 0 -1 1 -1 0 1 0 1 -2 -1 1 0 0 1 1 0 0 -1 1 0 0 0 0 -1 0 -1 1 0 0 0 0 0 0 1 0 0 0 -1 1 1 1 1 1 1 0 1 -1 1 -2 1 1 -1 -2 0 0 -1 2 0 1 1 0 1 -1 1 0 0 1 0 -1 0 -1 -1 0 0 0 0 -1 -1 0 1 1 0 2 -1 0 0 -1 -1 0 0 0 0 2 1 0 0 -1 1 -1 -1 0 1 0 0 0 1 2 0 0 0 0 -1 1 -1 1 1 0 0 -1 0 -1 0 -1 0 1 -1 0 0 0 0 -1 0 -1 -1 0 0 -1 -1 0 -1 -1 -1 0 0 1 0 0 0 0 0 -1 0 1 -1 0 0 0 -1 0 -1 1 0 1 0 0 -1 -1 -1 0 -1 -1 0 0 0 0 0 0 -1 1 0 -1 -1 -1 0 0 -1 0 1 -2 0 0 -1 0 0 0 0 0 -1 1 0 0 0 -1 0 1 -1 -1 0 1 -1 0 0 -1 0 -1 0 0 0 1 1 -1 -1 0 0 1 0 -2 1 0 1 -1 0 -2 0 0 0 -2 -1 0 -1 -1 -1 0 1 -1 -1 1 0 0 -1 0 -2 1 0 1 1 0 1 -1 1 0 0 2 0 1 0 -1 0 0 0 -1 1 -1 1 -1 -2 0 -2 1 -1 1 1 0 0 0 0 0 1 0 1 0 0 0 1 0 1 0 1 0 0 1 1 -1 1 -1 1 1 0 0 0 0 0 0 0
76 0 1 0 -1 0 -1 0 -1 -1 0 1 0 -1 0 -1 0 0 -1 0 0 0 0 0 0 0 0 0 -1 0 0 2 1 0 0 0 -1 0 -1 0 1 0 -1 1 -2 0 -2 0 -1 1 -1 0 0 1 -1 0 0 -1 1 2 1 0 1 2 0 0 0 0 1 0 -1 -1 0 -1 0 2 -1 0 0 1 -1 0 1 0 1 0 0 0 1 1 0 -1 1 1 0 0 0 -1 0 0 0 1 1 -1 -1 0 -1 0 0 0 1 1 0 0 0 0 1 -1 0 0 2 0 1 -1 0 0 0 0 1 0 -1 -1 0 -1 0 0 -2 -1 -1 0 0 -1 1 1 -1 -1 0 0 0 -1 1 0 0 -1 1 0 1 0 1 1 0 0 -1 1 -1 0 0 -1 0 0 1 -2 1 -1 -1 1 0 0 1 0 -1 -1 -1 -1 0 1 0 0 1 0 0 0 1 -1 0 -1 0 0 -1 0 0 0 -1 1 1 0 1 1 1 0 0 1 1 0 1 -1 0 0 -1 0 1 0 -1 0 0 -1 0 -1 0 0 0 0 0 1 1 1 1 -1 -1 -1 1 0 0 -1 1 0 0 -1 2 1 1 1 0 0 0 -1 0 -1 0 0 -1 0 0 1 1 0 0 0 0 0 -1 1 -1 -1 0 0 1 0 0 1 -1 0 0 0 0 0 0 1 0 -1 -1 -1 0 1 1 0 -1 -1 2 1 0 0 0 0 0 -1 0 0 1 2 0 -1 0 0 2 2 0 0 1 0 -2 1 -1 -1 0 2 -1 1 0 1 0 0 0 1 1 -1 -1 1 0 2 -1 0 0 0 0 0 0 0 -1 0 0 -1 0 0 -1 0 -1 0 1 1 0 0 0 1 -1 1 0 -1 0 0 0 1 0 1 0 0 0 -1 0 0 0 0 0 1 0 0 0 0 0 0 1 0 1 2 1 -1 0 0 1 0 0 0 1 2 -1 0 0 1 0 0 -1 0 0 1 -1 0 1 0 0 0 1 -1 0 0 -1 1 0 1 0 1 0 0 -1 0 1 0 0 1 0 0 2 0 0 0 0 0 1 -1 -1 0 0 0 -1 0 0 0 0 -1 1 -1 0 1 0 -1 -1 -1 1 0 0 0 0 1 1 -1 0 0 0 0 1 1 0 0 0 0 -1 1 -1 1 1 0 0 -1 1 0 2 -1 0 0 0 0 1 -1 0 -1 0 -1 2 -1 0 0 1 -1 -1
60 -1 0 0 1 0 -1 0 -1 0 1 0 0 1 1 0 0 0 0 1 1 0 1 -1 -1 -1 1 0 0 -1 -1 0 -1 -1 1 1 -1 0 1 -1 1 0 -1 0 0 -1 1 -1 0 0 0 1 0 -1 0 -1 -1 -1 -1 0 0 1 -1 0 1 -1 0 0 0 1 0 1 -1 0 0 0 0 0 0 0 -1 1 1 0 1 0 0 -1 0 1 0 0 0 0 0 1 1 0 0 0 0 0 -1 0 1 1 1 1 -1 -1 -2 1 1 0 0 -1 1 0 0 1 0 0 -1 1 -1 0 0 0 1 1 1 1 2 0 -1 1 0 0 0 1 0 1 0 0 0 -1 0 0 0 2 0 0 0 0 0 0 0 -1 0 0 1 0 0 -1 0 -1 -1 -1 1 1 1 0 1 1 -1 -1 -1 1 -1 1 1 -1 0 2 0 1 0 1 0 0 0 1 0 -1 2 0 -1 -1 0 1 0 -1 0 -1 -1 -1 0 0 1 0 0 0 0 1 0 0 -1 1 1 -2 1 0 1 0 0 0 0 1 1 0 1 1 0 0 0 0 0 1 1 0 -1 0 -1 -1 -1 0 0 2 -1 1 0 0 0 -1 -1 -2 1 0 -1 0 0 -1 0 -1 1 0 1 0 1 0 0 -1 -1 1 0 -1 1 0 -1 0 0 0 0 0 1 0 1 -1 0 1 0 0 0 0 -1 0 0 0 0 0 0 0 1 -1 -1 1 0 1 -1 1 0 0 0 -1 0 1 0 0 -1 1 -1 1 -2 -1 1 -2 -1 0 0 1 1 1 0 -1 1 0 1 0 0 1 0 1 0 0 0 0 1 0 0 0 1 1 0 0 1 -1 1 0 0 1 0 -1 0 0 0 0 1 0 -1 0 -1 0 0 2 0 -1 0 1 0 -1 0 0 0 -1 1 1 1 -1 0 0 0 -1 -1 -1 0 0 1 0 0 0 0 0 -1 -1 1 0 -1 0 0 1 -1 0 0 1 -1 1 0 0 -1 0 1 1 0 -1 -1 -1 1 1 0 -1 0 1 1 1 0 -1 -1 -1 0 0 0 0 0 -1 -1 0 1 0 0 -1 0 -1 0 0 1 1 1 0 -1 0 0 1 1 1 0 1 1 0 0 0 1 0 0 -2 1 0 -1 0 0 1 1 -1 0 0 -1 2 0 -1 0 1 0 0 0 0 0 0 -1 1 0 0 0 0 1 -1 1 2 0 0 1 0 0 0 0
100 2 1 0 -1 -1 1 0 0 0 0 -1 -1 1 0 0 1 1 -1 0 1 -1 0 -1 1 0 1 -1 2 -1 0 -1 0 -1 -1 0 1 1 1 1 -2 -1 1 -1 0 -1 1 -1 1 0 0 1 -1 1 -1 -1 0 0 1 -1 -1 0 0 2 -2 -1 -1 0 0 0 -1 1 0 -1 0 -1 0 1 1 -1 1 -1 0 0 0 0 -1 -1 0 1 0 0 1 0 0 -1 0 -1 -1 1 0 0 0 -1 1 -1 0 0 -1 1 1 -1 1 -1 -1 0 -1 0 1 1 -1 -1 0 0 -1 0 1 0 0 1 0 1 0 2 0 0 0 -1 1 0 0 0 0 -1 -1 0 0 -1 1 0 0 0 0 0 0 0 -1 0 -1 0 0 -1 0 0 1 0 0 0 0 -2 0 -1 0 0 1 0 0 0 1 0 -1 0 0 -1 0 0 0 1 -1 0 1 -1 0 0 1 1 1 0 0 1 -1 0 0 0 0 1 0 0 1 -1 0 0 -1 0 -1 0 0 -2 -1 -1 0 1 -1 1 0 1 -1 0 1 0 -2 -1 1 -1 1 1 0 -1 -1 0 0 -1 -1 0 1 0 1 0 -1 -1 0 0 1 0 1 1 0 -1 0 0 0 0 1 0 -1 0 1 0 0 1 -1 -1 1 -1 0 -1 -1 0 0 1 0 0 1 1 0 0 0 -1 -1 1 0 0 1 0 -1 1 0 0 0 0 0 -1 -1 0 0 1 0 0 -1 -1 1 1 0 1 -1 0 0 1 1 -1 0 0 0 0 0 0 0 0 -2 0 0 -1 0 1 0 -1 0 -1 0 1 0 0 1 1 0 0 1 0 0 0 1 0 0 0 0 0 0 -1 -1 0 0 0 1 1 0 1 -1 0 -1 -1 0 0 0 2 0 -1 -1 1 1 -1 0 1 1 0 0 0 0 0 -1 -1 0 1 0 0 0 0 1 0 0 -1 -1 0 -1 0 0 -1 0 0 0 -1 0 0 -1 0 0 0 0 1 1 -1 1 0 -1 1 0 0 1 0 0 1 2 0 -1 1 0 -1 -1 1 2 1 1 0 1 1 0 0 -1 0 -2 -1 0 -1 2 0 0 0 0 0 0 1 0 1 0 -1 -1 1 1 0 1 -1 0 0 1 -1 0 0 0 0 1 1 1 0 2 0 0 1 0 2 -1 -1 0 -1 0 -1 2 0 0 -1 1 0 0 0 -1 -1 0 0 1 -1 0 0 1 0 0
120 0 0 -1 0 1 0 0 2 0 1 0 0 0 0 0 0 0 0 -1 0 -1 -1 0 1 0 -1 0 0 0 0 0 0 0 0 1 0 -1 0 0 0 0 0 1 -2 0 -2 1 1 0 0 1 -1 0 0 0 -1 1 -1 1 -1 1 -1 0 0 0 0 0 1 2 0 1 0 0 1 1 0 1 -1 2 0 0 -1 -1 0 1 -1 0 1 0 1 -2 -1 0 0 0 0 0 0 0 0 0 0 0 0 0 0 0 0 0 -1 0 0 -2 0 0 0 0 2 -1 1 -1 0 0 1 1 0 0 1 -1 0 -1 0 -2 -1 1 0 -1 0 0 1 0 -1 1 0 0 -1 -2 1 0 0 1 1 1 0 1 1 0 0 -1 2 0 -1 0 0 0 0 0 0 0 -1 -1 0 1 0 0 1 0 1 0 -1 0 0 1 -1 -1 0 0 -1 1 -1 0 0 0 1 1 0 0 1 -1 0 0 0 0 0 -1 0 0 0 1 0 0 1 0 1 0 0 0 1 0 0 0 -1 1 -1 1 -1 1 -2 0 1 1 0 0 0 1 0 0 1 1 0 0 0 0 0 0 -1 -1 0 0 -1 1 0 1 1 0 -1 -1 0 -1 0 1 0 0 0 0 -1 -1 0 2 0 -1 0 1 -1 -1 -1 0 -1 0 -1 0 0 0 -1 -1 1 1 -1 0 0 -1 1 1 0 0 0 0 1 1 0 0 0 0 1 -1 0 -2 -1 1 -1 0 0 -1 0 0 -1 0 0 -1 1 -1 0 0 1 -1 2 0 0 -1 1 0 0 1 1 -1 -1 0 1 0 0 0 0 0 2 0 1 1 0 -1 0 -1 -1 0 0 1 0 1 -1 -1 1 0 -1 0 -1 0 0 0 -1 0 1 0 0 -1 1 0 1 1 -1 -1 1 1 0 0 0 0 0 0 -1 -1 1 -2 -1 -1 0 0 0 0 0 1 0 0 -1 0 0 -1 0 -1 -1 1 -1 0 0 -1 1 0 0 1 0 -1 0 0 -1 0 0 -1 -2 -1 1 0 1 -1 -1 -1 1 0 0 -1 0 0 1 1 -1 -1 0 1 0 1 0 1 0 -1 0 1 0 0 1 1 1 -2 0 0 0 1 0 -1 -1 -1 0 0 1 -1 0 0 0 1 1 -1 0 1 0 0 -1 0 0 -1 0 0 0 0 -1 0 1 0 0 1 0 0 -1 0 1 0 0 -1 1 2 -1 0 0 0 -1 0 0
80 -1 0 1 1 -1 0 0 1 -1 0 0 -1 0 -2 0 -1 0 -1 0 0 0 0 0 -1 0 -1 0 0 0 0 0 -1 0 0 0 -1 0 0 -1 -1 0 0 -1 1 -2 0 0 1 0 1 0 -1 0 -1 0 1 0 0 0 -2 1 0 -1 1 0 0 0 0 -1 -1 0 0 1 1 0 0 0 1 0 0 1 -1 0 -1 0 0 0 -1 -1 0 1 1 2 0 1 -1 0 -1 0 0 0 0 -1 0 -1 1 0 -1 0 0 0 0 0 0 1 0 1 -1 -1 -1 0 0 0 1 1 0 1 -1 1 0 0 0 0 1 -1 0 -1 0 0 -1 0 0 1 0 1 0 0 -1 1 -1 1 -2 -1 1 1 0 -2 0 0 -2 0 -1 -1 0 0 -1 -1 -1 -1 0 -1 1 1 -1 1 0 0 -1 -1 0 -1 -1 -1 0 1 0 1 -2 -1 -1 1 0 1 0 -1 -2 0 -1 1 -1 1 -1 1 0 -1 -1 0 0 1 1 1 1 1 -1 0 0 0 -1 -1 -1 1 0 0 1 1 0 0 0 -1 0 0 1 -1 1 -1 -1 -1 -1 0 1 1 -1 0 0 1 0 0 1 0 0 -1 0 0 1 1 1 1 1 0 0 1 0 0 1 -1 2 0 0 -1 1 -1 0 1 1 0 -1 -1 0 0 0 2 0 1 1 0 -1 0 -1 0 0 0 0 0 1 0 1 -1 -1 1 0 0 1 0 1 0 0 0 -1 -2 1 0 1 0 0 0 1 -1 0 1 0 0 -2 0 0 -1 0 -1 0 -2 -1 0 -1 1 0 0 1 -1 0 -1 -1 -1 0 -1 1 1 0 1 -1 -1 0 1 1 -1 0 -1 -2 1 -1 1 0 0 0 1 1 0 1 0 1 0 -2 1 -1 0 0 0 0 0 1 0 1 -1 0 0 0 -1 0 -1 0 -1 -1 1 0 0 0 -1 -1 0 0 0 0 -1 0 0 -1 -1 0 -1 1 0 -1 1 1 1 0 0 0 1 0 -1 1 1 0 0 1 -1 0 1 1 -1 -1 -1 0 0 0 -2 -1 0 0 0 -1 0 1 -1 1 0 -1 -1 0 0 0 1 0 -1 0 -1 0 0 0 0 1 1 1 0 0 0 2 -1 1 -1 0 0 0 -1 -1 0 -2 1 -1 -1 0 0 0 0 1 1 0 -1 0 0 -1 0 1 0 0 2 0 0 0 1 -1 -1 -1 0 1 1 0 0 0 0 0 0 0
3 -1 0 0 0 0 0 0 0 0 0 0 0 0 -1 1 -1 0 0 0 -1 0 0 1 1 0 -1 -1 -1 1 0 1 -1 0 0 1 1 0 0 -1 -1 1 1 0 1 0 -1 0 0 0 0 -1 1 -1 0 1 0 1 0 0 0 -1 -1 0 -1 0 0 0 0 0 0 1 1 1 0 1 0 0 0 1 1 0 1 0 -1 2 0 0 0 -1 1 0 -1 -1 0 0 1 0 1 0 0 1 0 0 -1 1 0 0 1 -1 0 0 0 1 0 0 0 0 -1 0 0 0 0 -1 2 1 -1 0 -1 0 0 1 -1 -1 -1 -1 0 1 0 2 0 1 0 0 0 -1 -1 0 -1 -1 0 0 0 0 0 -1 -2 0 1 0 1 1 0 -1 0 -1 0 0 -1 -1 0 0 0 0 -1 1 0 0 0 1 0 0 0 0 0 0 0 -1 -1 0 1 0 -1 0 0 0 -1 0 0 0 0 0 2 0 0 0 0 0 1 0 -2 -1 1 0 0 0 1 -1 -1 0 0 0 -1 1 0 0 0 0 -1 -1 -1 1 -1 0 0 0 -1 -2 0 2 -1 0 1 -1 0 0 0 1 0 0 0 0 0 0 -1 0 0 0 0 1 -2 0 0 0 0 0 -1 0 0 1 0 1 -1 1 0 -1 -2 -1 -1 -1 1 0 0 1 -2 -1 1 0 0 0 0 -1 1 0 0 1 0 1 1 0 1 1 -1 1 1 -1 -1 -1 0 -1 0 1 0 0 -1 -1 0 0 -1 1 0 0 -1 1 -1 0 -1 0 0 1 0 0 0 1 1 -1 0 0 -1 0 1 0 -1 -1 -1 0 2 1 1 0 -1 -1 0 0 0 1 1 0 0 -1 -1 -1 0 -1 1 0 -1 0 0 1 0 0 0 0 0 1 1 1 0 -1 -1 0 0 -1 1 0 0 -1 2 1 1 -1 0 1 0 0 0 -1 0 -1 0 1 -1 -1 -1 0 -1 0 -1 1 -1 -1 0 0 0 2 0 -1 -1 0 0 -1 0 0 0 0 -1 -1 0 -1 2 1 1 0 -1 0 -1 -2 0 0 0 0 -1 -1 1 1 -1 -1 -1 0 0 1 0 -1 0 0 0 -1 0 1 2 0 0 0 0 0 0 -1 1 0 -1 1 1 0 1 -1 0 0 0 -1 1 0 -1 0 1 1 0 -1 0 0 1 0 -1 0 0 1 1 0 1 0 0 -1 -1 0 1 1 -1 0 0 1 0 -1 0
58 -1 -1 -1 -1 0 0 0 1 0 1 1 -1 1 0 0 0 0 1 0 0 0 1 0 1 0 1 0 0 0 0 0 0 1 -2 2 0 1 -1 0 -1 0 0 1 -1 0 0 0 0 1 1 0 1 1 0 1 0 1 0 1 1 1 1 -1 0 0 1 -1 0 -1 -1 0 0 0 1 -1 0 -1 0 0 0 2 1 0 1 0 1 0 -1 0 -1 0 0 -1 -1 1 0 -1 0 0 1 0 1 -1 -1 1 0 0 -1 0 0 0 -1 -1 1 -1 -1 -1 -1 -1 0 1 1 -1 0 0 0 -1 0 0 0 -2 0 -1 1 1 0 0 0 -2 1 -1 1 0 1 0 0 -2 0 0 0 0 0 0 0 0 -1 0 -1 0 0 1 1 0 -1 -1 0 0 0 -2 -1 -1 0 0 0 0 -1 1 0 -1 -1 1 -1 0 0 0 0 0 0 1 0 -1 1 -1 1 -1 0 0 1 -1 1 -1 -1 1 0 0 0 1 0 0 0 0 2 0 1 0 -1 1 1 -1 0 0 0 1 -1 1 0 0 0 -1 1 0 0 0 0 0 0 -1 -1 -1 1 1 0 0 0 0 0 1 1 0 0 0 0 0 0 -2 0 0 -1 0 0 -1 2 0 0 0 1 -1 1 0 2 0 0 0 1 -1 -1 0 0 0 0 1 1 1 1 -1 -1 1 0 -1 1 0 -2 -1 0 1 0 0 0 0 0 0 1 -1 1 0 0 0 1 1 0 -1 0 0 -2 -1 -1 0 0 0 0 0 0 0 0 -1 1 0 0 0 0 -1 0 1 1 0 -1 0 0 1 1 -1 0 0 2 0 0 0 0 1 1 0 0 1 -1 0 1 1 0 1 1 0 -1 0 0 0 -1 0 0 0 0 0 1 0 0 0 0 1 -1 0 0 0 0 0 0 1 1 1 -1 1 2 -1 1 -1 1 0 0 0 2 -1 1 -1 0 -1 0 0 0 1 0 0 -1 0 0 0 1 0 0 1 -1 0 -1 0 0 -1 1 0 -1 1 0 0 -1 -1 0 0 0 1 0 -1 -1 1 1 0 0 2 0 0 1 -1 0 1 2 0 -2 0 -1 0 0 1 0 1 1 -1 0 -1 1 0 0 0 1 -1 0 -1 1 0 1 2 0 0 1 1 0 0 0 -1 1 -1 -1 0 1 -1 0 0 -1 0 -1 0 1 -1 0 1 0 1 -1 -1 0 -1 -2 1 0 -1 0 0 0
3 -1 1 1 1 0 0 1 0 -1 0 0 1 1 -1 1 -1 0 -1 -1 -1 0 -1 1 0 -1 0 -1 0 0 1 0 1 -1 0 1 0 0 -1 0 -1 1 1 1 0 1 0 1 -1 -1 0 0 1 0 0 0 0 1 0 -1 0 0 -2 0 -1 1 0 1 0 1 0 1 1 -1 0 0 -1 0 0 1 1 0 1 -1 0 0 -1 0 -1 0 0 0 0 0 1 1 1 -1 1 1 0 1 0 1 0 0 0 0 1 -1 0 1 0 1 1 1 0 0 0 0 1 0 1 -1 1 1 -1 0 0 0 0 1 0 -2 0 0 1 -1 0 1 1 1 1 1 0 -1 -1 0 -1 0 1 0 -1 0 0 0 0 0 1 0 1 0 0 0 0 -1 0 0 -1 0 1 0 -1 0 0 0 0 1 0 1 -1 -1 -1 0 0 0 1 0 0 0 -1 1 -1 2 0 -1 -1 0 0 0 0 1 0 1 1 0 0 1 1 0 0 -1 2 0 1 0 1 -1 0 0 -1 0 0 1 0 -1 -1 0 -2 0 0 1 0 -1 0 0 -1 -2 0 1 -1 -1 0 0 0 0 0 0 1 0 1 0 0 0 0 0 0 0 0 0 -2 0 0 0 0 0 -2 1 0 1 -1 2 -1 0 -1 -1 -2 -2 0 -1 0 1 0 1 -1 -1 1 1 -1 0 0 0 1 -1 1 1 1 0 1 0 0 0 -1 1 1 0 -1 0 0 0 1 -1 0 0 -1 0 1 0 0 1 -1 0 0 1 -1 0 -1 0 0 0 1 0 0 1 1 -1 -1 1 -1 0 0 0 -1 -1 -1 0 1 1 1 0 -1 0 0 -1 0 1 0 0 0 0 -1 0 -1 -2 0 0 -1 1 0 -1 0 -1 0 0 1 2 1 1 0 -2 -1 0 1 0 1 0 -1 -1 1 -1 0 0 -1 0 -1 1 -1 -1 1 -2 0 1 -1 -2 0 0 -1 0 0 1 -1 -2 0 0 -1 1 0 -1 0 -1 0 0 0 0 0 0 0 -1 1 0 1 0 1 -1 -1 -1 -1 -1 0 1 0 1 -1 -1 1 1 0 0 -1 0 0 0 1 0 0 0 0 0 1 1 1 1 1 0 0 -1 -1 0 2 0 -2 0 1 0 0 -1 0 0 0 0 0 0 0 0 1 0 -1 0 0 0 -1 -1 -1 -1 0 0 0 1 0 0 -1 0 0 1 0 1 -1 -1 0 0 0 -1 1
21 -1 0 0 1 0 -1 1 0 1 2 0 0 0 -1 1 0 0 -1 -1 1 -1 1 1 1 1 -1 1 1 0 0 1 1 0 0 0 -1 0 0 0 0 -1 0 2 0 0 -1 0 -1 -1 0 0 -1 -1 -1 0 2 -1 -1 0 -1 0 -1 1 -1 1 -1 0 1 1 -1 0 0 0 1 -1 1 0 0 -1 -1 0 1 0 0 0 -1 -1 -1 0 -1 1 -1 0 0 1 1 0 -1 1 0 0 -1 -1 -1 1 0 0 0 -1 0 0 0 0 0 0 1 0 1 0 0 0 0 0 1 1 1 0 0 0 1 0 0 0 0 0 0 -1 0 0 0 0 0 2 -1 1 0 -2 0 0 -1 0 0 -1 -1 0 1 0 1 1 0 1 1 0 -1 0 0 -1 -1 -1 -1 1 -1 0 0 0 0 0 0 1 -1 1 0 -1 0 0 0 0 0 0 -1 -1 -1 -1 1 1 0 0 0 -1 -1 -1 -1 1 1 0 0 1 0 -1 0 0 0 0 0 0 1 1 0 1 0 0 0 0 0 0 0 -1 0 0 1 0 -1 1 -1 0 0 0 -1 -1 0 0 1 1 -1 0 -1 -1 0 1 0 -1 0 1 0 1 1 0 1 0 -2 0 -1 1 0 1 -1 -1 0 0 0 0 0 1 1 -1 1 0 0 -2 -1 1 -1 1 0 -1 2 1 1 -1 0 0 -1 0 0 2 -1 0 -1 0 0 0 1 -1 0 0 -1 0 1 0 0 0 1 0 0 0 0 1 0 0 -1 0 -2 1 0 0 1 0 0 0 1 0 0 -1 0 0 0 1 0 -2 0 0 0 -1 1 -1 2 1 -1 0 -1 -1 -1 0 1 -1 1 0 0 1 0 0 -1 0 0 0 0 -1 1 -1 -1 0 -1 0 0 0 2 0 1 1 0 1 1 0 -1 0 -1 0 0 -1 0 -1 0 -1 -1 0 0 1 1 0 -1 0 -1 1 -1 0 0 1 -1 -1 1 0 1 1 0 0 0 1 -1 0 1 1 0 0 0 0 0 1 0 -1 1 0 -1 0 0 1 0 0 0 -1 0 -1 -1 1 1 -1 1 0 0 0 0 0 0 0 0 0 -1 1 -1 0 0 0 0 1 0 -1 -1 1 1 0 0 0 0 1 -1 1 0 -1 0 0 0 -1 0 -1 -1 1 -1 1 0 1 -1 0 0 -1 1 0 0 0 0 -1 -1 1 -1 2 0 0 0 -1 -2 0 1 0 1
64 1 0 1 1 1 1 2 -2 -1 -1 0 0 -1 1 1 -1 0 0 -1 0 0 0 0 -1 0 0 1 0 1 2 0 0 0 1 0 0 -2 0 0 0 -1 -1 1 1 1 0 0 -1 0 -1 0 1 1 0 -1 0 1 -2 1 0 0 0 1 1 1 -1 0 0 1 0 -1 0 -1 1 -1 0 0 1 -1 0 -1 0 0 0 0 -1 0 0 0 -1 0 -1 1 0 1 0 -1 0 0 0 2 0 0 0 1 0 1 1 -1 0 0 0 -1 0 -1 0 -1 1 1 0 -2 2 0 0 1 0 -1 0 0 -1 -1 0 -1 0 0 1 0 -1 0 0 0 0 0 0 0 -1 0 0 0 0 0 0 0 -1 0 -1 -1 1 -1 0 1 1 0 0 0 -1 0 1 0 2 1 -1 0 -1 -1 0 0 -1 0 -1 1 0 0 0 -1 2 -2 -1 1 1 0 -1 0 -1 0 0 0 -1 2 0 0 -1 -1 1 0 1 0 1 0 -1 -1 0 0 0 0 -2 0 0 0 0 0 2 0 0 0 0 1 0 0 0 1 -1 0 0 0 0 0 -1 -1 0 -1 -1 0 1 0 -1 0 0 0 0 0 0 0 0 0 -2 -1 0 0 -1 0 1 1 0 0 0 -1 1 -1 0 0 0 0 -2 0 1 0 0 -1 0 0 0 0 1 0 0 0 -1 0 1 0 1 0 -1 0 0 0 0 0 1 0 0 0 0 0 -1 1 -1 0 -1 1 0 -1 0 -1 1 0 0 -1 0 -1 0 -1 0 0 1 -1 0 0 0 -1 0 0 -1 -1 1 0 1 1 1 0 -1 0 0 0 1 0 0 1 -1 -1 0 1 0 0 0 0 -1 -1 -1 0 0 0 1 2 0 -1 0 0 2 1 0 -1 0 1 0 0 0 1 1 0 -1 0 0 0 -2 0 -2 0 -1 -1 1 0 -1 -1 0 1 -1 0 1 -1 0 0 1 0 1 0 0 0 0 0 0 -1 0 0 0 -1 0 1 0 -1 0 0 1 0 -1 0 1 1 1 1 -1 0 -1 -1 -1 1 0 0 0 -1 1 -1 0 0 1 1 -1 0 1 -1 0 -1 -1 -1 1 -1 1 -1 0 0 0 0 1 1 1 0 0 0 1 0 0 -1 0 -1 1 1 1 2 0 1 0 1 -1 -1 1 0 0 -1 0 0 1 0 0 0 1 0 1 -1 0 0 0 0 0 -2 1 0 -1 -1 0 1 0
35 1 0 1 1 0 0 0 1 1 0 0 0 1 -1 1 0 0 2 0 1 0 -1 0 1 -1 0 0 0 1 0 1 0 -1 1 0 0 1 0 0 1 0 1 0 0 0 0 0 0 0 0 0 0 -1 0 0 1 0 1 0 1 -1 -1 0 0 -1 0 -2 1 1 1 0 1 0 0 -1 0 1 -1 0 0 -1 -1 1 2 -1 -1 1 1 2 0 1 0 1 0 0 0 0 1 1 -1 -1 0 0 0 0 -1 -1 0 -2 1 0 -1 -1 1 0 1 0 -2 1 0 0 -1 1 0 0 -2 -2 0 1 0 -1 0 0 0 1 -1 0 1 0 0 -2 0 0 1 0 2 0 1 0 0 1 0 0 0 1 0 0 0 2 1 0 2 2 0 0 0 0 0 0 0 1 -1 0 1 0 0 0 1 0 -1 1 1 0 1 0 0 -1 0 0 0 0 0 -1 1 0 0 -1 1 -1 0 1 0 1 1 -1 -1 0 0 0 2 1 0 -1 1 0 1 1 0 0 -1 -1 0 -1 -1 0 0 -1 1 1 0 1 0 0 1 0 0 1 0 0 -1 0 1 0 0 0 1 -2 1 0 0 -1 0 0 0 0 1 1 0 0 1 -1 0 -1 -1 0 0 -1 -2 -1 0 0 0 0 0 1 0 0 0 1 0 1 0 0 -1 -1 0 -1 1 -1 0 0 -1 1 -1 1 0 0 0 0 -1 -1 0 -1 0 0 0 0 0 1 -1 0 1 1 1 1 1 -1 1 1 -1 0 0 -1 -1 0 0 1 0 0 1 0 0 0 0 0 0 0 -1 0 0 1 -1 0 -1 1 -1 1 0 1 -1 0 0 0 1 -1 -1 0 0 0 0 -1 -1 0 1 -1 -1 1 1 0 0 0 0 0 -1 0 -1 0 2 1 -1 1 0 0 0 0 -2 -1 -1 0 -1 0 0 0 0 0 -1 0 0 -1 -2 0 -2 0 0 0 0 2 -1 1 1 0 0 1 0 0 0 0 1 0 0 0 0 0 0 0 1 0 0 0 0 1 0 -1 0 2 1 -1 -1 1 1 1 1 2 0 1 0 0 1 0 1 1 -1 0 0 0 0 0 -1 0 1 0 1 -1 1 -1 1 1 1 1 0 -1 0 1 -1 0 -1 -1 0 0 0 0 0 0 1 0 -1 0 -1 1 -1 0 1 -1 0 1 1 0 0 0 1 0 0 1 0 0 -1 0 -1 0 0 0 0
27 2 0 -1 -1 -1 0 -2 0 1 1 0 1 1 0 1 1 -1 -1 -1 0 0 1 1 0 1 -1 1 2 -1 1 0 0 -1 0 1 -1 0 1 0 -2 0 -1 0 0 0 0 0 1 0 0 0 1 0 0 1 0 0 0 1 0 0 -1 -1 -1 0 -1 1 -1 -1 0 -1 -1 0 -1 1 0 0 -1 2 0 1 1 0 0 -1 0 1 0 0 2 0 1 -1 0 -2 -1 1 0 -1 0 0 0 1 0 0 0 0 1 0 -1 0 0 0 0 -1 0 -1 -1 -1 1 1 1 -2 0 1 1 0 0 -1 -1 -1 0 1 1 0 -1 -1 0 0 -1 -1 0 -1 0 -1 0 0 0 1 0 0 0 0 1 1 0 0 1 -1 1 0 0 -2 -1 -1 1 0 1 -1 2 1 -1 0 0 0 -1 0 0 0 0 -1 0 1 0 -1 0 0 0 1 -1 -1 -1 1 0 0 0 1 0 -1 1 1 0 -1 0 1 -1 1 0 -1 -1 0 -1 -1 0 -1 -1 1 0 0 0 0 -1 0 0 0 0 1 0 1 1 0 -1 0 2 0 0 0 0 0 0 1 0 0 -1 -1 0 0 -1 1 1 0 0 0 1 -2 0 0 0 1 -1 0 0 1 -1 0 0 1 0 0 0 -1 0 0 -1 -1 0 -1 0 0 0 0 -1 1 0 0 -1 0 1 0 -1 0 0 0 0 0 1 0 0 0 1 -1 0 0 0 1 0 1 0 -2 1 0 -1 0 0 -1 1 -1 0 -1 1 -1 1 0 1 0 1 -1 0 0 0 -2 -1 0 0 0 1 0 -1 1 0 0 0 0 0 0 1 0 0 0 0 -1 0 1 0 0 -1 0 1 0 0 0 0 0 0 0 0 0 -1 -1 1 -1 0 0 0 0 1 0 -1 1 0 0 -1 1 0 0 0 -1 1 -1 0 -1 0 0 1 0 0 -1 0 0 0 0 0 1 0 0 -1 0 1 0 -2 2 -1 0 -1 -1 0 0 0 1 0 0 0 -1 0 -1 -1 0 0 0 2 -2 0 0 -1 0 -1 -2 1 0 -1 0 0 -2 0 0 0 -1 -1 0 1 0 0 1 0 -1 1 0 0 0 0 0 -1 0 -1 -1 0 1 0 -1 -1 -1 0 0 0 0 0 0 -2 -1 0 0 1 1 1 -1 0 0 0 0 0 1 0 1 -1 1 1 0 0 0 -1 0 0 -1 0 1 -1 0 1 0 1 0 0
122 1 -1 0 0 0 0 0 0 -1 0 0 -2 0 1 -1 0 1 1 -1 -1 -1 0 -1 -1 0 0 -1 -1 0 0 -1 0 -1 0 0 1 1 1 0 -1 1 -2 -1 0 1 0 0 1 -1 -1 -1 0 0 1 0 -1 -1 -1 1 -1 0 -1 0 0 2 1 1 0 -1 -1 -1 0 1 0 -1 0 0 0 -1 1 1 0 0 0 0 0 0 0 0 0 0 0 -1 0 1 0 -1 0 1 1 0 -1 1 0 0 1 1 -1 1 0 0 1 1 1 0 1 0 -1 0 0 0 1 0 0 -1 -1 0 1 0 0 0 1 1 0 0 0 0 1 0 0 1 0 -1 0 0 0 -1 1 0 1 0 -1 -1 0 2 0 1 1 0 0 0 0 -1 0 1 0 -1 1 1 -1 -2 1 -1 0 0 0 0 -1 0 0 0 1 -1 -1 0 0 0 -1 -1 0 -1 -2 0 -2 -1 1 1 0 0 -2 0 0 0 -1 0 2 0 -1 0 -1 0 0 0 0 0 2 1 -1 1 0 1 -1 0 0 0 0 0 0 -1 -1 0 2 1 -1 1 0 -1 0 1 1 -1 0 0 0 -1 0 1 0 -1 0 0 -1 1 0 0 0 0 0 0 1 -2 1 -1 0 -1 -1 1 0 1 0 0 0 0 0 0 0 0 2 0 0 0 -1 0 0 0 0 0 0 1 1 1 -1 0 0 0 -2 -1 -1 -1 1 0 1 0 0 0 1 0 -1 0 1 -1 0 0 0 0 0 1 0 0 0 0 -1 -1 0 1 1 1 0 0 -1 0 0 0 1 0 0 0 2 0 -1 -1 0 0 1 -1 2 0 0 0 0 0 0 0 1 0 0 1 -1 0 0 0 -1 0 0 1 1 -1 0 0 0 0 0 0 0 0 -1 0 -2 -1 -1 -1 1 0 -1 -1 -1 1 -1 0 0 -1 -2 0 -1 0 -2 1 -2 -1 1 0 1 1 0 0 1 1 0 1 0 -1 -1 1 0 -1 0 1 1 0 0 1 0 0 1 0 1 -1 -1 -1 1 1 0 1 0 -2 -1 1 0 0 -1 0 0 0 0 0 0 0 0 1 0 0 0 0 0 0 -1 -1 0 0 -1 -1 0 -1 -2 0 0 -1 1 -1 0 0 0 0 0 1 -1 1 -1 -1 0 0 0 0 -1 1 -1 0 0 0 1 -1 0 0 1 0 1 0 1 -1 0 1 -1 0 1 -1 0 0 -1 0 -1 0 1
84 -1 0 1 -2 1 0 0 0 -1 -2 -1 0 0 1 1 -1 1 1 0 0 1 -1 0 -1 0 0 -1 1 1 0 -1 0 0 -1 0 0 1 -1 -2 0 -1 -1 0 -1 0 1 0 1 -1 -1 1 -1 -1 1 1 -1 1 -1 0 0 0 0 0 -1 0 0 0 0 -1 -1 1 -2 0 0 0 0 0 0 0 0 1 0 0 -1 0 1 -1 0 0 1 -1 0 0 0 0 -1 1 0 -1 0 0 0 0 1 0 -1 0 0 1 0 2 -1 0 0 0 1 0 -1 0 2 0 1 0 1 -1 0 1 0 1 0 0 2 0 0 -1 0 1 1 1 0 0 1 -1 -1 1 0 0 -1 1 0 0 -1 0 0 0 0 1 1 0 0 1 0 -1 1 -1 -1 -1 1 0 -2 -1 0 0 -1 0 0 1 0 -1 0 0 -1 1 0 0 0 0 1 -1 0 1 0 0 1 0 -1 0 -1 0 0 1 -1 -1 0 0 0 1 1 0 0 -1 0 0 0 1 0 1 0 -2 0 -1 1 1 0 0 1 1 1 1 0 0 -1 0 0 0 -1 0 -1 1 0 0 -1 -1 0 -1 0 0 0 1 0 0 1 1 -1 1 0 0 1 0 0 0 0 -2 0 0 1 0 0 0 0 1 0 0 1 0 1 0 0 0 0 0 0 0 0 1 0 0 0 -1 0 0 0 0 1 -1 0 0 -1 0 0 0 0 0 -1 0 1 1 0 0 0 0 -1 1 0 0 0 1 1 -1 1 -1 -1 0 0 0 0 -1 -1 0 -1 0 1 -1 1 -1 0 0 1 0 -2 0 0 0 0 -2 0 1 -1 1 0 0 0 0 0 0 1 0 -1 0 0 1 0 -1 -1 1 0 0 0 -1 1 1 0 0 -1 -2 1 1 -2 0 -1 -1 1 -1 1 0 0 0 -1 0 -1 -1 0 0 1 1 1 0 0 0 0 0 2 -1 -1 1 1 0 0 0 1 0 1 0 1 0 -1 1 0 -1 1 -1 0 0 0 1 -1 -1 -1 1 0 1 0 0 0 -1 0 0 0 -1 -1 0 0 -2 0 0 1 -1 0 -2 -1 1 0 0 1 -1 0 1 -1 0 -1 0 0 -1 0 0 0 0 1 1 0 0 0 -1 1 0 -1 1 1 0 -1 0 0 -2 0 0 -1 1 0 -1 1 0 0 0 1 -1 1 -1 0 0 -2 1 0 -1 0 1 1 -1 0 -1 1 0 0
29 1 0 -1 0 1 -1 0 1 1 0 0 1 1 0 0 1 0 0 0 -1 1 -2 2 1 -1 0 0 0 1 0 0 -1 0 1 0 0 0 0 1 -1 0 -1 0 2 0 1 0 0 1 1 1 0 0 -1 1 0 0 0 2 -1 0 -1 0 1 0 0 0 0 0 1 1 -1 0 0 0 1 -1 0 -2 -1 -1 1 0 1 0 1 0 -1 1 0 0 0 -2 1 0 0 -1 0 0 0 1 -1 0 1 2 -1 0 0 0 0 0 0 1 0 0 1 0 0 0 -1 1 0 0 0 1 0 0 0 1 1 1 1 1 0 1 -1 1 -1 -1 2 0 -1 1 -1 0 0 0 -1 0 -1 -1 -1 0 1 -1 0 0 0 0 0 -1 2 0 -1 -1 0 1 -1 0 -1 0 0 -1 0 -1 1 1 1 0 0 -1 -1 1 1 0 -1 1 1 1 -1 0 0 1 -1 0 0 0 2 -1 -1 -1 0 0 0 -1 0 -1 1 1 1 0 0 -1 0 0 0 1 1 0 -1 -1 0 0 1 0 0 0 1 1 1 -1 -1 1 0 -1 -1 0 1 0 -1 0 0 1 -1 0 -1 0 -1 0 -1 -1 -1 -1 1 1 1 0 0 0 0 0 0 -1 0 0 -1 1 0 0 0 0 1 0 0 0 2 0 -1 0 0 -1 -1 0 0 -1 0 0 0 1 1 -1 0 -1 0 0 0 0 -1 0 1 0 0 0 0 -1 1 0 -1 0 -2 2 1 1 0 -1 2 0 0 0 1 1 -1 0 0 0 0 0 -1 1 1 -1 1 0 -1 1 0 -2 1 0 -1 -1 1 0 0 0 -2 0 1 1 0 0 0 1 -1 1 1 0 0 -1 1 1 0 0 1 0 1 0 0 0 -1 -1 -1 0 -2 -1 0 -1 -1 1 1 -1 -1 -1 0 1 -1 -1 0 0 -1 2 0 1 1 0 0 -1 -1 0 -1 0 0 0 -1 -1 0 0 1 -1 0 -1 0 0 -1 0 -1 0 0 0 1 0 1 1 1 0 1 0 1 0 -1 -1 0 -1 -1 1 0 1 -1 0 -1 1 0 1 0 0 1 0 0 0 0 0 0 -1 0 0 0 1 1 1 -1 1 0 0 1 1 1 0 0 0 0 0 0 1 0 0 0 0 -1 0 -1 0 -1 0 0 -1 1 0 0 0 -1 0 0 0 0 2 1 0 0 1 -1 0 0 1 1 1 0 0 0 1 0 -2 2
104 0 1 0 0 0 0 0 0 -1 0 1 0 0 1 0 0 0 1 0 1 0 1 -1 -1 1 0 1 -1 -1 1 -1 1 -1 1 1 1 -1 -1 0 0 0 -1 0 -1 1 0 0 0 0 1 1 0 0 -1 -1 0 0 0 -1 0 -1 0 -1 -1 0 0 -1 0 0 0 1 0 1 0 0 0 1 0 0 -1 1 -1 -1 1 1 0 0 0 -1 1 0 1 0 0 0 0 -1 0 -1 1 0 -1 -1 -1 0 0 1 0 1 0 0 0 0 0 0 1 0 0 -1 2 0 0 0 0 0 0 2 0 -1 1 2 1 1 0 0 1 1 -1 1 1 -1 0 1 1 1 1 1 1 -1 0 0 1 -1 1 0 0 0 -1 0 -1 1 0 0 0 1 0 1 1 1 1 -2 2 0 0 0 1 0 0 0 -1 0 0 1 0 -1 0 -1 0 0 -1 -1 0 0 0 -1 -1 0 0 1 0 -1 1 0 0 0 0 0 -1 -1 -1 0 -1 0 0 1 0 -1 -1 0 0 -1 1 0 -1 0 0 0 0 0 0 -1 1 1 -1 0 0 -1 -1 1 0 1 0 1 -1 -1 1 -1 0 0 1 1 0 1 1 0 0 1 0 1 0 0 -1 0 -1 1 1 -1 1 0 0 0 -1 0 1 0 0 -1 -1 -1 1 0 0 -1 -1 -2 1 0 0 1 0 0 1 0 0 0 0 0 0 0 -1 -1 0 -1 -1 0 0 1 -1 0 1 0 0 0 0 0 0 1 0 -1 0 -1 -1 0 1 0 0 1 -2 0 -1 0 0 0 0 1 0 -1 0 0 -1 0 0 0 2 0 0 0 0 0 -1 1 -1 -1 0 1 -1 1 0 0 0 0 -1 1 -1 0 0 -1 -1 1 -1 0 0 -1 0 1 0 -1 -1 0 -1 -1 1 0 1 0 0 -1 -1 0 -1 0 -1 0 0 0 0 1 -1 0 0 1 0 -1 -1 0 0 1 -1 -1 1 1 0 -1 -2 0 1 1 0 -1 0 2 1 -2 0 0 0 -1 1 0 1 -1 0 0 0 0 0 -1 1 1 0 0 2 0 1 1 0 -1 -1 0 2 1 0 -2 -1 0 0 0 0 0 1 2 1 0 0 0 1 -1 0 0 1 1 -1 0 -1 0 0 0 -1 0 0 0 1 -1 -1 0 0 0 0 0 -1 -1 0 2 0 0 1 0 0 -2 0 1 0 -1 -2 -1 0 0 -1 0 0 0 2
19 0 0 1 -1 -1 0 0 0 1 0 0 1 0 1 0 0 0 1 -1 1 1 -1 1 0 0 -1 0 1 0 -1 1 1 0 0 1 0 -1 0 0 1 0 -1 -1 1 1 -2 0 1 1 0 0 0 -1 0 1 -1 0 1 -1 1 -2 0 0 0 -1 0 1 1 0 0 1 1 1 -1 1 -1 0 0 0 0 0 0 -1 0 1 0 -1 0 0 0 1 -1 1 0 0 0 0 0 0 1 0 0 0 0 0 0 1 -1 0 0 0 1 0 0 0 0 0 -1 0 0 1 0 0 0 0 0 0 0 -1 0 1 -1 0 0 0 -1 2 -1 1 0 -1 -2 0 0 1 -1 -1 -1 -1 1 -1 0 0 0 0 -1 0 1 1 0 1 -1 0 -1 0 -1 0 0 0 1 0 1 0 0 0 0 2 0 0 0 -1 -1 1 -1 0 0 0 1 0 0 -1 1 1 0 -1 0 0 0 0 2 0 0 0 -1 0 1 1 0 0 1 0 1 0 1 0 0 -1 2 0 1 0 1 0 0 0 0 0 2 -1 0 1 0 0 1 -1 0 -1 -1 0 1 -1 0 1 0 0 1 -1 1 -1 0 1 -1 -1 -1 0 0 0 0 -1 0 1 0 1 1 0 1 -1 0 1 1 1 1 -2 1 -1 2 1 0 1 0 -1 -1 0 0 0 0 1 -1 0 1 -1 0 0 1 0 0 0 -1 1 -1 1 0 0 1 1 -1 0 0 -1 0 1 0 1 0 0 1 0 0 -1 1 0 1 -1 0 1 -1 1 -1 1 0 -1 0 1 0 -1 0 1 0 0 1 0 0 0 0 2 0 0 0 1 0 2 0 0 0 0 0 0 0 0 -1 0 0 -1 -1 0 0 -1 -1 0 0 -1 0 1 -1 -1 1 0 0 1 0 -1 0 -1 0 1 0 1 -1 1 0 0 0 0 0 1 -1 -2 0 0 -1 1 0 -1 1 0 -1 0 0 0 -2 1 0 0 1 0 0 0 -1 0 -1 0 -2 0 -2 0 -1 0 0 -1 -1 0 0 1 -1 -1 1 1 -1 0 0 1 0 -1 0 0 1 1 -1 0 0 0 0 0 1 -1 -1 0 0 0 1 0 0 0 1 0 0 0 1 0 1 2 0 2 1 0 1 -1 0 -1 -1 1 0 0 -1 0 1 1 -1 0 1 0 0 1 0 0 -1 -1 0 -1 0 -1 1 2 -1 0 -1 -1 0 -1 1 0 1
8 1 0 0 0 -1 0 0 0 0 0 -1 0 -1 1 0 -2 -1 1 -2 0 0 0 0 0 0 0 -1 0 0 0 1 0 0 1 -1 -1 0 -1 0 1 -1 -1 1 -1 0 -1 0 -1 0 1 0 0 0 0 0 0 0 0 0 0 1 0 0 0 0 -1 0 1 0 0 -1 0 0 0 1 0 -1 0 0 1 0 1 0 0 0 0 0 0 1 -1 0 1 0 0 -1 1 0 -1 0 0 0 1 0 0 1 0 0 0 -1 1 1 0 -1 -2 0 0 2 0 0 1 0 0 -1 -1 0 0 0 0 0 0 1 -1 1 1 0 -2 0 1 0 1 0 0 0 -1 0 1 -1 1 0 0 1 1 1 1 1 0 0 -1 0 0 -1 -1 0 -1 1 0 -1 -1 1 -1 0 0 0 -1 0 1 0 0 0 -1 0 0 0 0 0 -1 0 0 0 0 -1 0 0 0 1 0 0 -1 -1 0 -1 0 0 0 0 -1 2 0 -1 0 1 0 0 2 1 1 1 1 0 0 1 1 0 0 -1 1 -1 0 1 -2 -1 -1 1 0 -1 1 0 1 1 0 0 0 1 -1 -1 -1 0 0 0 -1 -1 0 1 0 0 0 0 -1 0 -1 2 -1 1 0 -2 1 0 0 0 0 -1 1 -1 -1 1 -1 -1 0 0 1 1 0 -1 -1 -1 -1 0 -1 -1 0 0 0 1 1 0 -1 0 0 0 1 0 0 -1 1 -1 -1 0 -1 1 0 0 -1 -1 0 1 0 -1 1 1 0 -1 0 -1 0 1 1 -1 0 0 1 1 -1 1 0 1 1 1 -1 -1 1 -1 0 -1 -1 1 0 -1 1 1 0 0 0 0 0 0 1 0 -2 -1 1 -1 0 -1 1 1 0 1 1 0 0 1 0 0 -1 0 0 1 0 -1 0 0 0 1 0 0 0 0 1 0 -1 -1 2 -1 -1 -1 1 -1 1 1 1 0 0 -1 0 0 0 0 1 0 0 -1 0 0 0 1 0 -1 -1 1 -1 1 -1 1 0 -1 -1 1 1 0 -1 0 -1 0 1 1 0 1 0 1 1 1 0 0 1 0 1 1 0 0 0 0 0 1 -1 0 0 1 1 0 0 0 0 1 1 1 0 0 -1 1 -1 -1 0 0 1 0 0 -1 -1 1 1 1 0 -1 0 0 0 -1 -1 -1 2 1 0 -1 -1 -1 -1 -2 -1 2 0 -1 0 1 1 0 0 1 0 1 1 0 1
110 -1 1 1 0 0 0 1 -1 -1 0 -1 -1 -1 -1 0 0 0 -1 -1 1 2 0 0 1 -1 1 0 -1 1 0 1 0 -1 -1 1 0 -1 1 -1 1 0 0 -1 0 0 1 0 0 0 -1 0 0 -1 0 0 0 0 -1 0 1 -1 -1 0 1 0 -1 0 0 -1 0 0 0 0 0 -1 1 2 0 0 0 0 0 0 -1 0 0 -1 1 1 0 -1 -1 1 0 1 0 0 1 1 0 1 0 -1 1 0 0 0 0 -1 0 -1 0 1 0 0 0 0 2 0 0 -1 0 0 1 -1 1 -2 0 1 -1 -1 1 0 -2 0 0 0 0 -1 -1 -1 1 0 0 0 -1 0 0 1 0 0 0 0 0 -1 1 -1 1 1 0 0 0 -1 0 1 0 0 0 -1 1 0 0 1 1 0 0 -1 1 -1 -1 0 0 -1 0 -1 1 1 0 1 0 0 0 0 0 -2 -1 -1 0 0 0 0 0 0 -2 1 -1 0 1 0 1 -1 0 0 0 -1 -1 1 0 2 0 1 1 0 1 0 -1 -1 1 -1 1 1 0 1 0 0 0 1 1 0 0 0 -1 0 0 -1 1 1 0 0 0 -1 0 1 1 0 -1 0 0 0 1 -1 1 2 -1 0 1 -1 -1 -1 1 1 0 -1 -1 -1 0 -1 0 0 0 0 0 0 0 0 0 0 -1 0 -1 0 0 -1 -1 1 1 0 0 0 0 1 0 1 0 -1 0 1 0 1 0 0 0 0 -1 0 0 -1 -1 -1 -1 -1 -1 0 0 0 0 -2 -1 0 1 0 1 0 0 -2 1 -1 -1 1 0 1 1 0 -1 -1 -1 0 0 -1 0 0 1 1 0 0 0 0 -1 0 0 -1 -1 0 0 0 -1 -2 0 0 0 -1 -1 0 -1 0 0 -1 -1 -1 1 0 0 0 -1 0 0 0 0 1 2 0 1 -1 -1 -1 -2 1 0 1 -1 -1 -1 1 0 -1 0 1 0 -1 0 1 0 0 -1 0 1 0 0 1 0 0 0 0 0 0 0 0 0 0 0 0 0 0 -1 -1 0 0 0 0 0 -1 -1 0 -1 1 0 -1 0 0 0 0 1 0 0 0 1 1 0 -1 0 1 1 0 1 -2 -1 -1 -1 1 0 0 -1 -1 0 -1 0 -1 1 1 -1 0 0 0 0 0 0 -1 1 2 -1 1 0 1 0 0 0 1 0 1 -1 0 0 1 0 -1 0 -1 0 0 -1 -2 -1
6 0 0 0 0 -1 0 0 1 0 -1 -1 -2 0 0 0 -1 1 1 1 0 0 0 0 0 0 1 1 0 0 0 0 1 -1 -1 0 -1 1 0 -1 0 -1 0 0 -2 1 -1 1 1 -1 0 1 0 0 -1 -1 1 -1 0 -1 1 2 0 0 0 0 0 0 0 -1 0 -1 1 0 0 0 0 0 1 0 -1 0 1 0 0 0 0 0 0 1 0 0 0 1 -1 -1 -1 0 1 1 1 0 1 0 1 1 -1 0 0 1 1 1 0 1 -1 -1 0 0 1 1 1 -1 1 1 0 0 -1 0 0 1 0 0 1 1 1 -1 -2 1 1 -1 1 0 0 0 0 0 0 -1 0 0 -1 -1 1 -2 -1 1 0 1 -1 0 -1 -1 0 1 1 2 0 -1 1 0 0 -1 0 1 1 0 1 -1 0 -1 0 0 1 -1 0 -1 0 0 0 0 0 -1 0 0 0 -1 1 0 1 -1 0 1 0 0 0 0 1 0 -1 0 2 1 1 0 1 1 1 1 0 0 0 0 1 1 0 0 -1 0 -1 0 -1 1 0 0 0 -1 -1 1 1 1 0 0 0 1 -1 0 1 0 0 -1 0 0 -1 1 0 -1 -1 0 -1 2 -1 0 0 -1 0 2 2 -1 -1 0 0 0 1 0 -1 0 -1 -1 0 1 1 0 0 -1 1 -1 1 0 1 1 1 1 0 0 1 -1 0 0 -1 0 -1 0 0 -1 1 0 1 0 1 0 1 -1 0 0 0 1 0 1 -1 -1 0 0 0 0 1 0 1 -1 0 0 1 1 1 0 0 1 0 1 0 1 0 1 1 -1 0 0 0 0 0 0 0 -1 0 1 -1 0 -1 0 0 -1 -1 0 0 0 0 0 -1 1 -1 0 0 0 2 1 0 0 0 -1 0 0 1 0 0 0 1 0 1 0 0 0 0 0 -1 1 0 -1 0 0 0 0 0 1 0 0 0 0 0 0 1 0 1 -1 1 0 0 0 1 0 0 0 -1 1 0 1 0 1 -1 1 -1 1 0 1 0 0 0 0 1 0 0 -1 0 -1 0 0 1 -1 1 0 0 0 0 0 1 0 -2 0 1 0 0 0 0 1 0 0 0 1 0 -1 1 2 0 -1 0 0 0 0 0 -1 1 0 0 1 0 0 1 0 0 1 -1 -1 0 1 0 -1 1 0 -2 1 -1 0 0 0 -2 1 -1 1 -2 1 0 -2 -1 0 1
94 -1 -1 0 0 -1 1 -1 0 -1 -2 0 0 0 0 0 -1 1 1 1 1 0 0 1 0 -1 1 -1 2 0 0 1 -1 0 0 -1 1 0 0 0 0 1 1 -1 1 0 0 1 0 0 0 0 0 0 0 0 -1 -1 0 0 0 1 0 -1 0 0 -1 -1 0 0 0 1 0 0 0 -1 1 2 -1 0 -1 2 -1 1 -1 0 1 0 0 0 0 0 1 -2 1 0 0 -1 0 -2 1 0 -1 0 0 -1 0 0 0 0 2 1 -1 0 1 2 0 0 0 1 1 0 0 0 0 0 0 0 0 0 0 0 0 0 0 0 0 0 0 -1 1 -1 -1 -1 0 0 -1 2 0 0 0 1 -1 -1 1 2 1 -1 0 0 1 -1 0 1 0 -1 -1 0 0 0 0 1 0 -1 0 1 -1 0 0 0 0 0 -1 0 -1 1 0 0 1 -1 -1 -1 1 -1 0 -1 0 0 1 0 1 1 0 0 0 -1 -1 -1 1 0 1 -1 0 -1 1 1 1 0 0 -1 0 1 -1 0 0 0 1 -1 2 0 0 0 2 0 0 0 1 0 0 0 0 0 0 -2 -1 1 0 0 0 -1 0 0 -1 1 0 0 0 0 0 0 0 0 0 0 0 0 1 1 0 0 -1 1 0 1 0 0 1 0 0 0 1 1 0 1 0 -1 0 0 1 1 1 0 0 -1 0 0 1 0 0 0 1 0 0 1 -1 -1 0 0 0 1 1 1 1 1 0 0 0 0 1 -2 -1 1 -1 0 0 1 0 0 0 -1 0 1 -2 -1 0 0 0 -1 0 -1 0 1 0 1 -1 0 0 0 0 -1 -1 0 0 1 -2 0 -1 -1 0 -1 2 0 0 0 0 1 1 0 0 -1 -1 -1 0 0 0 0 1 -1 0 1 1 -1 0 -2 0 0 0 0 0 -1 0 0 1 1 0 0 0 1 0 -1 1 1 -1 -1 -1 0 0 0 1 -1 0 -1 0 -1 0 0 1 -1 1 1 -1 0 0 1 0 -1 1 -1 1 -1 0 0 0 0 0 1 -2 2 -1 0 0 0 1 1 1 -1 0 -1 -2 0 0 1 0 1 0 -1 1 1 -1 -1 0 0 0 0 1 0 1 1 0 0 0 0 0 0 0 -1 0 -1 0 1 1 -1 0 -1 0 0 0 1 0 -1 -1 -1 -1 1 0 0 0 1 0 0 -1 -1 -1 0 1 0 1 1 0 1 0 0 1
18 0 1 1 0 0 0 0 1 0 0 0 0 0 0 0 0 1 -1 0 0 0 1 0 -2 0 -1 1 0 0 0 1 0 1 -1 0 0 -1 0 -2 0 -1 0 0 0 0 0 0 1 0 0 0 1 -1 1 1 1 0 -1 0 0 0 1 0 0 0 -1 1 -1 2 1 0 0 0 0 0 1 -1 0 0 0 1 -1 -1 1 -1 -2 0 1 0 1 0 0 0 -1 0 0 1 -1 0 0 -1 0 1 1 0 1 0 -2 1 1 -1 -1 -1 0 1 0 1 0 0 1 1 -1 0 1 0 0 -1 0 0 0 0 -1 0 0 0 0 -1 0 0 -1 -1 0 -1 0 -1 0 2 0 1 1 1 -1 -1 -1 0 -1 0 0 1 -1 -1 -1 0 0 0 1 0 0 0 0 1 0 1 1 0 0 -2 -1 1 1 0 2 0 0 0 0 0 1 0 -1 0 0 1 1 -1 0 -1 0 0 0 1 -1 2 0 0 0 0 1 0 0 0 1 1 0 0 0 0 -1 2 0 -1 0 -1 0 1 0 0 0 0 0 0 1 0 1 0 1 0 -1 0 0 0 0 0 -1 -1 0 0 0 0 -1 0 0 0 1 0 1 1 0 1 0 -1 -1 0 0 0 -1 0 0 0 0 -1 0 -1 1 0 0 0 0 0 0 0 0 -1 -1 1 -1 -1 -1 1 -1 0 1 0 -1 1 0 1 0 -1 0 0 -1 0 1 0 1 -1 0 -1 1 1 1 1 0 2 -1 1 1 0 1 0 -1 0 -1 -1 0 0 -1 0 -1 0 1 0 0 -1 0 0 1 2 -1 -1 2 1 0 0 0 0 -1 -1 0 -1 0 2 0 0 0 0 0 -1 1 1 0 0 1 0 0 0 -1 -1 0 0 0 0 -1 1 -1 1 1 0 0 0 0 0 -1 0 0 0 0 1 0 0 -1 0 0 0 0 -1 0 0 -2 2 -1 -1 0 0 -1 1 0 0 -1 0 -1 0 -1 0 -1 1 -1 0 0 0 -1 0 -2 -1 0 0 1 0 1 0 0 0 0 1 0 1 -1 -1 0 0 0 0 -1 -1 0 0 0 0 0 0 -1 0 0 0 1 -1 -1 1 -2 0 1 1 0 0 1 0 0 0 1 1 1 1 0 1 0 0 1 -1 1 -1 0 0 0 0 -1 0 -1 0 1 1 0 1 0 1 -1 0 1 0 -1 -1 1 0 1 -1 1 1 0 0 0 0 -1
104 0 1 1 -1 0 0 1 1 -1 0 1 0 0 0 0 0 1 0 -1 1 1 -1 -1 0 0 0 1 0 -1 1 -1 0 0 1 1 1 -1 0 0 -1 -1 -1 -1 0 1 0 0 1 0 0 0 0 -1 0 -1 0 0 0 -1 0 -1 -1 -1 -1 1 0 1 0 1 0 0 1 1 -1 0 0 0 2 1 0 0 -1 -1 1 1 0 0 0 0 0 -1 0 -1 0 0 0 -1 0 0 1 0 -1 0 -1 -1 0 1 0 0 0 -1 1 0 0 0 0 1 -1 0 0 0 1 0 0 0 0 1 0 -1 2 0 0 1 0 1 0 0 -1 1 0 -1 0 1 2 1 0 0 1 1 0 0 1 0 1 0 0 1 -1 0 0 0 0 0 0 2 0 0 0 1 1 0 1 0 -1 0 1 0 -1 -1 -1 0 0 1 -1 0 1 -1 0 -1 -1 -1 0 1 0 0 -1 0 0 1 -1 -1 1 -1 0 0 0 0 -1 1 -2 0 -2 0 0 0 0 -1 -1 1 0 0 0 -1 -1 0 0 -1 -1 1 -1 0 2 1 -1 0 1 0 0 1 0 0 -1 0 -1 0 0 1 2 1 1 0 -1 1 0 0 -1 1 0 0 1 0 0 1 0 1 2 0 2 1 1 0 -1 0 0 0 0 -1 -1 -2 0 0 0 0 0 -1 0 0 -1 0 0 -1 1 0 0 0 0 -1 0 1 1 0 0 1 1 0 0 0 -2 1 1 0 0 0 0 0 0 0 -1 0 1 0 0 1 0 0 -1 1 -1 1 -1 0 0 0 -2 1 1 -1 1 -1 -2 0 0 1 0 0 0 0 1 0 -1 1 0 0 1 0 -2 0 0 -1 1 0 -1 -1 -1 0 0 0 -1 1 -1 0 0 0 0 0 1 0 0 1 0 -1 1 0 -1 0 0 -1 -2 0 -1 0 -1 -1 0 0 0 1 -1 0 0 0 0 0 0 0 -1 0 1 0 0 1 0 -1 -1 2 0 -1 0 0 0 1 0 0 0 -1 0 0 1 0 1 -1 0 0 -1 -1 0 -1 0 1 0 0 0 -1 -1 1 0 -1 0 0 0 1 0 -1 0 0 0 0 0 1 1 1 0 0 0 0 1 0 0 0 1 1 -1 0 0 0 1 -1 0 0 0 0 1 -1 -1 1 1 -1 0 0 0 1 0 1 0 1 1 1 1 1 0 1 1 1 -1 -1 -1 0 0 0 1 -1 1
45 2 0 -1 1 -1 0 1 0 0 0 -1 1 0 0 0 0 2 0 -1 0 0 -2 0 0 1 2 0 0 1 0 0 0 0 0 1 1 1 0 -1 0 0 1 0 0 0 1 0 0 2 1 -1 -1 -1 0 1 -1 1 0 -1 1 0 -1 1 -1 0 0 1 1 1 -1 -1 0 0 2 1 1 0 0 0 1 0 0 0 0 -1 2 0 0 -2 -1 0 0 -1 1 -1 0 1 0 1 0 0 0 1 1 -1 -1 -1 0 0 0 -1 0 0 1 0 -1 0 -1 0 -1 0 0 -1 -1 1 0 1 -1 0 -1 -1 0 -1 1 0 0 1 0 0 -1 0 1 -1 0 0 0 0 1 0 2 1 0 0 0 1 -1 0 1 -1 -1 1 0 -1 1 0 1 1 0 -1 -1 -1 1 0 0 0 -1 0 -1 0 0 0 -1 0 0 0 0 0 0 0 0 -1 0 -1 -1 0 1 -1 0 0 -1 0 0 0 0 1 0 -1 1 1 0 1 1 1 0 -1 -1 0 0 -2 -1 2 -1 0 0 1 0 2 1 -1 0 0 0 -1 0 1 0 0 -1 0 0 1 1 0 0 0 -1 -1 0 -1 1 0 -1 1 0 0 -1 -1 -1 1 0 -1 0 1 -1 -1 0 0 -1 -1 0 0 0 -1 0 0 -1 1 -1 1 0 1 2 0 0 0 -2 0 0 0 0 0 0 1 -1 0 -2 -1 0 -2 0 0 0 -1 0 1 0 0 0 -1 0 1 1 0 0 0 0 0 -1 0 1 -1 1 0 0 1 -1 0 0 -1 0 0 -1 0 0 0 0 0 0 0 -1 1 0 0 1 0 0 0 1 -2 0 1 0 0 0 -1 -1 0 -1 0 0 1 -1 1 0 0 1 0 0 1 0 0 0 1 1 0 0 0 0 -1 1 0 0 -1 0 0 0 1 0 -1 0 -1 0 -2 1 1 1 0 0 -1 1 0 -1 1 -1 0 0 0 -2 0 0 0 0 -1 0 0 0 1 1 -1 0 -1 0 0 -1 1 0 1 -2 -1 1 0 0 1 -1 0 1 -1 0 1 0 -1 1 0 0 0 -1 1 1 -1 0 0 0 0 1 0 0 0 0 0 -1 -1 1 0 -2 0 1 0 0 -2 1 1 1 -1 0 0 0 0 1 1 -1 0 0 0 1 0 1 1 0 0 0 0 0 1 0 0 0 0 1 1 0 0 -1 0 0 0 1 0 0 -1 0 1 -1
102 -1 0 1 -1 0 -1 0 0 0 0 0 1 1 -1 0 1 1 0 0 0 -1 -1 1 -1 -1 0 0 -1 0 0 1 -1 0 0 1 0 0 1 -1 0 -1 0 0 0 0 1 -1 0 0 -1 0 0 0 1 -1 1 1 1 1 0 0 -1 0 -1 -1 -1 0 -1 -1 1 0 -2 0 0 -2 -1 -1 1 0 0 -1 0 1 -1 -1 0 1 -1 1 0 -1 0 -1 0 0 1 0 1 -1 0 0 1 1 1 1 0 -1 1 1 0 -1 0 0 -1 0 0 0 0 -2 0 0 0 1 0 -1 -1 0 0 0 1 0 1 1 0 1 0 0 0 -1 0 0 0 0 0 0 1 1 0 -1 0 1 1 1 0 0 1 -1 -1 -1 1 0 0 0 0 0 -1 0 0 0 -1 -1 0 0 1 1 0 0 0 1 0 0 1 2 -1 0 -1 -1 -1 1 1 0 1 0 0 0 -1 1 0 0 -1 0 0 1 0 1 -1 1 0 0 0 -1 0 0 0 0 0 -2 -2 -1 -1 0 0 -1 1 0 1 0 0 1 0 -1 1 0 0 -1 0 0 0 0 0 -1 1 0 -1 0 0 1 -1 1 0 1 -1 -1 1 0 1 0 1 1 0 -1 -1 0 1 0 0 0 1 1 -1 0 0 0 0 2 1 0 -1 -1 -1 0 1 0 0 1 1 0 0 -1 1 -2 1 1 0 1 -1 1 0 -1 1 0 0 0 0 0 0 0 0 0 0 0 0 1 0 -1 0 0 -1 1 1 -1 1 1 -1 2 -1 1 0 0 0 0 1 2 1 -1 -1 -1 0 1 -1 -1 0 -1 0 0 0 0 1 1 0 0 -1 1 1 0 0 1 1 1 1 -1 0 1 0 0 0 1 -1 -1 0 0 0 0 0 0 1 0 0 -1 -1 2 1 0 0 1 0 -1 -1 0 0 1 -1 -1 0 1 1 1 -1 0 1 0 0 0 0 0 1 0 0 0 0 1 0 0 -2 1 0 -1 0 1 0 0 0 0 -1 -1 1 0 -1 -1 0 1 1 -1 0 1 -1 0 1 0 0 0 -1 1 -1 -1 0 0 1 -1 1 1 0 0 -1 -1 1 0 -1 0 0 0 -1 0 0 1 -1 1 0 0 -1 1 0 -2 1 0 1 1 -1 -1 1 0 0 -1 1 1 1 1 1 -1 1 0 0 0 1 0 0 0 0 0 -1 0 0 0 -1 0 -1 0 0 0 1 1 0
94 0 1 0 0 -1 0 -1 -1 0 0 0 -1 0 -1 -2 1 1 0 -1 0 0 1 0 0 0 0 0 0 0 1 0 -1 0 1 0 1 0 0 0 0 -1 1 0 1 0 0 0 -1 1 0 0 -1 0 -1 1 -1 -1 0 0 0 0 1 0 -2 0 -1 -1 1 -1 1 0 1 -1 1 0 0 0 -1 0 -1 0 0 0 1 1 -1 -1 0 0 1 -1 1 -1 -1 -1 0 -1 -1 -1 0 0 -1 -1 0 -1 0 0 1 0 1 1 0 0 0 0 0 1 0 1 0 0 1 0 0 1 -1 -1 0 -1 1 1 1 -1 -1 0 0 -1 -1 0 1 0 -1 1 1 -1 0 0 0 -1 -1 0 -2 0 1 0 0 0 0 0 0 -2 0 0 -1 0 -1 1 1 1 -1 1 -1 -1 -1 1 0 0 -2 1 0 -1 -1 0 1 1 0 -1 1 0 0 0 1 -1 -1 0 0 0 1 0 1 0 0 -1 0 0 -1 0 0 0 1 0 -1 0 -1 1 0 0 1 -1 1 1 -1 0 0 0 0 0 0 0 0 0 0 -1 -1 -1 2 1 0 0 1 0 -1 1 -1 0 0 0 -1 -1 -1 1 1 1 0 0 0 -1 0 0 1 0 -1 0 1 0 0 0 0 -1 0 0 0 0 0 0 0 0 1 0 0 -1 0 0 0 -1 0 0 1 0 0 -1 0 0 1 -1 1 0 0 0 0 1 1 0 0 -2 0 1 0 0 0 0 -1 0 0 0 0 0 0 0 0 0 0 -1 -1 0 0 0 0 1 -1 1 0 0 0 -1 0 -1 -1 0 0 0 0 -1 -1 0 -2 0 0 0 0 1 0 1 0 0 -1 -1 1 -2 0 1 -1 0 0 0 0 0 0 0 1 0 1 0 0 0 0 0 0 1 1 0 0 -1 0 -1 0 1 0 -1 0 0 1 1 1 0 -1 0 -1 0 0 1 -1 0 -1 -1 -1 0 -1 -2 0 -1 0 0 0 0 0 0 0 0 1 -1 1 0 0 -1 0 0 1 -1 -1 1 1 0 0 0 -2 0 0 -1 1 -1 0 1 -2 -1 0 0 0 -1 -1 1 1 0 -1 0 1 1 0 1 -1 1 0 0 -1 0 1 1 0 0 -1 0 0 0 0 -1 0 -1 0 1 1 -1 1 -2 0 1 0 0 0 0 -1 0 0 -1 0 0 -1 1 0 0 0 0 0 0 0 1 -1 -2 0 1 1 -1 1
110 -1 0 0 0 0 1 1 0 -2 1 0 -1 -1 -1 0 -1 0 0 0 1 1 0 0 1 -1 0 0 -1 1 -1 2 0 0 0 -1 -1 -1 0 0 2 0 -1 -1 0 -1 1 0 1 0 0 0 0 -1 -1 0 0 1 -1 0 1 -1 -1 0 2 0 -1 1 0 0 0 0 0 1 1 0 0 2 -1 0 0 0 0 1 -1 -1 0 -1 0 1 -1 0 -1 1 0 1 0 2 2 0 -1 0 1 -1 1 0 0 0 -1 -1 0 -1 0 1 -1 -1 1 0 1 0 0 -1 0 1 0 -1 0 0 0 0 -1 0 0 0 0 0 1 1 0 1 -1 0 1 0 -1 0 0 0 0 0 1 1 0 -1 0 0 1 -1 1 1 0 0 0 0 -1 -1 0 0 0 -1 1 0 0 0 0 0 0 0 1 0 0 1 0 0 0 0 0 1 0 2 0 0 0 0 1 -2 0 0 -1 1 1 0 0 0 -2 1 -1 0 1 0 1 0 -1 0 1 1 0 1 0 2 0 0 1 0 0 0 0 -1 0 -1 1 0 1 1 1 0 0 1 0 0 0 0 -1 0 1 -1 0 0 1 0 0 0 0 0 0 0 -1 0 0 0 0 0 0 1 0 -1 0 0 -1 0 0 1 0 1 -1 -1 -1 0 -1 1 0 1 0 0 0 0 1 0 0 0 -1 0 -1 0 0 1 0 0 0 0 0 2 1 1 -1 -1 0 1 0 0 -1 -1 0 0 1 1 0 -1 1 -1 -2 0 0 -1 1 1 0 -2 0 -1 0 0 0 -1 0 -1 0 -1 0 0 0 1 0 0 -1 0 -1 0 0 -1 0 0 1 -1 0 0 0 0 0 1 0 -1 -2 0 0 0 0 -1 0 0 0 -1 0 0 0 0 0 -2 0 -1 0 1 0 0 -1 0 0 1 -1 1 1 0 0 0 -1 0 -2 1 0 1 0 -1 -1 1 0 -1 -1 1 0 -1 0 1 0 0 0 0 2 -1 0 1 -1 0 1 0 0 1 -1 -1 0 -1 0 0 0 -1 -1 0 -1 0 0 0 0 -1 0 0 0 1 0 0 0 0 0 1 1 0 0 -1 1 0 0 0 1 0 1 0 0 -2 0 -1 -1 0 -1 0 0 1 0 0 -1 0 0 0 -1 0 0 2 0 0 -1 -1 0 1 0 1 1 1 1 0 0 1 0 1 0 0 0 0 -1 -1 0 -1 0 0 -1 -1 0
4 0 2 -1 0 0 -1 1 0 0 0 1 0 -1 1 0 1 0 -1 -1 1 -1 -1 -1 0 0 1 0 1 0 0 0 0 0 0 -1 1 -1 -1 -1 0 -1 0 0 -1 0 2 0 0 0 -1 -1 0 -1 0 1 0 -1 0 1 1 -1 0 0 0 1 0 0 1 1 1 0 1 0 0 1 0 1 -1 0 1 -1 0 1 0 1 -1 1 0 -1 0 -1 0 0 0 0 0 0 0 1 0 0 1 -1 -1 1 0 0 1 0 0 1 0 0 1 0 0 0 0 0 1 0 -1 0 -1 0 -1 -1 1 1 1 -1 0 0 -1 0 0 1 0 0 -1 0 2 -2 1 1 -1 1 1 1 0 0 0 1 1 0 0 -1 1 -1 0 0 -1 -1 0 0 0 1 0 0 0 0 -1 1 0 0 0 -1 0 -1 0 0 0 0 -1 0 0 -2 1 1 0 0 0 0 0 1 0 0 0 0 1 1 -1 0 1 1 -1 1 1 1 1 1 1 -1 0 -2 0 0 0 0 0 1 0 -1 -1 0 0 0 0 0 -1 0 0 1 1 1 1 1 0 1 -1 -1 1 -2 1 1 -1 0 0 1 1 0 0 -1 0 -1 -1 1 -2 -1 0 0 0 1 -1 1 -1 0 -1 0 -1 0 0 -2 0 0 0 1 0 0 1 1 0 0 0 0 1 0 0 0 0 0 0 0 0 -1 -1 0 -1 0 0 -1 -1 0 -1 0 0 -1 1 0 0 1 0 1 0 2 0 0 -1 0 1 0 0 0 1 -1 0 -1 0 -1 -1 1 0 0 1 0 1 0 1 -1 0 0 0 -1 0 0 0 1 0 0 1 -1 0 -1 1 0 0 -2 1 -1 1 1 1 0 -1 1 0 1 2 2 -1 0 0 0 1 0 1 -2 1 -1 0 -1 0 1 0 1 0 0 1 1 0 1 -1 0 1 0 0 -1 0 2 0 -1 0 0 -2 1 0 0 1 0 -2 1 0 1 0 0 1 0 -1 0 0 0 -1 1 0 -1 0 0 -1 0 0 -1 -2 1 0 -1 0 -1 -1 0 0 1 0 0 0 1 1 0 0 0 0 1 0 0 -1 1 -1 0 1 0 0 -1 0 -1 -1 -1 -1 0 1 0 0 1 0 -1 0 0 -1 -1 0 0 -1 1 0 0 0 0 0 1 1 1 1 -1 1 1 -1 0 1 1 1 0 -1 0 1 1 1 0 0 1 0 -1 0 1 0
115 0 0 1 0 1 0 0 1 0 1 1 -1 -1 -1 -1 0 -1 1 1 0 0 1 -1 0 -1 1 0 1 0 1 0 -1 0 0 -1 0 -1 0 0 -1 -1 -1 -1 0 1 0 -1 -1 -1 0 0 -2 0 1 -1 0 0 1 0 0 0 0 1 1 1 -1 0 0 0 1 1 -1 -1 -1 -1 0 -1 -1 -1 1 1 -1 1 0 1 0 0 0 0 1 0 -1 0 0 0 1 -1 0 -1 1 0 1 -1 0 0 -1 1 0 1 0 0 0 -1 0 1 0 1 1 0 1 1 2 -1 -1 -1 1 0 1 0 1 -1 1 0 0 1 0 0 1 0 0 0 1 0 0 -1 0 0 1 0 0 0 0 0 1 -1 0 0 -2 -1 0 -1 1 -1 1 0 1 0 1 1 0 0 0 -1 1 1 0 -1 1 1 -1 -1 -1 0 0 0 1 -1 1 -1 0 0 1 1 0 0 0 -1 1 0 0 0 0 -1 1 0 0 0 1 1 -1 0 0 1 1 0 0 0 0 0 -1 0 -2 0 -1 0 0 0 0 0 0 0 0 0 0 0 1 0 0 0 0 1 0 -1 0 0 -1 1 -1 -1 -1 0 0 1 0 0 0 0 1 -1 0 1 0 0 0 -1 0 1 -1 1 0 0 -1 0 1 0 -1 0 -1 0 0 1 0 0 1 0 -1 1 0 0 0 1 2 0 1 0 -1 0 0 -1 1 0 0 0 1 0 1 -1 0 -1 1 0 -1 0 1 2 1 0 0 0 0 1 1 -1 0 -2 1 1 0 0 1 0 0 -1 0 0 0 0 -1 -1 0 0 -1 0 0 -1 -1 0 0 0 1 1 1 1 0 0 1 0 1 0 2 0 0 -1 -1 1 0 1 1 -1 1 1 -1 0 1 0 0 0 1 1 -1 0 1 1 -1 -1 0 2 0 1 0 0 0 -2 1 2 0 2 1 2 0 0 0 0 0 -1 -1 1 0 0 0 -1 0 -1 -1 1 -1 1 0 0 1 -2 0 0 -1 1 0 0 0 0 -1 0 -2 1 -1 0 -1 -1 1 0 1 2 0 0 0 0 0 0 -1 0 -1 1 -1 0 0 1 0 -1 -1 0 0 0 0 0 1 0 0 0 0 0 -1 0 0 1 0 1 0 0 0 0 -1 0 0 0 0 0 0 0 1 -1 0 0 -1 1 0 0 0 0 0 1 -2 -1 0 -1 0 -1 0 -1 1 -2 -1 0 0
51 -1 1 0 -1 0 -1 1 -1 0 1 0 2 0 0 1 0 -1 0 -1 1 1 0 1 0 0 -1 1 1 0 1 1 -1 0 0 -1 0 -1 0 0 1 0 0 -1 1 0 -1 0 0 -1 1 0 0 -1 -1 -1 1 0 0 0 0 0 -1 1 0 1 0 -1 0 0 -1 -1 0 0 0 -1 -1 0 0 -1 -1 -1 -1 0 -1 0 0 0 -1 0 0 0 -1 0 0 0 1 0 0 1 0 2 1 -2 1 0 0 0 -1 -1 1 -1 0 0 1 0 -1 0 1 -1 0 -1 0 0 1 0 1 1 0 0 1 0 0 1 0 0 0 0 0 0 0 1 0 0 -1 0 0 -1 1 1 1 0 1 0 1 -1 0 0 0 0 0 1 0 -1 0 0 -1 -1 0 -1 1 0 1 -1 0 2 -1 -1 1 1 0 0 1 -1 -1 -1 -1 0 1 -2 1 -2 -2 0 -1 0 -1 -1 -1 -1 1 0 -1 0 -1 0 -1 0 1 0 -1 0 0 1 0 -1 0 -1 0 0 0 2 -1 0 -1 0 0 -2 0 0 1 0 -1 1 -2 0 -1 0 -1 1 0 0 -1 0 0 0 0 1 -1 1 -1 1 1 0 2 0 0 0 1 -1 0 0 -1 2 1 -1 -1 1 0 0 1 -1 0 0 0 1 -1 0 0 0 0 0 0 0 -1 -1 0 0 0 1 0 -1 2 0 -1 0 0 1 -1 0 -1 0 0 1 1 -1 1 1 0 0 0 0 0 -1 1 0 1 -1 0 -1 -1 1 -1 0 1 1 0 -1 -1 1 0 0 0 0 0 -1 0 0 1 1 0 0 0 -1 -1 0 -1 1 0 0 0 0 0 2 0 1 0 0 0 0 0 -1 -1 1 -2 2 0 0 0 0 0 0 1 1 -1 0 0 -1 1 -1 1 1 1 0 -1 0 1 1 0 -1 0 1 0 1 0 0 0 0 1 1 -1 0 0 1 1 -1 -2 1 -1 0 -1 0 0 0 0 0 0 1 0 1 1 -1 0 1 0 0 1 -1 0 0 0 0 -1 -1 0 0 0 0 0 1 1 1 -1 0 1 0 0 0 1 1 0 0 0 -1 -1 0 0 0 0 0 1 1 -1 0 1 -1 0 0 1 1 0 0 0 2 -1 0 0 0 1 0 -1 0 0 -1 -2 0 -1 0 0 0 0 0 0 1 1 0 0 1 1 -1 0 0 1 0 0 0 1 0 0 0 1 0 0
34 0 -1 1 0 0 -1 0 0 1 0 0 0 1 0 0 0 0 0 0 0 0 0 0 -1 -1 1 1 1 1 1 1 0 1 0 -1 1 0 0 1 -1 0 1 0 1 1 -1 -1 1 0 -1 0 0 0 0 0 -1 0 0 0 1 -1 0 0 0 0 0 -1 0 0 1 0 -1 0 0 1 -1 2 1 0 -1 0 -1 -2 -1 -1 0 0 0 1 1 1 0 -1 1 0 1 1 1 0 -1 1 0 -1 0 -1 0 1 1 0 0 0 -1 0 2 1 0 0 0 1 -1 0 0 0 1 0 1 0 -1 -2 1 0 -1 0 0 -1 0 1 0 1 -1 1 -1 0 1 1 -1 0 0 -1 0 0 -1 -1 0 0 -2 0 0 1 -1 0 -1 0 0 1 1 -1 1 -1 1 1 1 0 1 0 0 0 -1 0 -1 -1 0 0 -1 1 0 1 1 1 0 1 0 1 -1 0 0 -1 1 1 0 0 0 1 1 1 0 -1 1 -1 -1 0 -1 0 0 -1 0 0 0 1 0 1 -1 -1 0 0 -1 -1 -1 0 0 0 0 -1 -1 -1 0 -1 1 1 1 -1 1 0 0 0 -1 0 0 0 1 0 -1 0 -1 1 0 0 1 1 1 1 -1 1 0 1 0 1 0 -1 1 1 1 -1 0 1 1 1 1 1 0 -1 0 0 1 -1 0 0 -1 0 -1 0 0 -1 -1 0 0 -1 1 0 0 0 1 1 0 0 0 1 0 0 1 -1 0 0 -1 -1 -1 0 0 -1 0 2 1 -1 0 0 1 0 -1 1 0 -1 0 0 0 -1 1 -1 1 0 -1 1 0 0 1 1 0 0 0 -1 1 0 0 0 1 0 -1 1 0 0 -1 0 0 1 1 0 0 -1 0 0 -1 -2 0 0 -1 -1 0 0 0 2 0 -1 -1 0 0 0 1 1 0 0 1 0 0 0 0 1 0 0 0 -1 -1 -1 -1 -1 0 0 -1 -1 1 -1 0 0 -1 1 0 -1 0 -2 0 -1 0 0 -1 0 -1 1 0 0 -1 -1 0 1 1 1 -1 -1 2 1 0 0 -1 1 1 0 0 0 0 0 0 -1 0 -1 -1 0 1 0 0 -1 0 0 0 0 -1 1 -1 0 1 -1 0 0 0 0 0 1 1 -1 0 -1 -1 0 1 0 0 0 1 0 0 -1 0 -1 -1 -1 0 0 0 0 0 -1 0 1 0 -2 0 1 0 0 0 0 0 0 0 1 1
71 -1 -1 0 1 1 1 0 0 0 -2 0 0 -1 0 -1 -1 1 1 0 -1 0 0 1 1 0 1 0 1 1 0 0 1 1 1 -2 0 -1 0 0 -1 0 -1 -1 -1 1 1 0 0 0 1 0 0 0 1 0 0 0 -1 1 0 0 0 0 1 0 0 0 1 1 0 0 0 -1 1 -1 1 0 -1 0 0 1 0 0 -1 0 1 0 0 0 -1 -1 0 -1 1 0 0 -1 0 -1 1 1 0 0 0 0 0 -1 0 0 1 0 1 0 1 -1 0 0 -1 0 0 0 -1 0 0 1 2 1 0 0 0 1 1 1 1 -1 -1 -1 -1 0 1 0 -1 1 0 0 -1 0 0 -1 0 -2 -1 1 1 1 0 -1 0 1 -1 0 1 1 1 0 -1 1 0 0 0 0 0 -1 0 0 1 -1 0 0 0 0 0 0 2 0 0 0 -1 -1 0 0 0 1 0 0 0 -1 0 0 0 0 -1 0 -1 0 0 0 1 -1 0 0 -1 0 2 1 0 0 1 0 0 -1 -1 -1 1 1 0 0 0 0 0 -2 -1 0 0 0 0 0 -1 1 1 0 -1 0 1 0 -1 -1 1 -1 -2 0 -1 1 1 0 0 -1 1 1 0 0 1 1 0 1 -2 0 -1 0 -1 1 0 0 1 0 -1 -1 -1 0 0 0 0 0 0 1 0 1 0 0 0 0 0 0 1 1 -1 0 0 0 0 1 0 1 1 1 0 1 0 0 1 1 0 1 2 0 0 0 1 -2 -1 0 1 0 0 -1 1 -1 -1 -1 0 0 -1 -1 0 1 0 0 -1 1 0 -2 0 -1 0 0 -1 1 0 0 1 -1 0 -1 -1 0 0 1 -1 0 -1 1 1 0 -1 0 1 0 0 -1 0 -1 0 0 1 0 -1 1 -2 2 0 0 -2 0 0 -1 0 -1 1 1 -1 -1 0 1 1 1 -1 1 -1 0 -1 0 0 1 0 1 0 -1 0 0 0 -1 0 1 0 0 -1 0 0 0 0 0 0 -1 0 0 -1 0 1 1 1 0 0 0 0 -1 -1 2 0 1 0 0 0 0 1 0 1 1 0 1 0 0 -1 -1 1 1 0 0 0 0 0 -1 1 0 0 -1 -1 1 0 1 1 -2 -2 0 0 0 0 -2 -1 1 0 -1 -1 1 -1 0 0 -1 0 1 -1 0 1 0 -1 1 1 -1 0 0 1 -1 0 0 1 0 1 0 0 1 -1 0 0
39 2 0 1 0 1 0 -1 0 1 0 -1 0 1 -1 -1 1 0 0 0 0 0 1 1 0 1 0 1 0 1 0 0 0 1 0 -1 1 1 -1 0 -1 0 0 -1 -1 1 0 -1 0 1 1 0 -1 0 0 2 0 1 0 0 -1 0 1 -1 -1 -1 0 1 0 0 -1 -1 0 1 -1 0 1 -1 -1 1 0 0 0 0 -1 1 -1 -1 0 0 1 0 0 1 0 -1 -1 1 -1 0 -1 0 0 -1 1 -1 0 -1 0 0 -1 -1 0 0 0 2 1 0 -1 -1 -1 1 -1 0 1 -1 0 -1 1 1 0 -1 -1 0 1 1 1 1 1 1 0 1 -1 1 0 0 0 0 1 1 0 0 -1 0 -1 1 -1 0 1 1 0 0 0 0 1 -1 -1 1 1 0 -1 1 -1 0 0 0 0 0 0 -1 0 0 -1 -1 0 0 0 -1 -1 1 1 0 1 1 -1 0 0 0 -1 0 0 0 0 0 0 0 1 0 1 -1 0 0 0 0 0 0 0 -1 0 -1 1 0 -1 -1 0 1 0 1 -1 0 -1 1 0 -1 0 -1 0 0 0 -1 0 -1 1 0 1 0 1 0 -1 1 -1 0 -1 0 1 -1 -1 1 0 0 -1 0 2 1 1 -1 1 0 0 -1 1 1 0 0 1 0 0 1 -1 1 1 1 0 0 -1 -1 -1 0 -1 -1 0 1 0 1 -1 -1 0 1 2 0 0 0 1 0 0 -1 0 -1 0 -1 -1 0 0 0 0 -1 1 0 0 0 1 0 0 1 -1 -1 0 -1 -1 -1 0 1 0 0 0 0 1 0 1 1 0 -1 0 1 0 -1 0 0 0 0 1 0 0 0 -1 0 0 0 -1 1 1 -1 -1 0 -1 -2 0 0 -1 1 0 0 0 0 1 0 1 1 0 1 1 -1 0 0 1 -1 1 0 0 1 -1 -1 1 0 0 0 0 1 0 1 1 -1 1 -1 0 0 0 0 0 -1 -2 0 1 1 1 -1 -1 1 1 0 0 0 1 -1 0 0 -1 -1 0 0 1 0 0 1 -1 -1 1 0 0 0 0 -2 -1 0 0 1 1 0 1 1 1 -1 -1 2 0 1 -1 0 0 -1 1 0 0 1 1 -1 0 0 1 -1 0 1 -1 0 0 -1 -1 -1 -1 0 0 0 -1 0 1 -1 0 0 -1 0 -1 0 1 0 0 0 2 1 1 0 -1 1 0 -1 0 0 -1 -1 0 1 0 -1 -1
100 0 0 2 -1 1 -1 0 0 0 0 1 -1 0 -1 1 0 -1 -1 1 1 0 0 0 0 0 -1 1 0 0 0 1 0 0 1 0 0 0 0 -1 0 1 1 1 1 0 1 0 0 -1 2 -1 -1 0 0 -1 0 1 0 -1 -1 0 0 -1 0 -1 -1 0 0 0 -1 0 -1 1 -1 -2 0 0 0 1 0 0 0 0 0 0 -1 -1 -1 0 -1 0 -1 0 0 1 -1 0 0 1 0 1 0 0 0 -1 0 0 0 0 0 1 0 1 0 0 0 0 1 0 -1 1 0 0 0 1 0 1 0 -1 -1 -1 -1 -1 0 -1 1 0 0 -1 -1 0 1 -1 -1 1 0 0 0 0 1 -1 0 -2 0 0 -1 -1 0 0 -1 0 1 -1 -1 -1 0 0 1 0 0 -1 0 0 1 0 1 0 1 0 0 0 0 -1 0 -1 0 -1 -1 0 1 1 1 0 -1 1 -1 0 0 0 1 0 -1 1 1 1 0 -1 -1 1 1 1 0 0 0 0 -1 0 -1 0 0 0 -1 0 0 0 -1 1 0 -1 0 1 -1 1 0 0 0 -2 -1 -1 -1 0 0 1 0 2 0 1 -1 1 0 -1 0 1 -1 0 1 1 0 0 -1 -1 0 1 -1 -1 1 0 0 -1 0 2 0 0 0 -1 0 0 0 1 1 -1 0 0 1 -1 0 2 0 -1 0 0 0 1 1 0 0 0 0 1 0 0 0 0 0 0 -1 0 1 -1 0 -1 0 0 0 -1 1 2 0 -1 0 0 0 1 0 -1 0 0 1 0 0 0 0 -1 0 -1 0 0 1 1 0 -1 -1 0 0 1 -1 0 0 1 0 1 0 1 0 0 1 0 1 0 1 -1 0 0 0 0 1 -1 -1 1 1 1 0 0 0 0 1 0 1 0 0 0 -1 -1 1 0 1 0 1 0 0 0 -1 0 0 0 1 1 -1 0 0 0 0 0 1 0 -1 0 -1 0 1 0 0 -1 0 0 1 0 0 0 0 1 -1 -1 0 1 0 1 0 1 1 0 0 1 0 1 -1 -1 2 0 1 0 1 0 1 0 0 2 2 1 1 -1 0 0 0 -1 -1 -1 1 1 0 1 1 -1 0 0 0 -1 -1 -1 -1 -1 0 -1 -1 -1 -1 -1 -1 -2 -1 -1 0 0 1 -1 0 0 -1 0 1 0 0 1 2 -2 0 -1 0 -1 0 0 -1 -1 1 0 0 0 1 -1 1 0 1
40 0 -1 -1 0 0 -2 -1 0 0 0 -1 -1 -1 0 1 1 1 -1 1 0 0 0 1 1 0 1 1 0 0 0 0 0 0 1 2 0 1 1 -2 0 0 0 0 -1 0 1 0 0 -1 0 0 0 -1 -1 0 0 1 -1 0 1 0 -1 -1 0 0 0 0 -1 2 1 1 0 0 1 0 -1 -1 1 1 0 0 0 0 0 -1 -1 0 -1 0 -1 0 -1 1 0 0 0 1 1 0 -1 1 0 0 -1 0 -1 0 -1 -1 -2 0 0 1 1 -1 1 0 0 1 0 1 -1 0 0 1 0 0 0 2 2 0 0 2 0 0 0 0 -1 -1 -1 0 0 -1 0 0 -1 0 0 0 1 0 0 -1 -1 -2 1 -1 0 0 -1 1 0 1 0 1 0 0 -1 0 1 0 0 0 2 1 0 0 0 0 0 0 0 0 1 0 0 0 0 1 0 0 0 0 -1 1 0 0 0 1 1 0 1 -1 -1 1 -1 0 1 1 -1 0 -1 0 0 0 -1 0 1 0 0 0 -1 0 0 1 0 1 0 0 0 0 -2 -1 1 -1 -1 -1 0 1 -1 0 0 -1 0 0 1 -1 0 1 1 0 1 0 -1 -1 0 0 0 1 1 -1 0 1 -1 1 0 0 0 0 0 1 -1 -1 0 -1 1 0 0 -1 0 1 -1 1 0 1 0 1 0 1 0 0 2 1 -1 1 -1 1 -1 -1 -1 0 0 0 1 0 -1 0 0 1 0 0 0 0 -1 -1 1 2 -1 -1 0 0 -1 0 -1 -1 -1 0 0 0 2 0 0 -1 0 0 0 0 0 0 0 0 0 0 0 0 2 1 0 -1 -1 0 1 1 1 0 0 0 2 0 1 -1 0 0 0 -1 -1 0 0 0 1 0 -1 1 -1 1 -1 1 1 -1 0 -1 1 0 1 2 0 -1 0 -1 -1 0 0 0 0 0 0 1 1 0 0 0 -1 -1 -1 2 0 -1 1 0 -1 -1 0 1 -1 0 0 1 0 0 1 0 0 -1 1 -1 1 1 1 0 0 0 0 1 0 -1 0 0 0 0 0 0 -1 0 0 0 1 0 0 0 -1 -1 0 -1 0 1 -1 0 1 1 1 0 1 -1 0 0 0 0 0 0 0 -1 0 0 0 0 0 0 -1 1 0 0 0 1 0 0 0 0 1 1 -1 0 2 -1 0 -1 -1 2 0 -1 0 0 0 -2 2 0 0 0 1 0 -1 1 0
70 0 0 0 0 -1 0 0 0 -1 0 0 0 0 -1 0 2 0 -1 -1 0 0 -1 -1 0 1 0 0 -1 1 -1 0 0 1 -1 0 0 0 1 -1 -1 1 1 0 0 0 0 0 0 -1 -1 -1 0 0 1 -1 -1 -2 -1 1 -1 1 0 0 1 0 0 1 0 0 1 0 0 0 0 -1 0 0 -1 0 0 -1 0 0 -1 -1 0 0 1 1 0 0 -1 1 0 1 0 -1 -2 0 1 -1 0 0 0 -1 0 1 0 0 0 1 0 0 0 0 0 -1 0 -1 0 1 -1 0 1 2 0 0 0 0 0 -1 1 0 0 0 1 -1 -1 1 0 0 -1 0 -1 -1 1 -1 0 0 -1 1 0 0 -1 0 2 0 0 0 1 -1 0 0 1 1 0 0 -1 0 -1 1 0 1 1 1 -1 0 0 0 -1 0 0 0 -1 1 0 0 1 -1 1 1 0 -1 1 1 2 -1 0 0 0 0 0 1 2 -1 0 0 0 0 0 -2 0 -1 0 0 0 0 0 -1 -1 -1 0 0 -1 0 0 1 1 1 1 0 -2 -1 0 0 0 0 -1 0 -1 1 0 1 1 -2 -1 0 0 1 -1 0 1 -1 0 2 -1 1 0 0 -1 0 0 -1 -1 -1 0 -1 1 -1 0 1 1 1 0 -1 1 -1 0 -2 -1 0 0 0 0 -1 0 0 0 0 0 -1 0 -2 -1 1 1 -1 1 0 0 0 0 1 -1 0 -1 0 1 1 1 -1 0 0 0 1 -1 -1 0 -1 1 1 0 0 0 1 1 0 1 1 -1 0 1 0 0 -1 1 -1 0 0 0 -1 1 0 -1 0 0 0 0 0 1 0 0 0 1 0 1 0 0 1 0 0 -1 -1 -1 0 -1 0 0 0 0 -1 0 -1 1 0 1 0 0 1 0 0 -1 0 0 -1 0 0 0 -2 1 0 0 0 1 1 0 0 0 -1 1 -1 1 0 0 -1 0 0 0 0 0 0 0 1 0 0 0 0 -1 0 1 0 1 0 -1 0 -1 0 0 -2 1 0 0 0 1 0 1 1 0 -1 1 1 -1 0 0 1 -1 0 0 1 0 1 0 1 1 1 -1 0 0 1 1 0 0 -1 0 -1 -1 0 1 -1 0 0 1 -2 0 1 0 0 0 0 1 0 0 -1 -1 -1 0 0 1 -1 1 0 1 -2 1 0 -1 -1 0 -1 0 0 1 0 1 0 0 1 1 0 0 -1 0
47 0 1 0 0 1 0 0 1 0 -1 1 0 0 -1 -1 1 1 -1 0 -1 0 0 0 0 -1 0 0 0 1 1 1 0 0 0 0 -2 0 0 0 0 0 1 0 0 2 1 0 1 1 1 -1 1 1 1 0 1 -1 0 0 0 -1 0 0 1 0 0 1 -1 1 0 0 -1 0 1 0 2 1 0 1 0 0 0 -2 0 1 1 -1 0 0 0 -1 0 -1 -1 -1 0 0 0 -1 0 0 0 0 1 0 0 0 0 0 0 0 0 0 -1 0 0 0 -1 0 0 1 0 -1 1 1 0 0 1 0 0 0 0 0 0 0 -2 0 1 0 0 0 0 0 0 0 0 0 0 0 0 0 -1 0 0 0 0 -1 0 -1 0 -1 -1 0 0 0 0 0 0 0 2 0 0 0 0 -1 1 0 0 1 0 0 0 0 1 1 0 0 -1 0 -1 0 -1 0 1 1 -1 1 -1 0 1 2 1 0 0 -1 -1 -1 0 0 -1 -1 0 -1 0 -1 0 0 1 -1 0 -1 0 0 1 0 0 0 -1 1 -1 -1 -1 1 1 0 0 0 -1 0 0 0 -1 -1 -1 -1 -1 0 1 0 0 0 0 -1 -1 0 -1 0 1 0 0 0 0 0 -1 0 0 -1 1 0 -1 -1 -1 0 1 -1 0 0 -1 -1 1 0 -1 0 2 2 -1 1 0 0 1 0 0 0 -1 1 1 0 0 0 0 0 -1 0 0 1 0 0 0 1 1 -1 0 0 1 -1 1 0 0 0 -2 0 0 0 0 -1 1 1 0 0 0 -1 -1 1 1 1 0 -1 0 1 -1 0 1 1 -1 -1 0 0 0 0 2 0 0 0 0 0 0 -1 1 1 0 0 -1 0 1 0 1 0 1 -1 0 1 0 -1 0 0 0 1 0 1 -1 0 1 0 0 -1 0 0 1 0 -1 -1 -1 0 1 1 -1 0 -1 0 0 0 1 1 0 2 -1 0 1 0 0 1 2 0 0 -1 0 -1 1 0 1 0 0 -1 0 0 -1 -1 0 1 0 -1 1 0 1 1 0 0 1 0 0 0 0 0 -1 -1 1 2 -1 -1 0 0 0 -2 1 0 0 0 1 1 -1 0 0 1 1 0 1 1 0 -1 0 -2 -1 1 0 0 1 -1 1 0 1 0 -1 0 -1 -1 0 1 1 1 1 0 0 0 0 -1 1 0 1 -1 1 -1 0 1 -1 0 1 0 -1 1 1 1 0
109 0 1 0 1 0 0 -1 0 -1 -1 1 0 -1 1 0 0 -1 1 -1 0 0 0 1 -1 1 -2 0 0 0 1 0 -1 -1 0 -1 0 0 1 -1 0 1 0 0 1 0 0 -1 1 0 0 0 0 1 -1 0 1 0 -1 1 0 0 -1 0 0 0 0 0 0 0 -1 -1 1 0 0 0 0 0 0 0 0 1 0 1 0 0 1 1 -1 0 0 -1 1 0 0 -1 0 0 1 -1 0 -1 1 -2 1 1 0 0 0 0 0 1 -2 0 0 0 0 0 0 0 0 0 1 1 0 0 1 0 -1 2 -1 0 -1 0 -1 0 0 0 1 -1 -1 -1 0 0 1 -1 1 1 0 1 1 0 0 1 -2 -1 0 1 -1 0 -1 0 0 0 -1 0 -2 0 2 0 -1 0 0 1 0 1 0 0 1 -1 1 0 -1 -1 0 0 -1 1 0 0 0 0 0 0 1 -1 0 0 0 1 1 0 0 0 -1 -1 0 0 -1 -1 -1 1 1 0 0 0 0 0 -1 -1 -1 0 1 0 0 0 0 0 1 1 1 1 -1 0 0 1 1 1 0 0 -1 1 0 0 0 1 -1 -1 0 1 0 1 0 0 0 1 0 1 -1 1 1 0 1 1 0 0 0 -1 0 -1 0 0 -1 -1 0 0 0 2 -1 0 2 0 0 0 0 1 0 1 0 -1 0 0 0 1 -1 1 1 0 -1 0 1 0 0 0 2 0 0 0 0 1 0 -2 -2 -1 0 1 1 0 0 0 0 1 0 0 0 -1 1 0 -1 2 0 -1 -1 -1 0 -2 0 0 0 0 0 1 0 0 0 2 0 1 0 0 0 0 0 1 -2 0 0 -1 1 0 1 0 -1 0 -1 1 -1 -1 1 -1 0 0 1 1 -1 0 -1 1 -1 0 0 0 0 1 -1 0 0 0 -1 2 0 0 1 0 1 0 -1 0 -1 -1 0 -1 0 0 0 1 0 1 0 0 0 -1 0 0 0 0 0 -1 0 0 0 0 -1 1 -1 0 0 0 1 0 0 0 -1 -1 0 0 -1 -1 0 0 1 1 1 -1 0 0 0 -1 0 2 -1 0 0 0 0 0 -1 0 0 -1 -1 -1 0 0 0 -2 0 -1 0 0 -1 -1 -1 -1 0 -1 0 1 -1 1 2 -1 0 0 1 0 0 0 0 0 0 0 0 1 0 1 1 2 -1 0 1 0 0 0 1 -1 -1 0 0 0 0 0 -1
35 -1 1 1 0 0 0 1 1 0 0 0 1 0 -1 0 0 -2 1 1 2 -1 0 0 0 -1 0 0 0 0 -1 1 1 -2 2 0 0 1 -1 0 2 0 1 1 0 1 -1 0 0 0 0 0 0 0 -1 -1 0 -1 1 0 0 0 0 1 1 0 2 -1 0 0 0 1 1 0 0 0 -1 -1 0 -1 0 -1 1 0 2 0 0 1 -1 0 0 1 1 0 1 1 0 -1 1 1 -1 0 0 0 1 0 0 1 -1 0 1 1 0 1 2 0 1 0 0 1 0 0 0 0 -1 -1 -2 1 0 -1 1 0 0 -1 1 -1 0 0 1 -1 -1 -1 0 1 0 0 1 -1 0 0 0 0 -1 0 0 0 0 1 1 1 0 0 0 0 -1 -1 -1 0 0 0 0 1 0 0 0 -1 -1 1 1 0 1 0 1 1 1 0 0 0 -1 0 -1 0 1 0 0 1 -1 0 2 0 0 0 0 0 0 0 0 1 0 -1 1 0 -2 -1 1 0 1 0 0 1 0 -1 0 1 0 0 -1 0 1 1 0 0 0 0 0 0 0 2 1 -1 -1 0 1 0 1 0 0 0 0 1 -1 0 0 -1 0 0 1 0 0 0 0 0 1 -1 1 -1 1 -1 -1 -1 0 0 0 0 0 0 0 0 1 0 -1 0 0 -1 -1 -1 1 0 1 -1 -1 0 -1 1 -2 -1 0 0 0 0 0 -1 0 0 1 1 0 0 0 0 -1 -1 0 1 1 0 1 -1 0 0 -1 2 -1 -1 -1 2 -1 -1 1 1 1 -1 -1 0 0 0 0 0 -1 0 0 1 -1 -1 -1 0 -1 1 0 0 -1 1 1 1 1 -2 0 0 0 2 1 0 0 1 0 0 1 0 0 0 0 0 0 0 0 0 0 0 1 -1 -1 0 0 0 0 0 -1 0 -1 1 -1 0 1 -1 0 0 0 0 0 0 0 0 0 2 0 -1 1 1 0 1 2 -1 0 0 -1 -1 0 0 0 0 0 1 0 1 0 0 1 0 0 -1 1 1 0 1 0 1 1 -1 0 0 0 0 -1 1 0 -1 0 -1 1 1 0 0 0 -2 0 0 -1 0 0 0 0 1 0 0 1 0 1 0 1 -1 0 -1 -1 1 -1 1 0 -1 -1 0 0 1 0 0 1 0 0 0 0 2 0 1 0 -1 -1 0 0 0 1 0 1 1 -1 1 1 1 0 0 -1 -1 0 -1 0
85 0 0 0 0 -1 1 0 -1 0 0 0 0 0 0 0 -1 0 -1 0 0 1 0 -1 -2 -1 1 1 2 -1 2 0 -1 -1 1 0 1 -1 0 -1 0 1 0 -1 0 0 1 1 -1 0 0 0 1 -1 0 -1 0 1 -1 0 0 0 0 0 1 1 0 -1 1 0 1 1 1 0 1 0 -1 1 1 0 -1 -1 -1 -1 -1 0 0 -1 0 1 1 1 -2 0 1 1 -1 1 0 1 0 0 1 0 0 1 1 0 -1 1 0 1 0 -1 0 0 -1 -1 2 -1 -1 -1 1 0 0 0 1 -1 0 0 0 1 1 0 0 -1 0 -1 0 -1 0 0 0 0 0 0 -1 0 0 1 0 0 0 0 -1 2 1 0 0 0 -1 0 1 0 1 2 0 0 0 -1 1 0 0 1 -1 1 1 0 -1 0 0 -1 1 0 0 -1 -1 0 2 -1 0 1 0 -1 2 0 0 1 0 0 -1 0 0 0 0 0 -1 0 0 0 0 0 -1 0 0 0 -1 0 0 0 -1 0 1 -1 0 0 0 0 0 -1 0 0 1 0 0 1 1 1 1 0 0 -1 -1 0 0 2 0 0 -1 0 0 0 0 0 1 0 0 1 -1 0 0 0 -1 -1 -1 1 0 -1 0 -1 -1 -1 -1 0 -1 0 0 -1 1 -1 0 -1 0 -2 0 0 0 -1 0 0 0 0 0 0 0 1 -1 0 -1 -1 0 0 0 1 -1 0 -1 1 -1 -1 1 -1 -1 0 0 0 -1 1 -1 0 1 0 0 0 0 0 0 0 0 0 0 2 0 1 1 0 1 0 -1 0 -1 0 0 0 -1 0 0 0 -1 0 -1 0 2 1 1 2 0 1 2 0 1 0 -1 0 0 0 0 -1 0 1 0 -1 1 -1 0 0 0 0 0 0 0 1 0 0 0 0 -1 -1 0 0 0 0 -1 1 0 0 1 0 0 0 0 0 -1 1 1 -1 0 0 0 -1 1 1 -1 0 -1 -1 0 0 1 -1 1 -1 0 1 -1 1 0 1 -1 0 0 0 -1 1 0 -1 0 -1 -1 0 0 -1 0 0 -1 0 -1 1 0 -1 0 0 1 0 -1 0 1 0 -1 0 1 -1 1 1 0 -1 1 0 -1 0 1 -1 0 -1 -1 1 -1 0 -1 1 1 1 -1 0 1 0 1 0 0 0 0 0 -1 0 0 -2 -1 2 0 -1 0 0 1 -1 1 1 -1 -1 0 0 0 0 1
67 0 -1 0 1 0 -1 0 1 0 1 1 1 0 0 0 0 0 -1 -1 0 0 1 -1 -1 -1 0 0 1 1 0 1 0 2 1 0 0 0 1 -1 0 0 1 -1 0 2 0 0 1 0 1 1 -1 1 0 0 -1 0 0 0 -1 0 1 0 -1 0 -1 0 0 0 0 -1 -1 -1 -1 0 1 -1 1 0 0 0 -1 0 0 0 0 1 0 -1 -1 0 -1 1 1 1 0 0 0 0 0 -1 0 0 1 -1 0 1 1 1 1 0 0 -1 1 2 1 0 0 0 0 0 0 0 0 -1 0 0 -1 0 1 -1 -1 -1 1 1 1 -1 -1 -2 0 0 0 1 0 0 0 1 0 0 1 1 0 0 0 0 0 -1 1 -1 1 -1 0 -1 -1 0 0 1 -1 0 0 -1 0 1 -1 -1 0 -1 0 0 1 0 1 0 -1 0 0 0 -1 0 -1 0 1 0 0 0 -1 1 1 -1 -1 -1 0 1 -1 1 0 -1 0 0 1 -1 0 0 0 1 0 0 0 0 0 -1 1 -1 0 0 1 0 0 0 2 0 1 0 0 0 0 1 1 0 0 1 -1 0 -1 1 0 0 0 0 0 0 0 1 0 1 0 1 0 0 0 -1 -1 -1 0 -1 0 0 1 -1 -1 0 0 -1 1 0 1 0 0 0 0 0 -1 0 -1 1 -1 0 -1 2 1 1 0 0 -1 -1 1 0 0 1 0 0 1 0 0 1 1 -1 -1 -1 0 0 1 0 1 -1 -1 -1 -1 -1 1 0 1 1 0 0 0 -1 0 -1 0 1 -1 -1 0 0 -1 0 0 0 0 0 1 -1 -1 -1 -1 0 -1 1 0 1 0 1 -1 0 -1 -1 1 0 1 1 0 -1 0 0 1 1 0 1 -1 1 1 -1 0 1 0 -1 -1 1 0 0 -1 0 0 -2 -1 -1 1 0 -1 -1 0 2 0 -1 0 0 1 -1 1 -1 -2 0 -1 1 0 1 0 1 0 -1 1 -1 0 1 -1 0 0 0 0 0 1 -1 0 0 0 0 -1 0 -1 0 0 0 1 1 0 0 0 0 0 0 -1 0 0 1 1 -1 0 0 0 1 0 0 0 0 -1 0 1 1 0 0 0 0 1 -1 2 0 -1 -1 0 0 1 -1 1 1 0 -1 -1 0 0 0 0 0 1 1 1 0 -1 1 -1 -1 0 2 1 0 0 0 0 0 0 0 -1 -1 1 0 2 1 -1 0 0 -1 -1
94 0 0 0 -1 0 -1 0 0 0 -1 1 -1 0 -1 0 -1 1 0 1 0 0 1 0 0 -1 -1 -1 1 1 0 -1 0 1 1 -1 1 -1 0 0 0 -1 0 0 1 0 -1 0 0 0 0 0 -1 0 0 0 -1 0 0 0 0 0 0 0 -1 0 -1 -1 2 -1 -1 1 1 0 0 0 0 1 -1 0 -1 2 0 1 -1 -1 1 -1 0 1 -1 0 0 -2 0 0 2 -1 -1 0 1 1 -1 0 -1 0 0 0 0 0 1 0 0 1 0 1 1 1 1 1 0 0 0 0 0 1 1 0 0 0 1 0 1 0 0 0 0 0 -1 -1 1 -1 0 0 0 0 0 1 1 0 0 -1 -1 -1 1 0 -1 0 0 1 1 0 0 -1 0 0 0 1 1 0 -1 1 0 -1 -2 1 -1 0 0 1 -1 -1 0 0 0 0 1 -1 2 0 0 1 1 -1 -1 0 0 -1 1 0 1 0 0 0 0 0 0 0 1 -1 1 0 0 -1 0 1 0 1 0 0 -1 0 0 -1 0 0 0 -1 1 0 0 -1 0 0 -1 0 1 0 1 0 1 0 -1 0 0 0 -1 0 1 -1 0 0 1 1 0 0 -1 0 1 -1 1 1 -1 0 0 0 0 0 0 -2 -1 1 1 0 -2 -1 0 0 1 1 0 0 0 0 1 0 0 1 1 0 0 1 -1 0 0 -1 1 1 0 0 1 1 0 1 1 0 0 1 -1 0 1 1 0 1 0 -1 0 0 1 -1 -1 1 -1 0 0 1 -1 0 0 0 1 0 0 -1 0 -1 -1 0 0 1 1 1 -1 -1 -1 0 0 0 0 -1 1 -2 -1 0 -2 -1 0 -1 1 0 1 1 0 -1 0 2 0 -1 1 -1 -1 0 0 0 -1 0 0 -1 -1 2 1 -2 0 -1 0 -2 0 -1 0 1 0 1 0 1 0 -1 -1 0 -1 -1 0 1 0 0 -1 1 -1 -1 1 -1 1 -1 0 0 -1 0 -1 1 1 -1 0 0 -1 0 0 -1 1 0 1 -1 0 1 0 0 0 0 -2 1 0 1 0 0 1 1 -1 0 1 0 0 -1 0 1 0 0 0 0 1 0 -1 0 -1 0 0 -1 -1 1 1 0 -1 0 -1 -1 0 0 0 -1 0 -1 0 1 2 -2 1 0 1 1 -1 0 -1 1 1 0 0 0 0 2 0 0 0 0 -1 0 -1 0 1 1 1 -1 0 0 0 0 2
93 0 1 1 1 1 0 -1 0 -1 1 -1 0 1 0 1 -1 1 1 0 -1 0 1 -2 -1 -1 0 0 -1 1 0 0 -1 0 0 0 -1 1 -1 0 0 1 0 0 -1 0 1 0 0 0 -1 0 0 0 0 0 -1 1 0 0 0 0 0 -1 0 1 0 1 1 1 0 -1 0 -1 0 1 -1 -1 1 0 0 0 0 0 0 0 0 0 2 0 0 0 -1 0 -1 -1 0 1 1 -1 1 0 1 2 1 -1 0 0 0 0 1 0 0 0 0 0 0 0 2 1 0 0 0 0 1 0 -1 1 0 0 1 0 0 -1 -1 1 0 0 -1 -1 -1 -1 0 -1 1 0 1 -1 -1 0 0 0 2 0 0 0 0 0 0 -2 -2 0 -1 0 1 0 1 1 -1 0 0 0 0 -1 1 -1 0 1 -1 1 1 1 0 1 0 0 0 1 0 1 0 0 -1 -1 0 -2 0 -1 -1 0 0 0 -1 0 0 0 1 -1 1 1 0 1 1 0 0 1 1 -1 -1 1 0 0 -1 1 -1 1 1 0 0 0 0 0 0 -1 0 0 -2 -1 0 1 0 -1 0 1 0 1 1 2 1 1 0 -1 0 1 0 -1 0 1 -1 -1 1 -1 -1 0 0 -1 0 1 0 1 1 0 1 -1 0 0 1 -2 -1 1 0 0 1 0 0 0 0 0 0 1 0 1 0 0 -2 0 0 1 0 0 -1 0 1 0 1 -1 0 0 1 0 -1 1 0 -1 0 0 0 1 0 0 0 1 -1 1 1 0 0 0 1 0 1 1 0 1 0 1 -1 1 -1 0 0 -1 0 -2 0 1 1 -1 1 0 -1 0 1 1 1 -1 0 1 0 -1 0 0 -1 0 0 1 1 0 0 0 1 1 0 0 1 -1 0 0 0 0 0 1 0 0 -1 1 -1 1 -1 0 0 0 0 -1 -1 0 -1 1 0 0 0 -1 -1 -1 0 0 1 0 0 2 0 0 0 1 0 0 1 0 0 1 -1 -2 1 1 0 1 1 0 0 0 0 0 0 1 0 1 1 0 -1 -2 1 -2 1 0 1 -1 0 1 1 0 0 0 -1 1 -1 -1 -1 0 -1 0 -1 0 0 0 0 -1 -1 0 0 -1 0 1 1 -1 0 0 -1 -1 0 0 -1 1 -1 -1 -1 0 -1 1 -1 0 0 1 1 -1 1 0 -1 1 1 -1 -1 1 1 0 0 0 0 0 2 -1 0 1 1
76 -1 -1 -1 -1 0 0 0 -1 -1 0 -1 0 -1 0 -1 1 0 -1 0 1 0 0 0 0 -1 1 -1 -1 0 0 2 1 0 -1 0 -1 1 0 0 -1 0 0 0 0 0 -2 0 0 1 0 0 1 1 1 -1 -1 0 2 1 1 0 1 2 1 0 0 0 0 0 0 0 0 -1 -1 2 0 0 -1 1 0 0 0 0 0 -1 0 -1 0 1 0 0 1 0 0 -1 1 -1 0 0 -1 0 2 0 -1 0 -1 0 0 0 1 1 0 -1 0 -1 0 -1 -1 -1 2 0 0 -2 1 0 1 0 1 0 0 0 1 0 0 0 -1 -1 -1 0 -1 -1 0 0 -1 0 0 0 1 -1 1 -1 -1 0 1 1 -1 -1 0 0 1 0 -1 0 0 0 -1 0 -1 0 1 0 1 0 0 0 0 1 0 0 0 1 0 0 0 1 1 1 1 2 -1 -1 1 0 0 0 0 1 0 0 1 -1 0 1 0 1 0 1 1 0 -1 0 2 0 -1 0 0 0 0 1 0 0 0 0 0 -1 0 0 -1 0 0 0 0 -1 0 0 2 -1 -1 0 1 0 1 0 1 -1 0 0 2 2 0 0 0 -1 0 0 0 -1 0 -1 -1 0 1 1 1 0 0 0 1 0 -1 0 -1 -1 0 0 1 0 -1 1 -1 0 0 0 2 -1 -1 1 -1 0 -1 0 0 1 0 0 0 -1 1 0 1 -1 -1 1 1 0 0 -1 0 0 1 -2 1 1 1 1 1 1 0 0 -2 0 0 0 -1 2 1 1 1 1 0 -1 0 0 1 -1 0 0 0 1 -1 0 0 0 0 0 1 0 0 1 1 -1 0 0 -1 1 0 0 0 1 0 0 -1 0 -1 1 0 -2 0 1 1 1 0 0 0 1 0 0 0 1 0 0 0 0 0 -1 0 0 0 0 0 1 1 2 1 0 1 0 0 -1 1 -2 1 1 1 1 0 1 1 0 0 0 0 -1 -1 0 1 0 0 0 1 -1 0 0 0 -1 -1 -1 1 1 -1 -1 -1 0 1 -1 -1 1 0 1 2 0 0 0 1 0 1 0 -1 0 0 0 0 1 0 0 1 -1 0 0 0 0 -1 -1 0 0 1 2 1 0 0 1 1 -1 0 0 0 1 0 -1 0 0 0 0 -1 1 0 1 0 0 0 0 0 1 1 0 -1 -1 0 1 1 -1 0 0 0 -1 1 0 0 1 1 -1 -1
4 0 1 0 -1 0 -1 1 0 0 0 0 0 1 0 0 1 0 -1 0 0 -1 0 -1 -1 0 0 0 0 0 1 -1 0 0 0 0 0 -1 -1 0 1 -1 1 1 0 0 1 -1 0 1 -1 0 -1 0 0 1 0 -1 0 1 1 -1 1 0 -1 1 0 0 0 1 1 -1 1 0 -1 0 0 0 0 0 0 0 0 1 0 1 1 0 1 -1 1 0 0 1 0 1 0 -1 0 0 -1 0 1 -1 0 0 0 0 0 -1 1 0 0 0 0 1 0 0 -1 0 0 0 0 0 0 0 -1 -1 0 0 0 -1 0 0 -1 0 0 0 0 -1 -1 0 2 -1 1 0 0 1 1 1 0 1 1 1 -1 0 0 -1 1 0 0 0 0 1 0 0 1 0 0 0 0 0 -1 1 1 0 0 0 1 -1 0 0 1 0 -1 0 -1 -1 0 1 -1 1 1 -1 0 0 1 -1 0 0 0 1 -1 0 0 0 0 1 0 0 1 1 1 -1 0 -1 1 0 -1 1 0 0 0 -1 -1 1 1 0 0 0 1 0 0 1 1 1 1 1 0 0 -1 -1 1 -1 0 1 0 0 -1 1 1 -1 0 -1 0 0 0 0 -1 -1 1 0 -1 1 -1 0 -1 0 0 0 0 -1 0 0 0 1 0 2 -1 0 1 1 0 0 1 0 0 -1 0 0 0 -1 0 0 0 0 -1 0 0 -1 0 -1 0 -1 -1 0 0 0 1 0 0 1 1 0 0 0 1 0 0 1 0 0 0 0 2 -1 1 -1 0 -1 -1 1 1 1 0 -1 2 0 1 0 1 0 0 0 0 -1 0 1 -1 -1 1 0 0 -2 1 -1 0 -2 0 -1 0 1 1 0 -1 1 0 1 1 1 -1 0 0 -1 0 0 2 -1 0 -1 0 0 1 0 0 2 0 0 0 1 -1 0 -1 1 0 0 -1 -1 0 2 0 -1 -1 -1 0 -1 1 1 1 0 -1 1 0 1 0 0 2 0 -1 0 0 -1 -1 1 0 0 -1 0 0 1 0 -1 -2 1 0 -1 0 0 0 0 0 0 0 1 0 0 0 0 1 0 1 0 1 0 0 2 -1 -1 1 0 0 -1 0 -1 -1 -1 0 1 0 1 -1 0 0 -1 0 -1 -2 -1 0 0 -1 1 0 -2 0 0 0 1 1 0 1 -1 0 2 -1 0 1 1 2 1 0 1 2 1 0 -1 -1 1 0 -1 0 1 1
17 1 0 0 0 1 0 1 -2 0 0 0 -1 0 -2 0 -1 0 0 1 0 0 0 -1 0 -1 0 0 0 0 0 1 -1 -1 1 1 1 0 0 1 1 0 0 -1 0 -1 -1 0 0 0 0 1 -2 0 -1 -1 -1 1 1 0 0 0 0 1 -1 0 0 -1 0 0 0 -1 1 1 1 -1 -1 0 0 0 1 0 0 1 -1 -1 -1 0 0 0 -1 -2 1 0 -1 -1 0 0 -1 1 1 -1 0 0 1 1 1 1 1 -1 -1 0 0 0 0 0 0 0 0 -1 1 -1 -1 1 -1 0 -1 -1 -1 1 1 0 0 -1 0 0 0 1 0 0 0 1 1 0 0 -1 0 1 -1 0 -1 1 -1 0 0 -1 0 -1 1 0 -1 1 1 0 0 0 0 0 -1 0 -1 0 0 0 0 1 -2 0 0 0 0 1 0 -1 -2 0 1 1 0 1 0 -1 -1 -1 -1 0 0 0 0 0 -1 1 0 -1 0 -1 1 -1 1 0 1 0 -1 0 0 1 0 -1 0 1 0 0 1 0 0 -1 0 0 -2 0 0 1 1 -1 0 -1 1 1 0 -2 -1 0 -1 0 0 0 0 1 0 -1 0 -1 1 -1 1 1 -1 -1 0 0 0 0 0 0 -1 0 1 1 0 1 0 1 0 1 -1 0 1 1 -1 0 -1 1 1 -1 1 0 0 1 -1 -1 -2 0 -1 1 -1 0 1 -1 -1 0 1 1 0 0 -1 0 1 0 -1 -1 0 -1 0 1 0 0 0 0 -1 0 0 0 0 0 1 2 1 0 0 0 1 0 0 0 0 -1 0 0 0 0 0 0 -1 1 0 0 -1 1 0 0 0 0 -1 0 1 0 0 0 -1 0 1 1 1 1 1 0 -1 -1 0 1 1 0 0 -1 0 0 0 0 0 1 1 0 1 0 -1 -1 0 0 -1 -1 1 1 0 1 -1 1 -1 -1 0 0 1 0 -1 -1 0 -1 1 1 0 0 0 0 1 0 -1 0 1 -1 1 0 0 -1 1 -1 -1 -1 0 1 -1 -1 0 -1 0 1 1 1 1 -1 0 1 0 2 0 0 0 0 1 0 1 0 -1 -1 0 1 0 -1 0 -1 1 0 0 0 0 0 -1 0 0 0 0 0 -1 1 1 0 0 0 0 0 1 -1 1 0 -1 0 1 1 0 -1 1 0 0 0 1 0 0 1 1 0 0 1 0 1 0 0 1 1 0 1 0 0 0 0 0
66 1 0 0 0 1 -1 -1 0 -1 0 1 2 0 0 -1 0 0 0 -1 0 1 0 0 -1 0 0 -1 1 -2 1 1 0 -1 2 0 1 -1 0 0 0 0 0 1 0 1 -1 0 1 -1 0 0 0 0 0 0 0 0 1 -1 -1 0 2 0 -1 -1 0 0 1 1 1 -1 0 0 0 1 0 0 0 -1 -1 1 -2 -1 1 -1 -1 -1 0 -1 1 0 1 0 1 0 0 -1 0 1 1 1 -1 1 0 0 0 2 -1 -1 0 1 -1 1 0 -1 -1 0 0 1 -1 0 -1 0 2 0 -1 1 0 -1 1 0 0 -1 0 0 -1 0 -1 1 -1 -1 1 -1 1 0 0 0 0 0 0 1 0 1 1 0 -1 1 -1 0 1 0 0 1 0 0 -1 0 0 0 -1 0 0 0 0 -1 -1 1 -1 -1 1 0 1 1 -2 0 0 0 1 -1 -1 0 1 0 0 0 0 0 0 0 0 0 1 1 -2 -1 0 -1 1 -1 -2 1 0 0 0 0 1 0 -1 0 0 0 -1 0 0 0 1 1 0 0 0 -1 -1 1 -1 0 1 -1 0 1 -1 0 0 0 1 0 0 0 -1 0 0 0 0 1 -1 0 0 0 -1 -1 1 0 0 -1 0 0 0 0 0 -2 0 -1 0 -1 1 1 0 0 0 0 -2 1 0 0 0 1 1 1 -1 1 0 -1 1 0 0 0 0 0 1 0 1 0 0 0 1 0 0 2 0 0 -1 0 0 2 0 1 0 0 0 1 -2 1 -1 -1 0 1 0 1 0 1 1 -1 0 0 0 -1 0 0 0 0 0 0 0 1 0 1 0 0 0 0 0 0 0 1 0 0 1 -1 0 1 1 0 -1 0 0 -1 1 0 0 -1 0 0 -2 0 1 0 0 -1 1 1 0 0 1 0 0 0 1 0 -1 0 0 1 -1 -1 0 0 -1 1 0 0 1 0 0 0 0 -1 0 1 2 0 0 0 1 0 0 0 0 -1 0 0 0 -1 0 0 -1 0 0 0 1 0 0 1 -1 0 -2 0 1 1 0 0 0 1 1 1 0 1 -2 0 0 0 0 0 1 1 0 1 0 -1 1 0 -1 -1 1 0 0 2 1 1 0 -1 -1 1 0 0 0 0 -1 -1 0 0 0 0 -1 -1 0 -1 -2 -1 0 2 1 0 0 -1 1 -1 -1 0 -1 0 0 1 1 -1 -1 0 0 0 -1 0 -1 0 2
37 0 -2 0 1 0 -2 0 1 2 1 -1 -1 -1 0 -1 1 0 -1 1 1 0 0 -1 1 1 0 0 0 1 -1 0 0 1 0 0 0 -1 1 0 2 1 2 0 0 -2 -1 0 1 -1 0 0 -1 0 1 0 0 1 -1 0 -1 0 1 0 0 1 1 -1 0 1 0 -1 0 -1 0 0 1 0 -1 0 0 1 1 0 0 0 1 -1 -1 -1 2 -1 -1 0 0 0 0 -1 0 0 0 0 -1 1 0 1 0 0 0 1 1 -1 1 0 -1 0 0 -1 1 0 -1 0 0 0 0 1 0 -1 0 -1 1 -1 2 -1 -1 1 -1 -1 -1 0 -1 1 0 2 0 1 0 1 0 0 0 0 0 0 -1 0 0 1 0 1 1 0 -1 -1 0 1 1 0 0 -1 -1 0 -1 0 -1 2 0 1 -1 0 0 -1 1 -1 1 0 -1 0 0 1 1 0 -1 0 0 0 0 1 -1 -1 0 -2 0 0 0 0 0 0 0 0 -1 -1 1 1 -1 0 -1 1 1 0 0 0 0 -1 0 0 0 1 0 1 0 0 0 -1 0 0 0 -1 1 0 -1 0 1 0 0 -1 0 -1 0 -1 1 -2 -1 0 0 1 1 -1 0 1 1 0 -1 0 0 0 0 0 -1 -1 0 2 0 -1 1 -1 0 0 1 -1 0 0 0 0 -1 1 0 1 0 0 0 1 0 0 0 0 1 0 0 2 0 -1 0 2 2 0 -1 0 0 0 0 1 0 -1 -1 0 0 -1 -1 0 0 0 0 -1 0 -1 0 0 1 -1 1 1 0 0 -1 1 1 0 1 0 1 0 0 -1 1 -1 0 1 0 -1 -1 0 0 -1 -1 0 -1 -1 0 -1 0 0 1 0 -1 0 -1 -1 0 0 -1 0 -1 -1 0 0 1 1 0 1 1 0 1 1 1 1 0 -1 0 0 0 -1 0 0 -1 0 0 0 -1 0 0 0 -1 1 0 0 1 -1 0 0 0 -1 0 1 -2 0 0 0 0 0 1 0 1 0 1 -1 1 0 -1 -1 1 -2 -1 0 -1 0 1 0 1 0 1 -1 -1 0 0 0 0 0 1 0 -2 1 -1 1 1 0 -1 -1 -1 -1 0 -1 0 0 -1 1 0 0 0 0 -1 0 0 1 1 0 0 0 1 -1 0 0 0 -1 -1 0 1 0 1 0 0 0 2 -2 0 0 0 1 0 0 0 0 1 -1 0 0 0 -1 1 0 -1 -1 1
83 1 0 -1 0 -1 0 0 0 0 0 0 0 1 -1 0 1 0 -1 0 1 0 1 0 0 0 -1 0 -1 0 0 0 1 0 0 0 0 0 0 -1 0 1 0 1 -1 0 1 1 -1 0 0 0 -2 -1 1 1 1 0 -1 1 -1 1 2 0 0 2 -1 -1 1 0 0 0 1 0 -1 0 2 -2 -1 0 0 0 1 0 0 0 0 -1 -1 -1 -1 1 0 0 0 0 1 0 -1 -1 1 0 0 1 0 1 0 1 0 0 0 0 1 -1 0 0 -2 -2 0 0 0 0 0 0 0 1 -1 0 1 -1 -1 1 0 -1 0 1 -1 0 0 0 0 0 -1 -1 -1 1 1 1 1 0 -1 1 0 0 0 -1 0 0 0 1 0 0 -1 0 -1 0 1 1 1 -1 0 0 -1 2 -1 0 0 1 0 0 0 1 0 -1 0 0 -1 0 -1 0 0 0 0 0 1 -1 1 0 0 0 0 1 0 0 0 0 0 1 -1 1 0 2 -1 1 0 0 0 -1 0 0 0 1 1 -1 0 1 0 0 -1 1 0 0 0 1 0 1 1 0 0 1 -1 1 0 0 -2 1 0 0 0 0 0 0 0 0 0 -2 0 -1 0 0 1 0 0 0 -1 0 0 1 1 2 -1 0 -1 0 -1 0 0 0 0 0 0 0 0 0 0 2 2 -1 -1 -1 -1 -1 1 0 -1 1 0 0 0 -1 0 -1 1 0 0 1 1 0 0 0 0 -1 0 2 0 0 1 0 1 0 0 -1 0 1 1 -1 1 -1 0 1 -1 0 1 -1 0 -1 0 -1 -1 0 0 -1 0 0 0 1 0 0 -1 -1 -1 -2 0 0 0 -1 1 -1 1 0 1 1 1 -1 -1 1 1 0 0 -1 0 1 0 0 0 0 1 0 -1 0 -1 1 -1 0 -1 -1 -1 -1 0 1 0 -1 0 1 1 0 -1 1 -1 1 -1 0 0 0 0 0 1 0 0 -1 -1 0 0 0 -1 -1 0 0 0 0 1 0 1 0 0 0 0 0 1 0 0 1 -1 0 0 0 1 -1 -1 1 0 0 0 1 -1 0 -1 0 0 0 0 0 1 0 -2 0 0 0 1 1 0 0 0 0 -1 1 -1 0 0 0 1 -1 -1 0 0 0 1 0 0 0 1 0 2 -1 1 0 0 0 -2 -2 1 -1 0 0 -1 1 -1 0 1 0 -1 0 -1 0 1 0 1 0 1 -1 1 1 1
36 -1 2 1 0 1 0 0 0 0 0 0 0 0 0 0 -1 1 0 -1 -1 1 -1 1 -1 0 0 1 0 0 -1 1 0 1 0 0 0 0 -1 0 -1 -1 0 0 -1 0 0 0 0 0 1 -1 0 0 0 0 1 -1 -1 1 -1 0 0 1 -2 0 0 0 0 -1 -1 -1 -1 0 0 0 0 -1 0 1 0 1 1 -1 0 1 -1 0 0 0 0 0 0 0 0 0 -1 0 -1 1 -1 0 1 2 -1 -1 0 1 1 0 -1 -1 0 1 1 -1 1 -1 -1 -1 0 -1 0 0 0 0 -1 0 0 -1 -1 0 -1 0 0 -1 0 1 1 0 0 2 0 -1 1 0 0 1 -1 0 0 0 -1 -1 0 1 0 0 1 1 0 0 -1 0 -1 0 0 1 0 1 0 -1 0 -1 1 -1 -1 -1 -1 0 1 1 0 0 0 0 0 -1 0 -1 0 -1 0 -2 -1 1 1 0 0 -1 0 0 -1 0 0 -2 0 0 0 1 -1 1 0 0 0 -1 0 0 0 1 0 0 0 1 0 0 -2 0 1 0 -1 0 1 -1 0 1 0 0 0 0 0 -1 0 0 1 0 0 0 1 0 1 1 -1 -1 0 0 0 -1 0 0 -1 0 -1 1 0 0 -1 1 0 0 0 0 1 -1 -1 0 -1 0 0 0 -1 -1 0 0 -1 -1 0 1 0 -1 0 -1 0 1 0 1 0 0 1 0 0 0 1 1 -2 1 0 0 1 0 -1 2 0 0 1 -2 0 1 0 -1 -1 0 -1 1 -1 0 0 0 1 0 0 0 -1 0 0 -1 -1 0 1 1 0 0 0 -1 -1 1 0 1 -1 1 0 0 1 2 1 0 0 0 -1 1 0 1 0 1 1 0 0 1 1 0 0 1 0 1 1 -1 0 -1 0 0 0 0 0 -2 -1 1 0 0 0 0 -1 -1 -1 0 0 0 -1 0 0 -2 -1 1 2 1 -1 1 -1 1 -1 0 0 0 1 1 0 0 0 -1 -1 0 0 1 0 -1 0 0 1 2 1 1 2 0 -1 -1 0 0 0 1 0 0 0 0 0 1 0 1 1 -1 -1 -2 0 -1 -1 0 1 0 0 -1 0 0 -1 -1 1 1 0 -2 0 0 0 -1 0 0 1 -1 -1 0 -1 -1 0 0 -1 0 0 0 0 1 0 0 0 2 0 0 1 1 1 0 1 -1 -1 0 0 0 0 0 0 0 0 0 -1 0 1 -1 -1
11 0 -1 -1 1 1 0 -1 -1 0 -1 0 2 -1 1 0 0 0 0 0 -1 0 0 0 0 2 2 -1 0 -1 0 0 0 0 1 -1 0 -1 0 0 0 1 0 0 0 1 0 0 0 0 0 0 0 2 0 0 1 1 0 1 0 0 0 0 -1 0 1 1 0 0 0 0 1 -1 0 0 1 1 0 1 1 0 0 0 -1 -1 0 1 0 0 0 -1 0 2 1 1 0 -1 -1 1 0 1 0 1 1 0 0 0 1 0 0 -2 -1 1 1 -1 1 0 0 0 -1 -1 0 0 -1 0 0 0 1 0 -1 -1 -1 0 0 0 -1 -1 0 0 1 0 1 0 1 -1 0 -2 0 0 0 0 0 0 0 -1 0 0 -1 0 0 0 2 1 0 0 0 -1 -1 0 1 0 1 -1 -1 1 0 0 0 0 0 -1 1 0 0 -1 0 -1 -1 0 0 0 -1 0 0 0 0 -1 0 0 0 1 0 1 -1 1 0 -2 0 0 -1 0 -1 1 0 0 -1 0 0 0 0 0 -1 0 0 1 1 1 -1 0 -1 0 1 1 0 0 0 1 0 0 0 -1 1 0 1 -1 0 -1 1 1 1 0 0 -1 0 0 0 -1 -1 0 1 -1 0 1 1 0 0 2 1 0 2 -1 0 0 0 0 0 0 0 1 0 0 -1 0 1 0 1 0 1 0 0 0 0 1 0 1 -2 1 -1 1 1 1 -1 0 1 1 1 1 -1 0 -1 0 -1 0 0 1 1 1 0 1 -1 -1 0 -1 0 0 0 1 0 0 1 1 0 1 -2 1 0 0 1 0 0 0 0 1 -1 -1 1 0 0 0 0 -1 -1 0 0 0 0 0 -1 -2 -1 0 0 0 1 0 0 1 -1 0 1 -1 -2 0 -2 0 0 1 0 2 0 1 0 0 0 1 -1 0 -1 -2 1 0 -1 -2 0 0 0 0 0 -1 -1 0 0 0 1 0 0 -1 0 -1 0 1 0 -1 -1 1 0 0 1 0 0 0 0 1 1 -1 0 0 -1 -1 0 0 -1 0 0 1 0 0 0 1 -1 0 1 1 1 1 0 0 0 0 0 0 0 0 0 -2 1 0 1 -1 0 0 0 0 -1 1 1 1 0 0 0 1 1 0 0 0 0 0 1 0 1 0 0 0 0 0 0 -1 -1 0 -1 -1 1 -1 1 2 1 0 -1 1 1 0 0 0 0 1 1 1 0 1 0 1 0
46 0 1 1 -1 0 0 1 1 0 -2 0 0 -1 1 0 1 0 0 0 -1 1 0 0 -1 1 0 0 0 0 0 0 -2 0 0 0 -1 -1 0 0 0 0 0 1 1 0 0 -1 -1 0 0 -1 0 -1 -1 1 0 -1 -1 -1 2 1 2 -1 0 2 0 1 -1 1 0 1 0 -1 -2 0 0 -1 1 -2 1 1 -1 -1 -1 0 0 -1 0 1 -1 0 0 0 0 0 0 -1 1 -1 0 -1 1 0 1 -1 0 0 0 0 0 1 0 1 -1 0 1 1 0 0 0 -2 -1 -1 1 0 1 1 0 0 0 0 1 0 -1 0 0 0 -1 0 1 1 0 0 0 0 2 -1 0 0 0 0 0 -1 0 1 0 -1 0 0 0 0 -1 0 1 -1 -1 0 -1 0 1 0 0 0 0 0 -1 0 0 0 0 0 1 0 0 0 0 1 0 0 1 1 0 -1 1 -1 1 0 -1 0 0 0 -1 0 -1 0 0 -1 1 0 -1 -1 1 1 0 0 0 1 -1 1 1 0 -1 0 0 0 0 0 0 -1 0 0 0 0 -1 0 0 -1 -1 0 0 -1 -1 -2 1 2 0 2 1 0 -1 0 0 0 1 0 0 -1 1 1 1 1 0 -1 0 1 -1 0 0 -1 0 1 1 1 -1 0 0 0 1 0 0 0 0 0 0 0 0 1 -1 0 1 0 -1 1 -1 1 1 0 0 -1 0 2 1 0 1 0 -1 2 -1 1 0 0 -1 0 1 0 0 2 1 -1 -1 1 -1 1 0 1 1 0 0 1 -1 0 0 1 1 0 -1 0 -1 2 0 0 0 0 1 1 0 -1 1 0 1 1 0 0 1 1 0 0 1 1 -2 0 0 0 0 -2 0 -1 1 -1 0 0 1 0 1 0 1 0 0 -1 0 1 0 1 -1 -2 -1 -1 -1 0 0 1 1 0 -1 0 -2 1 0 -1 0 -1 0 0 0 1 1 1 0 -1 -1 0 1 0 0 0 -1 0 0 -1 1 0 0 -1 -1 0 0 -1 0 1 0 1 0 1 0 -1 0 0 0 1 1 0 0 0 0 0 0 0 0 0 0 -1 0 0 -1 1 -1 -1 1 0 0 -1 1 0 1 0 -1 1 0 1 -1 0 0 -1 0 0 0 0 1 0 1 0 -1 0 0 0 1 1 1 1 -1 0 1 -1 -1 0 1 1 1 -1 1 0 0 1 -1 1 1 1 -1 -1 -1 -1 -1
73 -2 0 0 1 -1 0 0 1 -1 -1 0 0 0 0 0 0 -1 0 0 0 0 0 -1 1 1 0 0 0 0 -1 1 0 0 0 1 -1 0 0 0 -2 1 0 -1 -1 1 0 0 0 1 -1 1 -1 -1 0 -1 -1 1 0 1 -1 0 1 0 1 -1 0 1 0 0 0 -1 0 0 0 0 -1 -1 0 -1 0 0 1 -1 -1 -1 0 -2 1 0 0 0 0 0 1 -1 -1 0 -1 0 2 0 2 1 -2 0 1 1 -1 -1 0 1 0 -1 -2 1 1 -1 0 0 0 0 -1 0 1 -1 0 0 1 -1 1 2 0 -2 0 0 1 0 0 1 1 -1 1 -1 -1 0 0 1 0 0 1 0 0 2 0 0 -1 1 1 0 0 0 -1 0 0 0 0 0 -1 0 0 0 0 0 0 0 0 -1 0 0 0 1 0 -1 -2 0 0 0 0 1 -2 0 0 0 1 1 1 1 0 1 1 1 0 -1 0 0 -1 0 1 -1 0 -1 -1 1 0 0 1 1 1 1 -1 1 -1 0 1 0 0 -1 -2 0 -1 0 0 -1 2 0 0 -1 0 0 0 -1 -1 -1 0 0 1 1 0 0 0 -2 1 1 -1 1 -1 -1 0 1 0 0 0 1 0 0 0 -1 0 0 -1 0 0 0 -1 1 -1 0 -1 0 0 2 0 1 0 0 0 0 -1 1 -1 -1 1 0 0 1 1 0 1 0 0 -1 1 1 1 0 -1 0 1 0 2 -1 -1 0 -1 1 0 1 0 0 0 -1 0 1 -1 1 1 1 0 0 1 0 0 -1 1 0 0 -1 -2 0 1 0 0 0 -1 1 -1 -1 1 0 0 0 1 1 1 0 0 0 1 1 0 0 -1 -1 0 -1 0 0 -1 1 1 -1 0 0 1 1 1 1 1 -1 0 0 0 1 -1 -1 -1 1 1 1 0 -1 1 -1 0 -1 0 1 0 0 1 0 0 -1 0 -1 0 -1 1 1 0 0 1 -1 1 1 -1 -1 -1 -1 0 0 1 0 0 -1 0 0 0 -1 0 1 1 0 -1 0 0 -1 0 1 0 0 0 0 1 1 0 2 1 -1 0 0 0 0 -1 -1 0 1 0 0 -1 0 0 0 0 0 1 0 0 -1 0 1 1 1 1 0 1 0 -1 1 -1 0 -1 0 1 0 -2 1 -2 0 0 -1 0 -1 0 0 -1 1 0 0 1 1 -1 0 0 1 -1 1 0 0 0 0 0
107 -1 0 -1 1 1 0 0 0 -1 0 -1 -1 0 -1 0 0 0 0 1 2 0 1 0 0 0 0 0 0 1 0 1 1 0 1 -1 0 1 0 -1 -1 0 0 0 0 0 0 -1 1 0 1 0 -1 1 0 1 0 0 1 0 1 1 0 0 1 -1 0 1 0 0 -1 0 -2 -1 0 0 0 -1 1 0 0 0 1 0 1 -1 -1 1 -1 0 0 0 0 0 0 -1 -1 0 0 0 -1 -1 0 0 -1 -1 1 -1 -1 1 -1 1 0 -1 -1 0 0 0 -1 0 2 1 -1 -2 0 0 0 1 0 0 0 1 0 0 0 -1 0 0 0 1 -1 -1 0 1 0 0 0 0 -1 1 0 -1 0 0 0 0 0 1 1 0 -1 0 1 -1 0 0 0 2 0 1 -1 -1 1 1 -1 0 -1 0 -1 0 1 0 0 0 0 0 0 0 -1 0 -1 0 1 0 0 1 0 0 0 0 1 1 -1 0 2 0 0 -1 1 0 0 0 0 0 0 -1 0 0 0 0 0 0 -1 0 1 -1 0 0 -1 -2 -1 1 0 1 0 -1 0 1 1 -1 0 0 0 0 0 0 1 0 1 2 1 0 -1 0 1 -1 1 0 0 0 -1 -2 0 0 1 1 1 1 0 1 0 1 1 -1 -1 0 0 0 0 0 1 0 2 0 1 0 1 1 0 0 -1 -1 0 -1 0 1 1 0 1 -1 0 -1 1 0 0 0 1 0 0 -1 2 1 0 -1 -1 1 -1 0 0 0 -1 0 -1 0 0 0 0 -1 0 0 -1 1 -1 -1 -1 0 0 -1 -1 -1 1 0 0 0 0 1 1 -1 -1 1 0 -1 -1 -1 1 0 0 0 0 -1 -1 1 0 0 0 0 -1 1 -1 1 -1 0 0 0 -1 0 -1 0 -1 1 1 0 -1 0 0 1 1 0 0 0 0 1 0 1 1 -1 0 0 0 2 -1 0 1 -1 0 1 1 0 0 0 0 0 0 1 1 2 0 -1 -1 0 0 1 0 0 0 1 0 0 0 0 1 0 1 1 1 1 1 0 1 -2 -1 -1 0 -1 0 0 -1 -2 0 -2 0 0 -1 -1 -1 -1 0 0 0 0 -1 0 0 0 0 0 -1 -2 -1 0 0 1 0 0 -2 1 -1 0 0 -1 1 -1 -1 0 0 1 0 0 1 -1 1 0 1 -1 -2 1 -1 1 1 0 0 1 1 1 0 1 0 1 1 0 1 0 0
89 1 1 1 1 -1 0 -1 1 -1 0 0 -1 0 0 0 -1 -1 1 0 1 0 0 0 -1 1 0 -1 0 0 1 0 1 0 0 0 -1 1 0 -1 1 0 1 0 0 0 1 0 0 0 -1 1 0 -1 0 1 -1 0 -1 0 -1 1 1 1 1 0 -1 1 0 -1 0 1 1 0 1 1 0 -1 0 -2 1 1 -1 2 0 1 -1 -1 0 0 -2 0 0 0 1 0 1 -1 0 0 1 -1 0 0 1 0 0 -1 -1 0 -1 1 0 -1 -1 0 1 0 -1 -1 -1 0 0 0 -1 -1 -1 0 0 1 1 2 -1 1 -1 -1 1 1 1 1 -1 0 0 0 1 -1 0 0 0 1 0 1 0 0 -1 0 -1 -1 1 -2 -1 0 0 1 -1 0 -1 -1 0 -1 -1 0 0 0 -1 0 0 -1 -1 0 0 0 -1 1 -1 0 -1 0 0 0 -1 0 1 -1 1 0 -1 0 0 1 0 -1 0 0 -1 1 -2 0 0 0 0 0 0 -1 0 1 0 0 2 0 -1 1 1 -2 1 0 0 0 1 0 1 -1 1 0 -1 0 0 -1 -1 1 0 1 2 0 0 0 0 0 0 0 -1 -1 0 0 -1 0 -1 0 0 0 0 0 0 0 -1 1 2 1 0 0 -1 0 1 0 1 0 0 1 -1 -1 0 -1 0 -1 0 1 1 -1 -1 0 1 1 0 0 -1 -1 0 1 -1 0 0 0 1 0 0 0 0 1 1 0 0 0 -1 -1 0 1 0 0 0 0 1 -2 2 -1 0 0 1 0 0 -1 1 -1 1 0 0 0 0 1 0 0 -1 -1 2 0 0 0 -1 0 0 0 -1 -1 -1 0 1 0 0 -1 1 -1 0 0 1 0 0 1 0 0 2 0 1 0 0 0 -1 -1 -1 1 -1 0 -1 0 -1 -1 -1 0 1 -1 0 2 0 0 0 0 1 1 0 -1 1 0 0 1 -1 -1 1 -1 0 0 1 0 0 -1 1 0 -1 0 0 1 0 -1 0 0 0 0 -1 0 -1 0 0 -1 0 1 1 0 0 -1 -1 0 -1 2 1 0 0 0 0 0 0 1 0 -1 0 2 1 1 0 1 0 -1 0 -1 2 -1 -1 -1 0 1 1 0 0 0 0 1 0 0 2 0 0 0 0 1 0 0 0 0 0 1 1 -1 -1 -1 0 0 0 0 0 0 -1 1 0 1 0 0 -1 -1 0 1 0 0 0 0 1 0 0
76 0 1 -2 0 0 0 -1 -1 -1 0 0 0 0 2 1 1 -1 -1 0 0 1 -1 0 0 0 0 1 0 0 0 1 1 0 0 0 -1 0 1 0 1 0 1 0 0 0 1 -1 -1 0 0 -1 0 -1 1 -1 0 0 0 0 0 1 0 0 -1 0 0 0 0 -1 1 0 0 0 -1 -1 1 0 -1 0 1 0 0 1 1 0 1 0 2 0 0 -1 0 0 1 -2 0 1 -1 1 -1 0 0 0 0 0 0 0 0 1 0 -1 1 0 0 -1 2 -1 -1 0 0 0 0 0 2 1 1 -1 1 2 1 0 1 1 -1 0 -1 0 -2 -1 0 0 0 0 -1 -1 1 1 1 0 1 -1 -1 1 1 0 0 -1 0 1 0 0 0 0 0 1 -1 0 0 -1 0 0 0 0 1 1 1 1 -1 1 0 -2 0 0 0 -1 0 1 0 1 -1 -1 -1 -1 2 -1 1 -1 0 0 0 1 0 1 -1 0 -1 0 -1 -1 0 -1 1 0 1 0 0 1 0 0 -1 1 0 -1 -1 1 0 2 0 -1 1 1 1 -1 0 0 1 0 -1 1 -2 0 0 0 0 0 0 -1 1 1 0 -1 0 -1 1 -1 0 0 0 -1 1 1 0 0 0 0 -1 0 0 -1 -1 0 0 0 0 -1 -1 -1 0 0 0 1 0 1 1 1 -1 0 0 0 -2 -1 0 -1 1 0 0 2 -1 1 -1 0 0 0 -1 0 0 0 -1 0 0 0 0 0 1 1 0 0 -1 0 -1 -1 -1 1 0 1 0 0 0 1 1 0 1 0 0 0 1 0 0 0 0 0 1 0 0 0 0 0 1 0 1 -1 1 0 0 0 0 -2 0 0 -1 0 0 1 -1 -1 0 0 1 1 1 0 0 0 0 0 1 0 -1 1 0 0 0 0 -1 0 0 -1 0 0 0 0 0 1 -1 0 -2 -1 0 0 -1 0 1 0 0 0 0 1 1 -2 1 -1 0 1 -1 0 1 1 1 0 0 -1 0 0 0 -2 0 -1 0 0 1 -1 -1 0 2 0 0 0 0 1 -1 0 1 1 0 1 1 0 -1 -1 0 -1 0 1 0 1 1 -1 0 1 -1 1 0 0 0 0 0 1 0 1 -1 -1 0 1 -1 -1 1 1 1 1 0 -1 -1 1 -1 0 2 1 0 1 1 0 1 1 -1 1 0 0 0 0 2 -1 0 1 -1 0 1 1 0 0 -1 -1 1
-1 1 0 0 0 -1 -1 1 1 0 -1 1 1 1 0 0 0 -1 0 1 0 -1 0 1 -1 0 -1 1 0 -2 0 1 0 0 0 0 0 -1 0 0 -1 0 -1 0 1 0 0 0 -1 0 0 -2 -1 0 -1 0 -1 1 0 0 0 1 -1 0 1 -1 -1 -1 -1 1 0 0 1 0 -1 0 -1 -1 0 0 0 -1 1 1 0 1 0 1 -2 0 -1 1 -1 -1 1 -1 0 0 0 0 1 0 0 0 0 1 0 0 1 0 0 0 -1 0 0 -1 0 1 0 0 0 1 0 -1 0 0 0 -1 0 1 0 1 1 2 0 1 0 1 0 1 -1 2 0 0 -1 1 -1 1 0 0 -1 0 -1 0 1 0 0 0 1 -1 -1 1 0 0 -1 0 0 0 0 0 0 0 1 -1 0 0 1 -1 1 0 -1 1 -1 1 0 -1 1 0 -1 0 0 -1 -1 0 0 -2 0 0 0 1 -1 0 0 0 0 0 1 1 1 0 1 0 -1 1 0 -1 1 -1 -1 -1 0 0 0 -1 1 0 0 -1 -2 -1 -1 0 0 0 0 0 0 0 0 1 0 0 0 0 0 1 0 -1 0 -1 -1 0 0 -1 0 1 0 -1 0 -1 -1 1 0 0 0 0 0 1 0 1 1 0 -1 1 1 0 -1 0 -1 0 0 1 1 1 -2 1 0 0 0 -2 1 -1 0 0 -1 1 0 0 -1 0 1 -1 0 1 0 1 0 -1 -1 0 0 0 0 1 -1 1 1 1 0 0 0 0 -1 0 1 0 1 0 0 1 -1 0 -2 -1 0 0 0 0 0 0 -2 -1 -1 1 -2 0 1 1 0 1 -1 1 0 1 1 0 1 0 0 0 -1 -2 -1 0 0 1 1 -1 0 -1 0 1 -1 0 0 2 2 1 0 0 0 1 0 0 0 -1 -1 -1 -1 0 -2 0 0 0 0 -1 -1 -1 0 0 -1 0 0 0 2 -1 0 1 0 -1 0 0 -1 0 0 0 -1 -1 0 0 -1 -1 0 1 0 0 1 1 0 -1 0 0 -1 0 0 0 0 0 1 1 -1 0 -1 1 1 0 0 1 0 1 0 -2 -1 0 0 0 0 0 0 0 0 0 0 0 0 1 -1 0 0 1 0 -1 0 1 -1 0 0 0 0 0 0 -1 -1 0 1 1 0 -2 0 0 0 0 -1 1 1 -1 -2 1 1 1 -1 -1 -1 0 0 0 0 0 0 1 0 1 1
-1 1 0 0 1 -1 0 0 -1 -1 -2 1 0 1 1 -2 0 1 0 2 -1 -1 1 0 -1 -1 0 0 -1 0 0 1 -1 -1 0 0 1 1 0 0 0 1 0 0 -1 1 1 0 0 0 0 1 0 -2 1 0 2 1 0 0 0 0 1 0 0 0 1 1 0 0 -1 1 0 0 0 0 0 1 0 0 0 -1 1 0 1 -1 0 0 1 0 0 0 2 -1 1 0 -1 0 -1 -1 0 -1 0 0 0 1 1 0 -1 0 -1 0 0 0 1 0 0 0 1 1 -1 0 1 -1 0 1 0 0 0 1 -1 -2 -1 1 0 0 0 -1 1 0 0 0 0 0 0 0 1 0 0 0 1 0 -1 -1 -2 0 0 0 1 0 -1 -1 0 0 1 1 0 1 0 0 0 0 0 0 0 0 0 0 1 0 0 1 1 1 -1 -1 1 1 0 2 1 0 2 1 1 0 0 0 0 1 0 0 -1 -1 0 0 0 1 0 -1 0 0 1 1 0 0 -1 -1 -1 0 1 0 0 0 -1 0 0 0 2 -1 0 0 1 -1 -1 0 0 -1 -1 -1 -1 1 0 0 0 1 -2 0 -1 0 -1 0 -1 0 -1 -1 1 0 -1 0 0 0 1 0 1 1 -1 0 0 -1 -1 0 1 0 0 0 0 -1 0 0 -1 0 0 -1 1 -1 -2 0 0 0 0 -1 1 0 0 0 0 0 1 0 0 1 0 0 -1 1 0 -1 0 1 2 0 -1 0 0 0 0 2 0 0 -1 1 0 1 0 0 -1 0 0 -1 0 0 0 0 0 -1 0 1 0 0 0 1 0 1 0 1 1 0 -1 0 -1 1 -1 0 -1 1 0 1 0 1 -1 1 -1 1 0 0 0 0 0 1 0 -1 1 1 1 0 -1 -1 0 -1 0 0 0 -2 -1 -1 0 -1 0 -1 -1 -2 0 0 0 1 1 1 -1 -1 0 1 0 0 0 1 1 0 1 1 1 -1 -2 0 1 0 1 1 -1 1 0 1 0 -1 0 2 -1 -1 -1 -1 1 0 0 1 -1 0 1 1 2 0 1 1 1 -1 1 0 -1 2 0 -1 0 -1 1 0 0 0 0 0 0 0 0 0 0 0 0 0 0 1 1 -1 1 0 0 -1 -1 0 1 1 0 0 -1 0 0 0 0 0 1 1 0 1 0 -1 0 1 -1 -2 0 0 0 -1 0 0 1 0 -1 0 0 0 -1 0 1 0 -1
-1 0 2 1 -1 1 0 1 0 1 -1 0 1 0 1 -2 1 0 0 0 -1 0 -1 0 -1 -1 1 -1 -2 1 0 0 1 0 1 -1 0 1 -2 -1 0 0 0 1 0 2 1 1 0 0 0 -2 0 0 1 0 -1 0 0 -1 1 1 -1 1 0 0 0 0 0 1 0 1 2 -1 0 0 1 -1 -1 1 -1 0 -1 0 0 -1 0 0 -1 -1 -1 0 0 0 -1 0 0 0 1 0 0 1 0 2 1 0 -1 -1 -1 0 1 1 0 0 0 -1 0 0 -1 0 -1 1 -1 0 0 1 0 -1 1 0 1 0 0 0 1 0 0 0 -1 1 0 0 0 0 0 0 -1 0 0 -1 0 0 1 -1 -1 0 0 -1 0 0 0 -1 0 -1 0 0 1 -2 0 1 0 0 -1 -1 -1 0 0 1 1 0 0 0 0 0 0 0 0 0 -1 -1 0 0 2 0 0 0 1 0 -1 0 0 0 0 0 -2 1 0 0 -1 1 0 -1 -1 -1 1 0 1 -1 0 -1 1 0 0 1 1 0 -1 1 0 1 -1 0 0 1 -1 0 -1 -2 0 1 0 0 0 0 0 -1 -1 -1 0 1 1 -1 0 1 0 -1 -1 -1 1 0 0 -1 0 0 0 0 0 1 1 -1 0 1 -1 0 0 1 0 1 -1 0 0 0 1 0 0 0 0 0 -2 0 1 0 0 2 -1 0 -1 1 0 -1 1 0 0 1 0 0 0 1 -1 1 0 -1 1 0 0 1 0 1 -2 -1 -1 0 0 0 0 1 0 0 1 1 0 1 0 1 1 0 0 0 0 1 -1 -1 -1 0 0 0 -1 0 0 1 1 1 -1 0 0 0 0 1 0 0 0 0 0 1 -1 0 0 0 0 -1 1 0 0 0 0 0 0 0 0 1 -1 0 0 1 1 -1 1 0 1 0 1 -1 -1 -1 1 0 -1 0 -1 0 1 1 0 -1 0 0 2 0 0 -1 0 -1 0 0 -1 1 -1 -1 0 -2 1 -2 1 0 1 -1 1 0 0 -1 0 0 -1 1 0 0 0 0 1 0 -1 1 0 0 0 0 0 1 0 -1 1 0 1 0 0 1 1 -1 1 0 -1 0 -1 0 0 1 0 0 1 -1 -1 1 0 -1 0 0 0 -1 1 -1 0 0 0 0 0 1 1 -1 0 1 -1 0 0 1 0 0 1 2 0 2 0 1 0 1 -1 0 1 0 -1 0 0 1 1
-1 -1 1 0 2 -1 1 0 0 0 0 0 -1 -1 0 0 0 1 2 0 0 0 0 0 0 0 1 1 -1 1 -2 0 1 -1 0 0 0 0 -1 1 0 1 1 -1 0 1 1 0 0 0 0 0 1 0 0 0 0 0 1 -1 0 0 -1 0 1 1 -1 -2 0 1 -1 0 0 0 0 0 -1 2 1 -1 1 1 0 0 0 -1 -1 0 0 0 0 0 1 0 -1 -1 0 0 0 0 0 0 0 -1 1 -1 1 1 0 -1 0 -1 0 1 0 0 -1 0 1 1 -1 -1 2 -1 0 1 0 1 1 1 1 0 0 0 0 -1 2 -1 0 1 1 -1 0 0 -1 0 0 0 0 0 0 0 1 -1 -1 0 0 0 0 1 1 1 2 0 0 -1 0 0 -2 -1 1 0 1 -1 0 -1 1 -1 0 0 0 2 0 0 1 0 0 -1 -1 1 1 1 0 0 0 -1 0 0 1 0 1 -1 -1 -1 0 1 0 0 0 0 1 -1 0 0 0 0 0 0 0 0 0 0 0 1 -1 -1 0 -1 0 1 0 0 1 0 0 0 0 1 1 -1 1 0 -1 0 1 0 0 0 1 1 1 0 0 -1 -1 -1 0 0 0 -1 -1 0 1 0 1 0 0 0 -1 0 1 0 0 0 0 0 -1 0 -1 0 -1 -1 0 -1 -1 -1 1 -1 0 -1 0 0 0 0 -1 0 -1 1 2 0 0 1 -1 0 -1 1 1 0 0 -1 0 -2 1 0 0 0 -1 0 0 0 -1 0 0 1 2 1 0 -1 0 1 -1 -1 -1 0 0 0 0 -1 1 -1 -1 1 -1 -1 -1 0 1 0 1 0 0 -1 0 -1 -1 0 0 0 1 0 0 0 -2 2 -1 0 0 0 -1 0 0 0 0 0 0 0 -1 -1 -1 0 1 1 0 0 1 0 0 1 -1 -2 1 1 1 -1 -1 -1 0 0 0 0 0 0 0 0 0 -1 1 0 -1 0 1 1 -1 -1 0 0 1 -1 0 1 0 1 1 0 1 0 -1 1 -1 0 -1 1 -1 0 1 0 0 0 1 -1 -1 0 -1 0 -1 1 0 -1 -2 -1 0 0 0 0 1 -1 -1 0 0 -1 -1 1 1 1 0 -1 0 0 -1 0 0 1 0 0 1 0 0 0 0 0 -1 0 0 1 -1 -1 -1 1 0 0 0 1 -1 0 0 0 2 0 0 -1 0 1 0 0 0 0 1 1 0 1 1 -1 -1
-1 1 -1 0 2 -1 1 0 0 0 0 0 0 0 0 1 0 1 0 -1 0 0 0 0 0 1 0 -1 1 -1 2 0 -1 0 -1 0 0 1 0 1 0 1 0 -1 -1 1 1 0 0 0 -1 0 1 0 1 1 1 -1 0 -1 0 0 0 -1 1 2 0 0 0 0 1 0 0 0 -1 1 0 0 0 0 0 1 1 0 1 0 0 1 0 0 0 0 1 0 -1 0 0 0 -1 -1 0 -1 0 -1 0 1 0 0 0 -1 0 0 1 0 -1 -1 1 0 -1 0 0 0 1 -1 2 -1 0 -1 0 0 0 1 1 0 -1 0 0 0 -1 -1 1 0 0 0 -1 0 1 0 0 0 0 0 0 1 -1 0 -1 1 0 -1 0 1 0 0 0 1 -1 1 1 0 0 -1 -1 0 0 0 0 0 0 0 0 0 0 -1 -1 0 0 0 0 -1 1 0 -1 1 1 0 1 1 -1 -1 1 2 1 -1 -2 1 0 0 1 0 0 0 1 -1 -1 0 0 1 0 0 1 -2 1 -1 0 -1 1 0 0 0 0 0 0 1 -1 0 -1 2 1 -1 -2 -1 0 0 0 1 1 -1 1 0 1 0 0 -1 0 0 -1 0 0 1 0 0 0 0 0 1 -1 -1 1 1 1 1 0 1 -1 0 0 1 0 0 0 0 1 0 0 -1 0 -1 0 0 0 0 0 0 0 -1 -1 0 0 -1 0 0 -1 -2 0 -1 0 0 0 0 -1 0 0 1 0 -1 0 1 0 0 0 0 -1 0 0 0 2 1 -1 1 1 0 1 -1 -1 1 1 0 0 -1 0 1 0 1 1 2 1 -1 0 -1 -1 0 1 0 1 1 1 -1 0 -1 0 -1 -1 0 1 -1 0 0 -1 0 0 0 0 0 1 0 0 -1 -1 -1 1 1 -1 -1 0 1 -1 1 -1 0 1 -2 0 0 -1 0 -1 1 -1 -1 0 1 -1 0 1 0 1 0 0 0 1 1 0 0 0 1 1 1 0 0 -1 0 1 0 0 0 -1 1 0 1 -1 -1 0 -1 1 0 0 1 -1 0 1 0 1 -1 0 -1 -1 0 0 0 0 -1 1 0 -1 0 0 0 0 0 -1 -1 1 -1 1 -1 0 0 0 -1 0 -1 0 0 1 1 0 0 0 1 2 0 0 2 -2 -1 2 -1 1 1 1 -1 0 1 -1 1 2 1 1 0 0 1 1 0 -1 0 0 0 1 0 1 -1 0
-1 0 0 0 2 0 0 -1 -1 -1 1 -1 0 0 1 0 0 0 -1 -1 0 0 0 0 -1 0 0 0 -1 0 2 0 -1 -1 -1 -1 -2 -1 0 1 1 0 0 0 0 0 -1 -1 0 0 -1 0 1 1 0 1 0 0 0 0 -1 1 -1 0 0 0 0 0 -1 0 1 0 -1 0 0 0 -1 1 0 0 0 0 1 0 0 -1 1 1 -1 0 0 -1 0 -1 -1 -1 0 0 0 -1 0 0 0 0 0 0 1 0 0 0 0 0 0 1 0 -1 0 0 0 0 0 0 0 0 1 0 1 0 0 0 1 0 -1 0 0 0 0 0 0 1 -1 0 0 -1 1 -1 0 1 0 -1 0 -1 -1 -1 0 1 -1 0 0 0 -2 0 -1 -1 0 -1 0 -1 1 0 0 0 0 0 -1 2 0 -1 0 1 0 1 -1 -1 0 1 1 1 1 0 -1 0 -1 1 -1 0 0 0 -1 2 0 1 0 1 1 0 0 0 1 1 -1 -1 0 0 0 0 0 0 1 1 0 1 0 1 -1 -1 0 -2 0 0 1 1 0 0 0 2 0 -1 1 1 1 0 0 1 0 1 0 1 -1 0 0 0 -1 1 0 0 -1 0 0 0 0 -1 0 0 -1 1 -1 1 0 -1 0 0 -1 0 1 0 0 0 0 1 0 0 1 0 1 -1 -1 1 1 0 -1 1 0 0 -1 -1 0 -1 1 0 -1 1 0 0 0 0 1 1 1 0 1 0 1 -1 0 0 -1 0 0 0 0 1 1 0 1 -1 1 0 2 0 1 -1 0 0 0 0 0 -1 -1 1 0 0 -1 0 -1 0 -1 -1 1 0 0 0 -1 0 1 0 1 0 1 0 -2 -1 0 0 1 0 1 0 0 -1 0 1 0 -1 1 -1 -1 0 1 0 -1 -1 0 0 -1 -1 1 1 -1 1 0 1 0 -1 0 0 1 1 0 0 1 -1 0 1 1 0 1 0 1 0 0 -1 -1 0 1 0 1 -1 0 0 1 -1 1 0 0 0 0 0 1 -1 -1 1 1 -1 2 0 0 0 0 0 -1 -1 0 -1 0 0 1 0 0 0 0 -1 0 -1 -1 -1 -2 0 1 0 -1 -1 -1 0 -2 0 0 1 -1 -1 0 1 -1 0 -1 -1 1 0 -1 0 -1 -1 0 1 -1 2 -1 0 -1 0 -1 2 -1 1 -1 -1 1 1 1 0 1 0 1 1 0 0 0 0 1 0 1 0 0
-1 1 1 0 0 0 -1 1 -1 1 -1 0 0 1 1 1 2 0 0 1 -1 0 0 0 0 0 -1 1 0 1 -1 -1 0 -2 0 0 0 -1 0 0 0 -1 -1 -1 -1 -1 -1 0 0 0 0 0 -1 0 1 0 0 -1 0 0 -1 -1 0 1 1 0 1 1 1 0 0 -1 0 0 0 -1 0 0 0 1 -1 -1 0 0 0 0 1 0 0 -1 -1 -1 0 1 0 0 1 -1 1 0 -1 0 0 0 0 -1 0 0 0 1 0 0 1 1 -1 0 0 0 0 -1 0 0 -1 1 0 1 1 2 1 -1 1 1 0 0 1 1 0 -1 1 1 0 0 1 1 1 1 1 0 0 1 -1 1 0 1 0 0 -1 1 0 1 0 -1 -1 2 0 0 -1 0 0 0 0 0 1 1 0 -1 0 -1 -1 1 0 0 0 0 1 -1 -1 -1 -1 1 -1 0 -1 0 -1 0 1 0 -2 0 -1 0 1 0 1 1 0 0 1 0 -1 0 -1 -1 1 0 2 0 0 0 0 0 0 -1 0 -1 1 -1 -1 1 0 -1 0 0 0 -1 -1 0 0 0 0 0 0 1 0 0 0 0 1 0 1 0 -1 0 1 0 0 0 0 -1 0 0 -1 0 0 0 -1 -1 0 0 0 -1 1 0 1 0 1 1 0 1 0 1 -1 1 0 -1 -1 -1 0 1 0 0 2 1 0 0 -1 -1 1 1 0 1 1 0 1 1 1 0 0 1 0 0 -1 0 0 1 1 0 2 -1 0 0 -1 -1 1 -1 0 -1 0 1 0 1 1 1 -1 1 -1 -1 0 0 1 -1 1 1 1 0 0 0 -1 0 -1 -1 0 -1 1 0 -1 0 0 0 0 1 0 0 0 1 0 0 0 0 0 -1 1 -1 0 1 1 0 -1 0 0 1 -1 0 0 1 -1 0 -1 -1 0 0 0 -1 0 0 0 0 -1 0 1 0 1 0 -1 0 1 1 -1 0 -2 1 1 -1 0 -1 0 0 1 -1 0 -1 0 1 -1 -1 0 0 0 1 0 1 -1 0 -1 0 1 1 -1 -1 0 -1 1 -1 0 0 0 0 0 1 2 1 0 0 -1 0 -1 -1 1 -1 0 1 1 -1 -1 0 0 0 1 0 0 -1 1 0 0 0 -1 0 0 2 1 1 1 0 0 -2 0 0 -1 0 0 0 1 0 0 2 1 0 1 -1 0 0 0 -1 0 1 1 0 0 1 0 0 0
-1 0 0 -1 -1 -1 0 0 0 0 0 0 -1 -1 0 -1 -1 -1 -1 1 1 1 -1 0 1 0 0 0 0 0 0 -2 1 1 1 1 0 1 0 0 0 -1 1 0 1 -2 -1 1 0 -1 1 0 1 -1 -1 0 -1 0 0 0 0 -1 0 0 1 0 0 -1 0 0 0 1 1 0 1 0 0 -1 0 -1 1 1 -1 0 1 -1 0 0 0 -1 -1 0 -1 0 1 1 1 0 0 0 0 0 1 1 -1 0 0 0 -1 1 1 -1 0 0 1 0 0 1 0 0 0 0 0 -1 0 1 1 1 0 -1 -1 0 0 1 0 0 0 0 0 0 1 -1 0 0 0 1 0 0 -2 0 1 1 1 -1 0 0 1 0 1 -1 0 -1 0 1 -1 0 1 0 0 1 0 0 0 -1 1 0 -1 0 1 1 0 1 1 0 0 1 1 1 1 0 1 0 1 -1 0 0 0 0 0 -1 2 0 -1 0 0 -1 0 1 0 0 1 0 -1 0 1 -1 0 -1 0 -1 1 0 0 0 -1 0 1 0 1 1 -1 0 -1 0 1 0 0 1 0 1 -1 0 1 0 0 1 1 -1 -1 1 2 0 -1 -2 0 1 0 1 0 -1 2 0 0 -2 0 -1 0 -1 0 -1 -1 0 1 1 -2 -1 1 0 2 0 -1 1 0 0 2 0 1 0 0 -1 0 0 1 -1 0 -1 -1 0 0 1 -1 2 -1 0 0 0 -1 0 0 -1 0 1 0 1 0 1 0 -1 -1 -1 0 1 0 -1 0 -1 -1 0 -1 0 1 0 1 1 0 -1 0 1 0 -1 0 0 0 -1 0 0 0 0 1 -1 0 0 0 -1 1 0 0 0 2 0 -1 1 -1 0 0 0 0 -1 0 0 -1 1 -1 0 0 0 0 -1 0 0 0 0 0 0 1 0 1 0 0 0 1 0 0 -1 0 -1 0 0 1 0 1 0 0 -1 -1 -1 1 1 0 0 -1 0 -1 1 -1 0 0 0 0 0 1 0 -1 1 1 1 0 2 0 0 -1 -1 0 0 -1 -1 -1 0 0 0 0 0 0 0 1 1 -1 0 1 -1 0 1 0 0 1 -1 -1 0 -1 1 1 -1 1 -1 2 0 -1 -1 0 0 1 -1 1 0 1 0 -2 1 0 1 0 0 1 0 0 0 -1 0 1 -1 -1 -1 0 -1 0 1 -2 1 0 0 0 0 1 0 -1 0 0 -1 1 0 0 -1 0
-1 0 -1 0 1 1 0 -1 1 1 -1 0 -1 0 0 0 0 0 -1 -1 0 0 1 -1 0 -1 -1 -1 0 0 0 0 1 0 0 0 0 0 0 -1 -1 1 1 -1 1 -1 1 -1 0 -1 0 -1 0 1 1 -1 0 0 -1 1 0 -1 1 -1 -1 -1 0 0 0 1 0 0 -1 0 2 -1 1 0 0 1 1 0 0 0 0 0 -1 0 1 0 0 1 0 0 1 2 0 -1 0 0 2 1 0 1 1 -1 1 1 1 1 1 0 0 0 2 1 0 -1 1 0 -2 0 0 -1 0 -1 0 1 -1 0 0 -1 -1 -1 0 1 -1 0 1 0 0 0 2 0 1 0 0 -1 0 0 0 0 -1 0 0 0 1 -1 -1 -1 0 0 1 0 1 1 -1 -1 -1 0 1 -1 0 1 0 0 0 0 0 0 0 1 -1 -1 -1 -1 -1 0 0 -1 0 0 0 0 -1 0 0 0 0 0 0 0 0 0 0 -1 1 1 0 0 0 -1 -1 0 0 0 -1 0 1 0 0 0 0 0 0 1 -1 -1 0 0 0 0 0 -1 0 2 1 0 1 -1 0 0 -1 0 0 -1 -2 0 0 0 -1 0 2 0 0 2 1 0 -1 -2 1 -1 0 0 -2 -2 0 1 0 0 0 0 -1 0 -1 0 0 1 -1 -1 0 1 1 1 -1 0 -1 0 1 0 0 1 -1 0 0 0 1 0 0 0 -1 0 0 -1 1 0 -1 -1 0 0 0 1 -1 -1 -1 1 0 -1 -1 1 0 0 -1 1 0 0 0 0 2 0 0 1 0 0 -1 0 2 0 1 0 0 0 1 0 0 0 -1 0 0 0 1 0 0 0 0 -2 -1 1 1 -1 0 0 -1 1 -1 1 1 -1 0 -1 0 1 -2 -1 -1 -1 1 1 0 0 0 -1 1 2 0 0 0 0 -2 0 -1 -1 0 0 0 2 0 -1 0 0 0 -1 0 0 0 0 0 0 1 -1 1 -1 0 0 1 0 0 -1 0 0 0 0 1 1 0 0 -1 0 0 -1 0 1 0 0 1 1 -1 -1 1 -1 0 0 1 -1 -1 -1 0 0 1 0 -1 0 0 -1 0 0 -1 0 1 -1 -1 -1 1 1 0 1 1 1 0 1 0 0 -1 0 0 0 0 0 0 1 0 0 -1 0 0 0 0 0 -1 0 0 -1 0 -1 0 -1 0 0 0 1 0 0 0 -1 0 -1 0 -1 1 -1 0 0 0
-1 0 2 1 1 -1 1 0 1 -1 0 0 0 0 0 1 0 0 0 0 0 0 0 -1 0 0 0 0 -1 0 0 0 0 -1 0 0 0 1 -1 0 0 -1 -1 -1 -2 -1 0 0 0 0 -1 1 1 1 0 1 1 1 0 1 0 0 0 -1 -1 1 1 -1 0 -1 0 1 1 0 0 0 -1 -1 -1 0 0 1 2 1 0 0 0 1 1 0 0 0 1 -1 0 -1 0 0 0 -1 0 1 1 1 -1 1 -1 0 0 1 0 0 0 -1 -1 0 -1 0 0 0 1 0 0 1 -1 -1 0 0 0 -1 0 0 0 1 0 0 -1 0 -1 0 0 0 1 0 0 0 1 0 -1 1 -1 -1 1 0 0 -1 -1 0 -2 1 -1 -1 1 0 0 0 0 0 -1 0 0 0 -1 0 -1 0 -1 1 0 -1 0 0 1 0 0 0 0 0 1 0 0 -1 0 0 0 0 0 1 -1 0 0 2 0 -1 1 0 -1 -1 0 -1 1 -1 0 1 1 0 1 2 -1 1 -1 1 -1 0 -1 0 0 -1 -1 1 1 0 -1 0 -1 1 -1 1 1 -1 0 0 0 1 1 0 0 1 1 0 -1 0 -1 0 1 0 1 0 -1 1 1 1 0 0 -1 -1 -1 1 0 1 0 -1 2 0 0 0 -1 0 0 0 0 0 1 -1 0 0 -1 -1 0 0 0 -1 0 -1 -1 -1 1 0 1 1 0 0 -1 0 0 0 0 -1 0 1 -2 0 0 -1 0 0 1 -1 0 0 0 1 -1 -1 1 1 0 0 0 0 -1 -1 0 2 -1 -1 1 0 -1 0 1 0 0 0 -1 1 -1 -1 0 0 0 -1 0 1 1 0 1 1 -1 0 -2 0 0 -1 1 1 -1 0 1 1 1 1 -1 -1 0 -1 -1 -1 0 0 1 -1 0 0 -1 0 -1 0 -1 0 -1 0 -1 0 -1 0 -1 -1 -1 1 0 -1 -1 -1 -1 1 0 -1 2 0 1 0 0 1 0 0 0 -1 1 1 -1 -1 1 0 0 1 1 -1 0 -1 -1 -1 0 0 1 2 1 0 0 1 0 -1 -1 0 0 0 0 -1 1 0 0 -1 -1 0 0 0 1 -1 0 0 0 0 0 -1 0 -1 -1 0 0 0 -1 0 -1 1 0 1 0 0 -1 -1 0 0 1 0 0 0 0 0 0 1 0 0 -1 0 0 -1 1 -1 0 0 -1 0 0 0 0 0 0 0 0 0 0 0 1
-1 -1 0 -1 -1 1 0 1 0 -1 -1 0 -1 1 0 1 0 0 0 1 -1 -1 0 0 0 0 0 0 -1 0 2 0 0 1 0 0 0 -1 1 1 -1 1 0 1 -1 0 0 0 0 1 0 -1 0 0 2 -1 0 0 0 -1 1 1 -1 1 0 0 -1 0 0 1 0 0 1 -1 0 0 1 0 0 -1 0 1 0 0 0 1 0 0 1 0 0 -1 1 -1 -1 1 1 1 0 0 1 1 0 0 0 0 1 0 2 0 -1 0 1 0 0 -1 0 1 -1 0 0 1 0 0 1 0 -1 0 0 -2 0 1 -1 -2 0 0 -1 0 0 1 -1 0 1 1 -1 -1 -1 1 0 -1 -2 -1 0 1 -1 0 -1 -1 0 -1 0 0 1 0 -1 1 0 0 0 1 -1 0 2 -1 0 -1 0 0 -1 0 -1 0 0 0 -1 -1 0 0 -1 0 -1 0 -1 0 1 -1 0 1 1 0 0 1 0 0 0 0 0 2 0 1 0 0 0 0 0 1 -1 0 1 1 0 -1 -1 1 0 -1 -1 0 0 0 -1 0 1 -1 1 0 1 0 0 0 0 0 -1 0 -1 -2 0 1 -1 1 -1 0 1 0 0 0 0 -2 1 -1 0 0 -2 1 -1 0 0 0 0 1 -1 1 -1 -1 -1 1 -1 0 1 0 -1 -1 0 0 0 1 0 1 0 0 -1 0 0 0 -1 0 -1 -1 1 -1 1 0 0 0 1 -1 0 1 1 0 0 0 0 0 0 1 0 -1 1 -1 -1 0 1 2 1 -1 0 1 1 0 1 0 0 -1 -1 0 -1 0 -1 0 1 0 0 0 -1 1 -1 0 -1 0 0 -1 0 0 0 -2 1 0 1 0 0 0 0 1 0 0 0 -1 -1 -1 1 0 0 -1 0 1 0 0 0 0 0 0 -1 0 -1 0 0 1 0 0 0 0 0 0 0 1 0 0 0 0 0 0 -2 -1 -1 1 0 1 0 0 -1 -1 0 0 1 0 0 0 0 0 1 1 -1 -1 0 0 -1 0 0 0 -1 1 1 -1 1 1 1 -1 -1 0 1 1 0 -1 -1 0 1 1 0 0 0 1 -1 0 2 1 -2 0 2 0 -1 0 0 1 -1 -1 0 0 0 0 -1 1 0 0 2 0 1 -1 0 0 0 0 1 1 0 0 0 1 -1 0 0 2 0 0 -1 0 -1 0 -1 0 1 0 0 1 1 0 0 0 0 1 1 -1 -1
-1 0 0 0 0 -1 -1 -1 -1 0 0 -1 -1 2 0 2 0 2 -1 1 -1 -1 1 0 0 -1 0 0 1 -1 -1 1 0 1 0 1 -1 1 0 1 -1 0 -1 2 -2 -1 0 -1 0 0 -1 1 0 0 1 0 1 1 -1 1 0 1 0 -1 0 0 2 2 0 1 0 1 -1 0 1 -1 0 -1 1 0 0 0 1 0 0 0 0 -1 0 0 0 1 0 1 0 0 0 0 1 0 0 1 0 1 1 0 0 -1 0 0 0 -1 1 1 0 1 0 0 0 0 0 -1 0 1 -1 0 0 -1 0 -1 -2 0 0 1 0 0 0 0 0 0 0 0 1 0 0 0 -1 1 0 1 0 1 -1 1 0 0 2 0 1 0 0 -1 0 0 1 1 0 1 0 -1 -1 1 1 1 0 -1 0 0 -2 0 -1 -1 0 1 1 -1 0 0 0 1 -1 1 0 1 0 -1 0 1 1 -1 -1 -1 0 0 -1 -1 1 0 1 -1 -1 0 0 0 1 0 0 0 0 0 0 1 0 0 -1 1 0 1 0 0 1 1 -1 0 1 1 0 0 1 0 0 -2 -1 0 1 0 1 0 -1 1 0 0 1 1 0 -1 0 -1 0 0 -1 0 0 -1 0 0 -1 0 1 0 0 0 0 1 0 0 -1 -2 -1 -1 0 0 0 0 1 -1 0 1 0 -1 0 0 -1 1 0 1 -1 -1 0 0 1 -1 1 0 0 -2 0 0 0 0 -1 1 0 0 -1 0 0 1 1 0 0 -1 -1 0 -1 -1 0 -1 1 -1 0 -1 -1 0 -2 1 1 0 0 -2 -1 0 1 0 0 1 2 0 0 0 0 0 1 -1 0 -1 1 1 0 0 -1 1 -1 0 0 1 0 1 -1 -1 0 -1 0 0 1 0 -1 0 -1 1 1 1 1 1 0 0 0 1 0 0 0 0 1 -2 0 0 1 0 0 1 0 0 0 0 -1 0 0 -1 0 0 0 0 0 1 0 0 0 -2 -1 0 0 0 0 0 -1 1 0 0 -1 0 1 0 1 -1 0 -1 1 0 0 -1 0 0 0 1 -1 0 0 1 0 2 1 0 0 0 2 0 0 0 1 0 1 1 1 0 0 0 -2 0 0 1 0 0 0 0 0 1 0 -1 0 0 0 0 0 0 0 0 0 1 0 -1 1 0 0 0 0 1 -1 -1 2 1 -1 0 0 0 0 0 0 0 0 -1 -1 1 1
-1 -1 1 -1 0 1 -1 -1 -2 -1 0 -1 2 0 0 0 0 -1 -1 0 0 1 0 0 0 0 1 -1 0 1 0 2 0 0 -1 0 -1 1 0 0 0 1 1 0 1 0 1 0 0 1 1 0 1 0 -1 0 0 0 0 2 -1 -1 1 0 0 -1 0 1 -1 -1 0 -1 1 0 -1 0 0 -1 0 0 1 -1 -1 0 0 -1 -1 0 1 -1 0 1 -1 1 0 1 0 2 0 0 0 0 0 -1 0 0 0 1 1 0 0 0 -1 0 1 0 0 -2 1 1 0 0 -1 0 1 -2 0 -1 -1 0 -1 0 0 1 0 1 0 0 1 -2 -1 -1 2 0 0 1 1 0 -1 0 1 0 0 -1 0 0 0 -1 0 0 -1 0 0 0 0 1 1 0 -1 0 1 1 1 1 -1 0 1 1 0 1 2 0 1 0 0 -1 0 0 1 -1 -1 -1 1 0 0 0 -1 0 0 0 -1 0 1 1 -1 1 0 1 0 0 -1 0 -1 1 1 0 0 -1 -1 0 0 0 0 0 0 0 0 0 0 1 1 0 0 0 0 -1 1 0 1 0 -1 0 -1 0 -1 0 -2 1 1 0 1 -1 1 0 0 0 1 0 -1 0 1 0 -1 0 0 -1 0 1 0 -1 0 0 -1 0 0 0 0 1 -1 0 1 -2 0 1 0 1 1 -1 0 1 0 1 1 0 0 1 0 1 0 1 -1 0 -1 0 1 0 1 -1 0 0 0 0 -1 1 -1 1 0 0 -1 0 0 1 0 -1 0 0 -1 0 1 1 -1 1 1 1 0 0 1 2 0 -1 -1 0 1 0 0 -1 1 0 -1 1 -1 0 0 1 0 1 0 1 0 -1 1 -1 1 0 0 0 -1 1 1 1 1 -1 -1 0 -2 -1 -1 0 0 1 0 0 -1 1 1 -1 -1 0 0 0 1 0 1 0 0 0 -1 0 1 -1 0 0 0 -1 -1 1 0 0 0 0 1 2 0 1 -1 0 0 -2 1 -1 0 0 0 0 0 -1 0 0 -1 -1 0 0 -1 -1 0 -1 -1 0 1 0 -2 0 0 0 -1 1 0 -1 0 1 -1 0 0 1 -1 0 0 0 0 0 0 -2 -1 1 1 -1 0 1 0 0 -1 -1 1 0 0 0 -1 0 1 0 1 -1 1 0 -1 1 0 0 0 1 0 0 -1 0 0 -1 0 1 0 1 0 0 0 0 1 -1 0 -1 0 1 0 0 1
-1 0 1 0 -1 -1 1 0 0 1 -1 1 0 1 1 0 0 1 0 0 0 0 -1 0 0 0 0 0 1 0 0 1 0 0 0 0 -1 -1 0 0 0 -1 0 0 0 1 -1 -1 -1 1 0 -1 0 1 0 -1 -1 -1 0 0 -1 1 0 1 0 0 0 0 0 0 1 1 0 0 0 -1 0 -1 1 0 2 0 -1 0 1 -1 0 0 -1 0 0 0 1 1 1 0 -1 0 0 0 0 1 0 0 -1 1 0 -1 0 1 0 1 0 1 0 1 0 0 0 0 0 0 1 0 1 -1 0 0 -1 0 0 1 -2 0 -1 0 -1 0 1 0 -1 0 0 -1 1 0 1 -1 -1 -1 0 1 1 0 0 -1 0 0 1 0 0 1 0 1 -1 -1 0 0 1 -1 1 0 1 1 -1 0 0 1 0 0 0 0 0 0 0 0 -1 0 0 -1 -1 -1 -1 0 -1 0 1 0 1 1 0 0 -2 0 0 -2 1 0 0 2 0 1 0 -1 -1 0 1 1 0 0 -1 0 -1 -1 1 1 0 0 -1 0 0 1 0 1 0 0 0 0 -1 1 0 1 0 0 0 0 0 1 1 -1 0 -1 -1 -1 1 0 1 -1 -1 0 -1 0 -1 1 0 -1 0 1 1 0 0 -1 1 0 0 -1 -1 2 1 1 0 1 0 0 0 1 -1 -2 0 -1 0 0 -1 0 0 1 1 0 1 1 1 2 0 0 0 -1 0 -1 1 2 -1 0 0 0 -1 0 0 0 -1 0 0 -1 1 1 0 0 -1 -1 0 0 0 0 0 0 0 -1 0 -1 0 1 -1 0 1 0 0 1 1 0 -1 1 0 1 0 0 2 0 0 0 -1 0 -2 0 0 0 0 1 1 0 1 1 0 0 -1 0 0 0 0 0 -1 -1 0 0 0 0 0 1 0 0 0 -1 0 -1 0 -1 0 0 1 -1 -1 -1 0 -1 -1 0 1 1 0 -2 -1 0 0 -1 1 -1 1 0 0 0 0 -1 0 0 -2 0 1 0 0 0 1 1 -1 0 0 1 -1 0 0 -1 2 0 0 1 1 0 0 0 0 0 1 0 -2 -1 0 -1 1 -1 0 1 0 -1 0 0 -1 1 0 -1 0 0 -1 -1 1 -1 -1 1 -1 -1 -1 -1 -1 -1 0 -1 1 -1 1 2 0 0 0 -1 0 0 0 1 -1 0 0 0 0 0 1 0 -1 -1 -1 1 0 0 0 0 1 0 0
-1 0 0 -1 0 1 0 -1 0 1 1 -1 0 1 1 0 0 0 1 0 0 0 0 0 0 0 0 1 1 2 0 0 0 -1 0 1 -1 0 1 -1 1 0 1 -1 0 0 -1 1 0 0 0 1 0 0 0 0 1 0 -1 -1 -1 0 2 1 -2 -1 0 1 -1 -1 0 -1 -1 0 0 1 1 0 0 0 0 0 0 -1 0 0 1 0 0 1 -1 1 0 0 1 -1 1 1 1 0 -1 -1 0 -1 1 1 -1 -1 -1 0 -1 -2 -1 0 0 1 -1 -1 0 0 -1 1 0 1 2 -1 -1 0 0 1 -1 0 0 0 0 1 -1 0 1 -1 0 1 0 0 -1 0 -1 0 -2 0 0 0 0 -1 -1 0 -1 1 1 1 1 -1 0 0 1 2 0 0 -1 0 1 0 1 0 0 0 1 1 -1 0 -1 -1 0 1 0 0 -1 0 0 -1 0 0 0 0 0 0 0 -1 -1 -1 -1 1 0 0 0 2 0 0 1 0 0 1 1 -1 0 1 0 -1 0 0 -1 0 1 1 0 0 0 0 0 -1 0 1 1 -1 -1 0 -1 0 1 1 1 1 -1 2 -1 -1 -1 0 0 -1 2 -1 0 2 0 1 0 -1 -1 0 -2 -1 0 0 0 0 0 1 1 0 -1 -1 0 0 2 -1 -1 0 -1 -1 1 0 0 0 -1 -1 -1 0 0 2 0 -1 1 0 -1 -1 0 -1 0 0 0 0 1 0 0 0 0 -1 0 1 0 1 0 -1 0 -2 0 -1 -1 -1 0 0 -1 0 1 -1 0 0 0 0 1 1 0 0 1 -1 -1 1 0 0 0 0 0 0 -1 -1 1 0 1 0 0 -1 0 1 -1 0 -1 0 -1 0 1 -1 0 0 0 -1 0 0 2 0 -1 -1 -1 0 0 0 0 0 -1 1 0 -2 -1 -2 0 1 0 0 0 1 0 -1 1 1 0 0 -1 -1 0 -1 0 -1 1 1 -1 0 -1 0 -1 0 0 1 1 0 1 -1 1 1 -1 0 0 0 0 0 -1 -1 -1 0 0 -1 1 0 0 0 1 0 1 0 0 -1 -1 0 -1 -1 0 -1 1 0 -1 0 -1 0 0 -1 1 0 0 0 0 -1 -1 1 0 1 0 0 1 0 0 0 1 -1 0 1 0 0 0 0 0 1 -1 0 -1 0 0 0 1 -1 -1 0 -1 0 1 1 -1 0 1 0 0 0 1 0 -1 0 0 1 0 -1 -1 1 0 -2 -1
-1 0 -1 -1 1 1 -1 -1 0 1 0 1 1 0 0 -1 -1 -1 -1 0 0 0 1 0 0 1 0 0 1 0 -1 -2 0 0 0 0 0 0 0 0 0 0 -1 0 0 -1 0 2 1 -1 0 1 0 1 -1 0 -1 0 0 0 1 -1 2 0 0 1 -1 1 0 0 0 -1 1 -1 0 0 0 0 0 0 1 -1 1 1 0 0 1 1 1 1 0 0 -1 0 0 1 0 -1 1 0 1 1 2 0 -1 -1 0 0 1 1 1 0 0 0 0 1 0 1 0 0 -1 -1 -1 0 0 1 0 0 0 1 0 0 0 0 0 -1 0 0 0 -1 -1 0 0 2 0 1 1 0 -2 0 0 0 0 1 0 0 -1 0 -2 1 0 -1 0 0 -1 0 2 1 0 0 0 -1 0 0 0 0 0 1 0 0 -1 1 0 1 0 0 1 1 0 1 0 -1 0 1 0 1 0 0 0 2 0 -1 1 1 0 0 0 2 0 0 0 -1 -2 0 -1 0 -1 1 1 1 0 1 0 0 -1 1 -1 0 -1 -1 0 -1 -1 0 1 0 0 0 -1 0 1 0 0 0 0 2 0 0 0 1 0 -1 0 0 -2 0 1 0 0 0 -1 -1 0 0 0 1 -1 0 1 0 -1 -1 -1 -1 0 1 1 0 0 2 -1 -1 0 -1 1 0 1 1 -1 0 0 -2 0 0 0 0 0 0 0 1 0 1 -1 1 1 1 0 0 0 0 -2 1 1 1 -1 -1 1 0 0 0 0 0 0 0 0 0 0 1 -1 0 1 0 2 0 0 0 0 1 0 0 1 0 -1 -1 0 1 0 0 0 0 -1 -2 0 1 1 -1 0 -1 0 0 -1 0 1 -1 1 0 0 0 -1 -1 0 0 0 0 1 0 -1 0 0 -1 -2 0 1 0 0 -2 -1 0 0 0 -1 -2 0 0 0 -1 0 -1 1 0 0 0 0 1 0 -1 -1 0 1 0 -1 -1 -1 0 0 1 0 1 0 0 0 0 -1 -1 1 0 0 0 0 1 0 1 -1 0 1 -1 0 0 1 1 1 0 0 0 -1 1 1 0 0 0 0 0 0 0 1 1 0 0 2 1 0 -1 0 -1 0 0 1 0 1 -1 -1 0 -1 1 0 0 0 0 0 0 -1 -1 1 -1 -1 1 1 0 -1 0 0 -1 1 0 -1 0 1 0 1 0 0 -1 0 -1 0 1 0 0 1 -1 0 1 0
-1 0 1 0 1 1 0 0 0 0 -1 -1 -1 1 0 -1 -1 1 1 0 0 1 0 0 0 0 0 0 0 1 0 1 0 -1 0 0 -1 0 0 0 0 1 0 0 1 1 0 0 0 0 1 1 -1 1 1 0 0 0 0 1 -1 1 1 0 -1 1 0 0 -1 0 0 0 0 1 0 1 -1 0 -1 1 -1 -1 0 0 -1 0 0 -1 0 0 0 -1 1 1 -1 -1 0 1 -1 0 2 1 -1 0 -1 -1 1 -1 -2 -2 0 1 2 1 -2 1 -1 0 1 1 -2 1 1 0 1 -1 0 0 0 0 -1 1 -1 0 0 0 0 1 2 -1 0 0 1 1 1 0 -1 1 0 -1 0 1 0 -1 0 0 1 -2 0 0 0 0 0 1 1 0 1 -1 0 0 -1 0 0 1 -1 0 0 0 0 -1 0 0 -1 -1 0 -1 -1 0 -1 0 0 0 -1 0 0 1 -1 -1 -1 0 -1 0 1 1 0 0 1 -1 0 0 0 0 0 0 1 0 0 1 -1 1 -1 1 0 0 0 0 0 0 0 0 0 1 0 0 0 1 1 0 0 0 0 1 -1 0 0 1 -1 0 0 -1 -1 -1 1 2 -1 -1 0 0 0 -1 0 -1 1 -1 0 1 2 1 1 0 0 1 0 1 1 0 -1 0 -1 0 1 -2 0 0 0 1 1 0 2 0 0 0 0 -1 0 0 1 -1 0 -1 0 0 0 0 -1 0 1 -1 0 0 0 0 0 0 0 0 1 -1 0 -1 -1 0 0 1 -1 0 1 0 1 0 0 0 1 -1 1 0 0 1 0 -1 -1 0 0 0 -1 0 -1 -2 0 0 0 0 -1 1 0 0 -1 0 1 -1 0 0 0 -1 1 -1 1 1 1 1 1 0 -1 -1 1 -1 1 0 0 1 -1 0 0 -1 -1 0 0 0 1 0 -1 0 0 0 0 1 0 0 1 0 1 0 0 0 0 -2 0 0 1 0 0 0 1 -1 0 0 0 -1 1 -1 -1 -1 1 0 -1 0 0 0 0 -1 0 0 0 1 2 0 -1 -1 0 0 -2 1 1 1 0 0 0 1 0 1 -1 0 0 1 -2 0 1 -1 0 -1 0 -1 -1 0 0 -1 0 -1 -1 0 -1 1 0 0 1 0 0 0 2 0 0 0 1 -1 1 0 1 0 -1 -1 1 0 0 1 0 1 -1 1 0 0 0 1 -2 0 -1 0 -1 0 1 -1 0 0 2
-1 0 1 0 0 -1 -1 -1 0 0 -1 0 0 0 -1 0 2 0 -1 0 1 0 0 0 0 0 -1 0 1 1 -1 -1 1 -1 0 -1 0 1 -1 0 0 0 1 0 0 0 -1 1 -1 0 -1 -1 -1 -1 0 1 0 0 0 1 1 1 0 0 0 0 1 1 0 0 0 0 -2 0 0 0 1 -1 0 0 0 0 1 1 0 -1 0 1 0 -1 -1 0 -2 -2 -1 0 1 -1 1 0 0 0 1 -1 0 0 0 0 0 1 1 1 0 -1 0 0 -1 1 0 -1 0 0 0 -1 -2 0 0 0 1 0 1 1 1 1 0 -1 0 0 -1 0 0 0 0 0 0 1 -1 0 0 1 2 0 1 0 1 -1 -1 0 0 0 1 0 0 0 0 0 1 0 -1 1 1 -1 0 -1 0 0 0 2 0 1 0 -1 0 2 0 0 0 0 1 1 0 0 0 -1 -1 0 1 0 0 0 -1 0 -1 -1 0 0 0 0 -1 0 0 0 1 -1 0 0 1 -1 0 0 0 -2 0 0 1 0 0 0 0 0 0 0 1 1 1 0 0 0 0 0 -1 0 1 1 0 -1 1 -1 1 1 1 -1 0 -1 1 0 0 0 0 0 1 1 0 -1 1 0 1 0 -1 1 0 0 1 0 -1 0 1 1 0 0 1 0 0 0 2 1 0 0 0 0 0 1 0 0 0 -1 0 0 0 0 1 0 1 0 0 1 0 0 1 -1 0 0 0 0 -1 -1 -1 1 -1 0 0 1 0 0 0 0 1 1 0 0 0 -1 -1 0 -1 0 -1 -1 2 -1 1 0 -1 0 1 -1 0 1 0 0 0 1 -1 0 0 0 0 0 -1 -2 0 2 1 0 0 1 0 0 -1 0 -1 0 1 1 0 -1 0 -1 0 0 -1 1 0 -1 0 0 0 0 0 -1 1 -1 0 0 0 0 -1 0 1 -1 0 0 -1 -1 0 0 1 0 1 0 1 0 0 -1 0 -1 0 1 0 -2 1 0 0 0 -1 0 -1 0 0 0 0 0 0 1 1 1 -1 0 0 -1 1 0 -1 -1 0 0 1 1 0 0 0 0 1 -1 0 0 1 -1 1 2 -2 -2 -1 1 0 0 -1 1 0 0 1 0 1 -1 0 -1 -2 -1 0 1 1 1 0 0 1 -1 -1 0 1 0 1 0 1 0 1 1 -1 -1 1 1 0 0 0 1 1 0 -1 0 -1 0 0 -1 1
-1 0 1 0 -1 -1 0 0 1 0 -1 0 0 2 -1 -1 0 0 -1 0 -1 0 0 0 1 0 0 -1 -1 0 1 0 0 1 -1 -1 0 0 1 0 1 1 0 -1 0 2 0 1 -1 0 -1 -2 -1 0 0 1 0 -1 0 0 0 0 -1 0 1 1 0 0 0 0 1 0 0 -1 0 -1 0 1 -1 -1 1 -1 -1 -1 0 0 -1 0 1 1 -1 0 1 0 0 0 1 1 0 -1 0 -1 -1 1 -1 0 0 1 -1 1 0 0 -1 -1 0 0 0 1 0 1 -1 1 0 0 1 0 0 0 1 0 2 1 0 -1 0 1 1 0 -1 0 0 0 -1 -1 0 1 0 -1 -1 0 0 0 0 1 -1 1 -2 1 1 0 1 0 0 1 0 -1 -1 0 0 0 1 1 1 1 1 -2 -2 0 0 1 1 0 0 1 0 0 0 0 0 -1 0 -1 -1 0 -1 1 0 0 -1 -2 0 0 -1 0 1 0 -1 1 0 0 1 0 -1 -1 0 0 1 -1 0 0 -2 0 0 0 0 0 1 0 0 0 1 0 -1 1 -1 0 -1 1 0 1 1 0 0 0 0 0 0 0 0 -1 0 -1 0 0 0 0 0 0 0 0 0 0 -1 -1 1 0 -1 0 0 -2 0 0 0 1 0 -1 1 0 0 0 0 1 -1 1 0 0 -1 0 -1 0 0 -1 1 1 0 1 -2 2 0 -1 -1 1 -1 0 1 -1 0 1 1 0 0 0 -1 0 0 1 0 1 0 -1 1 -1 0 -1 0 0 0 0 -1 1 1 0 1 1 -1 0 0 0 1 -1 1 0 -1 1 1 0 1 0 -1 1 0 0 1 1 0 0 1 0 -2 0 -1 -1 -1 -1 0 -1 1 0 0 0 0 1 1 -1 1 1 1 -1 0 0 0 -1 -1 0 -1 1 0 0 0 0 1 0 -1 0 -1 0 0 -1 0 0 1 0 0 -1 0 -1 0 0 0 0 0 0 0 1 1 0 0 -2 0 0 0 0 0 0 0 0 -1 -1 0 1 1 0 0 0 0 0 -1 1 -1 -1 0 -1 1 0 1 0 -1 0 0 -1 0 0 0 0 0 -1 0 0 1 -1 0 0 1 0 1 0 -1 0 0 0 0 0 1 0 0 0 0 0 1 1 1 1 -1 0 0 -1 0 -1 -2 0 -1 1 0 -1 2 0 0 1 1 0 0 1 1 1 -1 0 0 0 0 -1 0 0 -1
-1 0 0 1 0 0 -1 -1 0 1 1 0 -1 0 1 0 0 0 1 1 -1 1 -1 0 0 -1 0 0 -1 -1 0 1 1 0 -1 0 1 1 1 -1 0 -1 1 -1 -1 -1 0 0 1 0 0 0 0 0 0 0 1 1 -1 1 0 -1 0 -1 1 -1 1 1 -1 1 0 1 0 0 0 1 1 0 1 1 0 1 0 0 0 0 0 -1 1 0 1 0 0 0 0 1 -1 1 1 -1 -1 1 1 0 1 1 0 1 -1 0 0 -1 0 -2 0 0 1 -1 0 0 1 0 -1 1 0 0 1 1 1 -1 0 0 0 0 0 -1 0 0 1 0 -1 0 -1 -2 1 0 0 0 1 0 0 -2 1 -1 1 1 0 0 -1 0 1 0 -1 1 0 0 1 1 1 1 0 -1 -1 1 1 1 2 0 -1 1 0 0 0 0 0 0 -1 1 0 -1 -1 0 0 1 -1 0 0 1 0 0 0 0 0 0 -1 0 0 0 1 0 0 1 -1 1 0 0 0 -1 1 -1 -2 0 0 0 0 1 0 1 0 0 0 -1 0 0 1 0 0 0 1 0 -1 0 0 1 0 1 0 0 0 0 1 0 -1 0 1 1 0 1 1 1 1 -2 1 1 -1 -1 0 0 -1 0 -1 0 0 0 1 -1 1 1 -1 0 0 0 0 0 0 0 -2 1 0 0 -1 0 0 -1 0 1 0 0 0 0 -1 -1 1 1 0 1 2 -1 -1 1 1 0 0 -1 0 1 -1 0 0 2 -1 0 1 0 -2 0 0 -1 0 0 2 1 0 0 0 -1 1 -1 0 -1 -2 2 -1 0 0 0 1 0 1 0 -1 0 0 -1 0 1 -1 1 0 0 0 1 0 1 0 -1 0 1 0 -1 -1 -1 0 1 1 0 -2 1 0 0 0 0 0 -1 0 0 0 1 0 2 0 0 0 -1 0 0 0 1 -1 0 -1 0 0 0 1 1 -2 0 -1 1 0 0 0 1 -1 0 0 0 1 0 -1 -1 -1 0 0 1 1 0 0 1 0 0 2 -1 0 0 1 0 1 -1 0 -1 -1 -1 -1 0 0 0 1 -1 1 1 -1 -1 0 1 0 -1 -2 1 -2 0 -1 0 -1 -1 0 0 -1 -1 1 0 0 0 1 0 1 1 1 0 0 0 0 0 1 1 0 1 0 0 0 0 -1 0 1 -1 0 0 -1 2 -1 -1 0 1 0 0 0 0 0 0 -1 -1 -1
-1 0 0 0 0 0 -1 -1 1 -1 1 -1 0 1 1 1 1 0 0 -1 0 1 0 -1 0 -1 -1 -1 1 2 1 1 0 0 0 0 -1 2 1 0 0 1 0 1 0 -1 0 -1 -1 0 0 0 2 -2 1 1 1 -1 0 1 0 0 -2 0 1 0 1 0 0 1 0 0 -1 1 0 -1 2 1 0 1 2 0 0 -1 1 0 1 1 1 -1 0 -1 0 -1 0 0 0 1 0 -1 1 0 0 0 1 0 -1 0 -1 -1 -1 0 1 0 -1 -1 0 -1 0 0 -1 0 -1 0 0 0 0 0 0 0 -1 0 1 -1 0 0 0 0 0 0 -1 0 0 0 1 1 0 -1 -1 0 1 -1 0 0 -2 1 1 0 1 0 -1 1 -1 0 -2 -1 0 0 -1 -1 0 0 0 1 1 -1 1 1 0 -1 1 -1 0 0 1 -1 -2 0 0 0 1 -1 0 -1 -1 0 0 -1 0 -1 1 0 1 0 0 -1 0 0 0 0 1 0 -1 -1 0 -1 1 0 1 -1 0 0 1 -1 1 -1 1 1 0 0 0 0 -1 0 0 0 -1 1 1 0 0 1 1 1 -1 0 0 0 0 1 1 0 0 0 0 -1 1 0 1 -1 1 0 -1 1 0 -1 0 -1 -1 -1 0 1 1 1 1 1 1 0 0 0 0 1 0 0 0 0 -1 0 1 -1 1 -1 1 -1 0 1 -1 0 0 0 0 0 0 -1 0 0 0 -1 1 -1 0 0 0 -1 1 -1 1 0 0 0 0 0 0 2 -1 0 0 1 0 -1 -1 1 -1 0 0 0 0 1 0 0 0 1 0 1 -1 -1 1 -1 0 0 -1 0 1 -1 0 -2 1 0 0 1 -1 0 -1 0 1 -1 0 -1 1 -1 0 1 1 0 0 0 1 0 -1 -1 -1 0 -1 0 0 0 0 -1 1 1 -1 0 0 1 0 1 0 0 0 0 0 1 -1 1 1 0 1 1 1 1 0 0 0 1 1 -1 1 0 -1 1 -1 1 -1 1 1 0 0 1 0 0 0 0 1 0 0 0 -1 -2 -1 0 0 -1 1 0 1 0 0 0 0 -1 0 1 -1 -1 -1 -2 -1 0 -1 -1 -1 -1 1 0 0 0 -1 0 0 0 0 0 1 0 1 -1 1 0 1 1 1 0 -2 0 0 -2 0 1 -1 0 0 1 0 -1 0 0 0 -1 0 0 0 0 0 0 1 -1 -1 -1 0 -1 0 0 -1
-1 1 0 1 0 -1 0 -1 1 1 -1 0 -1 1 1 0 -1 0 1 0 0 -1 -1 0 0 0 -1 1 0 2 0 -1 0 0 0 0 -1 -1 1 0 1 0 -1 -1 -1 -1 0 -1 1 0 1 1 -1 -1 0 0 0 1 0 0 -1 0 0 0 -1 0 0 0 0 1 -2 1 1 1 -1 -1 -1 1 -1 1 1 1 0 1 0 0 0 0 -1 0 -1 -1 0 0 -1 1 0 0 1 -1 0 -1 0 0 0 0 0 -1 1 2 0 0 0 1 0 0 1 -1 -1 0 1 0 0 0 0 -2 -1 -1 0 1 1 0 0 0 0 -1 1 -1 -2 0 0 0 0 1 0 1 1 0 1 1 2 0 0 0 0 1 0 0 0 1 0 0 0 1 -1 0 0 0 0 0 -1 -1 1 -1 2 -1 0 1 -1 0 -1 1 0 0 0 0 1 0 -1 0 0 0 0 0 -1 0 -1 1 -1 -1 -1 0 1 1 0 -1 1 0 1 2 0 1 1 0 0 0 0 1 1 0 0 -1 0 -1 1 0 0 0 -1 0 0 0 1 0 1 1 0 0 -1 -1 0 1 0 1 0 1 0 -1 1 0 0 0 -1 0 0 1 -1 0 0 -1 1 -1 1 0 -1 -1 0 0 -1 0 -1 1 0 0 1 -1 0 0 0 0 0 1 -1 -1 -1 1 0 0 0 -1 1 0 -1 1 0 -1 0 0 0 1 0 1 0 1 0 -1 -2 -1 1 1 0 0 0 -1 0 -1 1 0 -1 -1 1 -1 0 0 -1 -1 1 0 0 0 0 0 -1 -1 1 2 0 0 1 0 0 -1 1 0 1 -1 0 1 0 -1 0 0 -2 0 2 1 0 0 0 1 0 1 1 -1 0 -1 1 1 -1 0 0 1 1 -1 -1 0 1 1 0 0 -1 0 0 1 -1 -1 1 1 0 -1 0 -1 0 -1 -1 1 0 0 -1 0 1 -1 -1 0 -1 0 -1 -1 -1 0 0 0 1 -1 1 0 0 1 0 0 1 1 0 -1 0 0 0 1 0 1 1 0 0 -1 0 1 0 -1 1 0 1 0 -1 0 0 1 1 0 1 -1 0 1 0 0 -1 -1 0 2 0 1 -1 -1 0 -1 0 0 -2 0 0 -1 1 0 -1 0 0 0 0 0 0 -1 0 1 1 1 0 0 0 0 0 -1 0 0 1 1 0 -1 1 0 0 0 0 0 0 0 0 0 0 0 1 -1 -1 0 -1
-1 -1 0 -1 1 1 0 0 0 0 1 0 0 1 0 0 1 1 0 0 0 -1 1 0 1 0 -1 1 0 1 0 1 0 0 -2 0 -1 0 0 0 0 0 1 0 1 -1 0 0 1 0 0 1 1 0 1 -1 2 1 0 0 0 1 1 0 0 0 0 1 2 1 0 -1 0 0 0 0 0 1 0 0 0 -1 0 0 -1 0 2 0 0 0 2 0 -2 0 0 1 1 0 0 0 0 1 0 0 0 -1 0 0 1 0 -1 1 0 -1 1 1 -1 1 0 0 -1 0 0 -1 -1 0 0 0 1 1 0 1 0 0 0 0 -1 1 1 -1 -1 -2 0 0 0 1 0 0 0 0 -1 1 0 0 0 -1 -1 -1 -1 0 0 -1 0 1 0 1 2 1 -1 0 0 0 0 0 2 0 1 1 -2 -1 0 1 -1 1 0 -1 0 0 -1 0 -1 -1 0 -1 -1 1 0 2 0 0 -1 -1 0 0 1 -2 0 1 0 1 -1 0 1 0 0 0 0 0 0 0 0 -1 -1 0 -1 1 -1 0 2 0 1 -2 1 0 0 0 -2 -1 0 -1 0 0 1 2 0 0 0 0 0 0 0 0 0 -1 0 0 0 1 0 -1 0 0 1 1 0 -1 0 2 -1 1 0 0 1 0 1 -1 1 -1 -1 0 0 -1 0 0 0 0 0 1 0 1 0 0 0 -1 -1 0 0 0 0 0 -1 0 0 -1 -1 0 -1 -2 0 1 1 1 -1 -1 0 -2 -1 1 0 1 1 0 1 1 0 -1 0 -1 -1 0 1 0 0 0 0 0 0 -1 1 -1 -1 0 -1 0 1 0 0 0 -1 0 0 0 -1 0 -1 0 0 1 0 0 2 0 0 0 0 0 0 0 0 1 0 1 -1 -1 -1 1 -1 -1 0 0 0 -1 0 0 1 0 -1 1 -1 -1 0 0 0 0 0 -1 1 0 0 0 -1 0 0 0 -1 0 -1 0 1 -1 0 -1 1 0 0 0 0 -1 1 0 0 0 0 0 0 0 -1 -1 -1 -1 0 1 0 0 0 0 1 -1 -1 -1 -1 0 2 0 0 -1 1 1 -1 -1 0 0 -1 0 0 1 -1 0 0 2 0 1 1 0 0 0 0 0 -1 0 0 -1 0 -1 -1 0 0 1 1 0 -1 0 1 0 0 -1 0 1 0 0 0 -1 1 0 0 1 1 0 0 1 0 -1 1 1 0 -1 0 -1 0 0 -1 -1 1
-1 1 1 -1 0 1 0 -1 1 0 -1 1 -1 0 -1 -1 1 -1 0 -1 0 0 1 0 0 -1 -1 1 0 0 1 0 0 -1 -1 0 0 -1 0 1 -1 1 0 0 0 1 1 0 0 -1 0 1 -2 -1 1 1 2 0 1 1 1 0 0 2 0 0 -1 1 0 0 -1 0 0 1 -1 0 1 0 -1 0 2 0 0 1 0 -1 0 0 0 0 -1 0 -1 -1 1 1 0 -1 -1 -1 0 -2 -2 -1 -1 0 0 1 0 0 -1 0 0 0 0 0 0 -1 0 0 0 1 1 0 1 1 0 0 1 0 -1 -2 0 0 -1 -1 0 0 2 1 -1 0 0 1 -1 0 0 0 -1 0 0 1 -2 -1 0 0 1 -1 1 0 0 1 0 0 -1 -1 2 0 1 0 -1 0 -1 1 0 1 -1 -1 1 0 0 0 -1 0 -1 0 0 0 0 0 0 -2 1 1 0 0 1 0 0 1 0 1 0 0 0 1 -1 1 -1 0 0 0 -1 -1 1 0 1 -1 -1 0 0 1 0 1 1 0 0 0 0 0 0 0 -1 0 0 1 1 -1 1 -1 -1 1 0 0 -1 -1 -1 0 0 0 0 -1 0 0 1 0 0 0 1 1 0 1 -1 1 -1 -1 -1 0 0 -1 0 0 0 1 -1 0 1 -1 0 0 0 1 -1 1 1 0 1 -1 0 0 -1 1 0 0 0 1 0 0 1 -1 0 0 1 1 -1 2 1 0 -1 -1 0 -1 -1 1 1 1 0 -1 1 1 -1 0 0 0 1 0 0 0 0 0 -1 -1 0 0 -1 -1 1 0 0 -1 -1 1 0 0 0 0 -1 1 -1 0 0 -1 -1 0 -1 1 0 -1 0 -1 -1 1 0 -1 0 1 0 1 -1 0 1 -1 0 -2 0 1 0 1 1 0 0 0 0 0 -1 -1 0 1 0 0 0 -1 -1 0 0 0 0 -1 1 1 0 1 0 0 0 -1 0 0 0 0 1 1 1 -1 0 -1 0 -1 1 -1 0 0 0 0 0 -1 -1 -1 0 -1 1 0 0 1 0 -2 -1 -1 0 1 0 0 0 1 0 1 0 0 -1 0 0 1 1 0 0 0 -1 -1 1 0 0 -1 1 0 -2 1 -1 0 2 1 0 -1 0 1 0 0 -1 0 -1 0 -1 -1 1 0 1 -1 1 0 0 0 0 0 0 1 0 1 0 0 1 0 -1 0 1 -1 -1 0 -1 -1 1 -1 0 1 0
-1 0 2 1 0 0 0 1 0 1 0 -1 0 0 2 0 -1 1 1 0 -2 0 0 0 0 1 0 1 0 0 0 -1 1 0 -1 1 -1 2 0 -2 0 -1 1 0 -1 0 1 0 0 1 -1 1 0 0 -1 0 0 0 0 1 0 0 1 0 -1 0 0 0 0 0 1 0 1 1 2 1 0 1 1 -1 1 0 1 -1 -1 0 1 0 0 1 -1 -1 0 0 1 -1 0 1 -1 0 1 -1 0 0 1 0 0 1 0 0 0 0 1 1 1 0 0 0 -1 -1 -1 0 0 -1 0 0 0 1 0 -1 0 0 0 0 0 0 -1 -1 1 1 1 0 -1 0 0 0 0 0 0 0 0 -1 -1 0 0 -1 1 0 0 -1 0 -1 1 0 0 0 0 2 1 -1 0 -2 0 0 1 0 0 0 -1 1 -1 0 -1 -1 1 -1 1 0 0 0 -1 0 -1 0 0 0 0 -1 0 -1 0 0 -1 0 1 -1 2 0 0 -1 0 0 -1 1 0 0 0 -1 0 -2 -1 -1 -1 0 0 1 0 0 0 -1 1 0 1 1 -1 0 -1 -1 0 1 2 1 0 1 1 0 1 1 -1 -1 0 -1 1 -1 0 1 0 -1 0 -1 0 1 -1 0 0 0 1 0 0 1 -1 0 0 0 0 0 0 0 0 0 -1 -1 1 0 0 0 -2 0 0 0 0 0 0 0 0 0 0 0 1 0 -1 0 0 1 1 0 1 0 0 0 0 -1 2 1 0 -1 -1 0 1 0 0 0 -1 0 0 -1 1 0 -1 -1 0 0 -1 0 1 1 1 -1 -1 -1 0 0 0 1 2 0 1 1 0 -1 1 1 0 -1 0 0 -1 0 0 -1 -1 2 0 1 -1 0 1 0 -1 0 0 0 0 1 0 0 0 1 0 0 0 0 -1 0 0 1 0 1 -1 0 0 0 2 -1 0 1 1 0 1 0 0 0 1 -1 -1 1 -1 0 -1 -1 0 -1 0 0 0 0 0 0 0 0 0 0 0 0 0 1 -2 1 0 0 0 0 1 -1 -1 0 0 -1 0 0 0 -1 0 1 0 -1 1 -1 0 -1 0 -1 -1 0 1 0 -2 2 -1 -1 1 1 0 -1 1 -1 0 0 1 0 1 1 -1 0 2 0 -1 0 1 0 0 1 0 -1 0 1 -1 1 0 0 -1 0 -1 1 1 0 0 0 0 0 1 0 0 1 0 -1 0 1 -1 0 1 0 0
-1 -1 0 -1 0 0 0 0 0 0 0 1 1 0 0 0 0 1 0 0 0 -1 0 1 1 0 0 0 -1 1 0 0 0 -1 1 1 0 -1 1 0 0 0 0 1 1 -1 0 0 1 0 1 -2 0 1 0 1 -1 -1 0 0 0 0 0 0 1 0 0 1 0 0 -1 0 0 0 -1 0 0 -1 0 0 1 1 1 -1 0 0 1 -1 -1 0 -1 0 -1 2 0 1 0 1 1 0 1 -1 1 1 -1 1 1 0 -1 -1 -1 -1 -1 0 0 0 -1 0 0 -1 0 1 2 -1 0 0 1 -1 1 0 0 0 -1 0 0 0 0 0 0 1 0 0 1 0 1 0 1 -1 0 0 -1 0 0 2 -1 0 1 -1 1 1 0 0 0 -1 -1 0 0 -2 0 0 1 -1 0 1 -1 0 -2 2 0 0 0 0 0 0 0 1 0 -1 0 1 0 1 -1 0 0 0 0 0 -1 1 0 0 2 0 -1 -1 1 0 1 0 0 1 0 0 1 1 1 0 0 1 0 2 0 0 1 1 0 1 -1 0 1 1 -1 -1 1 1 0 1 -1 0 1 0 -1 1 -1 0 0 1 1 0 0 1 0 -1 0 0 0 0 1 1 0 1 0 1 0 0 -1 0 0 1 -1 -1 -2 -1 -1 0 0 -1 0 0 0 1 -1 0 0 0 -1 0 -1 0 2 1 0 1 0 1 0 -1 0 1 -1 0 0 0 0 1 -2 1 -1 0 1 0 -1 -1 0 0 0 1 -1 0 0 -1 0 0 1 0 0 -1 1 2 0 0 0 1 0 1 2 -1 0 0 0 1 0 0 1 0 0 1 -1 0 -1 0 1 0 0 0 1 0 -1 -1 0 -1 -1 0 -1 0 0 0 1 0 -2 0 1 0 -1 0 -1 0 -1 -1 0 0 1 0 2 0 0 0 0 -1 0 -1 0 0 -1 0 0 0 -1 1 -1 0 -2 0 1 0 1 -1 0 -1 -1 -1 1 0 -1 -1 1 0 0 0 0 0 0 0 -1 -1 1 1 0 0 0 0 0 -1 0 1 0 1 1 -1 1 1 0 1 -1 0 0 1 1 1 -1 1 1 0 1 1 1 1 -1 0 0 -1 1 0 -1 1 0 0 0 -1 -1 0 0 0 0 1 0 0 0 0 1 0 -1 0 0 1 0 -1 0 0 2 1 0 0 0 -1 0 -1 0 1 0 -1 0 1 0 1 0 1 -1 -1 0 0 0
-1 0 0 0 0 -1 -1 1 0 -1 0 0 0 0 -1 -1 -1 -1 0 1 0 0 0 -1 0 -1 1 0 -1 0 0 -1 1 0 -2 -1 1 -1 -1 -1 0 1 0 1 0 -1 0 -1 0 1 1 0 1 0 0 0 1 0 1 0 0 1 0 -1 0 -1 1 0 1 0 1 0 -1 0 -1 0 1 -1 0 0 -1 0 0 1 1 0 0 0 1 -2 -1 1 1 0 0 0 -1 -1 0 1 1 0 0 -1 -1 0 0 -1 0 0 0 1 1 -1 0 1 0 0 0 0 0 0 0 0 1 1 -2 -1 0 0 0 0 -1 0 0 -1 0 -1 0 -1 0 1 -1 0 0 0 1 0 0 2 0 -1 0 -2 0 0 0 1 -1 1 0 1 0 1 1 0 1 -1 1 1 0 0 0 1 2 0 1 0 0 -1 -1 0 0 0 0 1 0 0 0 0 1 1 0 -1 1 0 0 0 0 0 0 0 0 0 0 -1 0 0 -2 0 -1 1 1 1 0 0 0 0 -1 0 1 2 -1 0 1 1 0 -1 1 0 0 0 0 0 0 1 0 0 0 0 0 0 -1 -1 0 0 0 0 -1 1 0 -1 1 1 0 -1 0 -1 0 2 1 2 0 -1 -1 -1 0 -2 0 -1 0 0 0 0 0 0 1 -1 1 1 1 1 0 0 1 0 1 1 0 -1 0 0 1 0 1 -1 0 0 0 0 0 2 -1 0 0 0 0 1 0 -1 -1 -1 0 0 1 0 0 0 0 0 1 0 0 0 0 0 0 0 1 0 0 -1 0 0 0 0 0 0 0 0 1 -1 0 0 0 -1 1 0 0 -1 0 0 2 1 0 0 1 0 0 0 0 1 0 1 1 0 -1 0 -1 -1 0 0 1 -1 1 -1 0 0 -1 0 0 1 1 -1 1 1 0 1 0 0 0 -1 -1 0 0 0 0 0 0 1 0 -1 -1 -1 1 -1 1 -1 0 -1 -1 0 -1 0 -1 0 1 0 1 0 2 0 -2 1 0 0 0 1 -1 0 0 -1 0 0 0 1 0 0 0 1 1 0 0 1 1 0 0 1 1 0 1 -1 0 1 1 -1 2 -1 0 0 -1 1 0 0 0 2 0 0 2 1 -1 0 0 -1 0 1 0 -1 -1 -1 0 -1 0 -1 0 -1 1 1 0 -1 0 0 -2 0 0 -1 -1 0 -2 0 -1 1 1 0 0 0 -1 0 0 0 0 -1 0
-1 -1 0 0 0 1 1 0 0 0 1 0 -1 1 0 0 1 -1 0 0 1 0 0 1 0 -1 1 0 0 0 0 1 1 1 2 0 -1 0 1 1 0 -1 0 0 -1 0 1 1 1 0 0 0 0 1 0 -1 1 1 0 0 -1 0 -1 -1 0 -2 -1 1 0 -1 0 -1 0 0 0 -1 0 0 -1 -1 0 0 0 0 0 1 0 0 1 1 2 -1 0 -1 0 -1 0 0 -1 0 0 0 0 1 1 -1 0 0 -1 -1 0 -1 0 0 -1 -1 1 0 -1 0 0 0 1 1 1 2 1 -1 0 0 0 1 -1 1 0 1 1 -1 1 -1 0 0 0 0 0 -1 0 0 -1 1 0 -1 0 0 0 0 1 0 -1 -1 -1 0 -1 1 0 0 -2 0 0 0 0 0 0 -1 -1 1 -1 -1 0 0 0 0 -1 1 0 0 0 0 1 1 -1 0 -2 0 1 -1 -1 1 0 0 1 0 0 0 0 0 -1 0 0 0 1 -1 -1 -1 1 0 0 0 1 1 0 -1 -1 1 1 -1 0 0 0 1 2 0 0 1 0 0 0 -1 1 -1 1 0 0 0 1 0 -1 -1 -1 -1 0 -1 -1 -1 0 -1 0 0 -1 0 0 0 -1 1 0 0 1 1 1 0 -1 0 0 -1 1 0 0 -1 0 -1 -1 -1 0 -1 0 0 1 0 0 0 -1 0 0 1 0 0 0 0 1 0 0 0 1 0 0 -1 0 0 0 -1 0 1 1 -2 0 0 1 -1 0 0 -2 1 -1 1 -1 1 0 -1 0 0 0 1 1 0 -1 -1 -1 0 0 0 0 0 0 0 0 0 -1 -1 0 1 -1 -1 -1 1 0 0 0 1 1 1 -1 0 0 0 0 -2 0 0 0 0 1 1 0 0 0 0 0 -1 -1 2 0 0 0 1 0 1 0 0 1 0 0 0 0 0 0 0 0 -1 -1 1 0 -1 1 -1 1 -1 1 1 1 -1 0 -1 -2 -1 0 0 -1 -1 0 0 1 0 1 0 0 0 0 0 0 0 0 0 -1 0 1 1 0 0 0 0 1 0 -1 0 -1 -1 -1 0 -1 1 1 1 -1 0 0 0 0 -1 0 -1 0 1 -1 1 0 -1 -1 1 0 0 -2 0 0 0 -1 -1 0 0 0 1 -1 1 -1 -1 -1 -1 1 1 1 1 0 0 0 -1 -1 -1 -1 1 0 -1 1 0 2 1 0 -1 1 1 1 1 1 1 1
-1 1 0 0 1 -1 1 1 0 0 -1 0 1 0 -1 1 1 0 -1 -2 0 0 0 0 -1 0 0 -1 0 -1 1 0 0 -1 -1 0 0 -2 0 0 0 1 0 0 0 0 0 1 0 1 0 -1 0 -1 0 0 -1 0 0 1 0 0 0 0 -1 0 0 -1 -1 0 -1 -1 0 -1 2 1 0 0 -1 -1 -1 0 0 0 0 -1 -1 0 -1 0 1 0 0 0 -1 -1 -1 1 0 0 0 -1 0 1 0 0 0 1 1 -2 1 0 0 0 -1 1 2 -1 0 0 -1 1 -1 1 -1 -1 1 0 1 1 -1 1 0 0 0 0 0 0 0 1 -1 0 0 1 -1 0 -1 1 0 0 -1 1 0 1 -1 0 0 0 -1 1 0 0 -1 0 1 0 0 0 1 1 0 1 -1 1 1 -1 0 0 1 1 0 0 0 0 -1 0 -1 0 0 -1 -1 1 0 1 -1 1 1 0 1 -1 0 -1 0 -1 -2 1 -1 1 0 0 -1 0 0 1 1 0 0 0 0 -1 0 -1 0 0 -1 0 0 0 -1 1 0 1 -1 1 1 -1 1 0 1 0 1 -1 0 1 1 -1 1 0 1 1 -1 -1 1 0 1 0 -2 1 0 1 -1 0 1 1 -1 0 0 1 0 -1 0 -1 1 -1 -1 0 0 0 0 -1 0 1 0 0 -1 0 0 1 -1 0 -1 0 -1 2 1 1 -1 0 1 0 0 0 0 0 0 0 0 1 1 0 -1 -1 1 0 -1 1 0 0 0 1 0 0 0 -1 0 -2 1 0 1 0 0 0 0 0 1 0 0 0 0 1 1 0 0 0 1 0 0 0 0 1 1 0 1 0 1 0 1 -1 0 1 2 0 0 0 -1 0 0 -2 0 -1 -1 0 0 0 0 0 1 0 0 1 1 -1 1 1 0 1 1 0 -1 1 1 0 0 0 0 -1 0 0 0 1 1 0 1 1 0 0 0 0 0 1 -1 0 0 1 -1 1 -1 -1 -1 0 1 1 -1 0 1 -1 0 1 -1 0 -1 0 0 0 0 1 -1 1 -1 -1 -1 0 -1 1 0 2 0 -1 0 0 1 0 -1 -1 1 -1 2 0 0 1 0 0 -1 0 0 0 0 0 0 0 2 -1 0 0 -1 0 2 0 -1 0 -1 1 1 1 0 -1 0 0 -1 0 -1 0 0 0 1 2 -1 0 -1 -1 1 -1 0 -1 2 0 1 0 -1 0 0 -1 0
-1 -1 1 -1 0 1 -1 1 1 0 -1 1 0 -1 1 -1 1 1 0 0 -1 0 0 0 0 0 0 0 0 0 0 0 0 1 0 -1 1 1 -1 0 1 -1 0 0 0 -1 -1 1 0 0 0 -1 1 0 0 0 -1 0 0 0 0 0 0 1 -1 -1 0 -1 -1 0 -1 -1 1 0 0 1 0 1 0 1 0 0 0 1 0 -1 0 1 -1 -1 0 -1 0 -1 -1 0 0 1 1 0 0 1 -1 0 0 0 0 1 1 0 -1 1 0 0 -1 -1 0 0 -1 -1 0 1 0 0 -1 0 0 -1 1 1 -1 1 0 -1 0 0 0 0 1 0 0 0 0 0 0 -1 0 1 1 1 -1 1 1 0 0 0 0 -1 1 0 0 -1 -1 0 0 0 0 0 1 0 0 0 0 -1 1 0 0 0 0 0 0 0 0 -1 0 0 -1 2 0 -1 0 0 0 -2 0 0 -1 -1 0 0 1 1 0 0 0 -1 0 0 0 -1 0 1 -1 0 1 1 0 -1 0 0 0 0 1 0 0 -2 0 -2 0 1 -1 -1 1 1 0 0 1 1 1 1 1 0 0 0 0 -2 -1 -1 0 0 2 0 -1 1 1 0 2 1 0 1 1 0 -1 0 0 1 0 -1 -1 0 -1 0 -1 1 1 1 0 1 -1 -1 0 -2 0 0 -1 1 0 0 0 0 -1 1 0 1 -1 1 1 0 0 0 -1 0 -2 0 0 0 1 0 0 0 1 -1 1 0 0 -1 -2 0 1 1 0 1 0 0 -1 -1 0 2 0 0 1 1 0 1 1 0 0 0 1 0 0 1 0 1 -1 0 -1 0 0 0 1 1 -1 0 -1 0 0 1 1 0 -1 1 -1 0 0 -1 0 0 -1 -1 -1 1 0 1 1 0 -1 0 2 -1 1 0 0 0 0 0 0 0 1 -1 1 1 1 1 0 -1 1 -1 0 -1 0 -1 0 0 1 0 0 0 -1 0 0 1 0 1 1 1 -1 0 1 -1 0 -1 -1 -1 -1 -1 1 0 0 -1 -1 1 0 1 0 0 0 0 -1 0 0 1 0 2 0 0 1 0 1 0 -1 0 0 -1 1 -1 -1 1 1 -1 0 -1 0 0 0 0 0 0 0 2 -1 0 -1 1 2 1 0 1 0 0 2 0 0 0 1 0 -1 0 -1 1 1 0 1 0 1 -1 -2 0 1 0 1 -1 1 0 0 0 0 0 0 1 0 0 0
-1 0 0 0 1 -1 0 0 0 0 0 0 0 0 -1 -1 0 0 0 -1 1 0 -2 0 0 -1 0 0 1 0 -1 1 -1 0 -1 0 0 0 1 0 -1 0 1 0 2 1 0 -1 1 -1 0 0 -2 1 0 1 0 -1 -1 1 -1 0 0 -1 0 -1 0 1 0 0 -1 0 0 0 0 0 0 0 0 -1 -1 -1 1 1 -1 0 1 1 0 1 -1 -1 0 0 -1 -1 0 0 0 -1 -1 0 -1 0 0 0 0 0 1 0 0 -1 -1 1 1 1 -1 -2 -1 1 0 0 0 1 -1 0 0 0 0 1 0 -1 0 0 -1 -1 1 0 -1 0 0 0 -1 1 -1 0 1 -1 -1 0 0 0 -1 0 0 1 -1 0 1 0 1 0 0 0 1 0 0 0 -1 0 -2 0 0 0 1 0 0 -1 0 -1 0 1 1 -1 -1 0 0 -1 -1 1 0 1 1 0 -1 0 1 -1 0 0 0 0 -1 0 0 1 0 0 0 -1 1 0 -1 -1 -2 0 0 1 1 0 1 1 1 0 0 -1 0 -1 0 -2 0 0 0 -2 0 0 0 2 0 -1 0 0 0 0 0 0 1 0 0 0 -1 0 -1 0 -1 1 -1 -1 -1 0 0 0 0 0 -1 0 -1 0 1 1 0 1 0 1 0 -1 0 1 1 1 1 1 0 1 0 0 -1 0 0 0 1 -1 -1 -1 0 0 0 0 0 1 1 0 0 -1 0 -1 -1 0 0 -1 1 0 0 1 1 0 0 -1 0 0 0 1 0 0 -1 1 0 1 -1 0 0 0 0 0 1 -1 0 0 -1 1 0 0 1 0 0 -2 -1 -1 -2 0 0 0 -1 -1 1 -1 1 -2 0 0 -1 0 0 0 0 0 0 1 0 0 0 0 0 0 1 0 -1 -1 0 0 -1 0 -1 0 -1 0 2 0 1 0 1 1 0 -1 1 1 -1 2 0 0 1 0 1 0 1 0 -1 -1 1 1 -1 0 0 0 1 0 0 0 1 1 0 1 0 0 -1 -1 1 1 0 -1 1 0 0 0 1 -1 0 1 0 0 0 1 -1 -1 0 0 -1 -1 2 0 0 0 0 1 0 0 0 0 0 0 0 1 -1 0 -1 0 1 1 -1 0 0 0 -1 -1 -1 0 0 0 -2 -1 0 -1 -1 0 1 0 1 0 1 0 -1 -1 -2 0 0 0 0 0 1 1 0 0 1 0 0 0 0 0 0 -2 -1 0 0
-1 0 1 0 0 -1 0 -1 0 -1 0 0 0 0 0 1 0 1 0 -1 1 0 0 0 0 1 0 0 1 0 1 -1 0 0 0 1 -1 -1 1 0 -1 -1 0 0 0 1 0 1 1 0 1 0 -1 0 1 0 1 0 0 1 -1 0 0 -1 0 -1 1 -1 0 0 -1 0 0 1 0 1 0 0 0 0 0 2 -1 0 0 -1 0 -1 0 -1 1 1 1 1 -1 2 0 -1 0 -1 0 0 1 0 0 0 0 0 0 0 0 0 0 0 -1 0 0 -1 1 1 0 1 1 1 1 0 0 0 1 0 1 0 0 0 0 0 0 -1 0 0 1 1 -1 -1 1 0 0 0 0 0 0 2 0 0 -1 1 2 1 -1 0 -1 1 0 0 0 0 1 0 0 0 0 0 0 -1 0 -1 1 -1 1 0 1 0 0 0 0 -1 0 0 -1 -1 -1 -1 0 0 0 -1 0 1 1 0 0 -1 0 0 -2 0 -1 1 0 0 1 0 -1 -1 1 -1 0 0 -1 0 0 0 0 0 1 1 1 -2 0 2 0 -1 -1 1 0 0 1 0 0 1 0 0 -1 1 0 0 1 -1 -1 1 1 -2 0 0 0 -1 0 0 -1 1 0 0 0 0 0 0 0 0 1 -1 0 1 0 1 1 0 2 1 0 2 1 1 -1 0 0 0 0 0 -1 0 0 1 1 0 0 1 0 0 0 0 0 0 -1 -1 0 1 0 0 0 1 0 -1 1 -1 0 -1 1 1 0 0 1 -1 -1 0 0 1 0 1 0 -2 -1 -1 0 0 1 0 1 1 0 0 -1 1 0 0 0 0 1 0 0 -1 0 0 -1 -1 1 0 0 1 0 0 0 -1 -2 0 1 0 1 0 0 -1 1 -1 0 -1 0 0 0 0 -2 1 0 0 0 -1 1 0 -1 0 1 0 1 0 0 -2 0 0 0 0 0 0 1 2 1 0 1 -1 1 -1 0 0 1 1 1 0 1 -1 -1 0 2 1 0 -1 0 0 1 1 0 0 0 0 0 0 0 -1 0 1 0 1 1 1 -2 0 0 -1 1 0 0 0 0 1 0 0 1 0 0 0 0 -1 0 0 0 1 0 0 0 0 0 -1 1 0 0 0 1 -1 1 -1 1 0 0 2 1 0 1 -1 -1 0 -1 0 0 0 0 1 0 1 2 0 0 1 -1 -1 0 1 -1 -2 -1 0 -1 0 0 1 1 1 0
-1 1 1 0 0 2 1 1 0 0 -1 1 1 0 0 0 0 -1 1 1 0 1 0 0 0 -1 1 1 -1 1 1 0 1 -1 0 0 0 1 0 2 -1 0 0 0 0 -1 0 0 1 1 0 -1 -1 0 0 0 1 2 0 0 0 0 0 1 0 0 1 0 0 0 1 1 0 1 -1 0 0 0 1 -1 -1 0 0 0 -1 0 0 2 0 0 1 -1 1 0 -1 0 -1 0 0 0 0 -1 1 0 0 1 0 0 1 -1 0 1 0 1 -1 0 0 0 0 0 -1 1 1 0 0 -1 -1 1 -1 1 -2 -1 1 1 0 0 0 -1 1 0 0 0 -1 0 0 -1 0 1 -1 1 0 0 0 -1 -1 0 0 0 -1 -1 -1 -1 0 0 0 0 0 0 0 1 1 0 -1 -1 -1 -1 0 1 0 0 1 1 0 0 1 -1 1 1 0 0 1 0 0 2 0 1 0 1 2 1 0 1 0 -2 0 -1 -1 0 0 -1 0 0 0 0 0 -1 -2 -1 0 0 -1 0 0 0 0 0 0 -1 1 1 -1 1 1 0 1 0 1 0 0 0 0 0 -1 -1 0 -1 -2 0 1 -1 1 -2 0 -1 -1 -1 0 1 0 0 0 -1 0 0 0 1 -1 -1 0 0 0 -1 1 0 0 0 -1 0 0 1 0 0 1 -1 -1 0 -1 0 0 -1 0 1 0 0 0 1 0 0 -1 0 1 0 -1 1 -1 1 -1 0 -1 0 0 0 1 0 0 0 0 0 1 0 0 0 1 -1 -1 1 0 0 1 0 0 1 1 0 1 0 0 0 -1 0 -1 2 0 0 -2 0 0 0 0 0 1 1 -1 1 -1 0 0 1 -1 0 0 -1 1 0 0 0 0 0 1 0 0 0 -1 0 0 0 -2 1 1 1 0 -1 0 -1 0 0 0 -1 -1 0 -2 -1 0 0 1 -1 1 -1 1 -1 -1 0 0 1 0 0 0 1 0 0 1 0 -1 0 1 1 -1 0 -1 0 1 0 -1 -1 0 1 0 0 -2 0 0 0 -1 1 -1 1 0 0 0 0 1 0 0 1 1 1 0 0 1 -1 0 0 -2 -1 1 -1 0 0 0 0 1 0 -1 1 1 -1 0 1 0 1 0 -1 -1 1 0 -1 -1 0 1 0 0 0 0 0 1 1 0 0 -1 0 1 0 1 0 0 0 0 1 0 0 1 0 0 -1 0 1 -1 0 0 0 0 -1 0
-1 0 -1 1 -1 -1 0 0 1 0 1 0 0 1 0 2 -1 -1 0 0 0 -1 -1 -1 0 0 0 -1 1 -1 1 -1 0 0 0 0 0 0 0 0 -1 0 0 0 1 0 -1 -1 -1 -1 0 1 1 0 1 0 0 0 0 1 -2 0 -2 -1 0 -1 0 1 0 1 -1 -2 0 1 0 0 1 0 1 1 1 1 1 1 -1 1 0 1 0 0 0 0 0 -1 1 -1 1 1 0 -2 1 0 1 1 -1 0 0 0 2 0 0 1 1 1 0 -1 1 -2 0 0 -1 1 1 0 0 0 -1 1 0 1 0 0 -2 1 1 0 0 0 1 1 1 -1 1 -1 0 0 -1 0 0 -1 0 -1 0 1 0 0 1 0 0 0 1 1 -1 0 0 0 1 1 -2 1 -1 0 0 0 -1 1 1 1 0 -1 0 1 0 0 0 0 0 0 0 1 -1 0 0 1 0 0 0 1 -1 -1 0 -1 -1 1 0 0 0 1 0 -1 0 0 0 0 0 1 0 0 1 -1 0 -1 0 1 0 0 1 -1 -1 0 -1 0 -1 0 0 0 0 0 -1 1 0 0 0 0 1 1 0 0 1 0 0 -1 0 0 -2 0 0 0 0 -1 0 0 -1 0 -1 0 1 1 0 1 0 -1 -1 1 1 0 1 0 -2 -1 1 0 0 -1 -1 0 1 0 1 0 0 1 -1 0 0 0 0 0 0 0 0 0 -1 0 1 0 0 -1 0 0 0 0 -1 1 0 0 0 -1 0 1 -2 0 -1 1 0 0 0 -1 0 1 0 0 -1 0 0 1 1 0 0 -1 0 0 -2 1 -1 -1 2 0 0 0 0 0 1 0 1 -1 0 0 0 0 0 0 -1 -1 0 -1 1 1 0 -1 1 1 -1 0 0 -1 2 1 -1 0 0 1 -1 0 -1 -1 -1 1 1 1 -1 0 0 -1 0 0 -1 -1 0 0 1 0 0 -1 -1 1 1 -1 1 0 0 -2 0 0 1 0 0 0 0 1 0 0 1 0 -1 0 0 0 1 0 0 1 0 -1 1 0 0 1 0 -1 0 -2 0 -1 1 0 0 -1 0 -1 0 0 0 0 -1 0 0 0 -1 1 0 0 -1 0 -1 -1 -1 1 1 -1 0 2 0 0 0 0 -1 0 0 0 0 0 0 1 -1 1 -1 1 -1 0 0 -1 0 0 0 1 0 0 -1 0 -1 0 0 2 1 0 -1 1 -1 1 1 -1 1
-1 0 0 -1 1 0 0 -1 1 -1 1 1 0 1 0 0 0 -1 0 -1 1 -1 0 -1 0 0 -1 0 1 0 1 1 0 0 0 0 0 1 -1 0 -1 -1 1 0 -1 0 0 0 0 0 0 0 0 0 0 1 0 0 0 0 0 1 -1 0 1 -1 0 -1 0 -1 0 1 -1 0 0 0 0 0 1 0 0 1 1 0 -1 0 1 0 0 -1 0 0 -1 0 0 1 0 -1 0 -1 0 0 0 -1 -1 0 0 0 0 2 -1 0 1 0 0 -1 -1 0 0 1 0 -1 -1 1 1 0 1 0 -1 0 1 1 -1 1 -1 1 1 -1 0 0 0 -1 0 -1 1 0 0 0 -1 1 -1 0 0 1 1 0 0 0 -1 1 -1 0 0 0 -1 -1 -1 -1 -1 -1 1 -1 0 0 0 0 1 -1 0 1 1 0 0 1 0 0 0 -1 1 0 -1 0 0 -1 1 0 0 0 -2 0 0 0 -1 0 0 0 0 -1 0 0 -1 -2 0 0 0 1 1 1 2 0 0 0 -1 0 0 0 -1 0 0 1 0 0 0 1 -1 -1 -1 0 1 1 -1 -1 1 0 -1 0 1 1 0 1 0 0 -2 1 1 1 -1 1 -1 1 1 0 1 0 1 1 0 0 -1 1 0 1 0 1 -1 1 0 -1 0 0 0 -1 0 0 1 0 0 -1 0 0 0 0 1 -1 0 0 0 1 0 1 2 1 0 0 1 0 -1 -1 0 -1 0 -1 -2 1 0 0 1 -1 0 0 0 0 -1 0 0 0 0 0 0 0 2 -1 1 1 1 0 0 0 -1 0 0 -2 1 -1 -1 0 0 -1 0 0 -1 -2 -1 1 1 1 -1 1 0 -1 -1 1 -1 1 -1 0 -1 -1 0 0 0 0 -1 -1 1 0 0 0 1 1 0 0 1 0 1 1 0 -1 0 -1 1 2 -1 1 -1 0 1 0 1 -1 0 0 -1 -1 -2 -1 1 1 0 0 0 -1 0 -1 -2 1 2 -1 1 0 0 -1 0 0 -1 0 0 -1 0 -1 0 0 -1 -1 0 -1 0 0 1 0 0 -1 -1 -1 0 0 0 -1 1 -2 1 0 0 0 0 0 1 -1 0 0 1 0 0 0 0 0 0 0 2 1 0 -1 1 0 1 1 -1 0 0 1 2 0 -1 0 0 -1 0 1 0 -1 -2 0 0 1 2 0 -1 1 -1 1 -1 1 0 0 -1 0 -1 0 1 -1 -1 0 1
-1 0 1 0 0 1 0 0 1 0 1 1 0 0 0 -1 0 0 0 0 0 0 -1 0 0 0 0 1 0 1 0 -1 1 0 1 0 0 0 1 0 0 -1 0 -1 -1 0 1 1 0 0 0 0 0 -1 -2 -1 1 0 0 0 1 -1 0 0 -1 -1 -1 1 -1 1 1 0 0 1 0 0 0 0 0 0 0 0 0 0 0 -1 1 0 0 1 -1 2 -1 0 0 0 -1 1 0 -1 1 0 1 0 1 0 1 1 0 -1 0 -1 -1 1 1 0 0 0 1 -1 0 0 0 0 0 -1 0 2 -1 1 -2 -1 -1 0 0 1 0 1 2 1 -1 0 0 0 0 0 1 1 -1 1 -1 -1 1 1 1 0 0 -1 0 -1 -1 0 0 -1 0 0 1 1 1 0 0 -1 0 0 -1 1 1 0 0 1 0 1 0 -1 1 0 0 0 -1 0 -2 0 0 0 -1 0 1 1 0 0 0 2 0 1 0 0 0 1 0 1 0 0 -1 1 0 1 0 0 0 0 0 0 0 -1 0 1 0 1 -1 -1 0 1 -1 1 1 0 2 1 0 0 0 1 -1 0 -1 1 1 1 0 0 -1 1 0 -2 -2 1 1 1 -1 1 0 0 0 0 0 -1 0 -1 0 1 -2 0 -1 1 0 1 1 0 1 -1 1 0 -1 0 0 0 0 0 0 0 0 0 -1 0 -1 0 0 0 0 1 0 1 0 0 0 1 -1 -1 0 0 0 1 1 0 0 0 1 -1 1 1 1 0 0 0 0 0 -1 0 0 0 -1 1 1 0 1 0 1 0 0 -1 -1 0 0 -1 0 1 0 -1 0 1 0 0 0 1 0 -2 0 0 2 0 -1 0 -1 0 0 -1 0 0 0 0 0 1 1 0 -1 1 1 1 0 0 -1 0 1 1 1 0 -1 0 -1 1 -1 -2 0 -1 -1 0 1 1 0 0 0 0 1 1 1 0 0 0 0 0 1 0 0 0 -2 1 1 -1 1 2 -2 0 1 0 0 0 1 -1 1 0 0 0 0 0 1 2 1 -2 1 -1 -1 -1 -1 1 -1 -1 0 -1 2 0 1 1 0 1 0 0 -1 2 0 0 1 0 0 0 1 -1 0 -1 0 -1 0 0 -1 1 0 1 0 0 0 -1 -1 0 1 1 0 1 0 0 0 0 1 0 0 0 0 -1 1 0 -1 1 0 1 -1 -1 0 -1 1 1 1 -1 -1 2 -1
-1 0 0 0 -1 0 -1 -1 1 0 -1 0 -1 0 0 -1 -1 0 1 0 0 0 0 0 -1 -1 1 -1 -1 -2 -1 1 0 -1 1 0 0 0 0 1 0 2 -1 1 -1 0 -1 1 0 0 -1 1 -1 0 0 0 0 0 0 0 0 0 0 -1 1 -1 1 -1 0 0 2 1 -1 0 1 1 1 0 0 0 0 0 1 0 1 0 -1 1 -1 0 -1 0 1 0 0 -1 0 1 -1 -1 0 0 1 1 0 0 0 0 1 0 -1 0 0 -1 0 -1 -2 0 -1 1 0 1 0 1 0 -1 0 -1 -1 0 0 0 0 0 1 1 -1 1 0 0 -1 -1 -1 -2 -1 0 -1 1 -1 -2 -1 0 -1 0 -1 1 0 0 1 -1 0 0 -1 -1 -1 0 0 0 0 1 1 0 1 1 0 0 -1 0 0 0 1 -1 1 0 -1 0 0 0 0 1 0 0 0 1 0 -1 -1 -1 0 0 0 0 -1 -2 -1 0 -1 0 0 1 0 -1 -1 1 -1 0 0 0 -1 -2 1 -1 -1 0 -1 1 0 1 0 2 -1 1 0 0 0 -1 -1 -1 0 2 0 -1 1 0 0 -1 -1 0 0 -1 0 0 0 1 0 1 -1 0 0 0 0 1 0 0 -1 0 0 0 0 0 -1 0 0 1 0 0 1 0 1 -1 0 1 1 0 1 1 0 -1 1 1 0 -1 0 0 0 0 -1 0 0 0 0 1 -1 -1 1 -1 -1 0 1 1 -1 0 0 1 0 0 1 0 0 0 0 1 -2 -1 0 1 0 1 1 0 -1 0 -1 0 0 0 0 0 -1 1 -2 2 0 0 1 0 0 0 0 0 0 0 -1 2 1 -1 1 1 1 1 0 0 1 2 -1 0 0 0 0 -1 0 0 0 1 0 2 0 1 1 -1 -2 0 0 0 0 1 0 1 0 1 0 1 -1 -1 0 0 0 1 -1 0 0 1 -1 -1 -1 1 1 1 -1 0 -1 -1 -1 1 0 1 0 1 0 0 0 1 -1 1 1 -1 0 1 0 1 0 0 0 0 1 -1 -1 1 -1 -1 0 1 0 0 0 0 1 -1 0 1 0 1 0 0 1 -1 -1 0 1 -2 0 0 0 0 -1 0 0 -1 0 1 1 0 -1 0 0 1 0 1 -1 -1 0 0 0 2 1 -1 1 0 -1 0 0 -1 -1 1 -1 0 0 1 -1 -1 1 0 2 0 0 0 0 0 0 -1 0 1 0
-1 0 -1 0 1 0 0 0 0 -1 0 0 0 1 1 0 0 0 1 -1 0 0 1 -1 0 0 0 -1 1 0 0 0 1 0 0 0 0 0 0 0 0 -1 -1 0 1 0 -1 -2 0 0 0 0 0 0 0 0 -2 0 0 0 0 0 1 0 1 0 -1 -1 0 1 -1 0 -1 -1 -1 -1 0 0 0 1 0 0 0 0 0 -1 1 0 0 -1 0 0 0 -1 0 0 2 -1 0 1 2 1 0 0 0 1 1 0 0 1 0 1 1 1 -1 -1 0 0 -1 1 -1 0 -1 0 0 0 0 0 0 0 1 1 1 0 0 1 0 1 -1 0 0 0 0 0 -1 0 0 0 2 1 0 1 0 0 0 1 -1 0 1 1 0 -1 1 -1 0 -2 0 0 0 -1 0 0 1 -1 1 0 1 1 1 1 0 0 1 0 0 -1 0 0 -1 0 0 -1 0 -1 -1 1 0 0 -1 1 1 0 -1 0 -1 1 0 0 0 0 1 0 0 0 0 0 -1 0 0 1 0 1 1 0 0 -1 0 -1 0 -1 0 0 0 0 0 -1 -1 1 0 1 0 1 0 1 0 1 0 -1 0 0 -1 -1 0 0 -1 0 1 -1 -1 -1 1 -1 1 0 0 -1 1 0 0 0 -1 0 1 0 0 0 -1 1 1 1 0 0 0 0 0 1 1 1 -1 1 0 0 -1 0 -1 0 0 0 0 0 0 0 -1 -1 0 0 -1 1 -1 1 0 -2 0 -1 -1 0 0 0 0 1 1 0 -1 0 0 -1 1 1 0 1 0 0 -1 1 2 1 0 0 1 1 0 -2 1 1 -1 0 -1 1 0 0 1 -1 -1 -1 1 0 0 1 1 0 0 -1 -1 0 1 0 0 -1 0 0 0 0 -1 0 1 0 1 0 -1 1 -1 1 0 1 1 0 -1 -1 1 -1 0 0 -1 0 0 0 -1 -1 0 -1 0 -1 -1 0 1 0 2 -1 0 1 -1 0 0 0 0 0 0 0 0 -1 0 1 -1 -1 0 1 0 0 -1 -1 1 1 -1 -1 -1 -1 -1 1 1 1 -1 0 -1 0 0 0 0 0 0 1 -1 -1 0 0 0 -1 1 1 1 2 1 1 0 -1 0 1 0 1 1 0 1 -1 0 1 0 0 0 -1 0 -2 2 1 0 0 0 1 -2 -2 0 -1 0 1 0 0 0 1 0 0 0 0 1 -1 -1 1 1 -1 1 1 -1 -1 0 -1 1
-1 -1 0 0 0 0 2 0 1 -1 0 1 0 1 1 1 0 -1 0 0 1 -1 0 -1 0 0 1 -1 -1 0 1 2 -1 0 0 0 0 0 0 0 -1 0 -1 1 1 0 0 0 1 -1 0 -1 1 0 2 0 0 0 1 0 0 -1 0 -1 -1 0 0 0 0 0 0 1 2 1 -1 0 1 0 1 -1 0 0 0 0 1 -1 -1 -1 0 0 0 -1 0 0 0 1 -1 -1 0 0 0 0 0 0 1 0 -1 0 1 -1 0 0 1 1 1 1 -1 0 0 1 0 0 0 0 1 0 0 1 0 -1 -1 0 0 0 0 0 1 0 0 1 0 1 -1 0 1 1 -1 0 1 0 0 -1 -1 0 0 1 0 0 0 1 0 0 0 1 0 0 -1 1 -1 1 0 1 0 1 -1 1 0 0 -1 0 1 1 1 0 0 1 0 0 -1 0 0 0 0 0 0 0 0 -1 -1 0 2 1 -1 1 0 1 0 1 0 1 0 0 1 0 1 1 -1 -1 1 0 1 -1 -1 0 0 0 1 1 0 -1 -1 0 0 1 -1 0 0 -1 -1 -1 0 0 0 -1 -1 1 0 1 1 0 0 1 0 0 0 0 0 1 0 0 0 0 -1 0 0 1 -1 -1 0 1 0 -1 0 1 -2 0 0 0 -1 1 0 0 1 1 0 0 0 0 -1 0 0 0 1 0 0 0 0 -2 1 -1 1 0 0 0 1 -1 0 0 0 -1 0 -1 0 0 -1 0 0 -1 0 -1 -1 0 1 1 1 0 -1 1 0 1 0 0 0 0 1 -1 -1 1 0 0 0 0 -1 0 -1 1 0 -1 0 -1 1 -1 -1 0 -1 0 0 -2 1 0 0 0 0 0 0 0 0 1 -1 -1 -1 0 0 1 0 0 0 1 0 0 0 -1 0 0 0 -1 0 0 -1 0 1 1 0 -1 -1 0 -1 0 -1 0 1 0 1 -1 1 0 2 -1 -2 1 -1 1 -1 -1 0 0 0 0 0 1 -1 0 0 1 1 -1 -1 -1 -1 -1 0 0 0 0 -1 0 0 1 -1 -1 0 0 0 0 1 0 0 1 1 0 0 -2 0 -1 1 0 0 -1 -2 0 0 -1 -1 -1 0 -1 0 0 -1 0 -1 1 -1 0 -1 -1 1 2 0 0 -1 -1 -1 0 -1 1 0 -1 0 1 1 0 0 -1 0 1 -2 -1 0 0 2 0 0 1 0 0 0 2 -1 1 0 1 0
-1 1 -1 0 1 -1 -1 0 0 0 1 0 0 1 1 0 -1 0 -1 0 0 0 1 0 0 1 0 0 0 0 -1 0 1 0 0 0 0 0 -1 0 1 1 0 -2 -1 1 1 -1 0 1 0 1 2 1 1 -1 -1 0 0 0 1 0 0 1 -1 0 0 0 1 0 -1 1 1 0 1 0 -1 -1 -1 0 0 -1 1 2 1 0 -1 -1 0 0 1 -1 0 1 -1 1 0 0 0 0 0 0 0 1 -1 0 -1 -1 0 -1 0 0 0 0 0 1 -1 -1 -1 0 0 -1 1 -1 0 1 -1 0 1 1 -1 0 1 -2 -1 0 1 -1 -1 1 -1 0 0 1 1 1 0 0 1 0 0 0 0 0 0 0 1 0 0 0 0 0 0 0 -1 -1 0 0 -1 0 0 0 0 -1 0 0 0 1 0 1 1 -1 1 -1 1 1 0 0 0 0 0 1 0 -1 -1 0 0 2 0 1 0 0 1 1 0 -1 0 -1 0 1 0 0 0 -1 -1 -1 -1 0 -1 0 -1 2 0 -1 1 1 0 0 0 0 1 1 0 0 1 0 -1 0 0 0 0 0 0 0 1 0 0 0 0 1 2 -1 1 1 1 -1 -1 -1 -1 -1 1 0 1 -2 0 1 -1 0 0 0 0 0 0 -1 0 -1 1 0 0 1 -1 -1 0 0 0 -1 0 0 -1 0 -1 0 0 0 0 0 -1 0 1 0 0 0 0 -1 -1 0 0 0 -1 0 0 -1 0 0 -1 1 0 -1 0 1 -1 0 0 -1 0 0 -1 0 0 0 0 -1 -1 1 1 -1 0 1 1 0 1 0 -1 0 -1 0 0 0 0 0 0 -1 1 -2 1 -1 0 1 0 -1 -1 -1 0 0 0 -1 0 0 0 0 0 -1 0 0 1 1 -1 1 -1 0 1 1 1 0 0 -1 -1 -1 -1 -1 -1 0 -1 0 -1 0 1 -1 -1 0 0 -1 0 0 2 0 -1 1 0 0 -1 0 0 0 0 -1 1 -1 2 -1 1 0 0 -1 0 1 0 0 -1 -1 0 -2 -1 -1 2 -1 1 -1 2 0 0 -1 0 1 0 1 -1 1 0 -1 1 -2 0 -1 -1 1 0 0 0 -1 0 0 0 0 1 0 0 0 0 0 -1 1 1 -1 0 0 1 -1 0 -1 -1 0 -1 0 0 1 0 0 0 1 0 1 0 0 1 0 1 -1 0 0 -1 0 1 1 -1 1 -1 -1 -1 0 0 0 -1
-1 -1 0 -1 -1 1 -1 -1 0 1 0 0 0 1 1 1 -1 0 -1 1 -1 0 1 1 1 -2 0 0 0 0 -1 1 0 -1 0 0 0 1 -1 0 -1 0 1 1 0 0 0 0 -1 -1 1 0 0 2 0 0 0 -1 0 0 0 -1 1 1 2 -2 0 0 0 1 -1 0 1 0 -1 -1 1 -1 0 1 0 0 1 0 1 1 0 -1 1 -2 2 -1 0 0 0 -1 1 1 -1 1 1 1 -1 0 0 1 0 0 0 -1 0 2 0 1 0 0 0 1 1 0 0 0 -1 -1 -1 0 1 0 0 -1 1 0 0 0 0 1 0 1 0 0 1 0 1 0 1 -1 -1 -1 0 2 -1 1 -1 -1 0 1 1 0 0 2 0 -1 1 0 -1 0 1 1 -1 0 -1 0 1 1 -1 -1 0 0 -1 -1 0 0 0 1 0 -1 -1 0 1 1 0 1 0 -1 0 1 1 0 -1 -1 0 -1 0 0 0 0 1 1 0 0 1 0 -1 0 0 -1 1 1 0 0 0 -1 1 -2 0 -1 0 1 -2 1 0 1 -1 -1 1 0 -1 0 1 -1 0 -1 0 0 1 0 0 1 0 1 -1 0 0 0 -1 -2 1 0 0 -1 0 0 0 0 0 0 0 0 0 0 -1 1 1 -1 -1 0 0 0 -1 1 -1 -1 0 0 0 -1 0 1 0 0 1 0 1 -1 -1 0 0 0 -1 1 0 0 0 0 -1 0 0 1 -1 -1 0 0 0 0 0 -1 0 -1 1 0 0 1 0 1 0 -1 0 0 0 1 -1 0 0 0 -2 1 0 0 0 1 1 0 0 0 1 0 0 0 -1 0 -1 1 1 0 0 -1 0 1 0 0 0 0 0 0 -1 -1 0 0 -1 0 -1 0 1 -1 0 -1 0 0 -1 0 0 2 0 0 1 1 1 -1 1 0 0 0 0 -2 1 0 1 -1 0 1 -1 -1 0 0 1 0 0 0 0 0 0 -1 0 0 -2 0 0 -1 0 0 0 1 0 -1 -1 0 -1 1 0 0 1 1 0 1 1 -1 -1 0 0 0 -2 0 1 1 0 -1 0 0 -2 1 0 0 0 -1 1 0 2 -1 -1 0 0 0 0 1 0 0 0 -2 -1 1 0 -1 0 0 -1 0 -1 -1 0 0 2 1 0 0 0 -1 1 1 1 -2 1 0 0 0 1 1 -1 0 1 0 0 1 1 0 1 1 0 0 0 1 0 0 0
-1 0 0 1 -1 0 0 0 -1 0 1 0 0 -1 -1 0 1 0 0 -1 -1 1 -1 -1 1 1 0 1 1 -1 0 0 1 1 -1 -1 0 0 0 0 0 0 0 -1 1 1 0 -1 0 1 0 0 1 -2 -1 0 -1 -1 0 -1 -1 -1 0 1 0 0 0 0 0 0 0 0 -1 0 -1 1 1 0 1 0 -2 -1 0 1 0 1 0 0 2 -1 -2 -1 1 0 0 0 0 1 -1 0 0 -1 -1 0 0 0 0 -1 1 -1 0 0 0 1 1 0 1 0 -1 -1 1 1 0 -1 -2 0 -1 0 0 1 1 -1 0 -1 1 1 1 -1 1 0 0 -1 0 -1 0 0 0 0 0 1 1 0 0 0 0 1 0 0 -1 0 0 -1 -1 0 -1 0 0 -1 1 0 0 1 1 -1 -1 1 1 -1 -1 0 1 -1 0 1 -1 0 1 -1 -2 1 0 -1 -1 0 1 0 2 0 1 0 0 0 0 0 -1 1 0 1 -1 -1 0 0 1 -1 0 0 -2 -1 0 0 0 0 1 0 -2 -1 0 0 0 -1 -1 0 1 0 0 0 1 0 -1 0 0 0 0 0 1 1 1 0 -2 1 -1 0 0 0 0 0 1 1 1 1 0 0 0 1 0 0 1 0 0 -1 0 -1 0 0 0 0 0 -1 1 0 0 0 0 0 1 -1 0 0 0 -1 0 0 -1 1 1 0 1 1 -1 1 0 0 -1 -1 -1 0 -1 0 0 -1 0 0 1 0 1 0 -1 1 -1 -1 0 1 1 1 0 0 -1 -2 1 -1 0 0 0 0 -2 0 0 0 0 -1 -1 0 -1 0 0 -1 0 1 1 0 0 -1 0 1 -1 1 0 0 -1 0 0 -1 -1 0 0 0 1 0 -1 1 0 -1 -1 -1 1 1 1 -1 1 0 0 0 0 1 -1 0 -1 -1 1 1 0 -2 0 1 0 1 1 0 2 -1 0 -1 0 -1 0 0 -1 1 1 0 0 0 -1 0 -1 0 1 1 0 1 0 1 0 0 -1 0 1 0 1 0 0 1 1 0 -1 1 0 0 2 0 0 -1 0 0 0 1 0 -1 1 0 0 0 0 0 -1 0 0 0 -1 -1 1 0 0 1 0 1 -1 0 1 0 -1 -1 1 -1 0 -1 -1 0 0 -1 1 -1 -1 0 -1 -1 0 0 1 0 1 0 -1 1 0 1 0 1 -1 -1 0 -1 -1 0 0 0 -1 0 1 0 0 -1 0
-1 -1 0 -1 1 -1 -1 1 0 -1 1 0 1 -1 0 0 1 0 0 1 1 -1 0 0 0 1 1 -1 0 0 0 1 0 -2 -1 0 -1 -1 0 0 0 0 1 -1 0 -1 0 0 0 -1 1 0 0 2 1 -1 0 0 -1 1 -1 0 0 -1 -1 -1 -1 -1 1 -1 -1 -1 0 0 1 0 1 0 2 0 0 0 0 1 -2 -1 0 -1 0 0 1 1 -1 1 1 0 0 -1 0 0 0 0 1 0 -1 -1 0 0 -1 0 -1 1 0 0 1 0 0 -1 0 0 0 -1 1 -1 -1 -1 0 -1 0 0 -1 -1 0 1 -2 0 -1 0 0 -1 0 -1 1 0 0 0 1 1 0 0 0 1 0 2 0 -1 1 -1 0 -2 0 -1 0 0 0 1 0 0 -1 0 0 1 0 0 0 -1 0 0 0 0 0 1 -1 -2 0 1 1 1 0 1 0 0 0 0 0 0 0 1 0 0 -1 1 -1 0 1 0 0 0 0 1 0 0 1 1 0 -1 0 1 1 1 0 1 0 0 -1 0 0 0 1 0 1 -1 0 0 -1 -1 1 -1 0 0 -1 0 1 -1 1 1 -1 0 0 1 0 0 1 -1 1 0 0 -1 -1 -1 0 -1 1 -1 -1 -1 -1 1 -1 1 -1 -1 -1 0 0 0 1 1 0 -1 0 0 0 1 0 -1 0 1 -2 0 0 1 0 0 0 0 0 -1 0 -1 0 -1 0 2 1 0 -1 0 -1 -1 2 0 0 0 1 0 0 0 0 1 -1 0 0 0 0 0 1 -2 -1 1 1 -1 1 0 0 0 1 -1 0 0 0 0 -1 -1 0 0 -1 -1 0 0 0 -1 0 0 -1 -1 -1 0 0 -1 1 0 -1 0 -1 1 0 -2 0 1 1 0 0 0 -1 1 1 0 0 0 0 0 0 0 1 0 -2 1 0 -1 0 0 0 0 0 -1 0 1 -1 1 0 0 0 2 -1 0 1 0 1 0 -1 -1 1 -1 0 1 1 1 0 0 1 0 0 0 0 -2 0 -1 0 0 -1 0 -1 0 -1 0 1 -1 0 0 1 1 0 0 -1 0 -1 0 -1 0 0 0 0 0 1 1 0 -1 0 0 1 1 -1 -1 0 1 0 1 1 1 0 1 1 0 -1 1 1 1 1 1 -1 0 0 0 1 0 1 0 1 -1 1 -2 0 1 0 -1 -1 0 0 0 -1 -1 -1 0 0 0 0 -1 1 -1 -1 -1 1
-1 0 1 0 0 0 0 -1 0 0 0 0 0 0 0 1 0 1 -1 0 -1 1 -1 0 0 -1 0 0 0 0 0 0 0 -1 -1 0 -1 -1 1 -1 -2 0 0 0 1 1 0 -1 0 0 1 0 -1 2 0 1 1 1 1 1 0 1 -2 0 0 -1 1 1 0 1 -1 -1 -2 1 0 -1 0 0 -1 0 0 1 -1 0 0 0 -1 1 0 0 1 -1 -2 -1 1 -1 0 1 1 0 0 0 0 -1 0 1 0 1 0 1 0 0 -1 0 -1 1 1 -1 0 -1 0 1 0 0 0 1 -1 0 0 1 0 0 0 0 -1 0 1 -1 0 0 1 1 2 0 -1 1 0 0 0 1 1 0 -1 -1 -1 1 -1 0 -1 0 1 0 1 -1 1 0 0 -1 0 0 0 1 -1 1 -1 -1 0 -1 -1 1 0 0 -1 2 -1 1 1 0 0 1 0 0 0 0 0 0 -1 1 -2 -1 0 -1 0 1 1 0 0 -1 0 0 0 0 0 0 0 0 0 -2 0 0 0 0 -1 0 0 0 1 0 0 -1 1 0 0 0 0 1 1 0 0 -1 0 -1 -1 -1 0 0 1 0 0 0 0 0 0 1 -1 0 0 0 0 0 -1 0 0 0 0 0 0 1 1 0 0 0 0 0 0 -1 1 1 -2 -1 1 0 0 1 1 0 -1 2 0 -1 1 1 1 1 -1 0 0 -1 1 0 1 1 1 0 1 0 0 -1 0 -1 1 1 0 0 1 -1 -1 -2 -2 1 0 0 -1 0 0 -1 -1 0 0 0 -1 0 -1 -1 0 0 0 1 1 0 0 0 0 1 -1 -1 0 0 -1 -1 1 0 0 0 -1 1 0 -1 0 0 1 0 -1 0 0 1 0 1 0 0 1 -1 1 -1 1 0 0 0 -1 2 0 1 0 -1 1 -1 -1 1 0 1 0 -1 0 -1 1 1 0 0 -1 1 1 -1 0 0 1 0 -1 -1 0 0 0 0 0 0 1 0 -1 -1 0 2 1 0 1 0 0 -1 -1 0 -1 1 1 0 1 -1 0 0 -1 1 0 -1 -1 -2 -2 0 0 0 -1 0 0 1 0 0 0 1 0 -1 0 0 0 1 0 0 1 1 0 0 0 1 1 -1 1 1 0 0 -1 0 0 0 0 0 0 1 0 -1 0 0 1 1 1 0 0 0 1 0 0 -1 0 0 0 1 0 1 0 1 -1 1 0 0 0 0 1 0 -1
-1 0 0 1 1 0 -1 0 1 0 0 0 0 -1 -1 0 0 0 1 0 1 0 0 -1 1 1 0 0 0 0 0 0 -2 -1 0 2 0 0 1 1 0 1 1 -1 -1 1 -1 0 1 0 1 1 0 0 0 0 0 1 0 -1 -1 1 0 -1 -1 1 0 -1 0 0 0 0 -1 0 0 1 0 -1 1 -1 1 1 1 0 0 -1 0 0 1 -1 0 0 0 -1 -1 0 1 0 0 -1 1 -1 1 0 0 0 0 0 1 -1 1 1 -1 1 0 0 1 0 0 1 0 0 0 0 1 -1 -1 -1 -1 0 0 -1 -1 0 0 1 0 -1 0 -1 0 -1 0 1 0 0 1 0 0 2 0 1 0 0 0 0 1 -1 -1 0 -1 1 -1 -1 -1 1 2 0 0 0 -1 0 0 0 -1 -1 0 0 1 1 -1 0 1 1 0 1 0 2 0 1 1 1 1 0 0 0 -1 0 1 0 -1 0 0 0 1 1 0 0 -1 0 1 0 1 -1 0 0 1 2 -1 2 -1 0 0 0 0 -1 0 0 0 0 -1 0 1 0 0 0 0 0 0 -1 2 0 1 0 0 0 0 0 0 0 -1 0 1 0 -1 1 0 1 0 0 0 -1 0 0 -1 1 0 -1 -1 1 -1 0 0 -1 0 1 0 -1 -1 0 -1 0 1 1 0 0 0 0 -1 1 -1 1 -1 -1 -1 1 1 0 0 -1 -1 0 0 0 1 1 1 -2 0 0 0 1 1 0 -2 -1 0 0 1 0 1 0 0 0 1 -1 0 0 1 -2 0 1 1 -2 1 0 0 1 -1 -1 1 0 1 0 2 0 0 0 -1 -1 0 -1 -2 0 0 -1 0 0 0 1 0 0 0 -1 0 -1 0 0 1 0 0 2 0 -1 0 -1 0 -1 0 1 -1 0 0 -1 -1 -1 0 -1 0 1 -1 1 0 0 -1 0 0 0 0 -1 1 -1 -1 0 1 0 2 1 0 -1 0 -1 0 0 1 -1 1 0 0 -1 0 1 1 0 0 0 -1 0 0 0 -1 -1 0 1 1 1 0 1 1 0 1 -1 0 1 0 0 0 0 1 0 0 1 1 0 -1 0 0 1 0 0 0 -1 0 0 -1 -1 0 0 1 0 0 0 0 1 0 1 -1 0 0 0 1 0 1 -1 -1 1 0 0 0 1 0 -2 1 0 -1 0 0 0 -1 0 0 1 0 -1 0 0 1 0 0 1 -1 -2 0
-1 1 1 0 -1 1 0 0 0 0 -1 1 1 0 0 0 0 -1 0 0 1 -1 0 1 0 0 0 0 1 -1 -1 1 0 0 0 0 1 0 2 1 0 0 0 -1 0 1 0 0 0 0 1 0 0 -2 0 0 -1 0 0 -1 -1 1 1 0 0 0 -1 0 0 1 -1 0 -1 0 -1 2 0 -1 1 -1 0 -1 0 0 1 0 1 0 1 -1 0 -1 0 -1 1 1 1 -1 0 -1 0 -2 0 0 0 0 0 0 1 0 0 -1 0 0 1 0 0 -1 -2 0 0 0 0 0 -1 0 1 0 -1 0 1 -1 0 0 1 0 -1 -1 1 0 0 0 0 0 -1 0 1 0 0 2 -1 0 0 1 0 0 1 1 1 0 -1 -1 -1 -1 0 0 0 -1 -1 -1 1 -1 0 0 -1 0 -1 1 0 0 0 1 0 0 -1 1 0 0 -1 -1 1 0 -1 1 1 0 0 0 0 0 0 -2 1 0 0 0 -1 0 0 -1 1 0 0 0 0 0 -1 1 0 -1 0 0 -1 1 0 0 0 -1 1 0 1 1 1 -1 -1 0 0 0 -1 0 0 1 -1 -1 1 0 0 0 -1 0 1 0 0 0 0 1 0 1 0 1 -2 0 -2 1 0 0 -2 0 1 0 -1 -1 0 1 0 1 0 0 -1 -1 0 0 2 0 1 0 0 -1 0 -1 0 -1 0 0 0 1 2 1 1 0 -1 -1 1 -1 0 1 0 0 1 0 -1 1 0 0 0 0 0 -1 -1 1 0 0 0 0 0 0 -1 -1 1 -1 0 0 0 0 1 0 0 -1 1 0 -1 0 1 -1 -1 0 -1 0 0 0 -1 -1 0 0 0 -1 -2 0 -1 1 0 -1 1 0 0 0 1 0 1 0 1 1 -1 -1 1 1 1 0 1 1 0 1 0 -1 0 -1 0 -1 -1 0 0 0 0 1 -2 1 -1 0 0 -1 0 -1 0 0 0 0 0 1 -1 -2 1 -1 1 0 1 -1 1 -2 0 -1 0 0 1 0 0 1 0 0 -2 -1 0 1 0 -1 1 1 -1 0 1 0 1 1 0 0 0 0 -1 0 1 -1 -1 -1 0 0 0 1 0 1 0 -2 0 0 0 0 1 0 1 1 0 0 -1 -2 0 0 0 0 0 0 0 1 1 0 -1 0 0 1 1 0 -1 1 -1 1 1 1 0 -1 1 0 0 0 1 0 0 0 0 0 0 0 -1 0 1 -1 0
-1 0 0 1 0 0 -1 0 0 2 0 0 0 0 0 0 -1 0 0 0 -1 0 0 -2 0 -1 0 1 1 1 1 0 0 1 0 0 0 -1 -1 -1 0 0 0 -1 -1 2 -1 0 -1 -1 0 0 1 1 0 0 -1 0 1 1 0 0 0 0 0 2 -1 -1 0 -1 0 1 1 -1 2 0 0 1 0 0 -1 0 1 0 0 1 0 1 -1 1 0 0 -1 0 0 0 1 1 0 0 1 -1 0 0 0 0 1 -1 0 0 0 -1 0 0 0 0 -1 1 0 0 -1 0 0 -1 -1 0 0 0 -1 -1 0 0 1 0 0 1 0 0 1 0 0 0 -1 0 0 1 0 1 2 0 0 0 0 0 -1 0 0 -1 -1 1 0 0 0 0 0 -1 0 -1 -1 -1 0 -1 0 0 0 0 0 1 1 -1 0 1 0 1 0 -1 0 0 0 1 0 0 0 0 0 0 1 1 -1 1 0 1 0 0 0 0 0 1 0 0 2 0 -1 -1 0 0 0 0 0 1 0 -1 0 1 1 0 0 0 1 1 0 0 0 1 0 -1 -1 0 0 -2 0 0 0 0 2 1 0 0 0 0 0 0 0 -1 1 0 0 1 0 0 0 -1 1 -1 1 0 1 -1 0 1 2 -1 0 -1 1 0 1 0 1 1 -1 1 1 -1 0 0 -1 -1 0 -1 1 0 1 0 -1 -1 1 1 0 1 0 0 0 -1 0 0 0 0 0 0 1 -1 1 0 0 0 1 0 0 0 0 -1 1 0 0 1 0 -1 -1 0 0 -1 0 1 1 0 1 1 0 1 0 -1 1 -1 1 1 0 0 1 -1 -1 0 0 0 2 2 -1 0 -1 0 0 -1 -1 0 1 -1 0 0 0 1 0 -1 1 -2 -1 0 0 0 0 1 0 0 0 -1 0 1 0 -1 0 0 0 0 -1 -1 -1 0 0 0 0 0 0 -1 -1 -1 0 0 2 1 0 1 0 1 0 0 0 0 0 0 -2 0 0 -1 2 -1 0 1 -2 2 -1 0 0 -1 0 -1 -1 1 2 0 2 -1 -1 0 -1 -1 -1 0 -1 0 1 0 0 0 1 0 -1 -1 1 1 0 -1 0 0 0 0 2 1 1 0 0 0 0 1 0 0 0 0 1 0 -1 -1 0 2 1 0 1 0 0 -1 0 0 1 1 0 1 0 0 2 0 1 0 -1 -1 0 1 -1 -1 0 1 -1 0 0 0 -1
-1 0 0 1 0 -1 1 1 1 -1 0 0 -1 0 -1 0 0 0 0 0 0 0 -1 0 0 1 0 0 -1 0 0 0 -1 -1 0 0 0 0 0 0 1 0 0 1 0 -1 -1 0 0 -1 -1 0 0 1 0 0 -1 1 0 0 1 1 0 0 1 0 -1 0 -1 1 0 0 0 0 0 -1 -1 -1 0 -1 1 0 -1 1 1 -1 -1 1 1 2 0 0 1 0 0 1 0 0 0 0 0 -2 1 0 1 0 0 0 -1 0 0 -1 0 0 0 0 1 1 1 1 0 1 1 0 2 1 -2 0 0 0 -1 1 -1 0 0 0 0 -1 1 1 0 -1 2 1 0 0 0 1 0 1 0 1 0 -1 0 0 -1 -1 -1 -1 1 1 0 0 -1 -1 0 0 0 0 -1 -1 0 0 -1 1 1 -1 1 -1 0 0 -1 0 -2 0 0 1 0 1 0 0 0 0 0 -1 0 1 -1 1 0 1 1 1 1 1 0 0 0 2 1 1 -1 -1 0 1 0 0 1 0 0 -1 0 1 0 -1 0 -1 -1 1 -2 -1 0 1 -1 0 0 0 0 0 -1 0 -1 0 0 0 0 0 0 0 -1 0 0 -1 0 2 0 -1 0 0 0 0 0 0 0 1 0 0 -1 1 0 0 0 1 0 0 -1 -1 0 0 1 0 0 0 -1 1 -1 0 -1 0 1 0 -1 0 -1 -1 0 0 2 0 1 1 0 0 1 -1 -1 0 0 0 0 1 0 0 1 1 -1 0 1 0 1 -2 1 0 1 1 0 -1 1 -1 1 1 -1 1 0 0 1 0 0 -1 0 -1 -1 0 0 1 0 -1 0 -1 0 -1 1 2 0 -1 1 0 -1 1 2 0 0 1 1 0 0 1 0 -1 -1 -1 -2 0 -2 -2 -1 0 -1 -1 1 -1 -1 1 0 0 1 0 -1 0 -1 0 2 -1 1 0 -1 -2 0 1 0 -1 0 0 1 -1 0 0 0 -1 0 -1 0 0 -1 0 1 1 -1 1 -1 -1 0 1 0 0 0 0 0 -2 0 0 -1 0 1 0 1 1 0 0 1 1 -2 0 0 0 0 0 0 -1 -1 0 -1 1 -1 -1 1 0 -1 0 -1 -1 -1 0 0 -1 1 0 0 -1 0 0 0 0 -1 1 0 -1 0 0 0 1 1 0 0 1 -1 0 -1 0 0 1 0 -1 0 1 0 -1 -1 1 1 0 0 1 0 1 1 1 1 1 0 0 0
-1 0 0 -1 1 1 -1 0 1 1 1 0 1 0 0 -2 1 0 0 0 0 0 -1 0 1 0 0 0 1 1 1 0 1 0 -2 -1 0 0 -1 -1 -1 1 -1 0 0 0 0 1 1 0 -1 0 -1 1 0 1 0 0 0 1 -1 0 0 1 1 -2 0 1 1 0 -1 -1 2 0 0 -1 1 0 0 1 1 0 0 0 0 0 1 0 -1 0 0 -1 0 -1 0 0 0 1 2 0 -1 0 0 -1 0 1 -1 -1 0 -1 -1 -1 1 -1 -1 -1 0 0 -1 0 -1 -1 1 0 -1 1 -1 0 1 1 0 0 0 0 0 1 0 -1 0 1 0 -1 -2 0 0 1 0 0 0 -2 -1 0 -1 0 0 0 0 0 0 -2 0 1 1 0 -1 -1 0 0 0 0 -1 1 -1 0 1 0 -1 0 1 0 -1 0 0 1 1 0 0 0 1 0 0 1 1 1 -1 0 1 0 0 1 0 0 -1 0 0 -1 1 1 0 0 0 -1 0 0 -1 1 1 0 0 -1 -1 1 0 1 0 0 0 0 0 0 -1 -1 1 0 1 0 -2 0 0 0 1 1 0 -1 0 -1 0 0 -1 0 0 -2 0 0 0 0 0 1 2 0 1 -1 1 0 1 0 -1 1 0 0 1 0 -1 0 0 1 0 0 -1 2 0 1 1 0 0 1 -1 1 -1 0 0 0 1 0 -1 -1 0 1 0 -1 0 0 -1 1 2 1 -1 -1 -1 -2 -1 0 -1 1 0 0 0 0 0 1 0 -1 0 0 1 0 -1 1 1 0 0 -1 1 1 1 0 -1 -1 0 0 0 -1 -1 0 1 -1 0 1 0 1 0 0 0 0 0 -1 -1 0 0 1 0 -1 -1 0 0 0 -1 1 0 -1 -1 0 0 1 0 0 -1 1 0 -1 0 0 -1 0 -1 0 0 1 -1 1 -1 1 0 -1 -1 -1 0 -1 0 1 -1 1 0 0 1 1 1 0 -1 0 1 0 0 -1 0 0 0 -2 1 0 2 0 0 0 -1 -1 2 0 0 -1 0 1 -1 1 -1 0 0 0 1 0 -1 0 0 0 0 -1 0 1 0 0 1 0 0 -1 0 0 0 1 -1 -1 -1 1 2 0 0 0 0 0 0 -1 -1 0 -1 0 0 1 0 1 -1 0 -2 -1 0 0 0 1 1 1 -1 -1 0 0 0 1 0 0 0 0 0 1 -1 0 0 0 0 0 -1 0 0 0 0 0 0
-1 0 1 -1 -1 1 -1 -1 0 0 1 0 -1 0 1 0 0 0 0 1 1 -1 -1 -1 1 0 0 1 1 0 0 1 1 -1 0 1 0 0 0 1 0 0 1 0 1 0 0 0 0 -1 1 0 -1 1 1 -1 -1 1 1 0 0 -1 -1 1 -1 0 -1 0 0 -1 0 -1 0 -1 0 0 0 1 0 -1 0 0 0 0 1 -1 0 -1 1 1 0 -1 1 1 -1 0 0 0 -1 0 0 0 -1 2 -2 0 1 1 -1 -1 0 0 0 1 -1 0 0 0 -1 1 0 -1 1 0 0 0 0 0 1 -1 -1 0 1 1 -1 0 1 0 0 0 0 -1 1 1 1 0 1 -2 0 0 1 1 0 2 1 0 0 -1 1 0 1 -1 1 0 -1 -1 1 1 1 1 -1 0 0 -1 0 -1 1 0 -1 -1 0 -1 -1 0 0 0 1 0 0 0 0 1 1 0 0 1 1 0 -1 0 0 1 1 0 -1 1 0 0 0 0 -1 0 0 -1 -1 1 0 1 1 0 1 0 0 1 1 0 0 0 0 -1 0 1 0 -1 1 0 0 0 0 0 -1 1 -1 -1 1 1 -1 0 -1 1 1 0 -1 1 -1 -2 -1 -1 0 0 0 -2 0 0 0 -1 0 1 -1 1 -1 0 1 -1 0 1 0 1 1 1 -1 0 1 0 0 0 1 2 0 0 0 -1 -1 1 0 0 0 0 1 0 0 0 2 0 0 0 0 -1 -1 0 0 2 -1 -1 0 0 0 0 0 0 0 0 -1 0 -1 -1 0 -2 2 0 1 1 0 0 1 -1 0 0 0 -1 1 0 0 0 0 0 0 0 -1 1 0 0 -1 0 0 0 1 -1 0 0 0 0 1 1 0 0 -1 2 0 1 1 -1 0 0 0 0 -1 0 0 1 1 0 -1 0 0 1 2 0 0 1 -1 2 0 -1 0 0 0 1 1 0 0 -1 -1 -1 0 0 1 1 -1 0 0 -1 0 1 1 0 0 0 1 0 1 0 -1 -1 0 1 1 1 0 -1 0 1 -1 0 1 0 -1 1 1 0 -2 1 0 0 0 0 0 1 0 0 0 -1 0 1 1 0 -1 0 1 0 0 0 0 0 -1 -1 0 0 0 0 -1 0 0 0 -1 1 -1 0 1 1 0 1 0 0 0 -1 1 0 0 1 1 -1 0 -1 0 -1 0 -1 -2 1 0 2 0 -1 1 1 0 -1 1 0 -1 0 0
-1 0 1 1 -1 1 1 0 0 0 0 1 0 0 0 1 0 -1 1 0 0 -1 0 0 -1 1 1 0 1 1 0 0 -1 0 -1 1 0 -1 0 -1 1 -1 0 1 0 0 1 0 -1 -1 1 0 1 0 0 -1 0 0 0 0 1 0 -1 -1 0 0 -1 0 0 0 1 0 -1 0 0 0 -1 1 0 -1 -1 -1 -1 0 -1 0 1 1 0 0 -1 -1 0 1 -1 0 2 0 0 0 0 0 -1 -1 -1 0 0 0 0 0 1 -1 1 -1 0 0 0 0 -1 0 0 0 2 0 1 0 -1 -1 -1 1 -1 1 -1 0 0 2 -1 0 0 -1 0 0 0 0 1 1 -1 0 0 1 1 0 0 0 1 0 -1 0 1 -1 1 0 0 -1 1 0 2 -1 0 1 1 0 -1 -1 1 0 0 -1 1 1 -1 1 0 1 -1 1 0 1 -1 -1 -1 0 0 2 0 0 -1 -1 0 -1 0 0 -1 -1 0 -1 -1 1 -1 1 0 0 0 1 0 -1 0 0 0 0 0 0 0 -1 1 0 0 1 -1 -1 0 -1 0 0 1 1 -1 0 -1 0 -1 0 -1 -1 0 -1 0 0 0 0 1 1 0 0 1 0 0 0 1 0 0 0 0 0 0 0 0 -1 0 1 -1 -2 0 0 0 0 0 0 1 0 -1 1 1 0 0 0 0 0 1 0 1 1 0 -1 -1 1 -1 0 -1 0 0 0 0 0 1 -1 0 1 0 0 0 1 1 0 0 0 -1 0 0 0 0 -1 0 0 -1 0 1 0 -1 0 0 0 -1 0 1 1 1 0 2 0 0 1 0 1 -1 -1 -1 1 0 -2 -1 0 -2 1 1 -1 0 0 1 -1 1 0 -1 0 0 0 -1 0 1 1 0 0 -2 -1 -1 0 0 0 1 1 -1 0 -1 -1 0 0 1 0 0 0 1 0 1 0 0 0 0 -1 1 1 -1 0 1 -1 0 0 0 -1 -1 -2 0 1 0 -1 -1 1 -1 1 1 -1 -1 1 -1 1 1 1 1 0 -1 0 -1 1 0 0 -1 1 0 0 0 1 -1 1 0 0 1 0 1 0 0 0 0 0 1 -1 1 1 1 1 0 0 0 0 -1 0 -1 -1 0 1 0 0 1 0 -1 0 0 1 0 0 0 0 0 1 1 1 0 -1 -1 0 0 0 0 -1 0 -1 0 -1 0 0 0 0 -1 0 0 1 0 0 0 0 -1 0 0 -1 0
-1 0 0 2 0 1 0 0 1 0 0 0 -1 -2 -1 0 -1 0 0 0 0 1 0 0 -1 -1 0 1 0 0 1 0 -1 1 0 -1 1 0 0 0 0 1 0 1 1 0 1 0 1 -1 0 2 -1 1 0 0 2 0 0 -1 0 0 0 -1 0 -1 -1 1 -1 0 0 -1 0 -1 -1 0 0 1 0 0 -1 1 0 0 1 0 0 0 0 0 0 0 1 -1 -1 0 1 0 0 0 0 1 1 -1 0 0 1 0 -2 -1 0 0 0 0 0 1 -1 0 0 0 1 1 0 1 1 0 0 1 0 -1 0 -1 1 -1 1 -1 0 0 0 0 -1 0 0 -1 1 0 -1 -1 -1 0 1 1 -1 -2 -1 1 0 0 -1 -1 0 0 -2 0 1 0 0 0 -1 0 0 0 -1 -1 -1 0 1 0 0 0 0 0 2 0 0 0 1 1 -1 0 0 1 1 0 0 0 -1 -1 0 0 1 1 -1 1 0 1 1 2 0 0 1 0 0 1 0 1 0 0 1 0 1 -1 0 1 -1 1 -1 1 0 0 0 -1 -1 -1 0 -1 0 -1 1 0 -1 -1 0 -1 0 1 0 1 -1 -2 1 1 -1 0 1 0 1 0 1 0 -1 0 1 1 0 -1 0 0 0 1 0 1 0 0 0 -1 0 1 -1 0 0 0 0 0 0 -1 0 1 0 0 0 0 1 0 -1 1 0 -1 0 -1 1 0 0 0 2 1 -1 0 -1 1 1 0 0 -1 0 1 0 1 0 -1 -1 1 0 0 1 1 -1 0 0 0 0 1 0 1 1 -1 -1 0 1 1 0 0 0 0 1 -2 0 -1 -1 0 0 1 0 1 0 0 1 1 1 0 1 -1 -1 -1 1 -1 0 0 1 0 0 -1 0 0 1 0 0 0 0 2 -1 0 0 0 0 0 1 1 0 1 0 1 -1 -1 -1 1 0 -1 -1 -1 0 1 0 0 1 -1 1 0 0 -1 -1 0 1 -1 0 0 -1 0 1 0 -1 -1 1 0 0 1 -1 -1 1 0 1 0 1 0 -1 0 0 2 1 0 0 0 -1 -1 -1 0 -1 -1 -1 1 0 0 0 -1 -1 1 0 -1 -1 1 1 0 -1 0 1 1 0 -1 0 0 -1 0 0 0 0 -1 0 0 0 -1 -1 1 -1 1 0 0 0 -1 1 1 0 -1 -1 0 0 0 0 0 0 0 0 0 0 1 0 0 1 0 0 0 0 -1 -1
-1 -1 -1 0 1 0 0 1 0 0 -1 0 0 0 -1 0 -1 -1 1 1 0 0 0 1 -1 1 0 0 -1 0 0 -1 0 0 -1 0 -1 0 0 0 2 2 1 0 -1 0 1 1 0 1 1 0 -1 0 -1 -2 0 1 0 0 1 0 1 -1 -1 1 1 -1 0 -1 0 0 1 0 0 0 1 0 -1 0 -2 0 0 1 0 0 0 0 1 -2 0 0 0 1 0 0 0 1 0 1 0 0 0 -1 -1 -1 1 -1 1 0 0 0 0 0 1 1 1 1 0 0 -1 1 -1 1 0 0 -1 0 0 0 -1 -1 0 0 0 0 -1 -1 1 0 -1 -1 -1 -2 -1 1 0 0 -1 0 0 0 -1 0 0 0 -1 0 0 0 -1 -1 0 1 0 1 0 1 1 -1 0 0 1 0 1 -1 0 0 0 1 0 0 -1 -2 0 -1 0 1 -1 -1 0 1 0 -2 1 0 0 1 1 0 0 1 0 -1 1 -1 0 0 -2 1 2 0 1 0 -1 0 -2 0 0 -1 -1 0 1 0 1 1 1 0 0 0 0 0 0 0 -1 2 0 1 -1 1 -1 -1 -1 0 0 0 -1 1 -1 0 1 -1 1 0 0 -1 0 -2 -1 1 0 -1 0 1 0 -1 -1 0 0 0 -2 0 0 0 0 -1 -2 1 0 0 0 0 0 -1 1 0 1 -2 0 -1 -1 0 0 1 0 -1 0 0 -1 -1 -1 0 0 -1 0 1 -1 0 2 0 -1 0 0 -2 1 -1 -1 0 2 0 1 0 2 -1 1 1 0 1 1 0 1 0 0 0 1 0 0 0 0 0 -1 0 0 0 1 1 0 0 1 0 1 1 1 1 1 1 0 0 0 0 1 0 1 0 -1 -1 1 -1 1 1 0 0 0 0 0 1 -1 0 1 -1 0 0 -1 -1 -1 0 1 1 0 0 0 -1 0 0 0 1 0 -1 1 0 0 0 0 0 0 -1 -1 1 -1 0 0 0 0 0 0 0 0 1 0 -1 0 1 0 0 0 0 -1 -1 -1 -1 0 -1 0 0 0 1 0 -2 -1 0 0 1 1 0 -1 1 -1 0 0 -1 1 0 0 0 0 0 0 -1 0 0 0 1 0 0 0 1 -1 -1 0 0 1 -1 -1 0 0 0 -1 0 1 1 0 -1 0 1 1 0 0 -1 -1 0 0 0 -1 1 0 0 0 0 0 0 2 0 0 0 0 1 -1 1 2 1 0 -1 -1
-1 0 0 2 0 0 -1 1 1 -1 0 0 0 0 -2 1 1 -1 0 1 0 0 -1 -1 0 0 1 0 0 0 1 0 0 0 0 0 -1 0 0 0 0 -1 0 -1 1 2 -1 0 1 2 1 1 1 0 0 0 0 0 0 0 0 0 -1 0 -1 1 -1 -1 -1 1 1 0 1 1 1 0 1 2 -1 0 0 0 -1 1 1 0 0 0 1 -1 0 0 0 0 -1 -1 0 0 0 0 -1 0 0 0 -1 -1 0 0 0 0 0 0 0 0 -1 -1 1 1 -1 0 0 0 -2 1 -1 -1 1 0 0 1 0 -1 -1 1 0 0 -1 1 1 0 -2 0 0 0 1 0 1 1 1 0 -1 1 1 -1 0 -1 1 -1 -1 0 0 0 2 -1 0 1 -1 0 0 -1 1 1 -1 1 1 2 -1 0 1 0 1 1 0 0 0 0 0 1 1 0 -1 -1 -1 0 0 0 1 1 0 0 0 1 1 0 -1 -1 -1 0 -1 1 -1 0 0 -1 -1 0 0 1 0 0 0 0 0 0 0 0 0 0 0 1 -1 -2 0 1 1 0 -1 -1 -1 0 -1 0 0 0 2 -1 1 1 0 0 0 -2 1 -1 1 1 1 -1 -1 1 -1 -1 -2 0 -1 0 1 0 -1 1 0 -1 -1 0 0 1 -1 0 0 -1 -1 0 0 0 0 -1 -1 -1 -1 -1 -1 0 0 0 0 1 0 1 0 0 0 1 -1 0 0 0 1 -1 0 1 1 1 2 -1 0 0 -1 0 0 0 -1 1 0 0 0 0 0 -1 1 -1 0 -1 -1 0 1 0 0 1 -1 1 0 0 0 0 1 0 0 0 -1 0 -1 0 1 -1 1 -1 0 1 -2 0 -1 0 0 -1 1 0 -2 1 0 -1 0 -1 0 1 1 0 1 0 0 0 -1 0 0 0 0 0 0 1 1 0 1 0 0 0 -1 1 1 -1 1 -1 0 1 0 -1 0 0 0 -2 0 1 0 0 -1 1 0 1 1 1 0 -1 0 1 0 0 0 0 -1 -1 0 0 2 -1 0 -1 0 2 0 0 0 1 0 0 -2 1 1 0 0 0 -1 1 0 0 1 1 0 -1 0 -1 -1 1 0 0 0 0 1 0 1 0 0 -1 0 1 0 1 0 -1 1 0 -1 -1 -1 0 0 0 0 0 0 -1 1 0 0 0 1 0 0 0 1 1 0 1 1 -1 0 -1 0 0 0 1 2 0 1 0 0
-1 0 1 0 0 1 0 0 -1 -1 0 0 0 -1 -1 0 1 0 0 -1 -1 0 -1 0 0 1 0 1 1 0 -1 1 0 0 0 0 0 0 0 -1 1 0 1 0 0 1 -1 0 1 0 -1 0 0 0 0 1 0 -1 -1 -1 1 1 0 1 1 -1 0 1 0 0 0 -1 -1 0 0 0 1 1 -1 0 -1 -1 -1 0 -1 -1 -1 1 0 0 0 0 1 1 -1 -1 0 -2 1 -1 0 -1 0 0 0 0 0 1 1 -1 1 -1 0 1 -1 0 -1 0 0 0 1 -1 -2 0 0 1 0 1 0 -1 -1 0 0 0 -1 -1 1 0 -1 1 1 -2 1 0 -1 0 0 1 0 1 -1 2 1 -1 0 0 -1 -1 -1 0 -1 0 1 1 1 1 0 -1 1 -1 2 0 -1 0 1 -2 0 1 1 0 0 1 0 -1 0 -1 1 1 0 -1 0 1 0 -1 0 0 1 1 0 -1 1 1 0 -2 1 1 -1 0 1 -1 0 -1 -1 0 1 0 0 -1 -1 0 1 1 0 1 0 0 1 -1 0 0 0 0 0 -1 0 0 0 0 -1 1 -1 0 0 0 0 0 -1 1 -1 0 1 0 1 1 0 1 0 -1 0 -2 0 1 0 0 1 -1 -1 1 -1 0 1 1 0 2 0 0 1 0 -1 0 0 1 1 0 0 0 1 -1 1 1 0 0 -1 1 0 0 1 0 -1 0 0 0 1 -1 0 1 1 1 0 0 1 0 1 0 1 0 -2 0 0 0 -1 1 -1 0 0 0 -1 -1 1 0 0 0 -1 0 0 1 0 0 -1 1 0 0 0 1 0 0 1 -1 -1 0 0 0 0 -1 0 -1 1 -2 1 1 0 -1 -1 0 0 0 0 0 0 0 -1 0 -1 0 0 1 0 0 1 -1 1 0 0 0 0 0 1 1 1 0 1 -1 1 0 1 0 -1 0 1 1 0 1 0 1 0 0 0 0 1 0 0 0 1 0 1 -1 0 0 0 0 0 0 0 0 1 0 0 -2 -1 0 1 0 1 1 -1 1 1 -1 -1 1 1 0 -1 0 -1 0 -1 0 0 0 0 0 0 1 0 1 0 0 0 1 0 0 0 0 0 0 0 0 1 0 -1 0 -1 1 -1 0 -1 -2 0 1 1 1 1 0 0 0 -1 -1 0 0 1 0 -1 0 -1 1 1 -1 0 0 0 -1 -1 1 -1 0 0 1 0 1 -1 0 1
-1 -1 -1 1 1 0 0 1 0 0 0 -1 0 1 1 -1 0 0 0 0 0 0 -1 0 -1 1 1 -1 1 1 0 0 1 -1 1 0 -1 1 -1 0 1 1 0 -1 1 0 2 0 -1 -1 -1 1 0 0 1 -1 0 -1 0 1 0 0 0 1 -1 -1 0 -1 0 0 0 0 0 1 -1 -1 0 1 -1 1 0 -1 1 0 1 0 0 0 0 0 0 -1 1 0 0 1 0 0 -1 1 -1 -1 -1 0 1 2 -1 0 -1 0 1 0 -1 0 1 0 0 0 0 1 -2 1 0 1 -1 0 0 -1 0 0 1 0 1 0 -1 -1 0 -1 1 0 0 0 1 1 1 0 1 -1 0 0 0 1 -1 0 -1 -2 1 -1 -1 0 0 1 0 1 0 -1 0 0 0 -1 -1 1 0 1 0 0 -1 0 0 -1 0 -1 1 0 0 0 0 0 0 1 0 0 0 0 0 0 1 0 1 2 0 -1 -1 0 0 0 -1 1 -1 1 2 1 0 -1 0 -1 0 0 0 1 1 2 -1 -1 -1 0 1 0 1 -1 0 0 -1 -1 -1 0 1 0 0 0 0 0 1 -2 1 1 0 -1 0 -1 -1 -1 0 0 0 0 -1 0 0 -1 1 -1 0 0 0 0 -1 0 0 0 -1 0 0 1 -1 2 -1 1 0 0 1 1 -1 0 0 -1 2 0 0 -1 0 0 0 0 2 1 0 0 1 0 0 0 0 -1 -1 1 1 0 -2 0 0 0 -1 -1 0 1 0 0 1 0 1 0 0 0 1 0 -2 -1 0 0 -1 0 0 0 -1 1 0 0 0 1 0 0 0 -1 0 0 1 -1 1 1 -1 -1 0 1 1 0 -1 0 1 1 0 -1 -1 0 0 0 0 0 0 0 0 -1 0 0 0 -1 -1 0 1 1 1 1 -1 1 0 -1 -1 -1 0 0 0 -1 0 0 1 0 2 -1 0 0 0 0 -1 -1 0 1 1 1 0 1 2 0 0 -1 0 1 0 -1 -1 0 -1 1 0 0 0 1 1 -1 -1 -1 1 0 0 -1 -1 0 1 0 0 0 0 0 -1 -1 0 1 0 0 0 1 0 0 0 0 -1 1 0 -1 -1 -1 0 0 -1 0 0 1 0 0 0 0 0 1 1 1 -1 0 -1 0 0 2 0 0 0 0 -1 -1 1 -1 0 1 -1 1 0 0 0 0 0 1 1 0 1 -1 0 -1 0 0 0 0 0 0 -2 2 1
-1 1 -1 1 1 -1 0 0 -1 -1 1 0 1 0 1 0 0 0 -1 0 0 0 -1 0 0 1 0 -2 -1 0 0 -1 0 -1 -1 -1 0 0 0 -1 -1 -1 -1 0 -1 -1 0 -1 0 -1 0 0 0 0 -2 -1 0 0 1 0 -1 0 -1 1 1 0 1 -1 -1 -1 0 0 0 0 0 1 1 0 0 1 0 0 1 -1 0 1 -1 0 0 0 1 1 0 0 0 -1 1 1 -1 -1 0 0 0 1 0 0 0 0 -1 0 1 0 0 0 0 -1 0 2 0 1 0 1 -1 0 0 0 -1 0 -1 1 -1 0 1 0 1 0 -1 -1 0 1 1 0 0 -1 0 0 1 -1 2 -1 0 0 -2 0 0 -1 -1 1 -2 0 -2 0 -1 0 0 0 1 -1 0 0 1 0 -1 1 1 -2 1 1 1 0 0 0 1 -1 0 -1 -1 0 0 -1 0 1 0 0 -1 0 0 0 1 1 0 -1 1 -1 0 2 -1 1 1 -1 0 0 -1 0 0 1 -1 -1 -1 0 0 0 1 1 -1 0 0 -1 0 1 0 0 0 0 -2 0 0 0 0 0 0 2 0 1 0 0 0 0 0 0 0 -1 1 0 1 0 -1 0 0 0 0 1 -1 0 -1 -1 0 0 1 0 0 -1 1 0 0 0 1 0 0 1 0 0 0 0 0 -1 0 -1 -1 1 0 -1 1 0 0 1 1 -1 0 0 0 -1 0 -1 0 1 0 0 -1 0 0 0 0 -1 0 0 1 1 -1 0 0 0 0 0 0 0 -2 0 0 1 -1 1 -1 -1 -1 0 0 -1 0 1 0 -2 0 1 0 0 0 -1 0 -1 -1 0 0 1 0 0 1 -1 0 0 2 -1 0 1 0 1 0 -2 0 0 0 0 0 0 0 -1 0 0 0 0 0 0 -1 -1 0 1 1 0 0 0 1 1 0 0 1 1 0 1 0 0 0 0 0 0 -1 0 0 0 0 -1 0 -1 -1 0 -2 0 0 1 -2 1 0 1 -1 0 1 0 0 0 0 0 -1 0 -1 1 -1 -1 2 1 0 -1 -1 0 0 1 1 -1 -1 -1 -1 1 -1 -1 0 0 1 0 1 0 0 1 1 1 0 -1 1 1 0 0 -1 0 0 0 0 -1 -1 0 1 -1 -2 1 1 1 0 0 0 0 0 -1 0 0 0 2 -1 0 1 0 -1 -2 -1 0 0 -1 0 1 0 0 1 -1 1 0 0 1 0
-1 -1 1 1 0 0 0 0 -1 0 -1 0 0 1 0 1 -1 1 0 0 -1 0 -1 0 0 0 0 1 0 -1 0 -1 0 -1 1 -1 0 0 0 0 0 -1 -2 -1 0 -1 1 0 0 -2 -1 0 0 0 -1 -1 -1 0 -1 0 0 0 0 1 0 0 0 -1 1 0 0 -1 -1 0 0 -1 0 0 -1 1 -1 0 0 -1 0 0 2 1 -1 0 -1 0 0 0 -1 -1 0 0 0 0 1 0 -1 -1 0 2 -1 0 0 1 -2 1 0 2 1 1 0 1 0 1 0 0 0 -1 0 -1 1 0 0 0 2 0 0 0 -1 -1 -1 0 -1 1 0 0 0 -1 -1 1 0 1 0 1 0 0 -1 -1 -1 -1 0 1 1 0 -1 0 0 -1 1 1 1 0 0 0 -1 -1 0 0 -1 -1 -1 -1 -1 -1 1 0 -1 0 -2 1 1 1 -1 -1 0 0 -1 0 0 0 -1 -1 -1 1 1 0 -2 0 1 0 0 1 1 -1 0 0 -1 1 0 0 -2 -1 0 0 -1 0 1 0 0 -1 1 1 0 1 0 -1 0 0 -1 0 -1 0 -1 0 -1 0 -1 -1 1 0 0 1 1 0 1 0 0 0 -1 0 0 1 0 2 -1 2 1 1 0 1 1 -1 0 1 0 0 0 1 0 0 0 1 1 1 1 0 1 0 1 0 0 -1 -1 -1 0 0 0 0 1 0 0 0 0 1 0 0 0 0 0 0 -1 0 -1 0 1 0 0 0 1 0 -1 -1 0 0 1 0 1 0 0 0 -1 0 1 1 -1 1 0 0 1 1 0 -1 -1 0 1 2 0 1 0 -1 0 1 1 1 0 1 0 0 0 -1 -1 -1 0 1 1 0 1 0 -1 1 0 -1 0 0 -1 0 0 0 1 0 1 -1 -1 1 1 1 -1 1 0 0 1 0 1 0 0 0 -1 0 -1 0 0 -1 0 1 0 0 -1 2 1 1 0 0 0 0 0 0 1 0 -1 0 -1 0 0 0 -1 0 0 0 0 -2 1 0 -1 1 0 2 0 0 -1 0 -1 -1 -2 -1 0 -1 0 -1 0 0 0 0 1 0 -2 0 0 1 1 0 1 0 -1 1 1 -1 0 0 -1 0 0 1 0 -1 -1 -1 -1 0 0 1 0 0 0 0 1 0 0 1 -1 0 1 -1 -1 1 -1 0 0 2 0 1 1 -1 -1 1 1 0 -1 2 0 0 0 0 0 -1 0 -1 -1
-1 -1 1 0 1 0 0 0 -1 0 0 1 0 0 0 1 -1 0 0 1 1 -1 0 1 0 0 -1 0 0 1 0 -1 0 0 0 1 0 -1 0 1 -1 0 1 0 0 0 0 -1 1 0 1 1 -1 1 0 1 1 0 1 1 0 0 0 0 0 0 0 -2 0 0 0 0 0 0 0 0 -1 0 0 1 0 0 0 -1 1 0 1 1 1 0 0 1 0 -1 -1 -1 1 -1 1 -1 0 0 -1 1 0 1 0 1 1 0 0 0 0 -1 1 -1 0 0 0 1 0 -1 -2 -1 0 1 0 0 1 0 1 -1 -1 0 0 -1 -1 1 1 0 -1 2 0 0 -1 -1 1 0 0 1 0 1 0 1 0 0 0 1 1 1 0 0 -1 -1 1 0 0 1 0 0 0 0 0 -2 -1 2 1 1 -1 1 0 0 0 0 1 0 1 0 0 1 0 0 0 0 0 -1 2 0 0 0 0 1 -1 -1 0 -1 -1 0 0 1 0 0 0 1 1 0 0 -1 0 -1 0 1 -1 1 -1 1 1 0 1 0 0 1 -1 0 0 -1 1 0 0 -1 -1 1 -1 -1 0 0 0 0 0 1 0 0 1 0 -1 1 -1 0 0 1 1 1 0 0 0 0 -1 0 0 -1 0 -1 -1 -1 0 1 1 1 -1 0 1 -1 1 1 0 0 0 0 -1 0 0 -1 0 -1 1 1 1 0 2 1 0 1 0 1 -1 1 0 0 0 0 -1 0 0 -1 1 0 0 0 2 0 0 0 0 0 2 0 0 0 -1 1 0 -1 0 -1 0 -1 -1 0 -1 1 0 -1 1 0 0 1 1 0 -1 -1 0 0 0 1 0 0 0 0 -1 -1 -1 0 1 2 2 2 -1 -1 -1 0 0 -1 0 -1 0 0 0 0 -1 -1 0 -1 0 -1 2 -1 0 0 2 -1 0 1 -1 0 0 -1 0 0 1 -1 0 0 0 -1 -1 1 0 -2 -1 -1 1 0 0 1 0 -1 1 -1 0 0 0 1 0 1 0 1 0 0 0 0 -1 -1 -1 -1 -1 0 0 0 -1 2 1 1 2 -1 0 2 0 1 0 0 1 0 0 0 1 0 -1 -1 1 0 -1 1 1 0 -1 0 0 1 0 0 -1 -1 1 1 -1 -1 0 1 0 0 0 0 0 -1 0 0 0 1 -1 0 0 0 1 -1 0 1 0 0 0 1 0 -1 1 -1 0 0 0 -1 0 -1 -1 0 0
-1 -1 1 -1 0 1 0 0 0 0 0 0 -1 -2 0 0 -1 2 1 0 -1 0 0 -1 0 0 0 0 1 -1 2 0 0 0 2 -1 1 0 0 -1 0 1 -1 -1 0 0 0 -1 1 0 0 0 0 0 -1 -1 0 1 0 0 0 0 -1 1 0 0 0 0 -1 0 -1 1 1 -1 -1 0 -1 1 1 0 1 0 0 0 -1 0 0 1 0 0 0 0 -1 1 1 0 2 1 0 0 1 0 1 -1 -1 1 1 1 0 0 0 0 0 0 0 0 0 0 -1 0 -2 0 0 0 1 1 0 0 -1 -1 0 2 -1 0 0 0 -1 0 1 0 1 0 1 0 0 0 -1 -1 0 -1 0 0 -1 0 0 1 -1 0 0 1 0 0 -1 -1 0 -1 -1 0 -1 0 1 1 1 0 0 0 0 1 0 0 0 -1 0 -1 0 1 -1 0 0 0 1 1 0 0 0 -1 -1 -1 1 0 0 0 0 1 0 0 0 0 0 -1 1 0 0 0 0 0 -1 -1 0 0 -1 0 0 0 1 -1 0 0 -1 0 -1 1 -1 0 1 0 -1 -1 0 0 0 0 -1 2 0 0 0 0 -1 0 0 0 0 0 0 0 1 0 0 0 0 0 0 -1 0 0 0 0 -1 -1 0 0 0 -1 0 1 -1 1 0 0 1 0 -2 -1 1 -1 0 -1 0 0 -1 0 0 0 0 -1 0 -1 -1 0 -1 0 1 0 -1 -1 0 -1 0 0 1 -1 -1 0 1 0 1 1 0 0 0 -1 1 1 1 -1 0 1 0 0 0 0 0 1 0 0 1 0 0 1 -1 0 1 0 0 2 -1 1 0 -1 0 0 0 -1 -1 0 0 1 -1 -1 0 0 0 -1 0 0 1 1 -1 0 0 -1 0 -1 1 0 1 0 2 0 0 0 -1 0 -1 0 0 0 1 0 -2 1 -1 0 0 1 1 -1 1 0 -1 0 -1 0 1 -1 -2 0 -1 -1 -1 0 0 0 0 0 1 -1 0 0 -1 1 -1 1 -1 1 -1 2 -1 0 0 0 -1 0 0 -2 0 -1 0 1 0 0 0 -1 -2 1 -1 0 0 1 -1 0 1 0 -1 1 -1 0 1 2 1 2 0 0 -1 0 0 1 1 -1 1 -1 0 2 1 0 0 -1 1 0 0 1 1 -1 0 0 -2 -1 0 1 -1 0 0 -1 0 -1 0 0 0 0 1 0 1 1 0 1 0 0 0 0 0 1 0
-1 1 -1 1 1 0 1 0 1 0 1 -1 1 0 -1 -2 1 0 0 0 0 -1 -1 1 1 0 0 -1 -1 0 0 1 1 1 -1 -1 1 0 1 -1 0 -1 0 0 1 0 -1 -1 0 0 0 -1 -1 -1 -1 -1 0 0 0 -1 1 -1 2 1 0 1 -1 0 -2 0 1 -1 0 0 1 -1 0 0 0 0 1 -1 0 0 1 -1 0 1 1 0 1 0 -1 0 -1 0 0 0 1 0 0 1 -1 1 1 1 0 2 1 0 0 0 0 1 2 0 1 1 0 -1 -1 0 -1 -1 -1 0 0 -2 0 0 -1 0 0 0 0 0 0 2 1 1 -1 0 0 -1 1 -1 0 0 0 1 -1 0 -1 1 -1 0 -1 -1 -1 0 -1 0 -1 0 0 0 1 1 1 0 0 0 0 1 1 0 0 0 0 1 0 0 -1 0 0 -1 -1 -1 -1 0 -1 -2 0 1 0 0 0 0 1 2 0 0 1 0 -1 1 -1 0 1 0 0 0 0 0 0 1 0 -1 0 1 0 -1 1 -1 0 -1 -1 0 2 -1 0 -1 1 0 0 0 0 0 0 1 0 0 -1 0 0 0 0 1 0 0 1 0 -1 0 -1 0 0 0 0 1 0 0 0 2 1 0 0 1 0 0 0 -1 0 0 -1 0 0 0 -1 1 -1 -1 -2 0 0 1 0 -1 0 -1 1 0 0 0 -1 0 0 -1 0 0 0 0 1 -1 0 0 -1 -1 0 0 0 -1 -1 0 0 -1 0 -1 -1 0 -1 0 0 -1 0 0 -2 -1 1 0 0 0 1 0 0 1 0 0 0 0 -1 0 0 1 1 0 0 1 0 1 1 0 0 1 0 0 0 -1 0 0 0 -1 0 0 0 1 -1 0 0 1 -1 0 1 -1 0 0 -1 -1 0 -1 -1 1 0 -1 2 0 0 -2 -1 1 0 1 0 0 1 -1 0 0 0 -1 -1 0 0 -1 -1 -1 1 1 0 1 0 1 0 1 -2 0 -1 -1 0 1 0 1 0 1 -1 0 0 -1 0 0 1 0 1 1 0 -1 0 0 -2 0 -1 0 0 2 0 0 0 -1 0 0 0 0 0 -1 1 0 0 0 -1 1 1 -1 -1 -1 0 1 0 0 -1 -1 1 1 -1 2 0 0 0 1 0 1 -1 -1 0 0 0 0 0 -1 -1 1 -1 0 0 0 0 -1 1 -1 -1 1 0 0 0 1 0 -1 0 1 0 0 -1 2 0
-1 1 1 -1 -1 -1 0 -1 0 1 0 0 0 0 0 0 -1 1 0 1 0 -1 0 0 0 -1 1 -1 -1 0 1 0 0 0 0 1 1 0 0 0 0 0 0 1 1 0 -1 0 -1 -1 0 0 1 0 0 1 -1 -1 0 1 0 1 0 -1 0 -1 0 0 0 0 0 -1 -1 0 -1 1 -1 0 0 0 0 0 0 -1 1 0 0 1 0 1 1 1 -1 1 0 0 -1 0 0 0 0 0 -1 0 -1 -1 0 0 1 0 0 -1 -1 0 1 1 -1 0 -1 0 -1 0 -2 0 0 -1 -1 -1 -2 1 0 0 -1 0 0 0 0 -1 1 -1 0 0 1 0 1 0 -1 0 0 -1 -1 1 0 -1 0 0 0 -1 0 0 -1 0 0 0 0 0 0 -2 0 2 0 0 -1 0 0 0 0 0 -1 0 0 0 1 0 0 1 0 -1 0 0 0 0 1 0 0 -1 0 0 0 0 0 0 1 -2 2 1 0 -1 -1 0 2 0 1 1 0 0 -1 0 -1 -2 -1 0 1 1 -1 1 1 0 0 1 0 0 0 -1 0 1 1 -1 0 -1 0 0 -1 -1 1 0 0 0 -1 0 1 1 -1 1 0 1 0 0 0 0 -1 0 -1 0 0 -1 -1 0 0 1 0 0 1 0 -2 0 1 0 1 0 1 -1 0 -1 0 -1 -1 -1 0 0 1 0 0 -1 0 0 1 0 0 2 0 1 1 1 -1 0 -1 0 0 0 0 0 -1 0 -1 0 1 -1 0 0 0 0 0 1 0 -1 -2 0 0 1 0 0 0 0 0 -1 -1 0 -1 -1 0 0 0 -2 -2 0 -2 0 0 -1 -2 0 -1 1 1 0 0 0 0 -1 0 1 1 0 1 1 0 0 0 0 0 0 0 0 -1 0 0 -1 -1 -1 -1 0 -1 0 0 0 0 -1 0 -1 1 0 1 1 1 1 -1 0 0 1 1 1 0 0 0 0 2 -1 -1 -2 0 0 0 -1 -2 -1 1 -1 0 0 0 1 0 0 1 0 0 0 -1 1 0 0 1 -1 0 0 0 0 0 1 0 0 0 1 -2 0 0 1 0 0 -1 -1 0 -1 -1 1 0 1 1 0 1 -1 -1 1 0 0 -1 0 -1 1 -1 -1 0 1 -1 -1 -1 -1 0 0 0 1 0 1 1 -1 -1 0 0 -1 0 -1 1 -1 1 0 0 0 0 2 0 -1 0 1 0 0 1 0 0 0 0 0 0
-1 1 -1 0 -1 0 0 -1 1 -1 1 1 0 0 0 -1 0 -1 0 -2 0 1 0 1 1 0 1 1 0 0 -1 1 1 0 1 0 -1 0 0 1 0 0 0 -1 0 1 -1 -1 -1 -1 0 1 -1 0 -1 1 1 1 0 1 0 -1 0 0 1 0 -1 -1 0 0 0 1 1 0 -1 0 1 0 1 -1 -1 0 1 2 0 1 1 0 0 0 0 -1 1 0 0 0 0 0 1 0 0 0 0 0 -1 1 0 0 0 -1 0 0 0 -1 0 0 0 0 0 0 0 -1 0 1 0 -1 -1 1 1 -1 1 0 1 0 0 0 -1 -2 0 0 -2 -1 0 1 0 0 0 0 -1 0 2 0 1 -1 1 -1 -1 0 0 0 1 0 1 0 -1 0 1 -1 1 -2 0 1 0 0 0 0 0 1 0 0 1 0 0 0 1 1 -1 0 1 0 0 0 1 0 0 0 0 0 0 0 1 0 -1 -1 0 0 0 -1 0 -1 0 0 0 -1 1 1 0 0 1 0 -1 1 0 1 -1 0 -1 -1 0 0 1 1 0 1 0 1 0 0 0 -2 0 0 -1 0 0 0 -1 1 0 -1 0 0 1 2 -1 0 -2 -1 -1 -1 0 0 0 1 0 0 0 0 -1 0 0 0 0 0 -1 0 0 -1 -1 -1 -1 1 -2 1 0 0 0 1 0 -1 1 -1 1 0 1 -1 0 1 2 0 1 0 0 0 2 0 0 1 1 -1 0 0 0 0 0 0 1 -1 1 -1 0 -1 0 0 -1 0 0 0 0 1 0 -1 0 0 1 -1 0 0 -1 -1 0 0 0 1 0 1 0 0 0 -1 0 0 1 0 -1 0 0 0 0 0 0 1 1 -1 0 0 -1 0 0 1 0 0 0 1 -1 0 1 0 1 0 0 0 1 0 -1 1 0 -1 -1 0 -1 1 0 0 1 1 1 0 0 0 0 -1 -2 0 1 0 1 1 0 0 0 -1 1 0 1 0 1 -2 1 0 0 0 0 0 0 0 -1 0 0 0 0 0 0 -1 -1 1 0 0 -1 1 0 -1 0 0 0 1 1 0 1 0 2 -1 1 0 0 0 0 0 1 0 0 0 1 0 1 -1 1 2 0 0 0 0 1 0 0 0 0 -1 0 1 0 0 1 -1 -1 0 -1 -1 1 1 -2 -1 0 1 1 0 2 0 0 0 0 1 0 0 1 0 0 1 -2 0 -1 0 0
-1 0 1 0 0 0 1 -1 1 0 1 0 0 0 0 -1 0 -1 1 -1 1 1 0 0 0 1 -1 1 0 0 1 0 0 2 0 1 0 0 0 0 -1 0 0 0 0 0 -1 -1 0 0 0 0 0 0 1 -2 -1 1 -1 0 1 1 1 1 -1 -1 0 0 2 1 -1 0 1 0 0 -1 -1 -1 -1 0 0 0 -1 0 -1 0 -1 1 0 0 0 -1 -1 1 1 -1 0 0 0 1 -1 0 1 0 1 0 0 -1 0 0 -1 1 0 0 1 0 0 0 0 -1 0 0 1 0 0 0 -1 0 0 0 -1 0 1 -2 0 -1 1 0 0 1 0 0 0 0 -1 1 -1 1 0 -1 1 -1 0 1 -1 0 0 0 -1 0 0 1 0 1 0 0 -1 1 1 0 -1 0 -1 -1 0 1 -1 0 0 0 0 1 1 0 0 0 0 -1 0 1 -1 0 0 0 1 0 1 1 1 1 1 1 0 1 0 1 1 0 1 1 0 0 -1 0 1 1 0 -1 0 0 0 0 0 0 1 1 0 0 0 0 -1 -1 0 -1 0 0 -1 0 1 -1 0 -1 1 -1 -1 0 0 -1 0 -1 0 0 -1 -1 0 0 -1 -1 0 0 0 1 1 1 0 2 -1 0 0 1 0 0 0 1 0 0 0 -2 -1 -1 1 0 0 -2 0 -1 1 0 1 1 0 0 0 0 -2 0 -1 -1 1 0 1 -1 0 0 0 1 -1 1 0 -1 1 0 1 2 0 1 -1 0 1 0 0 -1 0 0 1 0 0 0 -1 0 1 0 0 1 0 0 1 -1 1 1 0 0 0 0 0 0 -1 0 1 -1 0 0 0 0 0 0 -1 0 0 1 1 0 -1 0 -1 -1 0 0 1 1 0 -1 -1 1 0 0 -1 1 1 0 1 0 -1 1 1 0 0 0 1 0 0 -1 0 1 -1 -1 -1 0 0 0 -1 0 1 0 0 0 0 1 0 0 -1 1 1 0 1 2 0 2 0 0 -1 0 0 -1 0 0 0 0 0 0 0 0 0 0 -1 0 -1 0 -1 0 2 1 -1 -1 1 2 -2 0 1 0 1 1 -1 1 0 0 1 1 0 0 0 1 -1 -1 -1 -1 1 0 1 0 0 1 0 0 -1 0 1 0 -1 0 -1 0 0 0 2 -1 0 -1 -1 1 1 1 1 1 0 0 0 0 -1 -1 1 -1 0 0 0 1 -2 1 -1 0 0 0 1
