512 128 128 1375
-2 1 3 1 0 -1 5 0 1 2 3 -2 -5 2 -3 -1 -3 2 2 -2 5 2 -4 -3 2 -2 6 -1 0 0 0 4 1 1 2 0 -1 -4 3 6 -4 0 5 6 0 -2 1 0 0 2 2 0 1 0 -2 2 0 -4 -3 6 -4 3 -3 -1 0 1 1 -1 7 4 3 -2 2 2 2 -2 -4 4 -2 3 2 -1 -4 2 1 -3 -3 -1 -4 0 1 -5 0 1 -2 -1 2 2 -5 0 2 0 -1 3 3 3 3 -3 2 -1 -3 0 2 -1 -1 -1 1 -1 -2 0 -2 2 -1 4 6 -1 1 1 -1 -1 -1 -2 -3 -3 1 3 3 -1 -1 1 1 1 3 4 4 3 0 2 0 1 0 -3 -7 -2 -2 0 0 -3 -2 -5 1 2 4 -1 0 3 1 -1 2 1 0 -1 2 2 -2 6 0 -4 4 -2 -2 -6 5 4 -2 1 -1 -2 4 2 1 3 -3 -3 4 -5 0 3 6 0 0 -3 0 4 6 2 2 0 0 -5 0 0 -2 0 -1 -2 1 -3 0 -1 -1 2 0 1 1 1 3 1 5 -1 0 2 -4 -2 1 -1 -2 0 -2 4 -6 4 -2 -4 0 1 -1 3 0 0 0 -5 -3 1 2 2 2 2 1 -2 0 -3 1 -2 -1 2 1 3 -1 -3 4 3 0 6 -4 0 0 -1 0 -3 -3 2 0 0 4 1 2 4 4 2 0 2 -1 -3 0 -1 0 3 -3 3 0 4 -2 -4 1 1 -1 3 3 -1 0 -1 2 -2 -1 -3 -1 -3 1 -1 1 -2 0 1 -1 0 -3 -1 1 1 3 -3 -1 -3 4 -2 1 2 -1 -1 -1 -1 0 2 -5 6 -2 -1 1 0 2 -4 4 -1 2 -2 1 3 -3 2 2 0 2 0 2 -2 -1 0 0 -2 0 -4 1 -1 5 3 3 -1 5 -1 1 -1 0 2 1 0 1 -3 2 -3 -3 0 2 -4 -2 -2 1 -2 -1 -4 1 5 -3 -1 0 -3 -1 -3 1 0 -2 -2 1 -2 -1 -2 -1 -1 -1 -1 1 -1 -1 2 2 -3 1 -5 -2 1 0 1 2 -3 -1 -2 -1 2 -4 -1 1 -1 3 4 -4 5 -3 -1 2 -3 0 -7 4 1 0 -2 -3 -6 3 -3 3 -1 1 -1 3 3 -5 0 1 4 2 -6 -2 3 -3 0 2 -2 2 1 0 5 -2 1 -3 -1 2 0 -4 1 0 0 -2 -2 0 0 5 2 -1 3 6 -1 -3 -2 -1 2 -1 0 0 -3 -1 5
2 -1 2 -1 0 -3 -1 -3 3 -1 -4 3 -3 -5 -2 5 -1 -5 -2 0 1 -1 0 -2 0 1 -1 1 -5 -4 -1 2 -2 -5 1 3 -1 0 -3 -3 -1 1 4 -4 -3 1 2 0 -3 -2 0 -1 4 4 3 1 1 0 3 -1 2 -1 1 3 -1 1 0 -2 1 1 -3 3 -2 2 -2 2 1 1 1 0 2 1 -7 -1 0 -1 -2 2 3 -4 -3 1 -6 -2 -4 1 4 -3 -3 0 -2 1 0 0 1 2 -1 1 -2 1 0 1 -4 -2 -1 1 3 3 3 2 -4 -4 -5 2 3 0 -5 0 1 5 1 1 -3 -1 3 0 -2 -3 2 -2 1 -2 5 -3 2 1 -2 0 -1 3 0 0 5 3 1 -1 1 0 -2 5 -3 0 -1 1 3 3 3 2 3 0 4 0 3 2 -1 2 1 1 6 -1 0 4 0 -3 4 -2 -2 0 -2 -1 2 0 2 4 5 3 3 -1 3 -3 -1 3 0 2 5 -1 0 1 0 1 -1 -3 1 0 -6 -2 -3 -2 0 -5 0 4 -1 0 -4 2 -2 3 2 -1 0 2 2 -3 -2 1 1 4 -2 -1 4 1 0 -2 -4 4 -1 2 0 0 -3 3 -1 -1 2 1 -3 5 2 5 -4 -4 0 1 -1 2 -1 1 2 0 -3 -2 1 -1 -1 1 -2 1 -3 -2 3 -3 2 0 4 0 -4 3 -3 -2 -5 -1 -6 -4 -4 1 -4 2 0 0 -2 -1 -1 -1 4 2 3 -1 0 2 1 2 1 1 0 0 -2 3 -1 -2 -6 -2 0 -1 -4 2 2 -2 1 1 -1 -2 1 0 -2 -1 0 -2 -1 3 -1 -3 6 1 -3 -1 2 -5 -3 -2 -4 1 0 -1 1 -4 -5 0 0 5 0 6 -1 -1 2 -3 -3 -2 -3 0 -1 -6 -1 3 0 6 7 1 -2 -3 1 -6 0 0 -2 0 1 4 1 -1 -2 5 -4 -2 -3 0 0 3 -1 0 3 4 3 3 4 -5 -1 -1 -1 0 2 -3 1 -3 -4 -4 0 -1 -3 -5 2 0 6 -2 1 -2 0 -1 -6 -1 -2 -1 -6 0 0 -1 4 -1 0 -3 0 3 2 -2 -1 -1 -3 -4 0 -1 2 -2 1 2 -1 0 -1 -2 2 -1 -2 1 5 -5 0 3 0 0 -3 -1 0 3 1 2 -4 1 2 3 1 3 3 3 -2 -1 0 -2 -3 -1 0 -4 0 4 -1 -2 5 0 1 2 -1 -4 -1 -1 -2 -2 1 2 -1 -5 -2 -1 -1 -1
-1 0 1 1 2 3 0 -1 3 -1 -1 4 -4 -4 -2 -3 -1 1 0 1 -1 0 2 0 -4 -6 2 1 1 4 -6 4 0 4 0 2 -1 5 1 0 -1 -1 -2 5 0 0 0 2 -2 2 0 3 0 -2 2 -1 4 1 4 3 -2 -1 -2 4 -2 4 0 2 -1 0 2 -1 -5 4 -1 -1 3 0 -6 0 0 2 1 -3 -3 0 3 -3 -2 -3 3 -1 -3 -3 0 -2 1 0 1 2 3 0 -3 1 2 0 -1 0 -5 -1 3 -3 -1 2 -1 4 2 -1 -3 -1 1 1 1 0 3 1 1 -1 4 1 -1 0 2 0 -1 -3 2 -3 -1 4 1 3 7 0 3 4 1 0 1 0 -2 -4 1 1 0 3 -2 2 -2 -2 0 5 -1 5 0 2 6 -4 3 -1 0 0 -1 0 -2 2 0 2 1 0 2 4 2 2 -2 0 2 -2 0 -3 -2 1 4 -3 1 -3 -1 1 2 4 2 -1 2 3 1 0 -4 -6 0 3 -4 3 2 -4 0 -2 0 2 0 -5 3 3 0 5 1 3 0 -1 -2 3 -5 2 2 -2 -3 0 2 1 -2 1 5 -2 0 -3 3 0 1 3 3 -2 1 2 -7 3 2 5 1 -3 4 -3 -2 0 0 -1 -1 2 -6 2 1 -1 2 -1 -1 3 0 0 -3 1 -2 2 -1 -3 -1 2 2 -1 2 -2 5 2 -3 0 -3 -2 -1 -1 0 -5 0 -2 3 2 -2 1 -2 2 0 2 0 6 1 -2 -2 -3 4 1 1 1 2 -2 0 -1 0 2 0 3 3 -4 3 -1 0 3 0 4 2 2 -3 -3 -1 -3 1 2 4 0 -6 -2 2 -1 1 -2 -2 -2 -1 2 -1 0 -1 -2 -2 -1 3 -2 -1 2 -4 -3 -1 5 -1 -1 0 1 -3 -3 2 5 0 -2 3 0 0 -1 -3 -3 1 -1 1 3 -1 2 1 2 -1 5 1 -2 -1 -1 -4 0 3 2 0 -2 -3 -2 -4 6 -3 2 1 2 -2 -1 -2 -3 -2 3 2 3 0 2 2 1 -1 -3 5 -4 -4 -3 3 5 -4 -5 2 2 -4 1 0 -4 2 -4 -1 -3 0 0 4 2 -3 -4 1 6 -2 -3 -5 1 7 -1 2 -1 -1 -1 0 3 2 2 1 4 1 -1 -4 2 -1 -3 1 -1 4 2 1 -1 0 -4 3 4 -2 0 0 4 -1 0 1 1 -3 -2 4 2 1 -3 1 -2 1 0 5 2 4 0 6 -3 5 -4 -4 -1
-1 -1 -1 0 -2 1 -1 -2 -1 2 2 2 1 -3 3 -3 4 -3 -1 -3 1 -1 1 1 -2 0 -4 -2 -1 3 4 -3 -2 -1 1 -2 -1 -2 0 -2 1 4 1 1 1 -2 1 0 0 -2 1 0 -1 0 6 0 5 2 1 3 -2 -5 0 -1 6 2 2 2 0 0 3 3 0 1 2 -1 0 -1 1 5 1 1 2 -2 3 -3 1 -1 -1 1 -2 -4 -1 1 3 5 2 2 -2 0 5 2 0 -3 3 0 0 3 -4 -4 4 -1 3 1 -1 2 1 -2 2 1 1 1 -2 3 2 1 4 -3 0 -1 5 -1 -3 -2 -1 1 2 -2 4 0 2 2 1 1 -3 -3 0 0 -4 2 1 -2 3 1 -3 -7 -4 2 2 1 1 1 -3 0 -4 0 3 0 -2 2 -1 -2 0 0 2 -1 0 0 6 -3 -1 -3 -1 1 1 2 -2 -1 2 4 0 -4 2 1 -3 0 3 2 -2 -2 3 2 -1 -1 -1 1 1 2 -3 -5 -1 4 -2 2 3 1 -3 -2 0 -2 2 -5 0 2 -2 0 -4 -1 -1 -3 4 -2 -1 0 3 -4 -4 0 6 -3 -1 3 0 -2 0 1 -2 3 0 0 -1 1 -1 -2 0 4 1 -1 3 -2 -1 -2 1 -2 3 -4 2 -4 4 0 1 -3 2 -1 -5 -5 -5 -3 -2 3 2 -4 6 -3 2 2 3 1 -1 -2 0 3 -2 1 5 2 5 1 -2 1 -1 1 -1 1 -2 -2 -2 1 -1 3 -2 -1 2 2 -4 0 0 -1 0 -1 -1 0 7 -3 0 -3 4 -1 3 4 -2 -3 4 2 -1 -1 2 -3 -1 -1 -2 -6 -4 -1 -2 6 2 2 -4 -3 -3 -1 -2 1 2 7 -5 1 0 -4 -1 1 -4 1 0 -3 0 1 -3 1 -4 0 0 1 3 2 3 0 -3 -5 -1 1 -2 1 3 -2 -2 2 -1 3 2 -2 2 0 2 -3 -3 1 -5 -2 2 -1 -5 -3 -3 -6 -2 -1 1 -5 -1 3 3 -2 2 0 -5 0 0 0 2 3 -2 2 -3 -3 -7 1 0 5 1 3 -1 -1 -1 -4 -5 -3 3 -3 3 -4 -5 5 3 2 -2 -2 -2 -4 2 -1 -2 0 -1 -1 1 2 7 2 3 -1 0 -3 -3 2 0 3 -2 -4 0 1 2 2 -4 0 2 2 -2 5 -2 -2 -1 3 1 -5 -1 -2 1 0 -4 -2 0 0 2 2 4 0 -1 0 -1 0 3 0 4 -1 -3 -3 2 1 -3 2
-5 5 -1 -1 -2 -1 3 2 -1 -2 -1 2 2 0 0 0 0 -3 1 -1 -2 -1 -2 2 -2 3 -5 3 -2 1 -2 2 -1 -2 -2 0 -3 -3 -1 -1 -2 3 1 0 -3 3 -5 4 3 -3 -3 -4 3 3 3 1 -5 -1 -1 1 -3 3 0 -3 0 -1 -1 4 -1 0 -2 -1 3 2 1 0 4 3 0 0 1 0 1 0 4 3 2 2 -2 4 -2 1 2 1 -1 2 1 1 -1 -4 2 6 -2 -4 1 -4 -3 0 -1 2 2 1 0 2 1 3 1 1 -1 4 -2 -2 0 -3 -1 -1 -4 -1 -1 -2 -1 -1 -3 -1 -4 -2 3 1 -1 -4 0 4 -3 4 0 -3 4 2 -1 -1 0 -1 3 -2 2 -1 -2 1 -3 0 3 -2 1 0 -2 2 3 0 0 -1 0 -4 1 2 -1 -1 0 2 -3 -2 2 1 2 -2 -2 -3 0 1 3 -3 1 2 -2 2 2 2 -1 0 1 4 1 -4 2 1 0 -4 4 4 1 2 4 2 -1 -3 -4 2 5 -1 1 -2 4 0 0 -4 2 1 -3 1 -3 1 1 -1 4 3 1 6 1 -3 2 -2 -4 2 -4 2 2 0 2 -1 -2 2 -2 2 -5 -3 2 3 1 -6 -3 3 2 -5 6 -1 2 -3 -2 -1 -2 1 -1 1 -2 -1 3 0 5 -3 2 3 -1 -1 1 1 2 0 -1 -2 0 -1 -4 -5 -1 1 0 -1 1 -2 -2 -1 -2 -4 -1 -4 -2 -2 -3 3 -1 -1 2 3 1 3 -1 3 -1 0 4 -2 -4 1 3 4 -5 4 -1 1 -1 -3 2 0 3 2 -4 6 -3 0 -1 4 1 2 3 -1 0 -1 3 -2 -1 1 -2 1 -5 3 -1 -3 -6 -1 -1 0 6 1 -2 1 0 -1 5 5 5 -2 -2 2 -3 4 -2 4 -6 -1 -3 2 -4 -1 0 1 5 -5 1 3 2 0 0 -2 0 0 -5 -6 -1 0 7 4 0 1 -3 -2 -1 3 1 5 -1 -1 2 1 2 -2 3 1 -3 -1 -3 0 -3 -2 2 -1 -2 -2 -1 1 -1 1 -5 -7 1 -2 0 -1 2 -2 3 -3 0 1 2 3 2 -2 1 3 1 0 0 2 -2 -1 3 -5 0 1 -3 1 -4 3 -6 -3 -1 1 1 -1 3 -5 0 1 -2 2 -1 -4 -5 3 -1 -3 2 -1 -2 1 3 0 0 0 2 4 -4 2 5 -3 -1 3 1 2 3 -1 0 3 0 0 -2 -1 6 3 -5 0 2 1
3 2 1 1 -1 4 -1 -3 1 4 1 3 1 0 3 2 -2 -2 -6 4 -1 0 -2 1 -1 -7 -1 1 1 3 -1 2 -2 3 3 0 -1 -3 2 2 -3 -5 -1 0 -6 0 1 -1 -1 0 0 4 2 -1 -3 4 0 -4 -2 1 3 0 3 0 0 -2 0 1 -3 1 2 -2 1 -2 0 0 -6 4 2 -2 -1 2 -1 -1 -1 1 4 2 1 -7 0 0 3 -3 -2 -1 -2 -2 0 -4 -1 2 -3 1 0 0 -3 -1 5 0 3 2 -2 -1 1 0 4 3 0 -4 1 0 0 -3 2 4 -2 1 -4 2 2 0 3 -4 -3 -2 1 -1 -3 3 1 -2 -3 -2 -4 -2 -1 2 3 -3 -1 0 2 0 -1 2 -1 -2 2 0 2 3 2 -3 -4 -3 1 4 3 1 -1 2 -1 2 -1 7 4 -2 -2 -1 1 1 1 1 1 -3 -1 -3 -2 0 -5 0 -1 -1 -3 6 -2 -3 2 -3 2 2 0 1 6 0 -1 5 3 2 -2 3 0 0 0 1 -4 2 5 1 -3 3 0 -2 -2 1 -2 0 -3 -4 -1 0 1 -5 -1 2 4 2 2 0 -2 -3 -2 2 4 4 1 3 -1 -1 3 0 -4 3 -1 -3 3 1 6 1 -1 1 -2 1 0 1 -3 1 1 -1 -2 -1 1 -2 5 3 1 2 -3 3 -5 -2 -6 -1 -5 1 1 -2 2 2 -1 0 4 -1 -1 0 1 -7 0 2 -1 -3 -2 0 2 1 4 -3 1 -2 2 5 -3 3 3 6 -1 1 -1 5 -2 1 -2 1 7 -1 2 -1 3 1 1 0 7 1 1 0 -2 2 2 1 -5 2 0 -3 3 0 -1 5 5 1 0 0 -1 0 2 0 1 -1 -4 4 1 -5 1 -1 -3 5 -4 3 -1 2 -2 0 -1 -3 1 -3 -2 -1 3 1 -3 -1 0 3 3 -2 2 1 0 -1 2 -2 3 2 -2 -1 1 0 2 -3 -1 6 -1 -3 2 0 0 3 2 4 -1 3 0 -6 3 2 2 -4 3 -1 -4 0 1 -2 -3 -3 0 1 -1 -4 1 -3 -1 -3 2 -1 5 0 -5 2 -1 1 -2 0 3 -1 -3 1 -3 0 -3 2 0 -2 0 4 -4 3 1 4 0 -4 -1 -2 -1 3 2 2 -1 1 -3 7 2 -2 1 2 -1 -1 -2 2 2 2 -1 -3 -1 2 -3 -6 2 2 0 0 2 3 2 2 4 0 3 0 -2 -1 0 1 1 0 3 2 1 0 -4 1
1 -1 0 4 -2 -1 -4 1 4 -1 -5 -3 2 -2 -1 -2 4 -2 0 2 0 0 0 0 2 0 2 2 0 -1 0 3 -1 -1 -2 -1 2 1 -1 3 -2 -3 -5 -5 -1 2 2 1 -1 3 3 2 -1 -4 -2 2 -1 0 -5 6 2 -1 -1 2 2 -1 1 -2 -1 -1 -2 2 -4 0 -1 5 0 2 3 -1 -2 2 0 -3 -2 -3 -5 3 5 0 3 3 3 0 1 -6 -3 7 3 4 -1 4 3 2 0 -1 -2 -4 1 5 1 0 3 -1 -1 -1 2 4 2 2 -1 3 2 2 -2 -3 1 -1 0 2 -1 2 3 6 -3 -5 3 3 0 1 0 -1 0 0 2 2 -1 -2 2 -1 -2 1 -6 -2 0 -2 3 -2 0 -1 -2 3 5 6 3 -2 -1 3 0 4 0 0 1 6 0 3 5 2 -2 -3 2 2 0 2 -3 2 -1 1 -1 1 -2 3 1 0 1 1 3 0 -1 2 2 -1 2 3 -2 -1 2 -2 -1 4 2 3 1 1 0 2 3 -2 -1 -2 3 4 4 1 5 0 -2 -5 0 -2 7 -1 -3 1 -3 -7 -1 3 3 0 3 0 3 -2 0 2 -3 0 -2 1 -1 -3 6 1 -1 1 -4 -1 5 -2 -1 -1 -4 -2 3 6 -2 -1 2 0 3 -2 -1 3 -2 -3 -4 1 0 2 3 -1 -3 0 -7 2 3 2 5 5 3 1 1 6 -2 -2 2 -1 -1 -3 0 -3 -4 1 5 0 3 -2 2 -2 -1 -3 -2 -4 3 1 3 -1 -3 0 -1 -1 1 2 0 0 -1 2 0 7 5 3 1 -4 2 -1 3 0 3 3 0 0 -1 -3 2 0 1 2 2 -2 -3 2 3 2 -2 0 4 4 0 0 -2 1 -3 -1 2 -4 -1 -3 0 0 -1 1 7 0 -1 -1 -1 0 3 0 2 3 4 4 3 -1 -1 -2 -2 -1 -4 -3 -1 0 3 -1 -1 0 2 -1 4 -1 -2 2 -1 -1 -1 4 -1 6 -2 2 1 0 -1 0 0 -3 2 -2 6 -1 2 0 5 0 1 -4 1 1 1 2 -2 1 0 2 -1 4 -4 2 1 -1 -2 3 -3 2 1 -1 2 -1 0 1 0 -4 0 2 0 -3 -1 1 -2 4 0 2 1 -5 -3 3 4 0 2 1 -2 0 -2 0 -3 1 -2 -2 2 2 0 -1 0 -1 3 0 -2 -2 4 2 -5 1 1 -2 0 -2 -1 1 3 -3 3 -7 3 -3 2 1 -4 -4 2 2
-2 -4 -3 0 0 2 3 0 4 -1 -4 -3 -6 -1 0 3 2 -5 -4 1 0 -3 -4 5 1 1 -1 -2 0 0 -7 1 -4 0 4 1 1 -5 1 -4 2 0 -1 0 3 -1 -4 -2 -3 2 0 -2 3 0 3 0 0 -3 -3 -1 -3 2 1 -1 4 -3 -5 2 -1 2 -2 -3 2 6 1 3 1 -3 3 -3 -1 -1 -4 -2 3 0 -3 1 2 2 -2 -3 -1 -1 0 5 1 2 -2 -2 2 -2 2 2 4 -1 6 -5 2 0 1 0 0 4 2 -4 3 -2 -5 0 1 -1 -4 4 1 1 -1 2 -2 0 -1 0 0 3 -2 -4 0 0 -2 2 0 1 5 -3 0 -2 -3 -1 2 1 0 -2 1 1 -2 -3 1 1 0 -1 0 3 4 2 -2 -4 0 -1 3 -4 -4 -1 4 5 2 -3 -1 3 0 -5 2 2 -5 0 -3 4 5 -1 -2 4 -2 1 0 -3 4 -3 6 -1 3 1 -4 -3 -3 3 -2 3 3 -1 4 -4 1 2 0 -5 -1 -3 -2 2 2 -1 -4 -3 -1 1 -3 2 5 -2 1 5 -3 -1 -4 1 1 -5 0 -3 1 -3 0 -1 -1 -2 -3 1 3 0 -2 0 2 0 0 2 2 3 -3 1 3 0 1 5 1 1 -4 -1 4 1 1 2 3 -2 2 0 -4 -1 2 -3 -2 0 0 -2 -2 -2 0 -2 3 2 1 1 0 -2 -2 -2 -6 3 -1 -2 -7 2 -3 0 -4 -2 1 -2 1 -1 -4 2 -1 0 -2 2 -2 0 0 -2 2 -2 0 0 -1 -3 3 2 -2 1 -2 2 -3 -3 -1 0 2 1 1 3 1 1 -5 2 5 4 -3 1 0 -3 1 -2 -3 -5 -4 2 2 1 1 -1 1 4 2 -1 -2 3 5 3 -1 0 2 -2 -2 1 -2 1 1 3 -1 -3 2 -1 -2 1 6 3 -2 -2 0 4 -2 -4 -3 -1 3 3 0 1 -1 1 -2 4 3 -1 2 -2 2 0 -4 2 -1 -2 -1 1 2 -1 1 -1 6 -2 -1 3 2 3 -1 0 0 1 -5 2 -1 -1 2 6 0 3 -2 -1 0 -4 0 0 4 -1 -2 -2 -5 -2 6 -1 1 -3 0 -1 -2 1 2 0 0 0 3 4 2 0 -1 1 2 -3 0 1 0 2 3 3 -1 1 4 -4 1 4 -1 -1 -1 -2 -3 0 -1 -2 -1 1 -3 -1 -3 -3 -1 3 -4 0 0 2 2 -3 2 2 3 -3 1 3 -1 0 -4 0 -5 -1
3 -3 1 2 -3 0 1 0 -1 -1 -3 0 1 6 -1 -3 1 1 -3 2 -4 1 -2 -2 1 -1 0 2 0 0 2 1 0 2 -1 -2 -1 -3 1 2 1 -3 -1 0 -5 2 -2 -5 -2 1 2 2 -1 -2 1 2 2 -2 1 0 3 1 1 -3 2 -2 3 3 0 -3 -4 1 -1 1 4 0 -3 4 1 -1 -1 4 1 0 0 3 0 -1 1 -1 0 5 -1 0 2 4 0 -1 0 0 1 2 -2 -1 -1 -3 1 2 -4 4 0 1 -1 -3 2 -1 2 -1 -2 1 -3 3 -4 -3 0 -1 1 -2 0 0 -1 -3 3 4 0 -3 0 2 -2 3 0 -3 -1 -2 0 -1 -3 4 2 0 1 3 3 1 1 3 3 -1 -4 -1 -4 0 3 -4 1 -1 -2 -4 1 -1 -4 1 -5 -2 2 7 -2 -2 2 -3 -4 -5 -2 -1 -5 -2 -2 2 3 3 -4 1 -1 -1 -2 -3 0 -2 -3 -1 -3 3 3 4 -1 -7 5 -2 0 0 5 3 1 4 0 3 4 2 -2 0 1 1 0 0 -1 4 -1 -2 2 -6 -4 -4 3 -1 -3 2 2 2 4 -1 1 1 2 1 -2 -2 0 -1 -1 0 -1 -4 3 1 1 0 -2 -4 0 5 2 -6 -1 0 -2 3 2 2 2 1 -5 3 -2 2 -1 -6 -2 -1 0 0 2 -1 0 -7 -3 -1 -1 2 2 5 -2 1 2 4 -3 -5 0 -6 0 0 1 -1 -3 0 -5 2 -2 -3 1 -2 1 -3 -1 2 -1 1 -7 2 2 -1 -4 -2 -1 2 0 1 -2 -1 -1 3 5 -4 1 1 2 0 0 -2 -3 2 -4 -2 1 -3 -2 -1 -1 3 1 0 2 0 -1 2 1 -3 4 -3 -7 -3 -2 4 -3 3 1 -2 5 -2 3 4 5 -2 0 -2 1 -5 1 2 -3 4 0 1 3 1 3 0 -1 -2 -3 -3 2 6 -3 -1 -3 1 -1 2 -1 -2 0 -2 -1 -3 2 -1 1 2 -2 1 0 2 0 0 3 -3 -1 -2 5 -4 0 3 0 -1 -1 -1 0 5 -4 -5 -1 -5 2 6 -2 6 -1 -4 0 -1 1 -1 -5 4 -2 0 3 0 -2 1 -1 2 -2 -7 2 -3 3 1 1 1 3 2 -1 -1 -2 0 0 -2 4 -1 0 2 -1 6 3 0 -2 -1 4 -1 2 2 2 0 1 -2 -2 0 -1 3 3 -5 -3 -3 -1 -2 -5 0 3 -2 1 1 1 2 -1 0 1 1 3 0 -4 2
4 -3 -2 2 -4 2 3 2 1 -1 5 -4 -1 0 -2 0 3 -3 3 -2 3 -2 -1 -3 2 0 -1 0 -4 -2 -2 -2 -1 3 0 0 -2 4 0 1 -5 0 0 0 -4 2 1 4 -3 -5 -1 1 0 1 6 -6 -2 5 1 -1 -2 0 0 0 0 2 -1 -1 0 2 4 1 2 -1 0 -3 3 -1 -4 -2 2 0 -2 4 0 5 -1 1 3 2 -4 2 -3 1 -1 -1 -2 2 5 -1 2 -2 1 3 -1 2 5 -3 -2 -3 -1 -2 4 -2 -2 2 3 -2 0 0 3 0 1 -1 -7 -2 -2 -5 -1 3 3 2 1 -2 0 0 2 0 6 -2 0 2 0 1 3 2 -5 1 1 -4 1 3 -1 3 4 -7 -3 2 -2 -1 -1 -3 2 -1 1 0 0 -2 1 2 -3 2 -4 -5 -3 1 -4 0 1 1 4 2 -1 2 2 3 0 0 -2 0 2 -2 -5 0 1 2 5 2 -3 2 0 0 -1 -5 -1 -2 -1 -1 -3 -1 3 2 1 -5 -1 -4 -6 6 0 1 0 3 0 -1 -4 2 0 -2 -3 -3 3 3 2 0 0 -2 1 1 3 -5 3 0 0 -2 -2 1 -2 0 1 3 0 4 -1 -1 3 -1 -3 1 -2 0 4 -4 -4 1 3 5 2 -1 3 -5 -7 0 -1 1 2 2 3 -1 -4 1 -4 -5 -1 1 -1 -3 -3 0 -1 0 -3 0 2 0 -2 -1 5 2 1 2 -1 2 -2 1 -2 -1 -2 3 -1 -2 2 4 3 3 1 2 -1 -2 -1 3 2 -6 2 4 1 -1 2 0 0 3 -1 -1 1 3 1 2 -5 2 -1 -4 -2 -5 1 -5 0 5 -1 -2 -2 -2 1 -2 3 2 -3 2 -5 -3 -4 2 -4 -1 0 0 2 4 -1 -2 0 2 -1 -1 1 2 -1 4 -3 1 1 4 0 2 3 -1 -1 0 -1 -3 -1 3 -2 0 4 -6 -2 -6 -3 -1 -4 0 -1 -1 -2 -3 -7 -1 0 2 -4 1 -2 -1 2 0 1 2 -1 4 0 0 -1 -3 -1 0 -4 6 -1 0 6 -4 1 0 -3 0 0 1 -3 1 -2 -1 2 -3 -1 2 2 4 -1 2 0 -3 2 -4 -1 -1 2 -3 1 1 0 -2 1 -1 -3 0 5 1 -2 -2 -3 3 -3 0 -1 0 0 -2 4 4 -2 0 -3 -5 -4 -1 2 -1 2 -4 1 -2 2 -1 3 -2 0 1 0 0 0 3 2 -2 1 -2 -2 -1 2 0 1 -1 3 0
-3 -1 0 1 -3 -3 -2 5 1 -2 0 -5 -3 4 2 2 2 2 -1 -4 1 1 2 0 1 2 0 -5 -6 -4 -4 1 -2 4 -1 3 1 -3 2 2 2 0 1 -7 -5 2 -3 -4 1 -1 -3 0 -1 -5 1 1 -1 1 3 -2 1 3 2 0 5 3 7 0 0 1 1 -4 0 0 -3 1 -1 -3 -3 5 3 -1 2 -1 4 3 1 -3 -5 3 -3 2 4 -2 4 2 0 -3 1 0 1 -3 1 1 2 0 2 -1 3 4 2 6 -3 1 1 -1 -3 0 3 1 -2 -1 0 -5 -1 1 -1 1 4 3 -5 0 3 2 4 3 3 -1 0 1 1 0 -2 1 1 6 -2 7 4 0 0 -3 2 -1 -1 -2 1 -2 4 1 -2 -2 1 0 -1 1 6 -3 -1 -2 -1 -1 0 0 1 0 -1 0 -2 -1 -1 -1 -2 3 1 -1 -1 2 -1 -2 -1 -1 -2 3 -3 4 0 -2 -1 -1 -2 -4 -2 -2 -3 0 -2 -1 -5 -3 0 -2 3 3 1 -1 -3 7 -2 4 3 1 -2 -4 -2 -2 -2 1 2 -3 3 3 -1 1 0 3 5 3 3 2 -2 -3 -4 -3 1 2 -1 3 1 1 -4 1 -2 3 1 -1 1 1 7 2 -1 -3 0 3 -2 0 -2 -4 -3 -4 4 3 3 2 2 1 1 0 0 0 1 3 2 0 0 0 2 -1 -2 -1 3 1 -1 -1 -2 -2 2 4 -1 1 2 3 1 -3 2 0 0 1 4 -4 0 0 1 -2 -1 0 2 -1 1 2 5 0 -1 -1 -1 7 2 3 2 0 2 -1 0 0 0 -2 0 4 2 2 2 -2 5 2 -4 0 -3 5 -3 1 0 4 0 -1 -1 0 -2 0 4 0 -3 0 1 6 -3 -3 -3 -2 -3 -1 1 -1 0 2 -1 2 3 1 -1 -3 1 -3 -1 -1 -5 -3 1 -3 4 2 -3 -1 0 2 -2 -3 3 1 -2 -7 2 -1 -3 2 2 0 2 0 -1 -2 0 1 1 2 -2 1 -1 0 1 -2 0 0 -1 -1 0 1 6 0 -1 -5 3 2 -2 0 -1 3 5 4 1 -3 0 -1 0 3 0 -1 -3 -4 -2 -4 -2 -5 0 -2 1 3 0 2 -2 -3 2 -6 1 -1 -1 -3 5 -4 1 1 -1 3 1 0 4 0 2 3 1 3 -2 2 2 0 3 2 -3 0 -2 3 0 0 -1 -4 1 5 -3 2 3 -2 3 2 2 3 5 -1 5 -6 -2 -3 1 0
0 -4 -1 4 3 -1 -4 -4 -2 -4 2 4 0 1 0 -2 -2 -2 0 -2 -2 -3 2 1 2 5 -3 0 -5 1 1 -1 3 5 -1 -2 -3 1 1 -2 6 1 0 4 1 2 0 -4 0 2 2 4 3 0 -1 -2 1 1 1 -4 3 -1 2 -2 -2 0 1 -1 0 0 2 2 -4 -2 0 2 3 1 4 2 0 0 -1 -4 -1 -1 0 1 1 -1 3 1 7 1 1 -1 -6 -1 3 3 3 -3 2 2 1 1 1 0 -2 -3 -2 -3 0 2 -1 2 -2 -1 2 1 -3 1 -3 -4 -1 2 -2 1 1 1 -3 -4 1 5 1 -4 -2 -1 -2 2 -2 3 2 3 -1 0 -6 -2 3 -3 1 0 2 -4 -4 2 -4 -3 -1 -3 -3 5 0 2 1 1 -3 -6 0 5 2 7 -1 -3 0 -1 1 1 3 -2 -2 1 1 -6 -2 1 1 -7 1 -1 -2 1 1 2 4 1 -1 -2 2 2 5 -2 5 -1 2 1 -5 2 2 -3 -1 -2 2 -1 -2 -4 0 -1 2 -2 2 -3 -1 2 2 2 2 1 4 -4 0 4 2 0 -2 1 -1 -1 -1 -1 -2 3 -1 3 -3 -2 0 4 3 3 -2 1 -5 0 3 1 -1 -4 4 0 -4 1 1 0 -2 2 5 4 1 3 -4 3 2 -2 -1 0 0 0 3 -1 1 -2 -1 6 -2 3 -3 2 3 -2 1 -1 1 0 4 -2 3 -2 5 2 5 -1 -2 3 0 0 2 1 4 1 1 -4 0 -4 -1 4 2 -1 0 0 -3 2 -1 0 -1 0 4 1 2 5 3 -2 2 -1 1 0 1 1 -1 2 0 3 3 0 -2 1 0 -3 0 4 -3 -4 -2 -1 0 -2 3 -3 -7 -3 1 0 1 5 -2 0 2 -2 2 6 -2 -7 -1 -5 1 1 3 2 5 2 3 -4 2 0 1 -4 -2 -4 -7 4 2 1 -4 1 -2 2 1 2 -2 -3 -1 0 0 3 -2 -1 -2 2 -1 1 2 -1 -5 -1 1 -1 -1 3 -1 0 3 1 4 2 0 -3 2 -1 -1 -2 0 -2 1 1 -2 -1 1 1 2 -3 1 2 4 5 1 0 2 -2 -2 -1 -1 2 0 -3 -4 1 -1 0 -1 1 1 -1 -1 0 3 4 3 -1 2 -3 0 3 3 -3 -2 -1 -2 0 2 2 -2 0 4 1 -1 -2 -6 -1 -3 -4 -2 3 -1 3 3 -1 -1 -2 5 -2 0 -1 -3 0 4 1 3 1 1 3 4 -1
2 1 -3 -2 -2 -1 -3 0 -2 1 -5 -1 2 -2 -2 0 2 -1 0 6 -2 2 3 -2 2 1 -4 -2 1 -1 4 -1 0 -4 -2 2 -2 1 -4 1 -2 -1 2 2 0 0 0 -3 -2 2 5 1 0 -1 4 0 -1 3 3 -1 -4 -4 -3 3 0 5 -2 -1 -5 2 2 -3 0 -5 -2 3 2 1 3 3 4 2 -4 3 5 1 -2 -3 3 0 -1 2 -1 0 1 0 -1 0 3 -5 3 -1 0 2 3 2 1 1 0 -1 1 -3 2 4 -2 -1 -1 0 2 -1 1 -4 4 -3 1 1 -6 2 1 -2 2 4 4 -2 1 0 1 -1 0 1 0 -3 0 1 -2 3 -5 1 -2 0 0 0 2 1 -4 -2 -2 -3 5 7 3 -3 3 -2 -5 1 1 -3 1 2 -2 -2 4 -1 -3 5 0 2 1 0 2 -2 -3 5 1 -4 2 0 -1 -2 -1 -4 1 1 1 -2 -2 -1 0 -4 -2 2 1 1 -3 -4 0 -1 1 -1 4 4 -4 2 -1 4 2 0 -3 5 1 0 0 0 -4 -2 -2 -1 -3 5 -2 -1 2 -3 -3 -1 1 -2 2 0 -2 1 -2 -3 0 1 0 -4 3 3 2 -2 1 3 -4 0 -2 1 2 1 -3 -1 -3 -1 -3 -4 -1 -1 6 -2 -1 -2 1 -4 4 1 3 0 1 0 -3 0 0 3 -1 1 3 6 -3 -3 1 1 -1 -2 4 3 -1 0 -1 2 0 4 3 -2 -1 -2 1 2 1 0 -6 2 -1 -4 3 4 3 5 2 -2 -2 1 -5 3 3 -5 -6 4 2 3 -2 0 2 2 -2 0 3 1 4 -3 -1 -1 -2 -3 3 0 -2 1 -5 3 -1 -2 0 3 0 -2 -3 -3 -3 -3 -3 -2 0 -1 1 2 0 2 -5 0 -2 1 0 0 -1 1 0 2 -2 -3 1 -2 -2 1 4 3 1 -1 -2 4 1 -2 5 2 0 2 3 0 0 -5 -1 3 -4 1 5 3 -2 0 0 -2 3 -5 0 -1 -1 -3 -1 -1 -2 4 -3 -3 -4 0 -2 1 -4 4 1 -1 2 -2 -6 -1 -3 6 2 -3 -3 -4 1 0 -3 -3 0 0 -1 2 1 2 0 2 -1 -3 4 -1 -1 -1 -6 2 -1 -1 -2 -2 -1 4 2 -2 1 2 2 -4 2 -2 -4 4 5 -3 1 -3 1 3 1 -5 -3 -3 1 -2 -4 3 1 -4 -3 3 -2 3 3 4 -1 0 0 -1 -2 -1 -1 1 2 2 2 -3 2 -1
-1 2 -5 -6 -2 4 -5 -1 5 0 3 0 -2 1 -3 1 -4 0 0 3 -2 4 2 -1 0 -1 4 -3 -1 -2 -1 0 -2 5 -2 -4 0 3 5 0 1 -2 -1 0 0 7 3 3 -5 -1 2 1 1 0 -3 0 -2 0 2 5 2 -3 1 0 5 0 0 1 -5 0 0 2 -1 0 0 3 4 2 2 1 -2 -3 0 0 0 0 1 3 3 0 1 0 -3 -2 2 0 -1 0 0 -2 -4 -1 1 -3 0 3 1 2 5 -1 1 -2 0 2 -4 2 -3 1 4 2 0 -1 -4 -4 0 4 -4 2 1 1 -1 1 3 -3 0 -3 -3 -4 -1 3 -1 -1 1 1 -7 3 0 -1 0 1 -1 1 1 -2 1 1 3 -4 0 1 -2 0 -3 -3 2 1 -1 1 -2 4 -3 -2 -5 -4 -3 -1 4 -3 -5 1 -1 1 2 -1 0 5 1 1 1 0 -1 0 -3 4 -3 2 0 -1 2 -2 -6 2 2 -4 1 -6 1 5 5 0 -1 -2 0 1 1 -5 6 0 0 3 1 0 0 6 3 -2 -1 1 6 -1 -3 0 3 0 2 4 2 -1 1 1 0 -2 -3 -2 1 -1 -3 3 0 1 5 1 3 4 1 -1 -2 -1 0 -1 1 1 -1 0 -1 -4 -3 -4 3 -3 1 1 -3 -3 1 0 1 0 -2 0 -2 -1 1 -1 4 2 0 6 1 -6 1 -2 1 -1 5 -1 -4 -2 3 3 -1 2 0 -2 4 0 2 -2 0 1 3 0 3 7 3 -4 3 0 -2 4 -4 1 -2 0 1 -3 -4 4 4 -2 1 -1 2 2 2 -4 2 1 -1 -2 0 1 0 2 -1 0 -2 -4 -7 1 -1 2 2 1 -2 -2 0 2 -1 2 3 0 -1 0 2 -2 -1 0 1 -1 -5 -4 -1 -3 4 -3 1 2 -2 -2 -1 -7 6 -4 2 0 2 -1 -4 1 2 -1 3 -3 3 -1 -1 -1 -2 -4 4 0 -3 -3 1 2 -3 0 -2 4 2 -1 5 -2 2 1 0 3 -4 1 2 1 -2 1 -1 0 -2 -4 0 1 1 -2 -1 2 0 -4 -1 -3 -3 -1 5 2 -3 -2 -1 -1 -2 0 -2 1 3 3 2 1 -2 0 2 3 0 -1 -1 0 4 -5 1 -1 1 -6 2 -2 -6 4 -2 0 2 0 3 -3 4 3 0 4 3 0 -3 -2 -2 1 4 2 0 0 -2 2 1 4 1 -1 -3 0 1 3 -3 3 0 1 5 1 -1 -1 2 1
-1 2 -2 1 0 2 2 -3 -4 -4 -1 0 4 -4 0 -1 0 -3 -2 3 2 1 2 -1 -1 0 1 -3 -3 1 2 -3 2 4 3 2 3 4 2 1 -3 0 0 1 0 1 2 1 0 0 4 0 3 -2 3 0 -1 2 2 0 2 0 3 -2 2 3 -2 1 2 1 -1 -1 5 0 -1 -6 1 2 -2 -2 -6 0 0 0 2 -3 3 4 -3 3 3 0 -1 -1 0 3 3 -1 5 0 -4 3 -2 3 -4 1 -1 0 -2 -3 -3 0 -5 -2 0 -2 0 -1 2 4 1 -3 0 -3 -2 0 4 -7 1 -1 2 0 -2 1 2 0 -1 -1 0 0 -3 3 -1 3 -2 2 -3 0 2 -4 -1 4 -3 -2 -1 1 3 4 1 0 1 -2 1 4 4 -4 2 0 -2 0 1 -1 2 -3 2 -2 0 -2 -1 0 1 5 -1 1 1 1 1 -2 -4 -2 -1 2 0 2 3 -1 0 -2 4 0 -3 3 0 3 1 -2 0 0 -5 4 4 -5 5 0 -4 -1 -2 2 -4 -2 2 -2 1 -3 0 -4 1 4 -1 0 1 -2 -4 4 1 1 0 2 -2 -6 -1 2 2 4 0 0 -1 -5 0 -2 6 2 1 -1 4 -3 4 0 1 2 5 -3 0 1 0 2 -1 -1 -1 4 -3 5 0 -3 -4 3 0 -1 -2 -1 1 2 4 3 -1 -3 -3 3 -5 0 0 0 -3 -1 -2 4 0 -2 -2 4 1 -1 -2 1 -1 -3 2 3 -1 0 -3 3 -1 4 -2 0 -3 -5 -1 1 1 1 4 -3 0 -3 -2 -4 -1 -2 -3 3 1 4 -3 -1 0 -4 -1 -6 -2 1 -3 -5 0 1 1 -2 1 -2 0 -1 -3 0 -1 1 3 2 1 -2 -1 -2 -1 0 -3 -3 -2 7 4 3 4 -1 -3 0 2 -2 2 6 1 1 -2 4 1 5 -5 1 -4 4 -2 -1 -4 -1 1 -5 2 3 0 1 -6 3 0 -7 -5 2 -2 1 1 1 -1 -1 -2 1 1 0 -2 5 -1 -2 -1 -2 0 -1 1 -5 0 2 1 -3 -2 -2 2 0 3 -1 1 1 -4 3 1 -3 -4 0 1 3 -2 -2 0 5 -4 3 -3 1 5 5 1 0 -2 -3 2 5 1 1 2 2 -3 3 4 -2 -4 -2 1 1 -3 1 1 2 -1 -3 3 0 2 0 2 0 4 -1 3 0 1 -3 0 -1 0 0 -2 -1 2 0 4 3 4 2 6 -1 -5 1 -3 -5 -1 3 -3 0
1 -4 3 -2 1 3 -4 0 2 5 -5 -1 1 0 0 -2 -1 0 0 0 1 -2 3 -1 2 1 3 2 0 -1 -6 1 0 0 1 -1 0 2 -3 1 5 2 -3 0 0 -1 -5 -1 0 -1 -3 -2 -3 -2 3 2 4 1 -1 3 -2 0 2 5 3 -3 -2 -6 2 -3 2 2 -2 -2 1 -7 3 1 3 0 -3 -1 1 -3 -2 -1 -1 -1 1 -5 0 2 4 -7 3 -2 1 -4 0 -2 1 -3 1 4 -2 -3 0 -3 3 -1 -4 6 2 1 -2 0 0 -3 1 -1 3 -5 2 3 3 0 1 2 2 2 1 -3 0 4 4 -1 3 2 0 0 1 -1 -2 1 -1 -3 4 1 -2 4 -3 -1 -3 -2 -2 2 4 1 6 0 -1 3 1 0 1 3 3 0 -2 0 -2 -2 1 -2 4 -3 0 2 1 1 0 0 -4 -1 -2 1 3 -7 3 3 0 0 1 -1 -2 0 -4 0 -3 4 -1 2 3 0 3 -3 -1 2 3 4 1 3 3 3 -1 1 -3 -2 -4 -2 -3 -1 -1 -2 3 2 0 1 -2 1 1 2 -4 1 -2 -2 -1 0 2 2 3 1 3 -1 4 3 5 1 1 2 4 -4 -2 -6 -1 -2 0 1 -7 0 0 1 -2 -1 3 5 6 -2 -1 5 -1 2 1 1 -4 0 -2 -5 3 6 -2 0 -2 0 0 2 -5 4 0 1 2 1 -5 5 3 -2 0 -2 -3 6 2 -1 0 -1 1 1 2 0 -2 -3 -2 -4 0 -1 2 -2 0 3 0 1 -1 -3 1 -2 -5 -1 -5 -2 3 0 -1 0 0 -2 5 -1 -3 -2 1 -1 5 4 7 -4 0 4 0 -1 -3 3 2 3 -2 1 -1 4 -4 5 0 -1 -4 0 -1 0 0 0 -1 -3 -2 1 1 -2 -1 -1 -2 2 -4 1 1 3 -2 -4 4 -2 3 2 -1 1 0 5 5 2 -2 2 0 2 1 0 -2 6 0 0 -1 0 3 -2 0 0 3 -2 -1 3 1 -2 2 -7 4 -2 1 1 -3 1 0 -1 0 1 6 -2 -2 2 6 2 2 -2 -2 -1 0 -1 2 -1 1 -2 2 -1 0 0 0 -2 -4 1 1 0 3 1 -1 -4 2 -3 3 3 -4 -3 -4 0 0 -3 -1 -2 1 0 1 1 -3 0 -1 4 -1 3 0 -1 -1 2 3 -2 1 2 -1 -2 -1 0 0 1 -2 1 5 -1 -2 1 -3 2 1 -2 0 0 3 1 -1 2 2 2 2 -2
-4 2 -1 -3 5 -2 0 0 0 -2 0 2 3 -1 -3 7 1 0 5 4 -1 3 3 3 0 1 2 -3 2 2 0 1 2 -2 -5 -2 3 2 1 1 2 -2 1 -2 3 4 -1 -3 0 0 0 -3 -2 0 -2 3 -4 -3 1 0 -2 2 -1 0 5 1 3 2 0 1 -3 -3 4 -2 -6 0 -1 1 -2 0 -3 -1 2 2 2 5 5 0 -1 -2 0 0 2 -2 3 2 -3 6 2 -1 4 -6 0 -2 4 0 4 2 3 -1 -1 1 1 2 3 1 -4 2 2 0 1 2 0 0 -2 0 -2 -1 0 3 0 -1 -2 -1 3 4 -2 -2 -1 -1 -1 -2 -1 3 3 1 0 2 0 0 -3 -1 -1 0 -2 -3 1 0 5 -3 1 1 4 -4 6 -1 2 3 2 -1 -1 1 0 3 2 0 0 -3 0 -1 -1 -4 -4 4 0 -5 3 3 2 -3 -1 -1 -1 -6 -2 1 2 4 0 -3 -1 0 -4 1 0 -4 -4 -1 4 0 4 2 -5 -1 0 -3 -2 -1 5 -2 2 -1 1 -4 0 3 1 -4 -1 3 -1 0 -2 -4 1 -1 2 -2 -3 1 0 -5 -3 -3 -1 -3 5 -1 2 -4 3 1 2 1 0 0 1 0 6 1 -1 -3 5 1 1 -4 0 -1 0 0 2 3 1 3 -1 1 1 0 -4 0 0 5 0 1 2 0 0 3 -1 -3 0 0 2 -4 -3 -2 -1 -1 0 2 -1 5 2 2 0 -1 0 3 1 -2 -7 -1 1 0 0 -2 2 -1 1 2 -1 5 4 1 5 0 -4 6 1 0 -2 3 -7 -5 3 -3 -3 2 0 1 0 -1 0 0 -1 -2 3 -3 -2 2 -2 4 2 -1 -1 -3 0 0 0 0 -1 0 0 -1 -2 -1 2 -3 5 -1 1 -1 -3 0 -1 -3 -1 0 -2 1 -4 0 0 0 -1 -2 -1 -1 1 0 -1 1 7 2 0 2 2 -2 2 -2 1 -3 -2 -2 1 -1 -2 -1 -4 3 2 0 -2 -3 -1 1 -3 2 -4 5 3 2 -6 0 -1 0 -1 -6 -2 -2 2 -1 -3 -1 2 2 1 2 -3 -2 2 0 3 -2 0 2 1 -1 4 -3 -6 0 -2 -1 -1 3 -1 5 -3 -2 3 -3 3 -4 -1 2 -2 -4 -1 0 -4 -1 0 -3 2 1 5 -3 0 -4 -1 -1 -2 0 -1 -1 4 -4 -2 3 -1 -3 0 0 -3 2 5 0 2 0 3 -3 -1 2 -1 -3 3 4 -1 -4 3 4
3 -1 -1 -1 1 2 4 -2 0 0 1 -1 3 -2 2 1 -2 -2 0 2 0 0 -4 -1 -2 -4 -2 4 -4 0 3 0 -1 2 5 2 2 -2 0 4 -4 2 2 3 2 -5 -1 2 2 -2 1 0 3 -1 -6 0 -1 4 3 -6 -5 0 0 0 -2 3 1 -1 -1 -1 0 2 5 4 -6 -5 2 0 3 0 -3 2 -1 -3 -2 -2 -1 0 1 2 1 0 1 -1 -2 -2 1 -2 -2 1 -2 -1 -5 1 2 1 -1 -3 2 -3 4 3 -3 -4 1 2 0 1 -1 3 -2 0 -2 -5 -3 -3 1 1 1 0 1 -1 -4 -5 -3 2 -1 1 2 3 5 3 -2 -1 -6 2 4 3 0 -5 7 -5 -3 0 0 3 -5 1 -3 -3 3 2 1 0 -6 1 3 -3 1 3 1 1 3 1 4 -4 1 0 3 5 2 3 3 -4 -3 -1 -2 -1 4 1 -5 0 -2 1 4 -4 2 -2 -2 -6 1 3 -3 2 -1 3 -1 0 -1 4 0 -1 -2 -1 0 1 1 -1 2 -1 4 3 -1 2 -4 -1 1 -3 4 3 2 2 -5 -1 -3 2 0 -1 -1 0 5 1 -3 -2 3 4 -1 0 3 -3 -3 0 -4 0 -2 1 -3 2 3 1 0 -3 -2 -1 -1 2 0 -1 3 3 1 2 4 -1 1 0 -1 0 -1 3 0 3 -1 2 0 2 2 -6 -1 0 2 -1 3 2 -1 -1 -2 1 1 -3 4 3 -3 -2 -1 3 -1 -1 -2 2 1 2 3 -2 3 0 0 1 3 1 4 -2 3 3 4 3 -1 -4 0 4 2 0 3 3 0 1 2 0 2 -1 3 2 1 1 -1 -4 6 1 4 -2 -1 -5 -1 5 -1 -3 2 -3 1 -5 2 -1 3 2 0 3 2 -1 0 0 0 -2 -1 -2 0 1 0 -2 -2 7 2 2 2 -1 -1 3 -2 0 -6 5 3 1 2 0 4 -1 -2 2 2 2 -4 2 -4 -3 -1 2 0 2 5 -1 1 -2 2 -2 -5 1 -3 3 1 1 -4 4 -1 -2 1 -2 5 -5 -4 1 -3 1 0 0 -1 2 -3 2 0 0 -1 0 1 -2 2 4 3 1 -1 1 -4 0 1 -6 -4 -3 0 5 -2 2 -2 0 1 -4 -4 0 0 1 1 -1 1 1 1 0 2 2 -1 1 -1 3 -2 3 1 2 -1 3 0 -3 -1 1 1 4 1 4 1 0 -1 4 3 1 -1 3 0 6 3 -1 2 5 3 -3 0 -1
-2 -3 0 0 1 -1 1 4 -1 -1 1 1 0 -2 3 0 -3 -5 -5 0 0 2 0 -2 -1 1 3 0 -1 -1 4 1 2 -2 -1 2 -1 2 -1 3 -4 2 -1 -1 2 1 -1 1 -2 4 0 -2 -3 3 4 3 0 -2 0 0 1 3 -2 -3 1 -4 1 -4 4 4 -1 3 -4 -1 0 3 -1 -1 1 -3 2 -4 -4 1 -1 -5 -2 -1 0 5 2 3 -1 -2 2 1 4 -3 3 0 2 1 2 3 1 4 0 -5 -2 4 -1 -1 -4 0 3 -2 5 2 -1 3 4 -4 2 4 0 3 -3 2 -1 0 -2 -1 -2 2 3 -3 -1 0 0 -3 -1 2 0 -3 -1 0 5 2 -1 0 0 -3 -4 0 2 -4 0 -2 3 -2 -2 0 -2 5 2 4 3 0 -2 -1 1 0 3 4 2 2 -4 -3 1 3 1 5 2 -2 -1 -2 0 5 2 -5 -5 3 4 5 -1 -1 -4 2 0 0 2 -2 4 2 2 1 2 2 1 0 3 3 4 2 -1 2 -1 -3 4 0 -4 0 -2 -1 4 -1 1 -1 2 0 -1 3 1 0 4 6 1 -1 -1 -1 0 -3 -4 -3 -2 -1 5 0 1 -2 -1 -3 0 1 -2 3 0 1 1 1 -3 -3 1 1 -3 -4 1 2 1 0 0 2 -1 -2 -4 -4 0 0 -1 5 -1 -1 -1 -2 1 3 3 -2 3 -4 1 4 -1 -4 2 -3 0 -1 -3 3 2 -1 -1 1 2 0 -4 4 -3 3 4 4 5 -1 6 -4 0 5 1 4 3 -3 0 -1 -2 1 0 -2 1 -4 1 1 0 -1 -3 -1 0 0 3 -6 -3 3 0 3 1 -1 2 -2 -5 2 -3 2 6 1 2 0 0 -1 -4 4 3 1 0 3 2 -1 -1 -2 -2 -1 0 2 5 -4 4 0 -1 1 -2 4 1 -3 3 -5 1 5 3 -2 2 4 1 1 -2 3 0 -3 -1 1 1 -3 2 -1 -3 0 1 -5 2 -2 1 -2 -1 -1 -2 -3 1 -1 2 -3 1 -2 1 -1 -2 -4 0 -3 0 0 -3 1 3 0 4 -1 3 1 1 -4 -3 1 2 0 1 -2 -2 -3 0 -3 0 1 0 0 1 1 1 1 -2 -2 6 -2 -1 3 6 -2 0 6 -5 -1 2 1 2 1 2 2 2 -3 0 3 -3 6 -2 2 2 2 -6 -4 -4 -1 -2 4 4 -1 1 5 4 -4 0 2 1 -1 -3 2 1 5 -2 3 4 1 0 0 -1 -4
0 3 3 2 -2 0 1 4 1 -2 1 1 -2 -1 2 3 -2 3 -3 2 5 -1 2 0 1 -1 1 1 1 0 2 0 0 0 1 -1 -4 2 2 4 1 0 -2 5 3 -7 2 0 4 -1 6 0 -1 -1 5 -3 0 5 0 2 -5 3 -2 -4 -1 -2 0 2 -1 3 1 2 3 1 1 -3 1 4 1 1 -1 -2 -3 -3 2 -2 -3 1 -1 0 0 -1 1 1 0 -1 -3 2 1 -2 -5 -4 1 1 -2 1 2 -4 2 2 2 0 -4 0 0 0 0 -2 -2 1 2 -1 1 -4 1 0 2 1 -1 -2 6 -2 -1 -2 -2 -1 4 0 2 1 -1 -5 -1 1 1 0 -2 -3 -3 0 1 0 -7 1 -1 -2 1 3 2 0 3 -1 2 -4 -1 -3 -4 4 -3 3 -2 4 -1 -1 0 0 2 -1 1 0 -2 -5 4 -3 0 2 1 3 -3 3 -4 3 0 1 -2 -2 1 3 1 3 0 1 1 -2 2 3 1 -1 -1 2 -2 1 0 2 1 1 -3 3 0 3 -2 2 1 0 -1 -1 3 6 -3 0 3 2 2 2 -2 2 -5 -3 -2 2 -6 1 0 -3 1 2 -1 6 -6 -2 3 3 -3 -2 0 -1 -2 -6 -5 -4 1 -3 1 1 2 2 2 -3 1 4 4 4 -1 0 -2 7 1 1 2 0 -2 -2 -1 -2 -3 1 5 -2 0 0 -7 0 0 3 -1 -1 4 -2 4 -2 0 -1 -3 3 4 -5 1 3 -5 -1 5 -1 4 3 2 3 1 -1 2 3 0 5 -3 -3 5 -5 0 -2 3 0 -3 0 1 -1 -4 -1 4 3 0 -1 4 -1 -1 2 5 -2 -2 -2 1 0 2 -1 0 3 0 2 2 3 -1 -2 3 0 -4 -2 -2 1 -4 1 1 2 -3 2 3 -2 -3 3 1 3 4 -3 -2 -1 1 -1 2 0 0 -2 6 2 -2 -1 -1 0 3 -1 -3 2 0 -2 4 -3 -3 3 0 -1 1 -2 0 -3 1 0 -1 2 1 -1 2 -1 -2 -4 0 -4 0 -6 2 -3 0 1 -1 1 -1 1 3 -3 -2 0 4 -2 1 2 4 5 0 5 0 2 1 0 0 -1 -1 -2 0 3 -1 1 -2 1 0 4 -1 -1 3 2 1 3 -4 0 0 2 5 -1 2 2 -1 3 -4 -1 -2 -1 3 2 -2 -5 -1 2 3 -3 1 1 -2 -1 2 0 3 1 -2 0 1 1 -3 1 6 -1 1 -4 -1 2 -3 5 -1 3
1 3 0 2 1 0 0 6 0 3 -3 -4 4 1 1 0 -3 2 0 4 1 -2 2 0 0 -2 -3 4 2 0 2 -3 0 2 -7 0 2 -3 1 0 0 1 0 3 5 2 -5 -2 0 0 -3 1 -7 0 3 -2 4 -3 7 5 1 2 -1 -3 2 -3 6 -1 -2 3 3 2 1 1 2 -2 1 -1 -6 1 2 -5 -5 -2 -5 -1 2 -3 3 -2 4 1 5 5 0 4 -3 0 -3 2 -2 -1 1 1 2 1 2 -1 1 -2 0 0 0 0 3 -1 2 1 -2 -3 -5 -2 0 1 4 0 -1 0 -1 -2 1 -2 1 -4 4 -3 -1 -5 -4 0 1 -3 -1 1 -4 3 5 2 3 1 3 0 -3 -1 2 1 3 -4 1 -2 -4 5 0 -3 0 1 -1 -1 0 4 2 2 -1 5 -2 4 -1 1 -1 -1 -7 -2 0 1 2 -3 0 2 1 0 -1 -4 -1 1 -3 -2 -1 0 -3 2 -4 -2 2 6 -1 -3 0 0 1 -4 2 1 -5 4 0 3 2 -3 3 -1 -1 -3 -5 0 0 2 2 -3 0 0 -2 1 0 -4 4 -1 1 0 -4 -3 -2 3 -3 1 -4 0 2 2 -1 -1 -1 1 -2 7 1 0 0 4 -4 2 1 -2 2 3 1 -2 3 -4 -3 4 3 1 1 -2 3 2 2 2 1 2 0 -3 0 2 0 2 -1 -1 -6 -1 -2 -2 -1 -3 -1 0 1 0 -1 1 1 2 0 2 -1 3 5 3 2 0 1 -4 -2 -3 1 7 2 1 -4 -2 3 0 -1 3 0 3 -6 -1 3 -2 2 1 -4 -2 -1 -2 2 -3 -3 -4 -6 3 -3 -1 5 0 0 0 -1 0 -3 -3 -1 -1 -3 -2 -2 0 0 -2 0 2 3 -1 3 -1 -6 0 0 -1 0 -3 2 -4 4 3 -2 -1 -4 -1 -1 0 1 -1 -1 1 -5 -1 5 2 1 2 1 -3 0 -3 2 -1 1 -2 2 0 0 -1 -1 2 0 0 2 0 -1 2 6 -2 -4 -3 -1 1 -4 -2 -1 -3 0 -4 2 2 2 3 1 -1 -1 -4 -1 0 0 4 -1 0 -2 -3 0 4 -1 0 -1 1 0 -3 1 -3 0 7 3 -1 -1 -4 -4 1 -1 -1 -3 -1 1 3 -1 -2 0 -2 -3 1 3 1 2 2 -3 0 1 0 0 3 -1 -2 1 1 -3 -1 -2 1 2 -6 -3 0 -2 -1 3 3 2 -1 -4 3 2 -1 2 1 1 0 -1 1 -1 3 0 2
-1 2 -1 4 -1 3 2 1 1 7 5 0 -2 -7 2 4 1 0 -2 0 -6 5 4 -2 -1 0 4 1 4 2 3 3 1 3 -3 0 1 -2 -4 1 -1 -3 7 -1 1 -1 0 -1 -3 1 1 0 1 0 2 4 -5 -1 -1 -2 0 1 1 -1 -1 1 -1 3 2 0 -2 -1 -2 1 -5 2 -1 4 0 -2 0 3 -3 0 1 -3 -4 -3 -2 -5 5 -4 0 -1 2 -1 4 -1 0 -5 3 3 0 2 2 -1 2 1 -2 -2 -1 1 -1 3 1 0 -1 -2 -2 3 -2 1 0 4 6 3 0 -4 -1 2 1 0 1 2 -2 2 -1 2 2 0 0 -2 4 -1 -1 3 -4 -2 2 -3 1 -2 -1 -4 1 1 3 3 2 -2 -3 2 0 -5 2 0 -1 -1 -3 2 3 -3 0 1 1 -1 3 0 2 1 3 4 0 2 1 2 -2 -2 0 3 -1 -2 -4 1 3 2 -2 2 -5 -3 -2 -4 7 6 3 0 -1 3 -4 1 1 0 0 1 0 3 2 -1 0 1 1 -2 -1 2 0 1 -3 2 -2 2 6 0 -1 -7 -1 2 -1 -3 -1 4 4 5 2 -5 2 -1 -1 -1 2 0 1 -1 0 2 2 7 4 2 -1 -4 2 -6 3 -1 -2 -7 -2 -1 1 0 3 -3 2 1 -2 0 5 -1 -7 0 2 -1 1 0 -1 5 0 3 -2 0 1 1 -5 1 4 -2 0 -7 -4 -1 -1 7 -2 1 -3 -2 2 0 -2 0 -4 3 0 -2 2 1 3 2 -1 -1 -1 -3 0 0 -1 2 0 -1 2 2 0 0 0 0 -3 -2 0 1 -2 -1 -4 3 -3 5 0 3 3 -6 -1 0 -1 2 4 1 -5 1 -3 1 2 1 -2 -6 -2 -1 1 -1 -2 1 -4 0 4 -2 4 -2 1 5 -3 1 5 0 1 -1 2 -4 1 1 4 2 -2 -1 -4 -2 -1 0 -1 -5 2 4 0 -3 1 1 4 1 -1 -1 3 -1 -2 -2 -2 3 3 0 -1 -2 1 -3 -1 3 0 2 -1 -3 1 1 4 -1 -1 -2 2 -1 0 -2 2 0 -2 -2 -1 -1 1 -3 3 1 1 3 -1 4 -1 -1 1 -2 1 2 0 -1 0 2 -1 1 -4 1 -3 1 -3 1 -1 4 -1 0 -5 0 4 -3 2 0 -3 0 3 1 -1 -2 -4 -4 0 -4 -4 4 -1 -3 0 -1 -2 -2 0 -1 0 0 -3 -1 0 -3 2 -2 0 -1 -1 -2 -2 -2 -1 -2
0 4 0 3 1 -3 0 0 -4 2 3 -2 1 -1 -1 -2 -2 -3 -3 0 3 2 3 3 0 -2 2 -1 0 4 3 -3 -1 -5 0 0 0 -3 0 2 -5 -1 0 -1 1 0 -1 1 4 0 1 4 -2 -1 4 -1 1 -4 -1 7 -2 3 0 -1 -3 -3 2 0 0 2 -2 0 -3 3 3 -5 -4 3 -5 2 -2 0 1 -4 -2 3 2 -1 3 -2 -3 -5 -1 2 -3 -3 2 -4 0 0 3 0 -2 0 2 -2 -2 -4 -1 1 4 -2 -1 3 -1 -2 2 1 0 -4 0 0 -2 1 1 2 -1 -4 2 -5 5 -2 0 -1 -3 1 -1 0 2 -2 1 2 -2 4 2 -1 0 -2 2 2 3 -1 1 3 -1 -2 -1 3 -1 -2 2 -3 -1 1 -2 3 5 1 0 1 -1 0 0 3 4 5 0 0 3 -1 0 -4 3 0 2 -2 2 1 1 3 0 -2 1 2 2 4 7 3 7 3 -2 4 -2 1 -1 1 0 2 1 -2 1 2 -1 -5 -1 -2 -1 -3 5 -3 3 1 -1 4 -1 -1 -3 0 -1 0 -2 -1 -2 -1 2 -5 -1 3 0 5 -3 -6 3 5 -3 1 1 -1 -1 -1 0 4 -2 0 -3 2 -1 0 -1 -3 -1 1 3 -3 0 -3 0 0 2 2 -4 3 -4 -4 2 -2 1 2 3 -1 0 3 -1 3 2 2 -1 1 2 0 0 0 -4 -4 -3 -2 2 0 1 -2 -1 -2 -5 -5 6 1 1 0 5 -2 3 -4 -3 0 -2 0 -2 4 5 1 0 3 3 -2 6 -4 -3 5 1 -3 0 -2 1 -3 0 4 -1 0 -6 -2 0 0 -1 1 5 2 2 -1 1 0 -2 -1 -2 -1 -3 -2 2 1 0 0 1 -3 0 2 -2 -3 2 2 2 0 -4 -1 -3 1 2 -5 -1 1 1 -3 2 -7 -3 7 -3 -3 1 -1 0 -2 -1 -1 0 -1 -3 5 -2 -2 0 -1 -2 -2 -1 -2 2 -4 3 0 -2 -3 2 -1 0 -2 -2 -3 -4 0 -5 -1 4 -1 -1 3 3 -3 1 -5 -4 1 3 2 -4 5 1 -2 -2 3 -1 -1 -1 5 1 0 -2 -1 2 -1 0 -2 -1 -1 -4 3 0 2 -3 0 -1 1 -3 -4 1 0 -1 2 -2 -4 -2 4 -3 0 -1 -2 -1 -2 4 0 1 5 -2 -1 -1 -3 -2 -2 3 0 3 0 -5 -1 -1 4 1 1 1 -1 -1 2 0 2 5 -2 2 0 -7 -2 -3 5 1 1
-1 1 -3 0 -5 -2 -2 2 -1 -2 -5 -2 -5 2 -3 0 -1 -2 -3 0 2 -3 -2 1 -3 -2 -4 0 -1 -3 3 0 -4 2 1 0 2 3 -3 1 0 -2 3 -1 -4 -4 0 2 -3 0 -2 1 3 -2 -2 2 0 -2 3 1 -4 2 -2 1 3 -1 0 3 0 -1 -1 0 -2 3 2 -1 3 -1 0 1 3 -2 -1 3 -3 1 2 3 1 -1 -4 -1 -1 7 -4 -1 1 -4 0 -1 -1 4 -1 -2 2 3 -1 -1 -2 2 1 0 2 0 1 0 -3 -2 4 -1 -1 1 2 2 -1 2 1 -1 -2 3 1 -4 -1 -3 1 -6 0 2 -2 1 -2 -2 1 -1 -1 -1 1 1 0 0 -2 -2 0 3 -1 2 1 4 1 -2 1 -1 1 0 0 0 2 0 -4 -2 0 3 4 -1 0 0 -2 2 2 1 -2 -3 -2 2 -4 -3 4 3 3 1 -4 2 0 -2 -1 2 -2 1 0 -2 4 -4 1 1 2 -1 -7 -1 0 1 4 4 2 2 5 1 4 2 0 -1 -3 -4 0 -3 4 -3 0 -2 0 -2 1 -3 0 -4 -1 1 2 2 4 4 3 3 0 2 -1 5 -4 4 2 -4 -2 2 3 -2 4 -2 3 2 -1 4 -1 0 -3 -2 4 0 -2 1 -3 -2 1 5 1 -2 -4 -1 1 3 5 -2 5 0 -1 0 -4 -2 -1 0 3 -2 3 6 1 1 -2 -1 -2 -4 -1 3 -1 -2 0 1 7 2 0 -1 -2 -2 5 0 1 1 1 5 2 -1 -5 -1 -2 0 -1 0 2 -2 2 0 -3 0 -4 1 -4 3 0 -2 1 -3 -1 -3 2 0 4 1 2 0 1 3 2 -2 1 0 -1 2 3 -4 2 1 3 -3 3 0 -1 -4 -3 2 -2 -1 -1 0 -3 -1 -2 3 -1 -4 0 0 0 4 -3 3 1 -6 1 2 -5 -3 1 -3 2 3 0 -3 4 1 5 0 3 -1 -3 1 -2 -1 3 1 3 -1 0 6 -5 -3 -1 0 -5 2 6 -3 -2 -1 1 -2 3 2 -2 2 1 1 -1 2 -7 0 1 1 -2 -5 6 -1 -1 0 4 1 -1 0 3 -3 -1 -2 1 -5 3 0 3 -1 -3 -1 -2 4 0 3 5 -1 -1 0 -3 -2 7 -4 -4 4 -3 1 -2 -6 1 -2 0 -5 2 3 1 -1 0 -2 2 3 1 1 1 -3 -2 2 3 -2 4 5 4 -2 -2 3 1 3 1 2 3 0 3 -3 0 -1 -2 -1
5 1 2 1 -1 2 1 0 2 0 -4 -3 -1 -1 -4 4 2 -3 -1 1 1 4 3 -1 1 2 -1 -1 3 3 1 2 4 -5 -2 -1 -3 0 -1 0 1 0 5 -3 1 -3 0 0 0 -1 2 -1 0 1 -2 5 -3 -1 2 0 -5 6 -1 2 -5 3 3 3 5 1 0 -2 -4 -2 -1 0 -4 1 4 3 -6 1 -7 4 4 -2 0 -2 -3 3 1 1 -1 -1 -1 -2 -3 -1 -2 -1 4 1 3 2 0 2 7 1 -2 -4 5 -1 -4 2 2 4 -2 0 -1 0 3 2 1 -2 0 1 0 -2 1 0 6 -1 -1 3 -1 -6 2 1 2 1 3 -1 4 1 1 3 -1 3 -6 0 1 0 0 -2 0 -3 1 0 -4 -4 -2 -1 3 2 1 4 1 -2 5 0 -3 -4 1 1 -3 1 -1 2 4 -2 2 -2 -4 0 2 -3 -1 0 -5 0 -4 -3 1 -2 5 -3 1 5 -1 -2 3 -2 -1 3 4 -2 0 0 4 1 -1 2 2 2 -2 2 -1 -2 -2 -3 -2 -3 3 1 0 -2 5 -1 3 -2 -6 -2 1 -1 -2 -1 3 3 -2 -1 2 -1 4 0 -1 2 0 -2 3 3 -3 -3 0 -1 -2 4 3 -1 1 -5 -2 -6 3 -2 1 -2 0 0 1 -3 -1 2 0 -2 2 5 0 4 0 -1 1 1 1 2 -3 4 3 2 -1 0 -2 -3 -3 -4 4 1 2 -1 2 -3 -3 0 -2 0 1 1 1 3 -1 4 0 -1 -5 -3 3 3 0 -3 -2 -2 -4 0 -2 0 1 1 -1 -4 -3 -3 -2 3 4 -2 1 -2 1 -2 2 -2 2 -2 -2 1 -1 -4 -3 0 -1 1 -2 -2 2 -1 -1 2 -1 -1 0 1 3 -2 -1 3 -3 5 -1 0 2 -2 2 2 -1 2 5 2 1 -2 -1 -1 -3 -2 -1 2 -1 3 4 2 0 1 -4 1 3 1 1 -1 -1 -1 0 -1 -1 -1 4 2 2 0 -4 4 -1 2 1 -1 1 -2 1 -4 -3 -3 -3 3 5 -3 -2 -2 -4 -1 2 -2 3 1 -1 4 2 1 3 2 5 -3 -4 1 -1 2 -1 2 -3 2 0 3 3 0 -6 -4 -1 0 4 2 2 -3 3 -2 -4 3 -3 -1 1 -3 4 -3 -1 -1 -5 2 -1 2 -6 3 1 -3 1 1 0 2 2 -2 1 2 3 3 -1 -1 -2 -3 -3 -5 0 -1 -4 1 0 -3 -5 0 5 -3 0 1 1 2 2 1 0 3
4 2 -3 2 -4 0 -2 4 1 3 -1 1 2 -1 -1 2 1 -1 0 2 2 2 1 0 3 3 -3 -2 2 -1 -2 3 -1 2 -2 -2 1 4 4 -2 -5 5 -2 1 -1 -2 4 3 0 1 2 -1 1 0 -2 1 2 1 -2 2 -3 -1 0 -4 -2 0 -4 2 -5 0 6 5 -1 -1 1 1 0 -1 2 3 2 -1 0 3 2 5 -2 0 3 3 -3 6 -2 -4 -5 -4 -5 -2 2 -2 2 5 0 2 2 1 -1 -2 -1 0 -3 -4 4 1 -1 -3 -1 3 0 -5 -1 2 3 -1 -2 1 -2 -3 0 0 0 0 4 4 0 -3 5 -2 -2 -1 4 -3 4 0 -2 5 -5 2 -1 0 3 4 -2 3 -1 1 3 -3 -5 -1 -3 3 -2 4 -2 -2 1 -3 0 -1 -1 3 -3 -1 2 -3 -6 2 3 -2 1 -3 -5 2 -4 2 -1 1 -1 4 -5 -4 -2 -4 -1 -1 3 -3 -1 0 0 -1 -1 1 -1 0 -3 0 0 3 2 1 2 0 4 1 -1 5 2 -4 1 -1 2 2 1 3 -1 0 1 -3 1 -3 2 -3 -2 -4 -1 0 4 0 0 1 4 0 5 1 -3 2 -1 3 0 2 2 1 -2 -4 1 0 3 -2 -2 0 -3 0 -2 2 0 2 -1 -4 -3 1 -3 2 6 -3 3 2 -4 0 5 3 2 0 -3 -1 2 1 -3 4 2 1 1 0 -3 -3 5 -4 3 -3 -1 -3 0 4 3 1 2 4 -2 1 3 1 -7 -4 1 1 1 -2 -1 2 1 1 3 3 1 -2 3 1 1 -1 -1 3 -2 -1 2 -2 4 -1 -4 1 4 1 -3 1 0 -3 -1 2 -2 0 5 0 0 -1 -1 2 -1 -1 -2 1 2 -6 -2 2 2 0 -1 1 -2 0 1 -4 1 -2 0 3 0 0 0 -2 -1 1 0 -2 -2 1 2 -3 -3 -3 4 -1 -1 2 -1 -3 -5 1 1 -1 2 -1 -3 3 -5 -2 1 -7 0 2 2 1 -1 0 0 -3 2 -3 -3 -5 0 0 2 3 -4 3 4 3 2 5 -3 1 5 -3 1 0 -2 0 2 0 -3 0 1 3 -1 1 2 -1 -3 -2 4 -2 -2 0 4 0 -3 -3 -1 0 -3 2 -4 3 2 -2 -1 -5 -2 0 -1 -1 2 0 -3 -3 1 -1 -2 -1 5 1 2 4 -1 1 -2 -1 0 2 1 -1 -2 5 1 -1 -3 -1 -2 -3 4 0 1 -7 0 1 1 -1 -2 2 3 1
3 -1 -3 -3 -2 3 0 5 -1 -2 -1 3 1 2 -1 0 -1 0 -3 0 1 -2 1 3 2 2 -4 1 -1 3 0 2 -4 -2 0 -1 4 -1 -2 -2 -2 -1 -4 -1 4 -5 -4 0 -1 -3 3 1 -2 1 3 2 1 4 0 2 2 2 -3 -1 3 -3 -5 -1 -3 1 -1 3 -1 -2 2 3 3 1 -1 -3 4 2 4 0 2 1 1 1 2 3 1 -2 -2 0 0 -4 -1 0 -2 -1 0 -1 -2 -1 2 1 3 0 0 -2 2 3 1 -2 0 -2 -2 -5 2 -4 2 2 -5 6 0 -6 -2 1 -1 -7 2 -2 0 1 4 -3 -2 -2 4 -1 -1 2 0 -1 1 0 1 4 -1 7 1 -2 0 4 -2 0 1 0 1 1 -1 2 2 1 -2 1 4 4 -4 1 1 -3 1 5 3 0 -1 4 0 4 -1 0 -6 1 -3 2 2 -2 -3 -2 3 4 4 -1 3 -5 -3 0 1 5 2 -1 3 -3 0 2 -2 -1 0 -2 1 2 -1 1 4 1 0 2 -1 -3 -3 -2 -2 -3 -4 -3 0 -1 1 -1 -2 -1 1 -3 4 -3 -4 -6 0 -2 0 -2 2 2 2 -4 -2 -3 0 1 3 5 2 1 -4 -1 -1 0 -1 -2 -1 -1 -4 -1 -2 1 -4 2 -2 -5 -1 -1 -3 -4 0 -4 1 4 0 -3 -3 0 3 -5 -5 -2 1 2 -1 1 2 3 0 3 -4 3 0 3 -2 1 -2 -1 -2 4 -6 4 1 -1 3 1 -3 -1 3 -3 4 5 1 4 -3 -2 -4 2 -1 -3 1 -1 1 -2 -2 -2 -1 0 -1 3 -1 -2 3 -2 1 -3 2 1 -1 2 0 1 1 2 -6 1 0 3 0 0 1 3 -3 2 0 -1 0 -4 -7 0 2 1 5 -2 -1 2 0 0 2 -3 1 -2 0 2 -3 4 -2 -2 3 0 -2 1 -1 2 -3 -2 2 3 -2 1 5 2 0 -1 0 2 -3 -3 -3 -3 0 -2 -2 -1 -3 1 -4 -3 2 1 -4 0 4 -4 3 1 -1 2 5 -2 -3 -7 2 -3 -2 -2 1 -1 1 -3 -2 -1 2 -4 -1 -5 -1 -1 4 0 5 2 2 2 0 -1 -2 4 1 0 3 -1 2 3 2 3 2 3 -3 0 -5 0 1 -1 -2 -1 -3 -2 5 5 -2 -1 3 -1 5 2 -2 1 0 -2 -5 0 4 0 0 2 -2 0 -2 1 0 -1 2 3 -3 -1 4 0 6 0 0 3 1 -1 2 -2 2 -1
4 2 -2 -2 -3 -2 -2 -1 3 5 -2 2 4 3 5 2 -1 -4 2 4 1 1 0 0 2 -4 3 5 -3 1 2 2 -2 2 3 -2 0 3 1 -6 -3 -3 0 0 -2 0 1 -3 -1 0 1 4 4 1 0 3 1 2 -1 1 0 -4 1 -2 -2 -3 2 1 -1 1 -1 -3 1 -2 4 1 4 -5 3 1 1 -1 -2 -1 -4 2 2 -2 3 6 -1 3 0 1 -6 -3 3 -4 -4 1 0 4 5 -2 2 1 1 2 -3 -2 4 0 1 0 -2 -1 -1 -2 -5 5 -1 3 -4 -1 5 0 3 1 -5 -2 -5 0 2 0 1 -2 -2 0 4 -3 -3 1 -3 -2 0 1 2 -5 2 0 0 -3 3 3 -1 0 -2 3 -6 1 -2 3 -2 -2 -2 2 5 -4 0 5 2 -4 -1 0 1 1 -1 -1 2 0 -1 2 1 2 -4 2 3 -2 1 -3 -3 -3 0 -1 2 0 5 -2 -1 3 3 -1 -1 5 1 -4 0 -2 -1 -4 -1 0 -2 -1 -2 -4 4 1 0 2 0 -3 3 0 2 2 3 -1 1 1 -1 1 -3 3 1 -1 -1 -2 2 -6 5 1 -1 -2 -2 -3 -1 -4 2 1 1 3 -1 2 -5 0 -4 2 4 0 -1 -3 3 1 2 2 0 2 0 -1 -2 1 5 0 -1 -2 -3 -2 -1 -1 1 -4 2 0 -4 0 1 1 1 -2 1 4 2 -1 0 1 -4 0 1 -1 1 -3 0 1 3 2 1 1 -3 3 0 1 0 1 -2 1 -2 3 0 0 3 2 0 0 1 5 -7 0 -1 0 -4 -2 1 -2 -1 1 -1 -4 0 2 2 -1 1 -6 1 2 -1 0 -2 1 -5 -3 3 0 0 -4 0 0 1 -3 -1 1 0 2 2 -3 4 -2 -3 5 -2 0 0 -2 -1 2 0 -1 2 3 -1 3 2 -1 1 3 -7 3 -4 -2 -1 1 -2 4 -1 1 -2 -1 -3 0 -1 3 2 -3 1 0 -1 2 -1 -7 5 -2 -1 -1 -3 1 -1 -2 3 4 4 -1 -3 0 -4 1 -1 0 0 2 -3 1 -2 -1 1 -1 -5 2 2 -6 2 -1 -3 1 4 0 0 -2 3 3 -3 -1 0 1 -4 1 -7 0 -2 -3 4 -4 2 1 -2 -1 4 -2 -3 -4 0 -2 2 2 0 -2 1 2 -3 -1 0 1 2 4 -1 2 2 0 -1 -3 4 -1 2 0 2 2 -2 1 -1 -1 1 2 -1 1 6 -2 2 2 3 2 -1 -1
-1 1 -1 3 -5 -3 0 0 5 0 -2 -3 -1 1 3 2 -1 -2 -4 2 -4 -1 -4 -1 -1 4 1 -6 0 -1 -1 -2 -1 1 -1 -4 0 -1 1 1 -1 3 -2 -1 -2 1 -1 4 -3 3 2 -1 -1 1 0 1 -1 0 0 2 3 -1 -2 -1 1 2 -2 -1 -4 0 -2 1 0 2 -1 2 0 2 6 -1 1 3 5 7 -4 0 2 -4 3 1 3 -3 2 -1 0 -5 -2 -1 -2 3 3 3 1 2 0 -2 -1 2 4 -1 -3 -2 2 1 -1 -2 -2 7 1 3 -1 2 1 3 1 -4 3 1 -3 1 -3 -1 1 3 1 -2 -4 -1 -5 2 4 1 -2 -4 -6 -1 2 -4 3 1 0 1 -4 1 1 0 2 0 -4 0 0 0 1 2 1 -2 -1 4 0 3 -2 -1 0 0 1 4 -2 2 -4 1 0 -4 -4 -1 1 2 -1 0 4 1 0 -2 4 3 -2 1 2 -3 -5 0 5 2 -3 -1 2 -2 -2 1 -1 2 0 0 0 -1 0 5 0 3 -2 -1 -1 2 2 3 -1 1 -4 -1 7 -1 0 -2 1 3 0 -3 0 -1 2 1 0 -1 1 -4 1 3 -3 2 -1 0 -2 -2 3 3 3 0 3 2 3 4 2 -3 -2 2 -1 -1 -3 -2 1 -1 1 0 -3 0 -1 2 4 0 1 0 3 0 -1 1 -3 5 -1 -2 2 4 1 4 4 -1 -1 3 1 -3 -1 -2 0 0 0 -2 3 0 -2 -1 2 -3 0 3 4 3 0 -1 -3 0 -1 -1 -2 -2 -2 3 4 0 2 4 2 5 3 1 0 1 2 1 -3 -1 2 0 2 4 5 -1 0 -2 1 3 6 -2 -2 -2 4 1 -2 -6 4 0 0 0 -2 -1 3 -4 1 0 -4 -5 -2 -3 -3 -1 -2 1 -2 -5 -1 -1 -5 -1 0 1 0 -1 2 1 -2 -6 -3 -1 -2 0 0 -2 1 -2 1 2 -3 0 1 2 -2 -3 -3 3 1 -1 -1 0 2 -2 -2 -2 -2 4 5 4 3 -3 -1 0 4 2 -1 1 2 -2 3 -4 -6 0 1 1 0 2 3 1 -5 1 -2 1 -3 -2 2 0 0 2 -1 3 2 6 -4 1 -1 0 -3 -3 -1 0 2 2 -2 3 1 4 -1 0 1 2 3 2 1 -5 6 0 1 -1 2 4 -2 3 3 -3 -5 -7 -4 -2 -3 -5 0 1 1 6 4 4 -1 3 -1 -1 0 2 -7 2 3 4 3 4 3 -2 -2 0
2 -1 -1 1 6 -4 -1 2 3 0 -4 0 3 0 2 -1 0 3 2 -1 1 -3 6 1 -4 0 1 1 3 3 -2 -2 -2 4 -2 -1 3 0 1 -2 1 -2 -2 2 -3 3 2 -1 2 -1 5 -2 -2 -2 0 1 1 -1 7 -1 1 -1 2 1 -1 0 0 -1 1 3 4 -2 -1 2 1 0 0 -1 -4 0 -3 1 2 2 -2 5 0 -5 6 2 -1 7 -5 5 -1 -2 -2 -2 0 -1 3 0 0 0 4 -1 -2 0 2 -1 1 0 3 0 -2 3 0 -1 -3 -3 4 -2 1 2 3 2 1 2 -1 1 3 4 2 1 1 -3 3 -3 -3 6 -2 0 1 -2 -1 1 4 -1 -2 -1 -3 1 -2 3 -1 0 1 -1 -1 -4 -6 5 -2 -4 -1 0 3 -2 1 -2 -2 0 -2 2 -3 4 2 2 2 -1 -2 -3 3 0 2 -1 5 5 3 -6 -1 0 1 -6 0 1 0 3 -1 -4 0 1 0 -1 -2 -2 -1 4 4 3 0 0 -2 2 0 3 1 2 2 -1 -5 -3 -2 3 1 -3 0 2 3 5 -2 -2 1 1 -3 -3 0 5 -1 -3 0 1 4 -1 -1 0 -4 -3 4 -3 -6 -2 -5 2 -1 4 -4 1 -1 1 -4 -2 -2 0 1 -1 4 1 -1 -5 3 3 2 0 -1 6 -1 -1 1 -1 -1 -2 0 -1 -2 0 2 0 5 -1 -5 0 -4 1 -1 2 -3 -5 3 3 -1 -3 3 1 -2 3 3 0 -2 -4 5 3 4 -1 -4 3 -2 0 -1 2 0 0 -1 -1 0 0 -1 -4 -1 4 -3 1 -2 -1 1 0 -3 -1 2 -4 -4 -1 1 -1 2 -6 -3 2 1 1 -2 0 3 -1 1 0 0 3 -5 1 3 1 -1 2 -4 4 0 -1 -3 -2 -2 -3 -1 -1 -2 1 -2 0 1 1 -5 -2 -2 4 -1 -2 -2 1 1 -4 6 2 0 1 -1 0 -2 -3 -2 -4 3 2 -2 -7 0 2 1 2 -6 -1 -2 1 1 0 -1 -1 0 -2 1 1 2 1 1 2 -1 4 1 5 -2 -1 -3 0 -2 -1 2 -2 3 -4 2 -2 4 0 1 -2 3 1 -1 -3 -1 1 1 -2 -3 -1 2 -2 2 3 4 0 5 -4 -1 4 4 1 -2 0 -1 -3 -1 1 1 -1 -1 1 1 0 -1 -1 2 -1 1 1 -1 5 1 2 -1 -5 -2 1 -1 0 6 2 -1 -2 0 -4 -1 -2 1 2 3 -3 -2 -3 1 1 -5 7
-3 0 -1 -3 4 2 -2 0 1 1 3 -4 -3 -1 4 1 1 0 -2 -6 -2 1 0 1 -1 1 1 0 2 -3 0 -3 2 3 1 3 3 2 -3 4 -3 -2 -2 -2 3 3 1 3 1 -3 0 -1 -2 0 2 3 2 -1 0 1 -1 0 -1 1 2 -1 0 0 0 2 1 4 -5 -2 -5 -1 -2 3 -7 1 2 0 0 2 2 3 -3 -4 -1 -3 0 1 -1 0 -2 2 4 3 6 1 -3 0 4 0 2 -1 -3 -1 -2 4 -1 -1 0 -4 1 -3 2 -1 2 -3 2 4 -1 -1 0 2 -2 -1 -1 -3 6 -4 0 3 -1 4 -3 2 4 -2 1 2 -2 0 3 -3 -2 -1 -2 -2 4 0 4 -4 -2 -1 3 1 3 -1 1 -3 1 0 4 2 -4 2 4 -1 2 1 -1 -1 -2 0 6 -4 -3 0 3 1 3 -1 2 0 -1 4 3 1 -1 -2 2 1 4 1 3 4 -3 0 3 0 -2 -3 -6 3 6 1 1 4 3 2 -1 -1 1 3 -2 2 5 3 -6 0 0 -1 -2 0 -2 -4 0 -1 2 0 0 2 -6 -1 0 0 0 2 2 1 0 -1 -4 -1 0 -1 -5 0 2 -3 1 -1 1 2 2 1 -2 2 2 -2 1 2 -2 -4 2 -1 3 3 -3 4 -1 1 2 1 2 -3 0 -3 2 2 0 1 3 -1 2 -2 2 1 -1 1 1 2 0 -5 0 -7 -1 -3 0 3 -2 -4 2 -2 0 -3 5 2 2 -1 -1 -4 0 -5 0 -2 -3 1 -6 4 -2 0 0 -1 1 1 -1 0 -2 4 -1 -2 1 -2 4 -2 0 1 1 2 -1 -1 3 -3 1 1 0 0 2 4 1 1 3 -1 1 3 0 0 -1 2 0 -5 2 0 -3 -3 -3 -2 3 1 -1 -2 1 -2 -2 0 -2 4 0 0 1 1 2 -1 1 1 1 1 -4 0 -1 0 2 2 -2 -2 4 -1 3 -5 1 0 3 -7 -3 -4 2 1 0 -4 -3 -1 3 -1 0 -2 -1 -2 0 -1 0 -4 5 0 6 0 3 -2 0 0 2 1 -2 0 -4 -1 -4 2 -3 -1 1 0 0 4 3 -2 -1 -5 5 -4 -5 3 -2 -3 5 -3 1 -1 1 5 -4 0 0 0 -2 2 1 4 0 -4 2 1 0 -2 -1 3 -5 -2 2 1 0 -4 -4 -4 0 -6 -2 3 -2 1 -1 -1 6 -6 -6 1 -1 -1 -1 -1 3 -1 2 -5 -1 -1 0 -1 0 1
4 -1 1 1 1 0 0 0 2 4 -6 0 3 0 -2 1 1 -2 -3 1 0 2 3 1 -3 -1 -1 1 3 1 3 -1 1 0 2 -4 0 4 3 1 -2 -2 -2 -1 3 1 -3 0 -3 0 0 -2 -2 1 -1 -1 1 -3 -4 -3 0 -5 2 -1 0 -2 2 5 -3 2 0 3 0 0 -5 3 -2 1 2 0 -4 0 -2 -1 1 -1 1 1 5 0 3 2 6 -2 1 1 -5 -1 -3 -1 2 1 -3 -1 1 -4 1 2 1 -2 1 4 1 0 0 -3 -7 0 0 2 1 1 -5 3 -2 1 0 -1 1 1 2 1 4 1 3 -2 -1 2 -3 -2 3 -3 3 -4 -3 -2 2 -7 -2 1 3 0 3 1 2 1 1 1 -1 -3 -3 3 2 -1 -1 1 1 2 4 -3 1 5 2 1 -4 -1 -2 -1 -2 -3 0 0 1 -3 2 -5 -3 0 2 -2 -2 -2 5 3 1 -5 -1 4 -1 0 0 2 -1 1 0 -1 1 5 -3 0 -1 -1 -3 3 1 2 1 3 3 1 0 5 -5 -2 -3 -1 2 4 2 -2 -1 -2 -2 -1 -1 3 0 -1 -5 1 3 4 3 0 1 -2 -3 3 -2 4 -2 -1 3 -3 0 0 0 1 5 2 0 -3 0 0 -3 -2 -1 -3 1 0 -1 -2 -2 4 1 2 3 0 2 -1 1 1 -2 0 -3 -1 -1 -4 -2 0 -2 3 -4 0 -2 0 2 1 0 0 -2 -2 -5 0 -1 4 0 0 -1 -1 6 5 -1 -1 2 6 1 -3 2 -3 -3 -1 0 -1 1 1 -1 -2 3 2 0 2 -1 0 0 -1 2 3 2 4 1 3 4 3 4 -3 0 -2 0 -3 1 7 0 1 2 3 0 -4 3 0 -1 2 -4 -4 1 4 -3 1 3 0 6 -1 -1 0 5 -3 -2 -5 -1 2 -1 1 -1 2 1 1 0 -3 0 3 0 2 1 -7 -1 3 0 1 1 2 2 -2 1 6 -2 0 2 3 1 2 -1 0 2 -5 1 4 0 -2 0 2 1 -2 -4 -1 -1 -2 2 5 -3 2 -1 -4 -2 -2 1 3 3 -1 -2 -1 -1 0 3 0 3 -2 2 -3 -5 4 1 3 -3 2 5 3 -2 5 -1 7 1 3 1 4 -3 1 2 -4 3 -1 -2 0 2 0 -1 4 -1 -1 1 -6 2 4 3 -2 2 3 -5 0 4 -4 0 1 4 -4 1 0 1 2 -5 -6 -3 5 0 -1 -1 -1 -1 1 -1 2 -4 -3
-1 -3 -1 -1 -2 -3 3 2 -2 -1 -1 -2 4 4 -2 -1 2 -3 -4 0 0 -2 1 -2 -2 -2 -5 1 3 0 1 3 2 2 -3 -2 3 4 -1 1 1 -3 0 2 2 0 -4 1 2 5 1 5 -3 2 1 3 -2 -3 4 2 2 1 0 4 1 3 -1 0 5 3 2 2 -1 2 -1 -1 -3 2 2 -4 -1 -1 -4 2 0 0 2 1 -5 4 2 -4 3 -1 3 0 -1 5 1 -3 4 4 0 7 -4 -2 -1 1 2 3 -1 -2 -3 -1 0 1 2 2 2 -1 -4 0 -2 -3 0 -4 1 -2 2 1 -2 3 -2 -4 0 -7 1 1 -5 -1 -3 1 -3 -1 3 1 3 -2 -4 -5 -2 4 -1 2 -3 0 -1 -3 -1 -4 1 1 2 1 2 -1 -4 3 -1 2 -4 5 3 3 -5 4 0 -3 0 1 -2 -1 -3 0 -2 -2 2 -2 2 1 -5 1 3 4 -3 1 1 2 2 -1 -1 3 -2 3 -2 1 -1 -2 1 0 0 1 -2 1 3 0 -2 -2 1 0 4 -1 -3 3 -2 -1 -1 2 3 -1 0 -2 -1 4 1 -5 0 -3 5 -5 -2 0 -3 -2 -1 0 4 -1 0 -3 -3 0 0 -3 2 0 -2 1 1 4 1 0 4 -2 -5 2 1 -1 -3 -2 5 0 2 -2 1 -3 -4 1 -3 5 -3 -4 -1 2 0 1 2 -3 0 3 0 -3 4 1 1 1 1 -6 -2 1 1 2 -3 1 -1 4 -5 0 -1 0 2 -3 0 -2 2 1 0 2 -2 0 2 0 2 -3 -4 -2 -3 2 2 5 -1 0 -2 -2 2 -3 -1 -1 5 -2 -2 2 2 2 1 -1 5 4 2 -1 5 5 -2 4 -1 0 1 0 2 -3 2 6 2 -3 4 1 1 0 0 5 1 5 1 0 2 -4 -3 -2 -3 1 1 -1 2 5 1 -3 0 0 1 3 -1 4 -3 -1 3 -2 5 4 2 -1 3 -1 -2 2 -2 1 -2 1 -2 1 0 2 0 1 0 1 -1 -2 -3 0 1 0 3 1 -2 3 5 0 -1 -1 -3 3 -2 2 -1 2 -4 3 -4 -1 1 -1 -1 -1 -1 0 -4 -4 3 -1 -5 -1 -1 -3 2 -4 0 1 3 -1 -4 3 3 4 3 -3 -1 -1 -1 2 -1 2 3 2 -1 -3 -3 0 -1 0 1 -4 1 1 -1 1 -5 4 -5 4 2 3 -1 -1 0 0 -1 3 3 1 -5 -1 -1 6 -5 0 2 2 1 -4 -3 2
-4 1 2 0 2 1 0 -4 -2 -1 -1 0 0 -2 0 -3 -3 2 0 4 1 -1 -1 -3 2 1 -3 2 4 4 2 0 0 2 -2 -1 -1 0 -4 -3 -3 0 1 0 -1 -3 3 -1 5 -2 -1 -6 1 -2 -3 0 4 1 0 -2 1 0 1 3 -2 -1 1 -1 -1 -7 -2 -1 -4 -1 0 -1 -1 -1 0 -1 4 -3 0 1 -3 3 -1 -5 -2 3 -2 -2 1 -1 0 -1 0 -2 3 -3 1 -2 -4 -2 -1 -3 -1 -3 4 -2 5 -4 -4 -2 -1 2 2 -1 3 1 -1 4 1 2 -2 2 -2 -4 1 0 2 1 0 7 -4 2 2 0 2 -4 -4 3 -2 0 -2 -1 4 0 2 2 0 2 -2 -5 -1 0 4 1 1 0 3 3 -2 -4 4 2 0 4 -3 0 2 0 1 0 3 -3 -4 -1 0 0 -4 -2 2 -3 -1 3 -2 -4 2 -3 -5 6 2 3 1 0 -1 4 3 3 0 -4 -3 -3 0 -2 -1 -2 -2 4 -4 2 -3 3 2 0 6 -5 -2 4 -2 1 -1 -1 3 -4 3 3 -1 0 -2 4 2 4 -3 4 0 1 -2 -2 0 2 1 0 -1 -2 -2 3 1 -1 -3 -1 -1 -4 2 -5 5 -3 3 2 0 0 -1 0 0 5 3 -1 -2 -1 0 1 -2 -5 -4 1 0 4 1 2 1 0 -7 4 -1 2 0 0 1 -1 1 4 2 2 -2 3 -1 2 0 6 3 -3 -3 1 3 -2 1 0 0 6 0 -2 -2 -3 3 -3 2 1 -1 -1 1 -2 -2 -1 4 1 -3 -7 0 0 1 -1 5 3 2 5 3 -3 -2 2 3 0 -3 6 -2 -3 2 -2 2 4 2 0 0 2 0 3 5 1 1 0 1 -2 -3 -2 -4 -2 -1 1 -1 -3 -3 2 1 1 1 -1 0 -1 1 -2 -1 0 -2 3 1 3 -2 -1 1 2 2 0 -5 4 0 -1 -1 -1 1 2 5 1 -4 -4 -3 -1 2 1 0 0 -1 -3 0 1 3 2 -1 0 -1 1 2 -2 1 1 2 1 4 -5 -1 5 -4 -2 1 -5 -3 2 -2 2 -3 0 3 3 -5 -1 3 -3 -3 0 -5 2 5 -1 1 1 -1 1 -2 4 4 0 5 0 0 2 0 1 -4 1 0 0 -2 0 4 -4 -4 -2 1 -6 1 -1 -4 0 1 3 -3 -1 -3 3 1 1 2 -2 1 3 2 2 -3 -3 -2 1 0 3 1 -2 -2 1 3 -2 -6 1 4 0
2 -3 4 2 -5 -2 -2 1 3 -3 0 1 0 0 -1 1 0 2 1 0 1 2 2 -5 -2 1 -1 2 2 1 -5 -2 4 0 -4 -1 -4 -3 3 -2 1 4 1 7 3 0 -2 4 -1 -3 -5 2 2 2 0 -2 1 -1 -4 2 -4 -2 0 -1 -1 -3 -4 -1 0 0 -1 -2 1 1 1 0 2 2 0 -3 2 -3 -4 -4 -5 1 1 -1 1 1 2 3 0 -1 -2 5 -1 2 0 -1 2 -1 -2 1 0 2 4 1 5 0 1 -3 -1 3 2 2 2 -1 3 -3 1 0 2 2 3 -3 0 -2 -5 2 2 -4 -1 -2 -4 -2 3 3 1 -1 2 0 -2 5 1 -3 1 2 2 1 2 0 1 1 -2 -5 0 -2 0 -1 -1 -3 -1 0 -1 1 -4 2 0 2 4 4 2 4 -3 -1 -1 -1 -2 -2 0 -1 1 -3 7 1 1 2 3 0 6 1 2 -4 3 -2 0 1 3 0 -1 -1 0 2 3 -1 0 6 -1 -2 2 -3 -3 0 0 -1 0 0 3 -2 3 1 -2 2 -2 -2 -2 -1 2 1 0 -1 -3 -3 -1 -3 -1 -1 2 5 -3 4 0 -2 2 0 -1 3 2 1 0 -1 -1 0 4 -1 2 4 2 3 1 -1 0 0 3 1 2 -1 -6 0 -1 3 -4 -2 2 3 6 1 -1 -2 -5 -1 -2 4 0 1 -1 -3 -3 -1 0 -2 -1 -1 1 1 0 0 0 5 -2 2 3 -3 3 -2 2 -1 0 4 -1 3 -1 -3 1 4 1 -1 -2 3 7 5 -2 1 -2 2 0 0 2 0 -3 -4 0 2 1 3 -5 3 0 -1 1 -2 1 -2 2 1 -3 -1 -1 0 0 -1 2 -1 0 -1 1 3 2 0 2 -1 -1 3 1 1 -2 2 -3 -4 -6 -2 1 -4 -2 -1 -1 2 6 -1 -3 0 4 0 -1 5 2 2 -2 5 0 5 -3 2 1 -2 -1 3 -1 -3 -2 -5 -5 -1 1 -4 -5 2 -3 2 0 -1 0 -3 0 2 -5 -5 -6 2 3 -4 -1 -1 3 -2 0 -2 1 -1 2 3 1 -5 -3 6 3 -1 -4 -2 4 3 -2 2 0 0 -2 -1 -2 -1 -4 0 -1 7 -1 1 -2 0 1 -1 0 0 3 -4 3 2 -1 1 -1 -2 1 4 3 4 -2 -2 -3 -2 1 6 -1 2 1 4 -3 -1 -1 3 -2 -2 -5 0 -3 0 -1 2 -3 0 3 -1 -7 -2 0 0 1 4 1 1 -1 -4 5 7
1 2 4 0 -3 2 0 3 3 -3 0 1 5 -2 0 3 -1 3 3 6 0 1 -2 2 -7 2 1 -2 0 -2 4 2 -4 4 0 0 3 -2 -2 3 1 2 2 -3 3 1 0 2 -1 -2 -1 0 -4 0 -1 3 0 4 1 4 -5 -2 -1 2 -5 0 -7 3 4 5 2 1 -1 -1 -4 -2 0 -3 -4 2 -6 3 -3 6 -2 1 4 2 2 4 6 1 0 0 1 0 -1 3 2 -2 -2 -4 0 0 1 0 4 1 -4 1 1 0 -2 1 -2 3 2 -6 2 0 -1 -6 3 1 -2 -6 -2 -2 -1 0 -1 3 0 -1 1 0 1 2 2 -2 -3 -1 -1 2 0 2 2 1 5 -2 -1 1 0 -3 3 -6 1 0 1 0 -1 6 5 -3 0 2 4 -3 0 1 7 0 -1 -2 -4 0 0 4 4 2 -1 4 2 4 1 0 -2 1 0 0 -1 2 -2 1 2 -1 -4 5 1 0 2 0 5 3 0 -1 -2 0 0 3 2 -3 1 3 -1 2 2 2 1 -3 -5 3 0 0 -2 -2 1 2 4 -1 3 1 1 0 -2 4 1 2 0 -5 0 4 0 2 -2 4 -4 3 2 0 -1 1 -1 1 -1 4 2 0 1 3 -4 -1 -2 -4 0 1 -4 -2 -3 0 0 2 0 6 1 0 0 1 3 -3 1 2 -1 -4 2 -2 -3 2 -4 0 0 -4 0 -2 4 -3 1 -1 3 1 -4 0 -1 -1 2 4 2 0 1 -2 2 1 2 -1 7 6 -5 3 2 -3 1 -4 -3 2 1 0 3 0 2 -1 -1 -1 -1 -1 1 0 -2 -2 0 0 -1 -2 0 -5 0 -5 2 -1 3 -2 3 1 2 5 -3 2 -2 2 2 0 -4 -3 0 0 -1 1 3 1 1 -2 1 -1 0 -2 0 6 -1 2 5 -2 3 1 -1 0 -1 -3 -5 -3 -2 -6 1 0 -1 1 -1 -4 0 1 -1 -4 2 -1 0 2 1 2 6 -2 1 3 1 1 2 -3 -3 -2 1 2 -1 0 3 1 1 -3 -2 2 -1 1 -2 -2 3 -2 -3 0 6 4 -3 -2 1 1 2 1 4 -1 2 0 0 6 -1 2 4 -1 -2 -2 -1 0 0 0 1 3 1 -1 -3 1 1 1 3 4 0 -1 -2 -2 4 -2 2 0 -3 1 -2 -3 4 1 0 4 0 0 -1 -1 7 -2 0 -1 -3 -3 -1 1 -2 2 0 1 5 1 4 -1 -1 0 0 -2 1 1 -2 -1
-6 5 0 -2 -1 2 1 3 0 -3 3 -3 -1 -3 -1 0 0 0 -1 -2 1 -3 4 -2 -4 1 4 6 -1 0 5 1 0 1 0 -2 -2 -5 -3 -5 -5 1 -2 0 -1 3 2 -1 3 3 -3 2 0 -2 -4 0 -3 -2 2 -3 0 -5 3 -4 -5 -3 1 1 -7 1 -5 -2 0 3 -1 -1 -4 3 -2 -1 6 -1 -4 0 2 -3 -2 -4 3 -3 -3 1 0 3 -2 -4 2 -1 4 -3 0 -1 6 -4 -3 1 0 -1 -1 2 0 -1 2 2 0 3 -4 -3 -6 -2 -1 2 3 -2 2 0 -2 -1 -1 -1 0 -3 4 2 -4 1 4 1 -1 1 4 -1 -7 7 -2 -3 1 -3 4 -3 0 -2 -2 3 -1 1 3 2 3 0 -1 -1 1 -4 -2 -1 3 0 0 4 -1 3 -2 1 1 -2 2 -5 -1 0 0 -1 2 1 -1 3 2 1 -4 1 -3 -1 -2 2 4 3 3 2 2 -2 -2 -5 2 1 -3 -2 0 1 2 2 3 -1 -2 1 -2 -2 4 0 1 0 -3 -4 1 1 -1 -5 3 1 -2 2 -1 2 0 4 0 2 -1 -2 0 -2 1 0 0 3 -1 3 -1 3 -1 2 -1 -5 -3 1 -1 3 1 3 1 -3 -2 1 3 -1 -2 -3 0 1 2 1 0 3 -5 -1 -1 -4 -1 3 -2 -3 -4 1 1 0 -2 -1 -1 -1 -3 -3 -1 -2 3 3 1 3 2 2 1 2 1 3 -1 -5 2 0 0 3 1 -3 5 3 1 -1 -1 2 -2 0 -1 -3 0 -2 1 -3 -1 -1 2 0 4 1 -5 -4 1 2 -1 -1 -2 0 0 -4 -5 0 -2 -3 3 1 4 -3 3 1 5 5 5 5 2 1 1 0 0 0 2 3 0 4 -4 0 3 3 -4 0 0 0 5 4 0 1 -2 0 1 -4 0 -4 -2 0 3 2 1 -1 -1 -1 -6 0 -1 -1 -1 -3 0 2 -5 -4 2 6 0 -4 2 0 1 -2 -1 -1 3 1 2 -1 1 -3 -1 -4 2 0 1 -1 -3 -1 -1 -2 7 3 2 -1 0 -2 0 -2 -1 -2 0 2 -1 1 1 4 1 0 3 2 -1 -2 -3 1 1 -3 -3 3 -1 -2 0 1 -1 0 -2 1 3 0 -4 1 -2 -1 -3 0 -1 1 0 -1 -1 -1 0 2 3 -1 0 -1 3 0 1 1 0 6 7 2 0 3 2 5 1 3 -2 -3 1 1 0 3 -1 0 1 -1 -1 0 0 4 -2 -5
0 -5 1 3 2 -1 -1 1 5 3 0 -4 -5 3 -2 1 0 -3 -2 2 0 0 -1 1 4 -1 0 -2 5 1 0 -1 1 -1 -3 -7 2 1 -1 5 1 5 1 1 -3 1 6 2 -1 -2 -3 -4 0 0 3 -1 2 -2 -2 -1 1 5 -2 -3 3 -1 -3 1 4 2 -1 -3 -3 0 2 1 -3 -3 -1 4 3 -3 1 -1 -1 3 -2 -3 -3 4 -5 -4 5 -1 -2 -1 1 1 0 0 1 -3 -1 1 0 1 -3 2 3 2 -1 1 0 1 4 -6 0 2 -5 -2 2 0 1 0 2 3 -4 -1 0 2 -6 4 -2 -4 3 -2 1 1 0 -2 1 0 2 0 1 -2 1 1 0 -3 -2 1 -1 -2 0 1 5 -1 1 -1 -3 -2 -4 -2 4 3 2 0 0 -4 -4 -1 1 -7 4 0 -1 -4 -2 1 -1 3 -3 1 1 0 0 1 5 1 1 -4 0 1 -4 1 -1 -1 0 2 -2 -2 2 1 4 -2 0 -4 2 -1 -2 4 1 -1 0 -1 4 1 0 0 0 1 -4 -2 -2 1 5 -2 1 3 1 -1 -4 -2 2 3 -1 2 3 -5 0 2 -1 0 0 2 -1 -2 1 2 -6 -4 -2 1 1 0 -1 4 3 5 -2 -5 3 -2 0 -2 0 -2 -3 -2 0 -1 0 0 0 -4 1 3 0 1 0 1 1 -1 2 2 1 -4 4 -2 4 3 2 -6 -1 3 6 0 5 0 -4 2 4 1 2 -1 0 0 -4 -1 4 4 -1 -4 -2 -5 -1 -4 -1 4 1 1 -3 -1 2 3 2 1 -2 1 3 2 -3 -2 4 1 2 1 -2 1 0 0 1 3 -5 0 1 3 0 -3 -2 1 4 -6 5 -1 -5 2 -4 -3 -2 -4 2 -4 2 -2 -3 1 1 -1 3 -3 -3 -4 2 2 2 -1 4 6 2 1 4 5 -1 3 0 -2 -1 4 -1 3 -1 1 0 0 -1 -1 -3 -6 -1 -3 -1 -1 -2 4 -6 1 0 3 1 4 2 -4 1 0 1 1 -1 0 -2 -1 0 2 -2 0 -1 0 1 -2 -3 -1 -1 -2 0 4 1 0 0 -1 -4 -1 -3 -2 -1 1 -2 3 -3 -6 3 -3 0 3 0 -4 -2 0 1 2 -3 0 0 -2 4 0 -2 -1 0 0 -3 -1 2 0 3 2 2 0 -4 2 0 -1 0 1 1 7 -2 0 -2 2 0 5 -6 0 -1 0 2 -1 0 0 0 0 -4 -2 -3 -1 -2 -1 -1 -1 -2 0
2 -1 0 1 0 0 -1 -2 3 5 1 5 -3 -1 0 5 2 -6 -3 0 0 -4 1 1 -2 1 -1 0 2 0 0 1 0 -1 -2 -3 -1 1 -3 -2 -2 3 -1 5 2 -2 2 2 -3 2 3 2 1 -2 -3 1 4 0 1 -6 -3 -2 1 4 0 -1 -1 3 3 -3 1 1 4 -1 2 2 -1 -1 -1 -6 -5 -1 -2 -2 -1 -1 0 -3 -3 -6 3 -1 -1 -2 5 3 0 -1 7 -2 0 -7 -1 -1 -1 2 -1 -1 -2 1 0 0 -3 -2 -1 2 1 1 0 -4 -1 1 -6 0 2 1 1 -2 2 1 1 -4 0 -3 1 2 2 2 6 -4 -1 0 1 -3 1 1 -1 0 0 0 2 -1 0 -3 2 0 -3 3 1 -1 -1 1 -2 0 -2 1 -1 -2 -2 3 -2 1 3 0 0 -2 -1 -1 1 -3 1 -5 -1 -1 4 2 0 -1 -3 1 -2 -2 0 -3 0 2 -1 0 -1 1 1 2 -4 0 0 -2 -1 1 2 4 -3 3 -6 -1 0 -3 -7 2 -1 -1 4 1 1 0 1 1 0 -4 -3 0 3 -1 -1 -2 3 3 1 -5 2 0 0 0 3 0 3 -5 -3 3 -2 5 -1 2 1 2 1 1 1 0 -5 0 0 -2 2 -2 1 2 1 -5 3 1 -3 5 0 -2 0 6 3 1 -3 -2 -3 -1 4 4 2 -5 4 -2 -4 0 -4 -3 -2 -3 4 3 5 2 1 0 3 5 1 -1 -1 -6 1 -4 4 1 1 3 -1 1 0 2 0 -2 -1 -2 4 -3 1 -5 -2 -1 -2 0 4 -2 1 0 3 2 -3 0 1 1 -2 0 -3 -5 0 -3 0 -1 -1 -1 1 3 -2 0 1 -1 -2 0 -1 -3 3 -3 -4 3 1 -4 3 0 -4 -3 0 -2 1 -1 -2 0 6 0 1 -1 -3 -2 1 -1 -1 -2 -4 0 2 -1 -1 2 0 -2 0 5 2 -1 -1 2 3 -2 -1 2 3 3 -4 -4 -2 1 -5 0 0 -4 1 0 1 2 -2 -2 -2 -1 -1 6 -1 2 -5 -2 -2 0 -2 4 1 0 3 3 -1 0 -1 3 -4 -3 -1 -1 -1 -2 1 0 -1 -1 -3 -2 -1 4 -3 1 -5 0 2 4 1 0 -1 2 3 -4 0 1 1 1 -5 -1 0 2 -1 -4 -7 -1 2 0 -2 2 -5 2 -2 0 -3 0 -3 1 4 -1 -3 1 -3 1 3 3 -2 4 2 1 -2 4 1 2 4 1 -2 1 2 -2 3 0
5 -2 3 1 -2 -1 -4 2 0 0 -2 2 2 -2 -3 5 5 -5 0 -3 -2 3 3 5 -1 -2 -1 0 0 -4 -5 -2 5 3 4 0 2 -2 -3 -3 2 -2 1 -3 2 -3 -5 -1 3 3 0 0 -3 0 7 -4 7 0 1 -3 -4 1 -1 -2 -3 0 2 -4 0 0 0 0 4 -3 -2 1 -1 1 3 3 -3 7 -1 -3 4 -2 -2 0 -2 3 2 -4 -1 0 -3 3 2 -1 -1 -3 4 -2 1 3 0 -2 2 0 0 0 -5 2 -2 -3 5 3 3 -5 -3 1 0 0 0 1 0 -1 -3 3 -2 -4 1 -3 -1 0 3 4 4 4 -1 0 -1 0 -4 0 1 -1 4 4 3 1 4 0 -3 -1 0 -2 1 3 6 5 -1 -1 0 1 0 0 3 2 0 0 1 1 1 -1 -1 0 2 -1 -4 1 3 -2 -4 -2 0 -1 -2 -6 7 -2 2 -1 1 0 4 1 2 2 -1 -1 3 -4 -1 -2 -1 3 -1 2 0 2 -1 5 0 -2 -4 2 -2 -3 2 0 -1 -2 -2 -3 -1 -2 3 -3 1 0 3 1 -6 -1 1 1 -2 2 1 -3 1 -2 0 1 0 3 2 -3 -1 -4 1 0 2 1 -4 0 -1 5 1 -1 -3 2 4 0 -2 1 2 3 0 3 3 -3 1 1 1 0 2 -1 2 -3 0 -1 -5 -5 -2 4 -3 -2 -1 0 0 -4 4 -1 0 2 4 0 2 1 -2 0 0 2 0 1 2 1 -3 0 0 -3 1 1 -3 -2 -2 0 4 3 -3 -3 -2 -4 0 -1 1 -5 -4 -7 3 -3 0 4 -1 0 -2 0 4 -4 0 0 0 0 2 5 -3 2 3 4 1 2 -2 -2 -4 -2 3 -2 0 2 1 -2 1 1 -5 1 3 -5 -1 1 3 0 -1 0 1 1 0 -3 0 1 3 -5 -2 1 -4 -3 -3 1 3 -4 1 2 0 1 -1 2 2 1 2 4 2 1 1 0 3 3 -1 -3 0 -1 -1 3 -1 3 0 -4 3 0 -2 0 2 2 -4 -2 -1 -5 -3 -2 1 1 2 4 -2 2 -5 2 -1 0 -1 1 -2 -2 -2 -3 2 5 -1 4 4 2 -1 -4 2 -2 2 -1 2 0 1 3 1 3 0 -5 -1 2 2 0 -2 1 3 -1 0 0 -1 -1 -2 -1 -2 -3 0 3 2 -1 0 1 5 -2 -5 -1 -1 3 7 -1 2 3 2 5 -1 -3 0 -4 -1 3 0 -3 -3 0 4 2 -1 -2
4 2 -3 0 1 -7 -3 3 0 0 -3 1 -3 1 4 0 7 0 -3 6 1 -2 4 -3 1 0 6 1 0 -2 0 1 -1 2 6 2 -1 3 -1 -4 1 1 1 -3 0 1 -3 -1 4 2 -3 4 -1 -2 4 0 2 2 -2 2 -4 1 -1 0 2 5 0 -1 2 3 2 1 3 0 7 -2 -3 1 1 -3 1 -2 -4 -4 2 -1 -2 -1 4 -1 -4 -3 3 -2 -1 -2 2 1 5 -1 1 4 0 0 -1 -1 0 -3 -1 2 -1 -2 1 2 0 1 0 -1 2 -1 0 -3 4 3 3 0 2 -2 -2 5 1 3 4 0 1 -2 3 -3 0 -3 -1 -3 -3 2 1 -2 1 0 0 1 2 3 0 2 -5 -1 -1 -3 0 1 0 0 1 4 3 0 -2 0 1 5 -3 0 1 5 0 0 0 -1 -2 3 -3 2 2 2 1 1 -3 0 6 3 3 -1 2 -4 -1 2 -2 0 2 4 -2 1 -4 -2 5 1 -2 2 -2 -2 -1 -4 0 -2 1 1 0 3 -3 3 2 -4 -1 -1 6 1 1 -5 2 4 1 -1 -2 0 0 -2 0 -2 5 0 -3 2 0 -1 1 6 -1 -1 -3 3 -1 -1 1 -2 -1 -4 3 2 1 3 -3 2 1 1 2 -4 0 0 0 2 7 1 -3 0 -2 0 -1 -1 -4 1 4 -1 4 -1 1 -1 0 3 0 0 4 3 1 1 3 -1 4 -3 -5 -6 -3 -2 2 3 1 -5 -1 -1 -2 -3 2 3 3 -1 -2 6 4 -2 -3 1 2 -3 2 -1 1 -2 4 5 1 -2 -1 1 -2 1 0 1 0 1 1 -1 0 0 -2 -3 0 3 4 -1 -3 -4 5 2 4 3 -1 -1 -5 4 4 4 0 -1 -1 -2 -1 -2 -1 1 3 1 2 -1 5 3 1 1 -3 0 2 -2 0 3 1 0 3 5 1 -2 -2 -2 1 -1 2 1 3 -6 -1 3 0 1 3 2 2 0 4 -3 1 2 -2 -1 0 4 3 -3 1 -2 0 -2 -1 1 2 4 -3 5 -1 2 0 3 -1 0 1 0 2 1 -3 3 0 -1 2 -1 1 -4 -4 1 0 2 -2 1 1 0 -2 5 1 3 -1 1 0 4 2 2 -4 -1 -4 1 -3 0 0 3 -3 -3 -1 1 0 5 2 -3 1 0 3 0 -3 0 -4 2 -2 -1 0 0 2 -3 -1 7 1 1 -3 -1 4 3 -5 2 0 4 -4 -3 -3 -1 0 0 1 1 -4 -1
4 1 2 2 2 -3 -1 5 -3 -2 1 4 -1 0 -2 -2 -7 -4 -1 4 -1 0 0 1 0 0 -2 -1 2 1 1 -1 5 0 2 -1 4 0 -4 -3 2 0 2 -4 3 -4 -1 2 -4 -4 -1 -4 1 0 5 1 -3 2 -2 -1 0 3 -1 -4 1 0 0 -2 1 -1 -1 3 3 -1 6 -4 -1 1 0 -3 -2 0 0 5 -4 6 2 1 1 0 0 2 3 3 0 0 4 -1 3 -3 3 -1 -7 4 -5 2 -1 -1 -2 0 0 -2 3 2 -3 -3 2 5 2 0 3 -7 2 -3 -2 0 1 -4 -4 -1 0 -3 -1 5 -1 0 4 -1 1 -4 -2 2 0 0 2 -1 -4 0 0 2 5 2 0 3 -1 5 -3 2 -1 1 2 0 3 -1 4 0 1 -1 2 -5 -4 -4 -2 1 -3 0 -1 0 -2 1 2 3 0 -2 -7 -3 0 0 0 1 -2 0 2 -1 2 -2 4 0 2 -2 0 0 -2 -1 2 0 2 1 3 3 5 -3 2 -4 4 -2 0 -1 2 3 -5 3 -1 1 1 -4 -2 -1 -1 0 -3 0 -1 -4 -3 0 1 -2 0 -3 -1 0 1 3 0 1 -2 0 3 -2 1 -1 1 0 5 1 1 -2 4 2 3 3 -1 1 0 1 2 3 -1 0 -3 1 -6 -2 2 1 1 3 4 -2 0 2 -4 0 3 0 -6 2 3 3 -3 -2 -4 -4 -6 1 -2 -3 1 1 -4 1 -3 -4 3 4 1 1 1 -2 0 5 -2 4 -1 5 -2 -3 -1 3 2 -1 -2 -2 -1 3 1 2 -3 -4 -2 2 -3 2 0 0 2 5 1 -2 -1 1 5 -5 0 -3 2 -1 0 0 4 5 -2 2 0 -3 2 -4 -1 0 4 -3 1 2 1 7 1 -1 1 -1 3 -1 0 0 -1 0 -1 -2 -1 5 2 -2 -2 -2 -2 -1 0 2 0 1 -5 3 4 -3 -2 1 -4 3 -4 5 -1 -2 0 3 -2 -3 -1 5 -1 2 0 3 -2 2 -1 0 -1 2 -4 -2 -2 1 3 0 6 -3 -3 2 3 0 -3 0 -1 3 2 3 3 0 -1 -2 1 1 0 0 1 2 2 4 1 1 -1 0 2 0 4 -2 6 3 3 0 1 -2 -2 2 1 2 -3 -4 1 1 4 -1 2 -1 -1 -2 0 -1 0 0 3 0 0 5 -1 -1 0 -7 -1 3 1 3 1 1 -1 1 0 0 1 -5 2 -3 2 1 -6 -1 3 2 -1 3 -1 1
-5 3 -4 -2 -1 -2 3 -2 3 1 1 0 4 1 2 -4 1 0 2 -1 -1 -2 -2 0 1 -3 -1 6 3 -2 -2 0 5 -2 -1 4 1 -1 -3 3 -1 1 -2 -3 -1 3 -3 0 3 1 1 -2 -1 2 0 0 -3 1 -2 0 1 3 -1 -3 2 0 -2 -3 0 -3 2 3 -3 -5 -3 0 -2 4 4 -2 1 0 -5 0 2 1 -3 4 5 -2 0 -3 1 0 -1 -4 0 0 2 3 -4 1 2 1 1 4 -4 -2 1 -3 -1 3 4 1 -3 -3 1 1 1 1 0 2 1 1 -2 0 0 -2 0 2 3 -2 2 2 1 1 0 3 1 -2 2 -4 -1 -1 0 -2 -4 -1 -4 -1 1 1 1 4 5 -2 -3 3 0 2 2 -1 -2 -4 4 -2 1 2 1 0 0 2 -1 3 3 2 4 4 0 4 3 -4 1 -4 1 -3 -1 1 1 -1 -2 -3 -3 2 1 0 1 3 -7 -2 -1 -3 -2 -4 0 3 6 -1 -3 2 3 4 0 2 2 2 3 -1 -2 -1 -2 4 -1 2 2 1 2 3 2 -1 2 -4 2 1 -7 -4 -4 -5 -1 -2 -1 4 2 -2 5 -2 -2 2 1 -1 -3 0 -1 -5 -3 2 1 2 -2 -2 4 -2 0 4 0 -2 -2 -5 3 3 -3 -1 -1 -1 -1 2 -3 -1 2 1 -2 -2 -1 -3 1 4 4 3 -1 0 3 -3 1 6 -2 4 -2 -6 -1 3 3 1 1 0 0 1 -3 -2 -1 1 -1 -3 1 0 1 3 0 4 1 0 -1 0 3 2 -1 1 2 -1 2 -2 2 1 -1 -4 0 -7 3 -2 3 4 -3 3 -3 -1 1 0 4 -2 -2 -2 0 -1 0 -1 1 1 -2 -2 -4 2 1 2 0 -3 2 5 1 -6 -2 1 -4 2 -1 -1 3 0 4 -2 -5 1 -5 -5 2 -5 6 1 2 0 -1 4 0 6 -1 -3 -3 0 -5 1 1 -3 1 -2 0 1 1 -3 3 -4 2 -4 1 -2 -3 0 -1 0 -2 -2 5 -1 0 -2 1 -5 -1 2 0 1 5 1 -4 -4 0 2 -7 1 0 -4 -4 0 1 2 -2 -3 -5 3 0 1 2 -4 3 4 3 1 -1 1 1 -4 -1 1 2 4 1 -3 -3 0 -4 0 1 -2 3 -4 -2 -1 -2 3 0 1 -2 1 -3 2 -1 -1 -3 -2 -6 -3 -2 1 1 1 0 2 0 0 -1 1 1 -2 -1 -2 -3 3 -2 1 3 3 -1 2 1 0
-1 3 -1 -2 0 1 1 2 -3 2 1 3 -5 0 -1 2 -4 2 -4 1 -1 -2 1 3 3 -5 -3 0 0 0 -3 -2 -1 5 -3 -6 4 0 0 1 2 3 0 4 3 3 -3 1 1 0 1 -2 2 -3 -4 -2 -2 2 -1 -3 3 -4 -1 -1 2 -2 -2 -3 -1 3 0 -2 1 -1 0 4 -3 -1 -2 -2 -2 -1 -2 -1 5 -1 2 0 2 -4 -4 2 2 -4 -1 3 -2 -2 1 -4 -1 -3 4 3 -1 -1 -2 0 3 -1 -1 -1 5 -1 1 3 3 1 -5 -2 -1 -3 2 2 -1 -1 1 0 -3 2 1 1 1 -2 -3 -2 -1 0 -1 2 0 3 -3 -1 -5 0 0 7 1 0 -2 0 4 0 -5 -2 -4 0 3 -2 -1 3 -1 -3 0 -3 3 3 1 0 -1 0 0 -2 1 -4 -2 -1 -6 0 -1 2 -2 1 -4 5 -4 -1 1 -1 3 -2 1 -1 3 3 0 -4 -1 -1 -2 -2 0 4 0 2 0 2 -2 3 -3 1 0 2 0 0 -4 3 -3 0 4 1 -2 0 -1 1 -4 -2 1 2 4 -1 -3 1 3 4 -5 -1 2 -1 3 -2 -6 0 3 2 5 3 0 -1 0 -3 -3 7 -3 0 0 -4 1 -2 -1 0 -2 3 1 2 3 2 -6 -1 1 0 -1 -1 2 -2 2 3 -4 3 -6 4 1 1 0 2 0 0 0 0 -2 -1 1 1 -5 0 -3 -2 -1 5 2 1 4 3 3 -1 -2 1 -3 -4 4 4 4 1 2 2 0 3 -6 3 1 -1 -3 2 0 -1 0 0 -1 -1 -3 0 -6 -2 2 -1 0 0 1 3 2 0 0 -5 3 2 -2 -1 1 2 -3 0 -1 2 -1 0 -1 1 0 4 1 5 -3 3 7 4 -1 4 0 -2 -1 0 -1 0 -2 1 -2 -2 1 1 -1 -1 4 -2 1 0 0 4 -2 4 2 2 0 2 2 2 -5 3 -2 0 3 0 -4 0 4 1 -1 2 -2 0 0 2 -4 2 3 0 1 -5 1 1 5 -3 1 -5 -2 2 -2 0 2 -2 -1 2 2 -4 0 -6 -1 0 -2 1 -2 3 -3 -1 -1 -1 -2 2 2 -4 -2 4 0 -4 4 -7 3 3 -4 0 -1 2 -2 -2 -4 3 -5 -2 3 1 3 0 2 0 2 1 -3 0 0 4 -1 -2 2 -3 1 -1 -4 0 -3 1 -4 1 -1 1 0 4 1 1 3 3 1 -1 -5 2 1 1 1 5 2 -3 2 1
-3 0 -4 2 2 4 2 4 -2 3 -1 -2 2 4 1 -2 -5 -3 1 -1 -2 -3 1 5 0 3 0 -1 2 3 1 -2 0 -4 0 2 -2 5 -3 -2 -4 -3 2 2 -2 -2 0 2 -1 -3 -1 3 -2 2 2 2 0 -4 2 -2 1 0 4 -5 4 1 -2 1 0 0 0 0 -2 -3 -2 -1 0 0 -4 -2 -3 0 -2 2 -1 1 0 0 0 1 1 3 -2 -1 3 -1 1 -3 7 -2 2 -2 0 -1 -3 2 -3 3 -1 -3 0 3 0 2 -1 -1 1 -4 4 -1 4 3 -1 4 2 2 -1 -1 -2 0 0 1 -2 0 -2 4 2 -1 -3 1 2 0 -3 0 1 2 2 0 1 0 -1 -1 1 -1 2 -2 7 5 6 3 0 -2 -5 -3 -2 -1 1 -3 4 1 3 -2 3 -4 -3 -5 5 -3 -5 2 1 0 1 -2 2 -1 2 1 4 -2 1 -4 1 0 0 2 -2 3 1 -2 2 3 -2 -1 -1 0 3 4 3 -3 4 2 -6 5 3 0 2 4 0 2 -1 -1 0 4 -1 3 -3 4 0 1 0 0 0 2 1 -2 2 4 0 1 1 0 -4 -2 2 -2 2 0 2 -1 -3 0 3 0 2 -1 0 -2 1 0 2 -2 -4 -5 0 -7 0 -2 2 0 0 2 1 -1 -3 -1 -2 -1 1 4 0 -3 3 -4 3 -2 -1 0 3 -4 1 0 -1 1 1 3 -2 2 0 -1 0 -4 0 1 -5 -3 3 0 -5 -2 2 0 4 1 -1 -6 -6 -1 1 2 0 -2 0 -3 -2 -6 -1 2 2 3 -4 2 3 2 -1 0 3 5 0 3 3 -5 -1 -5 -4 -1 -3 0 -3 -1 1 2 3 5 -2 1 1 -4 3 -3 -4 5 2 2 0 -1 4 -4 -2 -2 1 -2 4 -2 -4 -2 3 0 -2 -4 -1 3 2 -1 4 -6 2 -3 4 2 0 0 -3 -1 5 0 -4 1 -2 -1 -4 4 2 0 0 4 2 -2 1 -4 4 1 1 5 1 -3 3 1 -1 -1 0 -3 0 3 0 6 -2 2 -3 4 2 -3 -4 -1 -2 3 1 -2 -3 -1 2 -3 0 4 5 4 1 -1 0 0 -1 -1 -2 2 -1 -1 0 0 2 -2 4 0 1 1 2 5 -2 0 4 -1 2 -4 -2 1 1 7 0 -6 1 -2 0 2 3 -1 -1 -2 0 0 0 0 4 1 -2 1 0 -1 1 1 -3 0 1 3 0 2 0 -2 0 1 -2 2 -1 1
1 2 1 2 2 0 4 0 -2 -1 -3 3 0 1 2 -2 0 1 -2 -2 -2 -6 2 3 -1 6 0 0 0 1 2 3 -3 3 1 1 0 2 -2 0 -3 2 2 3 0 3 0 -2 7 3 -3 -1 -1 0 3 -2 2 -1 0 0 1 -2 2 -3 -3 -2 -2 2 4 -3 -3 0 0 6 1 2 -3 1 -2 1 4 -1 3 2 1 3 0 -3 -1 0 0 1 -2 7 -2 0 0 -4 6 -1 1 2 -1 5 1 -3 -3 1 1 -2 -2 -3 1 2 0 -4 -3 -1 1 -4 4 1 -3 0 1 4 4 -2 -2 2 -4 -3 0 1 -2 2 -1 2 -5 -3 4 1 -2 -1 -1 1 -2 1 -1 2 0 -5 -3 5 2 -1 0 6 -2 -2 7 2 -2 3 3 -1 2 -1 -5 -1 0 2 1 1 6 -2 0 0 1 5 -1 -2 1 1 0 2 2 2 -1 0 -1 -3 -3 1 -2 1 -1 -1 1 1 -1 0 -2 -1 2 -2 -2 3 0 -1 3 5 1 -1 -2 0 -3 0 -5 -3 0 -2 -3 3 2 2 3 7 -5 3 0 -4 0 -4 2 5 -1 -1 0 2 2 2 0 0 2 -1 -1 -2 -3 -2 4 -2 3 0 -3 0 5 -5 3 1 -2 -5 6 -1 2 2 1 -2 -3 1 3 1 -3 6 0 0 -1 -3 -2 1 1 3 2 -3 2 -2 4 -3 2 0 2 3 1 -3 1 -4 3 -3 -6 0 0 -1 -2 3 2 -2 1 -1 0 1 1 2 1 -4 -2 2 0 -3 1 3 0 1 -1 -1 1 0 -2 0 -2 -1 3 -1 0 4 0 -2 -1 -2 -1 -3 4 3 -3 5 1 3 2 0 1 1 4 0 2 0 -7 -2 0 -3 3 -3 2 2 4 1 0 3 -2 -2 0 2 0 -2 3 1 -2 -3 -1 -2 -1 -3 0 3 0 0 -2 -3 -1 -1 -1 -2 1 2 -2 4 0 4 2 1 1 3 -1 -1 2 -1 2 1 0 -5 -1 1 -4 0 0 -2 2 -1 5 5 0 0 -3 5 0 -6 0 1 7 -3 -2 1 -1 2 1 -5 4 3 0 -2 5 1 -3 -3 2 0 2 -1 4 1 -3 -2 1 1 -5 -2 0 1 -2 3 -1 -2 1 4 -3 -2 -4 2 3 -3 -2 3 0 2 -3 -3 1 1 1 3 -1 -6 -2 -2 -2 -2 4 3 4 -1 1 -4 -4 0 1 3 1 -2 1 0 1 0 3 0 0 -1 1 1 -2 -3 -2 1 1 1
3 1 2 -4 3 -3 2 5 -2 -6 2 1 -2 3 1 -2 0 3 4 -2 2 -4 -1 0 1 1 -2 -2 2 -3 0 -3 -2 0 5 0 1 1 4 2 2 4 0 -1 2 -3 -1 -2 2 2 -1 -1 -3 3 -1 -3 5 -2 0 -3 3 -1 -2 0 1 3 0 -3 0 3 4 -1 3 -1 0 -5 -3 0 -6 3 4 2 3 -2 0 -2 1 0 1 0 -5 -4 2 0 -1 1 1 2 2 2 0 0 2 0 0 -2 0 -4 0 0 1 2 4 -2 -3 3 -1 3 -2 -1 -1 1 -2 3 0 3 -1 -2 -4 0 0 -1 0 -1 -2 0 -1 -2 0 1 1 3 2 -4 -1 -1 1 0 -4 2 -1 -2 6 -7 -3 3 -1 -2 0 -4 2 3 -3 4 0 -3 1 3 -1 1 1 1 -2 5 -4 0 -2 -1 -2 2 5 -3 2 -1 1 2 1 1 2 4 5 -4 -2 4 0 0 1 -1 -2 1 1 1 -2 -6 -2 2 0 -4 -2 0 0 2 -4 4 -1 0 -1 2 2 1 -2 0 -2 -1 0 1 -1 -2 -1 3 -1 5 2 -3 -1 3 0 3 -5 5 -2 -3 -2 3 3 0 7 -1 -3 0 -1 6 -5 0 1 1 1 -2 -1 3 -1 1 -4 1 -2 0 3 -1 -1 2 0 2 0 1 5 -1 -1 2 -1 0 2 0 2 1 4 -2 2 -3 -3 -2 0 1 4 0 -1 1 1 1 -5 1 3 3 4 2 -2 4 0 1 5 3 -2 -3 2 0 -3 0 3 -2 -2 0 3 -3 3 2 -1 0 2 0 3 2 -4 -4 -6 2 6 0 3 -4 1 0 -1 -1 -1 3 -3 1 -1 3 2 1 -4 -1 4 3 0 -2 1 2 1 -2 3 -1 5 0 0 3 1 0 -1 1 0 -3 -3 -1 1 -1 2 -1 -3 3 -2 -2 3 0 -1 -2 3 -7 -5 2 6 -3 -1 -4 3 1 -2 -3 -1 5 3 0 -4 2 3 -3 -3 -1 1 5 -3 1 -4 2 -2 -1 -3 0 -3 -2 -2 0 -3 2 4 -1 -1 -1 -1 -1 1 -2 2 1 5 0 4 -2 -2 2 2 4 1 0 -3 -3 3 -5 -1 -1 -3 5 -1 -1 -5 0 1 0 1 0 -1 1 1 6 -3 2 -2 -3 -2 2 -2 2 -3 3 3 -2 2 3 3 5 3 -4 2 0 -1 -3 -3 -3 4 -1 1 0 5 3 -3 1 1 0 -2 -4 4 3 -5 1 2 3 3 1 2 2 -1 0
-1 4 -1 -1 3 -1 -1 1 3 -5 4 -1 1 1 2 2 2 -3 1 -2 0 -1 1 -2 -2 2 0 -2 3 6 1 -3 0 0 1 -3 0 3 -2 1 -2 4 -1 -3 -2 0 4 3 1 0 -3 0 0 -4 -1 3 -4 1 1 1 0 2 1 3 3 -1 2 2 0 -1 -2 1 -1 0 2 4 5 2 2 1 2 -3 -4 -1 1 0 -5 -4 -2 -1 -1 5 -4 -4 -5 -3 2 1 -6 -7 1 1 1 0 0 -2 0 0 -3 2 1 -2 0 1 1 -1 2 -5 -3 3 -2 0 0 2 3 1 0 3 2 -1 -1 0 -1 4 -4 -5 -1 2 -1 2 1 -1 -2 1 -2 -3 1 -2 2 0 2 -5 -2 1 2 4 -2 4 -2 -4 -1 -3 -2 1 -2 -1 -2 2 1 3 -1 0 -5 0 -2 -2 -1 -2 4 -1 1 0 3 5 0 1 6 0 0 -2 -1 -1 -2 3 1 -2 1 -3 -1 5 7 1 -1 4 -2 -2 1 1 3 1 -1 0 -6 3 0 -1 0 -1 -1 1 -1 -5 0 2 0 0 3 -1 3 0 -3 0 4 5 1 1 -1 -3 1 1 0 1 -3 -4 -2 0 -1 5 1 -1 0 0 -4 0 1 -4 1 1 1 1 0 2 2 -3 3 4 0 2 2 -2 0 -4 -4 2 1 4 -1 -3 -5 -1 -1 -2 3 3 3 2 2 -3 2 1 1 0 6 0 1 4 3 -4 -3 1 0 1 1 -3 -1 1 -1 -1 3 2 -4 2 -1 3 0 -1 -5 -1 -1 -5 2 0 3 0 4 0 0 -4 -1 -1 -4 -5 5 0 2 -3 0 2 -1 -6 3 2 4 0 -3 -4 0 -3 -1 3 -2 -2 1 5 -2 -3 -7 2 -1 -4 2 -2 2 4 2 2 2 1 -1 1 -4 3 0 -1 3 2 3 0 3 -4 -1 3 -1 0 -2 -1 2 4 -2 0 -2 1 0 0 2 -4 -3 -2 -1 3 -2 -1 6 -1 4 3 -1 2 -2 0 2 3 2 1 -2 -3 0 6 -1 2 0 -2 0 2 -4 -1 -3 3 4 0 -3 3 0 2 2 -1 -1 3 1 1 2 -3 -1 -6 -3 5 1 -2 -2 -2 -1 4 -6 2 -1 -1 0 0 -2 -2 1 -3 5 2 2 1 0 1 0 -2 2 0 1 0 -2 0 -2 1 4 0 2 0 1 -3 -2 0 5 0 3 5 2 -2 2 4 -4 1 1 1 -3 0 -2 2 2 1 -1 6 1 -1 4 4 3 -5
3 0 3 -4 -1 -3 0 4 -1 0 -2 0 3 -1 -3 4 4 -3 0 5 1 2 -3 1 1 -2 -5 -4 3 0 1 -1 2 -3 -1 -3 2 4 -1 3 5 3 1 0 3 0 -4 1 1 -1 0 -1 0 0 1 -6 3 0 -1 -2 -2 -3 -2 2 -1 0 -1 -1 2 3 0 -2 2 -1 2 -3 3 -3 3 -3 -1 -5 0 1 1 2 3 1 1 2 -2 1 -1 0 4 -1 1 -1 -1 0 -1 -2 -3 -1 -4 7 3 -3 -1 -5 -4 1 4 3 -1 -2 1 -2 -1 3 7 -1 -2 5 -2 2 0 -3 1 3 0 -3 -1 0 -2 0 2 2 0 -3 -3 -2 -3 -1 1 4 0 -1 -1 2 2 -1 7 -1 2 0 -1 0 -1 2 2 -3 0 6 2 -2 5 -3 -2 -4 0 -4 1 -1 3 -1 4 1 0 2 0 0 1 -3 0 1 3 2 4 -2 3 4 -2 0 3 3 0 1 -1 2 -2 -1 -1 -4 -1 4 2 -4 1 1 -1 -3 2 -3 -5 -4 -4 -1 6 -4 -1 2 -2 -2 1 -1 0 -1 -3 2 0 -1 3 0 1 5 1 -2 2 -2 1 2 3 1 -2 -3 -2 -4 1 1 1 6 3 2 0 2 2 0 0 -3 0 3 -3 -2 -3 -1 -1 1 -5 -3 0 4 -1 6 2 -2 4 -4 -1 0 1 5 2 -3 -3 0 3 4 1 0 0 2 -3 2 -2 5 -1 0 2 1 -1 1 2 0 1 -3 -3 3 2 -2 1 -2 -5 2 1 1 4 -2 1 4 0 4 0 -7 -2 1 3 5 -3 -4 1 2 -3 -4 -2 0 2 5 -1 -1 0 -3 -3 -2 2 -2 -2 5 2 1 0 -1 0 -2 0 2 0 -1 -1 1 -4 -2 -3 1 -3 0 -4 -3 2 0 3 -1 2 4 1 0 2 0 4 1 4 0 2 -2 -3 -1 1 2 0 4 -2 3 2 -3 -1 1 -2 1 1 2 2 -6 -4 3 0 1 2 2 0 1 -7 -2 -1 0 4 1 1 -4 -5 3 2 0 0 1 -3 2 -2 1 3 -3 1 1 0 2 2 -2 2 2 -1 -4 2 -1 0 0 2 0 -2 2 3 -2 2 2 3 4 -2 -4 -2 -2 -3 -2 2 1 -3 -2 -1 1 -6 -4 -3 -2 0 3 2 -2 4 1 4 6 -1 2 0 -4 3 -1 1 -2 4 1 1 4 2 2 2 -1 -1 -1 -1 -2 3 3 3 1 1 0 1 -2 2 3 1 -1 -2 -6
-1 6 -2 1 2 -1 0 1 -4 -2 1 -7 1 -3 1 -4 -3 1 -1 1 0 1 0 3 0 7 1 -1 1 -2 -5 -1 2 -7 -2 0 -4 0 3 3 -2 2 0 3 3 -3 0 2 4 -3 0 -3 1 -3 2 -2 -1 1 1 -4 2 -1 1 -3 -1 1 5 0 -5 5 2 -2 2 -1 -3 0 -2 0 -1 -5 1 -3 5 -3 -1 5 -1 -1 4 -2 -2 1 2 1 0 -3 1 -2 -1 0 -3 -3 2 -1 0 -1 0 2 3 3 2 1 -1 0 3 3 -2 -4 1 0 6 3 2 0 -5 -2 4 0 3 0 -4 -7 2 -6 0 1 0 0 4 0 -1 -3 -1 -1 -3 0 -2 -2 2 -3 1 3 1 2 1 2 -2 0 0 4 5 3 1 -1 3 0 -2 -1 -4 -3 5 1 1 -3 4 2 -1 4 -1 -2 -1 -2 1 1 -1 2 4 -3 1 3 -1 -2 1 5 2 -3 -3 3 0 -3 3 0 5 0 -4 0 -1 -3 -2 -2 -3 3 -4 3 1 3 1 1 0 2 1 3 -2 1 -4 3 0 2 -1 -1 1 1 4 -1 -1 3 -4 3 2 2 1 2 0 2 -2 3 3 4 1 -2 -4 1 1 -2 2 -1 0 2 0 1 -4 -1 -2 2 2 0 -4 0 2 3 -3 1 2 2 1 2 -4 0 3 0 4 -2 0 0 2 0 -3 1 3 0 4 1 -1 3 -6 0 1 -3 -2 0 4 2 1 0 -3 1 -2 3 2 3 0 0 1 0 -1 -3 -3 2 -2 7 -5 7 0 2 2 0 -3 3 -2 2 -1 0 -4 1 1 -5 6 0 1 -5 0 0 -2 0 -3 -1 0 -2 0 3 -2 0 2 1 3 1 0 -3 -2 -1 2 1 -3 -3 1 -1 -1 1 -1 2 2 0 -4 3 1 0 3 -4 -1 -5 -4 2 -4 -5 1 2 -4 -2 4 -2 2 -1 6 -3 3 0 1 6 -1 -2 -1 0 -2 -1 0 4 1 1 1 -1 -4 1 -3 4 -3 -2 0 -1 -1 -3 -2 -2 -1 -5 -3 -2 -2 -4 -1 -4 -1 -1 1 1 0 4 0 3 -3 1 0 1 0 3 0 3 0 0 -1 -3 1 4 3 0 0 1 -3 -3 -2 2 -1 4 0 0 0 0 -1 -4 -1 1 2 0 1 0 1 1 -2 2 -1 -4 -3 0 1 -1 4 0 -1 -4 -1 3 2 -5 1 -1 -5 1 2 1 4 -4 1 1 -2 -5 0 -4 2 4 0 2 -1 -3
4 -1 4 1 3 0 -6 0 4 5 -3 3 2 2 0 7 5 -1 -2 0 -2 -2 -1 1 3 3 -2 0 0 6 6 -3 -1 -3 -1 0 1 1 0 -6 -1 3 -1 -1 2 -5 3 2 2 -1 -4 2 1 1 1 -4 4 4 0 1 1 -1 5 -1 -3 0 1 -1 3 -4 -2 2 -2 -2 0 1 1 0 0 0 -1 -2 -2 -1 -2 1 1 0 -3 0 -2 2 -1 3 0 0 -5 0 1 0 4 -3 -1 0 -1 0 -1 1 -2 4 4 0 2 1 -1 -1 -3 -2 -2 2 3 1 -2 1 4 -4 0 -3 3 -3 -4 -1 -5 3 -2 1 0 -2 3 -6 1 -3 -4 -2 -4 -1 1 2 -1 -1 -3 3 5 2 7 -1 -2 -1 0 3 2 1 0 4 0 -1 2 -3 1 0 -1 -1 -5 -2 3 4 1 -1 2 -1 0 1 -4 1 1 2 0 0 0 0 -4 0 5 1 5 5 1 1 -3 -1 5 -1 -1 2 1 0 0 1 -1 0 -3 2 4 1 1 2 -2 4 -2 0 0 0 0 -4 -4 -1 2 0 -2 -4 1 0 0 -1 2 3 -4 -1 -2 -3 -3 1 -1 0 0 -1 2 -1 4 6 -1 1 0 3 0 0 -2 -2 0 -1 -5 2 -1 3 0 -3 1 -3 -2 -1 -4 0 -2 1 3 5 -4 -2 0 1 2 6 4 7 -2 3 2 -4 2 0 0 -3 -1 0 1 -1 -3 2 -3 3 4 -4 -1 5 1 0 1 0 3 1 3 1 -2 -4 3 -4 4 2 3 1 -3 3 -4 3 -2 2 2 2 -2 2 -2 3 0 2 -6 0 0 4 -2 -1 0 1 -1 -3 2 -2 -1 2 0 -1 -1 1 0 -4 0 0 0 3 -3 -1 -2 -5 3 1 1 -3 1 -3 1 0 2 2 1 -1 0 0 0 0 7 5 0 -4 -5 4 -3 1 0 -1 -5 5 -1 0 1 2 0 2 -1 -1 -4 0 1 1 -2 -2 3 3 1 0 2 -2 1 0 1 5 7 4 2 -3 -2 -2 -5 0 0 3 0 -3 -2 3 2 3 1 2 -4 2 0 3 3 -3 0 -3 0 -3 -3 2 5 -3 -3 -1 -1 -3 3 1 1 -1 4 -2 2 3 -1 -6 -2 0 0 -2 1 5 0 6 -4 4 0 -1 0 1 0 2 -3 1 -1 -3 2 -6 0 0 1 0 -3 0 -1 1 -1 0 4 -1 1 1 -1 2 1 4 0 2 0 0 -1 1 0 -2 4 2 0 -4
-7 -2 0 1 -1 -1 3 3 2 -1 -3 2 -1 1 -2 1 2 -1 -3 1 2 -3 -1 -1 1 -1 2 -1 -1 0 -3 -2 4 -1 0 -2 3 2 -7 0 -6 3 3 3 -2 0 -3 1 -2 1 6 2 -3 1 0 -1 3 3 2 3 0 -3 2 1 1 1 4 -3 0 1 0 0 2 -1 0 -1 2 0 -5 -1 0 -3 -1 -1 -5 1 1 -1 1 -1 2 -1 3 2 1 2 4 -1 0 -2 -2 -4 -5 4 0 6 1 1 4 0 -3 -2 -2 -5 -3 1 3 1 0 -5 1 -3 3 0 -1 1 3 -1 -2 0 0 -2 6 -1 0 1 0 3 -2 3 2 1 1 -2 3 -2 4 1 1 -1 2 0 -1 0 2 1 -5 0 1 -1 4 2 4 2 -1 -1 3 3 -2 2 3 2 1 3 -1 -1 0 -1 -1 -4 2 -1 0 -4 -4 -3 -1 4 -3 2 1 -1 -2 3 3 1 -2 1 -4 1 -2 0 1 -2 5 -3 4 1 -4 3 0 0 -2 -3 0 -1 2 1 0 0 0 2 0 2 1 0 -1 -2 1 2 0 -2 -2 1 5 -5 5 -4 2 2 -1 1 -1 4 0 1 -2 -3 -4 -2 -2 0 -1 3 7 3 4 2 0 -4 -2 -3 1 0 -3 -1 4 -3 2 -1 2 2 -1 -1 -1 -3 7 0 -1 -2 3 1 0 -3 2 -2 -4 -2 -2 -2 -1 4 1 4 0 3 2 -1 -1 4 -1 0 3 1 1 1 0 2 6 0 2 5 -1 5 1 2 -5 -2 -1 4 1 -3 3 -2 5 0 -1 -5 1 -3 -1 0 -1 -1 0 -4 1 1 1 -4 -1 0 -3 1 2 2 -1 3 -1 2 0 -4 0 0 -3 -1 -1 0 -3 1 -2 1 4 -5 -3 -2 0 -1 -2 -1 -3 -3 2 -2 4 0 -2 1 2 -3 2 -6 0 -1 1 1 4 -1 1 1 4 -1 -1 -3 -1 0 -2 4 3 0 1 2 -3 0 -3 0 -4 -3 0 1 1 1 -1 5 -1 -2 3 2 -1 -6 1 2 -4 1 2 -5 -3 -4 3 0 1 0 -4 1 0 -1 -2 -1 -6 1 2 -2 -5 2 0 -3 -5 3 1 -4 3 2 3 1 -4 -3 -1 -3 2 -2 4 -1 4 -1 0 0 -1 -1 0 -1 3 1 4 0 -4 1 2 1 0 0 4 4 2 -3 0 1 1 0 1 -1 -1 -4 4 5 0 -2 -1 -4 4 2 0 2 5 5 0 -1 0 4 6 3 1 -2
4 2 3 0 -3 1 -1 -1 4 -1 2 0 1 -2 0 -1 2 -5 3 -1 3 1 4 -4 -4 -6 3 3 -1 1 -2 2 -5 1 -2 1 4 -3 -1 0 0 0 1 -3 -1 2 0 -4 1 1 1 2 -3 2 2 -2 -1 -5 0 -1 -2 2 -4 2 6 -2 2 -4 0 0 -1 0 3 0 0 2 1 4 0 0 -1 -3 2 0 1 1 5 -5 5 1 2 1 2 -4 3 0 1 -2 0 -2 1 -4 0 3 0 5 3 0 1 1 2 1 2 -5 -4 2 3 0 1 -4 1 2 3 -4 -3 -1 5 -3 -3 0 1 1 1 1 -2 5 -1 3 -1 0 1 2 2 2 5 -3 -1 4 3 -2 2 0 2 -6 4 1 0 -3 3 1 -1 3 1 2 -3 0 -3 0 -1 1 -2 -2 1 -2 0 -2 0 -1 1 -2 -1 -4 -2 -1 4 -2 -4 -2 -1 1 5 1 -4 -2 2 -1 2 0 0 -1 -3 0 -4 -1 -1 3 0 0 3 0 -4 0 2 2 -5 -3 -3 1 -1 -6 -4 3 -2 -2 3 0 1 0 3 2 2 2 -2 2 1 -2 6 1 -2 3 1 -2 1 3 0 0 -1 1 -2 2 -2 2 3 0 1 -4 4 -1 1 3 -4 -3 0 -3 -4 -1 5 -4 3 -1 -1 0 -1 4 -6 -2 3 0 -1 -2 4 -1 0 -2 -5 -6 1 -3 0 1 0 -1 3 5 2 1 2 -1 4 0 0 -1 6 -2 -1 -1 4 -2 0 1 -3 2 0 1 0 -1 -2 -4 -2 -1 -3 3 0 -1 -6 -4 -3 -1 2 0 0 -6 3 2 -4 1 2 -1 1 -2 0 -6 -2 -4 -2 1 4 2 -2 0 3 -3 2 6 -1 0 2 0 0 -1 1 -2 0 0 2 -2 -4 -1 0 3 4 0 1 -4 1 -2 3 -1 -3 1 1 4 2 2 -3 3 2 -2 0 -1 3 -1 -1 2 6 1 1 0 3 -2 1 1 3 0 -1 -4 -3 -1 2 -1 -1 3 0 -2 -1 0 2 -1 -2 5 2 1 -3 -1 2 2 -2 -3 2 5 -4 -1 -1 -2 -1 3 -3 1 -1 -1 -3 -5 -7 2 0 2 -4 4 -2 3 -1 -3 -4 2 5 3 0 0 1 5 4 0 2 -5 0 2 0 -1 -2 0 0 1 -2 -3 -1 1 2 1 0 -4 -2 4 0 2 2 -3 2 2 1 -1 -4 -1 2 2 0 3 2 3 0 -2 -2 3 -2 5 1 3 -3 -3 0 3 1 2
-4 -1 2 1 2 4 3 -1 3 1 0 0 1 -2 7 -2 0 2 0 1 4 -1 -3 -1 -3 2 -4 -1 -3 3 -2 2 0 0 0 1 -3 -1 3 -1 2 -4 -2 4 -4 4 0 1 3 -1 -1 -1 2 0 1 3 -5 4 1 2 0 2 -4 2 -5 -1 -5 -1 -4 -3 1 -6 -1 -2 2 0 -4 -1 3 -3 3 2 0 3 -1 -3 1 1 -4 -3 1 0 2 3 3 -2 1 3 1 1 6 -1 1 -6 -4 0 2 3 -2 -2 -1 3 3 2 4 2 -2 -2 -1 2 6 -2 0 2 3 -2 1 1 1 -2 -2 -3 2 -2 1 3 -3 1 0 1 -1 -1 0 1 2 -2 3 0 -3 3 0 -5 -3 3 0 0 1 -4 1 4 1 0 0 2 -1 2 5 1 3 2 1 1 3 3 3 4 4 0 2 -1 0 0 3 4 2 7 3 1 0 -1 0 2 -1 0 -1 1 -4 6 -2 0 2 3 0 -1 -1 -3 1 0 -2 0 -4 4 -1 -2 1 -1 1 -1 -3 4 -5 1 4 0 -4 1 2 4 -1 -2 3 -3 0 0 -1 -1 0 5 3 -5 0 -2 1 1 -6 3 3 6 3 3 5 2 -1 -2 -4 -2 3 1 -2 0 0 2 -4 -5 3 1 1 0 -3 2 -2 -2 -1 3 -2 3 -3 4 1 1 2 -2 -2 -1 -1 -2 -2 -1 1 2 2 5 -3 3 1 2 1 2 -1 -1 1 -2 -4 -4 0 -2 -3 -1 1 -1 -3 -1 0 -1 0 4 -1 -1 -1 -3 0 -2 0 -1 7 -1 2 0 3 0 -1 0 -1 5 -2 0 4 -2 0 -1 4 2 1 2 -3 -3 -1 1 1 3 2 -1 -1 0 4 2 -1 1 1 -4 -3 -3 -5 -1 -1 -2 2 -3 3 -3 -1 -2 0 2 -1 -3 -6 -4 5 -7 -2 3 0 -1 1 0 -2 4 -1 -1 2 1 0 -1 -6 0 0 -2 0 -1 -2 2 6 -6 0 -1 0 3 1 -2 1 -2 2 1 0 -4 -1 -1 3 3 0 2 1 0 -3 -2 2 -2 2 -2 -1 -1 0 -1 0 0 3 -3 4 0 2 -1 2 -3 4 -2 -3 -1 -1 -1 -1 -1 3 0 2 -1 -2 -3 3 -3 0 -2 0 2 -2 4 -1 3 0 -4 -3 -1 1 0 1 1 4 -1 1 -4 -1 -2 1 -4 -3 -3 3 0 3 0 1 -3 2 -2 0 0 -1 2 1 2 -3 0 3 -3 -4 -1 -2 -4 4 0 -6 0
2 -5 3 -2 -1 -2 -2 2 3 0 3 0 -1 -1 1 0 2 -3 4 0 0 -2 2 -6 4 2 3 -1 -1 -1 -1 -5 -1 4 3 1 1 -2 1 1 5 1 3 -2 -1 -2 0 -4 -1 5 0 -3 -1 -1 1 -2 0 -3 -1 5 -3 3 1 -1 4 1 0 6 -1 -1 -4 -1 1 3 2 -1 3 1 1 4 -1 -2 3 -4 4 0 -1 -7 3 -2 -3 -2 -2 0 0 -2 -2 4 -2 1 0 1 0 -1 -1 2 -1 -2 -7 1 -1 3 -3 5 1 1 1 -1 -6 3 -2 -5 3 -2 3 -3 -2 0 -2 -1 -2 -5 -1 -4 2 2 2 -2 0 1 -2 0 4 -1 1 3 0 -4 0 -3 6 -3 2 -3 -1 -1 2 3 -1 3 0 0 4 2 4 -2 3 0 4 3 -1 -2 -3 1 1 0 -2 2 5 -1 3 0 -1 0 -1 -4 5 7 1 -1 5 1 0 -1 -2 -6 3 2 0 -1 -3 -1 1 3 -3 -4 -4 -2 4 -1 0 4 3 -4 0 0 2 1 -3 -1 1 3 3 -1 1 0 0 2 1 5 2 -3 -6 -4 -3 4 -4 -5 -1 -1 -1 -1 -1 0 1 3 -1 0 0 -3 5 -3 2 0 2 2 -4 6 1 1 -2 -4 2 -2 2 0 0 3 1 -1 -1 3 -1 0 -2 -6 -1 -2 -2 -4 0 2 -2 3 3 4 -4 0 1 -2 2 0 -3 -3 -6 1 -2 -2 0 1 0 -2 3 1 2 0 2 0 4 -3 2 3 2 -5 -2 -1 -1 1 -3 -1 1 -1 0 0 2 6 3 0 -1 3 -1 1 -3 4 1 1 -1 -1 2 0 -4 1 2 0 -1 -3 2 -1 -3 -4 -1 -1 5 1 0 -3 1 4 -2 -1 -4 1 2 1 -3 2 0 -1 1 2 -2 -2 -1 1 1 -2 0 0 1 2 1 -3 -4 -3 -1 4 0 -2 1 -5 -4 0 -2 2 1 1 2 -2 -2 -3 -1 0 -2 1 3 1 0 -3 -1 2 2 -1 -3 -3 0 -7 -1 3 -6 5 2 -2 -2 -1 3 -4 2 -2 2 -2 0 3 0 -2 1 1 -3 1 3 2 0 3 -2 -1 0 -4 2 0 -1 3 -1 -1 -4 -1 -1 -2 -2 1 0 1 1 -4 -3 1 0 2 0 1 3 5 -3 0 2 -2 -1 1 1 2 -1 6 2 -3 -3 7 0 2 1 -2 -1 -2 0 -1 -4 3 4 2 0 -3 -2 1 -2 -2 1 -1 1 -3 -2 -1 -2 -4 3 -4
-2 -1 2 2 3 5 3 -2 -1 2 0 -4 -6 -2 -4 6 -1 6 1 3 -1 0 -1 -2 1 3 3 2 -2 2 3 -1 -3 2 -3 -3 0 0 -3 3 0 4 1 1 1 2 1 2 -1 0 -2 -3 -2 0 1 2 0 -2 -1 1 -1 -1 -2 -1 2 -1 0 1 3 1 1 -1 1 3 0 3 -1 -1 -1 2 1 -1 -5 1 0 1 -1 -4 -1 0 -3 1 1 3 2 4 -4 -2 -2 0 -1 0 -3 3 -2 -1 -1 -2 2 0 -1 -2 3 3 3 -5 4 -1 2 1 -1 2 -5 0 -1 3 -2 2 5 -1 -2 -2 -2 -5 -3 1 0 5 -1 -1 2 -3 1 0 0 3 -1 0 2 -3 0 -1 0 -5 0 -3 0 -1 -6 -3 -2 -6 1 -1 3 1 -1 0 1 4 1 -1 1 -1 1 3 -1 0 3 1 2 -2 -1 4 0 4 0 -1 -2 5 -6 3 2 4 2 2 1 -2 1 -4 2 4 1 0 2 -4 -2 -3 -1 -3 1 1 2 0 -1 2 -3 -1 -1 0 3 -5 -1 3 -5 3 0 3 -4 -1 7 2 0 -2 -2 -1 2 -1 0 -5 5 4 3 -2 -4 2 -2 -1 0 0 -2 3 0 -3 0 0 5 -4 2 -2 1 -4 2 2 0 0 -1 4 1 -1 -1 -3 1 2 -1 -1 -4 0 -2 0 -1 3 4 5 1 1 2 1 1 -1 3 -3 3 0 1 3 1 2 -5 0 -1 3 -1 0 -1 0 -6 3 -1 2 2 -1 -4 0 -4 -2 -3 4 4 1 0 2 -2 1 -1 4 1 2 1 -2 5 -2 0 0 -6 -1 -1 -1 -5 2 2 -1 -5 3 0 -1 0 -1 -5 2 0 -3 -1 -5 -2 2 -1 5 -3 1 0 4 0 4 -2 -1 3 1 -1 0 3 2 -2 -1 1 -1 1 4 4 -6 1 0 -4 4 -4 4 -4 0 2 0 -4 -2 0 1 1 -4 0 0 -1 -5 0 -2 -3 -3 -1 -1 7 3 2 -1 -3 -3 1 -1 2 1 -1 4 6 2 1 3 -3 -3 4 -4 -2 -3 -4 -2 -2 -2 0 2 0 0 -1 1 -1 -1 2 1 -3 5 -1 2 -4 2 1 -1 2 -1 1 -2 0 1 2 1 -2 -1 2 -3 -2 1 -3 1 -5 7 -1 1 0 5 -1 0 2 -7 2 0 -1 3 1 0 -3 4 1 1 -6 2 -1 1 -3 4 2 -1 1 -1 -1 -1 5 2 3 -3 1 1 -3 -1 1 -1 -6 -2 -2 1
-2 3 -1 -2 1 -3 -4 -4 -1 -4 -1 1 -3 5 3 -3 -3 4 4 2 2 3 1 -1 -2 5 1 -3 6 -4 3 -2 1 3 0 -2 -3 -3 0 2 -2 0 -3 1 1 1 2 5 1 1 1 0 0 -1 -2 3 -3 2 1 0 -1 -2 0 -1 1 1 -4 2 2 0 -7 2 -1 4 2 2 2 0 0 0 -1 -5 -4 5 2 -3 4 -2 2 -1 0 -4 3 5 -1 -1 -2 0 2 2 -2 0 3 -4 0 -2 2 4 3 -5 -2 -2 1 -3 2 0 -1 -2 3 0 -2 1 0 -2 -2 -5 -2 4 0 -3 3 0 -1 2 4 -2 1 2 -3 2 3 -1 -2 4 1 -3 -1 -1 1 2 -2 5 1 -2 -3 6 3 -1 -2 0 0 -2 1 -4 1 2 0 4 0 -1 0 0 0 -4 0 1 -1 -1 -1 1 2 4 2 2 -3 -4 1 -2 1 -2 -3 4 -1 1 -3 -1 1 0 1 1 2 0 1 -2 -5 3 4 1 4 -5 2 -7 -7 0 0 -1 5 1 2 1 -1 -2 3 0 1 -1 2 1 3 -2 -5 -1 7 2 3 0 5 2 0 -6 0 4 2 -3 -3 2 -4 -1 -1 0 1 -3 -7 -3 -2 -2 -1 -5 -2 2 -2 1 -1 0 5 3 -1 4 -1 3 -3 1 4 -1 1 0 1 -1 5 -2 -5 0 -1 -4 -2 5 -1 0 -1 0 1 -2 4 -5 3 0 -3 1 4 4 -1 2 1 -1 6 4 0 3 0 1 2 1 3 4 2 -1 0 -4 -4 -3 2 -1 0 0 -1 -1 1 -1 -1 5 2 -2 4 -3 3 5 -2 2 -1 3 0 -2 0 -4 -1 -3 0 3 -2 1 -1 -2 2 3 -1 2 1 3 1 -2 3 3 -3 1 -2 2 5 0 3 -1 -1 0 4 -1 -2 -1 2 2 -1 0 0 0 3 3 2 3 -5 -3 -3 2 -1 2 -1 0 2 -1 4 -2 -1 0 0 0 -2 -2 3 5 0 0 2 2 3 -2 5 0 3 3 0 0 -3 1 2 0 3 1 2 -3 -3 0 3 0 2 -1 3 0 3 1 2 0 1 1 1 1 0 0 0 0 3 4 0 -1 3 3 -3 0 -1 0 0 -1 4 -2 2 -5 -1 1 0 2 0 0 -2 1 0 0 -1 -1 3 1 -4 -2 2 -1 -1 0 1 -4 -3 4 -1 6 4 1 -2 0 -2 -2 0 -2 3 -4 -3 2 1 -1 -1 0 -1 3 6 -1 0 1 0 3
0 -5 -1 2 -2 -2 3 1 -6 -2 -3 0 1 3 -2 0 -1 -2 -1 5 -1 0 5 -3 -3 4 -3 -1 0 -2 2 3 -4 2 -5 -3 2 2 2 1 2 -1 3 -1 0 1 0 1 -2 -1 3 0 -3 2 2 -3 -2 -3 0 -1 1 3 -1 -2 1 2 -5 1 -2 0 -5 -1 0 3 -6 -1 4 0 1 -2 -1 -2 0 0 0 1 1 6 -6 1 -1 -1 2 1 3 -1 3 1 1 0 2 0 -4 -1 0 -6 3 -1 -3 2 3 4 2 1 4 0 -6 -3 -4 0 1 1 2 -1 -1 0 -2 1 6 0 0 -1 -5 -1 2 -1 1 0 -3 -2 2 3 1 -4 2 2 0 -3 -2 2 0 1 0 3 4 3 1 0 3 0 4 -5 1 -2 -2 -1 2 1 -3 -6 -3 2 1 -2 1 -5 -1 7 2 -3 -3 -1 4 0 0 -2 3 -4 3 -2 1 0 3 1 1 0 -2 0 2 3 -1 0 -1 1 -1 -5 0 2 -1 -3 2 -1 -3 1 0 1 1 0 -3 -2 0 0 -2 0 -2 1 1 3 0 3 3 -1 2 0 2 -3 4 0 0 -1 0 -4 -1 1 4 2 0 0 4 -1 -1 2 0 2 2 -4 1 -1 1 5 0 0 -2 3 -3 1 -3 -5 -3 -4 -1 2 -1 -3 1 -2 -2 2 -4 2 -3 2 -5 3 -2 4 1 -1 -1 -1 0 3 1 0 -6 -2 -1 6 -2 5 2 2 -2 -3 4 2 -4 0 1 1 -3 2 1 4 -3 1 -1 5 0 -3 5 4 -4 -2 -3 1 2 3 1 -1 -2 1 -2 2 -2 -1 2 2 4 -1 4 1 3 2 -3 -3 2 -2 1 -3 1 2 -2 -5 -3 -1 2 -3 1 0 -1 -1 2 -1 2 1 -2 0 2 -5 -2 -1 -1 1 2 -1 -3 -1 2 -1 2 1 0 2 -4 -6 -4 1 -5 0 -1 0 1 -2 0 5 5 -1 5 2 -3 -3 -2 5 1 2 2 -1 0 3 -1 -1 0 0 -1 2 0 2 -1 0 -4 -2 2 0 1 2 0 2 0 0 1 -2 -1 3 -3 -2 -1 -1 -2 -2 -2 2 1 0 1 -5 3 -1 -1 4 3 -5 0 -1 4 0 -1 -1 4 2 1 3 0 1 1 1 2 -2 0 -1 -7 4 -1 2 -3 0 -1 -4 3 -2 1 -1 2 -1 0 4 4 -1 5 -2 0 0 3 4 -4 4 0 5 5 2 3 1 -2 4 1 6 0 3 -3 0 1 -6
-1 0 0 -3 2 0 0 1 -1 1 6 -2 6 1 1 0 -1 3 4 0 -1 4 3 -1 -1 2 1 1 2 -3 2 -4 2 -4 5 -2 3 -2 -1 -3 -1 2 7 -4 2 3 -1 -1 3 3 0 2 4 0 3 2 1 0 2 1 -1 4 -3 1 -2 1 -3 -1 0 1 -1 -2 0 1 -3 -2 -4 -1 -2 -3 6 1 -4 3 -1 3 1 -2 -1 -5 -1 -3 0 -1 3 2 0 -1 -1 2 -2 1 -2 -1 3 -1 -1 -1 0 -1 -1 -3 -4 -1 -4 -4 -2 -2 1 3 3 4 -1 2 -3 0 -6 2 0 0 -7 2 -3 2 4 -3 -3 -4 -6 4 1 0 -1 5 -3 -1 -5 0 1 1 -2 -2 -2 0 0 -3 1 -4 4 -3 1 3 -2 -2 1 -1 -2 2 -3 -3 -4 -2 -3 2 2 2 1 2 -2 -3 1 -1 1 -1 1 -1 0 -2 -3 -1 0 3 -2 4 -5 1 0 0 -1 3 2 -2 2 -1 -2 0 5 -2 -1 1 3 7 0 0 2 -1 2 0 2 -4 1 -4 -4 -4 3 -1 1 0 -5 -1 0 1 -1 1 2 -3 -3 -3 0 2 2 -5 0 3 1 0 3 0 -1 -3 -1 -1 -1 1 -6 0 0 -3 1 1 -3 6 1 0 -2 1 -6 4 -1 4 2 1 3 2 -2 -2 2 -1 2 1 5 3 1 5 -4 0 4 0 -2 2 2 -1 -4 0 4 2 2 0 1 1 3 3 -2 3 2 -2 3 6 5 2 -7 -2 1 -2 -3 -2 1 -1 1 1 -1 -2 5 -2 1 4 -1 2 0 0 0 -2 0 1 1 1 2 1 3 3 -1 1 -2 3 2 3 2 -1 1 2 -1 -3 4 -2 -3 2 2 1 1 1 -1 -5 3 4 0 -3 0 0 3 1 1 1 -2 0 1 0 -1 0 -1 -3 -1 -1 0 2 1 2 1 1 3 4 -1 1 -4 4 -3 1 3 3 -5 3 0 -2 -4 0 -4 2 2 4 -2 -2 4 1 0 0 0 0 2 2 -4 -2 1 0 -4 3 4 0 1 -1 -2 -5 -3 1 -2 1 7 -1 2 2 5 3 -2 2 6 0 0 4 0 -2 5 5 0 -5 -1 -2 1 4 0 -1 3 -2 -2 0 -3 2 0 -2 -1 3 -3 0 -3 3 0 1 4 1 2 0 1 1 0 -3 1 0 -3 -2 3 4 0 1 2 -3 1 -1 -2 1 -2 -3 2 -1 3 -2 1 0 -5 -6 1 -1 -3 1 1 2
0 4 1 0 1 -2 0 0 0 -1 -2 1 0 3 3 0 0 1 1 1 -4 0 2 -2 0 3 1 -2 0 1 -1 4 3 5 -3 -1 2 1 0 0 3 -2 2 -1 -2 -1 -2 3 4 2 -4 -3 -1 -2 -1 6 -1 -2 -3 -1 -2 -1 -1 -7 -2 7 2 -1 -1 -1 -1 0 3 0 1 0 2 5 0 -1 1 -2 0 1 -1 -1 -3 6 -7 4 1 3 4 2 -1 2 2 1 2 1 0 4 1 -1 1 -2 0 5 2 -2 -5 0 -2 -5 5 4 0 2 0 3 -2 -2 -2 -1 -4 0 -1 -1 -3 0 -3 -1 2 2 3 4 -4 0 -2 -5 -1 -1 -7 1 -3 0 1 0 -1 1 -2 1 2 2 -2 0 2 0 -5 3 0 0 0 -4 2 -1 3 3 1 -1 0 3 -1 3 -2 -1 0 -3 0 -1 -1 -2 -1 -1 -2 -4 -1 -1 0 -3 0 0 -3 -2 -3 -3 1 5 -3 -4 1 1 1 0 1 -2 2 3 -2 -2 0 -3 -1 -2 -5 0 1 2 -3 0 -1 0 1 2 -1 3 -3 -3 0 1 7 -2 1 -1 1 2 0 4 4 1 3 -2 -1 -6 -1 -2 0 3 -1 4 7 4 -5 1 0 1 2 -1 3 4 -1 -3 0 -4 -1 0 0 1 -2 0 1 -7 0 5 -2 -6 -1 1 -3 1 -3 1 3 -5 0 2 -2 -2 -1 -4 -1 -3 2 -1 -1 1 1 -3 -2 -3 -2 0 0 -4 2 3 1 1 -3 -1 0 1 1 2 4 -1 -3 -5 1 -1 3 -3 0 -1 -4 3 -1 1 -5 4 3 -2 -2 -1 -2 2 -2 6 2 5 2 -2 3 -1 1 1 3 4 1 4 2 0 -2 -2 -4 0 4 1 4 -1 2 5 3 -2 -3 7 4 -2 0 -2 0 -1 5 -1 -3 -5 2 0 -1 -1 -4 -2 2 -2 3 0 -3 -2 -1 -1 0 3 1 1 -1 1 0 -2 3 -2 -3 0 4 0 3 -3 1 -5 -1 -1 3 2 3 4 -2 0 1 1 0 -4 3 -4 -5 -1 -2 -2 2 1 0 -3 2 -5 -1 6 1 1 2 2 0 0 0 2 5 1 1 0 -4 -3 -1 0 0 -4 -5 0 -1 -4 3 1 2 -4 -1 -2 5 -1 1 -3 0 0 1 1 -1 1 0 1 -3 0 -5 1 -2 -1 -2 -2 4 1 2 2 1 3 7 3 -2 4 1 -3 -4 -2 0 0 2 2 0 0 1 -1 1 1 3 2 -4 -1 -2 -4
-4 0 -1 1 3 -2 -2 -1 -2 1 2 -3 3 0 0 2 1 -2 -1 2 -5 4 -2 1 -1 2 1 3 0 0 2 -3 0 -1 1 -5 -1 2 -1 1 -1 -1 0 -4 -2 -4 -3 2 1 -2 0 -2 0 0 -1 4 -1 3 0 -5 -1 -1 -5 -3 0 1 -2 2 -2 3 4 -1 0 3 2 -3 1 3 1 -5 1 5 2 -2 1 -2 3 -7 0 2 2 1 0 -3 2 6 0 2 -2 0 -1 -1 3 -3 4 4 -2 5 -1 3 -1 -4 -2 3 -2 -2 -2 -2 1 -1 -1 -1 1 0 1 3 2 4 1 0 0 2 1 2 5 -1 1 0 -2 0 -2 0 2 4 0 -3 3 -4 -2 -2 1 -1 -3 -2 0 -3 -3 -4 -2 0 1 -3 -1 -2 3 -1 -5 0 0 5 1 5 0 5 2 -2 6 -7 3 3 2 -1 0 4 4 2 1 1 5 -2 -3 -4 3 -2 -1 -4 -3 -7 -3 -2 0 0 -5 0 0 -4 -1 3 -2 1 -3 -3 3 -4 3 1 -2 1 -1 3 -2 2 0 0 1 2 -4 2 0 0 7 1 1 -1 4 0 -1 -3 2 5 1 3 1 -3 3 -4 2 1 1 -1 0 1 2 1 3 1 0 1 -1 1 1 2 4 4 3 -1 -2 1 -1 1 1 -4 0 1 1 7 5 -1 -2 0 2 0 3 1 5 1 2 2 2 1 3 -1 0 -4 1 2 -1 -1 3 0 -1 0 0 2 -1 -2 1 -1 0 6 -1 -3 -1 -4 -1 0 1 -2 -1 2 6 2 0 1 -4 0 -1 -2 4 1 -2 2 -1 -1 -3 -2 -2 -5 1 1 0 0 2 0 -1 -1 4 0 0 1 0 -1 0 -2 -5 4 0 1 -3 3 -5 -1 3 1 2 0 -1 -1 3 1 4 -2 0 1 0 -1 3 -1 2 -4 3 0 -3 1 -3 3 -2 -3 0 -2 0 -6 -3 3 -1 4 4 2 0 5 0 -4 1 1 0 -1 2 -2 1 -5 -3 2 0 -1 5 -1 1 1 -1 -1 -3 0 -5 -1 -7 -2 -1 1 -2 -2 4 4 2 0 1 -1 1 -4 -2 4 -4 1 0 -3 -4 1 -1 3 0 -2 -1 -4 -1 2 0 0 -3 -2 -4 1 -2 -2 1 -5 -4 0 0 -1 0 3 3 3 -1 1 4 3 -2 2 1 7 -2 0 2 -2 7 1 1 -1 1 -3 4 -1 0 2 -1 1 3 -3 5 -1 3 0 0 2 2 -2 3 -1 1 -4 2 -1
0 0 -5 0 3 1 4 0 0 5 2 1 -2 6 1 -2 0 1 2 2 -2 1 3 -1 0 3 -4 2 -3 2 3 3 1 -1 3 1 1 4 2 0 -4 1 3 1 -2 2 -2 3 3 -2 -4 0 1 5 -3 2 -2 -1 -1 4 -1 2 -4 -2 -1 1 0 -3 3 0 -1 0 -2 1 4 -5 2 0 -1 -2 -4 0 -2 -2 -7 -2 -2 3 -3 1 2 -2 3 3 -1 2 1 -3 -2 6 3 0 -2 -1 3 3 3 0 -5 -2 -1 3 1 -3 -4 3 -1 -2 5 -5 4 2 0 7 5 1 5 -1 -1 -1 1 -1 1 -6 -5 -1 0 -1 -1 -2 -2 -1 -2 1 0 0 2 0 -2 1 2 -2 -2 3 1 -1 2 -3 -5 0 2 -2 1 0 2 3 3 0 -2 -3 -1 -2 -2 0 -2 3 3 -4 -1 3 -1 1 1 -3 -1 -2 1 -1 0 -3 -3 0 -3 -2 2 -1 -3 4 -1 6 2 1 3 0 2 -4 2 -3 -3 0 1 -5 0 1 0 -5 5 2 0 0 2 0 0 3 1 3 1 -1 -1 3 -4 2 -3 2 -1 0 -1 -5 1 2 -5 4 -1 6 -2 -2 -3 0 -4 2 2 1 -2 0 4 -4 -1 2 -1 1 1 2 3 3 -3 -3 -1 5 -5 1 4 -1 2 3 0 -1 -1 -1 1 -3 -2 3 0 1 3 0 5 -1 2 0 -1 -3 -1 4 0 3 -1 -2 0 2 -4 -3 2 -1 -1 4 2 1 1 -1 -3 -1 2 3 1 0 1 2 -1 -2 -3 2 -1 -2 0 3 2 -2 0 1 -3 4 -1 0 -1 2 -1 1 -3 -1 -1 1 -1 3 2 -1 0 4 -2 -2 -2 -6 -2 -4 1 1 -3 3 -1 0 1 -4 2 1 -4 3 -5 1 0 -2 0 -5 -2 0 0 -5 3 1 4 -3 -4 1 -1 0 0 2 -2 1 3 -4 1 2 -1 -3 -4 -3 3 -1 5 0 -1 1 0 0 1 5 1 -1 -2 1 -1 1 7 -2 1 1 0 3 -2 1 5 3 1 1 2 -1 3 -2 0 -3 -1 -2 -7 5 0 -3 -2 -3 2 -4 0 2 0 2 4 0 0 1 -3 -2 1 -2 -1 2 3 2 2 1 1 -4 5 -3 0 -4 3 0 -1 -4 0 0 -2 0 1 4 1 0 4 5 3 -1 1 -2 2 0 -2 0 1 3 3 -2 -1 1 -2 0 2 -2 -1 -3 2 2 2 -3 1 -4 -3 0 -1 -4 1 -3 -2 5
-5 -1 -1 4 2 0 0 1 1 3 -1 0 -2 1 1 -1 2 3 2 1 -1 1 2 0 0 -1 -2 0 -1 -1 -1 0 -2 0 4 -2 2 0 2 2 1 6 5 -3 4 1 -2 2 -1 1 -1 -7 0 -2 4 3 -1 4 -4 1 4 0 -2 2 0 1 0 4 4 -1 -1 -1 0 0 -4 3 1 -1 -1 -3 -1 0 2 2 4 3 -1 -4 -4 -3 -7 1 -1 1 -7 0 3 0 3 -2 2 -2 -7 3 -3 -3 -7 -1 0 -1 1 6 -1 -2 0 0 3 2 -2 2 0 4 5 2 3 2 1 -2 0 -2 2 -1 -2 -2 -1 -1 -3 1 -1 5 -1 -5 1 0 -4 -2 1 1 -4 4 0 -2 0 -3 1 -2 -4 1 0 -5 0 5 0 -1 0 -3 0 4 -1 -1 5 0 4 2 0 4 -1 3 -2 4 -2 1 0 -2 -1 3 -5 -2 -1 0 3 -1 0 2 7 1 -3 4 -6 -2 2 0 -1 0 1 0 -3 -2 -4 0 -5 1 -1 0 -4 -1 1 3 -3 1 0 0 -4 3 -1 1 1 -1 0 1 2 3 1 -2 -2 -2 2 -1 4 0 -1 -1 -2 -5 1 2 1 -2 -2 -2 -2 0 1 3 -4 -1 1 6 -3 2 5 0 -1 2 0 4 1 4 -1 0 0 4 2 4 -2 -2 -1 -2 0 2 0 -1 2 2 -1 -2 0 1 -3 -1 -7 1 2 -1 -5 -2 0 0 -4 0 1 3 3 -3 -5 -3 -1 4 1 0 -3 4 3 4 -1 -3 1 -3 0 3 -1 -1 2 -1 4 1 4 1 -3 0 0 -2 3 -2 4 1 -1 0 3 -2 1 2 -1 2 -2 -2 -2 0 2 0 3 -1 0 1 0 -4 -5 2 0 -1 -2 1 -2 3 0 4 -1 4 2 0 -1 1 3 -2 1 -2 -2 3 -4 -1 0 -1 0 -2 1 7 -1 2 0 0 0 3 1 -3 -1 -1 0 5 3 2 1 -3 -1 -2 -3 -2 0 -3 4 2 1 3 -1 3 4 1 -1 3 -3 2 3 0 -3 -4 -4 1 0 -3 -2 -1 -1 1 3 1 4 -3 0 -3 2 -2 3 1 -2 2 3 -1 -3 -1 2 -1 -2 3 0 -1 0 -1 0 -3 -4 0 5 -1 0 2 -3 1 0 -1 -2 -1 -3 3 -3 -5 1 -2 0 -2 1 3 -2 -2 1 2 0 0 1 -1 0 -5 0 2 6 -3 0 -4 -3 3 -2 0 4 -4 0 7 3 -3 -4 0 3 3 3 2
0 3 4 -1 0 -2 4 -3 -1 -3 0 -1 -1 2 0 -1 4 -4 0 -1 4 4 2 -4 -3 1 -2 -1 -5 -3 2 4 -3 1 -1 3 3 -1 0 0 1 2 1 0 2 0 -1 -2 2 -2 1 -2 0 -1 1 -2 1 -2 -3 2 -3 1 -5 -2 3 0 3 0 -3 1 4 0 2 -1 -2 0 -4 6 -1 -1 -4 -3 3 -3 6 -2 -2 -1 -4 0 -3 -2 0 2 -3 5 -2 2 3 -1 -2 -2 1 3 -1 1 2 2 -1 0 3 -1 2 -2 -2 3 -1 -2 -2 -2 -1 0 5 -4 -2 -1 3 2 -1 4 7 1 3 0 -4 4 1 -3 -1 5 -3 -3 1 4 1 -1 -2 3 0 1 1 3 -2 4 -4 -2 -3 2 -2 4 0 0 4 3 -1 -3 -1 -1 -4 2 1 1 4 2 0 -3 0 1 -2 2 0 0 2 4 5 1 -3 3 -4 5 3 -1 -1 0 2 -1 -2 -1 3 -2 -3 -1 -4 -4 1 2 -5 -6 -2 0 -4 -1 -3 0 0 2 -4 1 -2 0 1 0 1 -6 -1 -3 -1 4 -3 4 2 -4 -2 0 3 0 -1 -1 1 -2 -3 1 -1 4 3 1 -4 1 -5 0 -3 0 -3 0 2 -2 1 -2 -2 1 2 -1 -1 -1 4 3 -2 1 -3 1 1 -1 1 -1 1 -1 -1 -1 -3 -5 -2 0 -1 -2 0 -3 3 -1 -3 0 3 -3 -2 2 -3 1 2 3 0 4 0 -4 0 -1 -3 3 2 -2 -1 -3 6 0 -2 -3 -3 2 0 -5 -5 2 -4 1 2 0 -1 -1 0 0 0 -1 -3 4 7 -2 1 -1 2 3 -1 -3 -3 -1 -2 0 1 1 1 -1 -1 -2 2 4 -2 -2 2 2 0 3 2 3 -1 -2 -1 -3 3 2 0 2 3 1 2 -1 -2 2 -2 4 1 -1 5 -2 0 1 -3 5 0 0 -4 1 0 -2 -1 0 -1 -2 -4 1 -1 1 0 2 2 0 -4 2 0 1 -2 -3 -1 -1 0 3 -1 1 3 0 -3 -2 -1 -2 -1 2 1 -2 0 1 -1 1 0 7 -1 0 -2 -2 5 1 1 -1 1 3 -6 -2 0 4 -1 2 -2 -1 3 -2 4 -4 4 1 -1 1 0 5 1 5 1 -2 -4 5 2 2 2 0 -2 4 2 -5 0 1 -6 1 -4 3 1 -2 4 1 -4 1 5 5 -1 -1 -3 -4 -1 2 -1 0 0 0 0 3 0 1 4 -4 2 1 4 6 -1 0 -1 1 1 5
2 3 0 2 4 1 3 -7 -2 0 -3 1 -2 -2 7 1 4 0 0 1 2 0 -2 0 -1 3 3 1 2 4 -1 0 -1 1 2 -1 -6 -2 -5 2 -3 -2 3 -3 3 2 0 -6 0 -3 2 2 2 1 -2 1 1 -3 0 3 2 2 6 2 1 1 2 3 1 -1 -1 1 -1 1 -1 -1 -2 1 -4 0 -4 -1 3 -2 2 -2 2 -1 1 -5 2 -3 2 -2 2 2 -5 2 -2 1 6 -3 0 1 3 -3 0 0 0 -4 -3 0 -3 2 -3 -1 -3 0 -3 5 -7 2 0 0 1 -1 -2 -1 1 -2 1 1 0 -2 -1 1 -2 -2 -2 -1 -3 2 2 -1 3 1 1 2 1 0 5 0 2 -1 -5 -3 -3 1 -3 -1 4 3 0 1 -3 -4 2 2 0 3 4 1 -1 1 -4 2 -2 0 1 -5 1 -2 2 1 1 2 -1 0 3 3 -1 1 -3 -7 -2 1 -1 -2 1 1 1 -1 -2 3 0 3 -2 1 1 -4 -2 -1 -4 1 -1 -2 -2 0 2 0 1 5 2 -4 0 2 -2 0 -3 -2 0 -4 2 2 0 0 1 -3 -3 0 2 -2 3 2 1 -1 0 -1 1 1 -2 -3 -1 -2 -2 -6 -2 -5 2 -3 -1 2 2 -2 0 -4 -2 0 -4 1 1 4 0 -2 3 0 -1 -2 0 -3 1 5 -2 -2 0 -1 0 -4 2 3 1 2 0 -3 -1 -3 1 2 -2 3 2 5 0 5 -3 0 2 1 1 -4 3 -1 -6 1 -4 4 3 2 -3 -2 -3 0 -2 3 0 3 -2 -6 1 2 -4 3 -1 -1 -4 4 3 2 3 1 1 -1 -1 0 2 2 4 -1 2 -3 -3 -1 5 2 2 4 -3 -2 -3 -3 0 -4 1 1 1 -1 1 3 0 4 3 2 -6 -1 2 -1 -1 4 -3 0 -1 -4 1 -2 -1 -3 4 -4 -1 2 0 2 -2 0 -2 1 2 -4 2 2 -1 4 1 1 -1 3 -2 2 -1 -1 2 -1 -1 2 -1 -1 -2 -2 -3 0 -2 -3 2 -1 2 -4 -1 1 3 4 3 -5 -2 -2 -3 1 1 1 -3 2 -1 2 -2 1 1 2 2 -4 -1 1 -5 4 -5 -5 0 2 -1 2 -3 -4 -2 -1 2 2 1 4 -3 -3 -2 0 -4 0 -1 -3 2 -2 2 5 7 -3 5 0 0 -1 -1 -1 -4 2 -5 2 -1 1 -2 1 -2 2 2 5 2 -4 1 2 -1 1 -6 0 1 0 -2 -1 1 -1
5 2 5 0 -2 -2 -6 -3 -1 -1 -1 -3 1 -2 -2 2 0 0 0 2 -2 1 2 -2 -5 1 -2 -5 1 -1 5 -2 2 7 -2 -4 2 4 -2 -1 2 -2 7 3 -2 3 -3 1 5 1 2 4 -3 3 1 1 1 5 0 4 0 -1 2 -1 2 1 -2 1 0 1 2 -1 -2 0 0 2 1 1 -1 -6 1 4 5 2 -4 -2 2 1 1 -1 -7 5 -1 0 -4 2 1 0 -3 -4 -3 1 0 2 4 -3 -1 1 -4 -1 4 1 -2 2 -1 1 -2 -1 2 -6 2 3 4 -2 -1 -2 -2 -3 2 -2 2 1 -1 1 2 0 0 3 -2 1 -7 -6 1 5 -1 -2 2 -1 -1 -7 -4 -3 -3 1 -3 1 -4 1 3 1 -2 -1 0 -2 2 -3 0 3 -1 -3 0 2 0 -3 -5 1 0 1 2 0 -6 3 1 1 -1 3 0 2 2 -3 -2 0 4 -1 1 3 -1 3 0 1 1 -1 -1 -2 2 -3 0 1 1 2 0 -3 -3 2 1 0 -3 0 1 1 -2 -4 1 1 2 -5 0 1 2 -6 3 1 -2 4 0 2 4 1 -2 2 0 -3 3 2 2 -2 -1 1 3 -1 1 5 -5 2 0 -2 -1 -4 0 -2 0 0 -4 1 2 -2 -3 -3 -4 -2 4 0 4 -3 -1 3 -2 1 0 -1 -1 -3 2 -4 -3 1 -4 -1 0 -2 -5 1 -1 2 -3 -5 1 -2 0 2 -1 1 -1 -4 -1 2 -1 -1 4 -3 -1 0 5 -2 5 2 2 1 -2 -3 1 5 -5 -3 5 -2 -2 -1 3 -2 3 -1 -3 3 0 0 1 2 0 -2 2 2 4 -4 1 -2 1 1 3 1 1 3 4 -6 0 1 -1 2 -4 -1 -1 1 -2 1 -4 2 -3 2 -1 2 -2 3 3 2 5 -4 1 3 1 -2 -4 2 -3 -4 4 2 -1 3 0 0 -3 2 2 1 1 4 -1 1 0 0 -1 -1 -4 -2 -2 1 1 3 -1 -1 -2 -4 -2 -1 1 2 0 1 1 1 -2 -2 -4 1 3 -2 2 2 2 -3 -2 0 -1 1 3 1 1 1 3 3 1 -1 3 -2 4 -1 0 1 -4 -2 -2 1 1 0 2 3 -4 1 3 0 2 -3 -2 -1 0 -1 3 -1 0 -2 -5 2 0 -1 -1 2 -4 0 0 3 0 -2 0 -1 4 2 1 -1 -3 -1 5 2 -4 -1 1 4 2 3 0 -1 -2 2 1 5 2 -2 -1 -3 2 0 -2 1
4 -1 2 4 3 -3 2 2 -3 3 1 4 3 -2 0 -1 0 -2 -1 -2 3 0 -1 -4 1 5 -1 3 -2 2 3 2 -2 3 0 0 0 2 -3 4 -3 2 -3 2 3 -3 0 3 -1 3 -1 -5 1 -1 -2 3 2 1 -3 -1 -1 6 3 -1 -3 -1 2 -1 2 -1 -1 -3 -4 0 -1 3 -4 -1 -2 -3 3 -3 0 2 0 -3 -6 -1 -3 2 -1 1 2 0 1 0 -1 0 4 -1 2 -2 2 -2 -1 -3 3 -6 -4 -1 -2 -2 2 0 -2 -7 5 1 3 -4 0 -1 -1 5 -1 1 1 0 -2 3 -2 1 -1 5 -1 -3 1 -2 1 -3 0 0 0 2 2 0 2 3 4 0 4 -3 2 2 0 -4 2 -3 0 -1 0 2 -1 0 -4 -3 -1 0 4 -2 0 1 2 2 -3 -2 2 -4 -1 2 -1 3 4 -2 -1 2 -2 2 0 0 1 -1 -3 -1 2 -1 0 0 -1 1 -1 4 -1 -5 -1 5 -4 -2 -1 -4 4 -4 -3 0 4 6 2 -2 -2 -1 0 -6 -4 1 1 4 3 -1 2 -1 0 0 2 0 -2 -1 -3 1 6 -4 -3 0 5 0 -1 -1 -2 -3 -2 2 -5 -4 0 -5 -2 1 0 -2 -2 1 -1 1 -3 0 -1 3 2 4 -4 -1 0 -3 3 3 2 2 -2 2 1 -4 0 0 1 2 5 2 5 0 3 3 1 3 2 1 0 -1 4 4 0 1 3 2 -1 0 0 -2 0 -1 0 0 -2 0 2 0 -2 1 0 -1 -3 -7 2 -4 -1 1 2 1 3 -1 5 4 4 -1 1 -3 0 -1 2 2 -1 0 -1 2 2 3 0 0 1 1 2 -1 -2 1 5 1 -3 4 -1 -2 1 1 -1 -2 -1 3 -1 2 1 -1 -3 -2 1 -5 5 1 0 -1 -2 1 1 -2 0 3 0 4 5 1 2 -3 1 -4 1 -1 -5 2 2 0 0 2 0 1 0 0 -1 -2 -1 -2 1 7 -2 -2 3 3 1 -2 0 0 0 -1 3 0 -1 -2 5 0 4 1 0 2 1 0 2 1 -2 -2 -3 0 3 2 2 2 -1 1 6 2 6 -2 4 0 -2 -4 3 7 2 0 3 1 -3 2 0 -3 2 5 -5 0 4 0 1 -3 -5 -1 1 0 1 2 0 -7 -3 -1 1 3 1 1 -5 -1 -5 -5 -6 0 7 2 1 1 -1 7 -1 -1 -2 0 2 1 1 1 -2 -4 2 -1 1 -2 -4 -2 -1 2
-2 -2 2 3 0 0 2 3 0 -2 1 2 0 -2 -6 1 -4 -2 -3 -1 0 2 -2 -2 -3 -2 1 0 3 -1 5 -1 6 1 -2 -3 0 3 -2 1 1 2 2 1 4 1 1 2 5 3 -1 -2 2 1 1 -5 0 -1 -1 -1 2 2 -1 -2 2 -4 3 -1 0 -2 -1 -2 -2 -3 0 4 -1 4 -5 2 3 -4 -3 1 0 1 1 1 -2 -3 2 -1 4 2 1 2 0 -1 -4 2 0 -1 -2 6 -4 5 -1 2 4 0 3 1 -3 2 7 0 5 2 2 -1 0 -1 -1 0 -3 -2 -2 -5 2 1 0 -1 -1 1 -4 2 1 -3 -6 -1 3 1 2 -1 -2 0 2 0 3 1 -1 3 3 -3 3 -5 -2 0 -5 4 -3 2 1 -5 -1 -2 2 -1 -1 1 2 1 2 1 -1 -1 1 -2 1 4 1 2 3 -6 0 0 1 -3 0 -1 0 1 -3 0 1 -6 4 0 -3 -3 -1 -3 1 3 3 1 -4 2 3 3 -3 1 -1 2 -2 -2 4 0 2 4 -4 2 -3 2 -4 0 -2 -3 3 5 1 2 0 0 -2 2 0 -1 -1 4 2 0 -2 -2 1 -1 2 -1 0 -4 -4 -1 -1 1 5 3 2 -1 0 2 -3 -2 -1 1 -6 -2 -1 0 -4 -4 -1 1 -2 -1 0 -2 0 1 -3 -1 -2 -2 2 -1 3 0 0 -1 7 3 0 -1 -1 -2 -5 2 2 0 -1 -1 -2 3 -1 1 4 2 -5 1 -5 0 0 2 -1 3 -2 -1 -4 -4 -3 4 1 4 -2 2 0 -1 1 1 -2 1 6 -1 -2 -1 -1 -4 3 4 -1 2 -2 3 2 0 -2 -4 0 -2 2 1 1 0 3 -4 2 -4 0 1 0 4 4 1 -1 2 -3 6 1 1 5 -4 2 6 -2 -2 3 -3 -2 0 1 -1 0 -4 -1 2 0 -1 -2 3 3 -3 -3 1 4 1 0 -2 -1 2 -3 0 -1 -6 -3 -1 -3 0 4 3 4 -1 -3 1 -3 3 3 1 2 -1 0 1 3 -2 -1 -2 1 -4 -2 -1 2 -7 -4 -1 -2 2 5 0 -1 -2 -4 2 -2 -1 0 1 2 3 -5 1 0 -1 4 -3 0 0 -1 -2 -1 3 3 -2 2 4 -2 1 -2 2 -1 -2 -2 0 1 7 3 1 -2 2 -1 -2 1 2 -2 0 -1 1 0 0 -3 -1 2 -3 -3 0 4 1 -1 1 0 3 2 3 0 1 0 3 -1 7 3 -1 -4 -1 -6 -4
1 0 -1 3 1 0 1 1 0 4 3 -3 -3 3 3 0 -1 1 -1 1 -3 2 0 -1 1 1 1 -1 3 -1 2 -2 1 -2 2 -4 -1 -1 0 1 -2 6 -2 3 1 -2 -2 -2 2 1 1 2 -2 -1 -4 3 2 -6 2 1 1 -3 -2 -1 3 2 4 -5 2 1 -2 -1 3 -2 -2 1 2 0 -3 1 -1 0 -1 -5 -1 -3 3 -7 0 -2 1 -2 -1 2 -1 -3 -2 3 0 -2 0 5 3 6 0 4 1 0 0 0 -7 2 -1 3 0 0 0 -1 -4 1 0 -1 4 4 1 -2 -1 0 -1 -4 -4 2 0 0 -2 0 -1 1 1 -4 2 1 1 0 2 3 -1 -2 -4 3 -3 2 2 -6 -3 -1 -3 -3 -3 -2 -4 -2 2 -2 3 -1 0 -2 -3 4 -4 2 2 4 -1 0 -5 -4 5 -2 -3 3 0 0 -1 0 0 -4 2 -2 1 -2 2 0 2 2 5 0 0 0 3 2 1 1 0 -1 -1 5 3 -3 -1 -2 -1 1 -1 2 -4 2 2 -1 -5 -4 2 5 0 0 -1 2 -1 3 -1 3 3 -2 1 -1 3 0 -7 4 -5 1 3 -5 3 -4 2 -1 1 -2 3 -2 -3 4 1 -2 -4 4 -1 -2 -3 0 0 -1 -1 -2 1 1 -1 -6 1 2 1 1 2 1 3 -3 -1 -1 -3 -3 2 4 3 -1 2 0 -2 -4 -1 -4 0 0 0 -1 0 -3 -1 2 -2 6 2 -2 -1 -3 0 -1 2 2 -5 -2 -4 -1 1 0 2 -1 -4 4 0 4 2 -5 -1 0 -7 6 0 -1 0 -5 5 1 3 2 -1 -2 2 0 -3 -3 -6 3 -1 2 1 1 3 1 0 0 5 1 1 -1 -1 3 -4 1 1 -2 -3 0 3 2 -1 -6 -1 1 1 2 5 0 -1 -3 -2 0 0 -4 3 2 6 1 0 0 2 -1 -1 0 2 2 0 3 1 -3 6 -3 1 0 3 0 3 -2 -1 4 3 -2 -1 1 -1 1 -1 0 0 2 0 -1 -2 -2 0 0 -1 2 3 1 -3 -1 1 -2 0 1 1 2 2 2 2 0 -3 -1 0 -2 7 -3 0 -1 1 -3 -2 0 1 -2 -1 0 -2 -2 0 -3 -2 0 -1 -1 -3 2 3 -1 -1 -1 -7 2 2 -2 -2 0 1 4 3 2 0 -1 1 -1 -1 -3 -1 -5 6 5 -4 -5 2 -2 0 -2 -3 1 2 -3 -4 -3 -2 1 2 1 -2 3 1 -3 -2 -3 1 2
2 -3 -2 0 0 -3 0 -2 -3 0 -2 0 -2 0 0 -3 -1 -3 0 -3 6 -3 -2 3 -4 -4 2 3 -3 -1 1 -4 3 -2 -2 0 -1 -5 -4 1 -1 -2 -3 0 0 -4 1 -2 -3 3 0 -2 1 -2 -1 -4 1 0 -3 -3 1 -2 6 -4 0 1 3 0 1 -4 0 2 -3 5 -1 0 6 0 -1 1 0 1 1 1 2 -4 3 -1 -3 1 0 -2 0 3 0 -1 0 -1 3 0 2 1 -1 -1 -3 -2 -2 -1 -5 -2 4 -3 -4 2 -4 0 1 0 1 3 -2 -3 -3 -2 -4 3 -3 -1 5 -4 -2 3 -2 0 1 2 -1 4 4 -4 6 2 -1 0 0 2 2 1 -1 -3 1 0 -1 -2 2 0 1 4 0 -4 3 -2 1 2 -2 -1 -4 -4 1 -1 4 -2 1 -6 1 -5 2 1 1 0 2 -1 -3 -2 2 3 5 -5 6 3 -1 0 -3 3 2 1 2 -1 2 0 2 -3 -1 -3 0 1 1 -1 0 -1 2 -2 1 0 -3 -1 1 2 -1 2 -1 6 4 2 0 1 -2 -1 0 4 4 1 2 -1 3 3 -1 1 1 2 -3 0 0 -2 3 -2 -3 -5 -3 -1 -3 6 2 0 3 6 -1 -3 -6 1 -5 -3 -2 -4 2 -1 0 -3 3 4 0 -1 -2 -2 -2 -1 1 2 -2 2 1 -1 0 3 -3 0 0 -1 -5 -6 -4 4 4 -3 3 1 -3 2 1 -2 5 2 -2 -3 1 4 -1 1 1 -1 2 3 -2 0 4 -6 1 3 2 0 -1 1 -1 3 -5 -3 0 2 2 4 0 2 0 1 -5 1 -2 0 1 -1 4 -1 -1 -4 -5 -1 -2 1 6 -2 5 0 -1 2 1 -3 0 -2 -1 -2 -6 -3 -1 -2 -4 1 -1 6 -2 3 0 0 1 4 1 2 4 4 2 2 0 1 -1 -3 -3 2 1 -4 -1 -1 4 -2 -2 -1 1 2 4 0 0 0 -1 -1 -3 6 -2 -1 5 -2 -1 -4 0 1 5 2 -4 -1 -1 0 0 -2 -5 1 -2 0 6 0 0 0 3 2 3 -2 -5 -1 -1 4 -1 3 -1 -2 5 3 -1 -3 1 -5 -1 5 1 0 -1 1 0 1 -1 -3 -3 4 -5 -1 1 -2 2 0 3 3 -4 -1 2 3 0 4 -3 1 0 0 0 0 1 1 -1 -1 -1 2 -1 1 -4 0 -2 1 -2 2 -3 -1 -3 3 5 -2 0 3 -2 -1 1 1 4 -1 -3 3 3 -1 -2 0
1 2 -4 -2 -3 1 2 -5 -6 0 -4 2 -6 -4 3 -1 0 0 -3 0 -1 -3 0 -2 2 1 1 -5 4 -3 0 -4 1 1 5 2 -5 1 -3 -5 2 1 1 -1 1 -2 0 1 -3 -3 -1 2 -1 1 -3 0 -4 0 5 -3 -1 -6 0 5 3 -3 -1 0 -4 2 -2 0 -2 -3 -4 2 2 -2 1 -4 -5 6 1 -3 -1 0 0 0 5 1 -3 -2 5 1 0 2 -3 -7 1 1 -1 1 0 1 -1 -2 2 0 -2 2 1 1 0 -3 -2 1 1 -1 0 0 -3 2 0 2 4 1 2 -5 2 -2 -2 5 2 1 4 2 -1 -3 -3 1 0 1 -2 -5 -3 2 1 -1 1 -2 1 0 -1 -6 -1 5 1 1 1 5 2 3 1 0 3 0 1 -3 -7 -4 0 -5 2 -1 0 -4 -3 3 -2 -5 -2 -1 -1 -1 1 1 -2 0 3 -1 3 -1 -1 1 0 6 -2 1 0 3 -2 -2 -1 2 1 0 2 -2 0 2 -4 0 0 0 0 1 1 -1 -4 -1 1 1 6 -2 0 1 5 5 3 4 0 -5 -3 -1 -2 2 0 -4 -1 -5 0 1 1 0 -2 -4 2 -2 2 0 4 0 -2 0 3 -2 2 3 -1 -3 2 -1 0 -4 -4 -2 -4 3 1 0 4 -2 2 -4 -2 5 -3 -1 -3 0 0 2 1 -2 -2 1 -3 2 -2 1 -5 1 -3 0 4 1 -1 5 2 5 -3 1 2 -3 -2 2 -2 -2 4 2 0 0 2 0 4 0 1 4 2 4 -1 0 1 -3 2 1 -1 -3 3 0 1 6 0 0 0 3 -1 0 0 1 0 1 2 -2 0 0 -2 1 -1 -4 -2 1 -3 0 1 4 1 -4 2 -3 0 0 -2 -2 -2 -1 1 1 -2 0 -2 0 1 2 2 0 4 -1 -1 2 3 -2 2 -1 -3 0 1 -2 -5 5 -1 0 1 2 0 1 3 2 0 1 -1 2 -3 2 -2 3 2 1 2 2 3 -2 -1 -2 1 1 0 -3 4 5 -1 2 1 1 1 -4 -3 -1 -1 0 -1 -1 -1 -2 -2 0 -3 -2 -1 3 3 -5 -3 1 4 -2 4 -1 2 2 -1 2 7 1 3 -1 0 1 1 2 0 1 -5 3 -4 -1 2 2 1 0 -1 2 -5 -1 -2 3 1 0 4 2 -2 1 -4 -2 -3 0 4 7 -3 -1 2 0 -4 3 1 -2 -4 0 -4 0 2 4 4 1 -3 2 4 3 0 -3 2 -1
0 -2 1 2 3 1 2 0 -3 -6 0 -1 -2 -1 0 0 -1 4 0 -3 -2 -1 5 1 0 0 1 3 3 1 0 2 1 2 -3 0 -1 -2 -3 -3 -1 -3 -1 0 -1 -2 3 -3 0 0 0 2 -3 2 2 -1 2 -3 1 1 0 0 2 4 -1 -2 2 1 5 -1 -3 -4 -2 3 -2 4 0 0 1 -1 2 -2 4 -3 -4 0 3 5 2 -7 0 0 -5 1 -3 1 -3 -1 -2 5 2 0 -1 0 1 -1 0 2 -1 2 -2 4 2 0 0 1 1 -1 -2 0 1 -1 2 -3 7 6 1 0 -2 -1 1 5 7 0 -3 -1 -1 -1 -2 -2 0 0 1 1 0 0 1 -2 -1 2 -6 -4 -1 1 1 -1 -1 0 3 -3 0 3 3 1 -1 -3 5 1 -1 -1 -1 0 -1 -2 0 1 -1 -1 -1 -1 -1 -6 2 1 -1 -1 2 -2 -4 -1 0 -1 3 -4 -1 0 -1 -3 -1 5 2 0 -2 -2 2 0 -1 2 -6 1 -2 -2 0 6 0 0 -2 6 1 0 -1 -2 -2 -2 0 -2 -1 1 -5 0 -5 -4 -4 -1 0 1 -2 -1 2 3 -1 -3 0 4 0 -6 -2 2 -3 -4 0 -3 0 -1 -1 3 -1 3 1 1 0 3 3 -2 5 -2 -1 0 0 -2 3 0 -3 2 0 -4 -3 2 -1 -1 -4 2 -1 -1 2 -1 3 -1 1 0 1 1 2 -1 3 -1 2 1 1 -2 2 -4 5 5 3 1 2 3 1 3 -1 2 3 2 2 -3 2 4 -6 -3 -1 3 2 -4 -1 3 -3 1 -3 1 -1 1 -4 0 2 2 -1 -3 -1 -2 -3 -1 -2 0 2 1 0 -1 1 2 -5 -2 -2 -6 -2 1 0 -3 -1 -3 2 1 -3 -4 -3 -1 3 0 -5 0 -2 -1 0 2 1 -3 5 -2 6 0 -1 -7 0 -2 -3 -3 -1 1 4 -2 -2 3 4 7 0 2 -1 -3 2 -7 -2 3 4 0 2 -2 -3 5 -2 5 -4 -1 4 0 1 -4 -1 -1 0 3 2 -1 -3 3 0 -2 -2 2 -1 3 3 -1 2 -2 -4 -2 2 1 1 3 -4 0 2 3 2 0 4 -3 2 1 1 -3 -1 -3 3 1 0 1 2 0 -4 1 -3 0 -5 -4 5 -2 5 1 -7 -1 3 2 -2 2 -2 -2 1 1 -4 0 5 0 -1 5 -1 0 1 0 -1 2 1 -4 2 3 -3 -1 1 5 -5 3 1 3 2 1 -2 1 3 -2 0 3
-1 -3 -2 4 -2 1 1 -2 -6 1 -1 -6 1 -1 -1 -7 -1 -1 1 4 1 4 -2 -3 -1 -6 1 2 2 -4 -6 3 -2 0 -1 2 -1 -3 -1 2 -1 7 2 2 -3 -3 2 0 1 -2 0 4 -2 2 -1 0 1 1 -2 0 1 2 2 2 3 1 -4 0 3 1 0 1 -1 1 -2 1 -1 2 -2 1 0 0 -4 2 0 -2 -1 1 -2 -3 0 -3 1 1 1 3 -1 -3 -1 3 3 0 5 0 2 -1 -1 -5 3 -4 1 0 0 1 5 1 3 1 5 2 -2 0 -1 -3 3 2 2 0 -2 0 6 0 -3 -3 1 0 0 -1 -3 4 -3 2 1 0 1 4 -1 4 -1 0 1 -1 -1 -1 2 -4 1 2 7 0 -5 -2 1 3 1 0 3 -2 1 1 3 3 6 -3 -1 -2 -2 4 6 -4 -1 1 2 1 2 -2 -3 -2 0 -2 5 3 -1 0 -2 1 -3 -5 -3 -2 -2 0 0 0 -2 2 2 3 1 -4 0 3 -3 -1 2 4 -3 1 1 -1 3 0 -1 -1 -4 2 4 6 1 -1 2 3 -3 0 0 0 -1 2 4 3 5 -3 3 -7 1 0 -4 2 5 2 0 0 -1 0 -1 -1 -1 2 -1 -2 4 1 -6 2 -3 -1 -1 -2 0 -4 -3 -1 -3 -1 -2 -6 -1 3 0 1 4 -1 4 -1 1 3 1 -4 -1 1 -1 0 0 2 0 -2 -2 3 -1 -2 5 1 5 4 -4 2 -2 3 0 3 -2 0 1 1 3 -4 -7 0 0 3 -1 0 1 -1 0 1 -1 0 3 2 3 3 2 1 -2 0 -2 -1 0 3 -3 -3 -1 0 -1 4 0 -1 1 -2 -5 -2 0 -1 -1 -1 1 2 -2 3 3 2 3 -2 -1 -3 0 3 -6 3 2 0 0 0 1 3 1 -1 4 -1 -1 0 0 1 -2 0 1 -2 0 0 1 -4 -2 -1 -3 -2 0 -4 0 2 -2 -4 -3 -4 -1 2 -4 -2 -3 -3 -4 -3 -1 -3 -3 -1 0 -2 2 2 2 -3 1 -1 2 2 -3 3 -2 -1 5 2 0 1 -1 0 0 -2 0 1 0 0 -2 -1 0 -1 -1 -3 -3 -2 0 2 6 -2 -2 0 -2 3 5 -3 -1 -3 -5 -4 2 4 3 5 0 0 -4 2 -1 2 1 -1 0 0 3 4 -3 1 2 2 0 3 3 1 -5 -7 -2 -5 -1 0 -1 1 3 -2 1 1 -5 1 3 3 0 2 -2 -2 0 -3 -2 0
-1 -1 0 -1 -5 -1 1 -1 -1 -2 0 -1 4 0 -2 -2 0 -1 -4 0 0 -3 -3 -1 1 -3 0 2 3 0 3 0 2 2 -1 -2 -1 1 1 -4 2 1 -1 -1 3 -1 2 1 -1 -4 -1 -1 3 1 0 -3 3 0 2 1 -1 4 4 1 -3 -4 0 4 -1 0 0 0 0 2 0 0 -1 0 -1 -3 -2 0 2 -4 -1 -2 -6 7 2 0 1 0 0 1 -3 2 2 -1 -2 4 -3 5 3 -4 -3 4 4 2 0 2 2 -2 -3 -3 2 3 -4 1 1 0 -3 -4 0 3 -5 -1 -2 4 -5 2 4 -2 -6 0 1 2 -4 2 6 2 -1 0 -4 -4 -2 -1 5 -1 4 0 -2 0 6 0 2 -5 4 4 -2 6 2 1 0 -1 0 1 -1 -3 0 -2 -2 0 -1 0 0 0 -2 0 2 -1 2 -3 -1 -5 -3 3 3 2 4 0 -4 -1 -2 6 0 -1 1 1 -1 0 2 0 -1 2 -3 0 2 2 -1 4 -4 -2 2 0 2 4 2 4 3 -4 4 -4 -3 5 -1 -3 -4 -4 1 -6 0 -3 -6 3 0 -1 -4 0 2 0 1 2 2 3 -1 3 2 2 -2 -2 -3 1 4 -3 4 0 -4 -2 1 2 -3 -1 0 -5 1 0 -3 -3 0 -5 -2 1 -2 2 -1 -4 0 0 1 -2 6 1 3 -6 3 0 -2 2 3 1 0 1 0 -1 1 2 0 -2 0 -3 0 0 2 2 3 -2 0 6 -2 2 3 -1 0 1 -1 -5 -1 1 -2 4 -3 0 5 -3 3 4 -1 2 1 1 1 -1 -3 2 0 3 2 -4 1 7 -1 1 2 -2 0 -3 2 1 0 1 1 3 2 1 3 4 -1 -3 1 0 4 -1 -2 1 -2 3 -2 -2 2 0 0 0 -3 3 3 2 1 1 -1 2 -2 -1 -2 -3 0 1 0 4 3 -2 -2 4 1 -1 -6 -2 1 1 -1 3 -1 -3 -6 1 -4 -2 0 3 6 -6 -3 -1 1 3 2 -2 -2 -2 -4 1 2 3 1 -2 -4 1 2 -2 -4 1 0 2 1 -2 2 2 -1 1 1 3 1 0 0 -1 2 -1 3 4 -2 2 0 -1 3 1 -2 -2 1 0 3 -2 -1 -1 1 3 -2 -1 1 1 -5 3 3 6 2 2 3 2 -5 0 -2 2 2 -1 3 5 1 -3 3 -5 1 2 -4 -1 -4 0 -2 -1 -4 0 1 0 1 1 1 1 4 -2 3 2 1 3 -3 -2
2 3 -1 -2 0 2 2 -2 -2 -2 1 -5 1 -1 -1 -1 2 0 2 3 2 -1 1 -4 -2 3 0 -5 0 -2 5 2 -3 3 0 -5 1 -3 2 2 0 0 -1 -3 1 1 1 1 -3 5 2 -4 -2 2 5 -1 -3 0 -4 -1 -2 4 -6 3 2 -4 -4 -1 -3 4 -1 2 3 1 1 3 0 0 -3 -2 -1 0 2 5 -1 1 -3 -1 0 4 4 -2 -1 -1 -3 1 2 -1 3 4 5 1 0 -1 2 2 2 3 -4 3 -2 -1 1 -2 0 1 -1 0 -2 4 -2 -1 5 4 -3 -1 -1 1 1 4 5 1 1 -1 2 -5 -4 -1 0 0 -3 -2 -2 3 -3 2 1 0 1 4 4 -1 -3 0 -1 2 -3 -2 2 1 -4 -1 -2 -1 5 2 -1 1 -4 -2 -2 -1 2 0 2 1 2 -3 -1 2 2 2 1 -3 3 3 3 0 0 -1 -1 -2 -1 1 -4 0 3 2 0 2 0 2 0 1 -1 -2 1 -3 -1 0 4 -2 2 2 0 -5 2 0 0 -4 4 3 3 3 -3 0 -1 -7 1 0 2 -3 1 -2 0 -1 -1 -4 4 -3 1 -5 -1 -2 -3 -1 4 -1 3 0 2 -5 4 -1 1 -1 0 0 -1 1 -4 -2 0 -2 -2 4 1 1 4 -5 -1 1 -6 1 0 -3 3 6 -2 0 5 -1 -1 3 0 -2 -4 0 -1 -2 -2 4 -2 0 -4 3 1 0 -3 -1 -3 3 -4 -1 5 -3 2 1 1 0 4 -1 -2 2 2 1 -1 -3 0 3 3 0 3 -1 3 -1 -2 1 1 0 4 4 4 5 1 1 0 -3 -1 2 -1 3 -6 -2 -4 -3 -2 -2 1 3 1 3 3 6 1 0 1 -2 -1 0 -2 3 -1 1 7 3 -1 3 2 2 0 -1 1 0 -2 -2 -1 -1 -3 0 3 -2 2 -5 2 6 0 0 -1 -2 3 0 2 -1 0 2 1 0 2 0 -2 1 2 3 -4 -4 3 1 -3 -2 -1 -1 2 -7 -2 -2 -3 1 -3 6 3 2 4 0 1 2 0 -1 -4 -4 0 -5 0 4 -1 3 1 0 2 0 2 -2 -3 0 -3 0 1 3 2 4 1 -1 3 -2 1 0 0 -3 3 4 0 -4 1 4 1 2 1 -1 1 1 -3 0 -1 3 -1 -3 2 -5 -3 5 0 2 -3 0 -2 -2 1 3 -2 1 -3 1 -4 -4 -2 1 1 1 5 0 4 -3 4 -2 0 -2 -1 4 0 4 -4 -2
-4 4 -4 1 -3 0 1 0 -2 1 3 0 -6 1 1 6 -1 -3 2 2 3 2 -1 2 -2 0 -1 -4 -1 0 2 1 -2 1 -1 -1 4 -4 1 -1 2 -1 1 -1 0 5 0 -5 -1 -3 5 -1 -2 -2 -3 3 -1 0 -2 1 2 3 3 2 2 -4 1 -2 6 3 -1 4 0 1 2 2 -6 -2 -3 -1 -2 -2 -1 -3 4 -1 -1 -1 -3 -4 -1 -1 -1 -2 -5 0 2 -1 2 4 1 2 -2 3 2 -2 2 -1 0 -2 -1 -1 3 -1 -1 -1 -1 2 -1 1 3 -1 1 -2 0 1 -1 0 3 -2 5 1 1 0 -5 3 -5 0 2 1 1 -2 -1 2 0 1 -4 2 3 1 0 -1 -2 -3 0 -1 -1 1 -3 0 3 -1 1 0 5 2 0 4 -4 3 2 -7 -2 -4 4 -2 2 -1 -2 1 0 2 -2 0 3 6 1 1 -1 4 -3 0 -1 3 3 1 6 0 2 4 -5 0 2 -3 -2 1 3 5 -3 3 1 -4 2 -1 0 0 2 4 0 -1 -4 4 3 1 -1 3 -4 -1 -2 -2 -1 -1 2 -2 0 4 0 0 -2 -1 2 -1 4 -3 4 2 -4 2 -3 -3 -3 -4 1 1 -2 -2 2 -4 -3 -2 0 1 6 -1 1 2 -6 -2 0 2 -1 5 0 5 0 1 -2 -4 -3 0 -2 -2 4 -2 1 3 -2 2 0 1 5 -1 -6 -4 2 -2 0 -3 1 -2 -2 1 0 -1 3 1 -2 0 -1 0 0 3 -5 1 -5 -4 -1 1 -2 2 0 -1 1 1 0 3 1 3 2 -2 3 -3 0 -4 4 0 -1 -1 -4 2 1 -2 2 -3 -2 -2 0 -1 0 -2 0 1 5 0 1 5 0 6 2 2 1 1 -5 -1 -1 -6 1 -1 1 0 2 -3 -6 4 0 1 1 2 2 -4 3 2 -2 1 -1 0 3 1 0 3 -1 1 -2 0 -2 -4 -1 -1 2 -1 1 1 -3 3 -3 3 -3 0 -4 -1 -3 1 2 -2 0 0 1 2 -1 -2 4 2 -2 -3 2 0 -6 -1 3 -2 -4 5 2 1 -3 -2 0 -3 3 -3 -3 0 4 1 -2 3 2 2 -1 -1 0 -2 -5 -1 0 2 -1 -1 2 -4 0 -1 1 -2 2 2 2 1 0 3 1 -5 0 -4 7 5 -1 3 1 -3 -1 0 -4 -4 0 -3 1 1 1 -1 0 3 0 -3 -1 -4 0 0 -1 4 3 2 5 -1 -4 2 -2 0 0 -1 -5 -1
-1 0 -2 -3 -1 -3 0 -1 -3 2 -2 4 -3 -2 -3 2 0 -2 0 2 0 1 3 2 -1 -1 1 -2 2 0 4 5 0 -3 -1 -4 -2 -1 0 -1 -1 -2 -1 -1 1 -4 0 0 3 1 3 1 3 0 -4 -2 -4 3 5 1 2 2 5 1 1 3 0 -2 -2 -3 2 0 -2 -1 4 2 -1 -5 3 -1 1 2 4 0 -1 0 -5 1 1 -1 -1 4 -3 0 -2 0 0 0 0 -2 1 6 0 -3 -1 -3 -2 3 -1 -1 2 2 -4 1 -1 -1 -6 -1 -1 6 0 0 -5 1 0 0 1 5 -1 -2 -1 3 -2 -1 -1 -3 -4 -3 0 -1 0 2 1 -2 -2 4 1 0 -2 4 -4 -3 -1 6 1 -1 -5 2 -1 4 3 -4 2 1 2 0 -2 -4 2 3 0 0 0 3 2 0 2 3 -1 -1 3 2 -4 2 2 1 2 4 2 -1 -2 1 -2 -2 0 -1 5 -1 -2 4 -1 0 1 1 1 2 1 3 4 -4 1 5 1 -3 -3 2 0 0 1 1 0 0 -2 -3 -3 1 -2 -3 -1 3 0 1 1 2 0 7 -2 -2 -1 2 2 3 1 2 1 -5 -1 3 3 3 2 1 0 0 -4 -1 -6 0 -1 -1 1 3 2 2 -2 0 -2 2 2 -2 1 -3 -1 0 2 2 -1 -1 4 -3 1 2 0 3 -2 -4 5 -3 -4 -2 -2 2 3 1 -2 0 -1 7 0 -1 -3 -3 4 3 -2 -3 -1 -1 0 2 -6 1 3 3 2 3 -2 0 2 -7 3 0 -4 -1 4 1 6 4 2 -1 0 2 1 3 -4 0 -1 -1 2 -2 1 2 1 -1 2 4 -1 -2 3 2 -5 2 2 0 4 1 0 2 4 -2 1 -1 0 -3 -1 1 -4 2 2 1 7 0 -2 -4 1 -1 -3 0 3 1 0 2 3 0 -3 0 1 -2 3 0 0 4 7 3 -1 3 1 1 0 3 -6 3 4 1 1 2 3 1 -1 1 -3 -3 -2 -2 -2 5 0 0 3 4 -5 0 1 -3 -2 -2 1 1 2 0 -2 -5 1 5 1 -3 2 0 0 5 3 -2 3 2 2 4 -2 -4 -1 -1 -3 -3 0 -1 -2 0 -6 -1 -2 -1 1 -1 -3 0 -1 2 3 1 2 2 1 3 -5 -2 -1 -1 4 2 -3 0 1 -3 0 -1 3 0 2 1 0 0 -1 -1 3 4 -1 -2 -5 -1 -1 2 -2 0 -3 -1 -4 3 1 -1 1 -1 -3 -6
-4 5 -3 1 -2 -4 0 -3 -1 -1 1 0 2 -3 -4 0 -6 -1 1 -2 -2 2 6 -2 0 1 -3 0 1 -2 3 -3 1 3 -2 -1 0 4 0 1 4 1 -1 2 3 0 -2 -5 -1 3 -2 -3 0 -3 -1 -5 1 -2 1 -1 -2 4 2 -5 3 -5 0 2 -1 -1 3 4 1 0 -3 -1 2 -1 4 -1 -2 -1 1 -1 3 0 2 1 2 3 -2 3 -2 -1 2 1 -1 -2 -1 -2 1 -2 -1 -1 1 3 6 -2 3 -1 1 -2 2 -1 -1 2 -2 4 -2 2 0 -3 6 2 4 1 -2 2 1 1 1 -5 -2 3 2 1 1 1 2 -3 -3 -1 1 -2 1 3 0 -1 0 1 2 4 -1 -1 3 -5 5 -2 -2 1 -2 -3 -2 3 1 -7 0 0 -3 -3 -1 3 0 -1 -2 -1 0 -1 0 -1 1 -5 0 -5 0 1 0 3 -1 -3 2 -3 -6 3 2 2 0 -1 -1 -1 -2 -1 0 1 0 -1 3 1 1 1 0 -2 2 -2 0 -1 -3 3 -1 -6 2 -2 0 -1 1 1 -1 0 0 0 0 -3 -2 0 -1 0 1 -2 1 -1 4 -3 -3 0 -4 2 3 -4 2 2 -1 0 4 -4 1 0 -7 -2 1 -1 0 0 5 4 3 -1 1 -5 -1 -2 3 -5 2 4 3 -2 2 -3 1 -5 -1 0 0 1 -1 3 0 2 1 1 -6 0 2 -2 0 2 4 -1 3 2 0 -3 5 -3 4 -4 -2 3 -1 1 0 -1 2 3 -3 0 2 2 -1 2 1 3 3 1 1 2 -1 -4 1 2 4 4 -2 3 -1 -3 4 -3 2 -4 -4 1 -2 -1 -1 -3 0 -5 -3 2 -5 -1 3 2 -4 0 3 1 6 -1 1 -1 -2 4 3 -2 -3 -1 5 -1 2 1 3 1 6 4 6 6 0 -3 -3 1 0 -3 -1 0 -2 4 1 -3 -2 -1 3 -3 0 3 -1 0 3 3 1 -2 -2 -1 -2 1 2 -3 2 1 2 1 1 1 3 1 3 2 -2 -1 2 -2 0 -4 2 1 4 -2 1 5 2 0 0 1 -3 -3 -1 -1 -3 3 -2 -3 -2 1 1 -3 4 3 -2 1 -3 1 0 2 -3 -4 1 3 -4 1 0 1 3 -3 -1 0 3 -2 3 -1 0 2 -3 -2 -4 0 5 0 -3 5 -1 -4 1 3 1 -3 6 0 3 -1 -2 3 0 2 -1 3 3 3 1 -3 3 0 -1 5 2 -1 1 4 -3 2 3 3
3 3 -1 0 1 -3 -1 0 -1 3 1 -3 3 4 2 -3 5 6 2 -2 1 5 1 -2 3 0 2 -2 2 3 1 0 -1 4 -1 1 1 2 -1 1 1 -5 4 2 -3 1 2 6 -1 2 0 2 3 -3 -3 -1 5 -3 -2 4 -2 -1 -4 0 -2 0 0 0 2 -1 2 -3 0 -1 2 -2 0 1 0 -1 2 -4 -2 -2 3 -1 -1 -5 1 4 -3 5 -1 0 3 -2 0 4 -2 -2 1 -2 -3 -2 0 1 -1 -1 5 0 -4 -1 -2 3 -3 -2 4 3 -3 1 0 -1 2 -1 0 -1 0 2 -1 5 0 -3 2 -4 -1 -2 5 -1 2 0 3 1 0 2 2 3 1 3 -3 3 2 2 -2 -3 0 2 5 -1 -6 6 -2 -1 2 1 -1 1 0 -7 2 3 4 1 -4 -3 -3 0 -3 -4 0 -1 2 -2 4 0 -2 -1 -2 0 0 2 -1 -3 1 5 -3 -3 -1 -1 3 -4 -5 1 1 -3 2 -3 -3 -5 5 1 -1 -1 0 -4 0 -1 0 -1 4 0 1 -2 1 2 7 -1 2 -3 -1 1 -4 6 3 0 3 1 -3 -3 2 -3 -2 1 -1 0 1 1 -1 -1 4 3 -1 4 -3 -3 1 4 0 -3 -2 1 3 -1 -1 -2 -2 -1 3 4 2 -2 -2 -2 -1 2 0 -1 2 0 -2 -2 2 -1 1 4 1 7 0 3 0 -1 0 1 1 -4 1 -2 0 -2 -1 0 -2 -3 -2 -2 -2 0 1 -2 0 -2 3 0 0 2 -3 3 1 -2 1 -1 0 1 3 0 -1 -1 2 3 -2 -3 0 -1 2 -2 2 1 -4 1 -1 -6 1 -4 3 -1 -1 2 7 4 -1 -1 -1 -1 1 7 1 -1 2 1 -4 0 0 -2 1 -2 -1 -1 3 3 1 0 6 -2 -1 -4 -2 -3 -2 0 -3 -4 -1 2 -2 1 2 2 -2 -3 2 -5 0 -1 1 1 0 -3 -1 1 -1 -6 3 -1 -4 1 1 -3 2 1 1 3 0 5 -3 -4 0 -1 -5 2 -2 -2 2 0 -1 2 3 -1 1 -3 -5 2 1 -1 2 -2 4 3 -4 2 4 3 4 3 1 -4 -5 1 1 2 -2 -3 6 5 -3 -2 3 -2 1 1 0 1 2 0 -3 -1 0 1 -4 -2 1 0 0 0 -5 0 1 -2 -4 1 -1 2 3 2 -1 2 -1 -2 1 -2 0 1 2 3 1 -3 -1 -1 -3 -1 1 -2 3 -2 0 -2 4 3 4 1 1 2 0 0
2 1 -2 4 -1 -2 1 -4 -1 2 0 2 0 3 1 0 1 1 -4 3 -4 -1 -5 2 -3 1 -1 3 -1 0 7 -4 1 -1 2 0 0 6 0 1 -2 -3 0 3 -1 1 -4 4 -4 -3 2 -2 1 -2 1 -4 0 -3 1 1 -3 0 3 1 3 -2 1 1 3 2 2 2 0 2 1 1 3 0 1 -3 -4 2 -1 -2 0 3 -3 2 -1 2 -5 0 2 0 1 7 2 0 -2 3 4 1 0 1 0 -2 2 -1 -2 -1 -2 2 4 -4 -6 -4 -1 0 4 -4 -3 1 1 1 1 3 4 3 -2 -2 6 -1 -2 -1 -1 -1 1 -3 3 -4 -1 0 0 0 -1 -2 0 -3 -2 1 2 -1 -1 1 2 -3 -1 5 -6 -1 1 -3 0 -2 1 -1 -3 4 2 2 1 -3 -4 6 -2 3 1 -2 1 3 2 -3 3 1 -5 3 1 -2 0 -3 -2 0 -1 2 1 0 4 -1 5 0 3 -2 -3 -4 0 5 3 3 1 -1 3 1 -3 -4 -1 2 0 1 -4 0 0 -1 -1 1 -1 0 -2 3 -1 -5 2 4 -1 0 2 2 -3 -2 1 1 4 -2 6 0 -1 -3 -5 -4 0 -3 -1 -3 -3 0 3 0 -1 2 -2 2 -2 3 2 -2 1 0 -4 4 2 0 2 2 2 1 -3 -4 1 2 2 -1 0 0 3 2 1 -1 2 4 4 3 4 0 1 0 2 0 3 -2 0 6 2 0 0 -1 0 -1 -4 3 -2 -4 -3 0 -3 3 -4 -1 0 0 -5 -2 -2 -5 1 0 -4 2 3 1 0 -4 -1 -2 4 3 3 1 0 0 -2 -1 -4 1 0 -1 2 5 5 1 3 -3 0 0 0 1 0 -6 4 -2 -2 -3 -4 0 2 5 -1 1 -5 -4 0 1 -2 -6 -5 7 -2 -1 -1 1 -1 -6 0 -4 -2 -3 4 2 1 0 -1 0 -2 -3 -1 -1 -3 0 0 1 -7 1 -1 -1 0 3 1 -1 0 -1 0 -1 -3 1 1 0 -1 1 0 1 -4 0 5 1 1 2 -1 2 -3 1 -5 -2 -1 0 3 2 -1 -4 -3 0 4 2 0 2 -1 1 -6 2 1 2 -2 -1 -4 1 -2 2 -3 -2 3 1 3 2 0 0 -1 -1 -4 2 5 -3 -3 3 4 -3 0 0 1 -2 4 1 0 3 -1 -1 0 -5 2 -4 0 -3 -2 -1 -2 1 0 3 1 1 1 2 0 0 -4 0 2 -1 0 -3 1 -2 4 -2 -6 4
-1 0 3 7 -4 -1 0 4 -1 2 2 -3 3 -3 -2 -2 2 -2 -2 -3 -2 3 0 -2 0 -2 0 0 0 4 2 -4 0 2 1 -4 0 2 3 2 1 3 -1 4 -6 -1 3 0 2 1 3 -5 -1 -2 1 4 1 3 1 -5 4 -1 -3 -1 2 -3 -1 0 0 1 0 2 0 4 -1 -3 0 0 2 5 2 -6 0 -3 2 -2 1 -2 -3 4 2 1 4 -3 0 -2 -3 -1 1 3 -2 -2 -1 1 -3 1 -2 -1 -1 2 -1 0 -5 2 3 0 2 1 -3 -4 2 -1 0 5 2 2 0 -4 0 -3 -1 -2 -3 2 -3 0 1 -2 0 -3 0 0 1 0 1 1 3 -5 1 -2 5 -3 -3 0 4 2 -3 -1 0 -4 2 0 -5 2 4 -1 0 -6 -2 -1 -1 1 2 1 4 0 1 -3 0 1 -2 -4 -3 0 5 1 3 -1 -3 -1 2 3 2 0 -5 -3 0 0 2 -3 5 -2 4 3 -5 1 -1 0 -1 2 4 3 3 0 -1 1 -2 -5 -3 -2 3 -1 -1 1 4 0 -4 0 0 -2 -3 3 -1 1 3 -2 -3 -2 -2 -1 1 -4 -1 0 2 -2 3 -1 -1 -1 -2 4 1 1 6 3 1 2 3 2 2 -1 1 7 1 5 0 -4 -1 0 -1 0 3 3 4 -4 -3 1 0 -2 3 1 2 1 -3 -2 0 -6 -1 -4 -2 -2 1 2 1 1 1 1 2 -3 2 1 3 4 -3 -3 -2 1 -4 2 -1 4 1 1 -1 2 -1 2 4 -1 1 -7 5 5 2 -1 -1 0 -5 -2 -1 -3 3 -1 0 4 1 -2 -6 -2 -1 -1 -7 0 5 2 3 -3 -3 2 1 2 -1 -1 -6 -2 2 -3 3 -1 -1 -3 3 3 -3 0 1 3 1 -1 4 -2 -4 -1 -1 -1 -2 4 1 4 -3 1 -1 1 -5 -1 -1 1 -4 -2 2 0 1 -1 -4 -2 0 0 -3 0 -2 2 1 -1 -6 -2 -1 2 0 -1 2 5 5 0 2 4 0 0 -3 -4 5 5 3 -4 -3 1 1 3 -3 0 -2 -1 -2 -1 -1 -2 1 -2 1 -2 -1 -1 0 4 5 -2 -1 -2 -1 1 2 0 -1 -2 -1 -1 -4 -2 0 1 3 2 2 0 -1 2 0 1 0 -1 0 -3 0 -2 -2 -2 2 -4 -2 -2 -4 -2 0 1 2 1 0 2 2 -3 -2 1 -1 1 2 2 -1 -2 5 -1 -1 1 0 -3 2 1 -4 2 -1 -2 -2 -2
0 1 1 2 -1 3 -2 2 0 -1 1 0 -1 0 0 -3 -3 -1 4 2 6 -2 4 0 1 -3 2 5 -3 0 0 1 2 -1 4 0 -2 2 -1 1 -5 -2 0 -2 1 -2 -6 0 3 5 -1 0 1 2 -4 -1 3 -5 0 0 5 1 -2 0 0 -4 4 3 4 2 -2 -4 0 -2 0 0 1 6 -2 0 -4 -2 -1 1 3 0 1 -2 0 1 1 -1 0 2 -3 -1 2 2 7 -5 3 -1 1 -1 -4 2 -3 2 3 0 3 1 0 -6 -3 4 3 -2 6 0 1 2 0 1 -5 -2 3 -2 5 -1 -1 -5 3 1 0 5 3 1 -2 -1 1 -1 -1 5 4 0 -2 3 2 -4 -2 4 2 1 4 -5 1 1 0 2 -1 -1 4 0 2 -3 2 4 0 2 3 -1 1 -3 -1 -1 0 0 3 -3 -1 -3 2 4 -1 1 -6 1 0 -2 3 0 -1 -3 1 0 0 1 -4 -2 -3 1 1 0 4 -1 0 -2 3 0 0 -1 -3 1 -5 0 1 4 0 -3 -2 2 1 -2 0 2 -2 2 0 2 -3 -2 5 1 3 3 -3 -2 1 -1 -4 0 -2 1 5 6 2 3 -2 -1 -1 3 -1 2 0 -2 3 -4 1 5 1 -4 -1 2 0 0 4 3 0 -2 -3 -1 1 4 -1 -5 -1 1 0 3 -4 -1 1 -2 4 2 0 -1 5 3 4 -4 -3 3 -2 1 3 1 2 4 4 -4 4 0 -1 -1 0 -3 1 -5 0 2 -3 -2 0 -4 -3 -1 3 -4 -3 -2 0 1 -2 -4 -5 -3 -1 2 1 -2 -2 0 -1 -3 -2 5 -1 2 -1 -1 5 -3 3 5 0 3 -2 0 0 -1 -1 2 -3 0 6 -2 1 0 2 0 -3 -3 -1 -1 5 -1 1 3 -1 -1 1 -2 -3 -1 5 0 -1 -1 0 -3 -3 1 3 -3 4 -2 4 -2 0 -4 -1 0 2 -1 0 -1 1 0 -3 2 1 6 2 -1 1 -3 -1 -2 1 4 -3 1 6 0 2 2 3 -4 3 0 -1 0 0 0 -4 3 4 3 2 -2 -1 -3 1 0 -2 -2 -2 2 -3 -3 -6 -2 2 3 0 -1 -3 1 0 0 1 0 -4 0 -1 1 3 0 3 3 2 -2 -1 -1 0 -4 -1 5 1 -1 -4 1 -5 2 -1 -3 2 -3 2 -1 -1 -1 3 0 -5 1 1 2 2 2 -4 -1 0 0 0 -4 -2 3 1 2 -3 -2 0 0 3 2 0 -2 -1 2
1 5 0 -4 0 -1 -1 2 -1 2 -2 -4 2 6 -2 0 -5 6 0 -1 -1 4 -2 0 2 1 0 1 -1 0 0 6 0 -3 -5 2 -2 0 1 2 0 0 0 -1 1 -1 0 -1 1 -1 0 -5 0 3 -2 6 1 -1 0 7 1 -2 1 0 0 -2 0 -1 -1 0 3 1 1 2 1 3 -2 0 -4 1 -4 0 2 2 1 2 3 0 2 -2 -3 1 -1 3 -3 1 -7 -1 3 2 2 -2 0 0 -3 2 0 0 1 2 -3 1 1 -2 3 5 1 3 0 0 -2 0 3 3 -1 -1 0 4 2 -3 3 -1 1 -7 -4 4 -2 3 5 -1 4 -3 -1 -3 -4 0 1 -3 -1 1 -1 1 0 -1 3 3 0 2 -3 0 4 -1 2 -1 1 -2 0 -1 0 1 0 1 -1 3 1 2 1 0 4 -2 3 1 3 1 0 3 4 4 -2 0 -4 3 -1 4 6 5 1 1 0 2 -3 4 1 -4 1 -1 -1 -2 -2 0 0 -2 -2 1 -3 5 0 2 0 0 3 4 3 5 -2 0 -3 0 3 3 1 -5 0 -3 3 1 2 3 0 -3 -2 3 1 -4 -6 0 1 1 0 2 2 2 2 -2 -1 0 -5 3 -6 -1 -3 -3 1 -2 3 2 -1 -1 -3 -3 1 0 0 2 1 0 -4 3 -3 -5 -3 -2 0 -2 -3 0 1 3 3 -2 4 -1 0 -2 4 -1 2 2 -1 0 -1 -2 -1 2 1 4 3 -1 4 -3 0 -2 -2 0 4 0 3 3 -1 -1 -4 1 -2 -2 0 3 2 3 1 0 -5 4 2 -4 1 2 5 0 -2 0 3 1 -2 -3 0 -4 0 1 -2 1 -1 -1 2 -3 -4 1 -2 0 3 -1 -2 -3 -2 -2 -1 -1 -1 2 -1 -1 2 -3 -5 2 -2 3 1 -5 6 -4 2 1 -4 -1 6 4 -4 2 1 -1 1 -1 4 0 -6 -4 -4 0 6 -5 1 5 4 0 -1 -1 7 4 0 2 -2 -3 0 0 5 -2 -2 -3 0 3 3 0 -1 -3 4 2 2 -5 -1 4 -1 -3 -3 2 1 -1 0 2 1 -1 0 -1 2 2 0 -3 1 -2 2 -3 0 1 -1 5 -1 -1 -3 3 -1 1 -3 -4 -1 0 2 -1 -2 -2 1 1 -1 0 2 2 -2 1 0 -1 -5 1 1 1 1 -2 -7 -1 -3 2 -1 4 0 0 3 5 -1 1 1 1 2 0 1 -2 0 -4 2 -3 -4 -2 -3 -2 -2 3
2 -3 -5 -2 -2 -4 -4 3 2 3 -2 -1 3 -2 0 0 -3 -7 0 1 5 0 -2 0 3 -2 -2 -4 0 1 4 1 -1 -2 1 1 3 0 -4 0 5 -1 1 -2 0 1 2 -1 -3 1 1 -5 0 5 2 4 0 -3 5 -3 4 4 -2 2 2 -2 -1 3 0 1 -2 5 1 -1 -1 7 -3 -2 1 3 4 -3 2 1 3 0 -1 -3 -3 2 3 -1 0 1 1 1 1 -2 -4 2 2 -1 2 1 4 -3 2 -2 0 0 0 2 -4 -1 -2 -6 -5 0 1 0 0 -3 0 -1 3 -3 -2 -2 1 -5 0 -1 -3 1 4 -4 -1 -6 1 2 0 2 -4 0 4 1 1 -1 -2 -4 1 -4 -3 1 0 0 -1 2 1 0 0 0 2 -1 0 6 -3 2 -1 -2 2 -6 3 -1 -3 3 0 4 1 -2 1 -1 1 1 -1 -2 3 -2 1 1 -3 1 2 1 -1 2 0 -1 -3 0 4 -2 2 1 0 1 2 -3 4 0 5 -3 1 1 1 -1 -1 -1 -2 2 0 2 -3 -1 4 2 -1 0 4 -2 0 0 1 0 5 1 -2 -2 3 -2 0 2 -4 -4 -1 1 -5 -2 1 1 -3 -1 5 3 -3 2 -2 1 -1 2 -3 -1 -2 -4 -2 1 1 2 3 -2 1 -1 2 -6 2 -2 0 0 3 1 -2 3 2 -1 5 7 2 -3 -4 1 -2 2 -2 -2 -2 4 -4 1 -3 2 0 2 0 -1 4 6 -2 0 -2 -5 -2 0 2 -2 -2 3 -2 3 -4 2 0 1 1 2 -2 1 0 -1 -2 0 1 2 -3 -1 0 1 1 -1 0 1 -3 6 3 0 1 1 -2 -4 -1 -6 -4 -2 3 0 -2 0 -3 1 -4 2 -1 2 0 1 3 0 -4 -2 -2 0 1 0 2 -4 -1 1 -2 0 0 -2 5 -5 3 -2 -2 0 -5 -1 4 1 -1 0 -2 4 5 -1 5 1 -1 0 1 -2 -3 1 -2 4 -1 -2 -3 -2 2 0 -2 -2 -3 -2 0 0 2 2 0 -3 -1 3 4 2 -1 3 -2 -5 1 -1 1 0 3 0 -2 0 2 0 -1 1 3 1 0 -4 1 -4 2 -1 1 -1 0 -3 -2 3 -2 -1 4 0 3 0 0 0 1 2 0 -1 2 7 1 -5 -1 1 0 -2 3 -2 2 2 -4 2 -5 1 -1 0 -1 -5 -4 0 -2 3 -2 -4 6 -6 -1 5 0 -1 -1 -4 -4 2 -1 3 1 5 0 1 1 0
-4 -2 1 -4 2 0 -1 2 -4 -3 -5 -2 2 2 1 -4 2 1 -2 1 1 -2 -3 -3 0 1 -4 0 1 -3 -2 2 -2 -5 -2 3 4 -2 -6 0 -3 -3 -1 1 0 2 -2 3 -1 -4 1 -1 -3 3 2 -6 2 -2 0 1 3 0 -2 -2 -1 0 -2 1 1 -5 2 -7 0 -2 -3 -1 5 0 0 0 2 -2 -1 0 0 1 -3 1 -1 4 -2 0 -2 1 -3 0 1 2 -5 0 1 0 -1 2 -2 -1 2 -1 0 1 4 -1 2 1 0 3 1 0 0 5 -1 1 -2 0 0 1 5 3 2 2 2 7 1 -1 -2 2 4 4 0 -3 1 3 -3 -4 2 -1 1 -3 2 -3 0 -3 1 3 4 0 1 5 1 4 3 -2 -1 1 -3 -1 -2 1 2 -4 -5 0 2 -3 -2 0 4 1 0 -2 -1 -1 5 0 3 -1 0 0 -3 -2 2 -4 -1 3 1 -4 -1 0 0 2 -2 -3 0 -1 -2 0 5 1 -1 -3 -4 1 -2 0 2 1 5 -1 -5 1 -1 3 3 0 0 1 5 5 4 0 1 -4 -3 3 0 -1 -1 -5 1 -1 -4 -3 -2 -1 -4 2 -1 -2 2 1 -1 7 1 -5 4 -1 3 3 1 -2 2 2 -3 1 0 3 -2 2 1 -2 3 -3 -3 0 1 1 -2 2 2 -1 -1 -2 -1 -1 4 1 2 1 -2 -1 -2 2 1 0 -4 0 -3 -2 0 1 -1 1 1 -2 -1 4 4 0 0 3 -3 -5 4 -2 2 2 2 4 -3 0 0 -4 -1 -3 -1 2 -1 -3 0 -3 -1 2 -3 3 -3 -1 2 3 0 -5 -4 2 0 2 -5 2 3 -1 2 1 -2 -3 1 1 -2 -2 1 -3 3 2 2 -3 -2 -3 5 2 1 2 0 1 3 3 1 -4 -3 2 3 -6 2 -2 -2 3 -1 3 -2 0 1 -4 0 -3 -1 -1 0 1 0 5 -1 1 -1 -1 0 7 -1 -5 5 3 -1 -1 1 -1 3 0 0 2 -1 -3 3 4 0 4 -2 -2 1 -1 2 -2 -1 -1 3 3 1 0 2 2 -6 -1 2 -1 -3 -5 2 1 -7 1 0 2 -1 -2 -5 -2 5 -4 0 3 -2 1 3 1 0 -3 3 4 -4 1 2 2 -2 1 2 -1 0 1 -3 0 -1 -1 4 0 -2 -2 3 0 -1 0 -1 -2 4 1 -4 1 -1 1 -2 5 -2 2 -3 1 -1 -1 4 -1 -2 2 2 5 -4 3 -1 2 4 1
-1 -1 0 -1 -2 4 -2 -3 0 -3 3 -1 2 0 -2 1 1 -2 4 -1 3 0 -3 -5 -4 0 1 4 -2 3 2 -4 -6 1 0 5 3 0 0 2 2 -1 1 -1 1 4 1 -4 1 -2 -1 -1 -3 -1 -6 2 0 -5 -3 2 -2 0 0 2 4 0 -2 3 -2 5 1 3 0 1 -4 0 2 2 -4 -3 -1 -1 -1 -3 0 -2 -5 1 4 2 2 -6 -4 0 2 -2 2 1 -1 0 1 1 -1 1 4 4 0 -3 0 -2 1 1 0 -3 -2 -3 -1 1 -3 -4 -1 4 1 -1 -2 3 -4 3 -2 -2 2 3 -2 -2 -2 2 -2 -3 2 1 -1 1 -2 2 -2 -1 -1 3 3 3 3 0 1 -1 5 3 0 -3 2 1 0 0 2 3 6 -4 0 2 -4 1 3 -2 4 -1 5 3 1 -2 -2 -1 -1 0 3 0 -2 -3 -4 7 -3 -1 4 4 -3 2 -3 -4 1 0 -1 -2 0 -1 -2 -1 -1 -4 5 2 -2 0 0 2 -2 4 1 0 -2 -1 -1 -3 0 -1 -2 -1 -1 -2 1 0 -3 2 1 -2 2 3 0 3 -2 2 2 -2 1 0 4 1 4 -2 1 1 2 3 -1 -3 1 2 -2 1 2 -2 -1 0 1 -2 -5 -2 2 0 -3 -1 -4 -1 -4 3 -4 -1 -3 0 2 1 -4 -1 -4 1 -3 2 1 -2 0 -1 0 -4 -1 4 0 2 2 -2 0 -2 -5 4 -1 1 3 -1 2 0 0 -1 -1 -1 -2 -4 -6 -2 2 -4 1 -2 4 3 0 -3 0 1 1 1 0 1 1 -3 6 3 1 3 0 2 1 1 0 0 -1 -2 0 -1 -3 3 -1 0 2 -1 2 3 2 4 7 0 4 7 -2 2 -3 -1 1 -1 -2 -1 -3 0 4 -3 -4 1 -2 2 -1 2 -1 3 -1 -5 1 1 0 0 1 -1 -1 0 0 2 0 -1 -1 -2 -1 6 1 0 2 2 -1 -7 -2 2 -3 0 2 -2 1 3 5 -5 -4 -5 -3 -2 -1 2 -1 5 -5 -2 -1 -4 2 2 3 -5 2 -1 2 -3 3 -3 -3 -3 -4 -1 -4 3 -1 0 -2 -4 0 -3 0 -3 -2 1 -1 0 0 -1 2 -2 -3 -2 2 1 -3 1 1 -2 -2 -1 -1 -2 5 2 0 2 -3 0 1 4 -1 -1 1 2 0 -2 -1 2 -1 6 3 2 1 7 -2 0 0 1 -5 -4 3 -2 -3 4 0 1 -2 0 3 -4 -5 0 1 -3 3 0
1 -2 -1 -2 -2 -1 -5 2 0 1 1 0 1 -2 1 1 0 -2 0 1 1 -2 3 0 4 -2 0 3 5 3 0 -1 -1 -3 -5 -4 -4 2 -3 -3 -1 -3 -5 -3 -1 3 -1 -2 0 5 2 -3 4 3 -2 1 2 -1 0 1 7 0 0 2 5 -2 -4 -3 -1 -4 -1 0 1 -3 3 5 -6 2 3 2 7 3 6 -2 -6 0 -4 1 0 -1 3 -2 -3 -2 0 1 -1 3 -4 0 0 -3 -3 2 -1 1 0 0 -1 5 3 -1 1 1 -1 0 -2 1 -4 -2 2 0 2 2 1 3 0 5 4 3 -3 -5 -1 1 0 -3 -1 3 2 3 0 -1 1 -2 2 -3 0 1 1 -2 3 -4 1 0 -1 3 0 -1 1 -3 4 1 3 1 0 -2 -2 2 -1 -1 0 1 -3 3 -2 0 -1 1 1 -1 2 -1 -4 1 0 0 2 0 -3 1 -2 1 2 -1 1 0 3 -2 1 -1 3 -1 1 -3 1 -1 -1 2 4 2 -2 3 -3 -4 3 -1 2 -2 1 1 4 -1 4 -1 1 4 -2 -4 -1 1 -1 -3 2 -2 4 -2 -1 0 1 1 4 0 -1 -1 1 2 0 2 1 3 -7 -2 3 3 1 1 -2 4 3 -1 1 3 -2 3 5 0 -2 1 2 2 -1 -5 1 7 -3 3 2 1 1 5 -2 0 0 1 -3 -1 1 -2 5 0 4 -2 0 3 0 -1 -3 1 2 5 -2 2 -4 -1 3 -1 3 -2 1 -4 -1 1 3 -1 1 -1 -3 1 -2 1 -4 2 -2 5 0 -2 3 4 -3 1 -3 -1 0 -2 7 -4 3 1 -2 -1 -2 3 2 -2 0 5 1 -5 0 3 0 -3 -1 -5 -6 4 -3 -1 -2 4 4 0 0 5 4 2 2 2 -5 -1 0 0 -2 0 -1 -2 2 -6 1 -2 2 -1 -1 1 -2 0 5 -2 -1 -1 0 3 2 -3 0 -3 0 1 4 2 3 -1 -1 1 0 2 -3 3 2 3 1 1 0 2 2 1 -2 3 5 1 1 2 -2 4 -2 -3 -2 4 0 -5 1 0 2 1 -2 -4 -1 -2 3 6 -2 -3 0 -2 2 4 0 -2 -1 -3 2 3 -1 -1 0 -2 1 4 3 -2 -2 -1 1 -4 1 -2 -3 2 -4 3 4 0 1 -1 2 3 1 -2 -1 -4 -1 4 1 -1 -1 0 2 -1 2 2 3 -5 2 2 2 0 0 -3 0 -2 4 0 -4 -1 1 0 1 1 4 4 1 -2
2 -3 -2 -4 0 1 0 -4 1 2 -2 -4 3 -5 -6 -2 1 -1 -2 5 -2 4 -1 0 -2 0 0 1 1 -5 4 -1 -1 1 -3 -3 0 -1 3 1 -2 -2 1 0 1 1 -1 2 -4 -1 2 -3 1 -1 -2 -2 2 -1 2 0 1 0 -7 1 -1 0 -2 5 0 3 2 2 -2 2 -2 -1 1 -4 0 -4 -2 -1 0 3 2 1 2 0 -1 0 5 -4 1 -4 0 5 1 2 -1 2 2 -2 0 -2 -2 -1 -3 2 -1 1 -1 2 0 -3 2 2 2 0 -1 3 -5 -1 1 2 0 3 -3 1 3 0 4 2 4 1 2 -1 0 -3 -2 2 0 -5 1 -4 0 2 2 0 -2 3 -3 -2 4 0 3 -2 2 -1 -1 4 -3 1 2 -2 1 2 -3 -2 0 -3 -5 -3 -2 -1 -1 -1 4 3 -1 2 -1 4 3 0 4 -1 0 -2 2 1 0 2 0 0 -1 2 4 4 -2 -1 -1 0 3 -3 1 -2 3 2 0 -1 -2 -3 -3 0 -2 0 5 0 1 -5 -2 0 1 3 -3 2 -4 -2 0 -3 -4 3 3 -2 -2 -1 3 2 -2 0 -2 2 2 -7 -3 1 -2 -7 -1 -3 1 -5 -1 3 3 2 1 5 0 7 -1 -1 -2 -3 1 -1 -3 -1 1 -3 -1 -1 3 0 3 -1 2 -5 3 -4 2 3 0 5 -2 -1 0 0 3 0 -3 -7 -3 1 3 0 1 1 -1 1 0 3 -2 1 0 1 -4 -4 -1 1 4 0 -2 2 -2 1 3 0 1 -5 4 -3 -2 3 1 1 2 1 -3 4 3 5 0 0 -2 1 -1 1 -3 1 2 0 -1 -1 -3 -5 4 0 -1 2 -5 -3 -1 0 1 0 2 -3 2 -3 -3 1 0 -3 2 -1 -2 -1 -1 -5 2 -4 -3 1 1 -2 -1 -2 2 4 1 2 2 0 1 2 -1 -3 2 -1 3 -1 0 -2 -4 0 3 -1 -3 -3 -1 1 0 1 -7 -5 -1 1 0 -2 -3 1 3 -6 0 4 2 -1 -4 4 1 1 2 2 1 2 -2 5 -2 0 1 -3 -2 2 1 -3 5 -1 0 0 0 0 3 1 1 -3 0 4 -2 4 5 0 -1 1 0 -2 1 -1 2 1 -1 0 -2 -2 1 3 0 -1 -1 1 -5 1 -4 -4 2 -3 4 -1 0 2 1 0 -1 -2 -2 -2 -1 5 -1 -5 -3 1 1 -4 2 1 -1 -2 1 -2 -3 2 4 -3 -2 -2 -1 3 -3 -5 -6 6
4 -2 3 -4 4 -2 5 0 7 2 2 3 1 1 -1 -5 -2 -1 2 1 -1 2 -7 2 1 0 3 4 -2 -3 5 -1 0 -2 2 -6 -6 1 3 3 1 3 -1 2 -2 0 3 2 -2 0 0 -3 2 1 -5 4 -5 -2 2 0 -1 3 1 0 3 1 4 0 1 -2 1 4 3 3 -3 -1 0 0 1 0 -4 4 5 -2 1 3 -1 1 4 1 0 -1 2 2 1 1 2 1 -2 2 3 5 0 -5 0 0 0 -2 -2 3 -2 2 0 0 2 -3 1 -2 1 -6 0 0 2 0 6 1 1 6 -3 1 -1 0 0 -2 0 -3 -2 -1 2 1 2 0 1 2 -1 -5 2 -5 -2 0 3 -1 -2 0 1 -3 -2 -1 3 -1 -1 2 5 -2 2 7 0 -3 -2 0 2 0 -2 4 -1 -1 0 1 -1 -3 -3 -1 1 0 2 -2 2 1 1 2 -1 2 -2 -2 -1 -4 -3 0 -1 -2 -3 2 0 -3 -1 2 5 -1 -1 0 1 0 -5 0 -3 4 1 0 1 3 3 -5 -1 1 -2 2 -2 -1 0 1 -1 1 -2 1 0 -1 4 1 4 2 0 -1 1 1 2 -1 4 -2 2 0 -3 -4 1 -4 0 -1 -2 5 -3 -1 -3 -1 -2 2 -2 -1 3 -2 3 3 -2 2 0 0 -3 -1 2 -3 2 -1 2 1 -1 -3 -2 1 4 1 -2 1 -2 7 3 0 3 5 -6 -3 -2 4 1 -1 -2 0 1 0 1 0 -2 0 2 0 2 -1 1 1 -3 1 -4 0 -1 -4 -1 3 2 -1 0 0 -3 -2 -4 1 -3 0 3 2 5 -1 3 2 -1 -1 1 0 -1 4 5 2 2 -1 2 -1 -3 2 0 -3 -1 -1 -4 0 -6 -1 4 0 -4 3 -5 0 -1 -1 4 -2 1 4 3 0 -1 0 4 -1 -5 3 -3 0 1 1 0 -4 4 -6 0 2 3 0 0 -3 -2 0 -2 0 -2 3 5 4 6 -2 3 2 0 0 -1 1 -2 3 -2 0 -1 0 2 -4 0 -2 -1 -4 0 -1 1 4 -5 -3 1 -2 0 -2 -1 0 1 -2 -1 1 -1 1 -6 1 -1 0 -2 0 1 -2 -2 2 4 5 3 -4 -5 2 3 -2 0 1 2 2 -1 5 1 0 -1 -4 4 5 -2 0 1 -4 0 3 1 -2 0 3 -3 2 4 -1 2 -2 4 1 2 2 1 4 -1 0 0 2 4 2 -6 -2 2 0 3 -5 2 0 2 -1 -2 -4
0 5 0 -1 -3 -2 -2 2 -6 2 1 -5 0 1 0 -2 -2 1 -2 5 1 -3 -1 0 3 1 -3 0 0 0 1 -1 1 -3 -2 -4 0 0 1 1 1 1 -1 4 1 -2 1 1 -1 -1 6 -3 -2 2 2 -2 3 -3 0 -3 3 2 3 1 -3 -3 2 0 -1 1 2 5 2 1 1 1 -1 0 -6 2 3 -2 5 -1 4 1 -2 -2 2 -3 0 -3 1 4 1 2 -3 1 -2 1 -2 1 -1 0 0 0 0 -4 1 0 3 -1 -2 -2 -1 0 -6 -1 -5 -3 0 -2 1 -3 -2 -2 -2 1 6 -1 2 -3 2 -3 -3 3 4 1 4 -4 2 2 0 4 -1 0 -1 -1 3 -4 4 0 0 -4 -1 -2 -2 1 -4 -4 0 0 2 -4 4 -1 -2 1 -1 -3 4 0 1 -1 0 1 -7 -1 -2 -1 0 -3 6 -2 -1 -3 2 -1 -1 2 0 -2 1 5 4 -1 0 -1 3 -1 -2 1 -2 -3 5 -5 -1 2 1 3 0 -1 -3 0 6 0 0 6 2 0 5 1 -7 1 1 -1 0 4 -2 2 -3 3 0 -3 2 2 -6 -3 2 1 1 6 0 -1 -2 1 0 1 0 -3 -3 -3 0 -1 3 -2 0 -1 2 -2 -2 -1 0 -2 3 4 2 1 0 -2 -2 3 2 3 4 0 4 -3 -2 -1 -2 2 -3 1 0 3 -2 -3 0 4 1 -1 -1 -4 -2 3 1 -2 -2 2 0 2 0 0 1 2 3 5 0 2 1 -3 -3 0 1 -3 1 0 -2 4 -7 7 -3 0 1 2 -2 1 -3 0 -3 2 -1 0 -3 0 4 0 0 -3 0 5 1 0 0 -1 -1 -3 1 -1 -3 -1 1 0 2 2 -1 -2 -4 -1 2 2 2 -1 4 -2 -1 6 0 6 -2 -1 -1 -3 -2 -3 4 -3 0 -3 0 -2 -4 -2 -2 3 -2 -2 7 1 0 3 0 2 4 -1 -4 4 -1 0 3 -2 0 3 -4 -1 -3 2 -4 0 -3 1 -2 -1 0 0 2 0 -1 0 0 1 4 -2 -1 -3 1 1 -7 2 3 4 2 -1 -5 -2 1 -1 4 0 4 1 0 -2 -1 0 3 0 1 0 5 3 2 1 2 2 -4 4 -2 5 -2 -3 -2 1 2 4 -1 0 -1 3 4 -2 -2 5 -2 -2 -1 -1 1 -1 1 2 -3 1 4 4 -3 -3 -2 0 1 2 -3 -1 2 -3 2 1 4 -2 -1 -3 -6 0 5 -2 -2 0 1 1 -2 0
-2 5 -2 -6 3 -3 0 5 -1 -1 4 3 4 2 2 3 -1 0 1 -1 -1 -1 0 2 1 -1 1 1 5 3 -1 0 4 -2 0 -1 -3 2 -3 -3 -2 -1 -1 -2 4 -6 2 -3 2 -6 -1 0 -3 4 -3 0 -3 1 0 -2 6 0 1 1 5 0 -3 -1 1 1 1 0 -1 -1 2 -2 -2 -2 -1 1 1 0 -1 0 1 0 -2 4 3 0 -2 1 1 1 -5 2 0 2 -1 2 -4 1 1 0 0 -3 -1 2 3 0 -4 6 1 -1 0 1 4 -2 1 -2 -4 -1 -5 -2 2 1 0 -2 2 2 7 -1 -4 2 1 5 1 -4 3 2 5 3 -3 -2 3 3 3 -4 -3 3 0 2 2 -2 3 -1 1 5 -4 4 0 -3 0 1 -4 -5 1 -3 1 3 4 0 2 -2 2 -6 1 0 6 1 3 -1 1 2 -2 -4 0 1 4 -3 2 0 0 -2 -1 0 0 -3 -7 1 -3 1 -2 -2 -3 -4 2 -2 5 4 1 0 -4 1 -2 3 2 -2 0 2 2 2 -1 -3 2 4 2 -1 -6 3 -2 -1 0 1 -1 1 -2 -1 1 1 4 -2 0 0 5 -1 -2 2 -2 1 2 -2 2 -1 -2 1 -2 1 0 2 4 1 -3 2 -2 -4 0 -4 -2 4 -2 1 -3 -4 1 -3 2 5 1 -2 3 5 0 -6 0 2 4 0 -1 -1 2 -2 2 -1 -2 -2 -3 1 -1 -3 1 0 4 2 -4 4 1 2 2 -3 0 1 0 -2 1 -3 -1 -1 -1 -1 -3 -4 1 -2 0 -4 1 -2 1 -1 0 -2 1 -1 -2 -1 -3 -2 1 2 2 -1 -5 -1 2 -2 -3 4 0 0 -1 1 0 4 -1 -4 -2 1 -1 -1 1 -2 3 -2 -3 3 4 -1 -1 2 5 1 -6 1 0 3 0 2 -7 5 2 -5 1 -2 -2 -3 1 -1 1 4 5 -1 0 -1 -5 -3 -1 -3 1 1 -3 -2 0 -7 -1 2 -3 -3 3 -1 3 -2 -1 1 0 0 -7 1 1 3 0 -2 -2 -2 2 1 -1 2 3 -1 2 2 -3 0 -1 0 -1 -4 -2 -2 -1 0 2 -3 3 -3 -1 2 -2 2 4 2 -5 -3 -1 -2 2 0 0 -3 0 1 -4 0 0 1 -2 0 0 2 0 -2 0 0 -4 3 1 1 1 -4 0 1 2 0 -6 -5 0 -3 2 -1 2 1 0 -2 2 -3 0 -1 -3 1 0 -2 -1 0 1 -1 0 1 -3 -4 0 -3
-2 -3 0 -2 -1 -1 -2 0 3 3 0 7 -1 3 0 3 0 -1 -2 1 2 1 1 2 0 2 0 2 2 -5 1 1 -2 1 1 -2 -1 1 1 -1 0 3 2 -3 4 1 -2 0 1 0 2 7 3 1 1 -3 4 -1 -2 1 -1 -3 0 3 -1 1 2 -2 0 -2 -1 2 1 -2 1 2 4 -3 5 -3 -6 -4 1 0 -4 0 -5 2 2 -2 -2 0 3 1 -1 0 2 3 0 -6 3 -4 -1 1 0 -3 -1 1 -5 0 -3 1 2 -7 -3 2 1 -1 -3 0 1 -2 -2 -1 1 3 4 -4 -2 5 4 -1 2 1 2 1 1 0 -1 -1 0 -1 7 -5 -3 -6 5 -2 0 -2 -5 3 3 -3 3 0 -3 4 -1 6 4 -1 4 -3 0 0 -2 4 1 -2 -1 -1 1 -6 3 5 -3 0 -1 0 -1 3 -1 1 -2 -1 -2 -1 0 2 0 2 -3 3 1 0 1 5 -1 4 -2 0 2 2 -2 1 4 -2 -2 3 0 -3 -2 0 -3 -3 1 -1 1 4 3 4 0 -7 3 2 0 0 3 2 -5 2 -1 3 0 3 6 3 1 -3 0 0 1 5 -1 -1 -1 0 -1 -2 -2 0 3 -4 0 0 2 4 3 3 2 -1 -1 -3 1 -2 -7 -3 -2 -1 2 0 1 2 4 0 7 0 3 -2 -3 -1 1 -2 -2 2 0 4 1 0 3 -1 -5 0 3 1 2 0 -2 0 3 -2 -5 -2 -1 2 4 -1 -1 2 2 -2 2 0 -2 2 0 -2 -1 -6 1 -2 3 0 7 0 -2 -1 -3 -2 3 -3 -2 -1 -1 -1 3 0 -2 0 0 0 1 -1 7 2 5 0 -1 0 1 0 -1 1 2 1 1 1 1 0 0 -2 4 1 -2 1 1 -1 -3 0 3 1 -3 -1 0 -1 -3 -2 -1 3 3 -3 2 3 2 -1 -3 -1 3 1 0 0 2 -2 0 -3 1 2 -4 0 -2 2 0 0 1 2 -1 4 6 0 5 -7 0 -1 1 -2 -3 3 -3 -1 -1 -1 -2 -2 -3 -2 1 1 0 2 1 -1 -4 2 0 3 1 -1 -3 -1 -2 -2 3 -3 -2 2 5 3 -1 2 -4 0 -4 1 -2 -3 1 2 -1 0 3 1 -1 0 3 -1 2 -6 1 2 2 -3 5 -2 -5 4 -1 2 -1 -4 3 -2 2 1 5 -5 -2 1 0 0 0 5 -5 1 0 -3 -1 -2 -4 1 2 3 1 -1 -3 0 0 0 4 1 1 0
0 0 0 2 5 -2 2 1 -3 -4 0 -2 -1 -3 0 -5 -5 -2 2 0 2 -2 0 -2 -3 2 -6 -2 0 -2 -6 -2 1 -5 2 -1 -7 -1 3 -1 -1 2 1 5 -2 -3 -1 2 2 0 -4 1 2 0 -2 0 0 0 2 0 3 -1 -2 -1 -5 0 -1 1 0 -3 -4 -2 2 -2 0 0 -1 -1 -1 -2 -2 3 -2 -2 0 0 3 -6 -1 -1 2 -4 -2 1 -2 -2 0 0 -1 1 6 2 -2 -1 6 -1 -1 1 0 -4 2 2 0 -3 2 -1 -1 -3 -1 -5 4 1 0 0 1 -7 -1 -5 0 -4 2 -2 3 -3 -3 2 1 4 2 -1 2 1 -1 -1 4 -2 0 -2 -5 -1 2 -2 -6 -3 2 -3 -2 -1 1 1 -2 -2 1 -1 0 3 3 -3 2 -2 0 1 4 -1 3 4 0 6 -1 0 4 0 0 -3 -2 -2 -1 -2 1 0 -2 -1 3 -3 2 -2 0 5 0 1 2 1 1 -1 0 -2 5 -5 -1 -4 -2 1 -1 -1 1 -1 -4 -1 -4 -2 0 4 0 5 0 0 -1 -2 1 -5 3 1 -1 4 1 1 -1 2 2 0 -2 -2 0 4 -3 4 -1 1 3 0 3 4 -1 -3 -1 -3 -2 0 -1 0 3 -3 1 0 -4 0 2 4 0 4 -3 4 -1 -1 -1 -1 -1 1 4 5 5 3 -3 3 4 2 -3 -2 0 2 -3 5 -1 -2 -2 5 1 -4 -2 -3 2 -2 0 3 4 0 0 1 0 3 -1 -1 -2 0 3 3 -1 -2 0 -2 3 -4 -2 0 4 0 -4 2 -3 2 -2 -1 -3 1 2 1 0 -2 -2 7 -4 -1 -2 0 -2 -1 -2 2 0 3 -3 0 2 4 4 -3 1 -2 -2 -3 -3 5 1 -4 0 -1 0 -1 1 3 1 3 -2 4 0 1 1 -3 -3 6 1 4 -7 0 1 -1 -3 -2 0 -1 -2 -4 -1 0 0 0 -3 -1 3 1 -2 -2 1 2 1 2 -5 3 3 -1 -4 -4 -2 1 -1 -1 1 -3 -2 4 6 -3 0 2 -4 2 1 -3 -6 -2 -2 -3 -2 0 1 2 0 -1 -4 -1 0 0 0 1 4 0 2 1 -4 1 1 4 0 0 -1 1 0 2 -1 1 -2 2 -1 1 2 -1 1 0 3 0 -4 -1 0 2 -2 -3 0 -1 3 0 0 0 1 -3 -4 2 2 -6 -4 3 0 -2 -3 -4 -1 -1 3 -3 0 -1 -5 0 1 -3 2 -6 -1 2 2 0 -4 5
0 3 5 3 2 0 -2 -1 -3 0 1 3 2 -1 1 -1 -1 1 1 -1 2 0 -7 -2 -7 0 0 -1 4 1 1 -3 -1 -3 2 -3 2 -3 3 1 5 2 1 -1 0 1 2 3 -1 -4 0 1 -1 1 0 1 0 0 1 1 -3 0 -4 -1 2 -1 4 3 2 2 -2 -2 -6 1 1 -5 -4 1 1 -1 1 1 -1 0 -3 2 -1 4 5 1 0 -2 2 -2 -1 -1 2 0 -2 3 -1 2 5 0 0 1 1 -1 -2 3 -1 -1 2 0 -1 1 0 7 2 0 1 0 0 -1 -1 -3 3 3 -1 3 -3 -1 -4 -5 2 0 -2 -3 -5 -1 -4 2 -1 2 -3 1 -5 -4 1 0 2 7 -2 4 1 0 2 -4 -2 -5 2 -4 0 0 1 0 0 -4 -1 -4 -1 -1 -2 3 1 2 2 -1 4 -1 2 -3 2 1 1 0 2 0 1 1 0 -2 -1 -2 -5 0 -2 -3 -1 -1 1 -1 -4 2 0 3 0 3 -1 -1 3 1 -1 -1 5 3 -3 -3 4 -1 -2 -2 2 -3 0 3 -3 1 2 -1 -1 -1 -2 0 -1 -5 -1 2 3 2 -5 -2 2 1 3 3 4 5 1 0 -2 -2 0 -3 0 -2 1 -3 -6 1 -3 0 1 5 -4 0 5 2 3 1 2 1 0 1 0 4 -6 -2 1 -2 0 2 0 -2 0 0 0 1 5 1 1 2 -1 -1 0 -1 3 1 0 0 1 0 0 -1 -6 0 1 2 0 -2 2 3 -5 0 -2 -2 0 -2 0 -2 6 -3 3 4 2 0 -1 7 -1 2 2 1 0 -2 5 -3 3 0 2 1 -2 1 -3 -1 -1 3 -2 2 0 -3 0 2 3 2 1 1 3 -3 -1 0 -1 -1 -2 0 4 6 -3 2 -1 3 4 -1 -1 5 -4 1 -3 -2 2 -1 1 3 -1 -3 6 -4 1 -1 -2 -1 1 0 1 -4 -1 0 4 -1 0 -2 -5 2 -2 -1 2 2 -1 2 4 2 -3 0 3 -2 -2 0 0 -2 0 0 -7 1 3 -1 1 -1 1 2 1 -1 0 0 2 -2 5 2 1 -2 -5 6 -4 4 -1 2 0 0 1 1 1 0 0 -2 3 -5 -2 -1 2 -3 3 -5 1 1 -1 3 -3 -4 -3 1 -4 -3 -1 4 -2 0 0 -2 -2 -1 -1 -2 3 -1 -2 -3 1 -3 7 -4 2 2 1 3 1 2 -1 -1 5 3 -1 -1 2 1 -2 -1 -2 -2 -1 6 -1 0 1 6
0 0 -1 -1 -1 1 0 -1 3 0 -2 0 0 -3 -3 -3 5 5 3 0 -4 3 -2 -1 -2 -2 1 2 4 4 -5 -1 1 3 -4 1 -2 -1 0 -1 -1 2 1 4 0 -2 1 0 5 0 -1 -2 1 0 4 0 -1 1 0 2 -3 2 -1 -4 3 -2 -4 5 1 2 -1 2 -5 2 1 -2 1 -4 0 -3 7 0 2 -1 -1 2 -1 2 1 0 -1 3 -6 -3 -3 1 0 -2 -4 0 3 -3 -1 0 -2 2 -1 2 -1 1 -4 0 4 4 1 -1 6 4 4 0 2 2 0 0 5 0 0 -1 -1 6 0 3 -2 -1 2 -2 0 -2 -3 -2 -2 0 2 3 0 0 4 -1 -3 0 -2 -3 -2 4 1 -2 -1 -2 2 2 -4 3 -2 0 0 -4 5 5 3 -7 1 -2 -4 -6 -1 -5 1 -5 3 -1 1 -1 2 -1 -2 0 1 6 -1 -1 4 3 -1 -3 -2 2 -2 4 2 3 5 -2 -3 1 0 0 -5 0 1 -1 3 2 -2 3 5 0 1 -1 2 0 4 -3 -1 0 -2 3 1 6 -3 0 1 1 1 -4 1 2 3 2 -1 2 -2 -4 -1 0 1 -2 1 2 -2 -2 2 1 3 1 0 -1 2 2 0 5 -1 -3 -3 1 -5 -4 5 1 -2 -1 4 1 0 -1 -6 2 1 4 2 0 1 -1 -2 1 0 2 2 4 -1 0 2 2 0 1 -2 1 0 1 -2 1 4 3 2 2 -3 1 2 0 -1 4 0 0 3 0 -2 -4 -3 1 -3 -1 -1 2 -3 -2 1 -4 1 1 0 3 1 -3 -3 0 -4 -5 -3 -2 3 3 4 -4 -4 -2 -3 -3 1 1 -2 1 -3 -1 4 -1 -3 0 -5 6 -6 3 6 0 1 1 7 1 0 -1 -2 -3 0 3 1 -2 1 3 -2 -2 2 3 -2 -2 -4 -4 -3 -3 5 -3 1 -1 -2 4 1 3 -1 -2 -1 -1 -4 -2 4 0 -1 -6 0 -3 -6 0 -2 3 1 -3 0 -3 -1 0 3 4 0 -2 -4 5 1 -1 1 1 -2 -1 0 -2 0 2 -3 -1 3 -3 1 0 0 2 -2 1 2 -4 -2 1 -1 1 -4 -1 3 1 0 0 2 1 3 -4 3 -4 1 2 0 -3 1 3 0 -1 1 -3 0 -2 -1 0 -2 0 0 -4 2 3 -2 1 1 1 0 -2 -1 -2 2 5 1 0 -1 0 4 1 4 0 2 -1 1 -1 -3 0 2 1 0 1 1 -1 -3 4
1 6 0 -1 -7 -4 -3 -1 -2 0 5 5 -2 2 -1 1 -4 -2 2 -1 2 -3 0 -1 -1 3 -4 -3 3 0 0 4 3 3 2 -2 -2 2 4 -4 2 -2 1 4 -4 1 -3 -1 -1 0 -6 0 1 1 2 2 0 0 2 -4 -1 2 -2 0 -1 -3 -4 -1 -3 6 -1 2 -1 -2 2 3 -2 1 -2 -4 3 0 0 2 2 -1 1 1 -4 2 5 -1 2 -3 0 -3 -3 -2 -2 -1 -3 1 2 -3 1 2 5 2 1 1 0 -1 -1 1 -3 -1 -3 -1 6 -3 -3 -2 1 -1 -2 2 -2 1 -1 0 7 -2 -4 4 0 3 0 -2 1 -2 7 2 -1 4 2 0 2 -2 2 2 3 2 2 -1 0 -1 2 2 4 5 1 -4 2 2 -4 4 1 0 -1 -3 4 -3 0 -1 2 -2 2 -5 0 2 -1 -1 2 0 5 1 2 1 -1 -2 2 1 5 0 -2 2 0 4 2 4 0 0 4 0 -1 3 1 1 5 -3 2 -5 -4 -5 -2 1 1 2 0 3 3 0 0 -2 0 0 1 -5 3 2 -4 -2 1 2 -1 -2 1 -3 2 -3 4 -3 -2 0 1 1 2 2 -2 2 4 -3 3 2 0 -1 -1 -2 3 1 -3 -1 -3 1 -3 3 0 -3 -1 0 -2 4 -1 1 3 1 3 1 2 1 1 1 5 -2 3 -2 -2 1 -3 -3 2 2 -1 0 0 0 -4 0 -1 -2 3 3 3 -4 1 -2 -1 3 -4 -4 1 -4 -4 4 -2 3 -4 -1 0 2 1 2 -3 2 -4 -1 -1 3 1 -1 2 2 -1 0 0 -2 0 2 1 2 1 2 0 -1 -2 -4 2 -2 0 -6 1 2 1 2 1 0 -2 3 6 -3 4 1 -1 4 4 -5 -1 0 0 4 3 3 -2 0 0 2 -2 -2 -1 5 0 1 -3 0 -2 -5 -2 1 -2 1 2 -2 3 2 1 -3 1 1 4 2 1 -2 1 -4 0 3 -4 -4 -1 -5 1 1 1 -5 -3 3 -3 2 0 2 -3 2 -1 -2 1 1 -3 -1 1 -5 -3 -1 -4 0 1 2 1 -2 2 -4 1 -2 -2 2 3 0 0 -2 1 -1 1 0 6 3 3 -2 -2 0 3 0 -1 0 -2 -1 1 2 6 1 -3 0 2 0 -1 2 2 -2 0 -2 -2 -3 -3 3 -1 4 -7 -1 3 2 4 -4 -1 1 -1 0 -1 1 4 -2 -1 1 -1 -2 0 -1 -4 -3 -1 -1 -6 -2 0 2
-3 2 -1 -2 0 1 -2 -3 -1 4 -1 -4 2 3 -3 -3 -1 -5 1 2 1 -1 2 -2 1 4 -1 3 2 3 1 -2 2 1 -4 -1 -1 -1 -1 3 -4 -3 1 3 -2 -3 0 -4 0 -2 0 -1 -2 1 1 3 -2 2 -2 3 0 1 2 -4 -2 0 1 1 -1 0 -5 -2 2 0 2 0 -4 1 -3 1 -1 -3 -1 -1 -3 1 4 2 3 -1 -1 2 0 1 1 3 -5 -4 0 -2 4 2 1 -4 -1 -1 5 -1 0 0 -6 4 0 4 0 -1 0 0 1 -2 -6 0 4 -1 1 -1 3 -1 2 2 4 -4 1 -1 -2 4 -1 3 -3 0 3 -1 -1 5 1 0 1 1 1 1 -4 -3 3 6 -2 2 0 3 1 -4 3 -2 0 1 3 1 1 3 -3 3 2 2 0 0 3 3 -2 -2 5 -2 0 -1 -1 -1 -3 3 1 3 -1 0 0 -1 4 2 -3 -2 2 1 -3 4 0 0 0 -3 3 -2 4 0 2 1 1 -2 -1 5 3 -1 -3 -1 -2 1 1 -1 -3 6 3 -5 2 0 3 4 0 2 -1 4 2 3 0 3 4 1 4 -2 -1 3 0 -2 1 2 -1 1 -1 -5 -4 -2 -2 1 4 0 -2 4 -2 -1 -1 -1 1 -1 5 -4 3 4 1 4 -6 2 3 2 -1 0 3 -1 -2 -1 -1 -3 -1 -3 0 -2 -2 2 1 0 1 1 -2 -1 -2 0 -2 0 1 -1 0 3 3 7 3 -1 -1 1 2 1 -3 -2 -1 2 -1 -3 -3 2 -1 0 3 -2 2 1 1 3 -3 0 2 3 -2 2 -1 -2 -3 0 4 -4 -6 1 7 -1 -2 -4 2 -2 -1 -1 -1 3 4 1 -2 -2 1 0 -3 -4 -1 3 2 -5 -1 -4 -4 -4 1 -1 1 -5 0 -1 5 2 -2 -4 1 3 -3 3 0 0 0 -1 -1 -2 0 5 -3 6 0 -2 -1 2 -1 1 0 0 -1 1 1 0 -2 -1 0 -4 -7 0 -3 3 4 -3 2 -3 0 4 -1 -2 5 3 2 1 0 2 1 0 3 -3 4 -2 -3 -1 -1 4 0 -1 2 0 4 0 -4 -1 -2 -5 2 1 -6 -4 3 7 -3 -3 3 0 -3 4 0 1 -2 -1 1 1 -7 0 -1 -1 1 -3 -1 3 -3 -3 1 0 1 3 4 -1 1 1 -1 -1 2 4 -1 0 1 -1 -2 0 4 -1 2 -1 1 -5 1 -1 -5 3 1 1 4 3 -3 1 2 1 3 2
0 1 -4 3 0 0 5 3 -3 3 -1 -3 -1 2 4 -1 0 1 6 -1 -1 -4 1 -3 4 4 -3 -4 -2 -2 -2 3 0 -2 1 4 4 0 3 5 -2 4 -2 -3 -2 5 0 -2 2 2 0 -1 -4 -5 -2 6 1 -2 -3 -2 4 -4 0 -3 -2 -5 3 -7 1 2 -2 -2 3 1 1 -3 -2 0 -3 -1 1 -2 1 1 3 -3 1 -1 -1 -1 0 7 -2 3 1 -1 3 0 0 0 -3 1 -3 -5 0 2 -2 -1 -4 2 -1 1 2 0 0 5 0 -5 0 0 -2 2 3 1 1 1 4 -2 0 1 1 1 1 -2 -2 6 3 4 -4 -2 -1 -1 -6 -1 0 0 0 2 1 2 1 -5 1 0 4 -4 -1 -2 -2 1 -1 0 -2 -4 -1 -2 2 -2 1 -3 -2 1 1 0 3 4 4 -2 1 1 -6 0 5 -3 0 2 -3 0 1 3 3 1 0 -1 2 3 0 5 -2 -4 -1 1 1 0 1 -4 2 -2 -1 0 3 -2 0 -1 2 -1 -3 -1 -1 5 -2 1 -6 2 1 -5 -3 5 -5 2 3 1 -2 0 -3 -2 -4 4 0 -3 2 0 3 2 3 -2 0 1 2 -4 1 0 -5 -3 1 -3 -4 -1 2 -2 -1 -2 4 0 3 -1 4 0 1 -6 3 0 0 5 -1 -4 -1 -4 -3 -2 1 0 0 0 -2 1 2 -2 1 3 -2 1 2 1 -1 -2 0 4 0 -2 3 1 3 -1 -3 0 -2 -2 0 2 -3 4 1 -4 3 3 3 -1 -4 1 0 -2 4 -1 3 4 -3 0 1 3 1 2 0 0 -1 2 4 0 -1 -1 2 -2 1 2 0 0 6 2 -1 2 -2 1 -2 2 -2 2 -4 -1 1 -1 -1 1 0 -3 0 -3 -2 2 1 1 0 -1 5 1 -1 -3 3 -3 -3 0 2 0 2 4 3 1 -3 -7 2 -4 5 0 2 -3 1 0 -5 0 -3 -4 1 1 0 -1 0 1 0 -3 -2 -1 -1 -1 4 0 2 2 -2 -1 -2 -1 4 2 3 0 -1 -3 2 -2 -3 0 -2 0 1 0 -1 -2 0 -4 2 1 -1 6 0 -1 3 2 -3 -2 -3 -1 -3 -4 -2 0 0 -2 -1 1 -2 3 2 1 -3 0 0 2 -4 -2 4 -1 2 -1 -3 2 0 2 3 1 2 3 -4 0 3 -3 1 -3 3 5 2 -1 2 3 -2 -2 -2 4 1 -2 -1 0 0 -1 -2 3 -2 -1 1 3 5 -1 -1 2
1 -2 2 5 -1 0 0 1 2 -2 -2 5 1 1 3 1 0 2 -2 -2 -2 4 -5 -1 -1 1 -1 -4 2 -1 4 -4 3 2 0 2 5 1 3 2 2 -4 -1 -1 -3 4 4 -3 1 -1 0 1 2 -1 -3 -4 1 1 3 -2 -4 0 1 1 4 -4 6 0 -5 0 -1 4 1 0 2 0 2 -3 5 1 -2 3 1 1 -3 -2 1 0 0 -2 1 -3 4 0 -6 -3 2 1 -1 -3 0 4 -1 0 1 1 -1 1 2 -1 -4 -1 -4 -1 0 2 -3 4 0 0 2 2 -1 0 1 -1 2 -1 2 -2 0 3 -2 3 0 -4 -4 -1 1 0 2 -6 0 -1 -4 3 4 -2 2 -1 -1 2 2 2 4 0 2 0 -4 1 3 -1 0 -1 2 -2 0 -1 -3 -7 -2 -2 0 -3 2 2 4 -3 -2 -1 1 3 -3 0 2 -2 -1 3 2 -1 4 2 0 -2 -1 0 3 -1 0 1 1 0 2 1 1 -2 4 2 0 0 1 0 -2 -1 2 -2 -2 0 0 -2 1 1 0 -3 0 2 -1 -1 2 -5 -4 -3 0 -2 1 0 3 3 -1 0 1 -1 4 4 0 0 0 -2 -2 -1 -2 0 2 -1 3 2 -1 1 7 0 1 2 -1 -1 -2 0 -6 -2 -3 -3 -1 -4 -3 4 0 0 -1 -3 -1 5 0 -2 -3 1 -5 -2 1 -4 2 -2 -3 4 -1 2 -2 3 3 0 3 0 -1 0 -2 1 2 4 0 -5 -2 0 -6 5 1 1 1 4 3 -5 3 3 -3 -1 -1 0 3 -3 0 1 -2 1 3 2 -1 0 0 2 2 1 3 -1 -2 -3 1 -3 3 0 -3 -1 5 -3 -1 4 0 3 3 0 2 0 1 1 -2 -4 -1 1 -4 2 -1 -3 -1 0 -2 -1 -2 2 -2 -2 2 -2 0 0 -6 -3 3 -1 -1 -4 2 5 4 1 -1 2 2 -5 -4 2 0 -3 -3 4 3 3 0 0 -3 1 -5 -1 3 1 5 0 -1 -3 0 4 3 0 -4 -3 0 1 -2 -1 -2 1 2 0 1 -6 -7 1 -3 0 3 3 6 -1 -4 -2 1 0 -2 -2 3 2 -4 0 2 1 3 1 4 0 2 -6 0 -1 0 -1 -1 2 3 0 -1 2 -2 -2 -6 2 4 3 1 4 4 3 1 -3 0 -3 1 2 4 -4 1 -1 6 2 5 1 0 2 0 -1 -3 2 -1 -1 -3 1 -2 4 1 5 -1 -5 -1 4 3 -1 -2 -2
-2 1 3 6 4 3 0 -1 -1 -2 0 -5 0 2 4 -2 1 2 -2 -4 -2 2 0 -2 -1 -7 -3 2 -2 0 -4 1 -1 1 -1 -3 1 -1 3 -2 1 -2 3 1 -5 0 1 -1 5 3 -4 0 0 -3 2 -2 -3 1 2 0 2 1 -4 -1 -2 0 1 -3 3 6 -1 -5 0 0 -3 -7 2 2 0 5 5 -1 -1 4 1 -1 4 -3 -5 3 -1 4 1 0 -5 0 4 -1 -2 2 -2 2 0 -7 -2 6 1 0 3 1 4 3 6 1 3 0 4 0 1 1 3 -1 -4 1 0 -4 1 0 -1 -2 -3 -2 -2 -5 0 -1 1 -3 -1 -1 -1 2 -2 2 3 -3 3 -1 0 5 -1 -5 -2 6 1 0 0 -3 2 1 -3 1 -1 1 0 2 5 0 0 -6 -2 -3 -2 1 -1 -3 1 -3 -2 1 4 1 -1 4 1 0 -1 -1 2 -2 1 1 3 2 -2 -4 0 -1 -4 -2 2 -2 3 4 -3 2 -3 2 -2 -4 -3 0 -5 -4 0 0 2 -1 2 1 -2 -5 1 -1 0 -1 -2 -2 0 1 -2 -2 3 0 4 -1 1 1 0 0 0 -2 1 2 -2 1 4 1 -1 1 -2 1 0 -2 0 -1 -1 2 2 -1 0 1 0 -2 -3 -1 -1 2 -3 0 -6 3 1 2 4 -1 -3 3 0 1 3 0 3 1 1 0 0 -5 -1 1 -1 2 2 -5 -1 -1 0 3 0 1 0 2 -2 0 -3 -5 -1 2 0 -2 0 -1 1 0 -2 -1 3 2 2 2 -3 2 -5 4 1 4 1 -1 1 -2 -2 -3 -5 -2 -1 -1 -2 -1 -1 -1 -1 2 4 2 0 -2 0 1 2 4 5 -2 -1 3 0 -2 1 -1 5 1 3 1 1 1 0 5 2 2 -1 0 0 -3 -1 1 1 -1 2 2 -4 -1 -7 2 0 -2 -1 2 0 0 -2 -7 0 4 -3 -4 -2 -2 2 -1 3 1 -6 -1 7 -3 0 0 1 2 3 0 -5 -5 -1 4 1 1 -2 1 1 -3 1 -2 0 0 1 -3 5 2 -1 -1 -3 -2 0 -4 -1 -3 3 -4 0 -4 1 0 -4 1 0 0 -7 -5 0 1 -2 3 2 1 1 -3 -2 0 5 2 0 1 -3 0 -1 -2 3 0 -1 -3 0 2 -2 -1 0 -3 -4 -4 -1 0 0 -2 1 2 2 0 2 0 2 -2 3 -1 -3 -2 -2 0 0 2 -3 2 4 0 2 1 1 -4 -2 -3 3 4 -2 0
3 0 0 -5 -4 2 1 2 -5 1 -2 -3 4 3 -1 4 1 -4 1 1 -2 1 -2 2 1 2 0 3 -3 -1 -4 1 -2 -1 0 1 6 2 -1 -6 -1 0 0 2 0 2 -4 -1 -1 -3 3 0 0 -2 1 -1 3 -1 -1 -1 1 -3 5 -7 -1 -3 0 -2 -1 -2 2 0 -1 -2 -6 0 -3 -1 -3 0 0 0 3 1 -3 -5 -3 4 0 -1 1 1 0 -3 -3 1 -5 -1 1 -2 3 -3 -3 3 -2 1 -1 -4 1 3 -3 4 -2 -4 -2 -1 -2 3 0 -3 -3 2 -2 1 1 1 3 1 2 1 0 -2 3 1 0 -3 0 3 -2 -1 0 -2 -4 -3 0 2 -2 2 -1 -1 -3 1 -2 0 -3 1 1 4 0 2 0 2 -3 2 -1 0 -1 0 -7 -1 -5 -2 2 4 3 4 3 3 2 -2 -1 0 -2 -2 1 -2 4 -2 4 1 -1 4 -2 3 2 2 1 -1 3 3 2 -4 -3 -3 3 2 -2 -2 -1 0 3 -1 0 -2 -1 3 -5 -1 1 3 4 0 2 -2 4 -1 3 2 -3 -7 -1 1 -5 2 5 -3 -3 -2 3 1 0 -1 0 5 0 0 4 -4 -1 -1 0 0 2 2 1 0 -5 -1 -4 -1 0 0 -4 -7 -3 4 2 2 4 -2 -3 -1 -2 2 -4 -4 -4 0 1 -1 -2 4 1 -5 -5 1 -4 -4 1 -1 -2 2 -1 1 -1 0 3 3 -4 1 -1 -1 0 1 2 4 -4 1 -3 2 2 -3 1 -2 -4 0 3 0 -2 5 0 2 -1 -1 -2 -2 -1 -1 -2 -1 -2 -1 2 -2 -3 0 0 3 5 2 -1 2 -2 2 1 0 -5 3 1 3 1 -2 1 1 1 1 -2 -2 -1 -4 -1 6 -1 1 4 2 -1 -3 -3 4 0 1 7 -1 -6 0 1 1 -2 1 3 0 0 -2 2 0 1 -2 -2 0 5 1 1 -3 0 5 0 -1 0 0 -5 -3 -2 -2 0 -1 -3 2 0 -1 0 -2 0 6 -1 -3 4 2 -3 2 0 0 4 -1 0 0 0 4 2 1 -3 -1 1 -1 -4 -1 5 4 2 1 -1 2 3 1 2 0 -1 -7 3 0 -4 6 0 -1 1 -3 0 -2 1 -2 3 1 -3 0 1 1 -1 3 -1 1 1 1 -5 0 0 0 0 1 0 0 0 7 4 2 5 1 5 -2 0 2 2 5 1 3 0 -1 -3 2 1 -1 1 -2 -1 0 3 -1 -4 5 0 3 3 -1
-2 2 4 2 0 2 -2 -1 1 0 -1 0 -1 -4 -2 1 2 -4 -2 -3 -3 -5 5 2 -5 1 2 2 -2 0 -3 1 0 -5 -2 2 1 4 2 -3 -7 2 0 0 3 -1 2 6 -2 -2 0 4 -1 0 2 3 -4 3 -1 -1 -3 -3 -2 -2 1 -4 -1 0 0 0 -1 1 -1 -2 1 0 2 1 -3 -3 0 -1 2 0 0 0 1 -1 4 -3 -2 -1 2 -4 -4 -1 3 -1 0 -1 1 3 3 5 2 2 2 3 -1 3 -5 -3 -1 -2 2 1 -3 -3 -3 -1 0 0 -2 0 0 4 -1 3 3 -2 0 -2 0 0 -1 1 0 1 1 0 -1 3 -2 -1 4 3 1 0 1 -4 0 0 -3 0 5 -4 0 -3 0 -1 -5 -1 -3 -1 -1 -4 -2 -3 -1 -2 -2 0 3 0 4 -1 0 -1 -1 2 -3 0 -4 4 3 4 1 3 2 1 7 3 1 0 -2 -2 3 -2 5 4 2 2 -4 0 1 -2 -4 4 1 -1 2 2 0 -2 2 -1 -3 2 0 0 -2 -1 1 1 -3 2 -1 -1 4 -2 -2 6 -5 2 2 -2 4 -2 0 -1 1 2 2 3 -2 1 -1 4 -4 -2 3 -2 0 -1 5 1 1 2 -1 -1 1 -5 3 -4 3 0 5 0 3 1 1 1 2 -1 -2 2 1 -2 -3 -1 -6 -1 0 0 0 -7 2 2 -1 2 3 -2 -1 -4 -1 -1 4 3 0 0 1 -1 0 0 3 2 -7 -4 -1 2 -3 5 2 0 -6 -2 -4 1 0 4 2 2 -2 -3 -2 1 -1 5 -1 1 -5 1 0 3 -3 -2 0 -4 0 -1 3 -4 4 -5 0 -2 -4 -5 -5 -1 0 3 -4 -1 1 2 -2 0 2 6 -3 2 -2 -1 2 -3 1 -3 -2 -1 -5 -1 0 0 2 0 1 0 4 -2 1 1 1 1 -7 -3 -1 -1 4 0 -2 2 -4 0 0 -1 0 2 -2 4 -1 4 3 0 0 -6 1 3 -1 -5 2 -4 1 3 2 0 6 0 0 -2 -1 0 -3 1 -3 -3 -1 4 6 -1 1 2 -2 2 4 -2 1 1 1 0 -3 -1 -5 0 0 1 -1 -2 4 4 -4 0 -2 2 0 -1 -5 1 0 -2 -2 1 0 1 -1 2 0 -1 -5 0 -2 2 -3 3 -3 -1 0 0 -2 1 -3 0 0 0 -1 1 2 -2 3 -1 0 0 0 0 3 4 1 -1 0 2 -3 1 -3 -5 3 -2 -2 1 -5 -2 1 2
0 -2 -4 0 1 0 -2 -1 -1 -6 0 1 0 0 2 -1 5 1 0 0 0 2 1 -7 -2 2 -4 -1 0 -1 3 -1 0 -1 0 -3 0 0 0 -5 -1 -3 -3 -2 1 1 -2 3 3 -7 -4 1 4 3 -1 -1 2 2 4 2 2 1 -4 -1 -5 -1 3 1 -3 0 3 -5 0 1 -2 -4 -4 -2 0 -4 1 0 -2 1 -5 1 5 -6 7 -1 -2 -2 -3 1 0 4 4 0 -1 4 3 2 1 0 1 1 2 4 6 0 0 3 0 -2 0 2 3 2 -2 -1 0 -2 2 0 2 -4 1 -3 -3 3 0 0 4 0 2 -2 1 -2 -3 1 2 0 1 -2 1 0 -1 2 -3 -5 0 -2 3 -1 0 -1 -1 -7 -1 3 -5 2 2 -1 0 -6 1 0 -1 0 0 3 -4 3 2 1 1 -2 3 1 -2 -4 3 -3 2 -2 -1 2 3 5 -2 3 0 3 -1 0 2 -2 -3 -3 -1 1 1 2 -2 -2 2 -2 -2 2 -3 -2 1 -1 -1 0 -4 -2 -3 0 -4 -3 -2 3 -1 0 -2 0 -2 0 -1 6 5 1 0 -1 1 3 3 4 -2 5 -1 -2 0 1 7 5 1 2 5 0 -4 1 0 -2 -2 1 1 2 0 -2 2 3 -2 2 3 3 -1 1 -1 -3 1 0 5 1 0 2 -1 -2 -1 3 0 0 2 2 2 0 0 0 -6 6 2 -2 -1 -2 -1 -3 0 -3 1 2 2 -2 -3 -1 -2 3 1 0 2 -4 3 -1 -4 3 4 3 4 3 -1 -2 3 0 3 -3 4 -2 -1 -3 -1 4 1 1 -3 0 1 -2 5 -1 -2 1 2 -1 3 -2 3 5 1 5 -3 1 4 3 3 -3 4 3 0 3 -4 0 1 -1 -2 -1 1 -4 0 0 2 1 0 -1 -1 2 -2 2 1 -3 2 3 0 -1 2 -1 -1 -3 1 -3 2 -2 0 1 -1 0 4 -4 0 2 -1 3 3 0 6 -3 0 2 2 -1 2 6 -2 -3 1 -1 -5 -2 -1 -1 1 1 -1 -1 1 3 -1 -1 -5 -3 1 -2 -2 -1 0 -2 0 1 2 -3 0 -1 1 -3 0 4 2 -2 -4 0 2 0 -1 -4 -5 -5 2 3 -3 3 1 -1 1 -2 3 -2 2 0 1 -4 0 1 -5 4 0 4 1 -1 -1 2 2 -5 -1 6 1 -2 2 1 -1 1 3 4 0 0 -3 -1 1 0 -1 -1 2 0 0 -5 2 -4 -1 -3 2 3 1 -1
-4 -1 3 -2 0 -1 -7 1 0 1 -3 -1 -2 -4 1 6 -1 -3 1 0 1 2 0 -3 -2 3 -2 1 3 4 5 1 4 -3 2 -3 -1 5 3 5 -2 3 -1 2 -1 0 2 1 -1 1 -3 3 0 -1 1 -4 6 4 -6 1 -1 -3 -5 1 1 -6 3 -1 -1 1 3 -2 -2 -6 2 4 1 -1 3 1 -1 -4 -1 -3 3 5 -3 -1 1 -4 2 -3 0 -1 -4 1 1 2 -2 -2 0 0 2 0 -1 1 2 3 0 2 3 1 0 1 -1 2 0 0 1 -2 -1 -1 2 1 3 -1 -1 3 4 0 2 1 5 0 -1 0 6 0 -4 -4 1 1 -4 4 2 3 1 1 -2 3 2 1 1 3 2 -1 -3 0 -3 5 1 -1 1 3 -5 0 -3 -2 -2 -2 -2 2 -4 3 3 4 5 0 0 4 3 -5 1 1 -2 1 5 0 0 0 -2 -3 1 -1 -1 -1 1 0 -2 2 -2 1 -1 -1 1 -2 -3 2 2 -1 -5 -2 1 2 -1 -4 -1 0 -1 2 2 4 -3 -2 0 -3 0 -1 0 0 1 -1 0 -3 -5 3 0 -1 1 -3 1 3 -5 2 2 0 1 3 3 4 -1 -1 -3 0 1 -1 -3 -2 0 -1 -1 2 1 -1 2 2 5 -4 1 1 -1 -7 2 0 5 1 2 1 4 -3 -3 0 -4 -1 -1 -2 3 0 0 -1 0 -2 0 1 2 0 4 -4 2 2 1 -5 -2 1 0 2 2 -5 -1 2 2 0 1 0 -2 3 3 -3 4 -6 -3 5 -5 -3 0 4 -2 0 0 0 -3 2 1 -4 -2 4 -2 5 -1 -3 1 -4 0 1 -2 -1 -6 6 -6 0 -2 5 -1 3 0 0 -2 0 1 -2 -4 -3 1 -1 -2 1 -2 -1 0 4 4 -1 -2 2 -2 1 2 -2 2 2 3 -1 -3 0 -4 -3 0 -1 -2 0 -4 1 -1 0 1 -2 3 0 2 -1 -2 2 1 4 -1 -5 -1 1 -2 2 0 0 -1 -3 -3 3 2 1 -4 -1 -3 -1 0 -5 -2 3 -4 -1 3 2 2 0 0 -4 1 4 0 2 1 -2 -2 0 -4 3 0 1 1 2 1 -5 0 -1 0 -1 -1 -3 -3 5 2 -2 -2 -1 2 -1 1 -1 6 -1 4 -4 -2 0 1 0 -5 -2 -1 1 2 2 2 -3 3 2 -1 3 4 0 0 7 0 0 3 3 -1 0 1 2 4 -5 -4 -2 2 -1 3 -1 3 1 -2 0 -3 1
-3 3 3 1 3 1 -1 4 -3 1 1 -2 -1 2 0 2 2 1 -1 1 0 0 0 -4 1 0 0 0 -1 2 -4 4 -4 6 -2 0 -2 -2 1 -3 -1 -2 1 0 -1 3 -1 5 0 0 2 0 1 1 -4 2 1 -1 -6 1 0 -1 -1 -3 -1 0 2 1 2 0 3 -5 3 -1 1 0 -1 3 -1 0 2 -3 -2 1 1 -1 1 -2 -2 0 -2 -1 -2 -2 3 0 -2 0 -2 3 3 0 -1 -1 -3 2 3 -1 4 -3 1 2 0 1 -1 3 -1 -1 -2 1 0 4 -2 3 -2 -1 1 -3 -2 7 4 -3 5 0 5 -1 2 -1 1 1 -2 2 2 2 3 0 -1 6 1 -2 0 2 -1 0 2 -4 -1 -4 -2 -1 -3 0 -2 3 7 4 3 -1 4 5 -5 4 1 -2 1 5 1 -1 0 -3 -1 0 1 -4 1 4 -2 0 -2 -4 -2 0 3 -1 1 -4 -2 2 4 -2 -2 1 -3 -1 3 0 1 -2 2 -5 0 -5 3 -1 1 1 -3 0 4 3 -5 1 -3 -4 -1 -3 0 -3 0 -5 -1 6 2 2 4 2 -2 3 3 0 -1 -3 0 -3 -1 -1 -2 0 4 4 1 -4 3 2 1 2 4 -2 2 -1 1 -4 2 -1 2 2 0 0 3 -1 1 1 4 3 -4 0 -3 -4 -5 0 -3 1 0 -3 -7 -2 1 2 3 1 -2 3 -2 -1 2 -1 -5 1 1 2 -1 0 0 2 -1 -3 -2 -3 2 6 2 -2 3 -1 -2 -1 -4 -3 -3 1 -1 -2 1 1 -5 3 4 0 -1 0 5 0 -1 -3 1 2 -5 0 -1 -3 -1 0 1 1 -1 -2 2 2 1 -1 2 -3 1 1 1 -5 1 1 -1 1 -1 1 -2 -5 0 -3 -1 -2 3 0 0 0 -4 2 4 0 0 -3 1 0 -2 2 -1 3 -1 0 1 -6 2 -3 -3 -3 -6 2 0 -2 4 -5 -1 -2 -1 2 -2 -3 2 0 -3 1 -2 1 2 -1 -4 -6 3 0 3 -1 -2 0 3 3 -4 -3 0 -1 -1 4 -2 4 -3 0 -1 -1 -2 2 -2 3 4 0 -1 2 -4 0 1 0 -3 1 2 0 5 0 -5 3 4 -3 1 -1 1 2 3 4 0 -4 0 5 -2 0 1 2 1 -6 -1 0 2 -2 -1 -5 -1 -2 0 2 -2 -3 2 -1 -4 0 -1 -3 1 0 4 -1 1 5 0 1 1 1 2 2 -4 -6 -5 -1 -1 -1 -3 0 -5 6
1 -4 -3 3 -1 -4 -5 -1 -3 -1 1 -1 2 0 2 -1 4 0 3 1 3 0 -1 0 -2 -2 0 -3 -3 3 -1 -3 -2 2 4 -2 2 3 0 5 -1 0 -3 -2 1 3 -3 2 -3 2 5 -2 -1 0 1 -4 3 1 1 -2 4 2 -2 0 2 1 -2 0 4 4 -1 0 1 -3 1 -2 1 5 0 -3 5 1 3 7 -2 -3 2 -1 -2 2 3 -3 4 -2 0 -2 1 -3 -3 4 2 -3 -1 1 0 2 1 -4 -2 1 -3 5 3 -1 2 2 0 3 2 3 2 -5 6 4 1 -1 1 -2 4 -2 0 0 2 1 3 -2 -1 2 -3 -1 -6 4 -1 1 -3 1 -1 3 0 3 -1 -1 -1 1 0 4 0 4 -5 0 -1 -1 2 -3 2 2 4 2 -4 0 -1 -3 -4 1 1 4 -3 0 2 2 0 -1 -2 -1 -1 0 2 -4 -2 -2 -1 -2 3 -1 -2 -2 7 0 -1 2 -1 1 1 -2 2 -1 1 1 -1 1 2 -2 4 3 -1 -5 1 -2 0 0 1 1 0 2 -2 1 -4 0 0 2 4 -3 1 -3 4 0 -1 -3 0 -4 1 -2 4 1 1 1 -4 -1 1 1 -4 -2 2 -1 -1 1 4 -2 5 5 0 -5 -4 -3 -1 2 -3 4 0 -4 -2 2 -6 -1 -7 4 5 4 4 0 -3 -1 0 1 2 4 -4 -1 1 1 -3 3 1 1 -1 5 2 -2 2 2 -3 -3 -4 0 4 4 0 3 -4 -1 -1 0 -1 3 2 0 4 0 2 1 4 0 -1 -5 2 1 1 -2 -1 0 0 1 -3 4 -2 2 0 1 0 -2 -2 1 5 -1 0 0 -2 -1 2 -2 -1 -1 3 1 3 0 4 2 -4 -1 1 4 2 4 2 4 -1 1 -1 1 3 -2 0 -3 -3 -2 1 -2 1 -2 2 2 3 1 4 1 -2 0 0 -1 -2 -4 -3 -1 3 4 0 -2 -5 0 1 -3 0 3 -3 -1 1 5 1 -2 -4 -2 1 -5 -4 1 1 4 -1 1 -2 -1 4 2 2 2 -1 2 2 -6 0 0 2 4 0 -2 -1 -1 1 -2 1 -1 -1 1 2 1 1 4 -3 0 -2 0 2 -1 2 -1 -3 2 1 -2 1 -1 -3 -1 0 -2 -4 -2 -3 -2 4 6 0 1 0 1 0 -1 0 4 0 6 1 -1 2 -3 5 3 -2 -5 0 -1 1 0 -2 -4 4 -2 1 1 5 1 -1 3 -3 1 -3 2 2 4 1 0
1 3 3 2 -2 0 -1 -2 3 -2 1 -2 0 2 4 2 4 2 0 4 0 6 4 -3 1 -1 -5 0 0 -5 2 0 0 -2 2 -1 -1 -5 2 2 3 -3 -1 1 0 0 -3 -2 -1 0 3 1 -1 0 3 -2 0 2 -2 -1 -2 3 1 -2 -2 2 -3 3 2 -1 1 -2 3 0 -1 -2 2 -2 5 2 3 -3 1 3 1 -4 0 5 -2 -2 -2 0 -2 -6 -3 -1 -1 0 -3 4 1 0 -3 2 0 0 0 4 -3 0 3 0 3 0 4 0 -1 -2 2 0 0 4 -1 -2 -1 1 -2 1 4 2 4 -1 0 -2 0 2 2 4 -5 5 0 -3 -1 3 1 4 -1 1 3 -1 0 -6 0 0 -2 1 -2 0 0 1 -1 -1 3 -2 -2 -4 6 3 1 -3 1 -7 0 3 0 4 1 3 -2 -1 0 0 1 2 2 -2 -4 -2 0 -1 1 5 -4 -4 3 3 3 2 -1 1 0 -2 -1 -5 -4 0 2 2 -2 -1 -2 2 -4 -4 -5 -1 -1 4 -1 3 1 1 -1 -3 4 -1 -4 2 -2 -2 -2 1 0 -1 -1 1 0 2 3 2 1 1 1 -1 -2 3 -3 0 0 3 -1 2 1 4 -2 -3 -1 1 3 2 0 5 0 2 2 0 -1 5 0 3 -2 1 -1 1 -2 0 -1 -5 -2 3 2 -1 2 0 -7 2 -1 2 1 0 1 0 7 0 3 1 1 -1 2 -3 -2 2 -3 -1 -1 -5 -4 3 2 4 0 -2 -2 4 -2 -4 -2 -1 0 -3 0 -2 1 0 -6 -1 2 2 -1 0 -2 0 2 -2 3 2 -2 1 -1 -1 1 -3 3 -1 -2 -1 1 -4 0 -1 -2 -4 -1 1 5 1 -3 3 3 2 -3 1 1 1 -4 0 -2 2 1 0 3 0 0 -3 -1 -5 4 0 2 -2 6 0 -3 -5 1 1 3 -4 4 3 -5 0 1 2 0 3 -3 -3 3 -2 -2 0 2 -3 3 -3 0 -3 -1 -1 -1 2 -1 2 0 1 1 -1 -3 6 2 3 -1 -2 -2 -3 0 1 0 2 0 -1 5 4 -4 -5 3 0 -7 -4 -1 1 4 1 4 1 -1 -6 0 0 -1 0 0 3 -1 -4 5 -4 4 -2 4 -2 -1 4 -1 1 0 -4 2 -1 4 -1 -1 -3 2 0 2 -4 4 0 -2 -3 0 -1 0 1 4 -4 2 -3 1 3 6 0 -1 2 -4 2 0 -1 0 0 0 -2 1 -1 -2 2 1 0 -6 2
-3 -2 -3 -1 3 2 0 -3 -1 -1 -2 -1 3 0 0 0 -2 2 2 2 -1 4 0 1 -3 0 -1 2 1 1 3 -2 0 3 0 -2 2 3 -2 -2 0 1 3 5 2 -2 1 3 2 2 -2 0 7 2 -2 0 2 1 3 1 2 0 -1 2 -2 -1 4 1 1 -3 0 -4 -4 2 -2 1 -2 3 1 1 0 -2 -5 1 -2 -2 -2 0 1 2 -1 2 0 0 0 2 -2 -2 2 -1 -3 -1 -1 -4 -3 3 -3 -1 3 -3 0 3 -3 0 2 -2 1 -1 3 7 0 -1 -7 0 -2 4 2 0 0 -2 3 -2 0 -3 -4 -1 2 0 -1 -4 -3 -1 4 -2 0 0 3 -4 2 -1 -4 0 -3 0 2 -2 1 6 0 -1 1 3 -2 5 -2 0 3 2 4 -2 -2 3 3 1 -1 -3 0 -4 -4 1 0 2 1 -4 -1 2 -3 1 -4 -3 0 1 0 2 7 -1 0 2 3 1 4 -3 -2 4 -1 5 0 -1 1 0 0 -4 -1 0 -2 -1 0 3 1 -3 3 0 0 1 -1 1 -1 -2 -6 -2 1 3 1 3 1 1 3 3 -3 -1 0 0 0 -3 -1 -1 -2 -1 0 1 -2 -2 0 -1 -6 1 -1 2 -1 2 -3 2 2 0 5 5 -1 2 0 -2 4 3 -1 -1 -1 2 0 0 3 4 -1 2 0 4 1 2 4 0 5 -6 -1 -2 -3 -3 1 -1 1 0 1 -2 -3 4 0 -2 -2 3 -1 3 -3 7 0 -2 -4 4 2 -2 1 -3 1 -1 1 -3 1 -5 -3 1 -1 -1 2 -2 6 -3 -2 -3 3 1 1 -2 -2 -3 1 2 -1 -3 0 2 1 -1 1 1 -1 -5 0 2 -1 -4 -2 2 -1 0 3 2 4 -1 -1 0 3 -3 3 -1 0 -1 -5 -1 3 -1 -2 0 -2 0 -3 -1 0 -1 3 3 1 5 1 -2 -1 2 2 4 -3 0 0 2 6 -5 2 4 -1 -2 2 1 -4 5 1 2 -2 -1 5 -1 6 1 -2 -2 -2 -2 4 -3 -3 -2 1 0 1 -2 2 4 -1 4 2 2 2 1 0 4 -6 -1 -1 0 -6 -1 -3 -3 -3 0 -6 1 5 4 -4 0 0 0 2 1 -1 -3 0 -2 2 -4 -1 0 -5 -3 2 1 -1 -1 -4 -5 1 -1 0 2 -6 3 -1 -1 3 1 0 -2 3 3 -1 1 -3 2 -5 -5 1 -3 2 0 -1 -3 2 4 5 -2 3 -2 -3 -2 -2 3 0 3
1 -1 0 -2 -3 0 -3 -2 -3 0 0 4 -6 -2 -2 4 -2 -1 -1 3 2 0 -5 -2 -2 -7 2 1 -2 2 2 -5 2 -2 0 -2 -2 -5 -1 -2 -4 -6 2 -1 0 -2 -3 -2 -4 0 4 -1 -3 2 2 -1 0 3 -1 2 1 4 1 1 -1 1 3 1 4 0 0 4 1 -3 1 -3 1 -5 6 -2 0 2 -2 -2 0 1 -2 1 -3 -3 1 -1 0 -3 2 2 -1 0 -7 5 1 3 0 1 1 -1 2 2 3 1 1 1 5 3 0 -1 0 3 -1 1 -2 -4 3 -5 3 0 2 -3 1 -1 0 4 2 -2 0 -3 0 -2 0 0 1 -4 2 0 1 3 -3 3 4 -1 -2 1 -1 -2 1 0 0 0 0 1 -2 1 2 2 -2 -1 3 4 1 -3 -4 -5 0 0 -1 2 1 2 -4 -3 1 2 -4 -1 -2 2 -2 -1 1 6 3 4 2 -2 -2 7 0 -2 -3 0 1 -2 -2 -4 -3 1 2 5 -5 -4 0 2 -1 -3 -1 -1 2 -2 -5 2 -5 3 4 -4 -1 0 -3 1 -2 -6 1 1 -1 0 0 -1 2 -2 -2 2 2 0 2 0 3 3 -1 2 2 -2 0 -4 1 -1 -2 0 1 -4 1 2 -3 -1 -2 0 0 -2 -3 -2 -2 1 -1 2 -3 -2 2 -1 2 4 0 4 4 -1 -3 0 -3 -1 -2 0 -1 4 0 4 0 1 -2 -1 2 -1 0 4 -4 3 1 1 -3 -3 1 -1 0 -1 1 -4 2 1 -2 2 2 5 -7 3 -1 -1 0 -1 0 0 4 -1 0 1 3 0 -1 0 0 0 0 1 2 1 -1 3 1 -2 0 -2 4 -1 -5 -3 -1 1 2 -1 7 2 -2 1 3 0 0 2 -4 -2 0 -2 2 -5 -3 3 -3 0 -2 -2 3 -2 3 0 1 0 1 1 4 -4 2 0 5 -1 -1 2 0 -6 -2 1 2 -2 3 -2 0 -1 0 2 -3 -4 -3 2 -3 -3 -3 3 -2 1 1 -3 -5 -1 -1 -4 -5 0 0 1 -1 0 4 -1 -1 -3 -7 3 0 -4 -1 -5 -4 -1 2 2 2 -1 -5 -2 0 2 -1 3 5 0 2 1 1 2 2 1 0 1 -3 0 1 -2 -1 -4 -2 -1 2 2 5 2 1 3 -2 -2 -4 -4 1 -1 2 -4 2 5 2 3 0 6 0 -3 -2 -3 -2 4 1 0 0 2 -1 1 3 1 1 1 1 -1 -1 -2 -4 0 -1 -1 -2 -6 -1 4
-2 -2 3 3 -4 1 -3 5 -1 -3 1 1 1 2 -1 0 -4 1 -3 -1 1 -4 2 0 1 -4 -1 0 0 4 -2 -1 -4 -1 2 -1 0 2 -5 5 1 -3 -2 -1 1 -1 -2 0 -4 0 -3 1 2 4 0 2 -2 -5 -1 -4 3 -2 1 0 0 1 1 -3 0 1 -4 2 3 1 -1 -1 2 -1 0 -2 2 -1 -1 -1 1 6 2 -3 -2 0 -1 -2 1 4 -2 -6 -3 5 0 0 5 -2 -2 0 -3 2 2 -3 1 -3 1 -6 2 -3 1 1 1 -1 -3 0 4 3 -2 4 -3 3 -3 0 5 -1 0 0 2 -5 1 1 -2 0 1 -2 -3 -1 1 4 1 -3 -2 2 0 0 -3 1 6 2 -1 3 1 -5 2 -4 2 -2 4 -2 0 0 -1 3 1 0 -1 1 3 0 6 -2 -1 -5 -1 1 0 -5 -1 3 -2 -2 0 1 -1 -3 -3 -3 4 -2 -1 -2 -2 -4 1 4 2 1 1 -3 0 1 0 1 -1 -1 -1 0 -3 -1 2 1 -3 2 -2 -5 0 1 0 2 0 1 1 2 0 1 2 -4 2 -1 5 6 0 -2 -2 -2 7 -2 -2 1 1 1 -1 4 -3 -3 1 -1 0 -1 1 4 0 -2 3 0 -3 3 -3 -1 2 1 -1 0 1 0 -5 -1 0 2 0 -2 2 0 0 7 1 -1 0 -4 3 -5 -3 0 -1 3 -3 2 -3 2 -1 5 1 0 5 2 5 1 0 2 -3 2 0 2 0 3 -3 1 -4 -5 4 3 -1 1 -3 1 -2 -3 -1 -3 -6 4 0 -5 3 -2 0 -2 -3 4 2 2 -1 1 -1 1 0 0 3 0 5 -2 3 4 2 -3 3 5 -1 -2 -1 1 -2 0 -5 0 -1 0 0 -2 1 -1 2 0 0 -3 6 -1 4 -1 -1 4 -1 -5 -1 2 3 -2 0 -2 2 1 -1 -1 1 2 -1 3 0 -2 3 -1 -2 -2 2 4 4 1 1 7 -1 2 0 5 0 0 1 -2 -6 3 1 3 0 1 0 -2 1 -1 1 0 -2 1 -1 -2 1 2 3 -3 -2 4 0 -3 2 1 -1 0 0 0 -2 -3 -2 2 -2 0 3 0 -2 0 -2 -2 1 0 4 -1 -2 -4 -1 0 1 -3 -2 -1 -3 -2 -2 0 -1 -6 4 0 -7 1 -2 1 2 1 -1 -1 -3 0 -3 -2 -5 1 -1 4 6 4 0 -2 1 -2 6 0 2 -3 0 -5 -3 -2 -3 -1 0 4 0 0 2 -4
-6 6 -2 -1 1 2 -1 2 -6 -1 -2 -2 -3 -1 1 1 0 0 -1 3 5 -2 0 7 -1 1 2 -3 4 -1 5 -2 -2 -2 1 -2 1 3 -3 2 0 2 -3 -2 -2 2 2 2 0 -1 3 3 -3 -1 1 0 1 -1 1 5 -1 -4 -1 3 2 -2 0 -2 -1 2 0 -1 0 2 0 -3 7 -5 -3 -1 3 -3 0 -1 2 3 0 5 2 -3 -4 -3 4 1 5 3 2 4 4 -4 -1 3 -5 0 -1 -2 2 -3 -2 -1 -4 4 2 0 0 1 -3 2 4 -1 -1 2 1 2 -2 0 -6 -2 0 -4 -6 3 0 -5 -1 2 2 1 0 -5 0 3 -2 2 0 0 0 0 6 0 1 -3 0 -1 -5 2 -2 2 0 -2 2 0 0 2 2 -1 0 2 -4 6 2 -2 1 2 -1 1 -2 4 -3 -2 0 -2 0 1 -3 2 4 0 4 -1 0 0 3 3 -6 2 -4 1 2 4 0 0 -5 -1 2 -4 2 4 0 4 -1 -4 1 5 1 -4 2 2 4 -1 0 2 -2 -2 1 -3 -1 -1 1 3 3 1 0 1 -1 0 4 3 1 -1 -2 -3 2 0 -2 -1 2 -2 3 0 -2 2 1 3 1 -3 3 -1 1 -2 -3 1 4 -1 -1 -2 -4 -3 -4 1 4 0 -3 -5 1 -1 0 -1 3 -4 -1 1 2 2 -2 -2 3 -2 -2 1 0 -1 0 -1 0 0 3 1 0 1 4 1 5 1 -1 -1 4 2 2 -4 0 -1 1 0 1 3 -3 -2 -6 -2 2 2 -5 0 1 -1 -6 2 2 2 -3 3 2 1 -4 4 -3 -1 -1 0 3 2 -1 -5 0 -2 -1 2 -2 -2 1 2 3 2 -2 3 0 -1 0 -2 -6 -6 4 -1 1 -2 -2 2 -3 0 -6 -3 0 -2 2 -3 -2 1 1 2 4 0 1 0 2 1 1 -2 5 5 1 4 -2 -2 2 -5 3 3 -1 -3 -5 -3 -1 2 -3 1 4 0 -6 2 2 1 1 0 1 3 -1 0 3 3 -3 -1 0 3 3 -4 0 -1 4 -3 1 0 -2 -5 -2 -1 1 2 -3 -2 0 0 1 -2 3 1 -4 1 0 0 3 3 3 -1 -2 6 3 0 -5 3 1 1 -2 -1 -6 -3 -1 0 -1 2 -1 -2 1 5 -5 -3 2 1 3 -1 -1 0 2 -1 -1 1 -1 0 3 -1 3 3 1 0 1 0 3 -1 2 0 1 1 1 -1 -2 -1 -5 -2 -2 -1 -5 0
-2 -1 1 2 0 2 -1 -2 -2 -2 -2 2 -4 0 -3 -4 -4 0 3 2 -5 0 2 3 -3 -3 -3 2 -2 0 0 1 0 0 -3 0 -1 2 5 1 -1 1 -3 -2 -2 2 3 2 1 -3 1 -1 4 -2 -1 1 0 6 0 1 2 -4 -5 -1 -3 3 -1 -3 -6 -2 2 3 -2 -3 0 2 -1 3 1 -1 1 1 -4 -5 0 -1 -2 6 -1 -1 2 3 -1 3 -4 2 2 -1 -1 2 -4 0 -2 -1 1 -1 0 -4 -1 -1 0 -1 -2 0 1 2 3 -5 3 -2 -2 0 -3 0 -3 0 -4 0 -1 -1 3 -4 2 0 2 -6 -2 -7 -1 -1 -1 -2 -1 3 -3 6 -2 1 1 2 3 -1 0 3 -3 -4 0 1 2 -1 -2 -4 -3 1 2 0 1 -1 -1 -3 1 3 -2 3 0 1 -3 2 -1 -3 -3 2 0 4 4 3 1 3 -3 1 4 2 -1 5 -1 -2 -4 0 4 1 -3 0 -2 0 2 -4 -2 3 3 1 -1 2 3 0 -1 0 1 3 -2 -2 1 0 1 1 -5 -1 0 0 5 -2 4 2 -3 4 -2 0 -6 1 0 -4 -1 0 0 0 -7 2 -3 -2 0 -3 5 -1 1 7 3 0 -2 0 3 2 0 -2 -1 4 -6 -3 2 -1 4 0 0 1 -4 1 -1 2 -1 -4 -2 -2 0 0 0 -2 0 -1 2 -1 2 -4 0 3 -1 -4 -1 -1 1 3 -2 -2 -3 0 1 4 1 0 2 -1 1 3 -2 -2 1 3 2 0 -1 -1 -1 0 2 -4 -4 4 -1 3 3 1 4 -1 1 -2 -4 -3 -5 1 -2 4 -3 -2 -5 1 2 -3 -2 2 0 -2 -5 -1 0 5 2 0 3 2 1 3 -1 1 0 1 -1 2 -1 -3 -3 -1 2 0 -2 -4 0 -3 3 1 1 0 -1 1 -7 -1 -5 -1 -2 -2 3 -1 4 -3 -3 0 2 1 -1 0 -3 2 0 -3 0 0 -2 -5 1 -3 -5 -1 -2 1 -3 -1 2 -3 2 4 -2 0 2 -2 3 1 2 -4 1 -1 0 0 0 -1 1 0 1 -1 -3 5 -4 4 2 -3 1 2 -1 -1 2 4 -2 -7 6 -3 1 2 0 1 4 -5 1 -2 4 -3 2 1 1 0 -4 0 0 0 2 1 -3 -2 -3 -3 -3 -3 4 -2 4 0 0 2 1 2 -2 2 6 -1 2 -1 -1 -4 2 3 -4 2 2 3 -3 0 1 2 1 -1 5 -2 -3 2 -5 -4 1 3
-2 6 0 -3 2 -2 2 -1 -1 -3 -1 2 0 1 0 6 1 -1 2 -2 -4 -1 4 1 2 -2 1 3 2 2 -3 2 -4 -2 -1 -1 -5 0 2 -3 -3 4 -3 -3 1 -3 3 1 4 -6 1 -3 -3 -5 1 -1 -4 0 1 3 1 2 1 2 2 2 2 0 4 -5 -1 -2 3 -3 3 1 -2 -6 4 -2 -3 2 0 2 3 3 0 0 -1 1 -3 -4 -4 -2 -1 0 -2 2 3 -3 -3 0 -4 3 2 -1 -1 5 4 1 -3 2 -1 -2 2 1 1 3 -2 7 5 -5 4 1 4 -2 -3 0 0 0 1 3 -1 -4 -2 -2 1 -4 3 4 6 2 -2 1 -4 3 -1 -3 3 2 -1 0 -2 1 0 2 0 5 1 -4 1 -2 3 0 -1 2 3 -2 -6 3 -1 1 1 1 0 -5 -2 1 0 0 2 -2 0 4 -1 -5 -3 0 0 1 -1 -1 -2 2 -1 2 2 -2 -1 3 -1 2 -2 0 0 2 -2 2 -1 -1 -4 3 1 2 -2 2 3 0 -5 2 -2 -6 -1 3 -1 1 -3 0 0 4 -2 2 1 -6 5 1 -2 -2 -1 1 1 0 0 -7 3 1 4 0 -3 0 4 2 1 2 -5 0 -2 0 -1 0 2 -2 3 1 2 -1 3 -2 1 -2 2 2 1 -1 -1 -4 1 4 3 -1 0 3 1 1 2 -2 0 -4 5 -1 -4 1 -2 2 -6 2 3 -1 3 -2 -1 3 1 -1 -2 1 -4 -1 3 0 7 0 0 -3 3 2 0 3 0 0 1 -1 -1 2 2 -5 -1 1 -2 -3 -1 0 0 0 -2 -1 0 -2 3 3 4 3 0 2 0 1 -2 -4 0 -3 1 3 1 3 4 3 -1 3 2 2 5 3 0 -7 4 3 1 1 2 -4 1 -1 0 -1 -2 1 -2 1 1 3 3 0 4 2 4 3 2 -4 2 3 -1 0 -1 0 -2 -3 4 0 1 0 -2 1 0 -2 1 -3 2 -2 -1 -1 -1 1 0 -1 -4 3 -2 0 -5 -3 -1 -2 2 1 0 -2 -2 0 -5 4 -5 -3 0 3 -3 0 1 0 -1 -1 -1 -4 2 0 0 1 -4 -1 2 0 1 1 3 -2 -1 3 -3 -3 -6 -2 -2 -3 1 -2 0 -3 0 1 0 1 -3 2 -1 0 -1 4 1 -4 3 2 0 3 -3 0 -3 0 1 3 2 -1 1 -1 -1 -3 -1 0 0 1 0 -3 2 -2 -3 0 0 3 -4 3 3 -2 6 -3
-1 1 2 -4 -2 -3 -3 2 2 -3 5 1 -4 3 -1 -1 -3 3 -1 0 -1 1 4 0 -4 -1 5 4 2 -2 1 1 -1 2 2 -1 1 0 2 -7 4 -2 -1 3 0 1 -2 -1 -2 2 1 0 0 0 2 -1 -3 0 0 2 -3 0 -1 0 1 -3 2 1 -1 -3 -2 -4 1 0 -1 1 3 1 5 -1 -2 -2 -1 -2 1 3 3 3 0 1 -3 0 -1 -1 4 -1 1 -2 4 0 2 0 -1 -2 0 1 -1 2 -2 4 -2 4 -1 0 3 -3 2 -2 -2 0 -3 -1 0 0 1 0 -2 1 -6 -1 -1 1 -3 0 1 0 1 2 1 -3 3 5 3 -1 6 0 -2 -3 3 -2 -2 2 -1 0 2 2 2 2 2 2 1 3 -3 -5 2 1 -3 0 -3 -1 1 2 0 5 -4 -2 -1 -3 -1 -3 4 -1 0 -2 -5 -2 2 -1 3 -1 -3 1 -4 -1 2 -2 0 0 -2 -2 -1 -1 0 3 -4 1 -1 0 2 1 2 -2 1 -4 -2 3 5 -3 2 2 2 2 -1 1 -2 -1 4 -4 5 4 -1 -3 -3 3 -1 3 1 1 0 -1 -1 1 3 -2 -3 -1 5 1 4 4 1 0 6 -1 -1 4 -4 -4 2 1 -5 1 3 0 -1 -2 0 -3 1 -1 3 -1 -1 0 2 -1 1 3 2 -4 0 -1 -2 -1 -3 -1 -2 1 3 -2 -1 2 2 -1 1 0 -3 0 1 -2 -2 1 2 -2 5 -1 0 1 -3 1 -3 2 0 2 -5 0 4 4 1 0 2 2 2 3 1 1 1 1 0 0 4 -3 -3 -2 -3 5 -1 -1 0 1 3 0 1 -2 2 -4 0 -2 -2 -1 0 1 2 0 0 -3 -1 0 3 -5 2 2 -2 2 -2 1 0 1 7 -2 -3 2 0 -1 5 -3 -4 0 0 1 5 -3 -4 -7 0 2 -1 1 1 -1 0 0 2 0 -2 -1 1 -2 2 -3 0 1 2 0 5 -2 -2 -1 4 3 5 5 0 -4 0 -2 -2 3 0 1 2 2 -2 4 5 0 4 -6 4 1 -2 -2 -1 3 -4 5 2 -1 -1 -5 6 0 -3 2 -1 0 1 1 4 2 -2 2 -2 0 -1 -4 4 5 1 -1 1 0 5 -7 -1 1 0 2 1 -4 -6 -1 -2 3 -3 1 -1 -3 0 -2 0 4 -6 5 -6 0 1 1 2 6 0 4 -1 0 -1 6 -5 6 1 -2 -4 1 -3 -1 -3 1 0 0 4 -2 0 -4
1 -1 2 0 6 1 -4 -2 -4 1 1 3 3 7 3 -2 -1 -4 0 0 -2 -4 2 2 1 1 0 -2 -4 2 -2 -5 -5 -5 -2 0 -2 -2 0 2 4 0 -1 -1 0 -1 0 -4 2 1 1 1 -1 1 2 -1 4 -2 0 3 1 1 2 -1 1 -4 0 1 -2 0 -5 2 -4 -3 -1 5 0 0 -2 0 -4 1 5 -1 -2 1 -2 1 -1 1 -4 1 3 -2 -1 -1 -3 1 2 -1 1 -1 -6 -4 -4 0 0 -2 0 0 1 1 -1 -2 0 -1 6 1 4 -1 -1 -3 2 -1 1 -1 -2 -1 -2 0 -1 2 -1 2 -3 -2 -3 -3 0 -1 -4 4 -6 5 -4 -2 2 5 4 -1 1 0 -3 -1 -1 -4 -2 -4 7 -1 -3 3 -2 -1 3 1 2 2 2 2 1 0 0 3 0 2 3 0 1 -1 -4 5 4 -5 2 0 -1 -2 2 -2 0 2 4 -3 0 1 -1 0 2 2 1 2 3 1 1 2 -3 0 -1 0 1 1 -2 4 0 0 1 -1 3 -4 4 -1 1 -2 -3 1 1 -4 -2 -2 2 2 -3 0 4 3 -2 2 -1 -2 -3 -4 -3 4 2 2 1 2 0 -4 1 0 4 4 -2 3 1 0 4 3 -4 4 -4 -2 -1 -2 2 1 -3 3 -2 7 2 0 0 -2 -3 7 -1 -1 0 0 1 5 1 1 -1 -3 -4 0 1 -2 0 5 -2 2 -1 2 -2 -2 -4 4 -1 4 3 2 7 -1 4 3 -4 -3 -2 1 3 -3 2 1 -2 4 -1 4 0 0 -1 0 4 2 -5 2 4 -2 -2 -3 -3 -1 1 1 -2 -2 0 -3 -4 -2 2 1 0 3 4 2 3 5 -3 2 1 -1 3 3 -2 -1 3 0 1 1 -1 -3 -1 -1 1 -1 0 -3 2 -4 1 -1 5 1 2 4 1 0 -3 7 2 -5 0 -4 -4 -2 1 2 2 3 2 0 0 -3 -1 -3 -2 -1 2 -1 1 -3 -1 -1 -3 1 1 -3 5 1 1 0 0 5 -5 0 2 -3 1 0 1 1 0 0 -3 0 0 -3 -4 5 -2 3 1 3 2 -2 -1 -1 2 -3 6 3 1 -3 0 0 -3 0 0 1 1 0 -3 0 5 0 1 1 0 -1 -4 0 -1 2 0 3 -5 4 4 -1 2 -3 -2 -4 0 2 1 1 -2 0 1 1 -2 0 0 -1 4 -1 4 3 2 0 3 1 2 2 -4 -1 -1 1 -4 -3 -2 2 -2 3 -1 0
2 -2 1 0 0 -1 -1 2 0 1 0 -2 0 -7 -4 -2 -2 0 -2 0 -2 1 0 -2 0 3 -1 4 2 7 1 -1 0 -1 -4 2 3 -2 -3 0 1 -1 0 2 4 1 1 -3 -6 -2 3 -1 -1 2 1 -3 -4 0 6 -1 -1 2 1 -1 -1 -3 -1 0 -1 2 1 0 -1 -1 -3 -2 -1 -4 -2 -1 -3 -2 7 0 1 2 1 1 1 2 -2 -1 2 -5 1 1 1 -4 -5 1 1 2 1 1 4 -3 3 2 2 0 -3 2 -1 0 2 1 -4 1 0 3 1 2 0 0 -2 2 0 -2 2 0 -4 4 1 -3 1 4 1 0 6 1 -1 -3 0 -1 -4 4 -2 -1 -2 -3 0 0 2 6 3 3 -2 2 -4 -2 0 0 1 1 0 0 -2 3 -4 -2 -1 -2 0 1 0 -1 2 5 1 -3 -2 -2 -1 0 2 3 0 1 -1 -2 -3 3 1 4 -2 5 0 2 1 -1 -4 4 0 3 1 -2 3 4 -1 2 1 -3 1 0 2 2 2 2 -2 -2 0 3 1 1 -5 1 -1 2 -4 2 2 -2 2 1 0 6 1 4 -1 2 1 1 -3 -5 2 -2 0 -4 0 -2 -3 1 1 2 -1 1 2 2 -4 1 0 3 -2 -1 -2 -2 3 -2 0 0 6 -4 3 0 -2 0 -2 1 0 3 0 -1 -2 -1 2 1 3 2 -1 3 4 1 2 2 3 -4 1 -2 -3 5 1 2 -1 4 -2 -1 -2 -1 -1 0 -4 0 -3 1 1 1 -1 4 -1 0 -4 0 -3 -2 -1 1 2 4 1 1 0 -1 -2 3 5 -2 2 -6 -2 -1 -1 2 2 3 -1 1 -1 -2 2 -2 -1 4 2 1 -4 3 -4 2 0 0 -2 -4 -6 -3 1 0 -1 -3 -4 2 -1 -2 -3 0 -2 2 -1 1 2 -1 -3 1 3 -1 -4 -3 4 1 -1 1 0 4 -1 2 0 0 3 1 4 -4 4 -3 -2 1 -3 -4 1 2 -1 -3 -5 3 2 1 -1 -3 5 -1 3 4 -2 -2 -4 -3 3 4 1 0 2 -4 0 -2 -2 -3 -2 -2 -4 -2 6 6 0 -4 4 2 2 -3 3 -2 -2 -1 4 -1 2 0 3 -1 4 0 -2 4 -2 0 -5 6 -1 4 -2 -2 -2 0 -2 -2 6 4 5 0 0 -3 0 -5 -1 -2 0 -3 1 -3 -2 -3 -5 1 -3 -3 6 0 0 -1 -1 -3 -1 -4 -3 -2 -2 -3 0 -2 -2 2 -4 -5 -1 0
-1 -4 1 -2 4 0 1 3 -3 3 -1 0 3 1 0 0 3 3 1 -1 0 -1 0 -1 2 5 1 0 2 -2 -1 -4 0 3 -2 2 2 -3 4 2 2 0 3 2 2 -2 0 -3 -1 -3 -2 -2 -7 0 1 2 4 1 -1 -2 -1 0 -2 1 3 2 2 -2 0 4 3 3 -2 -2 0 -4 -1 1 -1 -4 -3 1 -2 -2 -3 -2 -2 -2 1 -1 1 -3 4 3 5 -3 1 -1 1 2 -2 -1 2 -1 2 -2 -1 -3 -3 -2 -5 1 3 -1 3 4 3 -4 6 1 2 1 3 2 -3 1 -3 3 1 -2 0 1 -3 0 2 3 0 1 2 -2 0 1 1 -1 -2 0 2 0 -4 1 2 -4 -1 0 3 4 -3 5 2 0 1 1 2 4 3 1 1 -3 -2 1 -3 -1 3 -1 2 1 2 1 -3 -2 1 3 -1 0 5 0 0 -3 0 -4 -1 4 4 5 2 3 0 3 0 -3 2 4 1 -3 -4 3 0 0 0 -1 1 2 2 0 1 2 -1 -6 1 2 0 0 -2 3 0 -2 -1 3 -1 1 -2 3 2 -4 5 -1 0 -2 1 -5 2 1 0 -1 1 -3 3 4 1 5 1 2 -1 0 1 0 1 -2 1 1 -2 -2 3 4 3 5 1 2 2 7 1 -3 5 0 -4 0 -4 0 -3 3 -2 2 -2 1 6 7 0 -2 -2 -2 -1 -1 2 0 1 -2 -4 3 -5 5 4 1 2 3 0 -1 -2 -1 1 4 -3 -2 -4 1 7 -3 0 2 3 -2 4 -1 2 -3 0 -1 -3 0 3 -1 2 1 3 -1 0 3 -2 -1 -2 1 0 0 0 -2 0 -1 -1 4 0 1 -1 -1 4 -3 0 2 -4 -1 -1 -1 -6 5 3 -3 -4 -1 0 -3 -1 0 3 -2 -2 0 0 2 0 1 -2 1 -1 -4 2 1 4 5 -5 -5 -1 4 -2 -2 2 -2 -4 -2 -1 1 -3 6 -3 -1 2 -4 -1 0 0 -2 3 1 -2 2 -1 -3 -2 1 0 -2 -1 1 -5 0 3 -1 -2 2 2 -3 0 1 5 4 2 1 2 0 -2 -1 0 5 4 -1 2 -3 0 -1 4 4 -1 -4 2 -1 4 2 -1 -2 0 0 1 3 -5 -4 3 0 1 0 -2 0 0 -3 1 -1 -3 -1 0 -2 1 5 -3 3 -5 -3 -2 -3 -3 1 1 0 -1 0 -2 -3 2 3 1 -1 4 -4 -1 4 -2 -2 4 -2 2 2 1 0 2 -4 4 -1
-4 0 -3 -1 5 -3 -4 2 -2 1 -1 2 -1 -1 0 -1 0 1 1 7 -1 1 -2 4 -4 -2 0 -2 2 2 -2 2 2 0 0 -1 -1 0 -1 -2 4 -1 4 0 -1 5 -7 -2 -2 2 4 0 2 1 -2 0 4 -3 4 1 1 5 -3 -1 1 2 -1 0 -1 0 1 -1 -2 1 -3 2 1 -4 -1 1 0 4 1 1 0 -2 -2 2 -1 -2 1 -2 -3 0 -1 3 3 -2 -4 -2 0 1 -2 0 0 1 4 2 -1 4 0 -2 3 5 1 -2 3 4 3 -1 0 -2 2 3 -2 -1 1 1 6 -3 -2 0 0 2 -2 2 0 2 1 2 3 1 1 0 1 2 -1 -3 0 -1 -3 0 -3 1 1 4 -3 0 -1 3 0 1 -1 2 0 -2 5 2 5 -1 -5 -1 0 2 4 -1 1 -3 -1 -3 3 1 -3 1 2 0 1 5 1 3 -2 -4 -1 3 -3 4 1 1 3 5 -3 -2 -1 2 2 -4 -1 1 2 -4 -1 -1 5 -2 0 -3 2 1 -2 2 6 1 0 2 4 0 -1 0 -3 0 1 0 3 -7 6 1 3 -4 4 -1 -1 2 0 -1 0 3 1 -1 0 -1 0 1 1 -2 1 -1 -2 -4 -5 -4 1 -3 0 -4 -4 -1 2 2 4 2 3 -5 -2 2 -3 3 1 -4 0 -4 0 1 -4 0 0 7 -1 4 -2 -1 1 -2 -6 -5 0 -2 4 -3 3 2 1 0 -5 -3 1 -1 -1 3 1 -3 6 -6 1 1 1 -1 1 -5 1 -3 3 -1 4 2 3 -3 -4 -2 -2 -2 1 -1 -2 1 -3 -2 -3 2 -1 -1 -3 1 1 3 -4 -3 -1 0 2 1 -4 -2 -4 3 -4 -3 -1 -2 -3 1 1 1 0 2 1 3 4 4 1 3 0 -1 -2 0 0 -1 -2 -2 1 -2 2 -3 3 1 3 1 3 -3 -2 1 5 0 -3 3 -1 -2 2 4 -1 0 -4 2 1 -1 0 0 2 4 -4 1 2 -4 1 0 0 1 3 4 1 4 -1 1 -3 3 7 -3 -3 -1 0 -1 1 3 -1 4 -3 3 1 -4 -1 1 1 -2 1 1 -5 1 1 2 0 0 4 0 -3 3 -2 -2 2 3 -2 -1 0 1 0 2 3 -2 -7 0 -2 0 1 0 -2 -5 4 -3 1 -1 2 -3 2 -2 2 2 -2 -5 4 -1 -4 3 -1 1 0 -4 -2 2 1 -3 -1 1 2 0 2 0 0 0 1 0 1 4 -2 3
2 -1 0 -1 -1 -4 -3 0 -2 -4 1 1 4 -2 1 -2 -1 1 -1 0 -2 2 -2 -2 0 1 -3 0 0 1 0 3 0 -1 -1 3 2 3 1 -3 -1 0 -4 -2 0 -2 -2 -1 -1 0 2 -7 4 2 1 1 0 1 3 -1 -4 -2 2 -1 -3 0 -3 1 -3 -1 4 4 -2 3 3 2 0 0 1 0 -1 2 -2 0 0 -1 1 0 4 -2 3 -3 -4 4 -3 2 3 0 -5 5 0 2 -2 0 2 3 2 2 2 -2 0 -1 -5 0 -2 2 -2 -3 4 -1 0 -2 0 1 3 -3 0 5 -1 2 5 -2 1 2 -1 -4 -1 3 3 1 2 0 1 0 -2 -2 3 1 -2 -3 4 -4 1 2 2 -2 -2 1 -5 3 2 0 3 -1 2 4 1 1 -3 -3 2 0 0 -2 2 0 -2 0 4 5 2 1 -4 -3 -4 -2 4 2 4 2 -1 0 0 -1 -1 0 -4 0 -1 1 2 1 -1 -1 3 -2 1 0 -4 1 0 -6 0 -1 2 4 1 3 -4 -2 3 3 2 0 -1 1 -7 0 1 -4 4 0 -2 -6 1 0 2 0 3 2 5 3 0 -4 0 3 3 1 0 -6 4 2 -4 -5 2 3 3 1 -2 1 -3 -1 -2 -6 7 -2 -2 2 1 -3 -2 -2 -1 1 0 -1 1 0 -2 1 3 2 -2 1 1 0 -6 -4 0 1 1 2 -3 -2 -2 3 -1 3 -1 -1 -2 1 4 -1 2 4 -1 0 -3 0 0 -2 -1 2 3 4 1 5 2 4 1 -4 2 5 -2 3 1 -5 0 -4 3 1 0 2 -2 0 -1 -1 0 0 -1 3 3 -1 4 -3 -2 -4 2 0 0 1 0 3 -1 -1 2 1 0 0 1 1 2 0 3 1 -2 1 0 3 -5 0 1 0 -4 1 2 -3 1 -3 1 -6 -6 -6 2 6 0 1 6 -2 -4 0 6 4 -2 -1 1 3 -1 -2 -1 1 0 3 1 3 5 4 2 -4 -4 -2 4 2 2 0 6 3 -2 1 2 1 -1 2 -1 -4 -2 2 0 -3 0 -3 -2 -1 -1 4 0 -2 2 3 0 0 0 -3 1 0 -2 2 -2 5 -1 1 3 -2 0 -1 2 4 2 2 -3 -2 -4 2 0 0 1 3 1 2 -2 2 1 4 -2 0 0 -1 1 4 -1 3 0 2 -1 1 2 -2 2 -3 -4 1 -1 -1 2 0 -6 0 3 6 -3 -3 2 1 -4 -2 2 3 0 0 -4 -2
1 2 -1 0 -3 1 1 1 2 3 -4 1 -2 -3 0 -1 -5 1 -3 -2 -3 -3 0 -1 -3 4 0 0 2 -3 -4 4 1 -3 -5 -1 -3 0 0 -1 2 2 3 2 2 0 -2 -2 -3 -2 -2 2 0 -2 1 1 3 1 -3 1 -4 -5 -2 -4 -1 -1 -1 0 2 -3 1 1 0 3 0 0 0 1 -1 0 1 1 0 -5 3 4 -3 5 5 -2 -5 3 3 -5 -2 -1 -1 0 -1 -2 1 -4 -1 0 -3 -1 -4 -1 0 -2 2 0 -4 -2 2 0 1 -3 3 1 -1 4 -3 0 0 0 0 1 2 6 0 -2 -2 3 1 -2 2 2 -3 -5 4 -3 0 -4 2 3 -5 2 0 -2 1 4 -2 -2 2 -2 1 0 1 2 -2 2 1 2 3 0 -2 2 -2 -2 5 4 6 4 4 -2 7 -1 -1 1 -4 1 1 -3 3 -2 0 -2 1 -3 1 0 -5 1 0 1 0 1 0 2 5 1 0 0 5 -2 -7 2 3 1 -1 4 -1 -4 0 -1 2 1 4 -3 0 2 3 2 -1 5 -1 -4 -2 0 -1 -3 3 -1 0 -1 0 0 -2 1 4 -2 0 -1 0 -3 6 1 -3 -3 -1 3 0 0 0 0 1 -1 -1 1 0 -3 1 -4 2 2 -1 -1 -2 6 -2 0 -1 2 -4 -1 -3 -3 -3 -2 0 1 0 -5 -3 -1 -3 2 2 1 -1 -2 4 -3 -1 -3 1 1 1 -1 -1 -1 -4 5 2 -1 -1 5 -3 4 3 -1 -4 -2 2 2 1 3 3 4 -2 1 -1 1 2 1 0 -1 0 1 4 -2 -1 1 2 -1 1 1 -1 2 4 2 -2 1 2 -1 0 -1 0 4 -2 -2 -5 -5 -4 -2 1 3 1 0 3 1 -5 2 -2 2 6 -4 5 -3 3 3 -1 -1 -1 0 2 0 0 0 1 -1 -4 -2 -1 -1 3 0 2 -4 1 2 0 1 3 -4 -2 -2 -4 0 -6 -2 5 -3 0 -2 2 0 0 3 -4 3 0 6 2 -3 7 2 2 1 1 -2 4 2 3 -6 2 -2 1 1 -5 2 1 -1 -2 4 3 -1 0 -1 -3 3 -1 1 -4 4 -1 0 -4 0 1 1 -3 -1 -2 0 2 -1 -2 -1 0 1 0 -1 2 3 -2 -1 4 -2 -1 3 1 -5 -1 0 -1 -2 -2 -3 1 -2 -4 6 -3 -1 0 -2 0 1 2 0 -4 1 5 2 -2 1 -1 -3 0 -4 2 -1 2 -1 5 -1 -3 -1 5 -2
1 5 -4 4 -1 0 -3 0 1 2 0 -1 2 0 -1 -2 0 0 -3 -2 -3 1 1 0 0 -5 0 -1 3 0 -3 2 -5 0 1 0 -3 1 -1 1 -3 -2 2 -6 -1 -4 3 3 1 0 4 -1 3 1 -3 -2 3 -6 1 -4 2 -4 0 -2 0 -2 -2 2 6 1 1 2 0 -1 1 -2 0 1 7 -3 2 1 -3 1 0 -2 0 1 -2 4 -4 -1 2 -3 -2 -1 1 -2 3 -1 3 -1 1 1 2 -1 3 0 0 -1 0 2 -5 -1 3 0 -1 5 -1 -2 -2 -2 1 5 -1 -1 0 -2 -2 4 0 -3 -7 -3 -1 -3 0 -4 0 1 -2 -1 4 1 -2 -1 -2 4 -1 -2 5 2 3 0 2 0 1 -3 1 6 -1 -2 -3 1 4 2 1 4 -1 -4 -3 2 3 0 -2 2 1 -1 4 -1 0 1 0 0 -4 -1 0 -3 -1 -2 0 -1 0 4 0 1 -3 1 -5 -1 -2 1 -3 -2 -1 0 -4 2 2 1 0 1 5 6 -2 -2 1 2 -5 0 3 -3 3 -3 2 -2 2 -1 -2 4 4 0 0 1 -1 2 -1 4 2 -2 2 -1 1 0 2 -4 0 -1 1 0 2 3 4 2 2 -3 0 0 -3 2 1 -2 2 2 -2 -6 0 0 4 1 0 0 -2 -2 -4 0 2 -3 0 -2 0 1 1 -4 -2 0 1 -3 2 1 -1 1 3 1 1 4 0 4 0 0 1 -1 0 2 2 3 -3 -5 3 -6 -2 0 -3 -4 1 -1 0 3 0 4 -4 2 -2 5 0 4 0 -1 2 3 -3 2 2 4 -1 0 0 1 1 -1 -1 1 2 1 1 5 0 -1 -3 -1 -3 -3 2 4 2 -1 5 -5 -3 4 -1 1 4 1 0 -2 4 0 1 2 0 3 0 3 -5 -1 5 -3 -5 -1 2 0 0 4 -2 -3 3 -4 0 1 -5 0 -3 -1 -1 -2 -3 -1 0 -2 5 -3 2 -1 -7 -1 -2 -4 1 -1 3 2 0 -1 0 0 0 -2 -4 -3 0 -3 2 3 -1 -1 -1 2 -1 4 -1 -2 -5 1 3 2 -4 -1 1 3 0 1 -1 -4 4 1 4 2 2 0 -2 -1 3 -4 -1 3 3 3 -5 -3 0 1 3 -5 -5 0 -1 -1 1 3 -3 0 -1 1 2 3 -3 1 5 2 -1 -3 0 -3 1 -1 2 0 1 0 1 0 -1 -2 3 3 -1 -7 1 2 -2 -2 -6 2 4 -3 0 -1 -5 -5 -2 3
0 0 0 -1 1 -3 -7 1 1 4 -2 -6 0 2 3 1 2 3 -2 2 -3 6 -1 -2 7 -2 2 -3 3 -4 2 -2 4 1 -1 -1 2 -1 -3 -2 -3 0 6 3 -2 -2 1 0 -1 -2 0 4 -1 -2 0 0 2 0 0 2 1 -1 0 6 -5 3 2 1 2 5 4 -1 1 2 2 -1 -1 -4 1 2 -3 -2 -3 5 -3 0 -1 -3 5 2 2 -3 -1 4 -3 3 0 0 -4 4 0 1 1 -1 3 -5 2 3 3 -1 2 -1 -1 -1 -4 -1 4 1 2 -2 -4 -2 1 -2 -1 -1 0 -1 3 3 2 1 -4 2 0 -2 -1 0 -6 -1 0 -3 2 -3 1 1 -2 0 -3 -2 1 2 -3 -2 -2 1 4 -1 -2 -2 2 1 -1 -1 1 -2 -1 -4 0 -3 2 -4 1 -2 2 2 -5 0 4 0 2 -2 6 0 -1 -5 3 -2 1 2 -1 1 -1 1 0 1 3 1 -4 -2 -3 -1 -2 2 -1 -2 1 -4 0 3 -3 0 -4 1 -5 -2 -4 0 4 1 0 1 0 0 4 1 -3 -3 0 1 -3 -2 -1 -2 2 -4 -3 0 0 1 -3 0 1 4 1 0 1 -3 -3 0 4 7 1 2 1 1 6 3 4 5 1 2 2 5 3 2 2 -1 -1 0 0 1 0 5 2 5 0 1 -1 -2 4 3 3 1 -2 4 2 0 1 -1 0 0 5 3 0 2 2 1 -5 1 1 1 -2 6 4 6 -1 -1 0 -1 2 3 1 0 -1 -1 4 1 3 3 1 4 3 -2 -1 -3 -3 3 1 -4 -5 -4 -1 -2 -3 -1 0 -1 2 2 3 3 0 0 2 1 -3 1 3 -4 -7 -6 1 -2 0 -1 7 2 2 -4 1 0 4 -1 0 -1 -1 3 -6 3 -2 -2 -2 -2 -6 -1 2 1 0 1 1 -2 5 1 -1 0 1 3 -2 -2 2 -1 1 -1 3 3 1 -4 2 2 -2 1 1 3 1 -1 0 -1 -2 1 0 -1 1 -1 1 3 -1 -4 -2 -3 -1 1 3 0 1 -2 1 -1 -2 2 3 -2 -1 1 1 -2 -1 3 -4 -3 0 1 -1 -2 -4 0 -1 2 3 -6 -1 -4 1 -3 -4 -2 -2 -2 -6 -4 1 -2 3 -1 2 -5 -2 -1 0 -3 0 2 -4 1 -2 -4 1 1 -2 2 1 0 1 1 1 0 3 -3 1 2 -1 1 -2 1 -3 0 -1 1 1 2 -1 2 -3 1 -1 1 3 3 1 -1 2 2
1 -2 -2 -2 3 -1 -1 -1 -5 -1 -1 -1 -1 4 -2 1 -1 -1 -2 0 0 0 -2 0 -1 1 -2 -2 1 -4 -2 1 1 -4 -3 1 6 -1 1 -3 -1 -5 -1 1 1 -5 -2 2 -1 -2 0 4 1 2 1 -3 -1 -1 1 0 0 2 -1 -2 4 3 6 -2 -1 -2 -4 3 1 -2 -1 -2 0 0 -4 4 0 1 -3 2 1 2 2 0 0 -1 -1 1 -2 -1 6 0 0 2 5 1 5 1 1 -1 -1 -1 0 0 0 4 -2 3 6 1 1 2 0 0 -1 -4 -1 1 -1 1 -3 -2 1 2 4 2 -2 4 -1 1 -1 0 -1 3 -3 -1 1 1 -1 2 -2 1 -2 0 0 2 -1 -2 -3 2 5 -1 0 1 1 5 -1 -1 -1 2 5 -1 0 4 1 -5 -2 1 0 2 2 1 4 -1 -4 -2 0 7 -3 1 -1 -4 0 0 -3 -3 -1 -7 2 -3 -3 4 1 0 -1 -2 1 2 1 -5 0 3 3 -1 -3 -4 1 -2 0 -2 3 6 5 -2 3 0 2 -2 3 1 -2 -3 0 0 -3 0 -1 5 3 -3 4 1 -2 1 1 4 -2 0 -2 2 3 -2 0 0 -5 0 -1 0 3 0 0 -1 4 1 -1 3 -2 3 -3 4 -1 -2 -1 0 0 6 -2 2 -2 1 0 -1 2 5 3 1 2 -3 1 -2 4 0 2 -3 1 5 0 -4 -1 3 -4 -4 1 -4 -1 -1 -2 4 2 0 0 1 1 -1 2 3 -3 -4 0 0 2 -2 0 2 3 1 2 -6 -1 -2 2 3 2 -1 -1 -1 4 4 -5 0 -3 -1 1 3 0 -1 -5 -1 2 1 0 3 1 -2 2 1 -2 4 -1 1 -2 -2 3 -2 1 -1 0 -3 1 -3 1 -1 -2 1 2 1 -2 0 1 -2 -3 -4 3 -6 -4 2 -3 4 -4 -4 -2 1 4 -6 3 0 -1 -2 -2 -3 -3 -6 4 -1 -3 6 -1 5 2 -2 -1 2 -1 -1 2 1 1 -4 4 0 -1 -2 -2 5 -2 2 2 -2 0 3 -1 -1 -3 -5 -2 4 6 0 3 0 -7 0 4 0 1 -5 0 -1 5 -1 2 1 -3 -1 3 1 0 1 -3 0 -1 -4 -1 1 -1 0 0 1 -5 -1 -2 0 0 5 -1 0 -3 -1 1 0 -1 -7 3 0 -4 0 3 0 -1 -3 1 -4 2 0 1 2 -3 0 -2 3 1 4 3 2 -2 0 3 -1 1 1 -2 -2 1 -2 -1 -6 -1 3
3 0 0 -3 0 1 0 3 -2 3 -3 -4 0 1 1 0 -1 -2 1 4 -4 0 -4 3 1 1 -1 2 0 -4 0 1 -2 0 1 2 -2 1 1 1 -2 6 1 -2 1 -4 2 3 -5 2 0 -1 -5 -1 0 1 -1 -2 -1 -2 3 -2 1 4 2 -1 3 -1 0 1 2 1 0 -2 3 0 -1 1 -5 0 -3 2 2 -2 0 3 -2 4 -2 2 6 -2 -2 1 -2 -1 0 -1 -3 4 4 2 -2 -3 0 -1 1 -2 -2 2 2 0 -1 -2 1 -3 -3 1 1 -1 2 5 1 -5 3 1 -1 1 -1 1 -1 3 1 1 -1 5 -3 0 -5 -4 -2 1 -2 -1 3 4 3 0 -2 2 0 -2 2 -2 2 1 0 -1 -2 2 2 1 3 0 2 -5 2 1 1 -4 6 -7 -3 3 -3 1 0 4 -2 3 1 2 0 0 5 -5 -2 -1 -1 0 3 2 3 2 3 3 0 -1 1 -4 -3 -1 3 -1 -2 -1 3 0 -2 -3 -1 -3 3 -1 5 4 1 5 -1 0 5 -3 -3 -2 -1 -3 1 2 0 -1 1 -1 -3 -3 1 -2 0 1 0 1 1 -1 3 -1 6 0 0 -2 6 0 -3 -3 1 0 1 2 5 0 4 2 2 4 -1 1 0 -3 -5 -2 -2 2 0 -1 -5 4 1 0 5 -2 -2 6 4 3 -2 -1 -3 1 4 1 6 2 1 -2 -2 2 -2 1 -3 -1 2 -2 3 1 -1 3 -2 -1 -3 -2 2 1 1 0 -4 -1 2 -4 -2 0 0 3 0 2 1 -3 0 1 -2 2 -1 2 -5 1 1 5 -2 -2 3 -1 0 3 2 0 -6 -2 -1 2 -5 2 2 -5 -5 2 4 -3 -2 4 -2 1 4 1 2 -3 0 -3 3 -2 4 1 -5 4 -5 0 5 0 1 -3 0 -2 -1 2 0 0 2 -2 -1 0 7 -3 -1 1 -2 -1 -3 -1 3 1 1 -3 1 4 3 -2 3 0 -1 0 -1 6 4 3 -4 -2 1 3 -1 2 4 0 5 3 -2 3 0 0 -3 4 0 2 -3 -1 5 -4 0 2 -3 -5 -1 -2 1 1 -1 -1 -2 -3 2 -1 1 0 0 4 -2 -2 5 -1 -1 2 0 1 -1 -4 0 -2 3 4 -1 1 3 4 0 1 -3 1 -4 4 2 2 -2 -2 2 1 0 0 -4 -1 -3 0 1 1 -4 4 -1 -2 -3 -3 -2 1 5 1 0 1 0 3 -2 2 -4 0 1 3 -3 0 -4 1
0 -3 -6 1 -5 3 -2 -1 -7 4 4 0 0 1 -2 -2 2 -1 -4 1 -2 -5 1 -2 -4 -2 -3 2 1 -1 1 2 0 2 -1 1 -2 0 -3 -2 -1 3 -1 -1 -2 1 -3 -1 0 -1 -4 0 0 -1 5 1 1 0 0 3 -1 3 3 -2 -5 2 2 1 3 -3 -1 0 -1 4 1 1 1 6 3 3 4 1 1 0 1 1 0 -2 -2 -2 -1 -3 0 3 0 0 1 0 -3 1 0 -2 0 2 0 -1 2 1 3 -4 3 1 -2 7 5 0 -4 -1 0 6 1 1 -5 0 4 1 -7 -3 2 3 -1 1 -1 -3 -1 -1 -1 -3 -2 -7 1 -2 1 0 -1 4 2 4 1 2 0 -5 3 4 -1 4 6 2 0 3 -4 -2 2 -1 1 3 3 -2 6 0 0 -2 4 2 -3 3 3 1 0 3 -2 2 1 -2 1 -5 6 -7 3 0 -2 -1 2 1 -1 3 -1 3 3 4 -2 -5 2 -2 -1 0 -4 1 0 3 2 5 1 2 0 0 1 -3 1 -3 1 -6 -2 2 0 0 -2 -3 -2 5 1 -3 1 -3 -1 3 0 -3 -1 2 2 2 2 -2 1 -1 1 -2 3 -3 0 -2 0 1 1 0 4 -3 2 2 0 0 4 0 -3 -2 1 0 0 1 1 -4 -3 4 -5 -1 -3 1 -1 2 -1 -4 2 3 2 -3 0 1 2 1 2 -3 0 2 1 7 1 -2 5 1 -3 -1 -1 3 3 -2 -2 2 -4 -1 0 2 4 2 -3 -1 0 0 -2 0 -1 1 2 -2 1 1 -2 1 -4 2 -3 -1 3 0 -1 5 2 -1 2 3 1 3 1 -2 0 4 2 -2 1 1 -2 2 1 1 0 2 -3 -4 1 -6 5 0 0 -1 -3 -1 -1 -1 -1 1 2 3 -3 0 1 -3 -1 0 0 4 1 -3 2 -1 1 -3 -1 2 -3 0 -1 1 3 1 0 -4 1 -5 3 -2 0 -2 2 0 -1 -1 -1 5 -3 1 -1 0 5 -3 -1 1 -4 -4 2 3 0 2 4 1 1 -3 0 -2 -3 0 -5 0 -1 3 -2 3 2 1 -7 -3 -1 2 3 -2 -1 4 1 4 0 -3 0 -2 0 -1 4 2 3 0 1 -1 -3 -1 -2 -7 1 -2 3 3 2 -2 -4 -1 2 0 -2 0 2 -3 0 3 -4 -2 -1 -1 2 0 -1 4 -4 -1 -2 -1 -2 0 -3 -2 -1 -1 -4 0 -3 5 0 -1 -5 3 2 -3 -1 -3 -5 2
-4 4 4 4 -2 0 -4 -3 3 2 -3 3 0 2 2 4 -2 -6 1 2 1 0 1 2 1 -2 3 1 -3 4 2 -4 -3 -4 -1 1 5 4 -1 -5 1 2 -5 2 1 -1 1 0 2 -2 3 -1 -3 1 1 2 -1 2 1 3 1 -2 5 -1 -6 1 -5 -5 2 1 2 4 -2 -2 -2 -1 0 3 0 3 3 -2 -4 0 0 -1 -2 2 -2 3 -1 -3 -2 2 -4 3 3 -3 0 -4 0 -1 -2 1 1 5 2 -2 2 1 -2 -2 0 2 3 1 -5 -2 0 1 2 -3 0 1 6 2 -1 5 1 3 -1 0 -3 0 -1 -2 0 -3 2 3 1 -4 -4 0 -4 -1 1 -2 4 2 -2 -2 0 1 0 0 3 -1 -1 -1 -2 -1 3 2 1 -1 3 3 1 2 0 2 2 0 4 2 -2 -3 1 -5 -4 4 -1 3 -1 0 0 -1 0 2 -1 2 7 4 0 1 1 2 4 1 -2 1 0 -1 1 0 -3 3 -3 -1 3 1 -1 -2 3 0 0 0 -4 0 -2 -6 -2 1 0 -1 1 -3 4 -2 -2 2 0 1 -1 -1 -2 0 -2 -1 0 3 1 -1 -2 4 -1 1 1 0 -2 3 -3 -1 -1 2 6 5 2 -2 -3 -2 -2 5 4 -5 1 0 -2 3 -4 2 -2 2 1 6 0 -2 0 -3 -2 1 5 -1 -1 -4 -1 -2 2 1 -1 2 -5 0 4 4 2 1 -2 -2 -2 -1 -1 1 1 0 -1 -3 -1 -2 3 2 0 0 1 1 2 6 -1 0 -3 -2 -1 1 1 0 0 3 2 -3 1 -2 2 2 0 -6 -4 0 -1 -4 4 1 3 -1 -1 5 3 -5 -2 -2 -2 2 -5 2 -2 1 4 -1 1 0 4 -3 3 -3 4 3 4 2 -4 -3 -1 0 3 -1 3 3 7 -5 3 -2 2 -1 -2 -1 0 -4 -2 2 2 -1 -3 4 -3 -2 0 -3 -1 0 -4 -5 1 -1 -1 1 2 -1 -3 -3 -3 -1 0 -1 1 -5 -2 2 2 2 -1 1 4 -3 5 -2 3 0 2 4 4 0 0 -2 -5 1 -4 -1 0 0 -2 -1 0 2 1 -2 -2 1 4 2 -3 3 2 3 -2 2 4 -2 0 -3 0 1 1 0 2 -4 -3 -1 -1 0 0 4 0 1 3 0 -1 -1 0 -4 4 -1 -2 2 2 -2 0 3 2 -2 3 0 1 2 -2 5 6 1 0 2 -4 0 -1 2 0 0 3 1 -1 2 4 2 -4 -2
0 -2 -1 6 -2 1 2 4 -2 -7 -3 1 2 -2 3 1 1 -1 2 2 -3 1 -3 2 -1 -2 -1 -1 -1 -1 -3 0 0 -3 -5 4 -3 -6 0 1 2 -1 2 -5 -2 3 0 2 -3 1 0 -1 0 -2 0 1 -4 0 -1 0 2 0 0 -2 0 -2 5 0 -2 0 -3 -1 -5 2 0 0 0 1 3 -1 -1 4 -5 -4 -3 1 -5 1 1 -2 0 -1 4 -2 4 -3 -2 0 1 2 -2 3 -5 -4 0 0 0 -2 -3 0 4 -2 -2 3 3 -2 3 -4 4 2 1 1 -3 -2 -1 -1 0 -1 -5 1 -3 2 -2 -2 -5 -2 -2 -4 3 0 2 0 -1 -1 -3 0 -4 2 3 0 1 -2 4 0 3 3 -2 1 -2 -1 1 -4 -3 3 1 -1 2 -5 2 0 4 1 1 2 -1 -1 -3 0 3 2 3 2 -4 -1 4 -4 -1 -5 -2 2 4 -3 3 2 -2 -1 -1 0 4 2 -1 -2 -1 -3 0 4 0 3 -3 -3 -1 -1 5 0 2 -2 5 1 -1 -1 3 3 0 1 -2 1 -2 -4 3 4 -3 2 0 0 -2 -1 1 -2 0 0 2 -5 0 3 4 4 -1 0 2 0 0 1 1 0 -2 -2 1 1 4 4 -2 1 5 3 -5 2 0 -4 1 3 -5 2 -2 1 0 1 -2 2 3 0 7 -2 2 1 1 3 -3 -3 -4 -1 3 2 -4 0 -6 3 2 0 -2 -5 -3 6 1 -1 2 0 1 -2 -2 5 -3 0 -2 2 4 0 0 3 5 -4 1 3 4 3 4 2 2 3 4 1 1 -2 -1 -1 6 -3 -3 -1 -2 3 -4 4 -1 0 -2 1 -1 -2 2 1 0 -2 3 -1 1 -3 -1 0 -1 1 0 0 3 -2 0 1 2 1 0 -3 0 -2 0 -1 2 0 -1 0 -1 5 -2 3 -2 3 1 5 1 -1 -6 -2 3 1 -2 -2 0 1 6 2 0 -1 -1 -1 2 3 -2 -3 2 7 -3 0 0 -1 3 2 0 1 -2 1 1 -2 0 -4 3 -2 -1 -4 -1 1 0 -6 0 3 -3 0 -1 3 0 -3 0 0 -2 3 2 -2 0 0 -2 -1 -1 -3 0 3 2 1 -2 6 -4 -1 2 -3 0 2 0 -4 5 2 3 1 -1 -4 -3 0 4 -2 1 1 1 2 1 1 -3 1 1 2 -1 -2 1 -5 6 1 -1 -1 0 0 -5 -5 1 2 1 1 -2 -1 6 -2 -2 1 3 1 -2 1 1 -5
-1 1 -4 4 2 2 0 1 -2 4 1 0 3 -1 -2 4 -5 6 -4 0 0 1 4 4 2 -1 -3 4 3 4 6 -3 0 2 0 1 1 -3 0 0 4 1 1 2 3 -2 1 -7 1 5 -1 2 -1 -2 1 -1 1 -6 -1 -1 -1 -2 -1 0 0 -1 2 -2 -1 2 -5 3 -2 3 -1 2 -4 -1 -4 2 0 -3 -1 -1 -2 -1 2 2 0 -2 0 -2 -1 0 3 -1 -3 4 3 -2 0 -1 -1 -2 -1 -1 1 2 -2 1 4 1 0 0 0 -1 -2 -2 6 -1 1 -5 1 0 5 -5 0 -4 -1 -1 -5 -1 0 2 2 0 -1 1 -3 -6 3 -5 2 -2 -2 3 2 2 -3 -3 -1 3 -1 2 -3 3 5 1 -4 -2 4 1 1 -2 0 -3 2 4 0 -1 2 -2 1 -2 4 3 -4 0 5 1 3 -1 -1 1 2 5 -2 0 -2 3 -3 -2 2 5 1 1 3 0 0 -1 1 0 0 -1 -1 -1 -1 -2 0 -5 0 0 -1 0 6 0 -2 0 0 -4 -4 0 -3 -3 0 1 1 6 -2 -1 1 -2 -1 -2 0 0 -1 -5 -1 -2 -2 6 2 0 -2 -6 4 -4 2 2 -3 1 3 -2 -1 3 1 -1 3 -2 2 1 3 -1 0 -4 -1 -2 -4 -1 0 1 1 0 -1 4 -3 -1 -3 -1 0 0 5 3 0 4 1 0 1 -1 -4 1 -3 2 3 -1 0 -2 2 -4 5 2 1 2 -2 0 2 -2 -3 4 2 2 5 0 1 1 -1 3 1 0 1 6 2 -1 -2 -3 -5 3 -1 1 5 -1 -5 3 1 -3 0 -5 -5 -2 0 0 -3 4 -3 1 -1 5 4 0 -1 0 1 1 0 4 -4 2 0 -5 2 4 0 -3 -1 3 1 0 -3 2 5 -3 6 -2 2 2 -1 -1 -2 0 -1 0 -2 6 4 1 -1 3 2 0 0 3 -1 0 1 1 2 2 1 3 -2 -2 2 4 2 2 1 -3 1 4 -3 0 1 -3 1 2 0 1 -1 -2 2 0 2 -1 0 -1 2 0 -5 3 3 0 -3 -3 3 4 0 -6 -1 0 0 3 3 2 -3 -1 0 1 -3 1 3 0 -4 0 -1 -2 3 4 3 2 -1 0 2 5 0 0 1 3 2 5 -3 0 1 0 -4 2 -3 -3 0 1 -1 -1 -3 -1 -2 4 1 1 1 -2 -3 2 2 0 1 -3 3 1 -2 -1 0 1 4 2 -3 3 -6 -3 1 1 -2 -1
43 2 1 4 3 4 1 2 5 4 0 -1 0 -3 0 -2 1 3 -2 0 2 2 -3 3 1 -2 -2 -3 0 4 3 -1 0 -3 0 0 -1 1 2 -5 3 3 5 2 1 -2 6 -2 4 -2 5 1 2 -4 1 -1 5 4 -2 2 -3 -3 -1 -1 2 4 1 -2 -3 2 1 2 1 -2 0 3 -2 3 0 0 -1 1 -5 -2 -1 1 -3 -3 0 -1 -3 -1 0 1 -2 6 0 0 -1 1 -6 2 -4 1 0 4 1 -2 2 -5 3 -2 0 0 -1 2 3 -1 -3 -1 -6 -1 1 5 4 -3 1 0 -2 2 -1 0 0 -2 2 1 -1 -1 0 -1 1 -2 -4 1 7 -1 -1 -4 -1 1 1 1 -2 -1 -1 5 -2 -4 0 2 0 -2 2 0 1 -1 3 6 0 0 3 -5 2 -1 -4 1 4 1 0 2 1 -3 3 -4 -1 -2 6 3 -3 -6 0 -2 -2 -2 -2 -1 -1 -1 3 -2 -3 1 -1 1 7 1 -1 -3 3 -1 1 4 4 -4 -1 -1 -3 0 -1 1 3 2 -2 4 -1 -3 -1 5 -5 -2 -5 -1 1 3 3 -1 -5 -3 -4 1 -5 -1 1 -2 -3 2 4 -2 1 1 -1 1 1 2 3 1 2 1 1 1 1 -1 0 -4 -2 4 -1 2 -4 1 -6 0 3 4 -2 -4 -2 2 1 -2 -2 0 -1 3 3 -1 0 -1 2 -3 -1 -3 -1 2 1 3 -1 0 -5 -2 2 -3 3 1 -3 2 -5 -1 0 -4 -2 2 -1 -2 2 2 5 -1 1 -5 -5 -1 -7 -1 -2 2 1 1 0 2 1 -1 2 3 0 0 -2 -2 4 0 0 -3 0 1 -2 2 0 3 -6 -3 2 1 -1 -3 -2 1 2 -2 -2 0 4 2 2 1 0 0 3 0 -1 0 -6 1 -1 0 4 0 1 0 -1 3 0 -4 -2 -1 0 4 1 -4 0 2 0 2 4 3 -1 0 0 -1 0 -6 2 -2 1 -1 3 2 2 4 -3 0 -1 -2 -1 3 -6 4 0 0 4 -1 3 -4 0 -2 1 -5 -3 2 3 2 -2 0 1 0 5 2 -5 0 1 4 -4 2 1 -1 -1 1 2 -4 0 -6 -1 3 2 2 -1 -3 2 -1 0 -1 0 -1 1 -2 -2 2 0 -2 1 -1 -2 -1 4 4 3 -3 0 2 3 2 -1 -3 0 -3 0 -2 0 -2 0 1 -5 2 0 0 -1 5 1 -1 -1 0 3 2 2 -2 1 1 2 0 4 6 -1 2 -3
104 -1 0 2 -1 3 -1 1 2 -2 1 1 3 -5 1 -2 2 0 1 -3 1 1 2 -1 -1 -2 -1 5 3 -2 -1 -2 3 -1 7 3 2 -1 0 0 -3 -1 -4 1 0 2 0 -1 5 2 2 -1 -1 1 -1 -1 0 1 0 -5 2 -3 2 0 -2 -1 -2 2 -1 3 0 -1 -4 3 0 1 0 2 3 -1 -3 -3 -3 -4 -1 3 -2 0 1 -1 -2 -1 -2 0 -2 2 1 -2 1 -1 0 2 0 -2 0 -5 -2 4 0 2 -3 1 0 -4 -3 -1 3 1 -2 -2 3 0 1 -2 4 0 1 4 0 -2 6 5 -2 3 -1 3 0 2 -1 2 0 -1 -1 -1 2 3 2 1 7 0 -1 -1 3 -2 3 -2 0 3 -4 2 1 1 0 1 3 5 4 3 0 5 4 -5 3 3 0 1 3 1 0 -1 -3 -3 0 5 -3 -2 2 -5 1 -4 -4 0 2 2 2 3 -4 -1 3 7 -2 -2 4 -2 -1 1 -1 1 -1 4 -7 2 -4 -1 -1 0 0 -5 -2 3 1 -2 1 -2 -2 4 -4 2 -2 0 -4 0 5 1 -1 2 3 -3 4 3 2 -3 -4 0 -3 -3 -1 -1 1 2 3 2 -1 4 3 1 0 3 -2 1 -1 1 -2 2 -2 3 1 -2 3 0 -1 -2 -1 0 1 -1 -2 -3 -6 0 1 -4 2 -3 -5 -6 3 0 0 3 0 -4 3 -3 2 3 -1 -7 4 3 0 1 -2 0 0 -2 -1 2 -1 3 3 1 0 3 0 -4 -2 -2 -1 0 0 -1 -1 0 0 -4 2 3 -1 0 -3 2 0 -1 -3 4 1 -4 0 -1 -4 1 0 -2 -1 -3 0 4 1 -2 -2 1 -1 -1 1 2 -6 3 1 0 0 0 1 -2 -3 0 -1 -2 -4 2 -2 3 0 -4 3 2 0 0 -1 1 1 -3 5 -2 -1 -2 0 0 -2 4 -2 -3 -1 -3 2 1 1 5 -3 2 -3 -1 2 -2 0 5 -2 -1 1 1 1 3 -2 -5 -5 2 2 1 -3 -2 1 5 2 -3 -5 1 -2 0 0 -1 5 -3 0 0 -1 -2 1 2 3 4 0 0 1 -1 1 2 0 -2 -3 1 4 -1 0 -4 4 5 -2 2 -1 1 3 3 5 2 -1 0 4 -5 1 4 5 1 -6 2 0 4 -1 -6 -4 1 -3 -1 4 -1 -3 2 1 -1 0 -2 2 2 1 4 1 2 2 -1 -1 -1 -2 1 3 -3 -5 -3 0 -1 -2 -2 3 0 3
81 3 1 3 4 -1 2 -1 2 0 0 3 1 2 1 -1 -2 0 -1 3 3 2 -3 4 -1 4 -5 3 5 -1 -1 -2 1 1 -2 3 2 0 2 -2 3 -4 -4 1 -1 1 -3 -4 0 3 6 0 1 0 2 -2 0 1 -6 0 2 2 1 -3 -2 2 -3 1 1 7 1 -2 0 1 -1 5 0 3 6 0 -2 -2 -1 1 2 1 -2 1 -1 -2 1 -1 -2 0 2 -1 -1 0 2 4 -4 2 -2 2 2 -1 1 -3 2 2 -2 -1 3 1 -7 -1 3 4 -2 6 1 1 2 -2 2 -1 -2 1 2 2 0 -2 -4 2 -1 -2 2 0 3 -2 -3 0 -2 0 5 3 1 -1 1 -1 -2 -1 1 3 -1 6 -4 2 0 -3 4 -4 -3 2 -1 2 -2 3 3 -1 -1 1 -2 2 -2 -4 0 0 1 3 -2 -1 -3 0 3 -4 1 -3 0 -1 -4 5 -1 -1 0 -1 -1 0 4 -4 -2 -1 2 3 -2 4 2 1 -1 2 1 1 0 -2 2 -6 1 3 2 -2 -5 1 0 2 -1 0 2 0 0 -1 0 -4 -1 5 0 4 2 -1 -2 1 -1 1 0 -1 0 6 4 2 1 -3 -2 1 3 1 1 -2 1 2 -3 0 5 3 -5 -3 -2 2 1 5 2 2 0 -2 -3 2 7 -5 -5 1 1 2 5 -4 -1 -1 -3 5 3 -1 -2 3 2 2 -4 -3 1 -3 2 2 0 2 4 0 -6 4 -2 1 -2 -1 -3 0 -4 -4 0 -3 -2 1 -5 -2 1 3 -2 -3 -4 -2 1 -3 -3 -2 -2 -1 0 2 -2 -1 -1 2 -2 -4 5 1 3 -3 -1 4 -5 3 5 -1 2 -4 0 1 -3 -1 1 -3 2 7 -1 1 -3 3 1 -3 0 -2 0 5 -2 1 2 -1 0 0 -5 -2 -3 4 -2 -2 0 1 -3 -5 -1 3 -2 4 0 4 -1 -2 -1 0 -1 1 0 -3 0 3 1 0 1 3 3 1 -1 0 1 0 -2 -1 3 -2 0 4 -3 4 1 0 -2 4 -2 -2 0 -1 2 -3 3 1 2 2 -2 0 0 5 1 0 -3 0 0 1 -3 -5 -2 2 1 -4 -3 -1 3 -3 0 1 0 -1 0 -2 -1 6 0 0 2 0 -2 -2 -1 1 -2 -2 5 1 0 -3 3 -5 1 -3 0 -1 -1 1 0 0 0 3 0 -2 0 1 1 2 2 -1 -5 2 -2 1 -4 -1 5 0 -2 -1 -1 0 -1 3 3 1 -3 -2 3
8 1 -2 0 0 -4 1 0 -1 -1 -2 1 -2 -1 3 0 -4 1 0 -3 -1 -5 1 -2 -1 0 0 1 2 -2 -1 1 0 1 1 -4 -3 -2 -6 2 2 1 -2 1 0 -3 1 -2 -3 -3 -1 3 0 1 -3 3 3 0 0 -2 -1 2 1 2 -1 2 -2 3 2 1 -1 -3 1 -2 2 4 1 -1 2 0 0 -1 3 2 -2 1 3 0 1 2 -1 0 5 0 -1 1 2 0 -2 -2 0 -1 2 -3 0 -1 -2 1 0 -2 4 -2 1 -2 -2 2 -3 4 -1 -3 1 -5 0 -3 -4 -2 0 1 0 1 2 -2 -5 4 1 -1 -3 -1 4 -3 2 0 -3 1 -2 0 -1 -3 2 2 0 3 2 5 0 0 4 3 2 -4 -1 -2 -1 2 -4 3 0 -4 -4 1 -2 -1 2 -6 -1 -1 4 -3 0 1 -4 -2 -4 -1 -2 -5 -1 0 1 2 5 -4 1 -2 2 0 -1 2 -1 -1 -3 -3 2 2 2 -1 -5 5 -1 0 -1 5 4 2 1 1 3 3 0 -1 0 2 3 1 -1 0 2 -2 -2 4 -5 -3 -3 4 1 -3 1 2 3 4 0 -2 1 3 2 -2 -2 -1 -3 0 1 -2 -1 4 2 2 3 0 -4 3 4 2 -6 0 -1 -3 1 1 1 3 2 -5 4 -5 0 0 -6 -1 1 0 -1 3 -2 0 -6 -2 -4 -2 3 2 4 0 -1 4 4 -1 -3 -1 -7 1 0 -1 -1 -4 1 -5 0 0 -2 3 1 2 -1 -3 2 -1 -1 -6 2 1 0 -5 0 -1 0 0 2 -3 3 -2 5 3 -7 1 -1 3 1 -1 -5 -3 2 -4 0 -1 -2 1 1 0 1 2 0 2 0 -2 1 1 2 2 -5 -6 -3 -1 5 -1 3 2 -3 4 0 1 4 3 -2 -2 -2 2 -7 0 2 -4 3 -1 1 1 0 2 2 0 -2 -3 -2 2 6 -3 0 -3 2 1 -1 0 -4 0 -1 -1 -4 0 -1 -1 3 -2 2 -2 2 1 0 3 0 -2 -2 4 -2 0 2 2 2 -1 -3 1 2 -3 -4 -3 -4 2 5 -3 5 -1 -1 0 1 4 2 -3 4 -3 -1 3 -1 0 0 -1 2 -3 -5 4 -3 5 1 0 2 3 1 1 1 -1 -1 -1 -1 5 -1 0 2 -1 3 3 -2 -1 -3 3 1 3 2 1 -1 0 -4 -3 -2 -3 6 2 -4 -5 -1 -2 -2 -7 1 4 -3 0 1 -1 3 -1 3 1 1 1 0 -3 -1
22 6 1 1 0 2 -2 -2 1 3 0 1 0 -3 0 -2 -1 -2 -2 3 4 0 1 -2 1 0 -2 2 0 -2 2 1 -3 2 -3 0 3 0 1 -3 1 -4 -1 4 -2 0 -3 -1 1 1 2 -1 3 -2 -1 4 5 1 0 -1 6 -3 4 -2 -1 -1 1 0 -1 2 2 0 -2 -2 0 4 -3 -2 1 -2 3 -4 -2 0 -1 -2 0 2 -4 6 1 -2 0 -2 1 -3 -1 6 -4 -2 -2 2 0 0 -2 5 -2 2 -4 0 -2 4 -5 1 7 -1 -5 1 0 -1 -4 4 -1 -2 3 -1 2 -1 -2 2 -7 1 -2 0 3 -2 2 -2 3 1 -3 1 -1 0 2 1 2 -1 -3 2 6 3 -5 1 2 -1 -2 -2 -2 0 0 2 -2 0 3 0 4 6 0 3 -1 2 1 1 6 7 1 -2 -4 5 -2 0 0 1 0 -1 -5 3 2 0 2 -1 -1 1 -1 4 2 7 2 4 2 -2 0 1 0 0 -1 1 2 0 -1 1 0 1 -4 -1 -4 2 -1 4 -2 1 -3 -3 5 -1 0 0 0 -1 -2 -3 -1 0 -4 -1 -1 0 6 -1 2 -2 -3 3 3 0 -2 1 0 0 -1 3 -2 -1 0 -6 0 2 0 5 -2 -2 0 3 2 1 -3 3 0 -1 3 -3 1 -4 0 1 1 1 0 3 -2 3 3 0 -3 4 0 -1 3 1 1 4 -2 -2 -4 -1 -1 1 -1 -1 2 -1 -2 -3 -2 7 -1 1 1 2 3 -2 -3 -2 -2 1 -2 2 2 3 0 1 3 1 -4 7 -1 -7 1 -1 -5 -1 -2 -2 -2 0 4 1 1 -1 -1 0 0 0 2 4 3 1 -2 0 0 -3 -2 0 -1 -4 -1 0 1 1 3 2 -5 -1 5 -2 0 4 -1 1 -1 -7 -1 -2 -1 2 -5 0 0 -1 -2 -1 -3 -3 0 -3 -1 -3 -1 0 -2 1 -4 3 3 -4 5 -1 -2 -2 1 1 1 1 -2 4 -5 2 0 0 -4 2 -1 0 -1 0 -7 -4 1 -4 -1 3 -2 -5 -2 -1 -3 -3 -3 -1 1 3 5 0 2 -2 1 -3 0 -2 -2 0 -1 -4 -2 -1 -1 -1 0 -1 -3 0 -2 -4 0 3 4 -2 -6 -2 -1 -4 -2 3 1 -2 2 0 -5 -1 -1 -3 -2 1 2 2 -4 4 1 1 4 -3 0 0 4 2 -1 2 -3 0 -1 2 -3 -1 2 -4 2 1 -4 -2 -3 3 3 2 -4 3 -3 -3 -4 -2 4 2 -1
67 -2 -2 4 -2 0 0 1 2 4 1 3 3 0 -3 -5 1 -4 -1 3 -3 -3 1 -2 -1 -2 -4 4 4 4 -4 4 -7 6 1 2 1 -3 1 -2 -1 -1 2 1 1 1 0 1 3 1 4 -1 0 3 -2 1 -1 0 -3 -1 -1 -3 0 0 -4 -2 -4 -1 -2 -1 1 -7 0 1 0 1 2 0 6 -1 -1 -2 -3 -5 1 -1 0 0 -1 -2 -2 -2 -3 0 5 -1 3 -1 1 0 -1 0 3 1 1 -3 2 -1 1 4 1 -2 0 -1 3 4 -6 4 -2 2 2 -1 -2 -1 1 -3 3 -3 -2 1 2 -4 -2 -4 0 1 1 1 -2 -5 -1 1 -1 0 3 -1 -4 2 -2 4 1 -1 0 2 -3 2 -3 1 4 -2 -1 -5 1 0 -4 2 1 1 -1 -1 0 0 0 0 2 -1 1 1 0 -2 4 0 1 1 -2 0 -1 -1 2 -3 -2 0 3 0 1 3 -4 1 0 -1 -3 -1 1 4 -1 1 1 0 2 1 6 1 1 2 0 0 0 2 -3 4 0 -5 1 -1 1 -3 -1 -1 0 -2 3 0 2 0 -2 -1 6 1 3 -1 -1 5 -1 0 0 5 -2 1 -3 -4 -1 0 1 0 1 5 1 4 0 -2 -2 -2 -2 0 0 0 -1 -1 2 -2 -3 -1 -2 -2 2 -1 -2 2 -1 0 0 -2 -1 3 -1 3 1 1 -1 6 3 0 -1 -1 3 -1 3 -1 3 -2 1 1 2 -5 3 2 5 1 1 -2 1 3 1 5 0 -2 -3 -5 -4 3 4 -3 1 -4 0 -2 0 -1 -2 -6 -3 5 -4 -4 2 1 0 2 3 0 3 -2 3 2 1 0 -1 2 0 2 -1 1 -2 1 -4 3 -7 1 3 -4 5 -1 4 1 1 -5 5 3 2 2 -4 1 1 -1 -3 5 -1 -2 0 3 2 1 -4 -4 5 -2 0 -4 3 3 -1 -4 0 3 -2 -2 -1 0 4 -7 1 2 -3 -3 -2 0 1 4 3 3 1 0 0 -2 3 4 -2 1 1 -1 -2 5 0 2 -1 2 -3 0 2 2 -5 -4 -1 -5 -1 6 -2 -1 -2 -1 4 -2 -1 -4 -1 -1 2 -4 2 4 3 4 1 0 -1 2 -4 1 1 5 -3 0 4 -2 2 0 3 0 2 2 2 -1 7 -2 2 -1 2 -2 -1 5 -1 1 1 0 2 3 0 -1 0 4 -2 2 1 7 3 0 -1 -1 -1 1 2 -1 -2 1 -1 -2 -1 5 -5 -1 -1 -4 -1
36 -7 5 3 0 1 3 4 2 1 -4 1 -2 -3 -4 0 -2 -1 -2 -3 0 4 -2 3 1 -4 5 4 4 0 1 3 0 4 -1 -2 -2 -3 -1 -3 -5 -2 3 0 -2 1 2 -2 1 2 3 -3 0 1 -3 -2 -1 -1 1 2 -2 1 -2 2 -4 -2 -4 2 0 -7 2 -3 -4 1 -1 -1 1 -3 -1 -2 1 5 -2 -4 1 1 -3 0 -3 2 -2 -2 2 1 1 -2 0 1 -3 3 -4 0 2 2 -2 -4 1 -1 1 0 -2 2 -3 -1 3 -1 5 -4 -5 -3 -1 0 0 -1 -1 0 -1 0 1 2 0 1 -5 2 2 -5 0 1 2 0 1 4 1 -5 3 0 -2 1 1 2 -3 0 1 -1 4 1 -4 0 0 -2 0 1 1 1 -4 -4 -1 2 1 1 3 1 3 -3 1 2 -2 -2 -4 0 -2 3 0 2 1 1 3 -2 -3 -2 3 -4 0 -1 3 3 -1 1 2 2 -3 -3 -5 2 0 -5 -3 0 -1 2 -3 1 -1 0 0 -1 -3 4 1 -1 0 -3 -4 1 4 -2 -5 4 1 -1 -2 -3 4 0 5 0 2 -1 -1 2 -1 2 3 -2 3 1 6 -2 5 1 -1 -4 0 -4 0 2 -1 0 0 4 -4 -3 0 5 0 -1 0 -2 2 0 2 -1 3 -4 0 3 -4 1 3 1 -3 -3 -1 -1 -2 -1 -2 -1 -1 -3 -1 -2 1 3 1 1 0 2 3 0 1 3 0 -1 -3 4 1 -1 3 -4 -3 6 6 0 0 -4 1 0 -2 -2 -4 1 -1 1 -3 0 2 1 -1 3 2 -5 -5 3 1 -1 -4 0 -1 2 -2 -3 -1 3 0 3 3 4 -3 -1 -1 2 7 6 6 3 3 1 -2 2 3 1 3 1 4 0 1 3 2 -1 1 -1 1 3 5 0 2 3 -1 2 -5 -3 0 -6 2 2 1 0 0 -2 0 -2 -1 -2 -4 0 -2 -1 2 -4 -1 1 5 0 0 1 -1 1 -3 -2 -1 4 1 0 1 0 -2 0 -4 1 0 2 -1 -1 0 -5 -1 5 1 3 2 3 0 -3 -6 0 -4 2 2 1 2 1 3 2 0 4 3 0 1 -4 4 0 -4 0 2 -1 -3 -2 2 -2 0 -3 2 3 -1 -4 2 1 1 -5 -3 -1 1 -2 0 0 -1 0 2 2 -1 0 2 5 -1 2 3 2 2 5 -1 0 2 1 3 -1 4 -1 -3 1 -2 -1 2 -2 2 1 -2 2 1 1 2 -5 -7
23 -2 2 -1 2 -2 1 1 2 -3 1 -4 -2 -5 1 -2 3 3 -7 2 2 1 -1 1 -1 -2 -1 -1 1 -2 -2 -1 2 -3 -2 -1 0 1 2 -2 0 -2 0 3 0 -3 2 3 1 -3 0 -4 -2 3 -1 0 -1 -1 0 0 1 -1 1 0 3 -3 1 2 4 -3 -3 0 -2 -2 2 -2 3 2 -5 -3 2 -1 -2 0 6 -4 4 1 0 1 3 1 -2 0 6 -2 -1 3 -3 2 -5 0 1 1 -2 -3 1 -2 1 -1 2 5 -5 1 0 1 4 2 -1 2 -1 1 2 0 1 -1 -1 1 -4 1 1 1 2 -2 -1 -3 -3 -3 2 0 -1 -5 0 3 -1 1 -1 4 0 2 -2 -2 -3 3 -1 -2 -5 -2 5 0 -2 3 2 -1 -4 2 -2 2 -1 -3 -1 1 2 0 -1 -2 4 -3 -1 0 -2 -3 -4 -4 2 -1 -1 0 -1 3 0 -1 2 -2 3 2 0 -1 2 1 -3 3 -3 0 2 -2 2 -7 -4 2 1 2 3 3 -1 0 -4 4 -1 0 0 -1 -4 1 -2 2 0 0 -1 2 0 2 2 0 -1 -2 -2 5 3 2 3 3 4 1 4 -2 5 -7 4 5 -3 -6 1 0 -3 5 0 5 3 -1 3 -3 2 -1 1 3 1 -4 1 -3 -2 -1 0 -1 0 -2 -2 0 2 2 1 5 -4 -1 0 -3 -3 1 0 1 1 6 3 0 0 -3 3 -3 -3 -1 2 -1 -1 1 2 6 1 0 0 -1 -2 4 -3 2 2 1 -1 -4 1 -3 1 -4 1 2 -4 1 -1 0 0 -3 1 -4 -2 0 0 -3 -3 1 -2 -2 -3 0 0 2 1 0 -1 1 -1 -3 1 2 -4 1 1 0 -5 -1 -2 4 1 2 -2 0 -2 -3 -3 -1 -2 -4 0 -2 -1 0 1 -1 -2 2 0 -3 -3 -4 2 1 -3 0 4 -7 0 -1 -5 1 1 0 1 -1 -4 3 1 0 -1 -2 1 3 -2 -2 0 3 -3 -2 0 -2 0 -2 2 -1 0 4 4 -2 -4 1 1 3 1 -6 4 0 3 -2 1 -7 -2 -2 -1 -6 -4 -2 -2 -3 -3 0 4 -3 -4 2 1 -1 -2 1 -6 3 -1 3 4 -2 2 -2 3 -1 -1 6 2 3 1 -2 0 1 0 -4 2 -3 3 -3 -6 0 -7 4 -5 3 5 -1 -2 1 1 -1 2 1 4 1 -1 2 2 1 2 -1 3 0 0 3 5 -2 3 -2 2 4 0 1 0 2 0 1 -2
76 0 2 1 -4 0 -5 0 -4 -5 0 4 0 -3 -1 -2 0 0 -3 -1 2 -1 -2 2 1 0 0 -1 -4 0 1 5 4 0 -2 -1 -3 -1 -4 -1 2 1 -2 3 -5 -2 -7 -2 -2 4 -5 1 1 2 -3 -1 -2 -3 3 5 4 0 3 6 -1 2 -1 2 2 -1 -3 -2 -1 -4 1 7 -2 0 -1 3 -5 -2 3 2 2 -2 1 -1 4 2 1 -4 2 2 -2 0 0 -4 0 0 0 2 3 -3 -3 1 -3 -1 0 -1 3 3 -1 -2 2 1 3 -3 0 0 6 -1 2 -4 -1 1 0 1 2 0 -3 -3 0 -2 1 -1 -7 -3 -3 -1 1 -3 4 2 -2 -5 -1 0 1 -3 2 -1 -2 -2 3 -1 3 0 4 2 1 -2 -2 2 -3 0 -1 -3 1 1 3 -7 4 -3 -2 3 1 -1 2 0 -2 -2 -3 -5 1 3 0 -1 4 2 1 -1 2 -4 2 -4 -1 1 -4 -1 1 -1 -2 2 4 -1 2 5 3 1 -1 3 4 1 2 -2 0 0 -4 -1 2 0 -4 1 -1 -4 -1 -2 -1 0 0 -1 -1 2 2 2 5 -4 -2 -2 3 1 -1 -2 3 1 -1 -3 6 3 4 4 0 -1 0 -4 0 -3 0 -1 -2 1 0 4 3 1 1 0 1 1 -4 4 -2 -4 1 -1 2 0 0 3 -3 2 1 0 0 0 1 2 -1 -2 -4 -3 1 3 4 -2 -2 -3 7 2 1 -1 0 1 1 -2 -1 0 2 6 1 -3 1 0 6 6 -1 -1 2 2 -7 2 -3 -4 0 6 -3 2 0 2 1 1 0 2 4 -2 -3 2 0 6 -4 1 1 0 0 -1 1 1 -3 0 1 -2 0 -2 -4 1 -2 0 3 2 -1 0 1 3 -2 2 1 -4 0 0 2 3 0 4 -2 2 0 -4 0 1 -1 0 -1 2 -1 -1 -1 1 -1 0 2 1 4 7 2 -2 1 1 3 0 1 -1 4 7 -3 1 1 3 1 -2 -3 2 2 2 -3 0 2 0 0 0 3 -2 -1 0 -2 2 0 2 2 2 1 -1 -4 1 3 -1 -1 2 -1 0 6 0 0 -1 0 1 3 -4 -3 0 1 0 -3 0 -1 0 -1 -3 2 -3 -1 2 -1 -3 -3 -3 3 0 0 2 1 2 4 -5 -2 1 -2 1 3 3 1 0 -1 2 -2 2 -4 2 2 0 1 -2 2 1 6 -4 0 -1 -1 -1 5 -2 -1 -2 -1 -3 7 -4 2 0 2 -3 -4
60 -3 -2 2 3 -1 -3 0 -3 -1 4 0 -1 2 2 -2 -2 0 -2 3 5 1 4 -4 -3 -3 3 1 2 -4 -5 1 -2 -3 3 2 -4 1 3 -2 4 2 -3 0 -1 -2 4 -4 0 -1 -1 3 1 -2 -1 -2 -2 -3 -4 0 1 2 -2 -1 3 -3 0 0 0 2 1 4 -2 0 1 1 0 -2 1 -1 -3 4 5 0 4 2 -1 -3 -1 3 -1 1 1 1 -1 3 2 1 1 -1 1 -1 -4 0 2 4 3 3 -2 -3 -6 2 4 0 0 -3 5 -1 1 2 -1 1 -2 4 -5 0 -1 1 5 3 3 4 6 0 -2 3 2 1 0 2 -1 3 -1 1 -1 -3 0 -2 0 6 -2 2 1 1 -1 1 1 -3 -1 1 3 -1 1 -4 0 -2 -3 -3 3 2 4 -1 2 2 -2 -3 -2 5 -2 2 2 -3 0 7 0 3 0 2 -1 -1 -1 2 0 -4 7 0 -4 -4 -1 2 -1 -5 0 -4 -5 -4 0 0 5 0 0 0 -2 2 1 0 -3 2 3 -5 2 -1 3 1 -1 2 1 4 4 -1 2 3 0 0 -1 -1 1 3 2 -1 -2 1 -5 -2 -3 -1 -1 6 -4 4 -1 0 1 -2 -3 -6 2 1 -2 -2 0 -2 1 -2 2 1 3 0 3 0 -2 -3 -3 5 0 -3 5 0 -4 1 -2 2 -1 1 3 1 4 -2 0 2 2 1 -1 0 -2 2 -1 -1 0 1 -2 0 4 -4 -3 3 -1 2 -3 2 -1 0 0 -4 0 5 -2 2 -3 3 -2 5 -6 -2 5 -6 -3 1 -1 2 3 4 0 -3 3 1 2 1 -2 2 -1 3 0 -1 0 0 5 0 0 -1 2 2 1 -1 5 -3 2 1 2 3 0 -3 1 2 0 -1 3 1 -5 2 -2 2 2 7 1 -4 1 2 1 -5 -1 1 0 -3 4 3 4 -2 1 0 0 -2 -3 -2 -1 0 3 1 1 0 1 -1 -3 -3 3 -1 -2 -1 0 4 -4 -1 2 4 -2 2 0 2 -3 -1 5 3 0 -2 -3 -2 4 3 -1 -2 0 5 3 2 1 -4 -2 -3 0 -1 -1 1 2 -3 -3 -1 2 1 1 -2 1 -2 2 -1 3 2 3 -1 -4 -1 1 2 5 2 0 4 3 -2 -1 -1 3 0 -1 -5 3 0 -2 1 0 4 2 -2 -1 1 -5 6 2 -2 -1 2 1 -1 1 -1 -2 -1 -5 2 -1 1 1 1 4 -2 3 7 -1 1 3 0 0 -1 0
100 7 3 -1 -3 -4 3 1 1 0 -2 -2 -5 5 1 2 3 3 -4 1 2 -2 1 -4 2 -1 3 -2 5 -4 0 -4 1 -5 -3 -1 4 3 2 2 -6 -4 3 -2 1 -2 2 -3 2 1 -1 3 -3 2 -4 -3 -1 1 2 -2 -2 1 0 7 -6 -3 -3 0 -1 1 -2 4 1 -3 0 -4 -1 4 2 -3 2 -3 -1 1 -1 1 -2 -2 1 3 -1 -1 4 1 -2 -3 0 -4 -2 3 1 2 -1 -2 5 -4 2 -1 -2 3 2 -2 3 -2 -5 -1 -2 -1 3 2 -5 -4 1 2 -3 0 2 2 0 5 0 3 0 6 0 0 -1 -2 2 0 -1 -1 1 -4 -3 -2 -1 -3 3 -1 -1 -1 1 -1 0 0 -4 0 -3 0 2 -3 0 -1 3 1 -1 0 -1 -6 2 -3 -1 -1 4 0 -1 -1 2 0 -2 -2 0 -2 -1 0 -1 2 -2 1 3 -5 -1 -1 2 5 2 1 -2 4 -4 -1 -1 -1 -1 4 1 -1 2 -3 1 1 -3 1 -4 -1 2 -5 -2 -2 -2 2 -2 2 0 2 -4 0 3 1 -6 -3 3 -4 5 2 -1 -3 -2 0 1 -2 -2 1 3 0 3 1 -3 -4 0 0 3 1 3 3 0 -4 2 -1 -1 0 2 -1 -4 1 4 0 1 2 -2 -4 4 -3 1 -4 -2 1 -1 2 -2 0 3 3 -1 -1 -1 -3 -5 3 0 0 3 0 -2 3 1 2 -1 -2 0 -3 -3 1 -1 2 1 0 -2 -4 3 2 1 2 -4 -2 0 4 3 -3 1 -1 0 0 -1 -1 -1 0 -6 0 0 -3 1 5 0 -2 -2 -2 0 2 0 0 2 2 -1 0 2 2 -1 -1 3 1 -1 -1 1 0 0 -2 -3 -1 -1 1 3 3 -2 4 -2 -2 -2 -2 1 -1 -1 5 2 -3 -4 2 2 -5 0 2 2 -1 -1 1 0 1 -2 -4 0 3 0 0 -1 0 2 -1 0 -4 -3 -1 -4 -1 0 -3 0 -1 -2 -3 -1 -1 -3 0 1 0 -1 4 3 -4 3 1 -2 4 -1 0 4 1 -1 2 6 -2 -2 4 -1 -5 -2 4 5 5 4 1 3 4 -1 1 -2 -2 -5 -3 1 -5 6 0 0 1 -1 1 -1 3 0 4 1 -5 -3 4 3 -1 2 -4 1 0 2 -5 -2 0 -1 2 3 2 2 0 6 0 1 4 0 6 -3 -2 -1 -3 1 -3 6 -1 0 -4 3 1 -1 0 -2 -3 0 0 3 -3 1 1 3 1 0
120 -1 1 -3 0 3 -1 0 5 1 3 1 -1 -1 1 1 1 -2 0 -2 0 -4 -2 1 3 1 -3 1 -1 0 0 -1 0 -2 0 3 2 -3 1 1 0 -1 -1 3 -6 1 -7 4 4 -1 0 3 -3 0 1 2 -3 4 -5 2 -4 2 -4 -1 0 0 -1 1 2 7 -1 2 0 1 2 2 0 4 -2 6 -1 1 -2 -3 0 4 -3 -1 2 -1 2 -6 -4 0 0 -1 -1 -1 0 0 -2 -1 0 0 1 1 -1 1 2 -1 -3 1 2 -6 0 1 -1 2 6 -3 3 -3 0 -1 5 3 -2 -2 3 -2 1 -2 0 -6 -3 2 0 -3 -1 0 2 1 -3 3 -2 0 -4 -5 2 -1 0 3 2 3 -1 2 2 0 -1 -3 7 -1 -3 0 1 1 2 1 1 0 -4 -5 1 2 -1 -1 2 0 4 2 -2 1 -1 4 -3 -3 -1 0 -3 4 -2 -1 0 -1 3 2 -2 0 3 -4 -1 -1 0 -1 0 -2 -1 1 0 4 -1 -1 3 0 3 -1 -1 -2 2 -1 1 0 -2 2 -3 3 -2 3 -6 -1 3 4 0 0 -2 2 1 0 3 3 0 0 -1 0 -1 0 -4 -4 -1 0 -3 2 1 2 4 0 -5 -4 1 -3 -1 3 -1 1 2 0 -4 -2 1 6 0 -2 0 2 -2 -3 -2 -1 -5 0 -2 1 -1 0 -2 -2 4 3 -2 2 -1 -3 5 4 0 0 2 -1 5 3 0 2 1 1 2 -2 -1 -6 -2 3 -2 -1 -2 -2 -2 1 -4 -1 1 -3 3 -4 1 -1 4 -2 6 1 -1 -2 2 -1 0 4 5 -3 -2 1 3 0 1 1 0 1 6 0 4 3 1 -4 -1 -4 -4 0 1 3 -1 3 -3 -2 4 0 -2 0 -4 0 -1 0 -3 -1 3 -1 2 -2 3 1 4 3 -5 -5 4 3 2 0 1 -2 0 1 -2 -4 3 -6 -3 -2 0 -1 0 -1 -1 3 -1 0 -2 1 -1 -2 0 -3 -3 2 -4 0 -1 -2 3 2 1 3 -1 -3 -1 0 -3 2 1 -2 -7 -4 2 -1 4 -4 -3 -5 2 0 0 -3 -2 -1 4 2 -3 -4 -1 5 -2 4 -2 4 0 -3 1 2 0 -1 5 4 2 -6 -1 1 1 2 1 -4 -2 -2 -1 1 3 -3 0 1 -2 3 3 -3 1 3 1 0 -3 0 -1 -3 -1 1 -1 -1 -3 0 2 0 0 4 0 0 -3 -1 2 -1 -1 -5 2 5 -4 -1 2 -1 -5 -1 0
80 -2 0 4 3 -3 0 1 3 -2 2 -1 -2 0 -5 1 -2 -1 -3 -2 -1 -1 1 1 -3 1 -3 -1 1 1 1 -1 -4 -2 0 0 -5 -2 1 -2 -2 1 -1 -3 4 -6 1 0 2 -2 3 -1 -3 1 -4 -1 2 0 0 1 -6 3 -1 -4 3 -1 -1 -2 1 -3 -2 0 2 3 2 0 2 0 2 0 -1 3 -4 1 -4 0 1 -1 -3 -4 1 2 3 7 0 3 -2 1 -4 0 -1 -1 0 -3 1 -2 2 0 -2 0 0 -1 2 -1 0 2 0 4 -3 -5 -5 1 -1 0 3 2 0 3 -3 2 -2 0 -2 0 2 -3 1 -2 -1 -1 -2 2 0 3 -2 2 1 1 -5 3 -2 2 -7 -4 2 3 2 -5 1 1 -7 0 -2 -3 -1 0 -2 -3 -5 -2 0 -3 2 3 -2 2 1 0 -5 -2 2 -2 -2 -5 0 3 0 3 -6 -3 -3 3 1 2 0 -3 -5 0 -2 3 -2 3 -3 3 2 -4 -3 0 1 5 3 3 3 3 -5 1 -2 -1 -5 -3 -2 3 0 0 3 5 1 -1 0 -2 -1 -1 2 -2 2 -3 -4 -3 -3 -1 2 3 -2 0 1 4 0 0 3 2 -1 -3 0 1 2 3 2 3 2 2 1 2 2 -2 4 -3 5 0 0 -2 4 -3 2 2 2 0 -3 -3 1 0 1 6 1 2 4 0 -4 2 -4 1 1 -1 1 0 3 -1 3 -2 -4 2 -2 2 3 1 4 -1 -1 2 -3 -6 3 1 2 0 -2 -1 3 -2 1 4 1 -1 -6 1 2 -2 0 -2 -1 -7 -4 -1 -4 3 0 1 2 -2 -1 -3 -3 -2 0 -3 2 2 1 3 -2 -2 0 2 3 -4 0 -4 -5 2 -2 4 0 1 -1 3 4 -2 2 0 4 -1 -6 2 -5 -1 -2 0 0 -1 2 -1 4 -3 1 1 1 -4 -1 -3 0 -3 -2 2 0 -1 -1 -4 -3 1 1 -1 1 -2 1 2 -2 -4 -1 -2 2 -1 -3 3 5 3 -1 0 0 2 1 -4 3 4 2 1 2 -4 1 3 4 -4 -2 -5 0 0 -1 -6 -2 1 -1 1 -3 1 2 -3 2 1 -2 -2 0 0 1 3 0 -2 1 -2 -1 2 -2 2 4 4 3 0 -1 1 7 -3 3 -3 0 1 -1 -3 -5 -1 -6 3 -3 -2 -1 -1 0 0 4 2 1 -2 0 0 -2 -1 3 0 2 6 0 1 -1 4 -2 -3 -2 -1 2 4 0 -1 1 0 0 -1 2
3 -2 1 0 0 -1 -2 -1 -2 -1 0 0 2 -2 -5 2 -2 2 -1 0 -4 0 0 2 5 0 -2 -3 -3 3 2 3 -2 0 -1 2 2 -1 -1 -2 -2 3 3 2 2 1 -2 1 0 0 -1 -2 3 -3 -2 3 1 5 1 0 1 -2 -4 -1 -3 1 1 1 1 0 -1 2 4 3 1 2 -1 1 -1 2 5 1 2 1 -3 6 -2 1 -1 -2 3 -1 -3 -5 1 1 4 1 3 0 0 4 1 0 -4 4 -1 1 3 -2 -1 2 0 3 1 0 2 0 -2 -1 -1 0 1 -2 5 4 -2 0 -2 -2 2 2 -2 -2 -2 -2 2 2 -1 6 1 3 1 -1 0 -2 -5 0 -3 -3 1 0 -2 -1 -1 -2 -5 -1 3 0 5 3 0 -3 1 -4 0 1 -2 -3 2 1 -1 0 -3 4 1 0 0 3 0 1 -1 -1 0 1 1 -2 -2 0 3 0 -4 2 -1 -2 -3 1 0 0 -1 2 5 1 0 1 0 1 3 0 -6 -2 2 -1 0 -1 3 -5 -2 -1 -2 1 -4 4 1 -1 1 1 -2 -4 -5 4 -2 -1 2 2 -2 -7 -1 6 -4 -2 5 -5 0 0 1 3 1 -1 1 1 1 -2 -3 0 0 -1 0 4 -6 -1 0 0 -1 0 -5 1 -1 4 0 2 -5 5 -2 -2 -5 -5 -3 -4 2 -1 -1 2 -6 -3 2 1 0 0 1 -3 5 1 0 4 1 5 3 -1 4 2 -2 3 2 -3 -5 -3 0 -3 1 2 -1 1 -2 -3 0 1 -3 3 -1 -1 -2 2 -4 0 -4 1 0 2 1 0 -2 3 3 -2 0 2 -3 1 2 -1 -4 -4 -3 -2 7 3 4 -2 -3 -2 0 0 2 3 4 0 1 -2 -2 -4 -1 -2 2 -1 -2 1 0 2 1 -1 0 0 1 4 4 5 0 -5 -2 0 -2 -3 3 2 1 -3 6 3 2 -2 -2 2 -1 0 -1 -3 0 -5 2 4 -2 -5 -3 -1 -2 0 -2 3 -2 -3 -1 -2 -1 6 1 -2 -4 -1 0 -2 0 -1 -1 -2 -2 -3 -1 -2 7 3 5 -1 -4 0 -4 -5 1 1 0 0 -4 -3 4 4 -3 -3 -2 -1 -1 4 1 -2 -1 0 0 -2 1 5 7 0 -1 -1 -2 0 1 -2 3 -2 -3 2 2 2 4 -4 1 -1 0 -2 3 -1 -4 1 2 2 -1 -4 1 0 3 -1 -2 0 0 3 2 1 3 1 -1 -2 -2 1 2 3 -4 1 -1 3 -1 -4 2
58 -2 -2 -2 -3 0 0 -1 4 2 4 4 -5 4 0 -1 -1 -1 3 -1 -1 1 2 2 4 1 3 1 1 1 0 1 0 3 -6 5 -1 3 -4 0 -3 1 0 4 -5 1 0 1 0 4 4 1 3 5 0 2 -1 2 -1 5 2 2 3 -3 -1 -1 2 -3 -1 -2 -2 1 0 0 2 -2 -2 -4 0 -1 1 7 3 0 4 0 4 -1 -2 0 -2 0 -2 -3 -2 3 0 -2 -1 -2 2 -2 4 -2 -2 2 -1 -1 -2 -1 0 1 -2 -4 3 -3 -4 -2 -3 -3 1 2 2 -3 1 0 1 -3 0 -1 -2 -7 0 -2 3 2 -2 0 -1 -6 4 -2 2 -2 2 -1 0 -7 0 1 0 0 1 -1 0 0 -2 1 -5 -1 -1 2 4 0 -2 -2 1 0 0 -5 -4 -4 -1 0 1 0 -3 4 2 -2 -4 2 -2 0 1 1 1 1 0 2 -1 -2 5 -4 2 -4 -1 0 2 -5 5 -2 -2 3 0 -1 -1 2 -1 -2 2 -1 7 0 2 0 -3 2 3 -3 0 0 -1 3 -3 3 -1 0 1 -5 2 -1 1 0 -1 1 0 -4 -2 -2 2 2 1 -1 2 1 0 2 3 0 -1 0 1 -1 0 -7 -1 1 -2 -1 -1 -2 6 1 -2 -1 2 -4 5 1 5 1 1 0 4 -2 -2 0 1 1 0 2 2 4 4 -3 -4 4 1 -2 3 1 -5 -5 -1 3 0 1 0 1 -1 2 2 -4 5 -1 -1 1 3 4 0 -2 0 1 -6 -2 -4 1 1 0 1 -1 1 2 -1 -2 5 2 0 -1 0 -3 0 2 2 0 -4 1 -1 2 3 -2 -1 0 7 0 0 -1 -1 2 3 1 0 3 -2 0 2 2 0 2 4 -1 -4 0 1 1 -3 -1 1 0 -1 0 2 0 -1 -1 -1 2 -3 1 -2 -2 1 1 1 2 3 3 -3 2 5 -3 3 -4 3 -1 0 1 5 -4 4 -2 1 -3 0 -1 1 3 1 -2 -4 1 0 -2 3 0 0 3 -4 -2 -4 1 -1 -2 3 0 -3 4 -1 1 -5 -2 0 -1 -2 3 2 -2 -3 3 3 0 0 6 0 -1 2 -2 -1 2 5 0 -6 1 -2 0 0 2 -1 3 2 -5 2 -2 3 -1 -1 1 4 -3 1 -2 2 1 2 6 1 0 3 3 -1 -1 1 -2 3 -3 -4 -1 3 -2 0 2 -4 -1 -4 -1 4 -2 -1 3 1 4 -3 -3 0 -5 -6 3 1 -2 0 1 1
3 -2 2 2 3 -1 1 2 0 -3 1 -1 3 2 -4 4 -5 0 -2 -2 -3 -2 -5 3 2 -3 0 -4 0 -1 4 1 2 -3 1 3 1 1 -2 -2 -2 2 3 2 -1 3 -1 2 -3 -2 -1 1 5 0 -1 2 0 5 0 -2 1 2 -5 0 -2 2 0 2 0 2 1 4 4 -3 0 1 -5 0 -1 3 5 0 3 -3 -2 2 -2 -1 -2 1 0 1 1 0 4 2 5 -3 4 3 1 2 -2 2 -1 2 1 1 3 -2 -1 4 0 2 3 3 0 0 -2 1 5 0 3 -2 3 4 -3 1 -1 0 -1 3 0 -6 -1 0 2 -2 -2 5 2 2 4 2 0 -4 -3 0 -3 -1 3 0 -3 1 -1 -1 0 -1 3 -1 3 2 -1 -1 1 -3 -1 1 -5 -2 2 1 -3 1 0 1 -1 5 2 5 -3 -3 -2 0 1 1 4 2 -1 0 -2 2 -2 6 0 -3 -2 1 2 -1 0 3 1 3 3 -1 1 4 3 0 -1 -5 6 1 3 1 3 -3 0 -2 -2 0 -1 3 0 -3 -3 -1 -5 -1 -1 4 -1 -3 1 1 -3 -6 -1 3 -5 -5 0 -1 -1 1 1 -1 3 0 3 1 0 0 0 0 -1 1 1 -1 -6 -1 0 0 -1 1 -6 2 -2 3 -2 5 -4 -1 -3 -4 -6 -7 -2 -4 0 2 1 3 -3 -3 2 3 -2 1 1 0 3 -2 2 5 2 2 2 -1 0 0 -3 3 2 -2 -2 1 0 1 2 -3 0 1 -2 0 2 0 -2 2 -5 0 -1 4 -3 -1 -2 0 -1 2 3 1 -1 3 3 -4 -2 3 -3 0 0 0 -4 -3 -3 1 4 5 5 0 -4 1 -1 -3 1 2 1 1 1 1 -3 1 -3 -6 0 -1 -2 2 1 -5 -1 -3 0 2 2 5 5 2 0 -6 -3 1 5 -1 4 2 -3 -2 4 -3 2 1 -2 1 -2 2 -2 -2 2 -6 0 4 -3 -6 -2 -1 -2 1 -2 3 -2 -5 0 0 -2 3 -1 -5 0 -2 -1 -1 0 -2 1 1 1 -2 4 -1 2 1 4 -2 -3 -3 -4 -5 1 2 -1 3 -3 -4 2 4 -1 0 -3 -1 0 -1 2 0 1 1 -1 0 2 4 4 2 2 0 2 -4 -4 1 6 -2 -5 2 2 2 1 -3 1 -1 2 -1 1 0 -1 2 3 1 -3 1 0 1 -4 -3 -4 -3 0 1 0 2 1 1 -3 -2 1 4 0 4 -3 -2 0 1 -1 -3 4
21 -5 0 -1 2 0 -2 3 1 2 6 1 -2 0 -3 4 2 0 -3 -5 2 -3 2 2 4 2 -2 3 2 1 1 2 3 1 1 0 -2 -1 1 0 0 -4 1 5 -1 -1 -3 0 -3 -2 -1 1 -3 -3 -2 2 6 -3 -4 1 -2 1 -2 4 -2 3 -2 1 3 4 -2 1 1 1 4 -4 4 2 0 -3 -4 1 2 -1 0 -1 -4 -3 -3 1 -3 3 -4 -1 0 5 4 0 -4 2 -1 0 -4 -2 -2 2 2 -1 -1 -2 0 0 0 0 1 0 3 1 2 1 2 0 1 1 4 3 2 2 -1 -1 2 -1 0 -1 2 -2 -1 -3 -1 -1 -2 0 -1 7 -4 5 -1 -6 0 0 -2 1 -1 -2 -3 1 3 1 3 5 1 2 3 0 -3 1 1 -2 -4 -2 -2 3 -2 1 -1 -2 -1 0 1 3 -3 3 0 -4 0 0 -1 -2 1 1 -3 -3 -2 -5 2 3 2 -1 1 -4 -3 -5 -4 3 5 -2 -1 2 2 -4 0 0 2 -1 0 0 3 3 -1 4 -2 -1 1 1 1 1 0 -5 1 1 2 -1 -2 4 -4 1 1 0 -5 -3 2 1 4 4 -5 0 -5 -2 1 2 -1 -4 1 3 0 2 2 0 3 -1 -6 0 -4 4 -1 2 -5 -3 -1 0 -1 1 1 4 3 -4 2 1 -2 -6 -3 2 -5 4 -1 -3 7 5 4 -4 0 0 -3 -2 -2 7 -2 2 -2 -1 -2 -1 4 -3 0 -1 -2 0 2 -2 2 -1 3 0 1 0 1 2 0 0 -4 0 -5 3 1 1 3 0 -1 1 3 -2 -1 -3 -1 -2 -1 2 -1 -6 -1 0 -1 -2 2 -2 5 3 -4 -1 -3 -2 -2 -1 3 -4 2 1 1 4 0 -1 -3 0 0 0 -1 -3 2 -2 -3 0 -5 1 0 1 6 0 4 3 0 2 2 0 -3 -1 -3 -1 2 -3 0 -5 -1 -2 -2 -1 -1 3 5 1 -2 1 -2 5 -3 -1 -1 3 -3 -4 3 -1 4 2 2 -1 -2 2 -2 -1 2 3 1 0 0 1 1 3 1 -2 2 1 -2 0 -1 2 -1 -2 0 -3 1 -2 -2 4 3 -4 4 -1 -1 -1 0 -1 1 -1 0 0 -2 2 -3 -1 -1 2 0 2 1 -5 -3 3 3 0 2 1 0 2 -4 3 1 -5 2 2 1 -3 -2 -4 -2 2 -3 3 2 3 -4 0 2 -3 3 -1 -1 1 -2 -4 -2 2 -5 5 1 -1 1 -2 -5 -1 2 1 4
64 2 0 2 2 2 5 5 -7 -2 -3 1 0 -3 2 4 -4 1 -1 -3 -1 1 -1 -2 -3 -1 -1 3 1 2 6 -2 -1 -1 2 1 0 -6 0 -1 0 -3 -2 4 2 3 1 1 -3 1 -3 0 3 3 0 -2 1 2 -7 2 -1 -1 -1 3 2 3 -3 0 0 3 0 -4 1 -4 2 -2 1 0 2 -2 0 -5 -2 -1 -1 -2 -4 -1 1 -1 -5 1 -4 2 -1 2 1 -2 -1 -1 0 6 -1 1 0 4 -1 2 2 -5 -2 -1 0 -2 -2 -3 -1 -3 2 3 1 -7 5 -1 0 2 -1 -3 -1 0 -4 -5 0 -3 1 1 2 0 -3 0 -1 1 1 -1 1 2 -2 1 0 1 1 2 0 0 -2 -1 -2 -3 2 -3 -1 4 2 0 1 0 -4 2 3 1 6 2 -3 -1 -3 -4 0 0 -3 2 -3 2 -1 0 0 -2 6 -6 -2 3 2 1 -3 -1 -4 -1 -1 0 -3 5 1 0 -2 -2 3 1 3 -1 4 -1 -3 -2 1 -2 -2 1 -6 -1 1 2 2 2 7 -2 -1 0 -1 2 -1 -2 -1 2 -3 -1 0 0 -1 1 -2 -3 0 -2 -3 -1 2 1 -3 -1 -1 0 0 0 1 0 1 1 -7 -3 0 -1 -3 -2 2 4 -1 0 0 -5 2 -5 0 1 0 -1 -5 0 5 1 0 -2 -1 1 1 -1 2 -1 1 0 -3 1 4 1 3 2 -3 -2 -1 1 1 0 2 1 1 0 1 -2 -4 3 -3 1 -3 3 0 -3 1 -4 5 0 1 -3 0 -5 0 -3 0 0 4 -3 0 0 2 -2 2 1 -3 -2 3 1 4 4 4 -2 -3 -2 1 1 5 1 -1 4 -4 -2 0 3 -1 0 2 0 -4 -2 -2 0 1 1 2 6 0 -2 2 0 6 3 0 -3 -1 3 0 -1 0 2 4 1 -5 0 0 0 -6 1 -6 1 -2 -2 2 1 -4 -4 1 3 -5 0 4 -3 -2 0 4 0 3 0 1 0 1 -1 0 -2 -1 0 1 -2 -1 2 0 -3 -1 2 4 0 -2 1 3 4 3 2 -4 -1 -4 -3 -3 2 0 1 1 -3 2 -4 1 0 2 2 -4 -2 3 -4 1 -2 -4 -2 4 -2 4 -4 -1 -2 2 0 3 2 3 1 -1 -1 2 1 2 -2 -1 -2 5 3 5 5 -1 4 -1 2 -3 -3 2 -2 1 -5 1 -1 2 0 1 -1 4 0 3 -3 0 0 0 2 1 -7 3 -2 -2 -2 1 2 0
35 2 0 4 2 0 -1 -1 3 3 -2 0 -1 3 -3 2 -2 1 6 1 3 -1 -2 0 4 -3 1 1 0 3 -1 3 1 -3 4 0 -1 2 1 0 4 -1 3 1 -1 0 -1 1 1 -1 0 0 0 -4 -1 1 3 -2 4 0 3 -3 -2 -2 1 -3 2 -7 3 4 2 0 3 -1 -1 -5 -1 2 -4 -1 1 -3 -3 3 5 -3 -3 3 5 5 0 3 -1 3 -1 2 0 1 3 3 -3 -2 0 0 -2 -1 -3 -2 1 -6 2 0 -2 -3 3 0 4 1 -6 2 -1 -1 -2 3 2 -2 -6 -5 0 2 0 -3 1 0 1 3 -2 0 2 -1 0 -6 -1 2 2 0 6 0 2 2 -1 3 0 1 0 3 0 0 1 5 3 -1 6 7 -1 1 1 1 -1 -1 -1 5 -2 -1 2 1 -2 -1 3 1 -3 2 5 0 5 -2 -2 -3 -1 1 -2 -1 2 -3 2 1 0 -3 5 -2 2 2 1 4 3 -4 -3 -1 -2 -1 7 3 -1 -3 3 -1 3 2 0 0 -2 -3 0 -4 -2 2 -1 -3 2 3 0 3 0 -2 2 0 1 2 1 -1 -4 -2 5 1 0 -2 3 -6 3 1 1 -3 1 1 1 -1 4 2 -1 1 3 -4 0 -2 -3 1 -1 -4 -6 -3 2 1 1 0 1 3 1 -2 1 3 -1 4 1 0 -2 -3 0 -3 3 -5 0 0 -5 2 -5 3 0 0 -1 1 -3 -5 0 -2 1 1 -2 1 1 4 -2 0 2 2 3 4 3 -2 4 2 -3 1 -2 -3 -2 2 0 3 0 2 3 -1 0 -1 2 -2 2 1 -3 0 -1 3 -3 1 -4 2 -3 2 0 3 -2 0 2 0 5 -3 -3 0 1 1 0 -4 -2 2 3 -2 -2 3 2 -1 0 -1 0 1 -3 1 -2 -1 5 3 -2 2 -2 2 0 -1 -7 -3 -4 -1 -3 1 1 1 1 -1 -3 1 1 -2 -6 1 -6 0 0 0 -1 6 -5 2 4 1 1 2 0 0 0 0 4 -1 0 2 0 -1 -1 1 4 0 1 0 1 4 -1 -2 -1 5 3 -3 -3 4 2 4 4 6 0 3 1 1 3 0 2 3 -2 -1 0 0 0 0 -2 -1 3 0 3 -4 2 -3 2 4 2 3 -2 -3 0 4 -3 1 -3 -3 1 -1 -2 -1 -1 1 3 0 -2 0 -2 4 -3 -2 3 -5 -2 2 5 -1 0 -1 4 1 1 3 -1 1 -5 0 -4 -1 -2 0 0
27 6 1 -2 -2 -2 0 -6 0 4 3 0 2 4 -2 3 2 -3 -2 -2 0 0 3 3 -1 2 -4 2 6 -4 3 1 0 -2 1 3 -3 -1 4 -1 -7 -1 -5 0 0 1 -1 1 2 1 -2 1 3 1 0 3 0 0 1 4 -1 1 -4 -2 -2 -1 -3 3 -2 -3 2 -4 -3 1 -3 3 0 1 -3 7 0 4 3 -1 -1 -3 0 3 -1 1 7 0 3 -2 -1 -6 -4 3 -2 -2 0 1 1 4 -1 1 0 0 2 0 -3 0 0 2 1 -3 0 -4 -2 -4 2 2 5 -6 1 3 3 1 0 -5 -4 -2 0 3 3 1 -4 -2 -1 1 -4 -4 0 -3 -1 -3 -1 0 1 4 -1 -1 -1 0 3 4 0 1 2 -5 3 -1 1 -6 -2 -3 2 2 3 -3 6 2 -2 1 1 2 -2 2 0 1 0 -2 0 2 -1 -3 1 1 -1 3 -5 -3 -4 3 0 0 1 3 0 -3 3 3 -2 -2 1 3 -2 2 -1 -2 -5 -1 -2 -4 -1 -2 -3 2 -1 -1 2 2 -4 1 0 1 1 4 1 2 2 -2 -3 -1 6 1 0 2 2 1 -1 5 1 1 -2 -4 -1 1 -4 4 2 -1 1 1 4 -6 1 -1 1 4 -2 0 0 4 -4 0 1 2 1 0 -1 -2 -1 1 -3 -3 -2 -2 0 -1 0 2 -5 3 0 2 -2 0 2 1 -4 0 2 1 0 0 5 0 -1 2 3 -4 0 1 0 3 1 2 -1 -7 2 -2 -3 -1 0 -3 4 -2 1 -3 3 -2 4 -1 2 -1 3 -3 1 0 -2 -5 -5 -1 1 0 3 -1 -4 3 0 1 0 2 -1 1 3 -1 0 -1 1 -4 0 3 -2 -1 -2 1 3 1 1 0 -1 -2 0 0 -1 1 -2 -3 3 -4 -1 -1 -1 -1 4 0 -3 2 0 0 -4 2 -1 -1 1 -5 3 -3 2 -2 1 1 5 1 1 -2 0 -1 -1 -1 1 3 -1 0 -2 -2 5 -1 -7 7 -3 1 -3 -2 -2 1 1 3 0 2 -1 -3 1 -3 -3 -1 0 1 5 -6 1 1 -2 1 -2 -6 2 1 -3 1 -1 -6 1 0 2 -3 -3 2 3 0 0 4 1 -3 4 -1 -1 -1 -1 0 -3 1 -3 -3 -1 3 -1 -4 -3 -2 1 0 1 -1 -2 0 -5 -4 0 -1 3 4 4 -4 0 -1 1 -1 -2 4 -2 5 -2 2 3 -1 0 -1 -2 -2 1 -3 0 4 -3 1 3 2 2 -1 1
122 4 -3 -1 2 0 1 -1 1 -5 0 1 -6 -1 5 -2 2 2 3 -3 -2 -3 2 -4 -2 0 1 -2 -2 0 0 -2 2 -2 1 -1 2 5 4 0 -4 3 -6 -3 -1 2 -2 -1 3 -3 -2 -3 2 0 2 0 -5 -3 -2 3 -2 1 -2 0 1 5 3 5 -1 -2 -2 -2 -1 2 0 -2 1 0 1 -4 4 2 2 -1 1 1 0 0 -1 0 -1 -2 0 -3 -1 5 2 -2 1 4 3 -1 -3 3 0 -1 3 2 -3 3 1 -1 5 5 2 -2 2 1 -3 -2 -1 0 2 -1 0 -3 -2 0 3 2 0 -2 3 3 1 0 0 -1 3 -1 -1 3 0 -3 1 -1 0 -2 5 -2 2 1 -2 -3 -1 6 2 2 5 0 1 0 -1 -3 -1 2 -1 -4 4 2 -4 -6 2 -4 -1 1 2 2 -3 0 -1 1 5 -3 -2 0 0 -1 -2 -4 -1 -3 -6 2 -6 -4 4 4 0 0 -5 0 1 -1 -4 1 5 1 -2 0 -5 0 1 -1 -1 1 7 3 -2 3 0 2 -3 2 1 0 0 0 0 -3 -3 -1 7 5 -3 2 -2 -2 0 3 2 -2 1 -1 -1 -3 -1 2 0 -3 1 -1 -3 3 1 1 -1 0 2 -1 3 -7 4 -3 1 -3 -4 2 -1 3 1 0 1 1 0 -1 1 1 6 2 1 1 -4 0 -1 0 -1 -2 -1 4 3 2 -2 0 1 1 -7 -2 -3 -2 2 0 4 1 2 1 3 -1 -3 1 3 -4 0 -1 0 0 0 3 -1 0 0 1 -4 -2 0 2 2 2 1 0 -4 0 1 -1 2 -1 -1 -1 6 -2 -3 -3 1 1 3 -3 6 0 -1 1 1 0 1 -1 3 -1 -1 3 -4 -1 -2 -2 -4 -1 -1 4 2 -3 -1 0 0 0 1 1 -1 -2 -4 1 -6 -3 -2 -4 3 0 -3 -2 -2 2 -3 1 1 -3 -6 0 -3 -1 -7 3 -6 -3 5 2 5 4 0 -1 3 2 0 2 1 -3 -4 4 0 -2 1 3 3 -1 0 3 -1 1 3 -1 2 -4 -2 -4 2 4 1 3 1 -6 -4 3 1 2 -3 0 0 1 1 1 0 -2 -1 3 2 -1 1 -1 -1 -1 -2 -2 1 -1 -2 -2 -1 -5 -6 -1 2 -2 5 -3 1 -1 1 1 1 3 -4 3 -3 -4 1 -1 -2 1 -5 2 -5 -1 1 -2 4 -3 -1 1 3 0 5 -1 3 -2 1 4 -2 0 4 -3 1 1 -3 0 -4 0 2
84 -5 1 4 -5 3 1 -2 0 -4 -6 -4 0 0 2 3 -5 3 3 -1 1 3 -2 -1 -3 0 1 -5 2 3 -1 -2 0 -1 -4 1 0 5 -2 -7 1 -5 -4 -1 -2 -2 2 -1 2 -3 -3 2 -5 -4 4 3 -4 3 -2 1 -1 1 0 0 -2 -1 -1 -1 1 -2 -5 4 -7 2 0 0 -1 2 0 1 0 2 -2 0 -3 -2 4 -3 -1 1 3 -2 -2 -1 0 0 -3 2 0 -3 0 -1 1 0 3 -2 -3 2 -1 2 2 6 -2 1 0 -1 4 0 -2 1 6 1 3 -1 2 -2 0 4 0 3 1 -1 6 1 1 -4 1 4 3 2 0 1 2 -2 -3 3 -1 1 -5 2 -1 1 -4 0 0 0 0 3 5 1 1 2 0 -2 2 -3 -3 -2 2 2 -6 -4 2 1 -3 -1 0 5 0 -3 1 0 -2 2 -2 1 1 0 3 -3 1 2 0 1 3 -1 -3 -1 -3 -1 1 2 -4 -3 -2 -1 0 3 4 -1 2 -3 1 0 -1 2 -1 4 -1 -7 1 -3 4 4 1 0 3 5 4 4 1 0 -4 -1 -1 -1 -3 -1 -3 3 0 -1 -3 -2 -2 -2 1 -1 0 2 1 0 5 3 -5 2 2 1 2 -1 -1 0 0 -6 -2 1 3 -1 -1 0 -1 4 0 -1 2 2 3 -1 1 0 1 -2 1 -1 -1 4 0 2 -1 -2 1 -1 1 0 4 -3 0 -2 -2 1 1 1 1 1 -2 -1 2 3 1 -2 1 -1 -4 3 1 1 1 3 3 -4 3 -3 -4 -1 -1 1 0 -3 -2 0 -3 -1 2 -2 2 -3 -1 1 3 0 -5 -2 -1 0 0 -5 1 2 -2 3 -1 0 -1 1 2 -2 2 2 -3 1 1 2 -2 -3 -2 3 0 2 2 -2 2 2 1 1 -2 -6 3 2 -7 1 -5 -3 2 -2 2 -1 1 2 -2 1 -2 -2 -1 0 3 4 3 1 1 1 0 2 7 -2 -4 3 2 -1 -1 -1 3 1 3 -1 4 -1 -2 3 0 -3 2 -2 1 0 0 4 -2 -4 -4 3 2 2 1 -1 0 -4 -1 1 -1 -4 -2 1 0 -7 1 0 2 -3 0 -6 -3 5 -1 2 2 -2 -1 2 -2 0 -3 0 0 -4 2 0 0 -2 2 3 0 1 -1 -2 4 1 -4 4 3 -1 -3 1 0 -5 0 0 -2 3 -1 -4 2 -2 0 -1 4 -3 3 -4 0 2 -6 5 -1 -2 -2 3 3 -4 0 -2 3 1 0
29 2 -2 -2 1 2 -2 -1 2 3 2 0 3 3 -1 1 2 0 1 -2 -3 3 -6 7 2 -4 0 0 0 4 0 -1 -2 -1 3 -1 1 1 -1 3 -2 0 -3 -1 5 0 4 0 -2 3 2 4 0 0 -3 2 2 0 0 7 -2 0 -3 1 3 0 1 0 -1 0 5 4 -2 -1 0 -1 3 -3 -2 -5 -2 -2 2 1 3 0 4 1 -3 4 0 -1 0 -6 4 -1 -1 -3 1 1 -1 3 -3 1 2 6 -3 0 0 0 -1 2 0 4 2 0 3 0 0 0 -4 3 1 0 1 4 0 1 2 2 2 2 3 3 1 3 -4 3 -4 -4 7 0 -2 2 -2 0 1 0 -4 -1 -2 -5 -3 0 4 -2 1 -1 -2 1 0 -2 7 -1 -2 -3 -1 2 -2 2 -3 -2 -1 -4 1 -3 4 2 2 0 -1 -3 -4 2 3 1 -2 4 2 4 -5 -1 0 5 -4 0 0 -1 5 -3 -3 -2 1 -1 0 -2 -2 -2 4 3 3 1 1 -3 1 1 2 2 5 1 -2 -3 -1 0 3 1 0 0 3 2 4 -2 -2 2 0 -4 -4 2 3 -2 -4 0 1 2 -3 1 -2 -2 -2 1 -3 -2 -4 -4 2 2 4 -2 0 0 0 -1 0 -2 0 1 -4 3 1 1 -1 1 2 -1 0 0 6 1 -2 0 1 -3 -4 0 0 -3 0 2 1 4 3 -4 0 -3 1 0 2 0 -3 1 3 0 0 -1 2 -2 3 0 -3 -2 -5 6 2 3 -1 -3 6 -1 0 0 3 2 -2 -1 -1 1 -1 0 -3 2 3 -2 3 -1 -2 2 -1 -6 3 -1 -3 -2 2 1 -1 0 -7 0 2 3 0 0 -2 2 -2 2 3 1 -1 -3 2 2 -1 0 2 0 5 1 0 -1 -3 -3 -4 -1 -6 -4 -1 -2 -4 2 3 -2 -2 -4 0 2 -5 -2 0 2 -2 5 0 2 2 -1 -1 -3 -2 -2 -3 1 2 0 -4 -5 1 0 3 -4 -1 -2 1 -1 -3 0 -3 1 0 -1 4 0 4 2 2 -1 4 0 4 0 -2 -2 0 -2 -3 3 -1 4 -5 1 -5 4 0 2 -1 1 2 2 -1 -1 0 0 0 -4 -1 1 0 3 2 2 -2 2 -2 -2 4 2 3 -1 -1 -1 0 0 -1 2 -2 -1 -1 0 -3 1 -2 1 -2 -2 1 -4 5 1 0 -1 -4 -1 1 0 1 7 4 -2 0 2 -3 0 -1 3 2 5 -1 0 0 3 0 -6 6
104 0 4 1 1 1 0 0 -1 -2 1 2 -1 0 2 0 2 1 2 -1 4 2 2 -2 -3 4 -2 2 -2 -4 3 -4 2 -2 5 3 3 -3 -2 -1 1 -1 -4 0 -3 3 1 -1 -1 1 2 2 0 0 -2 -4 0 2 -1 -5 1 -3 1 -2 -3 -2 0 -3 -1 0 1 3 1 4 -1 1 1 3 2 0 -2 2 -4 -2 4 4 -1 1 0 -2 2 -1 2 1 2 1 1 -3 0 -2 4 0 -3 -4 -3 0 1 5 1 5 -1 0 -1 -2 1 1 5 1 0 -3 6 -1 0 0 0 1 0 5 0 -3 3 5 2 2 -1 0 2 3 -4 3 3 -5 -1 2 3 2 2 2 5 -2 2 2 3 -5 5 -2 -1 1 -3 -1 -2 4 -2 1 -1 2 -1 2 3 5 4 -5 6 -1 -1 0 4 -1 -2 0 -2 0 0 2 -1 -2 1 -4 0 1 -5 -3 1 -2 1 -3 -4 1 1 3 -1 -5 3 -1 1 1 1 0 -2 -2 -4 0 -5 0 -1 2 1 -2 -3 -1 1 -5 3 -1 -3 1 0 0 -1 0 0 -2 5 2 -4 2 1 -2 -2 3 1 3 -1 2 -4 -3 3 -3 -1 1 2 4 0 3 2 -1 0 4 0 4 -1 1 -2 1 -2 3 3 -2 5 0 -1 1 -2 1 2 -1 -1 -5 -3 -3 3 1 0 -2 -2 -6 2 1 -1 2 1 1 2 -1 -1 2 -1 0 2 1 -2 -2 0 -2 -2 0 1 3 -2 1 3 0 -1 -1 -1 0 0 2 -1 -2 1 -3 -2 0 2 2 0 3 -6 0 -3 1 -1 -1 -1 3 1 -2 -1 -1 -5 -1 -1 1 6 0 -1 1 0 -2 -4 5 -4 -2 1 2 -3 3 2 -2 2 -1 -4 3 -2 1 -1 -3 -2 2 -4 2 -2 -4 0 2 1 -2 -2 1 -2 -4 5 2 3 1 -2 -3 -2 1 -3 -1 -2 0 -1 -1 -1 4 -3 -1 -1 4 1 -5 -4 1 -1 2 -4 -2 3 2 -1 -3 -6 1 3 4 0 -5 -1 7 2 -6 1 0 -1 -3 4 0 3 -3 0 -1 0 0 2 -2 4 3 0 0 6 2 2 2 -1 -3 -2 -1 6 3 -1 -5 -2 1 1 0 -1 2 4 7 2 1 -2 -1 3 -4 0 0 3 2 -4 -1 -2 1 -2 -1 -3 0 -1 -1 4 -2 -3 1 -1 -1 0 -1 -3 -3 -1 6 0 1 2 1 0 -6 -1 3 1 -2 -7 -3 -1 -1 -2 -1 1 0 5
19 -1 1 3 -2 -4 1 0 2 4 -1 -1 3 1 2 1 -1 1 2 -3 4 3 -4 2 1 1 -4 1 2 -1 -3 2 3 -1 -1 3 -1 -4 0 1 5 0 -2 -4 3 2 -7 1 3 4 -1 0 1 -3 2 2 -5 -1 3 -3 4 -5 1 -1 -1 -2 -1 2 3 1 0 3 3 4 -2 3 -4 1 1 0 0 -2 0 -3 0 2 0 -5 2 0 0 3 -2 4 2 -1 -2 -1 1 -1 2 1 -1 -1 0 -1 2 2 -3 1 1 0 3 0 -1 1 0 0 -2 0 -2 3 -2 -1 -1 0 -1 2 -2 -2 1 5 -3 -1 -1 0 -4 6 -2 3 -1 -2 -5 -1 0 3 -3 -3 -3 -5 2 -2 1 -1 1 -1 -3 1 5 3 1 2 -3 1 -4 0 -3 -1 1 -1 3 0 4 -1 0 -1 1 5 -1 1 -2 -3 -3 3 -3 -1 0 -1 2 1 0 -3 4 3 -1 -4 -2 0 0 -1 6 1 -1 0 -2 1 3 3 1 0 4 -2 3 0 4 -1 1 -3 5 -1 4 0 3 0 1 -1 0 1 6 -4 -1 3 0 0 2 -3 0 -5 -2 -2 2 -5 0 3 0 -1 3 -3 5 -4 0 3 -2 -3 -4 1 0 -1 0 -2 0 2 1 4 4 0 2 -2 1 2 2 3 5 -6 2 -3 6 2 2 4 1 -2 -5 0 1 -1 -1 4 -3 0 4 -4 0 -1 2 -1 -2 2 -4 2 -3 2 -1 0 5 4 -5 1 1 -2 0 3 0 2 1 0 3 1 -1 -4 3 0 3 -2 -1 3 -3 2 -4 3 0 -3 0 2 -1 -3 1 3 1 0 2 0 -2 -1 0 5 0 0 1 3 0 6 0 -2 0 2 1 1 1 0 -3 0 -1 -2 -2 0 2 -3 -3 2 1 -2 1 4 -4 -4 4 1 1 5 0 -4 0 -2 1 3 0 2 -2 3 1 -1 -1 1 -1 2 -5 -6 0 -1 -3 4 -1 -3 2 -1 -2 0 -1 -1 -6 3 1 -2 2 -1 0 0 -3 0 -4 0 -6 0 -7 1 -2 1 0 -3 -2 1 0 2 -2 -3 3 3 -2 1 0 3 1 -2 1 1 4 3 -2 0 -2 1 -1 -1 2 -2 -2 2 -1 1 4 0 0 -1 2 -1 1 0 2 -2 4 5 -1 5 3 0 2 -4 1 -5 -3 4 1 -1 -5 -1 2 2 -3 1 5 0 2 2 0 1 -2 -2 1 -2 2 -5 2 7 -4 0 -4 -5 1 -2 3 -2 4
8 2 -1 0 1 -3 1 0 -1 -2 -2 -3 -1 -2 3 1 -6 -3 3 -7 1 1 1 0 1 0 -1 -3 0 0 -2 2 1 -1 3 -5 -5 0 -4 0 3 -3 -2 3 -4 1 -2 1 -3 -2 2 0 1 0 -1 -1 1 -1 0 -1 0 3 -1 -1 -1 1 -4 1 3 1 0 -3 0 -2 -1 4 0 -2 -2 -1 3 0 4 1 -2 2 0 -1 -1 3 -3 -1 3 -2 0 -4 5 1 -2 1 1 0 2 -1 0 2 -1 0 -1 -4 4 3 1 -3 -5 2 -2 6 -1 -2 2 -1 2 -3 -2 0 -1 -1 -1 0 0 3 -2 3 2 1 -7 0 4 0 4 -1 1 0 -2 1 3 -4 4 1 0 2 3 5 4 3 1 -1 -3 -1 0 -3 -4 1 -2 5 -1 -2 -3 2 -2 1 0 -1 -3 0 2 1 1 1 -3 1 -1 0 0 0 -2 -1 0 -2 0 -2 -1 -1 -1 2 1 1 -2 -3 0 -5 1 0 0 -1 -4 7 -2 -4 -2 4 0 1 7 2 3 3 4 -1 -2 3 2 0 1 -3 2 -2 0 2 -6 -3 -3 3 -1 -3 3 -1 2 3 -1 1 1 3 -2 -3 -3 2 1 0 -4 -3 -1 4 1 1 0 0 -2 -1 -5 7 -5 3 2 -6 3 1 1 0 0 -5 3 -4 -3 2 -2 -3 -1 -1 2 3 -1 -3 -4 -4 -2 1 -2 -2 1 0 1 3 3 -1 -2 -1 0 1 2 0 1 -3 2 -3 -2 1 -4 3 -2 1 -2 -3 2 4 -2 -4 2 5 0 -2 0 -2 -1 3 2 -4 -1 0 5 4 -3 3 0 5 4 2 -3 -4 2 -3 -1 -3 -3 2 0 -2 3 3 1 -1 0 1 -1 0 4 1 -6 -3 2 -5 1 -5 3 5 -1 2 3 0 2 3 -2 1 -2 1 -1 3 1 -2 0 1 -1 3 1 -1 -1 -1 2 -1 -3 -3 7 -2 -3 -3 4 -3 2 4 3 1 -1 -3 -1 0 1 -1 2 -1 -1 -2 0 -2 1 5 1 -2 -5 3 -3 2 -2 2 0 -3 -3 2 2 -1 -4 1 -2 0 2 2 -1 4 -1 2 2 2 -1 -1 5 -1 3 5 0 1 -2 0 0 3 -2 -2 0 3 3 -1 2 1 0 3 2 4 -2 0 -2 4 -4 -3 0 0 5 1 0 -3 -3 3 4 2 0 -3 0 0 -1 -3 -4 -3 6 4 -1 -3 -4 -2 -5 -7 -3 5 -1 -2 -1 3 2 2 -2 2 0 2 2 -2 3
110 -4 4 3 0 0 1 3 -3 -4 -1 -4 -2 -4 -3 1 -1 1 -4 -3 3 7 -1 -1 5 -2 2 0 -2 2 0 4 1 -2 -3 3 0 -2 3 -2 2 0 1 -5 -1 -2 4 1 0 -1 -2 1 0 -3 -1 -2 0 0 -3 1 2 -2 -5 -1 2 1 -2 -1 1 -2 0 1 -1 -1 1 -3 2 5 -1 1 -1 1 0 -1 -3 -1 1 -3 2 3 0 -2 -4 3 -1 4 0 0 3 4 -2 2 0 -3 3 -1 0 0 -1 -2 2 -3 0 3 -1 1 0 -2 7 1 0 -2 0 2 2 -5 2 -6 0 2 -2 -4 3 -1 -6 1 1 -1 -1 -2 -4 -2 2 0 0 1 -2 -2 0 2 0 0 -1 -1 -1 -5 5 -2 2 2 1 1 1 -2 1 2 2 1 2 -5 3 1 0 3 5 -2 1 -3 4 -4 -3 2 -1 -4 -1 -3 4 5 -1 4 -1 0 0 1 1 -6 -4 -3 1 2 1 1 0 0 -6 2 -4 0 2 -1 4 -3 -1 1 1 -3 -2 4 0 5 -1 3 4 1 2 0 -2 -3 3 -2 5 5 -1 2 -1 -1 1 3 4 0 0 -1 -3 1 2 -3 2 2 0 2 0 -2 0 2 3 1 -3 2 -1 0 2 -2 3 6 -3 -2 2 -3 -4 -3 3 2 -1 -2 -2 -5 1 -2 0 2 -1 2 -1 -1 -1 -1 0 0 -3 1 -2 -1 -1 -2 -3 4 2 -1 1 0 -1 3 0 4 1 -2 -1 3 0 2 -2 -1 -1 1 -3 2 0 -5 -3 -4 -3 -3 -2 1 2 2 -1 -5 -2 0 5 1 3 0 2 -5 3 -5 -2 2 0 3 3 1 -4 -2 -4 0 0 -3 -1 1 2 3 2 1 2 0 -3 0 -2 -4 -4 -1 -2 0 -3 -6 1 -1 2 -4 -3 1 -2 2 -1 -5 -3 -3 2 0 2 1 -5 2 1 1 -1 3 5 1 5 -2 -3 -4 -7 4 1 4 -2 -3 -5 3 2 -4 0 3 0 -5 1 3 -1 1 -2 1 3 -1 0 4 1 0 0 -2 0 0 -1 0 0 0 1 0 0 -1 -5 -3 1 0 -1 -1 0 -2 -2 0 -3 4 1 -3 0 0 0 -1 5 0 0 -1 4 2 1 -3 0 2 4 -2 3 -5 -4 -4 -2 2 1 -1 -3 -2 2 -3 0 -3 2 3 -3 1 1 2 1 -1 2 -2 3 6 -3 4 1 3 1 1 -2 2 -1 5 -3 1 -1 2 -1 -3 1 -3 0 -2 -3 -7 -4
6 2 1 1 1 -2 0 0 4 1 -3 -2 -6 1 0 0 -2 3 2 2 -1 0 -1 -1 -1 0 2 3 -1 0 -2 1 2 -2 -4 0 -4 2 -1 -2 1 -4 0 -1 -6 2 -2 2 5 -2 0 3 2 0 -3 -2 2 -5 -1 -4 3 6 1 1 1 -1 0 -1 1 -4 0 -5 4 -1 1 0 0 0 4 1 -4 -1 2 1 -1 -2 0 -2 1 5 0 0 1 2 -3 -4 -2 1 5 3 4 -2 3 1 3 2 -3 -1 -1 2 3 4 1 3 -2 -3 -1 -1 2 2 4 -2 4 4 0 0 -3 1 0 2 2 -1 2 3 5 -2 -6 3 3 -2 3 0 0 0 0 0 -1 -3 -1 -2 -3 -3 2 -6 -2 2 1 3 -2 1 -4 -3 -1 4 4 6 0 -2 5 0 0 -3 -1 2 2 -1 3 -2 0 -2 0 1 3 -3 1 -4 0 -2 0 -1 1 -3 -1 0 1 -2 2 1 3 -4 2 2 0 2 -1 -1 2 1 -5 0 5 3 3 1 3 4 3 4 1 0 -2 2 3 2 2 -1 -4 -2 -3 -1 -5 4 -1 -1 0 -3 -4 2 5 3 1 1 1 4 -3 1 4 -2 1 -3 -1 0 -5 4 0 -3 -2 -1 -2 6 -2 1 0 -2 0 7 7 -5 -2 1 -1 0 2 -1 -2 -1 -2 -5 1 3 3 -1 0 -2 2 -5 4 0 4 5 5 4 -1 0 3 -3 0 -2 -2 1 -3 0 1 -2 2 1 2 2 2 1 3 -3 2 1 -1 2 -1 3 -3 -2 1 0 0 0 3 -2 4 -3 -1 -1 5 5 2 0 0 4 -1 4 -2 3 1 2 3 -2 -1 0 -1 1 1 -1 0 -3 1 3 -2 -1 -2 0 1 -4 -3 2 0 -2 0 0 -3 2 -4 1 1 -1 6 5 -1 -1 1 -2 -1 0 4 1 0 1 4 1 2 -1 0 0 0 -1 -3 3 0 -3 -1 -1 -1 2 2 2 1 -1 1 -1 1 -2 5 0 4 -3 2 1 -1 1 3 -1 1 0 -4 4 -1 4 -1 4 -2 3 -4 3 0 4 1 -2 -1 0 2 0 2 -2 0 -2 1 -1 4 -2 4 1 -1 0 0 -1 2 0 -5 1 3 -1 -1 0 -2 2 1 1 1 2 -2 -3 2 6 2 -4 0 2 2 -1 0 -2 4 -1 0 5 0 -1 2 1 0 3 -3 -3 2 2 1 -2 4 -1 -6 4 -4 0 -1 2 -6 2 -3 2 -5 5 -1 -6 -2 2 4
94 -5 -2 1 -1 -3 2 -3 -1 -2 -6 2 -2 -1 0 0 -3 3 2 3 5 0 0 3 2 -5 2 -3 6 0 1 4 -4 0 1 -2 3 -1 0 1 2 2 4 -4 2 1 1 2 0 1 0 -1 2 0 1 0 -4 -3 1 1 -1 3 -1 -3 0 1 -2 -4 1 0 1 3 0 -1 -1 -2 2 6 -4 -1 -2 6 -3 3 -3 1 4 -1 -2 1 0 0 5 -5 4 0 2 -5 0 -7 4 1 -3 0 -1 -2 1 1 0 0 5 3 -2 1 3 5 1 1 0 2 3 1 0 1 -1 -1 -2 -1 1 1 1 -1 2 -1 1 1 -1 0 -2 -3 3 -5 -5 -2 2 0 -2 7 1 -1 0 3 -5 -3 3 6 2 -3 0 -1 2 -3 -1 3 -1 -4 -2 1 1 0 -1 2 0 -2 0 2 -4 -1 2 -1 2 0 -3 0 -3 3 1 1 4 -3 -3 -2 3 -2 2 -2 -1 1 2 -1 3 4 0 0 -1 -4 -2 -2 2 -1 4 -2 0 -2 5 2 3 -1 -1 -4 -2 2 -2 -2 -1 -1 3 -2 6 1 -1 1 5 -1 0 1 3 -1 -1 -1 2 0 -1 -5 -5 2 1 -2 0 -2 -1 0 -2 2 1 -1 0 -1 -1 -1 1 1 0 1 2 1 2 5 -2 -1 -4 4 -1 3 -2 -2 3 0 1 2 4 4 0 2 1 -3 0 -2 5 3 4 0 0 -2 1 -1 4 1 0 1 3 1 1 5 -3 -4 0 -1 1 2 3 2 4 5 -1 -1 -1 -1 3 -6 -2 3 -3 0 2 5 0 -1 -1 -3 -1 4 -6 -2 -1 -1 -1 -5 -1 -3 -2 4 0 4 -2 0 0 1 -1 -3 -4 -2 1 3 -7 0 -2 -4 0 -5 6 -1 -1 1 1 3 2 1 1 -2 -5 -5 0 1 -1 0 3 -3 -1 4 5 -2 2 -6 -1 0 -2 -1 -1 -2 -2 1 4 4 0 -1 -1 4 -1 -2 2 2 -2 -5 -3 0 -1 0 5 -2 0 -2 0 -2 0 1 2 -2 2 2 -2 1 -1 2 1 -4 2 -5 2 -3 1 1 1 0 2 2 -7 6 -3 1 0 1 2 3 3 -3 1 -3 -6 1 -1 4 -2 2 0 -4 2 3 -3 -2 -1 -1 -1 -2 4 -1 4 2 1 1 0 0 0 -1 1 -2 1 -2 0 4 2 -4 -1 -2 1 1 1 2 -1 -3 -3 -3 -2 3 0 2 0 2 0 -1 -4 -2 -2 0 2 1 2 2 1 3 0 0 4
18 -1 2 5 1 1 -1 1 4 -1 -1 -1 0 0 -1 1 0 3 -5 -1 -1 0 4 0 -6 0 -4 2 1 0 -1 3 -2 2 -3 -1 0 -5 1 -5 1 -4 0 1 -1 -1 0 -1 2 -1 0 0 2 -4 4 3 3 1 -4 -1 -1 -1 3 -2 -2 0 -3 2 -3 6 3 -1 -1 -1 1 1 4 -3 1 2 -1 3 -4 -5 3 -2 -6 0 2 -1 4 2 1 0 -2 0 0 2 -4 0 -1 -2 1 5 3 1 2 1 -6 2 5 -4 -2 -4 -2 2 1 4 -1 0 3 2 -5 -1 5 -2 2 -2 1 1 1 -1 -3 0 0 2 -1 -2 -1 0 -4 -2 0 -2 0 -3 1 6 1 4 2 2 -4 -2 -2 1 -4 2 1 3 -3 -3 -3 0 1 2 4 1 1 0 -1 3 0 2 3 1 1 -5 -5 3 2 0 6 1 1 -2 -1 -2 5 -2 -4 -2 -2 2 3 -3 -1 -2 2 0 0 3 -3 7 -1 0 0 2 4 0 0 1 4 3 0 0 1 1 -3 5 0 -2 0 -3 -1 2 0 0 2 0 0 -1 2 1 2 0 5 0 -3 -1 2 -1 -1 -1 -5 -5 0 0 0 1 -3 -1 -1 -1 3 -1 3 3 1 2 0 -4 -5 -1 -1 -1 -5 -2 0 0 -1 -2 0 -3 3 -2 2 0 0 -1 1 0 -1 -2 -3 4 -3 -2 -3 2 -2 2 5 -1 -4 3 -1 2 0 -5 0 -2 -2 0 4 1 2 -4 1 -3 5 5 4 5 -1 6 -4 3 5 -1 3 1 -4 -2 -2 -3 1 0 -3 0 -3 1 2 -1 -2 -3 -1 -1 2 6 -3 -4 6 4 -1 2 1 1 -2 -3 1 -5 -1 6 2 0 2 0 -1 -4 4 3 1 0 3 1 1 1 -4 -2 -1 1 1 1 -3 4 -2 2 2 0 1 -1 0 1 -4 0 1 1 -2 4 0 0 -2 -1 1 -2 -1 -2 1 2 -5 5 -2 -5 1 1 -2 2 0 0 -5 -1 -2 -1 -4 0 -4 2 -2 1 0 -1 -2 0 -7 -2 -1 0 2 -2 3 2 -2 2 0 2 1 3 -4 -2 1 0 -1 -2 -2 -3 -1 -1 -1 0 1 -1 -2 -1 -1 1 4 -4 -4 4 -6 0 2 2 -1 0 4 -2 2 2 5 3 3 4 0 2 1 1 4 -4 3 -3 1 1 1 1 -2 -1 -3 -1 2 3 -2 2 -1 3 -2 0 2 -2 -2 -4 2 2 5 -2 3 4 0 -1 -1 1 -3
104 -1 3 2 -3 1 -2 3 4 -3 0 3 1 0 1 -2 0 2 0 -2 4 3 -3 -3 -1 1 0 4 0 -2 3 -2 1 -2 5 3 2 -2 2 1 -4 -3 -2 -2 0 2 1 0 3 2 -1 0 -1 -2 1 -2 0 0 1 -3 -1 -5 -2 -2 -2 2 0 2 1 3 2 -1 3 4 -2 1 1 1 5 2 -1 0 -4 -5 3 3 0 1 1 -2 0 -2 1 -4 -2 2 1 -2 1 -2 2 0 -4 -1 -5 -2 1 4 0 1 0 -2 3 0 0 -1 0 4 -2 0 2 0 3 -1 1 -1 -2 3 -1 -2 6 0 1 4 -2 3 2 1 -4 4 -1 -3 0 3 5 3 -2 0 5 2 0 1 2 -1 2 0 -1 2 -4 0 0 1 0 -1 0 6 1 -1 1 3 5 -1 5 1 -4 1 3 1 -3 -2 -4 -1 0 4 -4 -1 3 -4 1 -2 -3 -2 1 4 0 1 -4 0 0 4 -3 -4 4 -4 -1 2 1 0 -2 2 -7 0 -7 1 0 1 -1 -3 -2 2 1 -1 1 -3 -4 0 -1 -2 -4 4 -3 -1 6 4 -3 1 2 1 1 3 -2 0 -5 0 -3 0 0 2 5 3 2 -2 -2 4 -2 -1 -5 2 -1 1 4 1 -1 3 0 4 6 0 7 2 3 0 -2 1 -1 -2 0 -5 -3 -6 1 1 0 -2 -2 -5 0 -1 -3 0 1 -4 4 1 -1 2 1 -3 -1 3 3 0 -1 3 4 -1 1 0 -6 2 4 -1 0 0 -2 1 1 0 -5 -1 2 -1 0 2 1 -1 -2 4 -3 4 -4 0 0 -1 -6 5 4 -5 3 -5 -5 -1 0 2 1 -1 -1 0 4 0 -2 4 -1 -1 2 1 -5 0 0 -5 2 0 -3 -3 -5 2 -1 1 -3 2 -4 -1 -1 -2 -1 1 5 1 -1 4 -2 -2 5 2 -2 1 -1 -3 -6 0 -4 1 -2 -4 1 0 -1 2 -2 1 -1 -1 -1 -1 1 1 -3 0 2 -1 1 4 0 -5 -5 5 -1 -2 -1 1 1 2 0 -1 0 -3 1 -2 4 1 4 -3 -2 -1 -2 -3 1 -4 1 4 1 0 1 -3 -2 2 1 -3 -1 0 0 4 -1 -4 -2 1 -1 0 0 2 4 2 1 1 -1 0 4 -1 -1 -1 2 2 -4 1 0 1 2 -5 -1 1 -2 0 3 -3 -3 3 3 -2 -1 -1 -1 2 0 5 1 3 3 3 3 3 0 2 2 2 -3 -3 -2 1 -2 0 4 -2 2
45 7 0 -2 3 -2 1 2 -1 1 0 -4 4 1 -2 1 -1 6 1 -2 -1 -2 -6 -1 2 2 6 2 1 3 1 0 1 -2 -1 3 3 3 0 -2 -2 0 2 0 0 1 2 2 -1 6 2 -5 -2 -2 -1 3 -4 4 1 -3 3 -1 -2 4 -3 -1 -1 2 3 2 -3 -4 0 -1 7 3 2 1 0 -2 3 0 1 0 1 -4 6 -1 -1 -5 -3 1 1 -3 5 -2 -1 2 -1 4 0 -1 1 2 2 -2 -2 -4 1 0 0 -2 0 -1 4 0 -4 2 -3 1 -3 1 1 -2 -4 2 -1 2 -5 1 -2 -4 -1 -2 4 -1 1 2 0 0 -5 1 3 -4 -1 0 -1 -1 3 -2 6 2 -2 0 -2 2 -4 0 4 -2 -2 3 1 -2 2 -1 2 5 0 -4 -2 -3 2 0 -1 1 -3 -1 -2 -1 -2 0 -3 -2 1 -1 1 0 1 0 2 -3 -2 -2 -2 -1 2 -3 0 0 -2 -1 0 2 -1 4 1 -2 4 3 2 3 4 4 1 -3 -2 -2 -1 -5 -2 5 -4 -1 1 3 0 7 4 -4 0 1 -1 -3 -2 2 1 0 -3 -1 0 2 5 0 -1 1 -2 -3 1 -4 2 0 -2 5 0 -1 -3 -3 -3 2 0 -4 -1 5 -4 -2 1 -1 -2 -3 -1 -1 1 -5 0 -1 -2 3 -3 3 -1 3 6 -1 1 -1 -6 1 0 -1 0 -1 1 3 -4 -1 -5 -3 -1 -6 0 1 0 -3 2 2 0 2 -1 -3 1 3 4 0 -2 1 0 0 -4 1 2 -2 2 1 0 2 -3 1 -1 -2 0 0 -3 0 -1 -2 -1 0 1 -2 -5 2 -2 -1 4 0 -1 -1 3 -7 -2 3 1 0 -1 -5 -3 1 -3 0 -1 4 -4 4 0 0 3 -1 1 3 0 0 0 4 4 0 -1 2 1 -2 2 0 -1 -2 -1 -2 1 2 -1 -2 1 -4 -1 -7 3 4 3 0 2 -2 5 -1 -3 3 -3 1 -1 -1 -7 1 1 -1 0 -4 0 -1 2 3 3 -2 -1 -3 0 0 -2 2 1 3 -6 -3 3 1 1 3 -2 2 2 -3 0 2 0 -2 3 -1 1 1 -3 4 4 -4 -1 1 0 -1 4 1 0 2 0 1 -3 -4 4 1 -7 -2 5 1 0 -6 3 3 2 -4 -1 1 0 0 3 2 -3 0 -1 1 3 1 5 3 -1 1 1 -1 0 2 1 0 -1 2 3 5 0 0 -5 1 -1 1 2 0 -1 -2 0 3 -3
102 -2 -1 2 -2 1 -3 -2 -1 -1 0 0 3 3 -2 0 3 5 1 1 1 -2 -2 4 -4 -5 2 -1 -3 1 2 2 -3 0 0 2 -1 2 2 -2 0 -2 -1 1 -2 0 4 -5 1 0 -2 -1 -1 1 3 -3 2 2 5 5 0 1 -4 0 -2 -4 -2 0 -2 -3 4 1 -5 0 1 -6 -3 -3 2 2 0 -2 1 2 -2 -4 1 3 -5 3 -2 -4 -1 -3 -1 -1 3 2 4 -3 1 1 2 3 2 3 0 -3 3 4 -1 -2 1 2 -2 0 0 1 1 -6 0 0 -1 2 0 -2 -3 1 -2 1 3 0 2 5 0 2 1 1 0 -2 -1 0 -2 0 0 -1 2 5 -1 -2 1 3 2 5 -1 -2 2 -2 -3 -2 2 -2 1 0 -1 0 -2 0 -1 1 -3 -2 0 -1 4 4 1 -1 1 3 1 0 2 7 -3 0 -3 -2 -4 3 2 1 3 -1 -1 0 -2 5 -1 -1 -3 -1 1 3 0 2 -2 2 -1 -1 1 -4 -1 -1 0 -1 -1 -5 -7 -3 -4 1 -1 -2 2 1 3 1 2 3 0 -3 2 2 -1 -2 -2 0 2 0 0 -3 4 0 -3 1 0 4 -2 3 0 4 -3 -4 2 0 4 1 2 2 -1 -3 -3 1 3 -1 2 0 2 4 -3 -1 -1 0 0 6 4 1 -2 -3 -2 0 2 0 1 3 2 1 1 -5 3 -6 3 2 0 2 -3 4 2 -2 4 0 0 2 1 -1 -2 -2 0 1 1 -1 0 4 0 -5 1 0 -2 4 4 -4 2 5 -3 7 -3 2 2 1 -2 0 3 5 2 -2 -2 -3 -1 3 -2 -3 0 -4 1 2 -1 -1 5 3 2 -1 -3 3 4 1 -1 2 5 3 3 -2 1 3 0 0 -1 2 -3 -3 1 1 0 -1 0 -1 4 1 1 -5 -5 6 4 -1 0 4 -1 -5 -2 0 -1 5 -2 -2 -1 3 5 2 -3 2 2 1 0 0 -1 -1 2 0 0 0 -1 4 1 -1 -6 3 -1 -4 -1 2 1 1 1 -1 -2 -2 3 2 -2 -3 -1 3 3 -3 1 2 -2 1 4 1 0 0 -3 3 -4 -2 1 1 5 -3 2 2 1 -1 -2 -4 2 1 -3 0 1 -1 -2 1 -1 2 -5 2 1 0 -5 5 -1 -7 5 0 2 3 -3 -3 2 2 2 -2 3 3 3 2 3 -2 2 0 1 1 2 -1 -1 -1 1 1 -4 1 -2 -2 -3 0 -2 2 -1 1 3 2 0
94 0 4 0 -2 -4 1 -4 -3 1 1 0 -3 2 -4 -5 2 5 -1 -3 2 -1 4 0 0 0 0 0 -1 -1 4 0 -4 0 3 -1 2 0 0 1 0 -4 2 0 5 -1 0 1 -2 4 0 -1 -3 -1 -3 5 -3 -3 1 0 -2 -2 2 -1 -6 0 -5 -5 4 -2 2 0 3 -3 2 1 0 2 -3 0 -5 -1 -1 1 3 3 -2 -3 -2 1 5 -3 2 -5 -2 -3 -1 -2 -3 -2 -1 1 -4 -4 -1 -3 -1 1 3 0 3 2 -1 1 1 0 -2 3 1 2 -1 1 2 -2 0 4 -3 -2 -1 -2 5 5 4 -3 -5 1 0 -2 -4 0 4 1 -3 2 3 -3 0 0 -1 -5 -4 0 -7 -1 5 1 -1 0 0 -1 2 -6 1 1 -2 0 -5 3 4 3 -4 2 -4 -2 -3 2 -2 0 -5 5 1 -5 -3 0 3 3 0 -4 2 -1 1 1 2 -2 -2 -1 1 0 3 1 2 1 -1 -2 0 0 -2 -1 0 -1 2 -1 -2 -1 -3 3 0 1 4 -2 3 4 -3 0 -1 -1 1 -1 2 -1 -1 1 1 -2 -5 -2 7 2 0 0 3 1 -5 3 -4 -1 1 1 -2 -3 -3 4 2 2 0 0 -2 -3 0 -1 3 -1 -4 -1 4 -1 1 -1 1 -3 1 0 2 1 -1 -2 0 -1 5 0 1 -5 -2 2 1 -2 2 1 2 0 1 -4 1 0 4 -3 3 0 1 -2 2 2 2 1 0 -7 0 3 0 0 1 0 -5 0 1 2 -1 0 0 -1 -2 0 0 -2 -2 1 -1 1 0 3 -2 2 -1 2 -1 -4 -2 -4 -5 2 0 1 0 -4 -3 -1 -6 -1 -1 1 2 2 -1 4 0 -1 -3 -4 3 -7 1 4 -2 -1 1 0 2 0 -1 0 2 1 2 0 1 1 1 -1 0 2 4 -1 -2 -4 -2 -2 1 3 -2 -3 2 0 3 3 2 -1 -2 2 -2 -1 0 2 -5 1 -4 -2 -4 -1 -4 -6 0 -4 0 -1 1 1 0 1 1 2 3 -3 5 2 0 -2 1 1 3 -3 -4 3 2 -1 0 1 -5 1 -1 -2 2 -2 1 2 -6 -2 1 -1 -1 -4 -2 2 3 0 -2 0 3 3 -1 4 -4 5 0 0 -4 0 2 2 -1 0 -3 -1 1 -1 -1 -4 -1 -3 0 3 4 -5 2 -6 -1 5 1 -1 -1 0 -3 1 -1 -4 0 0 -2 4 -1 1 -1 1 -1 0 0 4 -2 -7 0 3 4 -3 4
110 -4 1 -1 0 0 4 3 0 -7 2 0 -2 -4 -3 1 -2 -2 0 0 4 3 -1 -1 4 -3 0 2 -3 3 -2 5 1 -2 -1 -2 -4 -2 1 -1 7 1 -2 -5 -2 -2 3 -1 3 1 -2 1 0 -4 -2 0 -1 2 -4 0 3 -2 -5 -1 6 2 -3 3 -2 0 -1 0 -1 2 3 -1 1 7 -5 1 -1 -1 -1 2 -2 -3 1 -3 1 2 -2 -1 -5 4 0 5 1 6 6 1 -4 0 2 -4 2 0 -2 0 -3 -4 -1 -4 1 4 -2 -3 2 -1 4 -1 0 -2 0 3 1 -3 0 -1 0 2 -5 -2 1 -1 -1 -1 3 3 2 2 -5 -2 3 1 -2 0 1 1 1 0 3 4 -1 -2 1 -1 3 -4 3 3 0 0 0 -1 -3 -2 1 1 1 -4 4 0 0 1 0 -1 -1 -1 3 1 2 2 -1 0 0 0 0 3 1 6 -1 1 0 -1 4 -7 1 1 -2 2 3 2 1 1 -5 3 -4 0 5 -1 5 0 -4 -1 4 4 0 3 0 6 1 1 2 -1 1 0 1 -2 0 -3 4 1 3 4 3 -2 1 5 0 0 0 0 -4 2 2 -3 2 0 2 1 -1 -1 1 -2 1 1 -3 1 1 -1 -1 -1 0 5 0 -3 -1 -1 -3 0 1 4 -1 2 -3 -3 -2 0 -3 4 -2 2 -1 -1 1 2 2 -2 -1 -1 -2 2 -5 0 -1 3 -1 0 1 1 -1 5 3 4 -3 -2 -2 3 0 1 -4 -4 -1 0 4 3 0 -5 2 -2 -6 -1 2 -2 3 3 -1 -6 1 -2 -1 0 1 -2 1 -3 2 -4 0 0 -2 2 0 0 -2 1 -3 -1 1 -3 0 2 4 -2 0 -2 1 1 -2 3 -1 -2 -7 0 1 -1 -1 -2 0 0 0 -4 1 1 -1 2 -1 -6 -1 -4 1 3 -1 -1 -2 1 -1 5 -2 4 4 0 1 1 -3 0 -7 3 1 3 -1 -5 -4 2 2 -3 -2 4 0 -4 -1 2 1 -2 0 -1 6 -3 1 3 -2 1 3 -1 -1 2 -3 -2 0 -2 0 0 0 -4 -3 1 -3 0 -1 -1 1 -4 0 0 0 5 0 -1 0 1 0 2 3 2 2 -3 2 1 -1 0 5 1 2 1 -2 -7 -2 -2 -5 -1 -2 1 -1 2 2 0 -5 1 1 0 -2 -1 0 5 -1 1 -4 -4 1 4 -1 3 5 2 2 -1 -1 2 -1 3 -1 1 -1 0 -3 -4 -1 -2 -1 0 -2 -3 -1
4 0 7 -2 -2 0 -3 2 0 -1 -1 3 0 -2 2 1 5 0 -3 -2 2 -2 -2 -3 2 2 2 -1 2 -1 1 -1 1 2 0 -3 2 -4 -3 -3 1 -4 -1 0 -3 1 6 -1 1 1 -4 -4 -1 -2 -1 2 -1 -2 -1 4 5 -2 0 -1 0 3 2 -2 3 2 2 0 3 -1 -1 2 0 4 -3 1 2 -2 -2 4 -1 2 -2 2 2 -2 1 -2 1 1 -1 -1 1 -1 0 2 -1 1 3 -3 -2 3 0 -1 2 1 0 3 1 -1 2 1 -1 1 0 -1 4 -1 -2 0 -4 0 -3 -2 3 3 5 -2 -1 -1 -3 0 0 2 1 1 -4 0 6 -6 4 3 -2 4 3 2 0 -1 1 3 2 1 -1 -2 3 -2 1 0 -3 -4 -1 -1 1 2 -1 1 -1 1 -2 2 0 -1 1 -2 0 -5 -1 0 0 2 -2 -1 0 -5 3 2 -1 -1 2 -1 1 2 1 -1 -1 -2 4 2 -2 -1 3 2 -5 5 3 5 5 2 3 -2 0 -5 0 -2 -1 0 -1 3 1 -2 -3 2 1 0 0 0 -2 -1 0 4 4 5 3 3 0 5 -3 -3 4 -6 2 3 -3 -1 0 3 2 -1 0 -3 0 -4 -2 4 -6 -4 0 0 1 4 -3 3 -2 -1 -4 2 -2 -1 1 -6 0 1 0 5 -1 -1 2 2 0 0 0 1 3 0 0 0 0 -1 -2 0 2 -5 -3 1 -4 1 0 -2 -4 0 -2 0 0 -2 2 1 -2 4 1 3 1 5 1 0 -3 1 2 -1 0 -1 4 -4 1 -3 1 -4 -4 3 0 1 3 -1 4 1 4 -3 -1 -1 0 -2 -1 -1 -1 2 -1 -1 3 -3 -1 -5 4 -2 -1 -6 2 -3 4 2 3 -1 -3 2 1 4 5 6 -2 -1 -2 0 3 1 5 -6 4 -4 -1 -3 -1 2 2 4 -1 1 3 3 1 3 -5 0 3 0 -1 -3 -1 7 1 -2 -1 -1 -6 2 1 1 2 -1 -6 5 1 3 -1 0 3 -2 -3 -1 -2 -1 -4 3 0 -4 0 1 -3 0 2 -3 -7 3 -1 -3 0 -3 -3 1 -1 2 0 -1 1 2 2 1 2 1 0 3 1 -1 -2 3 -3 -1 2 0 1 -5 1 -3 -4 -2 -2 1 3 2 0 4 1 -4 -1 0 -3 -3 -1 -2 -3 4 1 -1 -1 0 1 2 2 2 5 -5 3 5 -5 -1 4 2 3 0 -2 1 4 3 4 -1 0 4 -1 -4 0 2 -2
115 -1 -1 2 -2 3 -1 -1 3 0 3 3 -2 -5 -5 -4 0 -3 5 4 0 0 4 -4 1 -2 5 -2 4 -2 3 0 -3 0 -1 -4 0 -2 -1 -1 -2 -2 -2 -2 0 2 0 -2 -2 -2 1 0 -6 1 2 -2 0 1 3 1 1 0 1 2 3 3 -3 -1 0 0 2 2 -3 -4 -2 -5 -1 -3 -3 -2 2 2 -3 3 0 3 1 0 1 0 3 -1 -3 -1 0 1 3 -2 0 -3 4 1 2 -3 1 0 -2 2 0 4 -1 -1 0 -5 1 3 1 2 3 0 4 2 6 -2 -2 -3 4 1 2 0 2 -3 3 0 1 4 0 0 4 0 -1 -2 5 0 0 -2 0 -1 3 0 1 0 -2 0 4 -2 2 0 -6 -3 -1 -4 3 -2 2 1 4 0 2 3 1 1 -1 -3 4 2 1 -4 3 4 -2 -2 -4 0 2 1 4 -2 4 -4 0 0 3 2 1 0 1 -3 2 1 0 -1 0 -2 4 1 -1 2 2 3 -3 0 -1 3 2 0 1 0 0 -1 -3 1 -6 0 -3 -1 -1 0 1 0 -2 -1 1 2 0 0 4 -1 0 -1 1 2 -2 -5 0 -1 -4 4 -3 -2 -4 2 -1 2 1 0 -1 1 2 -5 -1 2 2 0 -1 -4 0 4 -3 2 1 1 -3 1 3 0 -4 -1 -2 0 0 3 0 0 2 -1 -5 3 -1 1 0 4 6 1 2 1 -5 0 -1 -4 3 -2 1 1 4 2 4 -3 -1 -2 3 -2 -3 -1 3 6 3 1 2 -1 2 4 3 -3 0 -6 3 2 -1 1 2 2 0 -2 2 -1 1 2 -2 -2 0 1 -2 -1 1 -3 -2 0 -2 0 3 2 2 2 0 0 2 -1 2 -1 7 0 1 -2 -3 2 0 2 3 -3 4 4 -2 0 3 0 1 -1 3 2 -3 0 3 4 -2 -4 0 7 -1 3 -1 1 -1 -6 5 7 -1 6 2 7 1 1 0 0 1 -2 -5 5 1 0 -1 -3 0 -3 -3 2 -4 3 -1 1 3 -6 2 -1 -3 5 1 0 0 2 -3 0 -7 3 -3 0 -5 -2 4 0 5 6 -1 -2 1 2 -1 1 -3 0 -4 3 -2 2 0 2 -1 -2 -3 1 0 0 1 -1 2 -1 0 0 0 -1 -4 -1 -1 3 0 3 -1 0 -1 0 -4 0 1 -1 1 -1 -1 -1 3 -3 1 0 -3 4 1 0 1 1 -1 3 -6 -4 -1 -4 0 -3 1 -3 3 -7 -2 -2 -1
51 -4 3 1 -2 1 -2 4 -2 -1 2 0 6 -1 -1 4 -2 -3 0 -3 3 3 0 3 1 1 -4 3 2 0 2 3 -2 0 -1 -3 0 -3 -2 1 2 -2 -2 -2 5 -1 -3 0 1 -3 3 1 1 -3 -3 -3 3 1 -1 1 1 1 -3 4 -1 4 2 -4 0 -2 -2 -3 0 1 0 -2 -2 0 0 -2 -2 -2 -3 0 -2 1 0 -1 -3 1 0 -1 -5 1 -1 -1 3 -1 2 2 -1 6 3 -6 3 0 -2 0 -3 -2 5 -3 -1 0 3 2 -4 1 4 -4 1 -2 0 0 3 0 5 3 0 -2 3 1 -1 4 0 -1 -1 0 -1 0 0 5 0 -1 -4 0 1 -3 3 2 3 0 3 -1 2 -3 -1 -1 0 2 -1 3 1 -2 1 -1 -4 -4 0 -2 4 1 2 -3 0 5 -2 -4 4 5 -1 0 2 -3 -3 -3 -2 -1 2 -5 3 -6 -6 1 -3 -1 -5 -5 -2 -3 2 -1 -3 -1 -4 0 -5 0 4 1 -3 1 0 3 0 -4 0 -4 0 1 -1 6 -3 -1 -2 -1 0 -7 0 0 4 1 -2 3 -5 -1 -3 0 -3 2 1 -1 -4 -1 -2 2 1 5 -2 2 -2 3 3 1 6 0 -1 1 2 -2 -2 -1 -3 6 5 -3 -3 5 0 0 3 -2 -1 -1 -1 3 -2 -1 -1 2 0 -1 0 -1 -3 -3 -1 -2 0 4 -1 -2 6 -1 -2 2 -1 3 -5 -1 -4 0 0 4 3 -2 3 4 0 0 -1 1 1 -2 4 1 5 -3 0 -3 -3 2 -2 0 4 3 -1 -2 -2 3 1 -1 1 0 1 -2 1 0 2 3 1 -1 0 -3 -4 0 -4 4 0 2 -1 0 0 6 0 3 0 0 -1 -1 -1 -3 -4 3 -5 6 1 1 0 0 2 1 5 2 -2 1 1 -4 4 -4 3 3 2 2 -3 2 2 4 1 -5 0 4 2 2 2 -1 0 -1 3 3 -2 -1 0 2 3 -5 -6 3 -3 1 -3 0 -1 -1 1 1 1 2 -1 4 2 -4 0 2 0 1 3 -2 0 1 -1 1 -4 -2 -1 -2 -1 0 -1 3 3 2 -3 2 2 1 -1 -1 4 4 -1 -1 2 -2 -2 0 -1 -2 -2 1 4 3 -5 1 2 -3 0 1 3 4 -1 -1 2 7 -2 1 2 1 2 0 -3 -1 0 -5 -5 1 -2 1 0 1 -1 0 0 2 3 0 -1 2 2 -2 -2 -1 3 2 -1 1 4 -2 -1 2 2 0 -2
34 2 -3 4 0 -1 -2 -1 2 4 -1 0 2 3 0 1 1 1 1 0 1 2 -2 1 -3 -3 2 2 2 2 2 3 0 4 0 -5 3 -1 0 2 -2 0 4 -1 5 3 -2 -2 4 1 -3 0 1 1 0 1 -3 -2 1 -1 2 -3 1 0 -1 -2 -1 -2 0 -1 2 1 -4 0 1 3 -3 6 3 0 -2 2 -5 -6 -5 -3 -1 1 -1 2 3 3 1 -2 4 0 5 2 2 -1 -2 3 1 -3 -1 -2 1 2 2 0 1 1 -2 0 6 2 1 1 -1 4 -5 -1 -1 1 2 -1 3 1 -2 -6 3 1 -4 -2 0 -3 1 4 1 5 -2 3 -2 0 4 3 -2 0 2 -2 -1 0 -3 -3 1 1 -5 -2 -1 2 -3 0 -3 -1 0 2 3 -3 4 -2 3 3 4 1 5 0 0 0 -3 -1 -2 -2 -1 2 -4 5 -1 3 5 2 1 5 0 4 -3 1 0 -3 4 2 0 -1 0 2 3 3 1 -2 2 -4 -2 1 -5 -1 2 -3 -2 -2 -1 5 1 3 -3 -5 0 1 -4 -3 -2 0 1 1 1 -2 -2 -2 -1 -2 3 4 5 -4 4 1 0 0 -2 0 1 1 4 -1 -4 -1 -3 5 0 -1 3 2 5 2 -3 3 0 2 0 3 0 -4 3 4 4 -3 0 3 2 5 3 3 -2 -3 1 0 3 -2 0 -1 -2 -1 -3 1 -1 -4 -4 0 -1 -2 2 0 0 2 4 2 -1 0 0 2 -1 -1 3 -2 0 1 -3 -2 -2 0 -1 -3 -1 7 4 -2 1 -1 2 1 -3 3 0 -4 1 0 1 -3 2 -4 3 0 -4 2 -1 1 2 2 0 1 -1 -4 2 0 0 1 4 1 -4 3 -1 1 -4 0 -2 2 2 1 2 -4 1 1 -2 -6 -1 1 -4 -3 0 1 1 6 0 -3 -2 0 0 -1 4 2 -1 2 5 1 0 -1 0 2 0 -1 0 -4 -5 -2 -2 -2 1 -2 -4 -3 2 -3 1 -1 -4 3 -1 -2 2 -6 -1 -4 -1 0 -2 0 -3 5 -1 -1 -2 -2 -1 3 4 3 -4 -5 6 4 0 -1 -3 5 2 0 -1 -1 0 0 0 -3 1 -4 -3 0 4 2 0 -4 -1 -2 0 1 -3 4 -3 1 4 -2 0 -1 1 1 0 4 3 -3 -1 -2 -3 1 3 1 -1 1 3 -1 0 -3 2 -2 -5 -3 -2 -1 1 -1 -1 -5 1 2 -1 -7 1 4 0 1 1 -1 -1 -1 -1 2 4
71 -3 -3 1 3 5 2 0 -1 -1 -6 0 0 -2 1 -3 -3 2 4 -1 -3 0 0 3 3 1 2 0 2 4 0 0 4 3 3 -6 0 -3 0 -2 -3 -1 -2 -3 -2 3 2 0 -1 0 2 0 0 -1 3 1 -2 -1 -4 3 2 1 1 0 4 -1 -1 1 4 2 1 -2 -1 -5 3 -2 4 0 -3 0 -2 3 -1 2 -2 0 3 -1 1 0 -5 -3 -1 -5 2 -1 1 -4 0 -3 4 2 0 -1 -1 2 -2 -2 -1 1 3 -1 2 1 2 -2 2 0 -5 0 1 -2 -2 1 -1 4 5 3 0 -1 1 3 4 3 2 -2 -3 -3 -2 0 3 1 -3 2 2 0 -2 -1 1 -2 -2 -6 -2 2 2 3 0 -3 0 3 -2 0 4 4 4 0 -2 2 1 1 -1 -1 1 -4 -2 -1 2 -4 -1 -1 -1 0 -2 0 6 0 1 1 -2 -3 -1 1 -1 2 -2 1 0 -4 0 -1 1 -1 -2 0 -3 -1 1 -1 3 -5 -1 1 -5 0 6 2 1 1 4 0 2 -3 -3 -2 2 2 1 1 2 -1 0 -6 -3 0 1 0 1 -2 -3 2 3 -1 -3 -1 4 0 -2 -3 3 -4 -6 0 -2 2 2 -1 1 -2 2 2 -1 1 3 4 0 2 -6 -1 -4 0 -3 3 1 -2 4 0 -2 -2 -2 1 -1 0 1 1 1 4 0 2 -1 2 1 0 0 0 2 5 -2 1 1 -1 -2 4 0 4 4 4 1 3 2 1 3 2 -1 2 7 1 -1 2 5 -6 -4 -1 3 1 0 -2 4 -2 -2 -4 1 -1 -5 -5 0 2 1 0 -3 3 -1 -5 0 -3 1 -2 -3 3 0 1 2 -2 0 -3 -4 -1 1 2 -2 -1 -3 3 2 1 -3 -1 3 1 0 -3 0 -2 2 -1 3 0 -5 3 -5 7 1 0 -6 1 -1 -3 -1 -2 3 5 -3 -2 0 2 3 2 -4 2 -2 1 -4 -1 1 2 -1 5 -1 -4 1 -2 1 -3 0 3 1 1 -2 -1 -1 -1 1 1 1 -5 1 0 -4 -2 2 2 3 1 -1 0 -2 -3 -5 6 0 4 1 -2 1 1 3 -2 2 4 -1 2 -1 -1 -3 -3 2 4 -1 -2 1 1 0 -3 3 -1 -1 -4 -3 4 0 2 2 -6 -6 1 0 -1 -1 -5 -3 3 -1 -3 -2 4 -4 1 2 -5 -1 5 -4 0 4 1 -2 3 4 -4 -1 0 4 -2 1 -2 2 0 3 0 0 3 -2 0 1
39 7 -1 4 0 2 0 -3 -1 3 0 -3 -1 2 -5 -2 3 1 -1 1 0 -1 2 3 0 3 -1 2 0 2 -1 1 0 5 2 -4 2 4 -2 0 -4 0 0 -4 -3 3 0 -3 0 2 5 0 -3 -1 2 6 1 2 1 0 -3 1 3 -3 -2 -4 1 3 -2 -1 -5 -4 0 5 -3 1 2 -2 -4 4 0 -1 1 2 -3 2 -4 -2 0 -1 3 0 0 2 0 -2 -3 3 -5 1 -5 1 1 -5 4 -2 -1 -3 -1 1 -2 -3 -1 -1 1 6 3 -1 -3 -4 -2 3 -3 1 3 -4 -1 -3 2 3 -2 -2 -3 -2 4 3 5 3 3 2 1 3 -2 2 -1 0 0 2 4 5 1 1 -2 0 -2 2 -4 2 3 4 1 0 0 1 2 -2 -3 2 3 1 -5 2 -2 1 -1 1 1 -2 0 -3 0 -1 -2 -4 0 -1 2 -3 -4 3 2 -2 2 4 -4 1 0 -2 -5 1 1 0 0 -1 -1 -1 3 -1 2 -2 0 0 0 1 0 0 -1 -2 -1 -2 2 -1 -2 -2 0 2 0 3 -3 2 -2 4 -1 -3 -1 -2 -1 0 2 -2 2 -3 2 -1 3 -1 4 0 -3 2 -2 1 -2 1 3 -5 -3 2 1 1 -2 -1 5 4 5 -2 4 0 0 -3 3 3 1 0 4 0 -2 3 -2 2 2 3 0 0 -2 -3 -5 1 -3 -2 1 3 -1 5 -2 -3 1 4 5 1 0 1 3 1 1 -2 1 -2 -1 -5 -2 -1 -1 1 0 -4 3 -2 1 0 3 -1 -1 2 -3 -2 1 -3 -3 -3 -1 3 -2 0 -1 0 2 -1 3 2 -2 -5 -1 4 1 -2 1 -2 1 1 3 2 1 2 -4 -2 -1 1 -4 3 3 -3 -3 1 -2 -6 -1 0 -3 3 2 -2 -1 1 3 1 3 4 -1 5 3 -2 1 -2 3 -3 4 1 2 4 -2 -2 3 0 -1 0 -2 4 0 2 3 -3 2 -2 -1 -2 0 0 0 -2 -6 0 5 3 5 -3 -4 2 3 1 -1 0 4 -2 0 0 -2 -3 2 0 5 1 1 3 -2 -4 4 0 0 -1 -1 -6 -4 -1 -1 2 3 -1 4 2 2 -2 -3 6 -1 2 -3 -2 1 -3 4 1 -1 5 3 -2 1 -1 3 -4 -1 3 -3 -2 0 -4 -2 -2 -2 0 -1 1 -2 -1 3 -3 1 2 -3 0 -3 2 5 1 0 -1 6 4 2 -1 -3 3 -1 -2 0 1 -2 -2 0 3 1 -4 -4
100 0 -1 5 -3 3 -2 -1 2 1 0 2 -2 1 -3 4 -1 -3 -3 2 4 1 0 0 1 -1 -3 5 0 1 1 4 -2 1 4 -2 1 0 0 -4 0 3 3 4 3 1 3 1 1 -3 7 -2 -3 -1 -1 -3 -1 3 -2 -3 -2 0 0 -3 -1 -2 -4 1 -1 1 -3 -1 -4 2 -3 -6 -1 1 0 3 1 2 -1 1 1 -1 -4 -3 -2 0 -3 1 -3 2 -2 2 -2 0 0 3 2 5 0 1 -1 -2 -1 -1 1 1 2 4 1 5 1 1 0 -1 2 -1 -2 2 1 0 2 4 1 3 1 -3 -4 -4 -4 -4 0 -3 3 -2 1 -5 -3 -1 3 -3 -2 4 -1 1 -1 0 4 -3 -1 -7 -1 0 -2 -3 -1 1 -5 -1 3 -3 -4 -4 -1 -2 4 1 2 -3 0 0 2 1 4 -1 4 1 0 1 1 -4 -2 -2 -2 -2 -2 0 3 2 4 0 -4 3 -3 1 -2 1 4 1 -3 3 2 4 2 -2 -5 2 3 2 -1 0 0 2 -4 0 -4 1 0 0 -3 -1 -1 0 -4 5 0 -2 -1 2 -2 2 0 1 1 -7 -4 -3 -3 1 0 4 -1 6 1 4 -3 2 1 -4 0 2 -3 -1 2 2 -1 1 -2 -4 0 3 -2 -2 2 1 -1 -2 1 6 0 1 -1 -4 0 1 2 4 3 -3 0 -1 2 -3 -1 6 1 -2 0 1 -1 5 2 -2 1 1 0 5 2 0 0 0 2 1 -3 -2 4 -3 1 -3 0 -1 1 -3 4 6 1 -2 1 -2 2 5 -1 -4 1 2 3 0 -1 -2 1 -3 -1 -4 2 -1 3 5 1 -5 -2 0 -1 2 -3 0 0 2 1 3 0 4 -2 1 2 1 2 1 2 -3 0 0 1 1 2 -4 -2 2 3 2 0 0 -2 1 3 0 2 -1 0 1 -3 -3 3 -2 2 1 3 1 -1 -1 -2 1 0 0 3 2 -3 2 -1 1 1 -1 2 -1 -4 0 -2 1 2 2 0 -2 0 -1 3 0 2 -1 2 2 -3 -2 2 2 1 2 -2 3 3 -1 1 3 0 4 -3 -2 7 0 3 -1 2 0 2 -1 -1 6 5 3 2 -4 -1 0 -1 -3 -3 -4 4 3 -1 2 2 -3 -1 -2 -2 -2 -2 -4 -4 -5 0 -3 -2 -2 -2 -2 -3 -6 -4 -2 -2 -1 4 -2 0 0 -3 2 3 1 -2 5 6 -6 0 -3 1 -2 1 0 -2 -5 2 -1 0 1 4 -4 3 -1 2
40 -2 -3 -3 1 2 -7 -3 0 -1 0 -3 -2 -5 -1 5 3 2 -3 2 2 -1 0 2 2 1 3 4 1 0 0 -1 -2 -1 4 5 -2 2 5 -6 -1 1 -1 0 -2 -1 4 1 -1 -2 1 0 2 -4 -4 -1 1 2 -2 0 2 1 -2 -5 -1 0 1 0 -4 5 4 2 -1 -1 2 1 -2 -2 3 4 -2 1 -1 0 -1 -2 -3 1 -4 0 -3 2 -3 3 0 1 0 3 3 1 -2 4 1 -2 -2 -1 -2 2 -3 -2 -7 0 1 4 2 -2 4 1 2 3 -1 2 -2 1 0 4 1 -1 0 5 6 0 1 6 -1 -1 -1 1 -3 -4 -3 0 0 -3 0 0 -2 -1 -2 -1 5 2 0 -3 -3 -6 2 -4 1 -2 -3 3 0 3 0 3 -1 2 -3 -1 5 0 -1 -1 7 5 2 -1 0 0 2 -1 1 2 2 2 -1 2 1 3 -1 1 0 -1 -3 2 2 1 0 3 4 2 4 -4 -3 5 -3 0 2 4 -2 0 -4 -1 -1 -2 -3 -1 3 0 -1 0 -4 0 1 4 1 3 -1 1 -1 -1 -7 -4 2 -3 -3 -2 -1 3 -2 -1 0 -2 1 0 3 -2 1 3 2 -2 2 0 -3 -2 -1 2 0 5 3 -4 1 3 -2 3 -1 -1 -2 -1 0 4 -5 -3 -1 -3 3 0 1 -3 0 4 -2 4 -2 2 0 2 0 3 0 1 5 2 -4 3 -3 5 -2 -3 -2 0 -1 0 3 1 -2 -1 0 2 1 -1 1 1 -3 -2 4 7 -2 -5 -2 1 -4 1 -3 -2 -3 1 0 1 5 -1 0 -4 1 -2 0 2 -1 1 1 1 1 -1 -1 0 6 4 0 -5 -3 0 3 4 3 0 1 0 7 1 2 -2 -2 0 1 -2 -2 1 -1 1 5 0 -2 3 -2 2 -2 3 3 -3 -2 -3 2 1 4 6 0 -2 1 -3 -2 1 -1 1 -1 2 1 3 3 0 0 1 -2 -3 -2 6 -1 -2 2 0 -2 -2 1 5 -5 -1 -1 2 0 0 4 0 0 -2 2 -3 4 5 3 0 0 1 -1 3 2 -3 -1 -1 1 1 -1 1 -4 1 1 0 5 0 -1 0 -2 -2 0 -3 1 2 -2 -1 2 2 2 -1 2 -4 2 -1 0 -1 0 0 2 -3 1 1 0 0 0 1 -2 3 -1 -1 0 2 -1 -1 -1 2 3 4 -2 1 7 -3 0 -3 -2 6 1 -3 -1 0 -2 -6 6 -1 -1 0 3 1 -2 4 1
70 -1 0 -1 0 -5 -1 1 -1 -4 0 -2 1 -1 -4 1 6 0 -5 -3 2 1 -2 -5 2 3 0 1 -4 2 -3 0 -1 2 -3 1 1 -1 2 -4 -4 4 3 -1 0 -1 0 1 0 -4 -3 -4 1 0 5 -2 -4 -6 -2 3 -4 3 0 1 3 -1 -1 2 -1 1 2 -1 0 -1 0 -3 0 1 -5 1 -2 -4 0 -2 -2 -4 0 -1 5 3 0 -1 -2 4 1 3 -1 -2 -7 1 2 -2 -1 -1 -1 -4 0 5 0 0 0 3 0 0 0 -1 2 -3 0 -3 1 2 -2 1 2 6 -1 1 0 1 1 -4 2 -1 0 1 3 -2 -3 2 0 0 -3 1 -2 -3 4 -3 0 1 -2 3 -1 1 -2 1 6 2 0 -1 4 -3 0 1 3 3 0 0 -3 -1 -5 4 -2 3 2 2 -2 -1 1 -1 -3 0 -2 2 -3 5 1 0 2 -4 4 4 0 -2 2 3 6 -4 0 -1 -1 -2 2 3 6 -3 0 -1 -2 -1 -2 -7 2 -3 0 1 2 -1 2 -3 -3 -3 1 0 -3 0 0 2 5 4 4 0 -5 -4 -2 0 -1 1 -2 0 -3 3 0 3 3 -6 -3 0 0 3 -2 1 3 -2 -2 5 -5 2 1 0 -2 -2 -1 -4 -5 -2 1 -2 3 -2 1 5 4 2 -1 -2 4 -3 -1 -7 -3 -2 -2 2 -1 -3 1 -2 0 1 1 -3 2 -7 -2 3 4 -3 3 1 1 0 -1 4 -5 0 -3 0 2 5 2 -2 1 -1 -1 3 -3 -3 0 -3 5 4 -1 1 -1 2 3 0 3 2 -3 1 3 0 0 -3 2 -2 0 -1 -1 -2 3 2 -2 -1 0 -1 -1 1 2 -1 1 -1 3 0 2 -1 1 2 -1 0 -3 -4 -3 -1 -4 -1 -1 0 1 -2 2 -2 3 2 4 1 0 2 1 -1 -3 2 1 -4 0 -1 -1 -7 3 -1 1 -1 4 2 -1 1 -1 -2 2 -2 3 0 -2 -3 1 1 2 -2 1 1 -1 2 -1 -1 -2 0 -3 1 4 -1 2 2 -2 1 -5 -1 -1 -6 2 1 0 0 2 -1 2 2 0 -3 3 5 -4 -1 1 4 -2 1 -2 2 1 2 -2 5 2 2 -2 -1 1 3 3 -1 0 -3 1 -2 -5 1 2 -3 -1 1 3 -6 -1 2 2 0 -2 -2 3 1 -2 -2 -4 -3 1 1 4 -3 3 0 3 -7 3 0 -2 -3 0 -4 2 1 2 0 3 0 1 2 4 0 2 -3 -1
47 -1 2 0 -1 5 1 0 4 1 -2 2 1 0 -2 -2 3 4 -3 0 -2 1 0 1 -1 -5 0 1 1 2 5 4 0 -1 -2 -1 -6 -1 0 1 2 0 3 1 -1 6 2 1 2 2 4 -3 2 4 2 -1 5 -5 -1 1 -1 -2 1 -1 2 2 1 3 -3 3 -1 -1 -2 1 3 0 7 5 -1 2 1 2 0 -7 0 2 2 -3 0 0 1 -3 1 -5 -3 -5 1 1 0 -2 -1 -1 0 1 5 0 -1 1 1 0 -1 0 0 2 -3 -2 1 -2 -3 -2 -1 3 0 -4 3 2 1 1 4 -1 0 -1 -1 -1 1 1 -7 -2 3 -1 2 1 1 -2 0 1 -1 -1 1 -1 1 -1 -3 -1 1 -1 1 -5 1 -3 -2 -3 -2 0 -1 -1 1 -1 0 -1 6 0 -1 0 1 -5 2 1 -2 2 -1 -2 2 0 3 2 1 1 -2 -1 -2 -1 -4 -1 3 4 -2 2 -2 0 3 7 5 -2 0 -3 -3 -2 0 2 -2 -4 -1 -3 1 -3 -1 0 5 -3 -1 -2 -1 0 4 1 1 1 -3 2 -5 -4 -2 3 4 -1 1 -1 -2 0 0 1 -4 -4 -3 -3 -3 1 4 1 2 -1 0 -4 -2 -1 -2 -1 3 0 1 2 -1 1 -3 1 0 -5 3 0 -2 -3 -3 0 4 -2 1 1 -4 -3 3 0 -4 1 6 5 -3 4 -1 0 3 -1 1 -1 -2 2 4 2 0 1 0 1 -3 0 -1 4 1 0 -1 5 5 -2 1 -1 3 -4 4 -1 0 1 -6 -1 1 1 1 -2 2 2 0 1 1 -4 -4 2 2 4 0 -3 2 2 -3 1 4 2 -2 -3 -1 -1 -1 -1 6 0 0 -1 -1 -1 0 -4 2 3 -1 1 -2 -1 3 -1 3 0 3 -4 -1 3 0 -3 1 2 0 4 1 5 -3 -1 4 0 0 -3 1 0 5 0 -5 -4 -2 0 3 4 -5 0 -2 -1 0 -2 3 3 0 6 -2 -1 5 -1 0 2 7 1 -1 -3 -1 -5 2 1 2 1 -1 -2 1 -1 -3 -2 -1 3 -1 -3 2 -1 2 2 1 -1 3 0 1 1 1 1 -3 -4 4 6 -3 -3 -1 0 1 -6 3 -1 0 1 2 2 -5 1 0 2 2 0 3 4 -1 -3 -1 -6 -4 3 -2 0 4 -4 4 2 2 -1 -2 -1 -4 -4 2 2 2 3 2 0 1 -1 -1 -3 2 -1 5 -2 2 -5 1 5 -4 -2 5 0 -2 2 5 2 -2
109 -2 4 0 3 -1 1 -4 0 -2 -2 2 0 -5 2 0 -1 -4 3 -5 1 1 1 3 -2 3 -6 -1 -1 1 2 2 -3 -3 0 -2 2 2 3 -2 2 4 -1 1 3 -1 0 -2 4 -1 0 -1 0 3 -2 0 2 0 -3 3 -2 -1 -2 0 1 1 1 1 -1 -1 -4 -4 5 1 0 1 1 1 -2 1 1 3 1 2 -1 1 2 2 -4 0 0 -3 3 -1 1 -3 -1 -1 4 -3 1 -2 5 -7 5 2 0 0 0 0 -1 3 -6 0 -1 -1 -2 -1 0 -1 1 -1 3 3 1 -1 2 0 -4 6 -5 -1 -2 -1 -4 0 1 1 4 -4 -4 -4 1 1 2 -2 2 2 -1 3 2 -1 0 3 -7 -2 -1 5 -3 2 -2 0 -1 2 -3 0 -6 0 6 -1 -2 0 -2 5 1 2 0 -1 2 -5 2 0 -3 -3 0 1 -4 2 1 0 1 0 0 -1 4 -3 0 -1 1 2 3 -1 0 0 -2 -4 2 0 -2 -3 -3 3 3 -1 1 -1 -1 1 -2 -3 -3 -1 3 0 -1 1 -1 0 2 4 2 2 -2 -1 -1 2 3 4 0 -2 -2 3 2 -1 1 3 -3 -3 1 2 -1 3 -1 -1 -1 3 0 3 -3 2 4 0 4 4 -1 1 -1 -2 0 -3 -1 2 -3 -3 0 -1 1 7 -3 -1 6 2 0 1 -2 2 1 3 2 -4 -1 0 -1 4 -2 2 4 1 -4 -1 4 -1 2 1 6 -1 1 0 1 4 1 -7 -7 -2 0 2 4 -2 0 0 -1 3 -1 1 0 -3 3 -1 -3 7 0 -2 -2 -2 1 -6 2 1 -1 1 0 4 0 1 0 6 0 3 1 -1 -1 -1 1 2 -6 0 1 -2 3 1 3 0 -4 0 -4 3 -5 -2 3 -4 -1 1 2 3 -4 -1 -2 2 -3 -1 0 0 -1 3 -3 0 -1 0 -3 7 0 1 3 0 2 1 -3 1 -4 -3 2 -2 -1 0 1 5 0 3 1 0 0 -3 1 0 -1 1 0 -2 -1 -1 -1 0 -2 3 -4 -1 -1 0 2 2 1 0 -3 -3 2 1 -3 -4 -1 1 3 3 3 -2 0 -1 -1 -5 0 7 -2 0 0 1 0 0 -5 -1 -1 -4 -4 -2 1 -1 0 -7 0 -2 0 0 -5 -3 -3 -2 0 -4 -1 2 -2 3 7 -4 0 -1 3 0 -1 -1 1 -1 1 1 0 2 -2 3 3 6 -3 0 2 -2 -1 0 4 -2 -4 0 0 -1 0 0 -2
35 -3 4 3 1 1 0 2 2 2 0 1 3 1 -3 -1 -1 -5 4 2 7 -2 2 -2 1 -4 1 -2 -1 1 -4 5 2 -6 6 -1 0 3 -2 1 6 1 4 4 0 2 -3 1 1 -1 1 -2 0 -1 -3 -2 0 -4 5 0 -2 0 -1 2 2 1 6 -5 1 1 1 2 3 -2 1 -2 -3 -3 1 -4 1 -5 4 1 7 2 0 2 -3 0 -2 4 2 -1 3 2 1 -4 5 2 -4 -1 1 0 4 1 -1 2 -4 0 3 3 1 3 7 -1 2 1 -1 3 0 0 0 2 -2 -2 -6 3 -1 -2 3 0 1 -3 3 -3 0 -1 2 -2 -3 -3 0 3 0 2 5 -3 1 0 0 0 -3 1 -1 0 0 3 3 2 0 0 0 1 -2 -2 -2 -1 -1 -1 -1 2 1 0 -1 -3 -3 2 3 0 5 1 2 3 3 1 0 1 -2 1 -2 -1 2 0 1 3 -2 -1 5 1 -1 -1 1 -2 2 0 -1 2 -1 -3 4 1 -6 -2 3 -2 5 1 -1 2 -1 -3 1 3 1 0 -4 -2 4 5 2 0 -1 -1 -1 -1 1 6 2 -2 -4 0 5 -1 2 1 1 -2 1 3 -2 1 1 -2 0 0 4 0 -1 -1 0 1 4 -2 2 -2 3 -3 -3 -2 -1 -1 0 0 0 -1 1 -2 2 1 -3 1 -1 -2 -4 -3 2 0 4 -3 -2 0 -5 2 -7 -3 1 -1 1 0 0 -4 1 -1 3 5 1 1 1 0 -2 -2 1 2 3 1 5 -3 -1 0 -5 5 -2 -2 -3 5 -2 -2 3 2 2 -5 -2 -1 1 -1 1 0 -3 0 0 2 -2 -2 -5 1 -2 2 0 2 -3 3 3 3 3 -7 0 0 -1 7 3 -2 -1 2 2 1 3 -1 1 -1 1 0 -2 0 0 1 1 -1 3 -2 -5 1 1 1 0 -1 -5 -2 -2 2 -4 -1 3 -4 1 1 0 -1 0 2 2 1 0 5 -1 -4 3 5 0 3 7 -4 1 -1 -2 -3 1 1 -1 -1 -2 4 2 2 0 -1 3 0 -1 -2 2 5 0 4 -1 5 4 -4 -1 1 0 2 -2 3 -1 -3 -1 -2 2 2 2 1 0 -7 -1 1 -2 1 1 1 1 3 -1 -1 4 0 2 -1 2 -2 -1 -4 -2 2 -4 3 -1 -2 -2 -1 -2 4 1 1 2 0 -1 1 0 6 -1 2 -1 -2 -3 0 2 0 3 -1 4 3 -2 2 2 4 -1 0 -2 -2 0 -2 0
85 0 -1 -1 0 -4 4 0 -4 0 0 1 1 -1 0 1 -4 -1 -2 1 0 2 1 -2 -6 -4 2 3 6 -3 6 1 -3 -5 3 -1 4 -2 -1 -2 0 2 -1 -3 1 1 2 3 -5 1 1 -2 3 -3 -1 -3 1 3 -5 -1 0 0 1 -2 3 2 1 -4 2 -1 4 2 5 1 2 2 -2 3 3 -1 -3 -3 -3 -3 -5 2 0 -2 0 5 2 3 -6 -1 4 3 -4 3 0 2 1 1 3 -1 1 2 2 1 -4 3 0 4 0 -3 -2 -1 -4 -2 5 -5 -4 -3 2 -1 1 1 3 -2 1 0 -1 2 5 -2 0 -3 -1 -2 -1 -2 -2 2 -1 1 1 -1 -2 -1 -1 4 0 1 0 -1 -2 5 4 1 -1 0 -2 1 2 0 5 5 -2 -2 -1 -3 4 2 -1 3 -3 4 3 0 -3 -2 0 -3 3 2 -1 -4 -2 0 6 -2 -1 2 0 -3 7 -1 -2 3 0 0 -2 -2 1 1 -1 -2 -4 1 0 0 1 0 -3 -1 0 0 -2 -1 1 0 -3 -1 2 -3 0 1 1 -1 2 -3 0 1 2 -1 -1 3 4 2 3 0 0 -3 -2 2 1 5 -1 2 -2 -1 2 0 1 0 3 1 1 2 -3 -1 1 1 -3 -5 -3 4 1 -4 1 -3 -2 -4 -2 -1 -2 -2 0 -4 4 -3 1 -3 -1 -6 2 -2 -2 -2 0 -2 -2 0 1 0 0 3 -3 0 -5 -3 1 1 1 3 -3 0 -3 2 -3 -4 4 -2 -3 -2 0 1 -3 3 -3 1 4 0 2 -1 -1 2 0 -1 1 1 -1 7 1 4 5 -1 2 0 -2 1 -2 0 -2 0 -4 -1 1 1 -3 0 -4 0 6 3 3 7 -1 3 6 -1 2 1 -2 1 2 -1 -1 -2 1 2 -1 -4 2 -2 1 -1 0 -2 1 0 -1 4 0 1 1 1 -2 -2 -2 0 -1 1 -3 3 0 -1 3 -1 0 1 -1 0 -4 3 4 -4 0 1 1 -4 3 3 -2 -1 -3 -4 -1 2 2 -3 5 -4 0 2 -3 2 1 3 -3 -2 -1 1 -2 2 0 -4 0 -4 -2 -1 0 -3 0 -2 -4 1 -2 3 0 -3 1 0 2 0 -3 0 3 0 -2 2 3 -5 2 3 0 -3 2 -1 -2 -1 4 -4 1 -3 -2 5 -3 -1 -4 2 3 2 -5 -1 4 1 4 -1 1 0 1 -2 -3 -1 0 -7 -2 6 -2 -3 1 2 5 -5 2 4 -3 -2 1 -1 -1 1 2
67 0 -3 0 2 -1 -2 -1 3 0 2 3 3 -1 -1 0 -1 0 -2 -2 1 1 4 -3 -4 -3 -1 0 3 5 -2 4 -1 6 2 -1 0 -1 5 -3 -2 0 2 -3 -1 6 -1 1 2 1 5 3 -2 4 -1 2 -3 0 -2 0 -5 2 4 -1 -4 -2 -3 0 -1 1 1 -3 -3 -2 -3 2 3 -3 4 -1 -1 1 -4 -1 0 1 0 2 0 -3 -2 0 -2 2 4 2 -1 -1 0 -1 1 -2 -2 -1 5 -3 1 3 3 5 3 0 1 -2 4 7 3 1 0 0 1 -1 -2 1 0 -3 0 0 -3 1 2 -3 -3 -2 2 2 3 -3 -2 -6 0 1 -1 4 -1 1 1 2 0 0 3 2 0 0 -1 2 -1 -3 2 -3 3 -3 -1 -2 -3 1 1 3 -3 -1 -1 -2 0 2 -2 -3 0 -3 0 1 4 0 5 1 -4 1 0 1 -2 0 -2 1 3 1 -1 0 -4 4 2 -3 -4 -3 1 3 -2 2 1 -3 1 2 3 -4 -1 1 0 2 0 1 -1 2 2 -3 2 -2 1 -2 2 -1 1 0 7 0 2 -1 0 -1 1 3 2 -1 0 5 -3 1 -2 3 0 1 1 1 -2 -2 1 3 1 2 -1 4 0 1 1 -3 -3 -2 0 -3 -1 -1 2 -4 -2 -1 0 -2 2 2 3 0 -2 0 2 0 -3 1 -4 4 -2 1 -3 6 3 4 1 1 -3 -2 2 -1 1 2 0 1 5 0 0 2 2 -3 -3 -5 1 -1 4 0 3 -2 -2 -4 -5 -2 4 -1 3 2 -1 -1 -1 -3 2 -4 -1 2 -2 -4 -1 0 -3 1 1 1 -1 -1 4 -2 -3 -3 -3 2 -4 2 -1 2 -1 3 -2 1 -5 -2 5 -1 2 2 0 -2 0 -1 5 4 1 2 -3 3 3 -3 -1 4 -1 -5 -3 2 1 0 -2 2 -1 -6 -2 -4 4 -1 -3 -4 2 7 0 -2 -1 1 2 -3 3 -2 -6 0 -5 2 1 3 1 5 1 -2 3 -4 1 4 -2 1 0 -1 0 0 4 -2 -2 -2 2 0 -2 1 -4 0 -1 -1 3 5 0 1 -2 -1 1 0 -2 2 -2 2 5 -4 0 2 -1 2 2 1 -1 -1 -3 0 4 2 -1 -2 1 0 2 -4 5 1 -2 -5 0 0 4 -2 2 3 2 -2 -4 0 1 1 2 1 4 4 3 0 -2 3 -5 -2 1 6 2 -1 1 -1 0 1 0 1 -4 -3 3 -1 6 3 -5 -1 -1 -5 -4
94 0 0 -1 -3 -1 -3 -1 -1 0 -2 3 -3 0 -3 0 -5 3 0 3 1 0 4 0 1 -2 -2 -2 4 2 0 -5 0 3 3 -5 4 -5 1 1 1 -4 -2 -1 2 1 -4 -1 0 2 0 -1 -3 0 1 1 -4 0 -2 2 1 0 0 -1 -4 0 -2 -3 6 -2 -2 2 2 -2 0 0 -1 2 -3 -1 -3 6 1 4 -3 -3 3 -3 2 4 -2 -1 1 -7 -1 0 6 -3 -3 -1 2 5 -2 -1 -3 -2 -1 -1 2 1 4 -1 -1 3 -1 2 2 5 2 4 -1 0 -1 0 1 2 3 0 -2 -1 2 1 4 -1 1 0 -2 -1 -4 -4 2 -2 1 0 0 1 0 4 2 -1 0 -2 -4 -3 5 0 -5 -2 0 2 2 -1 2 -5 -1 -1 -1 4 2 1 -4 5 -1 -5 -7 4 -3 1 -2 3 -3 -2 -2 0 1 1 3 -3 7 1 0 2 4 -2 -3 0 1 -3 2 1 3 0 -1 0 1 -1 0 -1 2 -2 2 0 0 -4 1 2 -1 2 0 1 -3 1 1 -2 -2 -1 1 -3 4 -2 2 -2 0 0 -2 0 3 0 3 -1 2 0 -4 1 1 1 -4 -1 3 -4 0 0 2 3 -1 0 -3 -2 3 -5 3 3 -3 -1 0 -2 -1 1 -1 -5 -4 4 2 -1 -6 -4 -1 0 5 3 0 0 0 -2 3 1 0 3 2 -1 0 4 -3 -1 0 -2 4 3 0 -2 2 2 -1 4 2 -1 1 4 -2 -1 2 2 2 3 -1 -2 -1 1 3 -4 -4 2 -2 -1 0 4 -3 0 2 -1 3 0 -1 -2 1 -3 -2 -2 0 2 5 2 -3 -4 -3 -1 0 -1 -1 -3 3 -6 -2 -1 -5 -3 1 -3 4 0 5 3 1 -2 0 7 -1 -3 5 -4 -4 -1 0 1 -2 -1 0 -3 -3 5 2 -6 -1 -2 -1 -6 -1 -2 0 3 -1 3 -1 2 -2 -4 -2 1 -2 -4 -1 3 -1 1 -3 4 -2 -5 2 -5 3 -2 -2 -1 -2 0 -3 2 2 -2 1 -1 -3 0 0 -2 2 0 2 -2 1 3 0 0 0 1 -6 3 1 2 1 -1 3 2 -3 -1 2 -1 -1 -3 -1 3 1 -1 0 -1 5 -1 -2 1 -2 -1 -1 -2 -4 2 3 1 -3 1 -3 -2 1 0 1 -3 1 -2 -1 3 6 -5 2 0 2 3 -4 0 -2 4 4 0 -1 0 2 5 0 0 1 1 -2 0 -3 -1 3 4 5 -3 -1 0 0 -1 6
93 -1 4 5 4 2 0 -2 -1 -3 3 -2 1 2 -1 3 -2 2 4 0 -3 1 2 -7 -4 -4 1 0 -2 3 2 1 -3 1 -1 -1 -5 2 -5 0 1 3 2 0 -2 0 2 1 1 0 -3 0 0 0 0 1 -2 4 -1 1 2 1 0 -3 1 2 1 4 3 4 1 -2 -1 -3 1 3 -4 -5 2 -1 0 1 1 -1 -1 -2 -1 -1 6 1 0 2 -2 1 -3 -4 1 2 3 -2 3 -1 2 6 3 -2 0 1 -1 -1 2 -1 0 1 0 1 0 0 6 2 2 0 -1 0 2 2 -4 3 1 -1 5 -1 0 -5 -4 2 1 -2 -4 -4 -2 -3 1 -2 2 0 2 -5 -2 1 0 1 6 -1 2 0 -1 -1 -1 -5 -5 0 -2 0 2 0 2 4 -3 0 0 -1 -1 -2 3 -2 0 2 -2 4 3 3 -1 2 0 2 0 4 1 2 1 -1 -2 -2 -1 -6 -1 -2 -3 0 1 2 -3 -1 0 0 3 -2 3 2 -1 2 3 1 0 5 2 -4 -3 4 -1 -1 -2 4 -3 2 3 0 1 0 0 -1 -1 -2 -1 0 -6 -3 1 2 1 -2 0 2 0 2 4 7 4 3 1 -4 -1 3 -1 -3 0 3 -3 -3 2 -3 -3 2 1 -2 -1 5 0 3 2 0 2 -3 2 -1 4 -7 -3 3 1 -2 3 -1 -1 0 0 0 0 5 1 3 1 -1 -5 0 -1 2 0 1 -2 0 3 -1 3 -5 0 2 2 -1 -3 3 0 -4 0 0 -1 2 -1 0 -1 3 -2 4 5 -1 -1 -1 4 1 3 2 -1 2 -1 3 -2 3 -2 1 0 -2 -2 -5 0 2 3 -2 3 -1 -3 -1 3 4 3 -2 0 3 -1 -2 0 1 -2 1 1 5 5 0 1 1 3 5 0 -1 5 -2 0 0 -2 1 1 3 0 0 -2 3 -4 2 -3 -1 -1 1 -1 -5 -3 1 -2 4 -1 0 -1 -4 -3 -4 -1 1 3 1 1 6 2 -2 -1 3 -1 0 3 0 1 2 -2 -7 4 3 0 3 2 1 0 0 -1 1 -1 3 -1 3 3 0 -2 -7 2 -6 5 -1 4 -2 0 4 3 0 0 0 -2 2 -2 -2 -2 0 -3 0 -3 -1 1 1 1 -3 -5 -1 1 -4 -1 2 3 -3 -1 1 -4 -3 -1 1 -3 3 -2 -2 -4 1 -3 2 -3 0 0 2 3 -2 2 -1 -4 2 2 -2 -2 5 2 -1 1 -1 -1 -1 6 -3 1 3 2
76 -3 -2 -2 -5 -1 -1 1 -3 -3 2 -3 0 -2 1 -2 3 0 -4 1 2 0 -1 0 -2 -3 3 -2 -3 1 0 7 4 1 -3 0 -4 2 -1 1 -3 -1 -1 1 1 1 -6 0 0 2 -1 0 4 3 2 -5 -3 -1 6 2 4 1 2 6 2 0 2 1 -1 0 1 2 -1 -2 -2 5 1 0 -3 3 0 0 2 0 0 -2 0 -4 1 3 -1 0 2 -1 0 -4 3 -3 0 0 -2 -2 6 -1 -2 0 -3 0 -2 0 2 3 1 -3 1 -3 1 -2 -4 -3 6 -1 0 -7 3 2 3 0 2 0 -1 -1 4 -1 0 -2 -3 -2 -3 -1 -2 -5 1 0 -4 0 0 0 3 -5 3 -4 -3 0 4 3 -3 -4 -1 -2 4 1 -3 1 2 -1 -3 -1 -5 2 3 -1 3 -1 1 1 -1 4 0 1 0 2 2 -1 0 2 3 4 3 5 -2 -3 2 0 2 0 0 4 -1 -1 2 -2 -1 2 2 3 0 2 4 0 -4 0 7 1 -3 0 -1 0 0 3 0 0 1 -1 0 -2 1 0 -2 0 1 -1 0 -2 1 0 5 -4 -3 0 2 0 2 1 2 -2 -1 0 5 5 1 2 1 -3 1 -1 0 -5 1 -3 -3 0 5 3 3 0 -1 0 3 2 -2 1 -3 -2 -1 0 4 -1 -2 4 -4 1 0 0 5 -2 -4 3 -4 -2 -5 -1 0 3 2 1 0 -4 5 -1 2 -2 -3 2 3 1 -2 -2 -1 0 2 -5 2 3 4 3 2 3 -1 -1 -7 1 0 -2 -2 6 3 4 2 2 1 -3 1 2 3 -2 -1 1 0 2 -3 -1 1 0 2 -1 2 -1 1 3 3 -5 1 -1 -3 3 0 -1 1 2 -1 0 -3 0 -3 2 0 -5 0 4 2 4 0 1 -1 3 0 -1 -1 4 1 0 0 2 0 -3 -1 0 0 1 1 2 3 6 2 0 2 0 2 -4 2 -7 5 5 2 2 0 2 4 -1 0 0 0 -3 -2 1 4 1 -1 1 3 -3 -1 0 -1 -3 -4 -3 2 4 -2 -4 -3 0 3 -2 -2 3 -1 3 6 2 -1 -1 2 1 4 0 -2 0 -1 0 -2 2 1 -1 2 -4 -1 -1 -1 1 -2 -2 -1 -1 4 6 2 0 -1 2 3 -3 -1 -1 -1 4 2 -2 -1 0 -1 0 -2 2 0 3 1 -1 1 1 -1 3 2 1 -4 -4 2 2 4 -3 2 -1 0 -4 3 0 -1 3 2 -3 -5
4 -1 4 -1 -3 -1 -3 4 1 -1 -1 -1 1 2 0 1 5 -1 -4 1 0 -2 0 -2 -2 -1 1 -1 1 -1 3 -2 1 -1 -1 1 2 -2 -2 1 2 -3 3 4 -1 0 2 -5 2 2 -2 -1 -5 0 1 3 1 -2 -1 2 4 -2 3 -1 -4 2 1 0 1 2 2 -4 2 1 -2 1 1 2 2 0 -1 -1 -1 4 -1 2 4 2 3 -4 3 0 0 2 0 2 1 -3 0 1 -2 0 2 -4 -1 1 0 0 -1 -3 3 1 1 0 1 2 -1 0 -3 1 2 -1 -2 1 -1 -1 -2 -3 -2 0 1 -4 1 -1 -4 -1 2 1 1 -3 -5 -1 6 -2 3 2 0 3 4 2 2 5 3 2 -3 2 0 -4 3 1 1 1 -1 2 -1 -1 2 -1 -2 -1 -1 0 -3 3 3 0 2 -2 3 -5 -2 1 4 1 -3 0 -4 -3 0 4 -2 2 3 -4 -1 1 4 -3 1 1 0 2 -4 -1 1 1 -2 3 -1 0 3 2 2 -3 -1 -4 3 1 -2 2 0 1 2 -2 -3 2 3 1 -1 0 2 2 0 3 3 3 3 2 0 1 -5 -2 4 -4 -1 3 -1 -1 -4 4 3 -3 1 -3 0 -1 1 0 -3 -3 2 -1 -3 4 -2 1 -5 1 0 1 -1 -2 1 0 0 2 1 7 -2 0 2 4 0 2 2 2 1 -2 -1 -1 1 -3 -1 0 1 -1 -2 2 -1 -2 -1 -3 -1 -2 -4 -1 -1 -1 2 0 1 4 3 0 1 -1 2 1 -1 2 -1 -1 2 1 6 -4 3 -2 0 -4 -4 2 2 3 1 -2 6 1 3 -1 3 -2 2 -1 -1 -2 0 3 -5 -4 3 -1 -1 -6 3 -2 0 -6 -1 -3 1 3 2 0 -2 3 1 4 5 2 -3 2 1 -2 1 1 5 -4 1 -3 -1 1 2 -1 1 6 -1 -1 -1 2 -3 1 -4 2 1 2 -5 -3 1 7 -2 -4 -2 -3 0 -2 2 2 2 -1 -4 4 2 3 0 -1 6 -1 -4 -1 2 -2 -3 3 0 -1 -2 0 -2 2 -1 -5 -7 2 -2 -2 1 -1 -2 1 0 0 0 4 0 0 1 1 5 0 2 -1 2 -1 -1 5 -5 -4 2 -1 0 -4 0 -5 -5 -3 -2 5 2 3 -2 0 0 -4 2 -2 -6 -3 0 -2 -3 4 1 -7 0 1 1 2 2 2 4 -3 1 6 -3 0 2 5 6 3 -1 2 6 3 0 -3 -2 5 -2 -4 0 2 2
17 2 1 -2 0 3 1 4 -7 -1 -2 0 -3 -1 -7 0 -2 0 1 2 1 -1 -1 -3 -1 -3 0 -1 0 -1 1 3 -3 -2 3 3 3 -1 1 5 2 -1 1 -2 -1 -3 -4 1 0 0 1 3 -5 0 -3 -3 -4 4 3 -1 -1 -1 -1 3 -4 1 0 -3 1 -1 -2 -4 3 5 5 -2 -2 1 0 0 3 1 -2 4 -4 -4 -3 1 -1 0 -5 -6 2 -1 -3 -3 0 -1 -2 2 3 -4 -1 -1 4 2 3 5 2 -3 -2 0 1 1 -1 -1 0 -1 -1 -2 3 -5 -5 3 -2 0 -5 -2 -2 2 2 -1 2 -3 1 1 -1 3 -1 1 -1 3 4 0 2 -5 1 2 -3 1 -2 3 -2 1 1 -3 1 -4 4 1 -2 2 2 0 -2 0 0 1 -2 2 -2 -1 0 -1 0 5 -6 -1 -1 1 1 3 0 -3 -5 -2 5 3 1 2 0 -4 -3 -4 -2 0 1 1 -2 1 -4 2 -1 -5 -1 -3 4 -2 2 0 4 1 -2 1 -2 2 2 -3 0 3 0 0 3 0 1 -4 -1 1 -7 2 0 5 5 -3 0 -3 4 5 2 -7 -2 1 -3 -1 0 -1 0 2 2 -2 -1 -3 3 -4 2 4 -3 -3 0 0 -1 1 -1 -1 -2 0 3 4 0 4 -1 4 0 3 -3 -1 2 3 -4 0 -2 2 4 -2 4 -1 1 2 -4 -4 -6 1 -4 5 -2 -1 3 -4 -2 0 3 3 -1 1 -3 0 2 1 -2 -2 -2 -3 2 5 0 1 -1 -1 -4 0 1 1 1 1 5 6 3 1 0 -1 2 -1 1 0 0 -2 0 -1 0 0 -1 0 -2 3 0 1 -2 2 0 0 1 -1 -2 -2 4 0 1 0 -2 -1 2 2 4 4 5 -1 -2 -3 -1 3 2 1 1 -3 -1 0 -1 1 -1 3 4 1 3 1 -2 -3 -1 -1 -3 -4 5 4 0 2 -2 3 -2 -4 -2 0 4 0 -2 -4 -1 -4 2 2 0 1 1 0 4 2 -4 1 2 -4 3 1 -1 -2 3 -3 -2 -3 0 5 -3 -3 1 -2 1 3 2 5 3 -2 0 2 0 5 -1 0 0 0 3 1 2 -1 -5 -2 2 5 -2 -2 0 -4 5 -1 -1 0 0 1 -3 -1 0 0 0 2 -2 3 3 0 -1 0 1 1 2 -3 5 -1 -3 0 3 4 1 -2 2 -1 -2 1 4 1 0 4 2 1 0 4 1 4 0 -1 3 2 1 5 1 -1 -1 0 0
66 4 -1 -1 2 4 -3 -3 0 -4 1 3 5 1 -1 -4 0 -1 1 -3 1 4 1 -1 -3 1 0 -3 3 -6 2 4 -1 -2 6 0 2 -3 1 -1 1 -1 -1 3 2 3 -5 1 4 -2 0 1 -1 1 0 -1 -2 0 3 -4 -2 1 7 0 -3 -2 -1 1 2 4 2 -2 0 -1 -1 5 -1 -1 -1 -4 -2 2 -5 -3 2 -2 -2 -3 -2 -3 4 0 4 0 2 -1 -1 -3 1 4 4 3 -2 3 0 0 1 7 -5 -5 0 3 -4 2 -1 -2 -3 1 0 4 -2 1 -3 1 6 -1 -3 3 1 -5 3 -2 1 -4 2 0 -2 -2 -2 3 -4 -4 4 -3 3 1 1 0 2 1 0 3 -1 4 2 2 -3 2 -5 -2 3 -1 -1 3 1 -1 -3 0 -1 2 -4 -1 0 0 1 -3 -2 2 -4 -4 3 1 2 2 -6 1 1 1 5 -3 -3 1 3 0 2 2 -1 -1 -1 0 1 0 2 4 -5 -4 1 -2 2 -3 -6 3 -1 2 -1 1 5 2 -2 1 1 0 -4 -1 0 0 2 4 2 1 1 -2 -2 3 -4 0 3 -5 -1 4 -3 -1 1 0 2 -1 -1 1 -2 -1 1 -1 0 3 -4 -1 0 0 -2 -2 2 0 -1 -3 0 1 -1 1 1 -6 -1 -4 0 -2 2 3 0 0 0 -1 -6 2 1 0 0 4 3 2 -3 2 0 -2 4 -1 2 0 -1 -1 4 0 3 -1 0 1 3 1 0 7 -1 -2 -2 1 0 6 -1 3 1 0 0 2 -7 2 -5 -2 -1 5 1 2 -1 3 2 -2 -1 -2 0 -2 1 -1 1 0 -1 0 0 3 -1 2 0 0 1 2 -1 0 0 3 0 -1 3 -3 -2 5 4 0 -3 0 0 -3 4 -1 0 -3 -2 0 -6 0 4 -1 -2 -3 3 5 0 0 4 0 0 0 2 1 -4 -1 -2 2 -3 -2 -1 1 -2 2 -1 1 5 2 0 -1 -1 -3 0 2 6 1 -1 1 3 0 1 0 -1 -2 -2 -1 -1 -2 1 1 -3 1 0 -1 2 -1 0 3 -2 -1 -6 0 3 3 -1 0 -2 4 4 2 1 4 -7 1 -1 -1 -2 0 4 4 -1 2 0 -2 2 0 -4 -2 3 0 -2 7 2 2 0 -2 -3 3 1 -1 0 0 -5 -2 -1 1 1 -1 -3 -4 -1 -2 -5 -4 -2 6 2 0 0 -2 4 -2 -2 1 -3 -1 1 2 2 -3 -3 1 -1 -2 -2 0 -2 -1 6
37 2 -7 -1 2 0 -7 0 2 6 3 -2 -2 -5 1 -3 3 0 -3 2 5 0 2 -3 4 3 -2 1 0 5 -3 2 -1 3 -1 1 -1 -2 2 1 6 2 6 0 1 -5 -3 -1 3 -2 -1 1 -3 -1 3 -1 0 3 -2 -1 -2 2 2 -2 0 5 3 -3 1 3 -1 -2 0 -2 0 1 5 1 -3 0 1 2 2 2 -1 1 5 -3 -2 -2 7 -3 -4 0 1 1 1 -2 -1 0 -1 1 -5 3 0 3 0 0 0 3 2 -3 3 1 -2 -1 -2 -2 2 0 -5 1 -1 2 0 2 -1 -4 -2 -3 3 -2 6 -2 -2 3 -3 -3 -2 -1 -3 2 -1 6 0 4 -1 4 1 1 -1 0 0 -1 -4 0 1 3 1 3 2 -1 -2 -3 -1 4 2 0 1 -3 -4 1 -4 -1 -5 6 0 2 -2 0 0 -2 4 -2 2 2 -2 -1 1 3 2 1 -2 0 -1 -1 0 2 -3 -4 1 -7 0 0 0 1 2 0 -2 1 -3 -3 4 2 -2 0 -2 3 3 -1 0 2 -1 -3 -1 0 0 2 1 2 1 1 0 -2 -1 0 -1 -3 2 -2 -5 -1 5 0 0 -3 0 -2 -1 -2 3 -7 -4 1 -1 2 3 -4 1 3 5 0 -4 -1 1 0 -1 -1 -3 -4 0 6 1 -3 3 -5 -1 1 2 -3 -1 1 0 1 -4 5 1 3 -1 1 0 2 1 1 0 1 3 0 -1 6 0 -2 0 6 6 -1 -2 0 0 -1 1 3 0 -2 -3 -1 -2 -2 -3 0 -2 1 -2 -2 -1 -3 1 0 3 -3 3 2 1 -2 -4 2 2 1 3 0 4 1 1 -4 4 -5 0 2 1 -3 -3 -1 0 -2 -5 -1 -2 -4 2 -4 -1 -1 2 -2 -4 1 -3 -2 -1 1 -2 1 -4 -2 -2 1 3 3 -1 3 4 -1 3 5 5 2 1 -3 -1 -1 2 -2 -1 -1 -2 1 -1 -1 -2 0 0 1 -4 3 1 0 3 -4 0 1 2 -3 2 2 -5 -1 0 1 0 1 4 -1 2 1 2 -4 4 -1 -4 -2 2 -5 -3 0 -4 1 2 -1 2 -1 2 -2 -2 -1 -1 -1 1 0 4 0 -6 3 -2 3 3 2 -4 -4 -3 -3 0 -3 1 1 -2 2 0 1 1 1 -3 1 0 4 3 0 0 1 2 -2 1 -1 0 -3 -2 0 3 0 2 1 1 0 7 -7 -1 0 1 2 1 0 0 0 2 -5 1 0 1 -2 2 -1 -4 -2 3
83 3 1 -2 -1 -2 0 -1 2 -1 0 -1 -1 4 -2 -1 4 -2 -2 -1 2 1 3 2 0 1 -5 -1 -4 1 0 -1 4 -1 1 1 0 1 1 -3 1 4 -1 3 -4 0 2 3 -2 -1 1 2 -6 -3 3 2 2 2 -5 4 -5 2 6 0 2 7 -3 -3 2 1 0 0 3 0 -3 1 6 -6 -3 1 1 0 3 0 0 0 -1 -3 -2 -2 -2 4 0 0 0 0 3 -1 -2 -3 5 1 1 2 1 2 1 4 -1 1 -1 -1 3 -3 1 0 -5 -6 1 1 1 -1 -1 0 -1 2 -3 1 3 -3 -4 2 1 -4 0 2 -2 0 1 1 -1 -2 -3 -4 -3 3 2 2 3 -1 -4 2 1 0 0 -2 -1 -2 1 4 1 -1 -4 -1 -2 0 3 2 2 -2 0 -1 -3 7 -2 0 1 2 1 1 -1 2 -1 -2 -1 -1 -3 0 -2 1 1 0 0 2 3 -2 4 0 0 -1 0 3 -2 -1 -1 -1 0 3 -3 3 -2 6 -3 2 2 1 1 -4 0 -2 -1 3 5 -3 1 3 -1 0 -2 4 1 0 1 2 0 3 3 1 -2 4 -2 5 1 1 -7 3 1 0 -1 0 -1 1 -2 -1 0 -6 1 -3 0 -1 3 0 -1 0 -4 -1 0 2 3 6 -2 0 -4 1 -4 1 0 1 0 1 0 -1 0 0 -2 5 7 -2 -3 -4 -4 -4 2 -1 -2 3 1 -2 1 -3 1 -2 4 1 1 2 2 0 0 0 -1 -3 0 6 0 0 3 1 3 0 -1 -2 2 2 5 -2 5 -2 0 2 -4 0 2 -3 2 -3 1 -2 -2 1 1 -4 1 0 2 4 -1 0 -4 -2 -4 -6 -1 1 1 -2 2 -4 3 -1 2 3 3 -5 -3 2 3 -1 1 -4 2 3 1 1 -2 0 4 0 -2 -1 -3 4 -2 2 -5 -5 -2 -4 -1 2 0 -3 -1 3 4 0 -3 4 -2 3 -2 1 0 0 0 0 3 1 1 -2 -3 1 0 0 -5 -4 -1 1 1 1 2 -1 2 0 1 0 0 0 2 2 0 3 -3 1 -1 0 2 -3 -2 4 1 1 0 3 -2 -1 -3 0 2 1 1 0 2 2 -7 -1 2 1 3 4 0 1 0 -1 -3 3 -2 -1 0 0 4 -3 -3 0 -2 0 2 0 0 -1 4 0 7 -5 4 -1 1 1 -6 -6 5 -2 1 1 -5 3 -3 -1 3 1 -4 -1 -4 0 3 -1 3 -2 3 -2 3 3 3
36 -4 6 4 -2 3 0 2 1 -2 0 1 1 -1 0 0 -3 4 -1 -4 -4 2 -5 4 -3 0 1 4 2 0 -4 3 2 2 1 0 -2 0 -4 -1 -5 -4 1 1 -3 1 1 0 1 1 2 -2 -1 0 -1 0 2 -4 -3 2 -2 1 0 5 -6 1 -1 1 -1 -4 -3 -4 -4 0 0 -1 1 -2 1 3 1 3 4 -3 0 3 -4 0 0 1 1 -1 1 1 0 0 -2 0 -3 5 -4 -1 3 6 -4 -4 1 2 2 -1 -2 -5 -1 2 5 -3 4 -5 -4 -3 0 -4 1 0 -1 1 -5 -2 -1 -2 -4 -1 -2 1 -1 -4 1 5 3 1 0 6 1 -5 2 0 0 2 -4 1 -2 2 -3 -5 0 3 -1 1 3 5 1 -2 -2 0 -3 0 -1 3 -2 3 0 -3 0 -3 3 -3 -2 -2 -4 1 2 3 0 1 1 0 0 -2 0 -2 1 -5 1 -6 -4 2 2 0 2 -3 -2 1 -5 1 0 -6 0 1 0 2 -2 3 0 0 0 -4 1 2 -2 2 0 1 -1 2 1 -1 -6 -1 3 0 -2 0 3 -3 1 3 0 1 -2 1 0 -4 1 1 3 0 1 -1 3 0 2 2 -2 -2 0 1 -1 -2 -1 0 -5 0 -2 2 1 -1 -5 4 1 0 1 -2 3 -4 -3 1 -3 0 1 0 -4 -3 1 -1 -4 -3 0 2 0 -5 1 -2 0 4 1 2 0 -1 2 -1 1 0 5 2 -6 2 1 -1 2 0 -5 6 0 1 2 -5 1 2 0 -3 -4 -1 -4 3 -2 -1 -1 1 3 1 1 -1 -3 -1 -1 -3 -3 1 4 2 -2 -1 1 -2 -4 2 0 5 -2 3 -1 2 3 7 4 1 1 1 -4 2 -1 2 2 2 3 -1 1 2 3 0 0 2 1 3 3 -2 1 -4 0 2 0 0 0 -7 -2 5 1 1 -1 -2 -2 -2 -3 0 -1 1 -2 1 1 -5 -4 2 7 3 -3 3 -4 3 -3 0 0 1 3 2 0 0 -1 -3 -2 -1 1 4 0 -2 -2 0 2 7 2 2 6 1 -2 -2 -1 -1 -2 3 1 0 0 0 1 3 1 2 3 -2 -3 -5 2 -3 -3 -1 3 2 -1 -3 0 0 -2 -3 2 3 0 -7 1 1 2 -5 0 -2 2 -2 -4 -1 -3 -4 2 1 -2 0 0 -1 -1 3 0 0 0 6 1 0 3 3 3 1 4 -5 -2 0 0 0 1 -1 0 0 -2 1 -4 2 2 -2 -2
11 1 -2 -2 2 3 1 -3 -5 1 -3 1 5 -3 4 0 1 -1 1 -1 -3 1 -2 1 2 6 5 -4 0 -5 0 0 -1 0 3 -4 1 -2 -1 -1 -1 5 1 1 1 2 2 -1 0 -2 -1 2 0 5 -1 2 2 2 1 2 -1 1 0 -1 -2 1 2 4 0 1 1 0 3 -4 -1 0 4 3 -1 3 4 0 -1 -1 -3 -2 -2 4 0 -1 0 -3 -1 6 2 2 0 -4 -2 3 0 3 -1 3 3 1 1 0 3 -2 -1 -6 -2 2 2 -3 4 -1 -1 1 -3 -3 -2 0 -4 1 -1 0 3 1 -2 -2 -4 -1 1 2 -3 -5 0 -1 4 1 3 1 5 -2 0 -5 -2 1 -1 1 0 0 -1 -3 0 -1 -3 1 0 -1 5 5 1 1 -1 -3 -4 1 4 1 4 -3 -3 2 1 0 -1 1 -1 -2 3 -2 0 -2 1 -3 -4 2 0 0 -2 1 -1 1 1 -2 0 1 2 5 -1 4 -4 3 1 -5 1 1 -4 0 -5 3 0 -1 -3 1 -1 1 -1 1 -4 0 0 3 4 4 -2 1 -4 0 3 4 -1 -1 -1 2 -1 0 -1 -4 2 0 5 -3 0 -2 4 3 2 0 0 -3 -1 2 0 -2 -3 1 4 -4 -1 3 4 0 1 5 4 -1 7 -5 1 2 1 -2 0 -2 0 5 0 1 -3 -2 4 0 3 -1 2 -1 -1 0 -1 5 -1 3 -7 2 -2 5 5 2 -2 0 2 2 2 3 -2 1 -3 1 -2 1 -2 2 4 2 2 2 -2 -3 0 -2 0 -1 1 4 1 1 3 2 -1 5 -5 4 0 -1 3 -1 1 -1 0 4 -3 -2 2 -1 -1 -1 1 -4 -4 -1 2 0 -2 1 -4 -7 -2 1 -1 1 2 -1 0 3 -2 1 3 -3 -7 -2 -6 -1 -1 2 0 7 2 4 0 1 -1 2 -2 -1 -5 -7 3 1 -2 -7 0 -1 1 1 1 -2 -3 0 1 -1 4 1 1 -3 0 -2 1 3 1 -4 -3 2 -1 0 3 -1 0 2 1 2 3 -2 -1 1 -2 -2 -1 1 -3 0 1 2 0 1 0 2 -2 -1 3 5 2 3 -1 0 0 -1 -1 1 1 0 -1 -6 3 -1 3 -3 0 0 -1 -1 -3 4 2 3 0 0 1 2 2 0 -1 -1 -1 -1 2 -1 2 0 1 1 -1 -1 0 -3 -2 1 -3 -4 3 -2 3 6 2 0 -3 4 2 1 0 -1 0 3 3 3 1 3 1 3 1
46 1 3 3 -4 0 0 3 3 0 -6 1 1 -2 4 -1 2 0 1 0 -3 2 -1 -1 -3 2 -1 -1 -2 -1 1 0 -6 0 1 -1 -3 -3 -1 1 1 -1 -1 3 2 0 -2 -2 -4 1 -2 -3 1 -3 -2 3 1 -2 -5 -2 5 2 6 -3 0 5 1 4 -2 2 0 3 0 -4 -6 1 -1 -2 2 -5 4 3 -2 -5 -5 -1 1 -2 1 2 -4 1 0 1 2 -1 0 -3 4 -4 1 -3 2 1 3 -2 2 -1 -1 0 0 2 0 3 -2 -1 2 3 0 -2 1 -6 -4 -4 5 0 5 2 -1 0 1 -1 2 0 -3 -2 -1 0 -5 0 2 3 -1 1 -1 1 6 -2 0 -1 1 0 -1 -4 -1 2 1 -3 -1 0 0 -2 -2 1 4 -4 -4 1 -2 1 3 -1 -1 0 -1 0 -3 0 1 0 0 -1 3 0 -1 0 0 5 1 0 5 3 1 -2 4 -3 3 1 -3 -1 1 -1 -2 2 -2 1 0 -3 2 -1 -5 -4 2 3 2 1 0 4 -4 4 3 -1 -2 1 0 0 -1 1 1 -4 1 0 -1 -1 -2 -1 0 -4 -5 1 -1 -2 -2 -5 3 7 -1 6 3 1 -2 1 1 0 4 1 -1 -3 2 2 3 3 0 -2 -2 3 -3 1 1 -3 -1 3 4 3 -2 1 -1 0 5 1 -2 0 1 2 -1 -1 0 3 -4 0 3 -2 -3 2 -2 2 3 1 1 -3 0 6 2 1 3 2 -2 7 -2 3 0 -1 -2 0 3 -1 1 6 2 -3 -3 4 -5 3 1 2 3 -1 -1 3 -4 1 0 3 3 -2 -3 0 -2 6 2 0 2 0 2 2 0 -4 3 -1 2 3 -2 -1 3 3 -1 -2 4 3 -6 2 0 1 1 -5 0 -2 2 -3 0 -1 5 2 2 -1 3 -1 -1 -3 0 2 1 3 -2 -7 -3 -3 -2 0 0 5 5 -1 -2 -1 -5 4 0 -2 1 -2 1 0 0 4 2 4 -1 -3 -2 0 3 1 0 -1 -3 -1 -1 -3 2 0 1 -4 -3 1 0 -2 1 5 0 3 0 3 -1 -2 0 2 0 2 2 1 2 1 0 0 1 -2 1 0 0 -3 -1 -1 -3 3 -3 -4 4 -1 0 -3 2 -1 3 1 -2 2 0 3 -4 1 -1 -2 0 -1 1 -1 3 0 4 1 -3 -1 -1 2 2 3 2 2 -4 -1 3 -3 -4 2 3 4 2 -3 2 0 1 3 -3 4 3 3 -3 -5 -2 -3 -3
73 -6 0 0 2 -4 1 -1 4 -4 -2 -1 0 1 -1 1 0 -2 0 1 0 1 1 -3 3 3 -1 0 0 -1 -2 2 1 0 0 2 -4 0 0 0 -6 4 0 -3 -2 5 -1 1 1 2 -3 3 -2 -2 1 -2 -4 2 1 3 -2 1 4 1 3 -3 -1 3 2 0 0 -2 0 -1 -1 0 -3 -2 -2 -3 1 -1 4 -2 -5 -3 1 -6 4 -1 1 0 1 1 2 -3 -3 -1 -3 1 5 0 6 3 -5 -1 3 3 -2 -2 0 5 0 -3 -5 2 2 -4 -1 -1 1 -1 -3 1 3 -2 0 0 3 -3 3 7 1 -7 -1 1 4 -1 1 4 3 -3 2 -3 -4 0 -1 3 1 2 3 -1 1 6 -2 0 -2 2 3 -1 0 0 -4 1 -2 -1 1 1 -3 0 1 0 -1 0 0 1 -1 -2 2 1 1 4 -2 -2 -5 0 0 -1 -1 4 -6 -1 0 0 5 3 4 2 1 2 2 3 1 -3 1 -1 -3 0 3 -3 2 -2 -3 2 0 1 3 3 3 4 -3 3 -2 0 3 -1 -1 -3 -6 1 -2 -1 1 -4 5 0 -1 -4 0 0 1 -3 -3 -3 0 1 4 3 1 1 0 -5 4 4 -2 2 -3 -2 1 2 -1 -2 -1 3 1 1 -2 -5 0 -1 -4 0 1 2 -2 3 -3 0 -3 -1 -1 6 0 5 -1 1 1 -1 -2 3 -3 -3 3 0 1 2 2 0 2 0 -1 -3 2 4 5 2 -4 0 4 0 6 -3 -3 0 -3 3 -1 2 -2 1 0 -3 -1 5 -3 2 2 2 0 1 3 0 -1 -4 3 -2 2 -3 -7 -1 4 2 0 0 -3 2 -3 -2 2 0 1 -1 5 2 2 2 0 -1 2 3 1 1 -2 -2 -1 -4 0 -1 -2 3 2 -2 -1 1 3 2 5 2 2 -3 1 -1 0 2 -3 -3 -3 2 3 3 -1 -4 4 -2 2 -2 -1 2 1 0 2 -2 -1 -3 0 -2 0 -3 4 2 0 1 5 -2 2 3 -2 -4 -2 -3 0 2 3 1 -1 -5 -2 0 0 -5 1 2 3 0 -3 0 0 -3 -1 2 1 -1 -1 1 3 5 -1 6 5 -2 0 0 -1 1 -4 -2 -2 4 0 0 -3 1 0 0 0 1 3 0 -1 -4 1 4 2 4 2 1 4 -2 -2 3 -2 0 -2 0 2 0 -7 2 -6 0 0 -2 1 -4 0 0 -3 2 1 1 2 3 -4 0 1 4 -5 3 -1 1 -2 1 -1
107 -3 2 -2 3 2 1 0 1 -3 0 -3 -4 0 -3 1 0 0 -1 2 5 0 4 1 -2 0 -1 -1 -1 2 1 3 2 -1 3 -3 0 3 1 -3 -5 -1 2 0 0 0 0 -4 3 1 3 0 -2 4 -1 2 -1 0 4 2 2 2 0 1 3 -4 -1 3 0 1 -4 0 -6 -4 0 -1 0 -3 3 -1 -1 0 2 0 3 -2 -4 2 -3 0 1 -1 1 0 -2 -3 -3 -1 -1 0 -2 -2 0 -2 -5 -2 2 -3 -3 2 -3 3 1 -5 -2 2 -2 0 -4 1 7 2 -2 -6 1 -1 1 3 -2 2 -1 4 0 2 -1 -5 1 0 1 2 -4 -4 0 3 1 0 0 2 -2 2 -1 -3 1 1 0 0 -2 3 4 2 -3 -1 4 -3 1 0 -1 6 0 2 -4 -3 2 4 -3 1 -3 0 -3 -1 2 1 -1 1 -1 0 1 0 -3 -1 -3 0 4 1 1 5 -1 -2 -1 1 5 3 -5 -1 5 -1 1 -2 2 2 0 1 -1 -1 -1 -3 1 1 1 -1 -1 0 -3 1 4 -3 1 -1 -5 -6 -2 4 -1 3 1 -3 1 2 2 -3 -1 0 2 0 -1 0 2 0 3 5 3 0 -4 0 5 -3 4 0 0 0 -3 -6 0 1 3 3 2 4 1 5 -1 4 3 -2 -2 -1 -2 1 -1 1 4 0 6 1 2 0 3 2 -1 1 -5 -4 1 -5 0 2 2 1 2 -2 1 -3 2 1 1 -1 4 0 -1 -4 6 2 0 -2 -4 4 -4 -2 0 2 -3 0 -3 1 -2 0 -1 -3 -1 1 -4 4 -3 -2 -4 1 0 -2 -2 -3 3 -1 1 -1 -1 3 3 -3 -4 3 1 -5 -4 -2 2 -2 0 0 1 -3 -2 2 0 0 0 0 -2 2 -3 4 -4 0 0 -1 -2 -1 -3 1 -2 2 3 -2 -4 0 0 2 4 -1 0 -2 -1 4 2 2 4 -3 -1 -2 -2 7 -4 1 3 -4 -1 2 2 -1 1 1 1 0 -1 2 3 6 0 -2 -3 -1 0 3 2 -1 -1 2 0 0 -1 -1 2 -1 3 3 2 4 2 0 2 -7 -4 -2 1 -4 -2 1 -4 -6 0 -6 2 1 -2 -4 -3 -3 1 0 1 0 -2 -1 0 0 -1 -1 -3 -7 -3 1 1 3 0 0 -5 3 -3 0 -1 -3 3 -2 -2 1 1 4 1 -1 2 -3 2 0 3 -3 -5 3 -2 2 4 0 0 3 2 2 1 4 -1 2 2 0 4 1 2
89 2 5 5 2 -4 -1 -2 3 -4 -1 -1 -5 0 0 0 -4 -2 2 -2 4 1 -2 0 -3 3 0 -5 0 -1 2 -1 3 1 1 -2 -4 2 1 -2 2 1 3 1 1 0 2 -1 1 0 -2 4 -1 -3 0 3 -5 1 -2 -1 -3 2 2 3 2 -1 -3 2 1 -3 0 2 3 0 2 2 1 -3 2 -7 3 4 -5 7 1 3 -2 -2 -1 0 -6 1 -1 1 2 1 3 -3 1 -2 3 -3 0 0 3 0 0 -4 -3 0 -3 3 -1 -2 -2 -1 2 0 -3 -5 -3 0 0 0 -3 -4 -3 0 0 2 2 6 -3 2 -3 -3 4 5 2 2 -4 0 1 0 3 -2 1 -2 1 2 -2 3 2 1 -3 -1 -3 -5 2 -6 -5 -1 0 2 -2 2 -2 -2 0 -3 -4 2 1 0 -2 0 -1 -5 -3 -1 1 0 -3 4 -4 -1 -2 0 0 0 -2 0 2 -2 2 2 -3 -1 -1 3 -2 -4 2 -2 -2 5 -6 -1 0 0 2 -1 0 -4 0 3 -1 1 6 2 -4 3 3 -6 2 -1 0 0 4 -1 4 -3 3 0 -3 1 1 -3 -4 4 1 3 7 -1 -1 1 0 -1 0 1 -4 -2 -1 -1 -2 1 -3 1 -1 0 0 -1 1 2 -3 2 6 3 0 -1 -3 -1 5 0 3 1 -1 4 -5 -3 -2 -2 -1 -4 -1 4 3 -3 -3 0 5 2 -1 0 -3 -3 1 3 -2 -1 1 0 2 0 0 1 1 4 3 -1 1 -2 -3 -2 1 3 -1 -1 1 0 3 -5 7 -2 0 -1 2 0 -1 -2 2 -3 2 -1 0 -2 2 2 -1 -2 -2 -4 6 0 1 -1 -2 1 0 1 -3 -3 -2 0 2 0 0 -2 2 -4 0 1 2 1 -1 3 1 -2 5 0 4 0 0 1 -3 -3 -2 3 -2 -1 -4 -1 -3 -2 -4 -2 4 -3 -1 6 -1 0 2 -1 4 4 -1 -4 4 0 0 2 -3 -3 2 -5 -1 -1 3 -1 0 -3 2 -1 -3 -1 0 3 -1 -3 0 0 1 0 -4 0 -2 1 1 -4 0 3 3 1 -2 -3 -2 0 -2 7 2 1 -1 0 0 -1 -1 2 0 -2 1 6 3 2 0 2 0 -2 2 -3 6 -3 -3 -3 0 2 4 -1 1 0 0 3 -1 1 6 1 0 -2 1 2 -1 -1 2 -1 0 3 4 -3 -4 -2 -1 1 2 -1 -1 2 -2 2 0 4 0 -1 -2 -2 -1 5 -2 -1 -1 -1 2 -1 0
76 0 5 -6 0 0 -1 -4 -2 -3 2 0 -1 2 5 2 3 -2 -3 1 1 4 -3 0 0 -1 -1 2 0 1 0 2 5 -1 -1 0 -3 1 2 -1 4 1 2 0 -1 0 3 -3 -4 2 -1 -3 0 -2 2 -5 1 -1 0 -1 1 2 0 1 -2 0 1 1 1 -4 4 1 0 1 -4 -2 5 0 -3 1 2 -1 -1 3 3 -1 3 0 5 0 1 -2 -1 2 2 -6 -1 3 -2 4 -4 -1 0 1 1 -1 1 -1 2 4 0 -3 4 1 1 -2 5 -2 -4 1 1 -1 0 -1 5 3 5 -3 2 7 2 -1 3 2 -4 -1 -3 -1 -5 -3 -1 -1 -1 -1 -2 -2 2 4 3 -2 2 -4 -3 5 4 1 0 -4 0 4 1 0 -1 1 -1 2 -4 -1 0 -2 1 -1 -1 0 2 4 3 3 -2 2 -1 -6 0 0 1 -2 -1 3 0 2 -2 -2 -4 -3 6 -4 4 -2 0 0 0 4 2 4 -3 1 -3 0 -3 -2 -1 -2 3 0 4 -1 1 3 -1 -2 -3 5 0 -4 -2 2 -1 7 0 -2 3 2 2 -2 -1 0 2 0 -3 3 -7 0 1 0 1 0 0 -2 2 3 0 -3 0 -2 2 -4 -1 -1 -1 -2 3 2 0 0 0 1 -4 -2 -1 -3 -2 1 0 -1 1 -4 -3 -2 1 -1 0 3 -1 2 4 3 -4 -2 0 -1 -6 -3 1 -2 5 1 -2 5 -3 2 -3 0 0 1 -4 -1 -1 0 -3 -1 -1 0 -1 1 3 3 -1 0 -3 1 -3 -4 -4 2 -1 4 1 -1 1 3 3 1 2 -1 0 -1 4 1 1 -1 -1 -2 2 1 -2 -1 -1 0 3 1 2 -2 5 -1 -1 0 -1 -6 1 -1 -3 0 -1 2 -2 -5 1 -1 4 3 2 1 2 -1 -1 -2 5 0 -2 2 1 0 -2 1 -2 0 -1 -2 1 -1 -1 0 -1 3 -2 1 -5 -3 1 0 -3 -1 2 0 -1 -1 1 2 4 -7 2 -3 0 5 -2 0 2 2 3 1 0 -3 0 -1 0 -5 -1 -5 0 0 2 -3 -3 0 6 -1 -2 0 -1 2 -4 -1 2 5 -1 4 2 0 -3 -2 0 -2 -1 5 1 2 2 -4 1 5 -4 2 0 0 1 -1 0 3 1 3 -2 -4 -1 3 -4 -4 2 2 5 3 1 -2 -2 4 -3 -1 7 3 -1 3 3 0 3 2 -3 3 -1 1 0 1 7 -3 1 3 -3 0 2 2 1 2 -3 -4 3
-1 3 1 0 -1 -2 -5 3 2 0 -2 3 4 3 -1 1 1 -3 0 3 -1 -2 -1 3 -2 -1 -3 2 -1 -6 0 2 0 0 2 -2 -1 -5 1 -2 -2 0 -2 -1 4 0 0 1 -3 1 1 -6 -3 -1 -3 -1 -2 3 1 -1 -1 2 -2 -2 3 -3 -2 -2 -3 2 1 0 3 1 -2 -2 -3 -4 -2 0 1 -2 5 3 2 2 -1 3 -5 0 -3 3 -4 -4 2 -3 0 0 2 0 3 0 0 0 0 2 1 0 3 -1 -2 -1 -2 2 0 -2 0 2 1 1 -1 2 0 -3 2 -1 1 -3 0 3 0 4 5 7 -2 2 1 2 -2 4 -3 6 0 0 -2 3 -4 4 -1 -2 -4 1 -4 0 3 1 0 1 3 -3 -4 3 2 -1 -2 1 0 -2 1 0 2 0 3 -4 0 1 4 -4 2 2 -2 3 -4 2 -1 -2 4 -1 -4 0 -1 -5 -3 0 -1 -6 1 0 1 4 -3 0 -1 1 1 0 3 3 2 1 4 2 -5 3 -1 -2 2 -2 -2 -2 1 -1 0 -4 3 0 -1 -3 -5 -2 -2 0 0 1 0 0 -1 -1 0 4 -1 -1 0 -1 1 3 1 -2 0 -2 -3 -2 0 -3 1 2 0 -4 1 -2 -5 2 -1 -1 -1 0 2 2 -1 4 3 -1 -3 4 3 0 -4 -1 -2 -1 1 3 3 3 -6 3 0 -1 0 -7 3 -4 0 0 -2 4 1 -1 -3 0 4 -2 1 2 -1 2 1 -2 -2 1 0 -1 0 3 -3 2 2 3 0 -1 0 0 -2 -1 4 0 2 1 -1 2 -5 -1 -6 -3 1 0 0 1 1 0 -5 -3 -5 2 -6 0 2 5 0 3 -2 5 0 4 2 -1 3 2 0 1 -3 -7 -4 0 -1 4 5 -2 -1 -2 0 2 -2 -1 -1 7 7 3 -2 0 1 4 2 0 -1 -2 -2 -2 -3 0 -6 1 -1 -1 -2 -4 -2 -4 0 0 -3 0 0 1 7 -5 1 2 -1 -3 -1 -2 -3 1 -1 -1 -2 -3 1 1 -2 -3 -1 2 0 1 2 2 1 -2 1 -1 -5 -1 1 0 -1 0 4 5 -2 0 -4 4 4 1 2 3 -1 3 0 -6 -3 -2 0 2 2 0 2 1 1 0 -1 1 0 2 -4 1 1 3 -1 -3 0 2 -2 -2 -1 1 -1 0 1 -5 -5 -1 2 3 -1 -6 0 -1 0 2 -3 4 2 -3 -7 2 5 2 -5 -4 -5 1 1 0 -1 1 0 3 0 3 3
-1 2 0 1 2 -3 -1 -2 -5 -2 -5 2 1 4 3 -6 0 3 0 7 -2 -2 3 -1 -3 -2 1 1 -3 -1 -2 3 -2 -4 1 1 3 3 0 -1 1 3 -1 -1 -3 3 2 1 0 -1 -1 3 1 -6 3 0 6 3 -1 0 1 1 2 1 0 0 5 4 -1 1 -3 3 0 0 0 -1 1 3 -1 -2 -1 -3 4 2 2 -4 0 1 2 0 0 0 5 -3 4 0 -2 1 -3 -2 2 -2 0 -1 0 3 4 -1 -3 -1 -4 0 0 0 2 -1 -1 -2 3 3 -4 0 2 -2 0 2 2 0 -1 2 -4 -7 -2 3 -1 -1 0 -2 3 0 -1 0 0 1 -1 0 3 0 1 1 3 1 -3 -2 -6 1 0 2 4 0 -3 -3 0 0 5 3 2 4 1 1 0 0 -1 0 0 1 0 -2 3 -1 0 2 5 2 -4 -3 2 4 1 6 3 0 5 3 2 1 1 1 0 4 -1 1 -4 -3 -1 0 1 3 -2 -3 -2 0 2 4 -1 0 -3 -3 -4 0 3 0 -1 0 -2 1 -1 0 6 -2 0 1 5 -2 -3 2 0 -4 -2 -5 -5 3 2 -2 2 2 -6 -2 -2 2 -3 2 -2 0 -3 -4 2 -1 -4 -1 -1 1 5 -1 2 2 -2 0 -2 -2 -2 -1 3 0 1 -1 0 -3 1 1 -2 1 1 -3 4 -2 -7 0 -1 1 0 -4 4 -1 0 -1 -1 2 3 -2 1 4 0 0 -2 3 0 -4 2 3 7 -1 -2 1 -1 1 1 6 0 -1 -3 4 2 2 0 0 -2 -1 -1 -2 0 0 2 2 -2 -5 -2 2 1 -1 0 2 0 2 0 4 3 1 -2 1 -2 3 -2 1 -5 3 -1 2 1 4 -4 2 -2 3 1 1 1 1 -1 3 0 -3 4 4 4 2 -4 -3 2 -2 1 0 1 -6 -2 -2 1 -2 0 -2 -3 -6 0 -1 2 4 2 5 -4 -3 0 2 1 0 -1 2 2 1 2 2 4 -2 -6 -1 2 -2 4 2 -3 3 0 3 0 -3 1 5 -2 -3 -4 -3 4 0 -1 3 -3 -1 3 3 6 -2 3 2 3 -3 3 0 -2 7 -1 -3 -1 -3 3 1 -1 0 -1 -1 0 0 1 -1 0 0 1 0 -1 3 3 -2 2 0 0 -3 -3 1 2 4 -2 -1 -3 0 -1 0 2 1 3 5 0 5 0 -3 -1 5 -5 -7 1 -1 -1 -3 1 -1 4 0 -4 -1 -2 -2 -2 -1 3 1 -4
-1 1 7 4 -3 3 -2 5 1 3 -3 2 2 1 2 -7 2 0 -1 0 -2 -1 -5 1 -4 -3 4 -3 -6 2 -1 0 2 2 4 -5 -1 5 -6 -5 1 -1 0 4 0 6 3 4 0 1 1 -7 -1 1 2 1 -3 -2 2 -2 3 3 -4 2 1 0 -1 -1 0 5 0 2 5 -2 -1 -1 3 -2 -2 4 -4 -1 -3 1 -1 -2 -1 0 -5 -2 -4 -1 0 0 -2 0 1 0 2 1 0 3 -2 6 5 0 -3 -3 -2 1 4 2 0 -1 1 -2 0 1 -3 0 -5 4 -2 -2 0 4 -1 -2 2 1 5 -1 -1 0 2 1 0 0 -3 2 1 -1 -1 1 0 -2 -3 1 1 -4 -1 -1 2 -4 -3 1 -1 -2 1 -1 0 -2 0 -3 1 1 2 -5 1 3 1 1 -4 -2 -4 1 1 2 5 -1 0 0 0 -1 1 -1 1 1 -3 -2 1 -1 6 -1 -1 -1 2 2 -3 1 0 0 -1 0 -5 2 0 2 -2 2 0 -4 -3 -3 2 1 2 -4 -1 -2 3 0 0 3 3 1 -3 2 0 3 -4 -1 -1 4 -2 1 -2 -5 -1 5 -1 -1 1 0 1 -3 -3 -2 0 2 3 -4 1 4 -1 -2 -2 -2 2 1 1 -4 1 2 1 -2 1 3 2 -4 -2 2 -2 1 1 2 0 2 -3 -1 0 0 2 1 0 0 -1 -1 -5 -1 3 -1 -2 6 -2 -1 -3 2 1 -5 3 2 1 3 1 0 1 4 -4 5 -1 -2 3 1 0 3 -1 4 -6 -2 -3 1 -1 1 0 3 1 -1 2 4 0 4 1 3 2 1 -1 0 -1 4 -4 -5 -3 -1 0 0 -2 2 1 3 2 3 -3 0 -1 2 0 2 -1 1 2 -2 0 2 -2 -1 0 2 0 -4 3 -1 1 2 -1 0 1 1 1 2 -2 1 -1 2 3 -5 3 0 3 1 5 -2 -5 -4 2 -1 -5 -1 -4 -1 3 4 -1 -2 -2 0 6 0 -1 -3 -2 -5 0 0 -5 4 -3 -4 1 -5 2 -5 2 -1 2 -3 3 2 -1 -3 1 -1 -4 2 1 -1 -2 2 5 0 -4 4 0 1 -1 1 0 3 0 -2 2 0 2 0 0 2 3 -3 2 0 -2 1 -3 -1 -1 4 0 0 3 -5 -2 3 2 -4 0 1 1 -3 3 -2 -1 1 2 -1 0 4 5 -3 1 2 -2 1 -1 2 0 1 2 6 -2 6 0 2 0 2 -2 -1 4 1 -5 1 1 2 3
-1 -4 3 0 6 -3 2 1 2 -2 0 -1 -2 -3 0 -2 0 4 7 1 0 -1 -1 -1 1 -1 5 2 -4 2 -5 -1 2 -4 2 -1 1 -1 -5 4 2 5 4 -3 -1 2 3 -1 -1 -1 -1 2 3 0 -1 1 0 -2 3 -2 -1 0 -5 0 4 2 -5 -5 -1 5 -4 -2 -2 0 0 0 -3 6 2 -4 2 3 1 0 -1 -2 -3 -1 0 -1 1 0 3 0 -2 -3 -1 1 -1 -1 1 0 -1 -3 2 -2 3 3 0 -2 -1 -3 1 3 2 0 -3 0 2 4 -3 -2 7 -2 1 5 1 4 2 3 3 1 1 0 -1 -2 7 -3 2 4 2 -2 1 0 -3 1 0 0 2 -1 1 -2 2 -2 -2 -1 -1 -1 -1 2 3 3 7 2 -1 -3 -1 1 -6 -3 3 1 2 -3 -1 -2 2 -2 1 0 1 5 -2 0 3 1 1 -5 -3 2 3 2 0 -2 0 -5 0 1 2 -1 3 -4 -3 -4 1 3 0 0 -1 0 4 -5 -1 2 -1 0 -1 0 -2 0 -1 1 0 4 -3 -5 1 -2 1 2 1 0 4 0 -1 0 0 2 2 -2 2 0 -2 0 4 -1 -1 2 4 3 3 0 1 -2 -3 -2 0 1 -1 -5 -3 -1 2 -1 5 0 -1 0 -5 2 2 -1 0 0 1 0 -3 -1 -2 -1 -4 -3 2 -3 -4 -5 3 -3 1 -2 1 0 -1 0 -4 -1 -2 4 6 -1 -1 3 -2 2 -2 2 3 -1 -1 -2 -1 -6 4 2 -1 1 -5 0 -1 1 -2 0 2 3 5 3 -1 -5 -1 2 -4 -3 -3 1 1 1 0 -3 3 -2 -2 3 -3 -2 -3 0 2 -1 4 -1 0 -2 1 -4 -2 1 -1 0 4 1 0 -1 -7 7 -2 1 -1 -1 -2 1 1 0 1 -1 0 0 -2 -4 -4 0 3 3 0 -1 4 2 1 3 -2 -6 4 4 3 -3 -4 -5 0 1 -1 1 1 -1 1 -1 1 -2 3 0 -2 0 2 3 -3 -3 1 1 4 -2 1 2 2 3 4 -1 3 2 -5 5 -2 1 -3 3 -2 -1 2 1 -1 1 2 -3 -2 0 -2 -1 -2 5 0 -5 -6 -2 -1 -2 -1 -1 2 -3 -2 1 1 -5 -2 3 2 4 -2 -4 -1 0 -2 0 2 2 -1 0 2 0 0 0 1 1 -3 -1 -1 4 -5 -3 -3 3 -1 -1 -1 2 -2 -1 1 0 5 -2 0 -2 2 3 0 -2 -2 0 2 3 -1 4 2 -4 -4
-1 3 -2 -1 5 -3 3 1 -2 -2 -1 -1 1 0 -1 2 -1 3 0 -3 -2 1 0 0 -1 2 -1 -3 3 -3 5 0 -3 -1 -5 0 2 2 -1 4 2 2 -1 -3 -2 3 2 1 -1 0 -2 1 3 -1 5 3 3 -3 1 -5 0 0 -1 -4 2 7 -1 0 0 1 3 0 1 -1 -2 2 0 2 1 -1 -1 4 3 -1 3 1 2 2 0 0 -1 0 3 0 -2 -1 1 1 -3 -2 -1 -3 -2 -3 0 4 0 2 -1 -2 0 -1 2 -1 -3 -2 2 -1 -2 0 1 0 4 -2 6 -3 0 -3 0 0 1 3 4 -1 -3 1 1 0 -3 -3 2 0 -2 1 -5 -2 3 -1 1 0 2 1 0 4 -4 -1 -3 4 0 -3 0 2 2 -1 2 2 -5 2 2 -2 2 -2 -2 0 -1 -2 -2 1 1 1 0 1 1 -2 -3 -2 0 -1 -1 -2 2 0 -2 3 5 -1 2 2 -3 -2 3 6 2 -2 -5 3 0 1 2 2 1 1 2 -2 -3 0 0 4 0 -1 3 -7 5 -2 1 -3 2 0 -1 1 -1 1 2 2 -3 0 -2 6 3 -4 -7 -5 0 2 2 2 3 -3 4 -1 3 0 1 -5 1 0 -3 1 -2 2 -1 1 0 1 0 3 -3 -4 5 4 3 2 0 3 -2 -2 -2 3 0 -2 2 1 4 1 -1 -4 0 -3 -1 1 1 1 -1 1 0 -2 -2 1 1 -2 0 -1 -4 -5 1 -2 1 1 -1 0 -2 1 -1 2 0 -2 1 3 1 1 -1 -1 -3 -2 -1 -1 6 4 -3 2 2 1 4 -3 -5 2 4 0 1 -3 1 2 0 3 3 6 3 -2 1 -3 -2 0 5 -1 3 4 3 -3 -2 -4 0 -2 -5 0 3 -3 1 1 -3 1 0 0 2 1 3 -1 -1 -2 -2 -4 2 2 -2 -2 -1 3 -4 2 -2 0 5 -6 -1 -1 -3 1 -3 2 -2 -3 0 2 -5 0 3 1 2 1 0 -1 3 2 1 -1 -1 2 5 3 1 -1 -3 0 4 -1 1 0 -3 5 1 4 -2 -2 1 -2 2 1 2 3 -2 -1 3 0 4 -2 1 -2 -3 -1 0 -1 -2 -2 4 -1 -5 1 1 -1 0 1 -2 -3 2 -3 3 -3 -1 -1 -1 -4 -1 -3 -1 1 4 3 1 1 1 5 6 1 1 6 -6 -3 6 -5 2 3 4 -2 1 3 -3 4 5 2 3 -2 -2 3 3 1 -4 -2 0 -2 5 2 2 -4 1
-1 1 1 1 7 2 -2 -5 -2 -3 4 -2 1 1 3 1 -1 0 -4 -3 0 1 0 1 -2 0 -1 0 -3 -1 6 2 -4 -2 -5 -2 -7 -4 0 3 3 0 -1 -1 0 -1 -4 -3 0 0 -2 1 3 4 -1 3 1 1 0 -1 -2 4 -3 0 1 1 0 0 -3 1 3 0 -2 -1 -2 -1 -3 4 -2 0 1 0 3 1 0 -3 4 4 -3 1 0 -4 0 -5 -3 -2 1 0 -1 -3 1 1 -1 0 0 0 4 0 -1 -1 0 1 -2 2 0 -4 -1 0 -1 1 1 0 1 0 4 -1 2 2 -2 1 2 1 -2 1 -1 0 1 1 1 4 -4 1 2 -2 3 -4 -1 3 1 -2 1 -2 -4 -2 0 3 -4 0 1 1 -7 -1 -5 -4 -1 -3 1 -2 2 -1 1 -1 0 0 -4 6 -1 -2 -2 2 0 3 -2 -3 0 3 3 5 3 -1 -2 -1 -4 4 -4 1 1 1 -5 6 1 3 0 4 4 1 1 -1 5 2 -3 -3 0 0 -2 -2 1 -1 3 4 1 2 -1 2 -4 -4 -1 -6 -1 0 2 2 0 0 0 7 0 -2 2 2 4 1 -1 2 1 2 -1 4 -2 1 0 -1 -3 4 -1 1 -4 -1 0 0 1 -3 -1 -1 -3 2 -5 3 -1 -2 2 0 -2 1 3 1 0 2 -1 3 1 -2 3 1 4 -4 -2 3 3 1 -2 4 1 -2 -2 -2 1 -3 2 0 -3 5 -1 0 -2 -2 2 2 3 -1 2 -1 2 -2 -1 1 -4 -1 0 1 -1 3 2 -1 3 -2 3 -1 6 -1 3 -4 0 -1 -1 1 0 -3 -3 5 0 0 -2 0 -4 1 -2 -3 3 0 1 -1 -2 -1 2 -1 2 0 2 -1 -7 -2 2 -1 3 2 2 0 1 -3 0 5 2 -3 2 -2 -4 0 3 0 -2 -2 0 -1 -3 -4 2 3 -2 3 1 2 -1 -4 1 1 2 3 -1 0 5 -2 0 3 2 0 2 -1 2 -1 -1 -4 -3 1 2 0 3 -2 -2 0 2 -3 4 0 -1 0 0 0 4 -2 -2 3 2 -4 7 -1 1 0 0 0 -5 -4 1 -3 -2 -1 3 -1 0 1 0 -2 0 -5 -2 -3 -7 1 3 1 -5 -2 -2 1 -5 -1 -1 4 -3 -2 -1 3 -3 0 -2 -4 2 -1 -4 1 -3 -2 0 3 -3 7 -2 1 -2 0 -4 5 -4 2 -3 -2 2 4 2 -2 3 2 2 3 0 2 -1 0 3 -2 5 0 1
-1 5 3 0 -2 -1 -3 2 -4 3 -2 0 -1 3 2 4 6 -2 -1 2 -5 0 -2 -1 -1 -1 -5 5 1 3 -2 -4 1 -5 -1 -1 1 -4 0 -1 -1 -2 -5 -4 -2 -2 -3 -1 -1 -1 0 1 -3 1 3 -1 1 -3 0 1 -2 -4 1 4 3 -1 5 4 5 -1 0 -4 0 -1 -1 -3 0 0 1 2 -3 -2 2 -1 0 1 2 2 1 -4 -4 -3 0 2 1 1 2 -3 2 -1 -2 0 1 1 0 -3 0 0 0 4 0 0 2 4 -2 -1 1 -1 2 -2 -1 -1 -2 4 0 3 2 5 4 -4 2 3 1 -2 2 3 0 -2 3 2 0 2 2 3 2 2 5 1 1 5 -3 2 0 3 1 0 -3 3 -2 3 -2 -5 -2 7 -1 -1 -3 0 0 1 0 1 3 4 -1 -2 1 -3 -4 2 1 -1 -1 -1 2 -4 -2 -3 -2 2 -2 0 -4 -1 -3 -1 4 -1 -6 -1 -3 1 2 0 5 2 0 2 3 0 -2 -2 -4 -4 4 1 6 0 -1 0 -1 -1 -1 -2 1 -3 3 -2 -3 3 0 -3 -2 1 0 -4 -3 0 2 -1 0 0 0 4 -1 1 1 0 3 0 2 0 -2 -1 3 -1 0 -2 2 -2 -1 -2 -4 1 1 1 -3 -5 1 -1 -1 -3 4 0 3 1 2 4 0 3 0 5 -4 3 -1 -2 -3 -2 -1 2 0 1 6 2 1 -1 -3 -4 3 2 -1 2 3 -1 3 2 4 1 -1 2 -2 0 -4 -1 -1 2 3 0 7 -2 0 -1 -2 -5 3 -3 -2 -3 -1 2 -1 2 4 3 -4 3 -4 -5 -1 1 5 -3 4 4 3 0 2 -1 -2 -2 -2 -2 -1 -2 3 1 -4 1 0 -1 1 2 -1 0 1 3 1 1 -1 2 -1 -2 2 -3 0 5 2 1 -3 0 1 2 -3 -1 1 4 -5 -1 -3 -2 1 -1 -1 -4 -1 -1 1 1 -3 0 2 0 4 -1 -4 1 4 2 -5 -1 -6 3 2 -3 -1 -5 -1 -2 3 -3 0 -2 1 2 -2 -4 -2 -1 1 2 1 2 -2 0 -2 0 3 4 -3 -3 -1 -4 3 -4 0 0 -1 -1 -1 2 7 3 -1 0 -3 -2 -2 -3 3 -2 1 5 2 -2 -2 -1 0 0 3 -1 1 -3 4 -1 1 -1 -3 -2 -1 6 2 4 4 0 0 -6 1 1 -3 2 1 -2 3 1 1 5 3 1 3 -2 1 0 -1 -3 0 3 3 -1 2 2 -1 -1 1
-1 1 0 -2 -3 -3 -1 0 1 0 1 -1 -4 -4 1 -2 -2 -2 -2 2 2 5 -2 1 3 -1 -1 1 -1 0 -1 -5 2 2 3 5 -1 5 1 -2 -1 -3 4 1 3 -5 -3 4 1 -4 2 0 2 -3 -2 0 -2 0 2 0 1 -3 -1 1 4 0 0 -2 1 1 -2 5 2 -1 4 0 0 -2 1 -3 4 2 -5 -1 5 -3 -1 -1 1 -4 -3 1 -2 0 2 3 3 2 0 0 -2 0 4 2 -4 1 -1 -1 -2 3 2 -3 0 0 4 -1 -1 2 1 0 0 1 2 -5 -2 4 2 4 1 -4 -2 -1 2 5 -1 0 -1 0 -1 -1 2 -3 0 1 1 4 0 0 -6 0 5 4 2 -4 -2 -1 3 0 5 -2 -1 -2 0 2 -3 1 5 2 1 4 1 -1 0 -4 3 -1 -3 1 2 2 0 5 3 1 1 3 2 2 2 0 2 -2 5 -3 0 -2 0 1 -1 -2 6 0 -3 1 1 -3 1 4 0 2 2 2 -3 0 3 -3 0 -2 0 -2 2 1 -1 1 -4 -1 2 0 2 4 -3 0 -3 0 4 0 0 3 1 2 -2 0 5 0 0 3 2 -3 -4 4 6 0 -5 -6 -1 2 1 3 0 -4 6 -1 -1 -5 0 -3 -1 -3 -1 -3 -2 1 2 2 -6 -4 5 0 6 2 -4 3 -1 1 5 1 2 -1 1 -2 2 0 5 -5 -1 -2 -4 1 -1 3 -2 7 -2 1 1 -1 -4 1 0 -2 0 3 1 2 0 2 0 -2 -3 -4 0 3 -2 -4 -1 -2 -3 0 -2 -1 4 0 4 3 -1 -2 1 2 1 -5 1 1 1 -2 -1 0 0 1 3 -3 -1 1 -1 -4 3 0 0 -1 6 -1 -3 4 -3 0 1 1 -1 -3 1 -2 -2 3 -3 1 -1 1 0 -2 2 -2 1 0 -1 0 4 0 4 0 0 -1 3 0 1 -4 0 -2 1 -2 3 1 3 0 1 -5 -2 -4 4 3 0 0 -2 1 -3 4 -2 1 2 1 2 -1 3 -1 -2 2 3 3 1 5 1 1 -3 -2 -1 0 -2 -2 -3 1 0 0 1 -1 1 1 2 4 -4 0 2 -2 -1 3 -2 2 3 -4 -4 -2 -2 3 2 -2 2 -5 5 -1 -5 -2 0 0 4 -2 4 -1 3 0 -6 3 1 2 2 0 3 1 1 -1 -2 -1 4 -3 -2 -5 -1 -4 1 2 -7 3 0 1 -1 -2 3 0 -3 -1 1 -3 3 0 0 -3 1
-1 0 -5 -1 3 4 -1 -3 3 3 -4 -1 -3 -1 0 1 -1 2 -2 -4 0 0 2 -4 0 -4 -2 -5 0 0 1 -1 2 -1 -1 -1 0 0 -2 -5 -2 3 3 -3 3 -2 3 -2 0 -4 -1 -2 1 3 3 -3 1 0 -3 3 0 -3 2 -2 -3 -3 -1 2 1 4 1 -2 -2 0 5 -4 3 -2 0 2 4 -1 -2 0 1 0 -2 -1 2 0 0 4 0 -1 2 6 -1 -3 2 0 6 4 1 3 3 -2 2 2 2 4 2 0 1 -1 6 3 -1 -2 3 1 -7 1 1 -2 1 -2 1 3 -4 1 0 -4 -3 -4 0 4 -3 -1 2 0 0 1 6 -1 2 1 0 -4 -2 1 0 0 -3 -1 -2 -1 4 -3 -2 -4 -1 -1 3 1 3 2 -2 -2 -5 0 2 -3 0 2 -1 0 -1 1 1 -1 1 3 -2 -4 -2 -4 -2 -1 0 -2 1 -2 1 -1 -2 -2 1 1 0 -1 1 0 -1 2 0 -4 3 3 -1 -1 0 -4 -2 -1 0 0 -5 0 3 0 -1 1 1 0 -1 3 -3 -2 0 -1 1 -1 -1 -3 -1 6 2 -2 4 -2 1 1 -2 -1 0 -3 -5 -1 2 -1 -2 -1 6 -1 -1 5 4 -1 -3 -6 3 -5 -1 1 -6 -6 0 3 1 1 1 0 -3 0 -2 0 1 2 -2 -4 1 4 2 5 -3 1 -5 1 3 1 1 3 -3 1 1 1 2 -1 0 0 -3 2 0 -3 5 0 -5 -2 0 0 0 3 -5 -3 -4 2 0 -3 -2 3 -1 0 -2 3 -1 -1 -1 -1 5 0 -1 3 0 0 -2 0 5 0 2 0 -2 1 4 1 -2 0 -4 0 -1 1 2 0 0 0 -1 -7 -5 3 5 -2 2 -2 -5 2 -2 2 3 -2 -1 -3 2 4 -6 -3 -2 -3 3 3 -2 1 -1 -4 3 5 1 -1 -2 1 -7 -1 -2 -4 1 0 2 6 0 -3 -2 -1 0 -5 -2 -1 1 -1 0 0 3 -4 5 -4 -1 -1 5 -1 1 -5 1 -1 -1 -2 5 3 0 -1 -3 -1 -1 -3 0 3 1 -1 3 3 -4 -3 4 -2 0 1 2 -4 -2 -4 -2 0 5 1 -2 1 1 -2 1 1 -5 1 3 -3 -3 -4 4 2 1 3 2 4 -1 3 0 -1 -2 0 0 -1 0 0 0 2 -1 -1 -3 1 -1 -1 0 0 -3 0 1 -4 1 -3 1 -3 1 -1 -2 4 -1 -1 0 -2 -1 -3 1 -2 5 -2 2 1 1
-1 -1 6 2 3 -3 4 0 2 -2 1 0 -2 1 2 2 -1 0 1 1 0 2 1 -2 0 0 1 -1 -5 0 0 -1 2 -2 1 1 1 4 -5 2 0 -4 -3 -3 -6 -4 -1 -1 1 1 -2 2 2 2 1 2 3 3 0 3 0 1 1 -3 -2 2 4 -5 1 -2 0 4 2 1 -1 2 -5 -2 -4 -2 -2 5 6 2 1 1 1 5 2 -2 -2 1 3 -2 0 -3 -1 1 1 -5 0 3 4 3 -4 3 -4 -1 -2 3 1 1 0 -2 -2 -1 -3 1 0 1 3 -2 1 3 -3 -3 -1 -1 0 -3 0 1 2 2 0 0 -4 -1 -2 2 -1 0 2 1 -1 1 3 -1 -4 3 -3 -2 2 0 1 -3 -2 2 -6 2 -4 -3 2 1 0 0 0 2 -3 0 0 0 -5 -1 -3 2 -3 2 -1 -2 2 0 3 0 0 0 0 2 3 -1 -1 -4 -1 1 -1 1 -1 2 -4 0 1 6 1 -2 2 -1 -4 -3 1 -4 3 -4 -1 4 3 0 3 5 -2 5 -3 2 -4 -1 -2 1 0 -4 -3 2 2 -1 -3 1 -4 2 -3 3 2 -4 2 1 0 2 2 1 -1 4 3 -1 -2 -1 -2 -1 4 1 3 1 -5 4 3 3 -2 -1 -2 -4 -5 2 -2 4 1 -4 7 2 -1 0 -3 0 0 -1 1 1 3 -2 1 -1 -3 -5 -1 -1 0 -3 1 -2 -3 -3 4 2 2 3 -1 -1 -2 0 0 1 0 -2 1 4 -6 -1 1 -2 -2 0 4 -4 -1 1 0 3 -5 -4 4 4 -1 0 1 0 -4 -3 0 6 -4 -3 5 1 -2 1 2 -1 0 -1 -2 5 -4 -2 1 1 -1 -2 1 5 3 0 3 4 -4 1 -6 1 0 -3 2 2 -2 0 2 3 2 2 -2 -3 -2 -4 -2 -3 -1 1 4 -2 1 0 -4 -1 -4 1 -4 -1 -3 1 -5 0 -4 1 -2 -3 -4 4 -1 -2 -3 -4 -4 4 -1 -2 6 -1 4 -2 -1 5 0 -1 -1 -4 4 3 -2 -4 3 -1 1 4 3 -4 -1 -2 -3 -2 -1 0 5 7 4 0 0 3 -1 -4 -3 1 1 0 -1 -3 3 1 1 -2 -2 1 -1 0 5 -3 0 -1 -1 0 -2 -2 2 -3 -2 2 1 1 -4 -1 -3 2 0 2 1 -2 -3 -3 0 -2 3 -2 0 1 0 -1 0 5 0 0 -5 0 -2 -3 4 -3 2 1 -2 2 1 1 -1 0 0 -1 -1 0 1 -1 2
-1 -3 0 -3 -2 3 -1 3 1 -2 -3 -1 -3 3 0 3 0 -1 -1 3 -3 -2 0 0 1 0 0 0 -2 -1 6 1 -1 4 1 0 -1 -3 2 2 -3 2 1 3 -3 0 0 1 1 3 2 -2 -2 1 6 -2 -1 0 2 -2 5 3 -3 4 0 0 -4 0 1 4 -1 -1 4 -3 0 0 5 0 -1 -4 1 3 1 -1 1 2 -1 2 4 -1 1 -2 4 -2 -3 4 5 3 2 -1 2 3 2 1 1 -1 4 -1 7 -1 -3 -1 2 -1 -1 -4 -1 3 -2 -1 -1 5 1 0 5 1 -4 0 -1 -7 1 2 -2 -6 0 0 -2 -1 -1 3 -3 1 4 2 -2 -5 -4 3 -1 -4 -5 -2 1 3 -2 -1 -3 -4 0 -4 -2 2 2 0 -5 3 2 1 1 3 -4 1 5 -4 0 -5 -1 0 -3 1 -4 0 -1 1 -3 -2 0 1 -3 0 -2 -1 -3 2 3 -2 -1 3 3 0 1 5 1 -1 1 0 0 6 0 3 -1 0 2 -2 -1 3 -3 1 3 5 0 -4 -2 4 0 -4 -2 1 0 1 -3 2 3 -2 2 -1 2 1 -1 2 0 1 -3 -2 -2 -6 -1 4 -4 5 -4 -1 4 0 -1 2 0 -6 4 -2 -1 -1 -6 2 -5 -1 -1 -1 1 3 -2 2 -2 -4 -2 4 -3 0 3 2 -3 -4 0 -1 0 3 0 3 -1 -1 -3 0 -1 -2 -2 2 -4 -2 3 -2 2 -1 0 0 2 -3 0 3 2 -1 -1 -1 -1 0 1 3 -1 -2 4 -4 -2 0 3 6 3 -3 0 2 4 -1 3 0 -1 -2 -2 0 -3 -1 -4 1 3 0 2 1 -4 3 -2 0 -2 0 1 -3 0 0 2 -7 4 0 3 -1 -1 1 1 2 1 1 0 -2 -3 -3 2 0 0 -2 -1 3 0 0 0 -1 -1 -1 -4 0 -2 0 1 4 -1 1 -2 -1 2 1 0 2 -2 0 0 0 1 -2 -6 -4 -2 3 0 3 0 -1 -3 -4 1 1 4 0 -1 -1 1 1 2 2 -3 -4 0 1 -2 1 -2 -2 -4 4 2 -3 2 2 4 -4 -4 0 3 2 2 -2 -3 0 2 2 0 0 -1 2 -3 1 6 3 -7 0 7 -1 -2 1 -1 4 -5 -4 1 0 0 0 -2 3 2 1 6 2 4 -2 -1 1 0 -2 3 3 1 -1 -1 3 -5 1 0 6 1 -1 -4 1 -3 0 -2 1 2 -1 0 3 4 1 0 0 1 4 2 -2 -3
-1 1 1 -1 0 -3 -2 -2 -3 -1 1 -4 -2 7 1 6 -1 6 -3 5 -3 -4 4 0 -1 -2 0 0 2 -2 -2 2 1 2 -1 3 -4 2 -1 3 -2 0 -4 6 -7 -3 1 -5 0 1 -2 5 0 2 4 -1 3 3 -2 2 0 2 0 -2 1 -1 5 6 1 5 0 2 -2 0 4 -4 1 -3 2 1 2 0 5 -1 1 2 1 -5 0 1 2 3 1 2 1 -1 0 -1 5 1 -1 2 0 5 2 1 0 -3 1 1 1 -5 4 3 1 2 1 -2 -1 -2 0 -3 -1 2 -4 -1 0 -2 0 -3 -6 -1 -1 2 0 0 -1 -1 -1 1 -1 -1 3 0 0 1 -2 2 0 4 1 4 -2 3 0 0 5 1 3 2 0 -3 0 1 3 3 -2 4 -1 -2 -3 4 2 2 2 -4 1 -1 -6 -1 -4 -4 1 2 2 -2 0 0 0 4 -4 4 -1 3 0 -2 -1 3 3 -2 -2 -2 -1 -1 -3 -2 2 1 4 -2 -2 1 0 1 2 -1 1 -1 0 1 2 2 0 0 -5 3 -1 2 -1 -1 5 4 -2 1 3 2 -1 0 2 -1 -1 -7 -5 0 2 -1 4 1 -4 5 -1 -1 3 2 0 -3 0 -3 -1 -2 -3 1 1 -2 -1 -1 -3 -1 2 1 2 1 0 2 0 -1 -3 -6 -2 -2 0 -1 0 1 2 -2 -1 4 -1 -4 0 1 -3 3 -1 5 -4 -2 0 0 4 -3 2 0 0 -6 1 -1 -1 -1 -3 3 0 2 -2 1 -1 2 5 1 1 -3 -4 1 -3 -2 -1 -4 2 -4 -1 -4 -2 1 -7 3 2 -1 -1 -5 -3 -1 2 1 0 3 6 -1 0 1 1 -1 3 -3 2 -3 2 2 -1 1 -4 3 -2 0 0 3 -1 3 -3 -4 1 -2 -1 -1 2 -2 -2 1 -2 2 2 2 2 2 2 1 -1 2 0 -1 -1 0 3 -5 0 1 2 1 1 2 -1 -1 1 -2 -2 2 0 -4 0 2 0 0 2 3 0 0 -1 -5 -3 1 0 -1 -1 0 -4 3 -2 0 -4 -1 3 -1 2 -4 -1 -3 2 0 -1 -4 1 2 1 3 -2 0 1 4 0 7 3 0 -1 1 5 1 -1 0 3 1 5 2 4 0 1 2 -6 0 -1 2 -1 0 0 1 0 5 1 -2 -1 -1 0 0 1 1 1 0 -2 5 1 -5 4 1 1 -1 0 4 -2 -2 7 2 -2 0 0 -1 1 0 -2 0 2 -4 -5 4 4
-1 -2 3 -3 1 3 -2 -3 -6 -3 -1 -3 6 0 1 -2 1 -3 -3 1 1 4 -1 1 1 -1 4 -4 0 2 1 5 0 -2 -3 1 -4 4 1 1 1 2 3 2 4 -1 2 0 0 2 4 -1 3 0 -2 -2 0 -1 0 5 -3 -3 3 -1 -2 -2 -1 2 -4 -3 1 -3 3 1 -2 0 0 -2 -2 1 3 -2 -2 1 -1 -4 -2 0 4 -2 0 5 -3 4 1 2 0 6 0 0 1 0 0 -3 -2 1 -1 3 2 -2 1 -1 -4 1 3 1 -1 -5 4 3 0 1 -4 -1 2 -5 1 -2 -3 0 -3 -2 -1 2 0 3 0 -1 2 -5 -2 -4 6 0 1 4 2 0 -2 0 4 0 0 -5 0 0 -1 -2 1 -1 -2 2 0 -1 1 2 2 1 -2 0 2 4 4 5 -2 1 4 4 -1 3 5 1 3 -1 -1 -3 0 1 3 -3 -4 -2 3 -2 -1 0 -2 0 -2 -1 -3 1 4 2 -5 4 -1 2 2 -1 -5 0 -3 2 3 -1 -2 -3 -3 1 0 1 1 0 0 -1 0 1 1 4 2 -2 0 1 -1 -2 3 0 3 2 -2 -1 -3 1 -2 -1 -6 4 3 1 3 -5 4 -1 1 -2 4 2 -2 1 3 1 -3 0 0 -4 -2 5 0 -3 0 0 -4 1 -1 0 0 3 -3 -1 4 -7 1 2 -2 3 3 -3 1 3 0 2 3 1 2 4 1 2 1 4 -3 1 -2 1 3 2 3 -2 1 -1 1 1 -4 2 -2 2 2 0 -2 1 -1 3 0 -4 0 0 -2 -1 5 3 -3 3 2 3 1 1 3 6 0 -2 -2 -1 4 -2 1 -5 4 0 -4 2 -2 0 1 3 0 2 0 3 0 -3 3 -2 3 -1 2 2 -3 4 4 3 2 -3 -4 -1 -6 -3 -5 1 1 2 0 1 -3 3 3 -3 -3 0 -1 0 4 1 2 -1 1 0 -2 -1 4 -3 1 1 1 -2 -2 3 0 1 -1 0 4 6 -1 3 -5 -2 0 -7 2 -2 1 -1 1 0 -1 -2 1 2 -2 -2 0 -2 -4 -4 -1 -2 -2 2 2 -1 -6 0 0 -1 -2 2 1 -2 1 5 -4 0 2 2 -3 0 1 0 1 1 2 -5 -3 2 3 -3 -2 4 1 1 -4 -4 3 1 1 1 -3 1 2 0 2 -3 5 1 -3 4 -1 -2 2 2 1 -1 -4 -1 1 -2 0 3 -1 4 -1 1 0 0 3 -5 -1 -2 0 4 -1 2 5
-1 -1 2 -2 -4 -4 2 1 1 2 -3 3 -1 5 4 0 -1 2 0 -2 0 0 -3 1 1 0 0 0 2 1 1 3 -1 1 1 -1 -2 -2 1 -1 -1 -2 -1 0 -1 5 -2 -3 -3 2 -1 -4 1 3 2 -3 -2 -2 -2 -1 -3 3 1 3 -1 1 -1 1 1 0 2 3 -1 1 -2 -2 -1 -2 4 0 6 1 -3 0 3 -2 1 -1 -2 1 2 -1 3 2 4 2 -3 -1 -1 1 2 4 -1 -1 -2 3 1 -2 1 2 -1 5 -1 2 0 2 1 -1 2 2 -1 0 2 0 5 -2 0 0 -3 0 -1 3 -5 0 -4 2 -4 0 3 1 -2 1 1 -2 2 1 2 -4 -4 -2 1 4 2 2 -1 -3 -1 0 5 -1 -1 5 -1 2 -3 -4 -1 2 2 -2 2 1 4 5 -3 -1 -1 2 1 0 0 0 0 1 2 -1 -2 1 1 -4 -2 -2 -4 0 -3 -1 4 0 2 2 0 0 -7 -1 -2 -7 3 0 -1 6 1 2 -1 -3 -3 -1 3 5 1 -2 -3 0 -3 -5 2 2 1 1 -5 0 -1 2 0 4 0 0 -1 0 -4 2 0 2 1 -1 0 0 -2 3 3 -5 1 -3 -2 -3 2 0 3 -2 -3 -1 -2 -1 -2 3 0 -4 -1 2 4 0 2 -4 4 0 -1 -2 -2 6 3 3 1 3 0 1 0 2 -3 -6 2 -2 0 -1 -3 0 1 2 3 1 4 4 2 7 1 1 0 -2 -1 -2 4 7 -3 -2 2 -1 -5 -1 -2 -1 -4 1 1 -3 2 4 0 -1 -3 -2 1 1 -1 1 -1 2 1 -2 1 -3 -1 4 -5 0 2 -1 -1 2 2 1 -2 3 -1 4 1 0 6 2 -1 1 -2 0 -7 0 1 0 1 3 5 -1 3 3 0 0 -2 0 -1 -2 1 1 -3 -5 0 2 -1 0 0 4 0 0 0 -4 0 -4 -2 -4 -1 -1 4 -2 -2 -2 -1 -3 -3 -1 4 2 1 -6 -2 0 0 -5 5 -4 4 0 0 0 1 -4 0 0 -6 -1 2 0 0 -1 2 2 -3 1 -1 2 -2 -1 1 -3 6 -1 2 2 4 0 1 -1 1 -1 2 0 -5 -3 1 -3 4 -3 2 3 2 -4 -1 -1 -3 4 1 -2 -1 -1 -4 -5 5 -3 -4 3 -5 -4 -3 -2 -2 -2 0 -2 4 -3 2 5 0 -1 0 -4 -2 0 -1 3 -4 -1 -1 1 0 -1 3 2 -2 -5 -5 5 -1 1 1 0 4 1 0
-1 1 0 -4 -1 4 0 -4 -1 3 3 -3 0 2 3 0 -1 0 4 -1 -1 -1 -1 1 1 -1 1 2 2 6 0 0 1 -3 -1 2 -3 -1 4 -2 3 -1 3 -3 -1 0 -2 3 -2 0 -1 3 -1 -2 -2 1 3 1 -4 -3 -2 -2 5 3 -6 -2 0 2 -3 -4 1 -4 -2 1 1 4 2 0 -2 -1 0 1 -1 -2 1 -2 4 1 0 3 -3 3 0 1 3 -2 3 3 2 1 -3 -2 -2 -2 3 2 -4 -2 -3 0 -2 -6 -3 2 -2 3 -2 -4 1 0 -4 3 1 4 7 -2 -2 0 1 5 -2 1 -1 0 2 3 -2 -1 3 -4 -1 3 -2 1 -2 1 -2 -2 -6 1 -1 0 1 -2 -2 1 -3 3 4 2 2 -5 0 0 2 6 0 -1 -2 0 2 -1 3 -1 -2 1 5 2 -3 0 -2 -2 1 2 0 -1 -4 1 1 -3 2 0 0 -1 1 1 1 -3 -2 -2 -2 3 2 1 -1 6 1 -1 3 -1 0 2 2 -2 -1 3 -1 -4 -1 -1 -2 -1 3 3 1 -1 0 1 1 -2 0 4 3 -4 -4 0 -3 1 3 3 3 5 -4 6 -3 -5 -3 1 0 -2 6 -3 0 6 0 3 -1 -3 -3 -1 -7 -2 -1 0 1 1 -1 5 2 2 -5 -3 -1 -1 7 -2 -4 0 -4 -3 4 0 -1 -1 -4 -3 -2 -1 -1 7 1 -3 3 -2 -3 -4 1 -3 1 -1 1 1 5 -1 1 1 1 -2 0 2 2 2 -2 -2 -1 -6 1 -4 -2 -2 1 0 -2 0 3 -3 1 1 0 1 2 2 0 0 2 -2 -4 3 -1 -1 2 0 0 -1 -3 -3 5 1 2 -1 0 -2 1 2 -2 2 -4 0 -3 0 4 -3 1 0 2 -2 0 0 7 -1 -2 -3 -2 1 -1 -1 -1 0 -2 5 1 -5 -4 -6 1 3 1 -1 0 3 1 -2 3 4 0 0 -2 -4 -1 -3 0 -4 2 4 -3 2 -3 1 -3 0 1 3 4 0 2 -4 3 5 -4 1 -1 1 0 -1 -3 -2 -3 -2 0 -4 3 1 0 -1 4 -1 3 0 -2 -5 -2 2 -2 -5 0 -3 4 -2 -3 1 -3 1 1 -2 3 1 1 1 1 -4 -2 2 -1 2 1 1 5 -1 1 0 2 -3 0 3 1 -1 -1 0 1 3 -2 1 -3 1 0 1 3 -3 -4 -1 -3 1 3 3 -4 0 4 1 -1 1 3 0 -4 1 1 4 0 -3 -3 4 2 -6 -3
-1 0 -2 -3 2 2 -5 -3 1 2 0 4 2 -1 0 -3 -4 -2 -5 -1 0 1 2 -2 0 4 1 0 3 1 -5 -5 1 0 0 1 1 -1 0 1 0 -1 -3 -1 0 -3 -1 5 3 -3 1 2 -1 4 -2 0 -2 0 -1 0 5 -2 6 0 0 3 -2 2 0 0 0 -2 4 -4 0 0 0 -1 -2 1 5 -3 5 5 -2 -1 3 2 2 5 -1 -2 -3 0 0 2 0 -3 4 -1 2 4 6 -1 -5 -4 1 1 2 2 3 -1 2 -1 0 3 2 3 1 -2 -4 -4 -3 1 0 3 -1 0 -1 3 -2 -1 1 1 -1 -2 0 1 1 -2 -4 -1 1 5 0 4 3 1 -6 1 1 -1 -2 3 0 0 -3 1 -5 2 1 -4 1 -1 -4 2 7 3 -1 0 -1 -3 -1 1 0 0 -1 2 1 0 -3 2 -2 4 1 0 4 3 1 3 -1 -3 0 2 -1 2 1 0 1 6 1 -3 2 5 -1 0 -1 6 1 1 -2 -3 -7 1 -3 0 -4 2 3 3 -2 4 0 -2 -3 3 -5 0 -2 -4 1 -3 -3 0 5 -1 1 1 -2 1 2 -1 1 -1 -1 6 1 -1 0 2 1 -4 -1 -2 -6 2 2 -2 1 0 -2 -4 1 0 0 3 -2 -1 3 -2 -2 -3 -4 -5 -1 3 3 2 0 7 -2 -3 -1 -3 4 1 3 3 -3 1 1 -6 0 0 0 1 0 0 0 4 1 2 -4 4 3 3 -1 -2 1 0 -6 3 3 2 -3 -2 5 -1 1 1 0 1 -1 -1 0 -1 0 5 -2 0 3 1 6 -2 1 0 -1 4 1 2 3 -1 -2 -2 0 4 -1 1 1 -1 -3 -6 2 4 2 -2 -1 -2 -1 0 -2 1 3 -2 3 0 -1 -1 -3 -5 0 -2 0 -1 2 0 -3 0 -1 -2 -7 0 3 -1 2 -6 -2 -2 -1 1 -2 -5 0 -2 -1 -4 1 -2 5 0 0 2 1 2 1 -3 -2 0 5 1 -5 -4 -2 0 1 4 0 2 0 1 0 -1 -4 -3 2 -2 0 1 0 3 -1 4 -2 1 2 -3 1 -1 2 4 2 -1 1 1 -2 2 2 1 -1 0 -2 2 1 -2 3 2 -2 2 6 3 0 -2 -1 -2 -2 1 2 -1 5 -4 -2 -1 -2 3 0 -1 -1 1 -1 0 -4 -2 3 -5 -2 3 5 1 -2 0 0 -2 5 0 -2 -1 4 1 2 0 0 -4 -1 -5 1 3 0 1 4 -4 0 2 2
-1 1 2 -2 2 5 -1 -1 1 -2 -3 -2 -4 2 1 -2 -4 2 3 2 1 2 0 0 -1 -1 1 0 1 2 1 4 -1 -3 -1 -1 -3 1 -1 1 -1 2 -2 -1 2 2 1 0 -1 1 3 2 -2 3 4 0 -1 0 -1 4 -4 4 4 1 -2 5 -1 1 -2 -1 1 -1 1 3 -1 4 -2 -1 -5 3 -3 -2 -1 0 -4 -1 -2 -4 1 0 0 -3 2 3 -2 -3 0 2 -4 0 7 3 -3 -1 -2 -3 3 -3 -7 -6 0 4 6 4 -6 3 -3 -1 2 2 -6 4 2 2 3 -4 -1 1 0 1 -3 5 -4 -1 -1 -1 0 5 6 -2 0 -1 2 2 3 -1 -2 2 -1 -4 0 2 0 -3 -1 0 3 -7 2 -1 0 0 -1 2 4 1 4 -5 -1 2 -5 1 -2 4 -4 1 2 -2 0 -2 0 -2 -3 -2 -1 -4 -4 2 -3 0 -1 0 -2 1 -1 2 -2 -2 -3 1 -2 2 3 2 -2 -1 2 -2 0 1 -1 0 -1 -2 3 -1 -1 4 -3 4 -3 4 -1 1 1 -1 0 -2 2 -1 2 4 0 0 -1 5 2 0 -2 0 -1 3 -2 1 1 2 -3 1 -1 -3 -5 -4 2 5 -2 -5 0 0 -1 -3 2 -4 2 -3 1 2 5 3 4 -1 0 2 1 2 4 2 -2 1 -3 1 3 -6 -1 1 -1 2 3 0 5 -1 0 1 -1 -2 1 0 4 -2 0 -2 1 -1 1 0 -3 -1 3 -2 1 0 0 -2 -1 0 0 0 3 -2 1 -3 -2 -1 -1 2 -2 0 2 1 3 0 -1 1 2 -4 4 0 1 2 0 -2 -3 -1 -1 1 -5 0 -3 -7 -1 0 -1 0 -5 3 0 0 -2 0 2 -2 0 1 1 -2 4 -2 3 5 2 4 2 0 -2 -3 3 -4 2 1 0 4 -4 2 1 -2 -3 -1 1 -1 4 1 -2 1 1 -1 0 2 1 1 4 0 3 1 -1 0 1 -6 0 -1 4 2 0 0 3 -3 0 -1 -1 -3 3 -5 -3 -2 3 0 -2 1 0 -1 0 -3 -1 0 2 2 6 1 -4 -3 0 1 -6 2 3 2 1 -1 1 3 1 4 -2 1 1 4 -7 1 3 -4 2 -2 1 -2 -4 0 -1 -2 -1 -2 -5 2 -5 3 1 1 3 0 1 0 5 -1 1 0 4 -4 2 -2 3 1 -3 -2 4 0 1 2 1 3 -5 3 1 0 0 2 -5 0 -2 1 -2 -1 2 -2 0 0 6
-1 1 3 2 -2 -3 -3 -2 2 -1 -3 2 -1 -1 -5 1 6 1 -5 1 2 1 1 0 0 0 -4 -2 3 4 -3 -3 4 -2 1 -4 -1 5 -2 -1 0 -1 3 1 -1 1 -2 3 -3 1 -2 -4 -2 -2 2 4 2 1 1 3 3 4 -1 1 2 1 4 4 -1 0 1 1 -6 2 0 -1 4 -2 -1 0 -1 1 4 2 1 -3 -1 3 0 -4 -3 0 -5 -6 -3 0 3 -3 3 0 -1 1 2 -4 0 0 1 1 -1 3 2 2 0 -2 1 1 -5 2 0 -2 0 1 -1 -2 -5 -1 0 0 4 -1 4 2 4 2 0 -2 0 0 -4 0 -1 -1 0 0 1 3 -2 -1 -2 2 6 1 4 0 4 -2 -4 0 1 0 2 0 1 -1 0 -2 3 0 -4 4 3 -3 0 -3 1 0 -1 7 1 2 1 -2 1 6 1 1 1 1 2 2 0 0 1 -4 -3 0 4 -1 2 -1 -2 -1 -3 -2 1 2 0 -2 -4 0 -1 0 3 -4 0 1 2 -4 -1 0 -1 -6 -1 0 2 1 -1 2 -1 0 0 0 2 4 5 0 0 -1 2 1 -3 1 3 3 -2 -3 3 -5 4 4 2 -2 1 -2 3 -1 2 1 0 0 3 2 0 -3 3 -1 3 0 -3 3 0 2 3 2 -3 2 3 3 0 -1 3 -2 -1 0 5 4 0 1 -1 1 0 2 -2 -1 0 -4 -1 1 0 0 2 1 4 2 -1 4 0 0 2 -3 1 -1 1 -1 -3 -3 -3 3 -2 0 1 3 0 0 0 -1 5 2 -1 -1 0 -3 -3 0 -2 1 -3 -5 6 -2 4 1 -2 1 2 -3 0 3 1 0 0 2 -5 -1 -1 0 -1 1 -2 -7 0 7 4 0 -1 4 -1 -1 -4 0 -4 2 2 2 0 -4 1 -2 -1 -1 -2 3 1 -3 0 -1 1 1 0 -2 2 -3 1 -2 1 0 -3 0 4 -2 -1 0 -2 -5 -1 0 3 -1 4 -1 2 2 1 -5 -1 -3 0 4 1 -7 4 1 -1 0 -4 1 -3 1 -1 -1 0 -1 1 2 2 2 -2 0 1 -4 4 -1 -3 -2 1 1 3 4 -1 -1 0 -1 3 -3 0 1 2 -2 4 6 -6 -7 -3 4 0 0 -5 3 -1 -2 3 1 4 -2 0 -2 -7 -3 1 3 5 4 0 -1 4 -4 -2 -2 2 1 4 -1 5 0 3 3 -2 -2 3 3 0 -1 0 2 4 0 -2 0 -3 0 1 -4 2
-1 -1 4 -1 -5 -2 0 1 2 0 -3 -1 -1 7 -2 -3 1 2 -2 1 -5 -1 -2 -2 2 1 1 -2 -3 1 2 -2 1 3 -2 -5 -2 0 4 0 3 2 1 -2 0 7 2 2 -2 1 -5 -5 -2 -2 -1 4 0 -3 2 1 0 0 -3 0 5 4 -2 1 2 1 3 0 -1 -4 -2 -2 2 2 -4 -5 2 -3 -3 -3 -2 2 -3 0 3 2 -3 -1 2 0 -1 -1 2 2 1 -4 -1 -5 -3 4 -4 1 -1 2 -3 3 0 0 -3 -4 -1 -2 0 3 0 4 -5 3 0 0 4 -2 2 0 2 -1 7 3 2 -5 0 4 3 1 -4 1 1 -1 -4 -4 -1 2 0 -4 -5 -1 0 -2 0 2 -3 3 -6 4 4 -1 3 -2 -1 2 1 -2 -4 1 -2 1 3 5 2 2 3 -6 -7 1 -1 2 3 0 -1 4 0 0 -1 1 -1 -5 0 -2 -3 -1 -4 2 1 -1 -2 -6 1 1 -3 1 2 0 -3 2 0 -1 4 1 -2 -2 1 0 3 -2 -2 1 -5 -1 0 0 -2 1 2 0 0 1 3 0 -4 4 -2 -1 -4 4 -2 2 3 0 0 2 0 1 -1 1 -1 -3 0 -3 1 0 1 -1 0 -1 1 0 0 -2 -2 -2 5 0 -4 -2 -1 -6 2 1 0 2 -1 -3 3 1 0 0 1 2 -5 3 1 0 -2 -1 -4 -2 0 -4 2 2 0 4 -6 6 -2 -2 -2 2 -3 0 5 -3 1 3 5 -1 -1 -1 -2 -1 -1 4 2 4 0 -2 3 -3 -1 -3 1 0 0 -1 -2 2 2 0 4 2 -4 1 -2 0 3 -2 3 -1 -3 4 4 -1 3 0 -3 4 -1 -1 2 2 1 0 2 0 -5 -1 -2 -4 -3 -2 -2 -3 3 -1 0 1 1 2 5 -3 4 2 4 -3 1 -2 1 -4 -4 0 -4 4 0 1 -1 1 2 -1 -3 -1 -3 -1 -2 -3 1 1 3 0 -1 -2 -2 -3 0 1 0 0 -1 2 0 2 5 0 1 -5 -1 1 0 0 -1 1 -1 -1 -2 -3 1 4 2 1 0 1 0 0 -2 3 -3 -4 0 -2 3 0 4 2 -4 -1 -1 -2 0 -1 1 1 -1 -2 -1 1 2 -5 -1 1 2 -2 5 1 -3 0 0 -1 -1 0 3 0 0 -1 1 -1 3 3 3 2 -4 1 -1 -2 -1 -3 -6 2 -5 3 -1 -2 5 -1 1 5 2 -1 -1 5 2 3 -3 1 1 0 2 -3 -1 0 -3
-1 -1 0 3 -1 0 -4 -4 1 2 2 -1 -5 1 3 0 0 1 2 3 -2 3 -2 -1 -2 -2 -1 0 -4 -2 -1 2 4 1 -2 1 4 2 2 -4 1 -3 2 -3 -4 -2 -1 1 2 0 -1 1 0 0 2 -2 2 3 -4 3 1 -3 2 -2 5 -2 2 3 -3 2 1 4 -1 -1 1 3 3 0 3 3 1 2 0 0 1 0 0 -3 3 1 4 -1 -1 2 2 3 -2 2 3 -2 -3 4 5 0 4 2 0 3 -3 0 0 -2 -1 -7 1 2 2 -2 2 1 3 -1 -4 2 -2 -1 2 2 3 -2 -1 -1 0 -1 0 -2 -1 0 2 -2 -3 0 -3 -7 3 -1 2 1 3 0 0 -6 2 -2 4 3 1 0 -4 -1 3 1 -4 3 -1 -1 5 3 3 2 1 -2 -3 2 3 2 5 2 -3 4 1 0 0 2 -2 -2 -3 4 0 -3 -4 2 -1 4 -2 -1 -1 3 1 0 2 1 0 -1 -4 -1 1 0 5 0 0 4 -4 4 0 -1 -1 -3 3 -2 -6 -1 1 1 -1 3 -1 2 -1 1 0 -4 -1 1 3 0 -1 1 4 0 -2 -1 0 2 1 3 1 1 1 0 4 -1 -4 1 2 3 -1 3 4 4 3 -7 4 2 -2 -3 0 -1 -3 -1 -3 2 0 -2 5 -2 5 2 -2 2 1 -2 -1 -1 2 0 -6 2 0 -1 -2 -1 -2 -2 -1 3 -1 0 -1 0 -4 -2 4 2 -1 3 6 -2 -2 2 4 -1 1 -2 0 2 -3 1 -1 7 -2 -1 3 0 -6 -2 0 -3 1 -1 6 4 1 1 0 -2 3 -3 -1 -2 -7 6 -3 0 1 0 3 2 2 0 -2 1 -2 -3 1 4 -4 3 1 -2 0 3 1 3 2 -4 2 3 0 -4 -5 -4 -1 2 3 -2 -6 3 -1 -1 1 0 -2 -2 1 -1 -1 3 -1 6 0 0 -2 -4 0 1 -1 4 -2 -1 -5 1 2 0 2 4 -6 2 -4 3 1 0 0 4 -2 0 -1 1 3 0 -2 -4 -4 1 -1 2 2 -2 1 4 0 -1 7 -2 2 -1 4 1 3 -3 0 -2 -2 -5 -4 1 -1 -1 2 -2 2 2 -3 -3 1 3 -2 -2 -6 3 -5 -2 -2 1 -3 -3 -1 1 -2 -2 5 1 -1 -2 3 1 3 2 2 1 1 1 0 0 5 3 0 4 1 1 -1 -1 -2 0 3 -2 0 -2 -5 5 -2 -3 1 3 -1 -1 2 -2 0 1 -2 -2 -4
-1 -1 0 2 1 1 -4 -2 3 -4 4 -2 2 3 2 2 3 -1 -1 -3 -1 3 1 -2 1 -5 -5 -3 3 6 3 4 1 0 -2 2 -4 7 5 -2 0 2 -1 3 0 -2 0 -5 -2 -1 -2 1 5 -5 4 3 3 -2 0 5 -1 -1 -6 0 2 0 3 1 -1 3 -2 -2 -2 2 1 -5 5 3 -1 3 6 0 -1 -3 4 0 5 2 3 -5 1 -2 -1 -3 2 -1 0 2 -1 -2 2 -1 -1 0 4 0 -2 -1 -2 -2 -2 0 4 -2 -3 -3 0 -3 1 0 -4 1 -4 1 0 2 0 -1 1 1 -3 0 3 -3 1 1 0 -1 1 -1 -3 -1 1 -2 2 2 -2 -3 -3 1 2 -3 0 0 -6 3 3 -1 4 -1 -4 3 -2 1 -5 -2 -1 -1 -3 -4 -1 1 1 2 4 -2 3 2 0 -3 2 -3 1 -1 2 -3 -6 -1 1 -1 3 -3 0 -2 -2 -2 0 -2 1 -2 3 0 3 0 1 -3 1 2 0 -1 4 1 -4 -5 -2 -5 3 -2 2 -4 0 -1 4 -2 2 -3 3 4 1 1 -1 -1 -2 0 1 0 -3 2 2 1 1 5 4 3 -3 0 0 1 -1 2 2 0 0 -1 0 -2 3 1 3 -4 3 0 -4 3 0 -3 0 -4 -3 -4 1 3 2 4 2 4 4 1 -2 0 1 2 1 2 -1 0 -3 -1 4 -2 4 -4 2 -3 0 3 -3 -2 1 -1 -1 0 -1 -5 0 -1 -1 -2 3 -3 1 -1 0 -2 3 -2 2 0 0 1 0 1 2 7 -2 0 0 3 0 -3 -2 4 -4 -1 -1 1 -1 2 -2 1 1 2 1 3 -2 -2 3 -3 -1 1 -4 0 5 -3 1 -7 3 0 -1 4 -3 2 -5 -1 3 -3 0 -3 3 -4 0 2 3 0 1 1 4 -1 -3 -3 -5 1 -2 0 0 0 0 -3 3 2 -2 0 -1 2 0 2 -1 1 -2 0 -1 4 -4 2 2 1 5 5 3 2 -1 -1 1 3 3 -2 2 0 -4 2 -3 2 -3 2 3 1 1 3 0 1 0 2 3 1 1 0 -4 -6 -2 -1 -1 -2 3 -1 3 1 0 0 1 -4 1 3 -2 -2 -3 -6 -3 -1 -4 -2 -4 -2 3 0 -1 1 -3 0 1 0 -1 0 2 0 2 -2 3 -2 4 2 2 -2 -6 0 -2 -6 0 5 -2 0 1 3 1 -2 -2 1 1 -3 1 0 1 1 0 0 2 -3 -2 -4 0 -2 0 -1 -4
-1 3 1 4 0 -3 -2 -3 4 3 -4 1 -3 3 4 0 -5 0 4 -1 1 -4 -5 0 0 -1 -3 2 1 6 0 -5 1 -1 1 1 -3 -3 4 -1 4 1 -3 -3 -3 -2 -1 -3 2 -2 2 2 -4 -3 -1 0 -1 4 1 1 -2 1 1 -1 -3 0 1 0 1 2 -5 3 3 3 -2 -3 -2 2 -4 3 3 4 0 3 0 0 2 -2 -3 -1 -4 -3 -1 0 -2 3 1 0 2 -2 0 -4 -1 1 0 0 0 -3 3 5 0 -1 2 2 0 0 4 -4 -4 -1 2 1 -1 1 0 -7 -3 -2 1 3 2 -1 1 0 0 -2 3 -3 -6 1 1 0 -1 4 0 3 5 2 2 4 6 -2 0 1 0 3 0 0 1 2 -1 2 -1 2 -3 -1 1 1 1 2 -2 -3 2 -3 6 -2 -1 2 -3 0 -3 5 2 1 1 -2 3 0 -3 -1 1 -2 -2 0 -3 1 -5 2 -5 -2 -3 0 3 4 -2 -3 4 -1 3 6 2 3 2 0 -1 1 0 4 4 1 0 -3 0 -3 5 0 1 1 -4 0 1 -1 3 0 4 2 0 1 -3 -3 1 3 1 2 0 3 -1 -3 4 0 -1 -2 -4 1 1 5 -2 -1 0 -2 3 -5 2 -1 -2 -2 0 -2 -3 0 -3 2 1 1 4 -2 0 1 0 -1 2 3 -2 -4 -2 4 -1 0 0 -2 5 1 -2 5 -2 -3 1 1 0 2 -1 4 1 2 0 -3 -7 -2 4 3 2 0 0 -2 -1 -3 3 0 -4 -4 4 -2 0 1 -2 -2 3 0 0 1 2 0 -2 -5 2 6 1 1 3 0 2 -5 3 -1 3 -3 -1 4 1 -5 1 -2 -6 -1 6 2 0 -1 0 2 2 3 3 -4 1 -2 2 3 -2 2 0 4 2 -3 -4 2 2 2 -2 -2 -3 -1 1 4 -5 -2 3 3 -1 -2 1 -5 0 -3 -3 2 0 0 -2 1 3 -2 -4 1 -3 1 -3 -4 -3 -1 1 -1 4 -3 3 1 0 2 1 0 3 2 -1 -4 2 -1 -1 2 -1 2 3 -1 0 -4 1 4 1 -3 4 1 4 0 -2 0 -1 2 5 0 3 -3 -1 5 0 -1 -2 -3 -1 6 -1 4 -2 -5 0 -3 -2 -1 -5 1 0 -2 2 -1 -4 -1 0 -1 0 -1 1 -3 -1 2 2 3 -1 1 -2 0 -2 -3 -1 -1 2 2 0 -3 3 -1 -1 1 -1 0 -2 -1 -2 2 0 0 2 -2 -3 0 -3
-1 -2 0 -3 3 4 0 1 0 0 3 1 -1 4 -1 0 4 3 -2 1 0 -3 2 0 4 -1 -3 5 1 5 -1 2 1 2 -6 1 -4 -1 -1 1 1 1 2 -1 3 -2 -1 1 3 0 0 3 2 -1 4 -4 6 2 1 -1 -1 2 3 -1 0 1 1 4 6 4 1 -3 0 -1 0 0 -1 2 0 0 0 -4 -2 -1 -3 0 6 1 -1 2 6 1 -5 0 1 2 4 -1 -1 2 1 3 1 2 -1 -4 0 1 3 0 -2 3 2 -2 3 4 -3 2 0 0 -5 0 0 -4 -4 -1 2 1 5 4 -1 4 0 0 -1 -2 -3 4 3 -3 -3 -6 2 0 1 2 0 -2 0 -1 -2 2 0 2 0 -2 -2 -3 -3 1 -2 -5 -1 2 0 3 6 4 -3 1 -2 -1 0 0 6 1 3 4 -6 -2 0 2 -4 5 0 -3 1 -2 -3 2 -3 -3 1 -2 -2 4 0 5 1 0 -2 -3 -1 0 4 -7 0 3 1 2 -3 -1 3 -1 0 0 -1 1 -2 1 1 -5 -3 -1 -3 5 -5 -1 6 0 2 -6 3 0 -2 1 -6 -3 0 -3 0 0 2 6 -1 1 1 -1 0 1 -1 -1 0 -3 1 -1 1 3 1 -3 0 1 2 3 0 -2 1 7 -5 3 2 0 3 -1 4 -2 4 -2 -3 -1 -1 -2 0 0 1 -1 0 5 1 5 -1 0 -1 -2 -3 2 0 -1 -1 1 -5 0 2 -4 -2 0 -3 -6 1 2 2 3 -3 -2 2 -7 -2 2 1 2 4 1 3 5 -1 -4 0 -2 -3 -1 3 0 -1 0 -1 0 -1 -2 2 -3 -3 -1 -3 1 3 1 0 -1 -3 0 0 0 -2 0 -3 1 -1 3 -1 0 6 0 -1 -1 -2 -1 -1 -1 0 4 1 2 -2 -3 -2 5 -3 -2 0 1 1 -2 -1 1 4 0 -5 2 -2 -4 -1 1 0 1 0 -2 2 0 -2 -1 -2 0 1 2 -2 1 -3 0 2 -4 0 -3 2 -1 -2 -2 0 -2 4 1 0 1 1 -1 0 -1 -4 -3 -2 -2 1 5 1 1 1 1 3 -3 -2 -3 -3 1 7 -2 1 -3 4 2 -2 -3 -1 1 -2 1 0 2 -2 1 1 6 -2 2 3 1 2 0 0 1 -2 -1 -1 -3 -1 -4 -5 0 0 3 3 1 -4 2 2 -1 2 -3 1 4 -1 1 0 -5 3 -1 1 2 2 0 0 3 0 -4 4 5 -1 -2 -1 -4 0 -1 -2 -5 3
-1 3 2 -2 0 3 0 -3 5 0 -3 2 -4 1 -4 -3 4 -2 1 -2 1 0 2 0 0 -4 -2 2 -1 -1 4 0 -1 -5 -2 -1 -1 -2 1 2 -5 2 1 0 -2 2 2 1 1 -4 0 3 -7 -2 4 3 6 -1 5 2 2 -1 -2 6 -1 0 -4 3 1 2 -3 -1 -1 3 -3 -1 3 -1 -4 1 5 -1 1 2 1 -3 -1 0 0 1 -2 0 -3 -3 2 4 -1 -3 -3 -2 2 -5 -7 -4 -4 0 2 5 -1 1 -3 2 0 -1 2 -2 -1 -5 0 -1 1 3 3 0 4 4 -1 0 2 2 -2 -6 -1 -2 -2 -2 -1 0 7 4 -2 0 2 2 -3 -1 -1 1 -3 1 -1 5 -7 -4 -2 -1 4 -2 4 0 0 2 -1 2 -3 -3 6 -1 2 1 -3 0 -4 3 0 4 -4 -3 2 1 1 2 -2 -2 -3 2 -1 1 1 0 -1 -6 3 2 0 1 3 -2 1 4 -2 3 -1 0 0 2 -3 4 -2 0 -1 -1 -3 -2 3 1 3 -2 -2 -1 0 2 0 2 3 -2 1 -2 0 1 1 0 -2 1 2 3 4 -2 4 -2 -3 2 1 -1 -2 -5 -2 -2 0 2 -1 -4 -1 1 3 0 0 -1 2 4 1 2 -5 4 -3 -2 -3 -1 1 -2 0 -1 -1 4 -3 0 3 -2 0 -1 1 3 -2 3 2 -1 3 -3 -1 -1 -3 2 1 1 -1 2 1 1 4 -2 1 -1 4 2 -4 6 3 0 -2 -3 1 -2 -2 3 3 4 1 -3 3 2 -2 -1 0 -1 3 0 1 0 0 1 -2 -3 -1 -1 -4 -5 2 -1 -2 -3 -3 4 1 0 -1 0 -3 2 -3 -1 1 -4 -2 0 -2 2 0 -2 -1 -2 -4 3 -1 -2 1 4 -2 3 -2 1 2 -2 2 -6 -1 3 2 2 3 1 1 2 1 0 -3 -2 -1 2 -2 0 1 -5 -2 0 1 -1 1 -2 2 2 -1 2 0 1 0 -4 -1 0 1 -1 5 3 3 -2 1 -4 0 -4 3 -3 1 -1 1 -1 1 -4 -5 -2 1 -2 3 -1 -1 3 2 -6 -3 -2 2 2 -1 1 1 5 0 5 -1 1 -5 -1 1 2 3 -1 -1 1 -3 -2 2 -2 1 -3 3 1 -7 3 -3 0 7 4 -1 -3 0 4 0 0 -2 1 -3 1 -2 -3 3 0 3 -3 5 -1 -2 1 1 1 -1 2 0 3 -1 0 2 0 -2 -1 4 -3 -3 -1 -3 -3 3 -3 2 3 0
-1 -1 7 3 -1 1 0 3 0 2 -1 -4 1 0 6 -1 -5 2 2 0 -7 0 1 1 1 2 2 2 -1 1 -1 -2 2 1 -2 2 -5 7 0 -6 0 -3 3 0 -4 1 2 -1 0 4 -4 4 -1 -2 -3 0 -1 -1 0 4 0 1 2 0 -3 0 -1 0 -1 0 3 0 2 3 6 3 0 3 5 -4 5 1 2 -3 -4 0 3 1 -2 2 -3 -3 1 -1 2 -3 1 4 -4 -1 3 -3 0 1 2 -1 0 2 1 1 1 -1 2 2 2 0 0 0 -3 -4 -4 -2 1 -3 1 0 1 2 -2 -3 -1 -1 1 -1 0 0 -4 -2 3 3 3 -1 -3 -1 -2 1 -1 -1 1 -1 -1 -3 -2 1 0 -3 2 -1 1 -3 -1 -4 2 1 0 -1 0 5 3 -3 1 -5 0 1 4 0 -1 -1 -2 2 -2 -1 -2 -3 2 -2 4 -1 1 -1 -3 1 -4 1 0 -1 -1 -4 1 -4 0 -1 -3 0 3 -2 6 -2 1 -2 0 0 -2 4 0 1 0 -3 0 -7 -3 -2 -4 -2 1 2 0 0 -1 -2 2 0 3 4 -3 0 -3 -2 0 3 7 2 0 2 3 -1 4 3 -4 -3 -1 -2 3 -5 1 2 2 -3 -1 -3 -1 2 -2 -1 0 1 4 -1 1 4 -2 -2 0 -2 0 -1 -1 1 0 1 -5 -3 4 1 -1 1 -7 -1 -1 1 -1 0 0 1 -2 0 0 1 2 1 -3 1 0 2 3 0 4 -2 1 0 -2 -2 6 4 1 -2 -4 0 2 2 0 -2 -4 0 1 -2 4 0 -3 -2 -1 -1 -2 1 4 2 3 -3 -3 -3 0 -1 0 3 6 0 2 2 0 -2 4 2 1 -4 0 1 -2 1 0 -2 -2 5 1 3 -4 -1 5 0 -3 -1 -1 -2 0 2 -1 -1 -2 2 0 -1 0 -1 -3 -1 0 2 -1 3 -3 -1 -1 1 7 -5 0 5 2 -1 3 -1 -2 -1 4 -3 -4 3 -4 -1 -4 -4 1 -2 -1 -2 0 0 -2 1 -1 2 0 -1 -1 0 1 3 -7 3 -1 0 0 0 2 -2 -3 0 -1 -3 0 -2 -1 -4 -1 3 -1 -3 2 -5 2 -3 0 -3 -2 0 3 -2 -6 7 -2 -2 5 2 -1 -3 3 -4 0 -1 4 0 2 2 -4 0 6 0 -3 0 2 0 0 2 1 -3 1 5 -3 4 -1 -1 -2 -1 -4 4 2 -1 1 1 1 -1 3 -1 -1 2 -1 -4 2 5 -3 0 4 1 1
-1 -2 0 -2 -1 1 0 -1 -1 1 2 2 2 -1 -2 0 1 3 0 -1 0 -3 -1 4 4 0 1 2 -2 3 0 0 -1 -2 2 3 0 -3 3 -1 -1 -1 -1 2 2 -2 -1 1 5 2 2 -5 1 4 0 3 -4 -2 0 2 0 2 0 1 4 1 -1 2 1 -1 -2 1 0 -1 -3 1 1 -2 1 1 2 2 2 -2 1 -2 3 -4 -4 0 -5 0 -2 7 -2 2 0 3 3 1 2 -2 3 3 -3 4 2 -1 -3 -2 -2 -2 -2 0 1 -1 -4 0 1 -2 -1 2 6 -2 0 1 2 -2 2 1 1 -1 -3 1 0 0 2 1 1 3 1 -1 4 1 2 0 2 -4 -2 1 -3 -1 0 6 -3 0 2 -3 4 2 0 0 1 -3 -3 1 -1 -7 0 1 3 -2 1 4 -3 0 -6 6 -2 0 -1 0 0 0 0 3 0 -2 0 3 -1 2 -4 0 1 -1 0 -2 -2 4 1 1 7 -1 -3 -3 3 2 5 1 1 3 0 1 2 5 5 -1 1 5 1 5 1 -1 2 4 1 3 -3 0 4 3 -3 -2 3 3 1 3 -3 -1 3 2 -5 5 -2 -1 0 4 3 -1 -1 4 1 -2 1 -1 -1 -1 4 5 1 4 -1 4 -1 -1 -3 0 1 3 -2 -2 -5 -3 -2 0 0 -3 1 1 0 3 -3 0 -1 0 -4 0 -3 -2 5 3 1 2 1 4 0 -3 0 3 -3 -1 2 -1 -1 5 -6 2 -4 1 3 1 -2 -2 1 -1 1 4 -4 -1 1 -4 0 -1 3 1 -1 -3 2 6 0 -1 -1 3 1 4 6 -3 0 1 1 2 0 0 3 0 2 4 -3 0 -4 1 2 -1 0 1 2 -1 -4 -3 1 -3 -4 -1 -4 -1 0 1 2 -1 -7 -1 4 2 -2 -1 -2 0 -4 -2 -2 2 3 -2 7 0 0 1 2 -2 1 -2 1 -1 -4 1 -1 0 -3 4 -4 0 -5 1 4 -1 2 -5 0 -2 -4 -4 3 1 -4 -2 3 0 -1 0 1 1 -2 1 -3 -4 3 3 1 1 0 -1 -1 -3 1 3 -1 4 3 -2 5 2 1 2 -4 1 -2 5 4 4 -5 3 2 1 3 3 4 3 -3 1 -1 -5 4 -1 -4 3 -1 0 0 -4 -5 -1 1 1 -1 3 -1 -1 1 1 2 1 -2 0 -1 3 1 -3 -1 1 7 2 2 0 1 -2 0 -5 -1 2 -1 -5 -1 2 -1 3 0 2 -4 -3 0 0 -1
-1 1 0 1 -1 -2 -3 4 -1 -4 -1 0 0 1 -5 -2 -4 -3 -1 5 2 0 -1 -2 1 -3 2 -1 -3 -1 -1 -2 2 -2 -7 -4 2 -2 -2 -3 0 3 1 2 1 -5 2 -3 1 2 3 0 2 1 0 1 2 1 3 0 2 2 1 -4 1 -3 3 -1 3 2 2 -1 -4 1 -4 -2 2 -2 2 2 -3 2 -1 3 3 -1 0 -1 3 -6 -3 3 2 2 -1 1 -2 -4 1 3 4 0 -1 -2 -2 0 1 -3 0 0 -1 4 5 -3 -1 2 1 0 -1 -1 -1 -1 2 1 2 5 -6 -2 0 1 1 -1 -3 0 2 -2 0 -3 0 -2 1 3 -2 0 -2 2 2 0 1 7 0 -5 1 -7 1 1 1 2 -3 3 1 2 -1 3 3 1 2 -4 3 3 1 0 -1 2 6 1 4 -1 2 -2 -2 0 1 1 1 5 0 -1 0 -1 3 3 0 -2 2 -1 2 2 -1 1 1 1 -1 1 -1 -5 -1 -1 -7 1 -3 2 4 3 -1 1 1 -1 -4 1 2 6 -2 -2 2 2 1 -2 2 -1 -1 2 -2 0 0 5 0 0 0 -1 0 -2 -3 -3 0 -1 1 0 -4 2 -2 -3 2 3 2 -3 1 -3 -1 7 5 6 1 -3 -2 -4 2 -7 0 -4 -1 -2 -1 1 -1 -1 3 -3 4 3 4 2 2 1 5 -2 5 2 1 -2 2 1 4 0 4 -2 -1 -1 0 0 -1 6 -2 1 1 -1 -1 2 0 -4 -4 -2 -1 0 2 0 0 -1 -2 0 3 1 -1 2 -1 1 0 1 3 -1 1 -3 -1 -1 -2 -1 0 -1 0 0 4 -2 -2 0 2 -3 2 0 -1 -4 -1 0 5 3 0 0 4 1 1 -1 -1 2 0 4 3 0 -2 -2 -3 -2 0 1 2 -2 3 -2 1 1 -2 0 0 5 2 -3 3 2 0 2 -2 -1 -1 -2 -4 -1 -1 1 -1 1 0 3 1 -3 -5 -2 5 -3 2 -3 2 -4 -2 2 -3 -1 -2 -2 3 -1 2 0 6 2 -6 4 2 1 0 2 -4 -1 -1 -3 0 0 0 3 1 1 1 5 5 0 0 5 2 -1 1 5 3 -1 3 -2 1 3 3 -2 6 -4 1 1 -2 2 -1 -1 -1 6 0 0 7 4 -2 -1 1 -3 1 2 1 -5 -5 -4 0 -5 2 -2 1 -3 3 4 1 -3 1 0 -6 1 0 -4 -2 0 -7 -1 -2 4 5 -1 1 0 -4 -1 -1 0 -2 -2 2
-1 -2 -1 1 0 2 2 1 1 0 4 1 -5 2 -2 0 4 -3 1 0 4 -1 1 4 0 -2 4 -2 -1 1 1 4 3 2 6 0 -2 2 5 2 0 -3 1 0 -2 2 3 3 3 1 1 -2 2 3 -2 -4 4 2 1 -1 -3 -2 -2 -3 0 -5 -4 3 -1 -2 1 -4 2 -1 2 -2 2 1 -3 -2 0 -1 1 0 1 2 0 1 2 3 6 -2 0 -2 0 -2 0 1 -3 1 -1 -2 -1 2 2 -3 1 1 -2 -2 1 -2 1 1 -3 -4 4 0 -4 0 0 -1 5 3 3 6 2 -4 -1 -2 1 3 -3 4 1 4 3 -2 2 -4 0 1 2 0 0 -2 0 1 -4 2 0 -2 0 1 0 -1 2 0 -3 -2 -4 1 -3 2 -1 0 -7 -2 -1 -2 -1 1 1 -2 -2 3 -4 -2 -1 2 0 0 -4 3 -1 1 1 -1 3 2 -4 -1 -6 2 3 -3 -5 4 -1 -1 5 -1 0 1 -1 1 -4 1 0 0 3 -4 -3 -4 3 2 0 -2 3 3 1 -3 -2 3 3 -2 1 1 1 4 6 -2 1 3 0 -1 0 -2 4 -5 3 0 0 0 3 -1 -4 -2 -2 -2 -1 -2 -3 -4 0 -3 1 -1 -2 1 -1 0 -2 3 2 1 3 4 3 1 -3 0 1 -4 3 0 1 -2 -2 -4 -5 -3 -1 -2 -1 1 4 1 0 1 -3 0 -1 3 -1 0 0 1 2 0 2 -1 3 1 -1 -2 1 0 -1 -3 0 4 2 -6 1 2 3 -4 -1 0 -6 4 -2 4 -2 4 1 -3 0 1 -1 5 4 1 -2 -2 -4 -1 0 0 -1 0 1 1 1 1 -4 -4 1 3 -3 -2 -2 3 -1 0 0 4 5 2 -3 -2 -1 1 1 -6 1 1 -1 0 4 4 -1 0 1 -1 1 -4 -4 6 0 0 -1 2 -2 4 1 2 4 -1 -1 1 -1 0 2 1 1 -3 -2 4 0 -4 2 -2 5 -3 4 3 4 -3 1 -3 -6 -3 0 1 -2 -4 0 -2 2 1 3 -1 0 0 -1 0 0 1 -2 -1 -4 1 2 3 0 0 -1 -1 4 0 -2 1 -3 -4 -5 -2 -4 2 3 3 -3 2 2 0 -1 -3 -2 -4 0 2 -4 3 2 -3 -3 2 -1 1 -7 1 0 -1 -3 -2 0 1 0 3 -4 2 -3 -4 -3 -2 2 3 2 5 1 0 -1 -2 -2 -3 -5 2 -1 -3 5 2 7 3 -1 -3 3 3 5 3 5 3 2
-1 3 -1 -1 5 -2 2 2 -2 -2 -3 1 2 1 -2 2 3 -2 -4 -5 -1 0 0 0 -2 1 0 -3 -1 -3 2 0 -1 -3 -3 0 0 -6 0 1 1 4 1 1 1 1 1 2 1 2 1 -2 1 -2 1 -1 -3 1 -1 2 0 1 -1 2 -3 1 0 -2 -3 0 -2 -4 -1 -2 7 2 -1 1 -3 -2 -3 0 1 0 1 -3 -2 -1 -2 -1 3 -1 -1 0 -4 -2 -2 2 1 -1 2 -4 -1 2 1 0 0 4 2 -6 5 1 1 2 -3 4 6 -5 -1 1 -2 3 -4 2 -3 -3 3 0 5 2 -4 2 1 -1 0 1 1 -1 -1 2 -2 2 1 3 -3 -1 -2 2 1 2 -3 2 1 2 -2 -1 -1 1 -2 5 0 0 -2 0 5 0 0 -1 4 3 0 3 -2 4 2 -3 1 0 3 4 1 0 -1 -1 -3 1 -4 -1 -1 -5 -3 4 1 3 -3 3 2 -1 3 -3 1 -3 1 -3 -6 2 -3 2 0 0 -5 0 -1 2 4 1 1 0 0 -5 -1 -5 -1 0 -2 1 1 2 -4 3 1 4 -3 3 3 -2 2 1 2 0 3 -4 0 4 2 -3 2 1 4 4 -3 -3 3 1 4 -1 -6 4 0 5 -2 0 2 2 -2 1 0 5 -1 -3 1 -2 3 -4 -4 0 0 1 0 -2 -2 3 -1 -1 -2 0 0 4 -2 0 -3 -1 -3 7 4 5 -2 1 3 2 0 -2 0 1 0 0 -1 3 2 1 -2 -2 4 2 -4 5 -1 -1 0 3 -1 -1 2 -2 1 -6 3 0 5 1 0 0 -2 1 2 1 0 0 0 2 3 -1 -1 -2 3 1 -1 1 -1 4 4 1 2 0 2 1 3 -3 1 4 6 -1 1 1 -2 -1 -1 -7 0 -3 -2 0 0 -1 0 0 3 2 1 2 4 -2 4 3 1 2 2 2 -3 3 3 0 2 1 -1 -3 -1 2 -2 2 3 -1 4 4 0 1 0 1 1 2 -3 0 1 4 -3 2 -3 -3 -4 0 4 2 -2 1 2 -3 2 5 -2 -1 -2 -1 -1 -2 -1 3 -4 2 -2 -3 -2 -1 -3 5 1 7 0 -3 1 0 2 0 -3 -4 2 -3 6 -1 1 2 -1 1 -3 0 -1 0 0 -1 -1 0 6 -2 -1 1 -3 0 7 0 -3 1 -3 3 2 2 -1 -2 2 -1 -2 1 -4 0 1 0 2 7 -2 1 -3 -2 4 -3 0 -3 6 -1 3 -1 -4 -2 0 -4 0
-1 -2 3 -5 0 4 -3 3 5 0 -2 2 1 -3 2 -3 2 2 1 0 -4 -2 -1 0 1 0 2 -1 0 1 2 -1 0 2 0 -2 2 4 -3 0 2 -2 1 1 1 -2 -2 3 0 1 1 -3 2 -1 0 1 -3 -2 2 -1 1 1 2 3 -4 -3 1 -5 -4 1 -3 -2 3 1 1 2 1 5 0 2 1 -1 1 4 -1 -2 -1 2 -2 -3 2 -5 0 -3 -2 1 2 4 2 1 1 2 -4 -1 -1 -1 0 2 2 0 -4 4 1 -1 -3 -2 0 1 -4 -2 0 4 -1 -2 -2 0 1 -4 3 4 -4 3 1 -3 -1 1 0 -1 2 1 1 1 2 0 -2 -3 1 4 2 2 -3 3 3 2 0 -1 -1 -3 2 0 -2 -2 -5 0 -1 -1 0 0 3 -1 -1 1 -1 -3 2 1 -1 1 0 0 0 1 -2 -3 0 0 -4 6 1 -2 0 1 0 -7 -1 -1 -2 -2 -1 -1 5 3 -2 2 0 -2 2 -1 0 -3 0 5 -3 1 3 4 -1 -3 1 0 -1 -2 2 2 -2 -6 0 -7 0 2 -3 -2 5 5 2 1 4 2 2 2 3 1 -1 -1 -1 -7 -3 -2 0 -1 6 -1 -2 4 2 0 6 2 0 3 3 1 -5 1 0 4 -1 -4 -2 0 -3 1 -4 4 3 3 -2 3 -4 -2 1 -7 0 0 -3 3 1 1 0 -1 -3 3 0 3 -5 4 4 1 -1 0 -3 -1 -6 0 0 0 5 1 1 0 3 -4 2 -1 1 -2 -7 0 2 3 -1 3 -1 -1 -3 -2 0 5 1 -1 5 3 1 2 4 0 -2 0 3 0 -1 2 1 2 -2 0 -5 0 0 -1 3 2 -5 -1 -2 -1 0 2 2 0 -2 2 -4 1 1 -3 -2 -1 -3 -2 -3 4 0 2 5 0 -4 1 6 -3 3 -1 -2 1 -2 1 -2 0 2 -3 2 3 2 3 0 -2 4 -2 -1 -2 0 -3 -1 1 4 1 0 1 -4 2 1 3 -1 2 3 5 -2 1 3 -3 0 -3 -4 -5 -3 -3 2 1 2 -2 -3 3 0 2 2 -1 0 1 -4 0 -2 4 0 5 -1 0 3 0 2 1 -4 0 0 -5 2 -3 -2 5 2 -3 1 -2 -1 2 0 -1 0 0 -1 5 -4 1 -3 4 7 4 0 2 1 0 6 1 1 0 2 0 -2 2 -3 4 4 -1 2 0 3 -4 -6 0 2 0 3 -2 3 1 1 1 0 1 -1 3 0 2 2
-1 -1 0 0 4 -5 1 0 1 -1 1 2 0 0 -4 -4 2 -2 0 -4 3 -1 -6 2 -1 -3 2 1 2 0 -3 5 -2 0 -3 -1 -2 0 4 0 -3 0 4 1 6 2 1 -4 3 -4 -1 1 -6 3 -2 5 -2 -3 -4 2 -4 0 1 -3 -2 -4 -2 2 2 0 -4 0 -1 -1 -1 -1 0 2 -1 -3 -3 -2 3 3 -2 -2 2 5 -1 4 -2 -4 -1 -1 -3 -2 0 -2 -1 -5 -2 -1 -3 -1 -2 -1 1 0 4 -1 2 -2 -3 2 2 2 -4 -7 -2 3 -1 -1 2 4 -2 1 1 0 -1 2 1 -2 0 1 -4 -2 5 -1 -2 1 0 -1 -2 2 -3 2 3 -3 -3 -2 0 1 -3 0 0 3 -3 0 3 0 2 -1 0 0 2 1 0 0 -2 -1 -5 2 0 1 2 -1 -2 -3 -1 -4 0 3 2 -3 -2 1 -1 -2 -5 5 -1 5 3 -1 -3 -2 3 -3 0 -1 -2 0 -2 2 0 2 2 1 1 -2 3 1 -2 -2 -5 0 -2 4 3 0 3 3 2 0 -2 -5 2 -4 0 -6 0 0 -1 -7 -2 -1 2 7 2 -3 0 -1 -1 0 1 0 4 -1 1 1 -4 -2 -3 -1 -5 4 -2 -3 -2 0 0 -1 1 1 -2 -1 -3 -1 2 2 0 5 -1 3 1 -2 -1 5 3 5 5 3 1 4 2 0 -5 0 1 2 2 -4 -5 -2 -1 -2 0 0 -1 2 3 0 0 -4 0 -3 -5 -2 0 -3 3 0 1 3 3 -1 1 -4 1 1 1 3 1 -1 -4 4 0 2 -2 1 -2 0 -1 0 2 -2 1 -1 -3 3 1 -1 2 0 -1 -6 -3 -3 -6 0 0 0 -3 -2 2 -2 3 -5 -1 0 -4 -1 0 1 0 -1 1 4 -1 -1 -1 -1 0 -2 4 2 -3 -3 1 1 -3 -2 -3 1 -4 1 5 -1 4 0 4 3 0 -5 2 3 -4 6 0 -1 2 0 3 0 2 -2 -4 -2 4 2 -4 -1 0 -1 2 -1 -1 1 2 4 -1 2 0 1 -3 -2 2 3 0 -4 4 -1 -1 -2 3 -3 0 3 0 1 1 5 -2 -2 1 -1 -3 -2 7 0 1 2 0 2 -1 1 0 1 0 -1 1 4 -3 -1 -4 1 5 2 -2 -1 -1 -1 -2 -4 -3 0 0 1 -5 -3 2 -3 -4 -2 3 0 3 0 2 1 -2 -4 -5 -2 -1 0 -1 0 3 5 -1 -1 2 1 -1 -1 0 1 0 -6 -2 -1 -1
-1 0 3 0 2 -3 -1 -4 1 -4 0 0 0 2 1 3 -1 3 -1 -3 4 2 -1 -1 -1 4 0 1 3 2 2 -3 0 0 1 2 -3 -3 2 -1 -4 -2 0 0 -1 3 1 4 4 1 3 2 -2 0 5 -1 3 -1 1 4 -3 -1 0 -3 0 -2 3 -2 0 1 -2 -1 2 5 -1 3 0 -1 -1 1 -1 5 -2 1 -1 -3 0 -3 1 -5 2 2 4 2 -2 6 -1 -3 -1 -2 1 0 2 -1 -2 1 1 -1 0 0 1 2 0 1 -3 0 0 -5 3 2 0 5 2 5 4 0 1 1 2 1 4 -1 0 1 1 1 1 -2 -1 -1 2 3 -4 -2 2 0 0 -1 2 1 0 6 1 1 -2 3 7 2 -3 -1 -3 5 2 -1 0 1 4 1 0 0 0 1 2 -3 1 -4 4 -2 3 1 3 0 0 0 -1 -4 -1 -1 -2 -4 -3 -4 0 1 -2 -4 1 4 3 -1 -1 -2 0 2 -6 2 -2 2 0 -1 5 0 -3 -2 2 -4 2 2 -3 -1 -1 2 -1 -1 5 4 3 -6 1 6 0 -3 -4 4 -1 1 3 1 -1 2 0 -1 -5 2 1 1 4 -2 -3 3 3 -7 1 0 -2 -3 -1 -1 -4 2 -1 -2 -1 -2 -1 -1 0 -1 5 -2 0 2 2 2 3 0 7 4 1 6 3 2 -3 0 -1 1 0 0 -3 -1 0 3 3 1 0 5 1 -1 -1 1 1 1 -2 -3 0 4 -1 -2 0 3 0 -5 3 -3 0 -2 2 2 2 -1 3 -4 -3 -1 1 5 0 3 2 -6 -4 -2 0 2 3 1 2 3 0 1 -3 3 1 0 0 1 5 0 0 -3 -1 -1 -2 -3 2 -1 2 5 -1 -2 0 -3 -6 0 3 -1 3 -1 0 -3 4 -4 -1 -3 1 -1 0 -1 -5 2 1 0 1 -3 3 0 -5 0 3 2 5 1 0 -5 0 1 0 -1 1 1 2 6 4 -1 3 -3 5 -3 0 0 2 3 3 1 3 -2 -4 -1 6 2 1 -2 1 0 3 2 -1 -1 -1 -2 0 0 1 -3 1 2 0 5 3 2 -6 -2 -1 -4 3 1 -1 -1 -2 2 -1 0 3 1 -1 1 1 -2 2 -1 1 2 0 0 0 1 -1 -2 2 0 1 -1 4 -2 3 -4 2 0 0 5 2 -1 3 -3 -3 -1 -2 1 1 1 -1 5 -1 2 7 1 1 2 -3 -4 0 2 -4 -7 -3 -1 -2 1 2 3 2 3 -1
-1 3 3 1 -1 6 4 2 -1 1 -4 2 3 0 0 -1 1 -2 2 3 -2 3 2 1 0 -4 5 3 -4 3 2 0 2 -2 0 0 -1 2 0 6 -3 0 -1 2 1 -3 1 1 3 5 0 -4 -3 1 -2 -1 4 7 -1 -2 0 -1 1 2 -1 0 3 1 -1 0 2 4 0 2 -3 -1 1 1 3 -3 -2 -1 1 1 -3 2 1 7 0 0 4 -3 5 1 -4 -1 -2 1 1 1 1 -4 2 1 0 4 -1 -2 5 -4 -2 2 -1 2 -4 0 1 -1 0 -1 -5 3 2 1 1 -3 -2 2 -2 2 -5 -3 2 5 1 -1 1 -3 3 0 -1 0 -2 0 2 -4 -2 4 -5 3 -1 0 1 -2 -3 0 0 1 -5 -3 -2 -2 1 0 -2 1 1 1 0 4 2 -1 -2 -5 -2 -4 1 3 -1 -1 3 5 -2 -1 2 -2 5 3 1 -1 3 -1 0 6 -1 3 -1 3 5 2 0 5 0 -5 -1 -2 -2 1 1 -2 2 -1 -1 1 -1 -5 -7 -2 0 1 -3 1 -1 1 -1 2 1 -2 4 3 -4 2 4 2 4 1 4 0 0 1 2 -2 -2 -3 1 -2 -7 -1 3 -2 5 -5 1 -3 -5 -2 1 2 0 -1 1 -2 0 0 0 3 -4 -2 2 -1 0 -3 3 2 1 0 -2 1 0 2 -1 1 3 -4 -2 2 -3 -1 0 -4 0 2 0 -1 1 2 0 0 -4 0 2 -1 -4 2 -2 3 -2 -1 -3 1 -1 0 3 -1 0 1 1 0 3 2 -1 1 3 -2 -3 3 1 0 2 0 -1 2 4 1 4 -2 0 0 -2 -1 -5 6 0 0 -7 -1 -1 0 1 0 2 4 -3 5 -2 -1 1 2 -5 0 1 -5 3 1 0 0 0 1 4 0 1 -2 -4 0 -1 -1 -6 2 5 2 -1 -3 -2 -3 -2 -1 0 -2 -3 1 -6 -3 1 0 4 -3 4 -2 3 -2 -5 0 0 5 -1 -1 1 5 0 -2 3 -1 -4 -2 2 4 -3 -1 -2 1 2 0 -3 -4 1 2 1 0 -6 0 1 -1 -4 5 -4 5 0 1 -2 0 3 -2 -1 2 5 2 2 1 4 -2 1 0 -6 -2 3 -2 1 0 2 1 2 0 -2 3 2 -2 1 2 1 3 -1 -4 -2 2 1 -5 -4 0 5 0 1 0 -1 0 2 4 1 -1 -2 1 3 -1 2 -1 0 0 1 3 1 1 3 -1 -1 -4 -1 3 -2 -1 -2 1 0 -4 0
-1 0 -3 3 -3 -4 -1 0 2 0 2 1 -1 4 1 6 -3 -2 -1 0 -1 -2 -4 -2 1 -1 1 -3 2 -5 2 -3 0 0 -1 0 -1 -1 -1 0 -3 -1 -1 0 4 -1 -2 -2 -2 -3 -1 3 3 2 2 1 -1 0 1 2 -6 1 -6 -3 0 -3 0 3 1 3 -2 -7 -1 5 0 -1 3 -1 5 4 2 2 2 3 -2 2 -1 4 0 0 0 2 1 -3 2 -3 4 3 1 -6 2 1 3 2 -3 -1 2 0 5 0 -1 4 3 2 2 -2 5 -5 0 0 -3 4 4 -1 0 0 -3 2 0 2 -1 0 -5 2 2 2 2 -1 5 2 3 -3 5 -5 1 1 -4 1 1 -2 1 -2 -1 5 -2 1 2 0 -1 -1 3 4 -3 0 0 -1 2 2 -6 2 -3 -1 0 0 -3 4 2 4 1 -3 0 3 -1 -1 -2 1 -1 1 -2 4 -2 1 -1 2 0 0 -1 3 -3 -3 0 -2 -2 3 -1 0 1 4 2 -2 2 -2 -2 -1 0 2 -2 1 3 -2 -1 -3 0 2 1 1 2 -3 -2 1 -3 0 -3 0 -1 1 0 0 -4 2 2 1 1 -2 3 4 -1 0 4 -1 -2 -2 -1 -1 -6 0 -1 -1 2 -3 0 1 -3 0 -3 0 2 3 -1 4 0 -2 -5 4 2 -1 3 0 -6 -2 5 1 -1 -2 -5 -2 4 0 4 -1 0 4 -3 0 -1 2 1 1 1 -1 -1 -1 -3 -1 3 -2 1 -4 -1 0 1 -1 -2 2 1 1 0 -4 0 2 -5 0 -4 5 -1 0 1 -4 1 2 1 0 -5 -1 2 5 2 -1 0 -2 0 -1 -7 3 -3 -4 6 -1 1 -1 1 0 2 -1 3 -3 1 2 1 0 -2 -1 -2 -3 0 -3 2 4 -1 -2 4 3 -2 1 -1 -4 7 3 -2 -2 1 3 -3 2 -4 -3 -4 2 2 3 -2 0 -1 -4 1 1 -2 -3 0 -1 2 -1 -1 -2 -2 3 3 -3 4 0 1 -5 1 -1 5 0 -1 -1 -1 4 0 -1 3 0 -2 -2 1 0 2 -1 1 3 1 -4 3 -1 -1 2 0 -3 0 -6 -1 -4 5 -1 0 -2 0 -4 1 0 1 0 -2 -1 0 0 -3 3 -1 0 -4 0 -3 -5 -2 3 3 -2 1 7 1 0 -1 1 -2 1 1 -1 -2 0 -1 2 -4 5 -4 2 -3 0 1 -4 -2 1 0 3 1 1 -5 1 -2 -1 -1 7 2 2 -2 2 -3 5 5 -3 5
-1 0 -1 -3 2 1 2 -4 2 -2 5 2 -1 4 -1 0 -1 -3 1 -4 3 -2 1 -2 -2 0 -4 -1 5 1 2 3 -1 -1 -1 -1 1 3 -2 -1 -4 -3 3 -2 -4 0 0 1 0 0 -1 -2 0 1 -1 4 0 1 2 1 -2 2 -2 0 2 -2 1 -4 2 -3 -2 3 -3 0 1 -1 2 0 2 0 1 4 3 1 -3 -1 2 -1 0 -2 -1 0 -5 0 -1 3 2 -4 0 -3 0 -1 -1 -5 -3 2 0 -1 0 7 -2 0 2 -2 -1 -5 -3 -1 2 4 0 -3 -4 3 3 -1 4 0 -4 -1 3 4 -4 4 -5 2 2 -2 -1 1 0 -3 -1 -2 3 -1 1 0 -3 4 -2 -1 1 4 3 1 1 0 -3 2 -3 -2 0 -1 -2 -3 -2 -3 -5 -2 3 -3 1 1 1 -1 5 -2 0 3 2 0 -1 2 0 1 0 -2 2 2 -3 1 -1 -2 2 1 2 1 -6 -1 1 -1 -2 1 -2 1 0 -5 1 -2 -5 -6 0 -1 2 2 3 4 5 0 -1 1 -3 0 0 0 -2 -2 0 2 -1 2 0 2 -4 -2 -4 -1 3 2 -3 -4 2 -1 -4 1 2 2 -1 5 1 -1 -5 3 5 2 -3 2 -2 2 3 2 2 1 3 3 -1 1 -2 3 -1 2 0 2 -2 2 0 -3 -1 1 -1 -3 0 -2 3 0 1 -2 -1 0 0 1 3 -3 -1 -1 1 3 -1 2 7 2 0 0 3 0 -2 -4 0 -2 0 -4 -5 2 0 -2 2 -2 1 -1 -2 -1 -2 -1 1 2 1 -1 -1 1 6 -2 3 2 2 1 1 -1 -5 1 1 -6 5 -3 -3 1 -1 -4 1 -1 -2 -5 -3 2 3 3 -4 2 1 -3 -3 4 -5 2 -4 1 -4 -4 1 1 -1 1 -2 -3 3 2 0 0 3 2 -1 2 2 0 2 3 -1 -2 -1 -2 2 6 -3 3 -2 0 2 1 3 -2 0 0 -3 -3 -7 -2 4 4 -2 -1 1 -4 -1 -4 -5 3 6 -4 3 1 1 -4 0 1 -2 2 -1 -3 -2 -2 -2 -1 -2 -5 1 -2 -1 0 2 -1 -2 -5 -2 -4 0 -1 -1 -4 3 -6 3 0 0 -1 0 0 4 -3 -1 -1 4 0 1 1 -1 0 -1 -1 6 2 1 -3 3 -1 2 2 -2 1 -1 3 5 0 -2 0 1 -3 0 2 0 -2 -6 -1 1 2 7 0 -3 5 -5 2 -3 2 0 0 -4 1 -3 0 3 -4 -3 -1 3
-1 -1 2 2 1 2 1 1 3 1 2 2 2 0 1 -2 -1 -1 1 -1 2 0 -2 1 -1 -1 -1 3 0 2 -1 -4 5 0 3 1 0 0 4 -1 0 -2 1 -2 -3 -1 2 3 0 2 -1 0 0 -3 -7 -2 2 -1 -1 1 2 -4 -2 -1 -4 -2 -3 3 -3 2 4 0 0 5 -1 0 -1 -1 1 -1 1 -1 0 0 0 -2 3 -1 1 5 -2 7 -2 1 1 -2 -3 2 0 -3 3 0 4 1 3 0 3 3 1 -2 0 -2 -4 2 4 1 1 -1 2 -2 -1 0 1 0 -1 -2 -1 6 -3 3 -6 -2 -4 1 1 2 2 3 6 2 -4 -1 1 1 1 1 5 3 -4 2 -2 -3 3 3 3 0 1 -3 2 -2 -2 1 0 -2 0 -1 3 4 3 0 1 -4 -1 1 -4 3 2 1 1 2 -1 4 0 -3 4 1 1 -1 -3 2 -5 0 0 0 -4 -2 2 3 1 1 1 6 0 4 1 -1 1 3 -1 3 -1 2 -4 3 -1 3 -2 -1 -1 -1 0 2 2 -2 2 2 0 5 -3 -2 -1 3 -3 5 3 1 5 2 -1 2 -1 3 -2 0 -3 4 2 3 0 0 -3 3 1 -6 -5 3 5 2 -2 2 1 -1 -1 -1 -1 -3 -1 -3 0 5 -5 1 -4 2 -1 2 4 -1 3 -2 4 0 -4 -1 0 0 0 -1 2 1 -1 0 -2 0 -4 1 1 0 -1 4 0 2 -1 2 -1 3 -2 -4 -1 1 2 2 4 0 2 0 3 -3 3 3 5 1 1 2 0 1 -5 -1 -1 1 -2 3 4 1 4 2 4 -2 1 -2 -3 1 -1 -2 0 3 0 -3 2 3 -2 1 1 2 0 -6 1 1 6 0 -2 0 -3 -2 -1 -2 1 -1 0 -1 -1 2 3 1 -4 3 2 2 0 2 -2 0 3 4 3 -1 -2 -1 -3 3 -3 -5 -1 -3 -2 -1 2 2 1 1 -1 -2 2 4 2 0 -1 1 1 0 4 0 -1 0 -6 2 4 -2 3 5 -7 0 2 1 1 -1 2 -2 3 0 0 0 -1 -1 3 6 3 -6 3 -4 -3 -3 -2 2 -4 -2 0 -3 7 -1 3 4 -1 5 0 -1 -3 7 0 1 2 0 1 -1 2 -2 -1 -2 1 -2 -2 1 -4 3 2 4 -1 -1 -1 -2 -2 0 2 3 1 3 0 -1 0 0 3 0 2 1 0 -3 2 -1 -2 3 1 2 -2 -3 0 -4 4 4 2 -2 -3 6 -4
-1 -1 1 1 -4 -1 -3 -3 2 1 -4 0 -2 1 0 -4 -4 1 3 0 0 0 2 -1 -4 -2 3 -2 -2 -6 -2 4 -1 -3 3 -1 -2 1 1 2 1 7 -5 2 -4 -2 -4 2 1 -1 -4 2 -2 -1 -1 1 0 1 1 -1 -1 0 -1 -3 4 -2 3 -4 1 0 5 2 -3 0 2 5 2 1 0 -1 1 0 4 1 2 1 -2 2 -5 0 -3 0 4 -1 1 -3 2 2 -2 -4 1 -1 3 2 1 0 1 -1 2 0 -2 1 -1 -4 1 -3 -6 0 -3 3 1 2 -2 2 2 -3 -1 -2 -2 0 2 -1 1 -1 3 4 -4 2 1 1 -2 -4 -4 -6 -3 1 -2 4 -3 -5 -4 -1 -2 -1 -2 2 2 -1 4 -4 1 1 -2 -2 -2 0 2 -2 0 2 2 0 3 2 -1 1 -2 1 -1 -1 4 -2 2 0 -2 1 0 -1 1 3 -1 0 0 2 -2 -3 -5 -2 1 -1 1 -1 -3 -7 -3 1 -3 1 0 4 1 -2 -2 3 -2 2 0 1 -4 -6 3 -4 -3 0 -3 2 -1 2 1 6 -2 2 0 0 1 -3 -2 -2 0 5 1 -2 3 1 -1 -2 -3 -1 1 -4 -1 1 0 3 -1 3 -2 2 1 0 -1 2 1 1 -2 0 1 1 2 0 -5 1 -1 4 1 -1 5 1 2 -2 -1 3 5 -1 3 4 -1 -2 4 2 -2 -3 1 0 0 0 -4 -1 0 0 1 3 -4 -2 2 -3 -3 0 3 5 -5 -1 -1 4 1 0 3 -1 1 -1 0 3 -6 -2 -2 2 -1 2 2 0 -3 0 -2 1 1 -2 -1 1 -3 2 -6 5 1 2 2 -1 2 1 -1 2 -1 -1 -2 6 2 -3 2 4 3 5 0 0 2 6 -3 2 2 1 -1 -2 0 2 0 3 1 5 1 2 4 -2 -6 -1 -1 1 -1 3 -1 3 0 2 0 2 -3 -4 -1 0 0 4 -3 1 1 4 -3 -4 -4 4 3 5 -3 0 -4 -2 -2 2 1 3 0 4 0 1 1 2 -5 2 2 -3 -2 2 2 2 0 0 1 1 4 -2 -5 3 -3 -2 -1 5 0 -2 2 0 3 -2 1 2 0 2 -1 0 3 -3 -4 1 2 -6 -2 0 1 -1 -2 0 -2 -3 1 3 2 0 -2 -1 1 5 0 3 -3 -4 -1 -1 1 6 2 -4 2 -1 -5 2 0 -2 -3 2 -3 1 -2 2 -3 -3 2 1 5 1 -1 0 -2 1 -2 -5 0 3 1
-1 0 -3 -1 2 -1 -1 2 1 -4 2 1 1 3 4 0 -1 0 2 -3 0 0 3 -3 2 0 -1 -3 4 0 0 1 2 0 -1 -2 1 -1 1 -1 -1 -2 -3 -1 2 1 -3 -7 0 1 0 1 0 -1 0 0 -6 1 0 -1 1 -2 3 1 4 2 -2 -4 0 3 -3 1 -2 -2 -3 -3 1 0 1 2 -1 0 -1 0 0 -4 2 1 1 -4 1 1 0 -2 1 1 7 -4 1 3 6 4 0 0 -1 3 3 -1 1 3 1 2 4 3 -2 -2 0 0 -3 3 -3 0 -5 0 1 1 0 0 1 0 3 3 3 1 0 2 -1 3 -3 -1 0 1 0 0 -3 0 2 0 6 2 1 4 0 1 1 3 -3 -1 3 2 0 -2 2 -3 -1 -6 1 1 -1 -2 -2 -1 3 -3 5 0 5 2 3 4 -1 -1 2 1 -1 -3 -2 1 -2 1 0 -2 0 -4 -4 2 0 1 -2 2 2 -1 -4 1 -3 2 1 0 -2 -2 3 -2 1 -1 0 0 -3 0 1 2 0 2 5 -1 -1 -3 -1 -3 1 -3 -2 1 -1 0 0 -3 -2 5 -1 2 1 3 -1 3 0 3 -1 -3 0 2 -4 -5 -1 1 -3 -1 3 -2 -2 -2 2 -5 4 -2 -1 -2 3 1 1 2 -5 1 2 1 0 0 -4 3 4 2 -1 1 1 0 1 4 4 2 -3 3 1 1 -5 0 -3 1 1 -1 0 -2 0 -1 -3 -4 1 -2 -3 3 -3 2 -1 -6 -1 -4 -2 -2 -1 1 0 2 5 2 -3 0 2 -4 3 2 -1 5 0 -1 -3 2 7 3 -1 1 3 5 -1 -6 3 2 -2 0 -2 2 1 1 2 -3 -4 -3 4 -1 -1 5 3 0 2 -4 -4 1 4 0 -1 -4 -1 -2 -1 1 -2 2 3 1 2 1 -4 4 -2 5 0 3 3 0 -2 -3 4 -3 -2 0 -3 0 1 -1 -2 -4 1 -5 0 -4 -3 0 3 1 6 -3 1 2 -4 1 -1 0 -1 -1 1 1 2 -5 1 3 -3 -3 0 5 1 2 -2 -4 3 3 -4 -4 -2 -2 -2 2 2 3 -3 0 -2 -1 -1 0 1 -1 -1 3 -4 -4 0 0 1 -3 3 2 3 7 2 2 -1 -2 -2 3 -1 3 2 1 3 -3 1 4 -1 1 2 -3 0 -6 7 3 1 -1 1 2 -6 -7 0 -4 1 5 -1 2 -2 4 0 -1 2 1 3 -3 -4 4 5 -2 3 3 -4 -3 -2 -4 4
-1 -3 -1 -1 -1 0 7 0 4 -2 1 2 1 4 2 2 0 -2 0 0 3 -2 1 -3 1 -1 3 -2 -3 1 4 6 -2 1 -1 0 0 -1 0 -2 -4 -1 -3 3 2 -1 -1 -1 2 -3 -1 -3 3 -1 7 0 2 0 2 0 0 -4 0 -2 -2 0 -1 1 0 -1 1 4 6 2 -3 0 3 0 2 -3 0 1 1 1 2 -2 -2 -2 1 0 2 -3 0 0 -1 4 -3 -3 0 0 -1 0 0 -1 3 0 -2 1 5 -2 -1 -1 3 4 4 2 -4 -1 -1 4 -1 -1 1 -1 4 1 0 3 1 -2 -3 1 0 0 1 1 5 0 0 3 -1 4 -2 1 4 3 -2 0 2 0 -1 -2 -2 -2 -1 3 1 -1 1 2 1 1 -1 2 2 0 -2 2 -2 4 1 3 -1 2 -2 2 0 0 -3 0 3 3 3 1 1 2 2 1 -3 -2 -1 1 -1 1 1 2 -1 -2 -3 -2 7 5 -2 4 0 4 -1 2 -1 3 1 2 3 -2 2 2 -3 -5 3 1 3 -3 -3 2 0 -1 5 3 2 -5 -4 0 0 3 -5 1 0 -4 -3 -2 1 0 0 -3 -2 3 0 3 2 2 0 4 0 -2 0 0 -1 4 -1 0 -2 1 -2 1 2 3 -4 -3 -1 4 -1 -4 -1 4 -6 -2 -1 -2 -2 3 0 0 4 5 0 -1 -1 0 -2 1 1 -1 4 -2 0 2 1 -6 4 -2 3 0 2 1 4 -2 1 2 0 -2 1 -3 1 1 -2 -1 -1 -3 -1 -2 -3 -1 3 3 2 2 -3 3 -1 2 -1 1 1 0 5 -2 -4 2 -1 -1 1 1 -3 -2 -2 4 -1 -5 2 -5 4 -2 -2 -1 -2 -1 -1 -7 2 1 2 0 0 1 2 0 -1 4 -3 -3 -5 0 0 4 0 0 0 2 0 -1 -1 -4 1 1 0 -2 -1 -1 -3 1 3 3 0 -2 -5 1 -4 0 -3 -1 2 -2 3 -2 2 0 6 -4 -6 3 -4 4 -2 -4 0 0 1 0 1 2 -3 -1 -1 4 4 -5 -5 -4 -4 -2 -1 0 1 -1 -3 1 0 4 -4 -3 -1 1 0 1 3 -1 -2 3 5 1 -1 -6 1 -4 3 -2 2 -4 -6 1 -2 -2 -2 -2 -1 -2 2 0 -4 0 -2 3 -4 -1 -3 -2 4 6 1 0 -2 -3 -4 0 -4 4 0 -3 1 5 3 -2 0 -2 -1 3 -7 -2 1 -2 6 -1 0 3 1 1 2 7 -2 5 -1 3 -2
-1 2 -2 -1 2 -3 -3 0 -1 -1 5 1 0 3 2 1 -2 1 -4 1 1 1 3 -1 0 2 0 2 -1 1 -3 -2 3 1 -1 2 -1 1 -3 -1 3 5 0 -6 -4 4 3 -2 1 3 1 4 7 4 3 -3 -2 -1 0 -2 3 -1 -1 3 -3 1 0 -2 3 1 -3 3 4 1 4 -1 -2 -5 -2 1 0 -3 2 5 4 1 -2 -2 1 1 3 -3 1 5 -3 3 0 -2 -1 0 -1 1 -1 5 -4 1 -3 -4 0 -3 2 -1 0 -1 -1 2 -2 -2 -4 -2 1 -4 2 -2 0 3 -5 -1 5 3 -2 1 2 -6 -3 0 2 -3 -2 3 -3 -1 1 2 4 2 -1 1 3 0 1 0 0 0 -1 0 3 -1 -1 0 1 1 0 2 -5 -2 -1 0 -2 -1 1 -1 0 -4 1 1 -2 4 -1 3 2 -2 4 -2 2 2 2 1 -1 1 -1 2 0 -3 -3 -1 1 7 -1 2 0 -1 4 2 -2 -5 -1 -3 -1 2 -1 1 0 -4 -3 -3 -3 1 -3 1 -5 7 -1 -4 3 2 -1 0 -2 0 3 5 -1 -1 4 0 -3 0 1 1 0 -1 0 1 2 -1 -1 0 2 2 6 -4 4 2 5 -5 -2 -5 -5 -3 3 -1 2 -5 -1 2 -3 -1 0 0 0 1 -1 -3 -1 -3 5 -1 2 2 -4 -2 1 -1 -1 -4 1 0 -3 -1 -3 0 0 -1 0 1 -2 1 5 1 0 0 -1 -2 -3 -1 0 1 -4 0 1 -3 2 -1 -3 2 1 -4 -1 3 -5 1 0 -3 -1 1 -3 0 -2 0 1 -3 -3 3 2 -3 0 2 4 1 2 2 -3 -1 -2 2 -2 1 2 -2 -1 -4 2 -6 2 -2 1 3 0 -4 -3 -5 0 -2 1 -2 -1 -2 1 0 1 -2 0 -1 2 2 -3 2 -3 1 2 5 4 0 2 -4 -4 -2 -3 -3 -2 -2 -2 -1 -3 -1 2 -3 -2 -1 1 -2 0 1 5 0 -4 2 0 2 -4 -1 -1 -1 0 -3 3 -4 5 -3 3 -1 -2 -3 1 2 0 -1 -2 -3 0 -5 -2 -4 7 -3 3 -3 7 -1 2 -3 -2 3 -2 2 -4 2 0 -2 4 -7 -1 -4 -3 2 1 -2 -1 -2 0 0 -1 1 3 1 1 0 2 -1 -2 2 2 -2 0 -1 2 -5 1 -2 -2 0 -2 -1 0 5 -1 0 -1 4 -1 2 0 1 5 -1 2 -2 1 0 -2 0 5 2 -2 3 -5 -3 -4 0 1 1 -2
-1 -3 0 -3 -3 3 -3 -4 0 2 1 0 1 3 4 2 -5 1 -2 4 -2 -2 2 2 2 -6 -2 -1 1 -1 -3 2 2 -2 1 1 0 2 -3 1 -5 -1 2 4 -1 0 0 -1 -3 -3 3 0 1 6 0 0 -1 -3 -1 -1 1 -3 3 4 6 -6 -2 1 -2 3 -2 1 3 1 -4 -4 2 -2 0 2 0 -1 2 0 3 3 2 -4 4 -5 6 -4 0 -1 -1 -2 4 4 -3 3 2 2 -3 -2 1 2 1 0 0 -3 -2 7 1 3 1 0 -1 2 2 1 1 -1 -2 -4 -2 0 4 0 -1 -3 2 0 2 1 -1 3 -1 2 0 0 3 1 2 0 3 -2 -2 -3 -1 7 -2 4 -3 -2 -1 3 2 -2 0 5 2 -2 3 -1 -3 -1 5 4 -3 1 -3 0 2 3 -4 -2 -1 0 -2 -2 -1 -1 -1 3 0 -2 -4 0 4 4 -1 2 -1 -5 1 4 2 0 -2 -4 0 -4 -1 -1 0 -1 3 5 1 -1 2 2 -2 -2 0 -2 2 3 0 -1 0 -3 4 -6 0 -2 -1 2 -6 3 -1 2 -5 -2 2 -1 -3 1 2 -2 1 -3 -1 1 4 0 -1 2 -2 3 -2 -1 0 0 -2 -5 3 0 0 -4 0 1 1 0 1 -1 -1 1 -1 0 -2 2 3 -4 -4 0 0 1 -4 4 -4 -3 1 1 1 -3 -1 2 1 0 3 1 3 -2 -2 0 -1 -2 -4 4 -1 -1 1 1 -2 0 1 3 -3 -4 -1 1 0 1 -1 -2 1 -3 3 -1 -1 3 -1 2 -2 -2 2 -2 -1 2 -2 0 0 0 -6 3 0 -1 1 3 4 -2 0 0 2 1 -2 -1 -3 0 -3 2 2 1 0 -2 0 3 0 0 2 -1 1 1 -3 -3 -1 0 -5 1 -2 -1 4 -3 1 -4 -1 1 -4 1 1 6 -1 0 4 5 4 -2 2 -1 -1 0 1 -5 2 1 5 -3 0 3 -4 -5 1 0 3 1 1 0 0 0 -1 -2 1 0 -7 1 -1 -2 0 -1 0 4 2 -3 -3 2 -4 3 -1 -1 2 2 -1 4 4 -2 -4 2 -1 0 -6 1 4 3 -1 -3 2 1 -7 3 1 -1 -1 -3 2 1 6 -2 -3 1 0 0 0 2 -2 -1 -1 -7 -4 4 2 -3 -1 1 -2 -2 -3 -2 0 0 7 2 1 -1 0 -2 2 2 3 -7 2 1 1 -1 3 2 -3 1 2 1 1 4 2 0 3 3 -1 -1 1 2 0 0 0
-1 -1 1 5 -2 0 0 0 -4 1 3 1 1 -2 -2 -2 3 -1 1 -4 -2 2 -3 -2 4 2 -1 2 3 -2 1 1 2 2 -2 -3 0 0 1 1 0 1 0 -2 5 2 -1 -3 -1 2 0 -1 3 -7 -4 0 -5 -3 -2 -3 -3 -2 0 3 1 0 -1 -1 -1 -2 0 0 -2 -1 -3 2 3 0 2 -2 -7 -2 0 4 -1 3 -1 1 7 -4 -7 -3 3 1 -1 -1 1 2 -2 0 -1 -4 -4 -1 0 2 0 -2 2 -2 0 0 2 2 3 0 2 0 -2 -2 2 4 2 -3 -6 1 -4 2 0 3 4 -3 1 -2 5 3 5 -3 2 -1 1 -2 -1 -3 1 1 0 0 2 2 2 -1 1 1 1 3 1 1 -2 1 -1 -2 -4 1 -4 0 -1 -2 5 1 -1 2 4 -2 -2 4 2 -2 -2 -1 2 -3 -2 2 -2 0 3 -2 -5 3 0 -3 -4 1 3 0 6 1 5 -1 2 -2 1 1 -2 2 0 4 -3 -5 1 1 2 -3 1 -2 -6 -2 -1 0 -1 -1 2 0 -5 -3 1 -2 1 -2 -5 1 2 1 1 -2 3 0 -3 1 0 0 -2 0 5 3 3 0 -6 2 -3 0 -2 -2 -2 0 2 5 3 2 -1 -1 1 3 1 1 4 -1 2 -4 1 -5 1 1 1 0 -1 -2 2 1 -1 -2 -1 -1 3 -2 1 -1 1 -5 0 -2 -3 2 3 0 2 2 -4 5 0 1 -2 -3 -5 1 -5 0 -1 -4 0 -1 2 2 4 -1 -4 4 -5 -2 -1 2 5 3 -1 0 -5 -6 2 -3 0 0 -1 0 -5 0 -1 2 0 -2 -2 0 -2 0 0 -3 1 2 2 2 1 -5 1 2 -2 4 -1 1 -3 -1 1 -4 -2 0 1 -1 2 -1 -4 4 1 -3 -4 -3 3 2 4 -2 2 0 1 1 -1 4 -2 0 -3 -3 3 2 1 -6 -1 3 0 2 4 -1 5 -5 0 -3 0 -3 0 1 -3 4 4 1 -1 2 -2 0 -3 0 3 2 0 2 -1 3 0 1 -4 0 2 1 4 -1 -1 3 4 -1 -3 3 -1 1 5 2 1 -2 2 -2 0 4 -1 -5 4 2 -2 0 1 2 -2 -1 1 -2 -5 -2 2 -1 1 4 0 2 -2 1 2 0 -3 -3 5 -3 0 -5 -2 1 -1 -4 3 -2 -5 0 -3 -3 0 0 3 1 2 -1 -2 4 1 2 1 3 -2 -3 -1 -2 -2 -2 0 0 -4 0 3 1 1 -3 2
-1 -4 -1 -3 3 -5 -3 3 0 -3 3 -1 2 -4 1 0 4 0 -1 5 2 -2 0 0 1 3 4 -3 2 1 -1 3 -2 -6 -5 1 -2 -4 0 2 1 -1 3 -4 0 -3 -1 2 0 -2 4 1 -1 6 4 -3 -1 1 -4 3 -2 1 -1 -2 -3 -2 -2 -4 3 -4 -3 -5 -1 0 3 1 3 2 6 2 1 0 0 5 -6 -2 0 -3 -1 -1 2 4 -2 4 2 1 2 -3 2 0 -2 1 2 1 -2 -2 1 0 -3 1 -2 2 1 -2 2 2 0 -2 -1 -2 1 -2 4 -4 -2 -3 0 -2 -1 -1 -4 -2 1 3 -5 0 -2 -2 -1 -4 -1 -2 4 0 0 -1 3 2 -1 -1 -1 3 0 7 2 -3 3 -4 -1 -6 1 -2 0 1 0 5 1 0 -5 2 1 3 0 0 1 -3 -1 -2 0 -1 0 2 -2 -6 0 4 3 2 0 2 -1 0 0 -1 0 0 -1 2 1 -2 -2 2 -2 1 2 -1 1 -1 1 5 0 0 4 2 0 -4 0 4 3 4 -1 2 0 -2 -2 0 0 -1 2 0 5 -2 0 1 -4 -3 2 -3 -1 -1 -3 -1 3 -5 3 3 -2 1 2 5 0 1 4 -4 2 1 -1 -3 -2 -3 1 -4 2 -3 -2 -2 -3 3 -4 2 -2 -2 -4 -1 0 1 3 2 2 -2 1 1 0 2 0 -3 -2 3 -5 -1 1 4 -2 0 -1 -1 1 -5 -1 -3 0 -2 0 5 3 -1 -4 0 -2 -4 6 -1 -1 1 3 0 0 1 1 2 -3 0 1 0 -1 0 3 -6 -3 4 2 -3 2 -2 -1 0 3 -4 1 -1 0 0 -5 -3 0 1 -2 -5 0 -1 0 -3 1 0 -2 -3 -3 0 0 -3 3 -1 -5 -1 -2 3 1 -5 1 3 4 1 -1 0 -3 2 3 -1 -2 -1 1 0 1 2 2 -1 -5 4 -1 -4 0 0 1 0 0 -2 0 5 -3 3 1 -1 -1 5 -3 0 2 2 3 1 -4 -2 4 -3 0 4 3 2 0 2 2 -1 1 -2 1 -6 1 -2 1 1 -4 -1 -4 -2 -2 1 3 -3 -1 0 4 2 -1 -1 -2 0 -2 0 -2 0 1 -1 -1 1 2 3 0 -5 0 1 3 2 -3 -2 1 4 1 3 5 3 0 2 2 -1 -4 3 2 4 5 2 -4 -2 -2 -1 2 1 3 0 4 -5 2 -5 1 3 1 -3 -4 0 -1 2 -3 -3 -2 -2 1 1 1 -2 3 -2 -2 -2 2
-1 -1 4 -1 -1 -1 0 -2 -1 -1 2 0 1 -1 0 3 0 4 -4 0 -4 4 -3 -1 0 -4 1 1 0 0 -1 1 1 -3 -3 -1 -2 -2 3 -3 -6 1 0 -1 2 4 1 -4 2 -1 5 -1 -2 7 1 3 2 3 3 4 -1 3 -6 0 0 -3 3 4 -2 2 -5 -4 -6 2 1 -4 2 -1 -4 -2 1 4 -2 1 1 -1 -4 2 -1 1 3 -4 -6 -4 4 -3 1 3 3 -1 0 1 1 -2 1 4 1 2 1 2 -1 0 -3 1 -2 2 5 -2 0 -4 2 2 0 0 1 3 -3 1 1 4 -1 -1 0 -1 -3 2 2 -3 -1 -1 3 3 7 -1 -2 3 2 1 2 5 3 -1 -5 -2 -4 3 -3 0 -2 2 3 0 2 -4 2 -2 -1 -2 -1 1 -1 3 -2 3 -3 -3 -1 -3 -3 3 0 -1 -3 6 -2 5 2 1 -2 2 -1 0 0 -1 -1 0 -2 4 -7 -3 0 -4 -2 4 4 0 -2 -2 2 1 1 -1 1 0 -1 0 -1 -7 1 0 1 -1 -3 -1 -1 -1 4 0 -1 -3 5 1 1 1 0 4 2 1 0 -3 0 -2 -4 -2 -2 0 4 0 1 1 -1 1 -2 2 -3 -1 -1 0 1 0 -2 0 -1 0 2 -1 1 3 3 -1 1 0 0 -1 0 -4 3 2 -6 -3 3 0 0 3 4 -1 -2 7 -1 -2 2 3 2 3 -2 0 0 -3 5 0 3 2 4 0 2 0 -1 -5 -1 -5 5 3 -1 -2 4 -3 -2 -6 -6 3 0 1 -2 1 -1 -2 -2 2 1 -1 -5 0 -4 -3 0 1 1 2 4 1 2 0 -1 2 -3 -2 2 -1 -2 -3 2 -1 0 0 -3 4 -1 -2 -1 -1 2 -1 -4 0 1 2 1 2 0 0 2 -5 3 -4 2 -1 1 0 -4 6 1 2 1 -3 2 -4 -2 5 1 2 -1 -3 0 -4 3 4 -2 -1 -2 4 3 -2 -1 -1 2 2 -2 -5 -1 1 -1 -1 2 -1 4 1 -3 -3 1 7 4 1 2 -1 1 -2 -2 1 -3 2 3 2 3 -4 0 1 -3 2 1 -3 -2 -6 -6 -1 1 2 -2 -2 -1 2 1 2 1 2 2 -3 0 0 1 5 -1 0 2 2 0 -1 -1 5 2 -3 2 4 1 -1 -2 -1 1 -2 1 -1 -1 2 -1 -4 0 1 4 3 2 0 -1 -1 2 0 1 -3 2 2 1 2 1 3 0 2 -2 2 0 1 0 0 3 0 -5
-1 0 2 2 2 0 -2 1 4 -1 0 0 -1 -4 -3 0 1 0 4 0 5 -1 -1 -3 3 3 1 0 -1 -2 0 -1 -6 -3 -1 5 -1 -1 3 3 1 3 3 -3 -2 2 -3 1 2 0 2 3 0 1 0 0 -1 2 -1 -2 -4 3 0 -4 -2 3 -1 -2 -1 0 -1 -1 -3 0 -1 2 1 -3 2 -2 3 4 2 0 2 -5 -1 1 2 -4 -1 -1 1 -2 -2 1 4 1 0 -2 2 -3 2 1 -1 0 -1 1 3 -4 3 2 -2 4 0 -1 3 -1 0 4 -1 2 0 -1 2 -3 -3 -2 -4 1 1 -2 -3 0 1 2 1 -2 -1 -4 -1 -2 2 4 0 -1 4 -1 0 6 1 5 0 0 0 1 2 -3 -3 0 -3 2 -2 -4 -4 3 6 -1 -1 1 -2 0 -1 1 -5 -2 -1 -1 4 3 -3 2 2 3 1 4 1 7 -1 3 4 3 3 -1 -1 -1 -3 -1 3 1 -2 0 1 1 5 5 0 0 -3 0 4 1 3 -2 -2 0 4 7 -2 7 -2 0 0 0 -1 -3 0 -2 1 0 -4 2 4 -1 0 2 1 -1 -1 -3 6 -1 3 -1 -2 -1 0 0 2 -1 -3 0 3 2 -2 3 0 4 0 -1 -1 -4 0 -2 -3 4 1 -5 -2 3 -4 1 -1 -3 1 3 0 -2 -3 -1 -4 1 2 3 1 0 1 -1 -3 3 -3 2 -2 -4 -3 3 2 1 0 -2 -3 1 1 -1 3 3 2 -6 2 -1 0 4 3 1 -7 -2 -2 -1 3 0 2 1 -1 2 2 -2 1 -1 3 -6 0 2 3 -6 3 0 1 4 -2 -5 5 1 3 -1 6 -2 0 0 -4 -4 0 -3 -6 0 0 -3 2 0 1 3 0 -2 0 -4 1 -3 -1 1 2 -1 1 7 -1 -4 1 -2 1 -2 1 3 -3 0 1 -3 -2 -4 -1 -3 1 3 -4 4 1 0 -2 1 -1 1 1 -2 3 -3 -2 -2 3 -1 6 4 1 -3 -1 -3 0 1 2 -3 2 1 0 -4 0 4 4 0 1 1 -2 -2 -1 0 -5 -4 1 4 2 5 -2 2 3 1 2 -2 0 3 0 2 -1 -1 5 -1 -1 2 4 -1 -2 -2 0 2 1 1 -1 -2 1 0 -3 -2 1 1 5 0 0 0 1 2 -1 5 -3 0 -1 2 3 -1 3 -3 -5 5 0 1 0 3 -1 -6 3 -1 -4 0 2 0 -2 1 -2 5 -1 -3 1 0 3 0 0 3 -4 -6 0
-1 2 5 -1 -4 2 -1 -1 0 -2 -3 5 3 0 -1 0 0 -3 0 0 4 -2 1 2 1 -1 -1 0 2 -2 -3 5 0 2 1 0 3 0 6 4 0 1 -1 -3 0 3 -1 -2 1 0 2 2 1 -7 -1 0 -5 -2 1 -2 -2 2 2 0 -1 0 -2 -1 1 2 -2 -1 -4 1 -4 6 1 -3 3 -3 -1 -5 0 -2 2 0 2 1 3 -4 0 -2 -2 -2 3 2 3 -2 -1 -2 2 -6 1 -1 -2 0 -1 1 3 1 1 -5 0 2 4 0 0 -3 -6 -1 -1 2 1 0 -2 -2 4 0 -4 1 3 -2 -2 -1 2 -1 -3 -2 3 1 0 -1 0 0 -2 0 3 1 1 5 -3 1 -1 2 -1 0 2 2 2 0 -5 -5 -2 -2 2 0 -1 -3 -3 -2 2 -2 -1 0 -4 0 -2 2 0 2 0 3 0 0 -3 2 -1 -2 -4 -5 2 1 -2 3 4 0 0 1 1 0 1 -7 3 -1 0 -1 -2 0 -2 -2 3 0 -1 1 1 1 -4 2 1 -4 0 -1 -3 2 -2 0 0 -5 4 0 3 2 3 -2 -4 1 0 0 -4 0 2 5 -3 -3 3 1 0 1 -4 1 2 -1 1 2 -1 4 -1 2 -1 3 -5 -2 -5 3 0 2 -6 -1 2 0 -3 -5 1 2 1 4 1 1 -2 -4 -1 -1 6 1 2 -1 1 -3 0 -3 -1 -3 -2 -1 0 2 7 2 2 0 -3 -2 4 -3 -1 2 0 2 2 -1 -2 4 0 -1 1 1 -1 -4 -2 3 1 1 -1 0 1 -2 -2 -3 4 -2 -2 0 0 -1 2 -1 2 -3 2 0 -3 1 5 -2 -4 0 -5 -1 0 1 -3 -3 0 0 -1 -4 -6 0 -5 2 2 -4 2 1 1 -1 4 1 4 1 3 4 -3 -3 2 3 5 -1 3 2 0 2 -1 -4 -2 -4 -1 -5 -5 2 0 0 1 4 -5 2 -5 -1 0 -3 0 -4 0 0 -1 -2 1 5 -2 -7 3 -3 3 -2 2 -4 2 -6 -1 -3 1 0 2 1 2 2 -1 0 -5 -4 1 2 0 -2 2 5 -2 2 3 0 4 4 -1 0 1 -1 -4 -1 3 -2 -2 -2 0 -2 0 3 -1 2 2 -7 2 -1 0 1 2 -2 3 3 1 0 -3 -5 1 -2 0 2 0 1 -1 4 2 -1 -4 1 -1 2 2 0 -3 4 -3 3 4 3 -1 -2 2 1 0 0 4 1 0 0 2 0 0 0 -3 1 4 -3 2
-1 1 -1 2 1 -1 -2 -2 0 6 -1 1 -1 1 1 0 -2 -1 1 1 -2 1 0 -6 1 -3 -1 2 2 3 3 -2 -1 3 0 0 -1 -4 -5 -2 1 -1 0 -5 -4 7 -3 -1 -2 -3 1 0 3 2 1 1 -4 -1 2 3 0 -1 2 -2 1 6 -2 -3 1 -3 0 2 2 -3 6 -1 0 3 -2 1 -2 1 3 -1 2 3 1 4 -3 4 -1 0 -3 0 -1 1 4 5 -2 -2 2 -2 1 1 0 -2 3 -4 1 2 1 -2 0 -2 2 -1 -2 3 -1 -2 -3 -1 1 -3 -4 -1 -1 0 -2 -2 0 -1 2 1 0 2 0 1 5 -1 -1 1 -3 0 -1 3 -2 2 5 1 0 1 1 1 -4 -1 1 -3 -2 3 -1 0 0 2 -1 -5 2 -2 -3 -3 0 -2 1 -1 1 1 -1 3 3 -3 -1 4 0 5 0 -5 1 0 -1 5 -1 -1 -1 0 -2 0 3 5 -3 2 0 3 0 -1 -1 0 2 2 0 -1 6 0 -4 -4 -1 2 0 1 -1 4 0 -4 2 3 3 -2 2 -1 4 2 1 -1 0 2 1 -2 -4 2 0 -6 1 0 -1 1 7 2 -1 1 1 1 0 -1 0 -2 3 0 0 2 1 1 1 -4 3 -2 2 -1 2 -3 0 5 6 -4 -1 -4 4 0 2 1 3 3 -2 5 2 -5 0 0 -2 -3 -1 -2 2 -1 2 1 -3 -3 5 3 1 2 1 0 2 -2 -2 2 0 1 0 1 4 -4 3 0 -1 0 2 1 -1 -1 0 -2 2 0 1 4 -1 -2 -3 -1 0 -2 1 4 2 -1 2 3 0 3 2 -2 3 -2 2 2 -2 0 4 -3 -2 1 -1 -2 7 7 -2 1 -3 -1 0 -4 -2 -1 2 -2 0 -1 -1 2 0 -2 4 -6 -4 1 -1 -1 0 4 -1 1 0 -5 -1 2 0 -2 -1 -2 -1 0 -3 -2 -2 -1 0 -1 1 0 0 -2 -4 -2 0 -1 6 5 -1 3 0 2 -2 -1 -1 0 -1 0 -6 0 0 -5 7 -2 -1 3 -5 6 -2 -1 0 -3 -1 -3 -3 3 7 2 7 -3 -3 -1 -3 -5 -2 -2 -3 0 4 0 -1 1 4 1 -2 -3 4 2 0 -2 0 2 -1 -1 7 2 2 -1 0 0 0 3 -1 1 -2 -1 2 1 -2 -2 0 7 2 -1 3 -1 -1 -3 -1 0 2 3 0 3 2 -2 7 0 3 -1 -3 -3 1 5 -5 -4 1 5 -4 -1 0 -1 -3
-1 0 1 3 1 -3 4 3 4 -3 0 -1 -4 1 -4 1 -1 2 1 0 1 1 -2 -1 -1 2 1 0 -3 -1 0 0 -2 -2 -1 1 1 2 -2 0 4 0 1 2 1 -3 -3 1 1 -3 -2 -2 0 3 0 1 -4 3 0 -1 3 3 -1 1 2 -2 -3 1 -4 2 -2 0 1 1 0 -5 -3 -3 0 -2 3 1 -5 5 3 -4 -2 2 3 6 0 1 4 0 0 2 0 0 -2 -1 2 -6 2 2 2 0 -1 0 -2 0 -1 -5 0 0 -1 1 4 3 3 2 -1 2 2 -2 7 2 -7 -2 2 0 -3 2 -2 -1 -1 -1 0 -3 4 4 0 -3 6 3 -1 1 1 2 -1 3 1 4 -1 -2 -1 0 -4 -3 -2 -4 2 3 -1 2 -2 -2 -1 -2 0 0 -2 -3 -1 -1 -2 3 4 -2 3 -2 1 0 -5 0 -6 -1 0 3 1 2 1 0 -1 -1 -1 -4 1 5 -2 2 -1 4 2 3 3 2 1 1 -1 6 3 2 -2 -2 -1 3 1 -1 3 1 -1 -3 0 2 0 -3 -1 -3 -4 4 -6 -2 1 2 -3 0 0 1 1 0 -3 -1 -4 -1 -1 -1 1 0 0 0 -2 1 0 -4 -1 6 0 -3 0 0 -1 -1 0 -1 0 4 1 2 -2 3 -1 0 -1 4 1 0 -4 -2 0 1 3 0 1 -1 -4 2 -3 -1 -2 -1 4 -1 -4 0 -3 -4 -1 -1 7 -1 3 3 -1 -1 3 -2 -3 -1 -1 -1 0 3 0 2 5 3 -3 0 5 0 3 -6 3 1 4 3 -1 -3 2 -3 2 3 -3 3 0 1 2 -1 0 -2 0 -2 -2 2 0 5 -1 -3 1 -3 -1 -4 2 6 0 -2 4 -1 -3 3 6 1 -1 4 4 0 -1 2 0 -4 -2 -3 -5 -2 -6 -5 -5 1 -3 -3 4 -2 -2 3 1 -2 3 2 -4 -2 -4 -2 6 -2 4 0 -2 -6 1 3 -1 -3 0 2 2 -2 1 1 1 -2 -1 -4 -1 0 -5 -1 4 2 -2 2 -5 -4 0 4 1 -1 -1 0 1 -6 1 -1 -3 1 2 0 2 3 0 0 3 2 -6 -1 0 -1 -1 2 0 -3 -2 -1 -2 4 -3 -2 4 0 -5 1 -2 -4 -4 0 -1 -3 2 2 1 -4 -1 -2 0 0 -2 3 -1 -3 1 1 1 2 2 -1 0 2 -2 -1 -3 2 0 2 0 -5 0 4 1 -2 -4 4 2 2 -2 4 0 3 3 3 3 3 1 0 -1
-1 0 0 -4 2 3 -5 1 3 2 2 -1 4 1 1 -5 3 0 0 -1 1 -1 -2 1 2 0 -1 1 2 2 2 1 2 -1 -6 -5 0 1 -3 -2 -3 3 -2 -2 -1 1 0 2 3 -2 -2 1 -3 4 0 2 -1 -1 0 2 -2 1 0 4 5 -7 0 2 2 -1 -2 -2 6 1 0 -5 3 1 -1 5 2 1 0 1 -1 -1 3 0 -3 0 2 -2 -1 -2 1 1 1 4 5 0 -3 2 1 -4 -1 4 -5 -3 0 -2 -4 -4 2 -3 -2 -4 0 0 -3 -1 -3 -2 4 1 -2 3 -2 0 3 5 1 1 -1 -1 1 2 1 -2 -1 3 -1 -2 -6 0 -1 4 0 0 0 -5 -3 -1 -2 0 1 1 -2 0 -1 -6 0 4 3 1 -5 -3 1 -1 1 2 -2 2 -5 -1 4 1 -3 0 3 -1 -2 2 -1 3 3 0 -1 1 3 -1 -1 3 5 2 -3 1 4 0 0 5 1 0 -2 1 0 -2 5 2 2 -2 0 -2 -1 -1 -3 5 2 0 0 -4 -3 4 2 3 -1 -1 -1 1 -1 0 -2 -5 2 1 3 -1 -6 1 1 0 3 3 0 -4 -2 -3 -1 -1 -2 -2 -1 -6 1 1 0 0 -2 2 5 -1 4 -3 4 -1 4 -2 -4 2 -1 2 3 1 -3 -1 -1 5 1 0 -2 6 -1 4 2 0 -1 2 -2 3 -4 -1 -1 -1 3 2 -2 -4 -1 4 -1 -5 -1 -1 -4 2 6 3 -2 -3 -4 -7 -4 -1 -2 3 1 -2 0 1 2 2 0 -4 1 0 4 1 -3 2 3 0 1 -4 2 3 2 -1 -3 -2 -1 1 -1 -2 -3 -1 2 -3 0 4 2 2 -1 -1 0 -1 1 -2 -4 -1 0 3 0 -2 -2 1 -1 -2 -2 3 -1 -3 -2 1 -1 2 0 -2 -4 2 2 -3 2 0 -2 0 -2 2 1 3 -4 4 -3 5 2 -2 -4 -2 0 -2 0 2 -2 2 -1 1 4 3 3 1 -4 2 2 0 0 -3 0 0 2 -6 3 -1 6 2 -1 -1 -5 -3 6 0 0 -3 0 2 -3 2 -3 -1 -1 1 2 1 -2 1 -1 1 0 -4 1 5 1 -2 4 1 1 -3 1 0 -1 4 -2 -4 -2 3 5 0 -1 2 -1 -2 0 -3 -5 1 -2 -2 0 3 -1 5 -2 0 -6 -3 0 2 -1 2 4 4 -5 -2 1 1 0 3 1 -1 -1 0 1 2 -3 -1 -1 0 -2 -2 -4 -1 1 1 1 1 1
-1 1 2 -5 -3 4 -4 -3 -1 -1 4 1 -5 -1 3 -2 -1 0 2 3 4 -2 -2 -3 3 1 0 3 4 0 2 3 4 -2 1 3 0 1 1 3 1 -1 3 1 4 0 -1 1 0 -3 2 1 -2 2 3 -2 -3 2 3 -1 -1 -2 -3 3 -2 -1 -3 1 -1 -3 1 -2 -1 -2 -1 1 -1 2 -1 -5 0 0 -1 -1 2 -5 -1 -4 2 4 0 -4 3 3 -3 1 -1 -2 -4 0 -1 0 -3 5 -6 0 3 4 -2 -2 1 1 2 4 -4 0 -1 0 -3 3 0 -2 2 1 -1 2 -1 0 3 -3 -2 0 3 2 -2 1 5 0 -1 -2 -1 -3 2 3 2 -1 2 -6 0 1 2 3 1 6 2 0 -1 -2 2 1 2 -4 3 0 -3 -3 2 4 2 4 -2 -2 0 -4 1 -3 2 -1 -3 -2 0 -2 -4 0 -2 0 2 0 -1 1 2 4 3 -1 0 3 3 2 -5 1 -1 2 4 0 -3 3 1 0 -1 -1 -2 0 1 -2 -2 5 0 3 4 -1 5 1 1 4 3 -2 0 1 1 -4 -1 5 -1 -3 4 -1 0 1 2 0 -4 3 -4 -2 2 2 -2 -1 -2 2 4 -1 -2 3 -2 -6 -5 -3 1 1 -2 -7 0 -1 -2 -3 -2 4 -3 2 -3 1 3 -3 1 2 0 3 2 2 -3 0 3 0 1 1 2 6 0 -1 -1 -2 -2 3 -1 -1 1 0 2 2 1 1 7 1 -1 0 -1 -3 -3 0 -1 7 -2 -2 -2 0 0 2 1 1 0 -1 -4 1 -5 -3 0 -6 5 1 3 4 0 -1 2 -5 -1 1 0 -3 3 -1 0 -1 0 0 1 0 -5 2 0 0 -3 1 0 -1 3 -4 0 0 2 0 2 5 1 0 -5 6 1 2 2 -5 0 0 0 0 -5 0 -1 2 4 -1 -3 -1 1 2 6 1 0 2 -3 7 1 -2 -1 1 -1 2 3 -2 -1 -3 -2 -2 -1 -1 3 3 -5 -1 0 -3 -1 5 2 0 0 -2 3 0 2 1 -3 -3 1 4 4 4 -1 -3 1 2 -4 0 3 0 -2 4 5 -1 -5 3 0 -1 -1 -1 0 5 -1 -1 -1 -2 1 2 3 1 -4 -1 3 0 -1 0 1 -2 -2 -4 1 2 -2 -1 -2 1 -1 1 -2 2 -4 0 2 3 -1 3 0 0 1 -3 2 0 2 4 2 -2 -1 -3 1 -3 0 -2 -6 2 0 5 1 -2 4 4 -1 -2 3 1 -2 0 -1
-1 -1 3 2 -3 2 2 2 2 1 1 2 1 1 -1 4 2 -2 3 -1 1 -2 1 1 -2 2 3 2 2 4 2 -2 -3 0 -2 3 -1 -3 0 -2 2 -3 -1 3 -1 -2 2 2 -3 -4 2 0 5 0 -1 -2 0 1 2 -1 5 0 -3 -4 1 2 -5 0 0 0 5 0 -2 1 0 1 -4 4 0 -3 -2 -3 -3 -1 -2 1 2 3 0 2 -3 -2 -2 2 -3 0 6 1 0 -2 0 1 -3 -3 -4 0 -1 -1 0 1 3 -2 2 -3 1 0 -2 1 -2 2 0 1 7 -2 3 -1 -2 -3 -2 2 -5 3 -3 0 0 6 -4 1 0 -3 0 -1 -2 0 3 4 -4 2 -1 4 4 1 1 0 3 -1 -2 -2 4 -2 3 0 -1 -4 4 2 7 -4 1 4 2 1 -3 -4 5 0 1 -2 2 3 -3 5 2 3 -4 4 0 2 -3 -2 -2 1 0 6 0 0 -4 -4 1 -2 1 1 -2 -4 1 -3 -4 5 -2 3 0 -1 1 2 -1 -4 -1 0 1 1 -1 0 0 -2 3 1 0 4 -3 -3 -1 -4 0 0 4 4 -3 -1 -2 1 -2 1 -3 -4 1 -3 0 -1 -1 1 2 5 0 1 5 1 0 1 2 1 -1 0 1 -1 -1 0 -1 -4 0 4 -2 -5 1 -1 -2 0 2 -1 3 1 -3 3 3 -2 -1 -1 2 -1 4 0 2 3 0 -3 -3 2 -3 -1 -4 2 2 1 2 1 3 -3 0 3 1 1 0 2 2 2 -1 -1 -4 0 0 -1 0 -3 1 -1 -2 0 3 2 -2 0 0 1 -4 0 4 3 4 0 7 -1 -1 3 1 3 -2 -4 -3 2 1 -7 -5 1 -6 3 2 -2 0 -1 2 -4 2 -1 -3 1 1 0 -5 1 4 4 0 -1 -6 -3 -3 1 0 -1 2 4 -2 1 -2 -4 -1 0 2 0 1 1 2 0 3 0 1 1 0 -4 3 2 -3 -1 2 -3 -2 1 -1 -2 -3 -6 -1 4 -1 -4 -3 2 -5 3 5 -5 -4 4 -2 4 5 5 2 -1 -4 -1 -2 4 -1 -2 -4 3 0 -1 0 2 -2 2 0 -1 2 0 4 -1 0 1 2 0 3 -3 5 2 4 5 -1 0 0 -1 -4 0 -3 -5 1 2 1 0 5 1 -5 -1 1 2 0 2 1 -1 -1 2 2 5 1 -4 -2 0 0 0 -1 -4 -1 -2 2 -3 -1 -2 0 -1 -3 -1 -1 4 -1 1 -1 -1 -5 0 -2 -3 0
-1 -1 0 5 0 4 -1 1 2 -1 0 -2 -5 -7 -3 1 -3 -2 1 0 0 4 -2 -2 -2 -4 1 3 0 -1 4 0 -3 2 0 -4 4 0 0 -1 -1 2 1 2 2 1 3 1 3 -3 -1 6 -2 4 2 -2 6 -1 0 -2 -1 -1 0 -2 1 -4 -2 3 -2 1 -1 -3 -1 -2 -2 -1 1 3 -1 0 -4 4 0 0 2 1 1 0 0 -1 0 0 4 -3 -2 1 4 -1 0 0 0 3 3 -4 1 0 2 -1 -6 -4 1 -1 0 1 -1 4 -2 1 1 0 4 3 -1 2 5 0 0 2 -1 -3 -1 -4 5 -2 2 -4 0 -1 1 -1 -2 0 0 -2 3 1 -2 -5 -2 1 4 2 -5 -6 -2 3 1 0 -4 -3 1 0 -5 0 2 1 1 0 -4 -2 0 0 -2 -4 -3 0 4 -2 0 1 1 0 6 0 2 0 3 4 -5 -1 1 3 4 0 -2 0 -2 -3 0 0 4 4 -3 4 1 5 3 5 1 0 4 -1 -1 2 0 3 0 0 2 1 5 -5 -1 3 -4 2 -3 2 -1 -1 0 -3 -2 -2 -1 -2 -2 -4 4 -2 -4 -3 1 -2 0 2 -2 2 -2 -7 2 5 -2 -1 4 1 2 -1 2 2 -5 1 2 2 1 -4 0 0 -1 3 -1 4 2 0 2 -3 2 3 -4 1 -1 1 1 -1 0 -3 0 2 1 1 1 -1 3 2 -3 2 0 -3 0 -4 4 0 1 -1 7 2 -5 0 -3 2 2 0 0 -3 -1 2 2 5 2 -2 -3 2 -1 0 2 4 -2 0 1 1 1 2 2 3 3 -4 -3 1 3 4 0 -1 2 -1 2 -7 0 -4 -2 -1 1 4 0 2 2 2 3 3 4 -1 3 -3 -3 -3 2 -2 -1 -1 4 0 -1 -3 0 -1 5 -1 1 -1 1 6 -3 0 -1 0 1 0 4 2 2 3 -2 3 -4 -3 -4 3 -1 -2 -3 -2 0 2 1 -1 3 -2 3 0 1 -2 -3 0 3 -2 1 -2 -2 0 3 0 -3 -3 3 0 0 4 -4 -2 2 1 2 1 3 2 -3 0 -1 5 2 0 1 0 -3 -5 -4 2 -3 -5 -3 2 0 1 1 -3 -3 4 2 -5 -4 3 3 1 -2 -1 3 5 1 -3 1 0 -2 2 0 -2 0 -2 2 -1 1 -2 -5 3 -4 2 -1 -1 -2 -3 4 4 1 -2 -5 0 2 -1 0 1 -1 0 -1 -1 0 3 1 0 2 1 1 1 -1 -4 -2
-1 -2 -2 -1 4 0 0 2 0 0 -5 1 -2 2 -4 1 -2 -3 3 5 1 -1 -1 5 -3 3 -1 2 -2 0 1 -2 1 1 -3 1 -2 0 1 0 5 6 5 0 -3 0 2 2 -1 3 2 -1 -2 1 -3 -6 -1 2 2 0 4 1 4 -3 -2 5 2 -3 1 -2 0 0 3 0 0 1 3 0 -2 0 -6 -1 0 4 -2 -1 -1 -1 2 -7 1 -1 2 2 -1 0 0 3 0 2 2 0 0 -3 -3 -3 2 -2 2 -1 -1 -1 -1 -1 2 4 3 3 0 2 -3 4 -3 5 0 0 -3 -1 1 -1 -2 -4 0 -1 -1 -1 -3 -3 3 1 -2 -2 -3 -5 -3 2 1 -2 -5 -1 -2 1 -2 -1 -1 -1 -3 1 1 -2 -3 -3 -1 5 1 3 0 4 3 -2 1 0 4 -1 3 -3 0 0 -1 4 -1 1 -3 -6 -2 -2 0 3 -3 -2 0 2 -1 -5 2 -2 1 3 3 -1 0 4 -1 -2 2 -2 1 0 -6 2 6 0 2 0 -2 -1 -7 2 -1 -2 -3 1 2 1 2 2 3 1 -1 0 0 0 1 1 -2 6 -2 3 -5 2 -5 -5 -4 -1 0 -1 -2 3 -3 -2 2 -3 2 0 -1 -2 0 -6 -2 2 1 -3 0 3 -1 -2 -4 1 1 0 -7 0 -1 1 1 -2 -7 4 1 -1 0 1 -1 -4 3 2 4 -5 -1 -2 -3 -1 -1 3 -2 -5 -1 1 -2 -3 -2 0 0 -2 0 4 -3 -1 5 -1 -2 -2 0 -6 3 -2 -3 1 6 1 2 1 6 -2 3 3 1 2 5 1 3 0 1 -1 2 0 -1 -1 -1 1 -2 -1 -2 -1 5 2 0 0 4 -1 4 2 2 2 2 4 1 1 1 0 2 0 2 1 -2 -3 2 -4 2 4 1 -2 0 0 2 2 -2 -1 5 -2 1 -2 -3 -3 -2 1 2 5 -1 1 0 -5 -2 -1 0 2 0 -3 2 0 -1 -1 2 -1 -1 -2 -2 2 -2 0 -1 -1 0 -1 0 -1 2 2 1 -3 0 3 -1 -1 -1 0 -2 -3 -3 -2 -1 -4 0 1 -1 2 1 -7 -2 1 1 4 4 -1 -2 4 -3 -1 2 -2 2 -2 1 1 0 0 1 -4 0 -1 -1 3 -2 -1 1 3 -2 -4 -1 1 3 -4 -2 1 -2 -1 -4 0 2 5 0 -3 -1 3 4 0 1 -2 -4 0 0 -2 -3 4 0 0 2 1 -1 -1 6 -2 1 1 1 5 -4 2 7 4 0 -2 -4
-1 -1 2 6 1 -2 -3 2 3 -3 -1 2 0 -1 -6 2 3 -5 -1 4 1 1 -3 -3 0 1 2 1 -1 0 3 0 -1 1 0 0 -3 1 -1 -1 1 -3 0 -3 3 6 -4 0 3 6 3 5 4 1 0 1 1 1 1 1 0 -1 -4 1 -2 3 -4 -3 -5 3 2 -1 4 3 5 -2 4 7 -3 2 -1 -2 -2 2 3 0 1 1 4 -4 -1 0 0 1 -2 -4 -1 1 1 0 -2 2 -1 0 -4 -4 1 1 1 -1 1 1 1 -1 -4 -3 3 2 -2 1 0 0 -6 2 -4 -2 2 -2 1 3 -2 -4 -2 3 2 1 -2 2 2 0 -5 -1 1 1 2 0 4 4 3 1 -4 3 3 -3 -1 -3 2 -3 -3 1 -1 2 6 -2 0 2 -3 1 1 -3 5 3 -2 3 3 6 -4 1 2 0 2 2 0 0 -2 0 2 2 2 -2 -2 -2 -2 -1 0 1 3 3 0 0 1 2 3 -1 -2 -3 -3 1 -3 2 -4 1 -1 -4 -4 -1 1 2 -2 -1 0 -1 0 0 -1 2 -1 0 1 2 -2 -6 0 4 3 0 -2 -3 -3 2 -5 0 1 -1 7 -2 4 3 0 -1 -1 -5 4 -4 2 3 2 -3 -5 3 -5 -3 -7 0 -4 -1 3 1 -4 3 1 -3 -3 0 1 3 -2 -1 -1 -2 -3 0 0 0 -1 -3 -2 -3 -2 -3 -4 -1 -1 -1 0 2 1 2 0 0 0 3 -5 -2 1 2 3 -2 1 3 3 2 5 -3 1 -1 -3 0 -1 1 -2 4 0 0 0 1 0 -3 4 -3 1 -3 -2 2 2 1 1 2 -2 2 1 1 1 1 3 0 -1 0 -2 0 -3 -2 5 -4 4 -2 0 3 -5 1 -3 0 1 -4 2 0 -6 2 -1 -3 0 -3 -1 2 3 1 3 -2 1 1 -2 -1 -1 1 -1 0 -1 3 2 -1 2 0 -1 1 -3 4 4 -2 2 -4 0 2 0 -3 2 1 -1 -5 0 2 -1 -1 -3 3 -1 4 2 4 1 -3 2 2 -1 1 0 -1 -3 -4 0 1 6 -2 -1 -4 -1 5 0 0 -2 2 -1 -1 -6 3 4 0 0 -1 -2 2 1 -1 4 3 -1 -4 -1 -3 -3 2 1 0 0 1 3 1 4 1 1 -3 0 4 0 2 -1 -2 4 -1 -2 -3 -2 -2 0 1 0 1 1 -3 3 0 2 -2 2 1 2 -1 4 2 -1 4 3 -4 1 -4 1 -1 -1 4 7 0 4 -1 0
-1 1 4 -1 0 3 -1 2 -2 -3 0 0 1 -2 -2 1 2 -1 -1 -2 -2 2 -3 -1 1 4 1 3 2 -2 -3 2 -1 0 0 -1 -1 0 -1 -2 4 0 2 2 0 3 -3 0 2 -1 -2 0 0 -1 -1 3 0 -3 -2 -3 5 2 1 3 3 -2 -1 5 1 0 0 -3 -3 0 -2 1 3 3 -3 0 -3 -3 -3 2 -5 -5 -3 2 1 -1 0 -1 2 2 -4 -2 -1 -6 2 -3 0 -2 -1 2 2 1 0 3 2 -2 3 -3 0 2 -3 1 -2 2 0 -2 3 -5 -5 0 0 2 0 2 0 -2 -5 -2 1 -1 -4 -2 4 1 -4 5 2 -6 4 -1 -3 1 1 2 0 3 -2 6 3 -3 2 1 -2 -3 -4 -1 -4 1 3 2 2 2 -2 -2 3 -4 6 2 -5 0 2 -5 -1 4 3 0 1 2 0 -3 0 -2 4 3 0 -3 0 2 0 -3 -1 0 3 4 0 -3 5 3 1 -6 3 5 -3 -1 2 -4 -2 -3 -4 1 3 1 0 -3 -4 0 3 3 2 2 2 -1 3 -4 0 -1 0 0 -2 -3 2 0 -1 -1 -4 4 -2 1 2 0 -1 2 -2 2 -3 2 3 -1 3 3 -1 4 0 -4 0 -7 0 3 1 0 3 -3 -2 3 -4 2 3 3 1 6 1 1 4 0 -3 2 -1 4 4 -1 1 1 4 -3 4 3 0 0 -3 2 0 0 5 2 -3 0 -2 0 4 -4 -1 3 3 5 -1 1 2 0 3 -1 2 -1 -7 1 2 1 -4 2 -5 0 -1 -1 -2 -2 5 0 1 0 -2 1 0 5 0 -1 -5 3 0 0 0 4 -1 -1 2 -4 -2 -1 -1 -2 0 -3 0 -5 3 -6 2 3 0 -3 -3 -1 2 -1 1 -1 1 -1 -3 0 -3 -2 -1 2 1 -1 2 -2 5 0 -2 0 -1 0 4 2 2 0 3 -3 4 1 3 0 -3 1 3 4 1 2 0 2 1 -1 -1 -2 3 -1 1 0 3 2 3 -3 0 1 0 -2 0 1 1 1 2 -1 -1 -7 -2 1 5 -2 3 3 -3 4 2 -4 -3 2 2 0 -5 -1 -2 -2 -3 0 -1 1 0 1 1 3 2 2 1 1 1 4 1 -1 0 2 0 1 -1 -1 2 1 -2 0 -5 2 -2 0 -3 -6 0 4 2 3 2 -2 -1 0 -3 -5 -1 -2 5 -1 -2 -2 -2 4 4 -3 0 0 0 -4 -4 3 -3 0 0 2 -1 4 -2 -1 3
-1 -2 -4 4 4 -1 -2 3 -1 0 0 -2 -1 3 3 -3 0 0 -1 2 0 -1 -2 1 -3 3 3 -5 2 3 1 0 2 -2 4 1 -3 2 -2 -1 3 2 -1 -2 3 -2 6 -1 -3 -3 -2 3 2 -1 3 -4 -2 -4 -1 3 1 0 1 4 -4 -3 1 -3 0 -1 -2 -1 0 4 -3 -2 -1 4 -4 2 0 -3 3 1 3 0 -2 -2 0 0 1 -4 3 1 0 3 1 -1 -4 2 -4 -4 -2 1 3 6 -3 0 -2 1 3 -1 -2 1 3 -1 0 1 1 3 -7 4 1 3 -2 1 2 -5 1 -2 4 1 4 -2 -3 -2 0 -3 3 2 1 1 4 3 4 1 4 -2 1 1 1 3 -2 1 -2 -6 2 -2 -3 1 2 3 -1 2 2 -5 1 1 -1 -3 -2 3 -1 4 -1 -1 -5 -1 1 -3 1 -4 3 -1 1 0 0 1 1 2 0 0 1 1 1 0 3 -1 4 6 1 -2 -3 0 0 -1 -4 3 -3 2 6 4 0 -4 0 -5 -1 -1 -2 2 4 5 -3 -3 -2 -1 3 0 3 -2 0 1 -2 -3 -3 0 3 1 1 0 -1 -1 3 -6 3 3 2 -2 1 -3 -3 -3 1 0 0 1 -3 0 -1 -3 3 -3 0 0 1 1 -4 2 -1 1 -2 -1 -1 5 -3 6 -3 4 0 2 4 4 -5 -2 1 -2 6 -1 2 -4 1 1 0 -1 7 4 1 -1 2 0 0 1 1 -2 -2 3 2 1 -6 -1 -1 -2 -2 -3 -1 4 2 0 3 -1 2 1 -2 -1 2 0 -6 -4 0 -2 -4 0 0 1 -3 2 2 2 0 2 -1 0 0 -2 0 1 3 -3 3 4 -3 -4 0 3 4 1 -4 -1 3 2 0 -5 -5 2 2 0 -1 0 1 -1 0 -2 1 0 0 -3 -2 -1 4 3 2 2 -3 3 1 -3 -3 -4 0 -1 -1 -5 0 1 4 -1 5 -4 1 1 0 1 -4 -4 -1 3 5 3 0 2 6 1 1 -2 2 4 -2 -4 -2 -1 -3 3 1 1 -1 2 2 -2 -3 -3 2 1 -1 -2 -3 -2 2 -1 0 -1 0 -1 -3 -2 -1 4 -1 -1 -1 4 1 1 0 0 -4 4 1 -2 -3 -3 0 -1 -2 -1 0 3 -1 1 0 1 0 2 2 4 -3 1 -2 0 0 6 -1 0 1 0 -2 -2 3 -3 -1 2 -2 2 0 -1 1 1 -2 2 2 0 5 -3 -1 -3 0 1 0 1 0 -2 -7 6 2
-1 2 -3 2 2 -2 -1 -1 -3 -2 2 0 3 -1 2 0 0 -1 -4 1 1 1 -2 1 -1 4 1 -7 -2 1 0 -2 1 -3 -3 -3 2 1 1 -3 -2 -2 -3 -1 -5 -3 -1 -3 -1 -4 0 -1 0 0 -6 -3 -1 0 2 1 -3 2 -2 3 3 -1 3 -3 -2 -2 -2 -1 -2 2 -1 5 5 -2 0 3 -2 -1 5 -4 0 2 -3 0 1 0 2 3 1 0 -2 -3 3 3 -2 -2 -1 -1 -1 2 -2 1 -1 1 -3 -1 4 -1 -1 -1 0 -2 0 5 0 4 -1 3 -3 1 -2 2 -2 1 -4 3 -4 1 2 -1 3 1 -5 -3 1 2 3 0 1 -2 2 0 4 -4 6 -4 -2 -1 -7 1 -1 -4 -3 2 -7 1 -5 -2 -5 1 0 -1 4 -4 -1 1 5 1 -3 2 3 -5 2 4 2 -1 0 2 3 -4 1 -3 -2 -2 0 -2 -1 5 -1 1 -2 -1 1 -1 5 2 0 -4 5 -2 -1 5 -3 3 4 -3 0 0 -3 0 1 4 -2 -2 -3 -1 -1 0 4 3 -2 1 1 -3 -1 2 1 -1 -1 0 -6 -1 0 -1 -2 1 1 6 -1 4 -1 1 2 1 -1 1 1 -2 3 0 2 -2 -2 0 0 1 0 3 -2 1 -3 -3 0 2 2 1 -1 -3 3 1 0 -2 4 -1 1 3 1 1 -1 1 1 -4 0 -2 -2 3 0 -2 4 -2 0 3 3 -3 -2 1 0 -4 0 -5 1 2 0 1 -2 -1 -1 1 0 -3 0 0 5 3 -2 0 0 0 1 -2 0 1 -7 0 -1 3 -4 2 -4 -5 -3 1 0 -4 0 4 1 -6 0 2 0 0 -1 -2 -1 -2 -4 1 2 4 1 0 3 -3 0 1 6 -2 1 3 1 5 1 -7 1 -1 -1 1 -1 1 -1 -2 -1 -1 -1 -1 1 -2 -2 -4 0 3 3 -1 -1 0 2 2 -1 -1 2 3 -1 3 0 0 0 1 1 0 -2 -1 1 1 0 -2 -1 -3 -4 -1 -6 1 1 3 -7 2 0 3 -4 0 3 1 0 -2 0 0 -2 -2 -2 4 -4 -2 6 4 1 -4 -2 0 -1 3 3 -2 -2 -5 -4 2 -2 -3 -2 0 2 1 4 -1 1 3 5 2 0 -3 2 3 -1 1 -4 0 1 0 0 -4 -3 1 3 -4 -6 3 3 3 2 0 -2 0 0 -2 -1 -1 -1 6 -3 -2 3 0 -5 -6 -2 -1 -1 -2 -2 3 1 -2 5 -2 3 0 0 2 -1
-1 -3 4 3 -2 2 1 1 -2 0 -3 1 -2 2 -2 2 -3 3 0 -1 -2 -1 -2 0 1 0 1 4 1 -3 1 -2 1 -2 2 -3 0 -1 0 -1 -1 -4 -6 -4 1 -4 4 1 0 -7 -5 0 0 -2 -3 -2 -4 0 -3 1 1 -1 0 2 2 -1 -1 -4 3 -2 0 -2 -3 1 0 -3 -1 1 -2 2 -4 1 1 -5 -2 0 6 4 -3 -2 -4 -1 -2 0 -4 -2 -1 0 1 -1 2 -1 -4 -2 -1 6 -3 0 -1 3 -6 4 0 6 2 2 -1 4 -2 2 1 1 -1 -3 1 -5 3 -1 1 -1 6 1 2 1 -4 -2 -2 1 -2 3 -1 0 0 -4 -2 3 0 2 0 2 -1 1 -3 -2 -3 -3 -2 3 2 1 -4 -1 -1 -2 3 2 3 -1 1 1 -2 -2 0 -2 -3 -3 -4 -2 -2 -2 3 1 -2 0 -7 2 2 4 -3 -3 1 0 -5 0 2 -2 -2 -3 -2 2 3 -1 -7 1 2 0 1 2 5 -2 -1 0 -3 5 -1 -1 -6 -3 -2 1 -2 0 3 -1 1 -3 3 3 1 3 1 -3 2 -1 -4 1 -2 2 -2 1 -3 2 -4 -5 2 1 1 3 4 -1 3 1 0 0 -3 0 0 3 1 6 -2 6 3 3 0 3 2 -2 -1 3 0 -1 0 4 1 0 1 2 2 2 4 0 2 0 2 0 0 -2 -4 -4 2 -1 -1 0 2 -1 1 1 0 2 -1 0 1 0 0 0 -2 1 -4 1 2 -1 0 0 3 1 -2 -2 0 -1 5 -1 3 0 1 1 -2 0 2 5 -2 2 2 0 2 2 -1 -2 -2 1 4 6 0 3 -1 -3 1 4 2 4 2 2 0 1 -1 -2 -3 -5 -1 4 3 0 3 0 -3 2 2 -2 1 -1 -4 0 -1 2 3 -1 5 -2 -3 3 4 2 -3 3 0 -1 2 1 2 -1 -1 1 -2 2 -3 -2 -1 -4 0 5 -1 0 -3 5 3 4 -1 0 1 0 0 -1 3 1 -5 1 -3 0 0 1 -3 0 0 0 1 -5 4 1 -2 2 0 6 0 1 -2 0 -2 -2 -7 -4 0 -5 -1 -3 1 -1 0 -2 3 1 -6 -1 0 2 2 -2 2 1 -4 4 2 -2 0 0 -3 0 0 2 0 -2 -2 -3 -2 0 -1 4 1 -1 0 0 2 1 0 4 -3 1 2 -3 -2 4 -3 1 1 6 1 3 4 -3 -2 4 3 -1 -3 6 1 -2 1 1 0 -3 0 -2 -4
-1 -3 2 1 3 0 0 -1 -5 2 0 3 0 0 -2 4 -3 1 -2 2 2 -2 1 3 0 -2 -2 0 -2 2 1 -3 -1 0 -1 2 1 -2 -1 4 -2 -1 2 1 0 -1 -1 -4 2 2 3 4 -2 2 0 2 4 0 2 4 -1 1 -2 -1 1 1 -1 -5 0 0 1 0 1 1 0 1 -2 0 -1 4 -2 1 0 -4 4 -1 2 5 3 -1 0 4 -1 -3 -2 -3 5 -2 3 -3 0 -1 -3 3 1 3 1 3 2 -1 -2 1 0 -2 4 -3 -1 1 0 2 0 -3 -7 -2 0 4 0 0 3 -1 3 -4 -3 1 -1 -3 -2 4 3 -1 -3 7 -2 0 -2 -2 2 1 -1 3 1 4 2 3 1 -1 1 3 3 2 1 0 -5 -3 4 -1 1 3 2 1 -2 1 1 -6 -3 6 3 3 -3 4 1 0 1 0 4 1 3 0 1 3 0 2 -1 -1 1 -5 6 -1 -1 0 1 3 -2 -2 -1 -4 -4 0 0 4 -1 1 -1 4 4 0 0 -3 1 -5 1 2 -2 3 -4 2 2 -1 4 1 0 3 -2 0 0 -2 4 0 0 -4 -2 3 -4 -4 1 0 0 -1 0 4 0 1 4 0 -3 3 -2 -1 0 5 2 4 -2 1 1 1 -3 1 1 -4 0 -2 -3 -3 2 4 2 2 -2 1 4 -5 4 5 2 0 1 -1 -4 -1 -1 -3 -1 -3 3 3 2 1 6 4 0 2 1 2 -2 4 0 0 0 1 -4 0 0 -4 3 -1 2 -1 6 0 1 -1 1 -1 7 -1 0 -1 -3 5 -1 -2 1 -3 1 -4 -5 -1 -2 2 0 -2 4 -1 -1 2 2 0 -5 -4 0 0 -2 2 -1 -1 1 0 -2 -2 -4 1 3 6 6 6 -2 -2 -2 -1 0 -2 -1 -4 0 -1 1 -1 -2 -3 0 -3 1 -4 6 -2 -1 0 6 -4 -2 3 -2 -1 0 -4 -1 1 2 -4 1 -1 0 -3 -2 2 0 -5 -4 -2 2 1 1 4 -1 -2 3 -3 1 -1 -1 2 -1 2 0 5 0 1 0 -2 -2 -3 -4 -3 -2 0 1 1 -3 5 2 4 6 -3 1 6 1 3 0 -1 5 1 -1 1 3 -2 -2 -3 2 2 -4 3 4 0 -3 0 0 3 -1 1 -4 -3 3 3 -2 -2 0 2 0 0 0 0 0 -2 -1 -1 0 4 -3 0 0 1 3 -5 -2 3 -1 0 0 3 -1 -4 4 -3 1 -1 0 -4 0 -2 -4 0 -1
-1 -4 3 -2 -1 2 1 1 0 -1 1 -1 -2 -5 0 -1 -5 6 3 0 -4 -1 0 -4 0 0 -1 -1 3 -2 6 0 1 0 6 -4 2 1 1 -3 0 4 -3 -3 0 0 0 -3 5 1 -1 0 -1 2 -2 -2 0 3 -1 0 1 2 -2 3 0 0 -1 -1 -3 -2 -3 2 3 -3 -3 0 -3 5 2 1 3 2 -2 -2 -3 0 1 2 1 -1 0 2 -3 3 2 0 6 3 0 -1 5 -1 2 -2 -3 3 2 3 0 1 -1 -1 -1 0 0 -1 1 0 -2 0 -5 2 1 1 4 3 -1 1 -2 -4 -2 7 -3 -1 1 1 -5 -1 2 0 2 1 3 1 0 1 -2 -3 1 -3 0 -1 -3 1 0 2 -3 0 -1 2 -1 0 -2 -4 -1 -2 -2 1 -2 -1 4 3 3 1 1 -1 0 2 -1 0 1 -5 -1 -4 -1 2 -3 0 -1 0 3 2 -1 0 -1 -3 -3 -2 3 -1 -1 1 -2 5 -1 0 -1 0 -2 -2 5 0 0 1 0 2 -3 -2 2 0 -2 1 1 -1 3 -2 -2 -1 -4 1 -3 2 -4 2 3 -1 -5 -4 -1 0 1 -1 -3 5 1 -1 -1 -1 -2 -1 -1 -1 -1 -1 -1 1 4 0 -2 1 1 0 1 -2 0 1 2 0 -4 -2 -1 0 1 -4 1 2 -3 3 1 1 2 1 -6 -2 2 -4 1 -3 1 0 -4 1 1 -1 -1 -4 0 -3 -3 1 -5 1 2 -1 -3 -5 -1 -3 -1 2 2 -2 -3 -1 2 2 2 4 1 2 1 -4 3 3 5 -2 -1 5 -1 0 1 0 -2 3 1 1 2 1 1 3 -5 -1 4 -1 0 6 -3 2 -1 -3 1 1 -2 -3 -2 2 1 3 -4 -2 -1 0 1 -4 -1 -1 3 5 -2 0 1 -3 0 -3 3 -2 3 0 7 2 -1 0 -2 1 -4 -1 0 0 3 2 -7 2 -5 0 1 2 2 -4 2 1 -4 0 -4 1 2 -2 -7 1 -2 -3 -2 -2 1 1 -1 -1 3 -3 0 0 -2 4 -4 2 -5 4 -2 6 -3 1 0 -1 -3 -1 1 -7 -1 -4 0 3 1 1 0 -4 -6 3 -2 -1 -1 2 -2 0 5 -1 -5 2 -5 2 2 5 3 6 0 0 -5 -2 1 3 3 -3 2 -2 -1 7 2 1 -1 -2 2 -1 1 2 3 -2 1 1 -7 -2 0 4 -4 1 0 -5 0 -3 2 1 -1 0 4 -2 2 3 -2 3 -1 1 1 -2 1 3 -1
-1 2 -3 3 4 0 2 -1 2 0 2 -2 4 -1 -3 -6 2 0 -1 -1 1 -3 -3 2 4 0 1 -4 -4 0 2 4 4 2 -5 -2 2 1 3 -3 0 -3 1 1 2 -1 -5 -2 1 1 0 -4 -3 -3 -3 -4 0 1 0 -4 3 -4 5 4 -1 5 -2 0 -7 1 2 -3 -1 0 2 -2 2 -1 1 0 3 -4 0 -1 3 -4 0 4 4 -2 2 0 -4 0 -2 -1 1 -1 2 0 2 4 -2 4 4 3 0 7 4 0 0 1 1 3 7 0 3 2 -2 -2 -2 -1 -3 -3 -3 0 0 -7 0 0 -4 2 0 1 -1 -1 1 7 2 4 -2 0 0 -3 2 -3 -1 1 0 2 -2 1 -2 4 -2 0 -2 -3 -3 -1 -3 1 -2 -1 0 -1 4 2 2 1 -1 -1 0 2 2 -1 0 1 1 4 -1 0 -3 -1 2 -2 -4 -3 -2 1 -3 -5 1 2 0 0 -1 -1 4 6 0 -2 3 0 -2 2 -3 1 3 1 0 -1 0 -1 0 2 -1 -5 -2 3 1 -2 4 -2 0 -2 -2 -1 5 -2 0 -5 3 2 -2 1 0 -1 0 3 1 0 -2 1 1 1 -1 4 -1 -2 4 1 -4 -2 -5 1 1 -1 1 3 0 -2 -1 7 5 -1 2 3 1 1 1 -2 -1 0 -2 0 1 -2 -3 5 -2 -2 -5 0 1 3 -1 -3 -1 -2 2 1 1 -1 -3 0 -1 -2 1 1 1 -1 2 -2 -1 1 -2 -3 0 1 -1 -2 -3 -1 1 -2 0 -4 -2 0 -3 1 1 -4 2 0 -7 -3 2 2 -1 -1 3 2 -1 3 1 1 -1 -2 -3 1 0 2 2 -1 -1 4 0 4 3 0 -1 3 -2 -1 0 -3 1 2 -1 -2 1 2 -1 2 -3 -2 1 2 -3 0 5 -3 -2 0 -4 -2 0 -4 -4 2 -2 -3 6 -1 -1 -5 -2 4 1 2 -1 0 2 -3 -1 1 1 -3 -4 0 -1 -3 -5 -2 5 4 0 4 0 3 -1 4 -6 1 -2 -2 1 3 1 2 0 2 -2 -1 -1 -5 1 -1 4 0 4 2 0 -4 -1 1 -6 -1 -2 -2 2 5 -1 -1 0 -2 2 0 0 0 0 -3 3 2 1 1 -4 3 3 -3 -2 -3 0 4 -1 0 -2 -5 2 3 -3 7 0 0 1 2 -1 3 -3 -3 -1 1 0 1 0 -2 -2 5 -2 -1 -1 1 1 -4 2 -3 -3 2 -2 -1 2 2 1 -3 0 2 0 0 -4 5 1
-1 4 3 -3 -3 -3 -1 -2 1 2 -1 -1 1 1 -1 0 -5 2 1 2 -2 -2 -1 1 -1 -3 3 -3 -2 1 3 1 0 0 -1 5 4 1 0 0 0 -1 1 2 2 1 -3 -1 -2 -5 -1 -1 3 0 0 2 -3 -3 -2 3 2 3 0 -4 0 -3 0 1 0 -1 0 -2 -4 1 -4 3 -4 0 2 -2 0 0 1 -4 3 1 1 4 0 3 2 2 -3 2 0 -2 -3 0 1 -1 0 -1 -2 -1 -4 -3 -1 1 3 0 1 -3 -4 -1 3 5 -3 0 -2 1 -4 0 -5 -1 0 -3 -2 -4 -6 3 -1 -1 -4 1 -1 -1 -1 -2 3 -3 2 -1 3 -1 3 0 -4 0 -1 -2 -2 4 0 -3 1 2 -1 -3 -2 1 -2 -1 1 -1 -1 1 1 -6 -1 5 1 -1 -2 1 -1 -2 -1 1 -3 0 -1 0 2 2 0 3 0 -5 0 1 1 0 4 -1 0 -2 2 0 0 1 1 -2 3 -6 7 3 0 -3 -2 1 6 0 2 4 0 1 -2 -1 -2 -7 -3 1 2 5 -5 3 3 0 1 2 1 2 0 -3 1 2 3 -3 1 -4 1 1 -5 -4 2 2 1 2 -3 -1 4 3 -2 2 0 3 1 2 1 2 -2 1 -4 -1 -1 -4 -2 0 1 2 0 1 2 2 -6 -1 3 0 2 -1 3 -3 0 -3 2 -3 -2 -3 -1 -1 2 -1 1 -3 1 -1 4 0 -1 7 0 4 2 4 -4 -1 -4 -1 0 2 -1 -2 -2 0 -5 -2 3 -2 1 -1 1 0 0 3 -1 -3 -7 1 1 5 -1 1 -1 1 1 -2 -2 -1 -3 -2 1 -2 -1 -6 -7 -1 -7 1 -1 -3 -6 1 -3 2 3 -2 -1 0 -2 -2 -1 2 3 1 3 3 -1 -1 0 0 1 0 2 1 -3 0 1 -3 -4 -4 -2 1 -2 0 -2 0 2 -3 2 -2 4 1 3 4 2 3 -2 -1 1 3 3 2 1 0 0 -1 6 -3 -2 -6 -1 1 1 -4 -7 -3 4 -3 -2 0 0 4 0 0 3 1 1 0 -2 2 1 1 2 -2 0 0 0 0 0 3 -1 1 1 4 -7 0 -1 3 1 -2 -2 -3 0 -2 -4 3 1 5 2 -1 5 -2 -4 2 -1 0 -2 0 -4 5 -2 -2 1 2 -2 -3 -3 -2 -1 0 0 3 -1 2 3 -5 -4 -1 -1 -2 0 -2 2 -3 4 2 -1 0 0 6 -1 -3 1 3 1 0 4 0 -1 0 0 0 -2
-1 2 -3 -2 -2 -1 0 -3 4 -3 4 2 2 -1 0 -3 -1 -2 2 -6 0 2 -1 3 2 0 2 3 -1 -1 -2 2 3 0 2 0 -5 -1 -1 4 1 -1 -1 -4 -2 4 -2 -4 -4 -3 1 5 -5 1 -2 4 3 3 0 4 0 -2 2 0 4 1 -3 -2 0 1 1 4 3 1 -4 -1 4 -2 2 -5 -4 -1 4 6 -1 2 3 -1 0 1 0 -4 3 0 1 2 1 -2 3 -1 0 0 -1 0 -3 3 -1 0 1 -3 -1 -2 -1 -4 -1 -2 0 1 0 1 1 -5 -1 3 -2 -3 -4 3 2 -2 3 1 4 1 1 1 -3 -7 1 2 -6 -3 1 4 1 0 -1 1 -4 1 7 0 4 -2 3 -3 -3 1 -1 0 3 1 3 -1 -5 -1 2 -3 3 -7 2 3 -1 -1 0 -1 -1 2 1 -1 2 0 -1 2 5 4 -4 0 2 0 -1 -2 2 -1 0 -1 0 -1 0 0 3 -1 -2 -4 -1 1 0 -3 1 -4 1 1 -1 -2 2 2 1 0 4 -2 -4 2 -1 2 -4 -1 -2 -2 -1 -1 3 3 0 3 0 4 -1 2 1 -6 0 0 -2 0 -1 1 -5 5 0 -3 2 -2 2 7 -5 -2 -5 -3 -2 -5 1 0 0 2 0 2 -2 1 -3 1 -1 -1 0 1 -4 0 0 -2 -2 -4 -5 4 -6 3 0 -1 -2 5 1 -3 2 -2 3 1 2 -3 1 3 7 -1 3 0 -1 0 6 0 0 4 2 -2 1 2 0 0 0 0 3 -3 3 -5 0 -4 0 0 -3 0 -2 0 -2 4 0 -3 -1 0 2 -2 1 0 -2 -2 -2 2 1 2 1 3 0 2 1 -3 -1 0 5 0 -2 0 0 1 0 1 -1 4 4 -4 -2 1 -2 0 1 4 -1 0 -1 2 -2 0 2 1 2 -1 0 -2 3 0 -2 2 -1 -2 -3 -1 -3 2 0 1 3 3 3 1 0 1 1 -3 -6 0 2 -1 2 4 1 0 1 -3 5 1 2 1 3 -6 3 0 1 0 1 0 -1 -1 -2 0 2 -1 -1 -1 -1 -5 -2 4 0 -1 -3 2 0 -4 0 1 2 2 3 1 2 1 6 -4 3 1 1 2 0 0 4 0 1 -2 2 1 4 -5 3 6 0 -1 -1 2 2 1 1 0 -2 -4 0 3 -2 0 2 -2 -5 1 -4 -2 4 3 -6 -3 1 2 4 -1 6 1 -2 2 1 3 1 -2 2 -1 0 5 -6 0 -4 1 -2
-1 1 2 2 -2 0 3 -2 2 2 3 0 0 1 -1 -2 2 -5 2 -3 2 3 -1 2 -1 2 -4 2 -1 0 2 -1 0 5 -1 4 -1 1 2 -1 -3 1 -1 0 -1 0 -2 -3 -1 0 1 -1 1 -1 4 -6 -3 4 -4 0 2 5 4 4 -4 -4 2 -2 5 5 -3 -1 2 1 1 -2 -4 -3 -2 0 0 1 -2 1 -3 1 -2 4 1 0 1 -2 -3 3 2 -2 1 2 -2 4 -4 -2 4 1 3 -2 -1 -3 -1 1 -3 3 -1 0 3 0 1 1 0 -4 1 -1 3 -1 0 0 -3 0 -1 -2 -4 -1 3 -6 0 -5 3 -1 1 2 0 -1 0 -2 -3 3 -2 2 -1 -2 2 -2 0 3 -3 0 -1 -1 -4 -1 -1 3 1 4 -1 0 -4 2 2 -1 -2 -2 -2 -4 1 3 -3 1 0 -1 1 4 3 -1 -1 -1 0 -2 1 4 -4 1 -1 1 2 -1 3 2 3 3 2 4 1 2 0 2 4 -1 3 3 -1 0 -3 0 2 2 1 -2 -1 0 -1 1 0 -1 3 3 1 0 0 1 -2 -3 2 -2 -1 0 -2 0 3 -3 1 -2 3 -2 -3 1 1 -2 1 -4 1 1 -5 -4 1 1 -3 -4 1 1 0 3 5 3 0 5 -3 1 -1 2 1 1 -1 4 -1 -2 -1 -6 -2 -3 2 0 1 -6 -1 -2 3 -1 5 2 -1 0 -1 1 -6 -1 -5 -3 4 1 3 -3 0 1 1 2 -2 4 -1 -2 3 0 2 7 1 5 -3 0 3 -1 1 -4 1 2 2 1 0 0 -3 0 4 0 1 4 -1 0 4 -5 3 4 -1 0 -2 0 1 -1 -4 1 4 -5 2 -2 0 -2 -2 -1 -3 0 -1 3 2 -2 -2 1 -2 -5 2 1 3 2 1 -4 -4 2 1 0 -2 3 4 0 3 0 -3 4 3 -1 -1 0 3 -2 0 -2 0 2 -2 -2 -3 -1 0 -1 -2 1 3 -2 -1 0 -2 5 0 0 -3 4 4 -1 2 7 -1 5 -1 -2 -2 0 -1 -2 0 -1 1 0 1 -1 0 0 -1 -2 -5 1 -3 -1 -3 0 6 4 -2 -4 2 7 -6 0 5 -1 5 3 -3 2 1 1 4 3 1 1 1 2 -2 -2 -2 -2 4 1 2 -2 0 4 -1 0 -3 0 4 -1 -4 -1 -3 0 -1 -1 6 -2 -1 -3 -5 2 2 3 3 5 -1 1 0 1 -5 -3 3 -4 0 1 0 4 -6 4 -4 0 2 0 4
