512 128 128 288
-1 0 1 1 0 -1 2 0 1 1 1 -1 -2 1 -1 -1 -1 1 1 -1 2 1 -2 -1 1 -1 2 -1 0 0 0 2 1 0 1 0 0 -2 1 3 -2 0 2 2 0 -1 0 0 0 1 1 0 0 0 -1 1 0 -2 -1 3 -2 1 -1 -1 0 0 0 0 3 2 1 -1 1 1 1 -1 -2 2 -1 1 1 0 -2 1 0 -1 -1 0 -2 0 1 -2 0 1 -1 0 1 1 -2 0 1 0 -1 1 1 1 1 -1 1 0 -1 0 1 0 0 -1 1 0 -1 0 -1 1 0 2 3 -1 1 0 0 0 0 -1 -1 -1 1 1 1 0 0 0 0 0 1 2 2 1 0 1 0 1 0 -1 -3 -1 -1 0 0 -1 -1 -2 0 1 2 0 0 1 0 -1 1 0 0 0 1 1 -1 2 0 -2 2 -1 -1 -3 2 2 -1 0 -1 -1 2 1 0 1 -1 -1 2 -2 0 1 3 0 0 -1 0 2 2 1 1 0 0 -2 0 0 -1 0 0 -1 0 -1 0 0 0 1 0 0 0 0 1 0 2 0 0 1 -2 -1 0 -1 -1 0 -1 2 -3 2 -1 -2 0 0 0 1 0 0 0 -2 -1 0 1 1 1 1 0 -1 0 -1 0 -1 0 1 0 1 0 -1 2 1 0 2 -2 0 0 0 0 -1 -1 1 0 0 2 1 1 2 2 1 0 1 0 -1 0 0 0 1 -1 1 0 2 -1 -2 0 1 -1 1 1 0 0 0 1 -1 0 -1 0 -1 0 0 1 -1 0 0 0 0 -1 0 0 0 1 -1 0 -1 2 -1 0 1 0 0 0 0 0 1 -2 2 -1 -1 0 0 1 -2 2 -1 1 -1 0 1 -1 1 1 0 1 0 1 -1 0 0 0 -1 0 -2 1 0 2 1 1 0 2 0 0 -1 0 1 0 0 1 -1 1 -1 -1 0 1 -2 -1 -1 1 -1 -1 -2 0 2 -1 -1 0 -1 -1 -1 1 0 -1 -1 0 -1 0 -1 0 0 0 -1 0 -1 0 1 1 -1 0 -2 -1 1 0 1 1 -1 -1 -1 0 1 -2 0 0 -1 1 2 -2 2 -1 0 1 -1 0 -3 2 0 0 -1 -1 -2 1 -1 1 -1 0 -1 1 1 -2 0 0 2 1 -3 -1 1 -1 0 1 -1 1 0 0 2 -1 0 -1 0 1 0 -2 0 0 0 -1 -1 0 0 2 1 0 1 2 0 -1 -1 0 1 -1 0 0 -1 0 2
1 0 1 0 0 -1 0 -1 1 -1 -2 1 -1 -2 -1 2 0 -2 -1 0 1 0 0 -1 0 0 -1 0 -2 -2 0 1 -1 -2 1 1 -1 0 -1 -1 0 0 2 -2 -1 0 1 0 -1 -1 0 0 2 2 1 0 1 0 1 0 1 0 0 1 0 0 0 -1 1 1 -1 1 -1 1 -1 1 0 1 1 0 1 0 -3 0 0 0 -1 1 1 -2 -1 1 -2 -1 -2 1 2 -1 -1 0 -1 1 0 0 0 1 -1 0 -1 0 0 0 -2 -1 0 0 1 1 1 1 -2 -2 -2 1 1 0 -2 0 0 2 0 0 -1 0 1 0 -1 -1 1 -1 0 -1 2 -1 1 0 -1 0 0 1 0 0 2 1 1 0 0 0 -1 2 -1 0 -1 0 1 1 1 1 1 0 2 0 1 1 0 1 1 0 2 0 0 2 0 -1 2 -1 -1 0 -1 -1 1 0 1 2 2 1 1 0 1 -1 -1 1 0 1 2 0 0 0 0 0 -1 -1 0 0 -3 -1 -1 -1 0 -2 0 2 -1 0 -2 1 -1 1 1 0 0 1 1 -1 -1 0 0 2 -1 0 2 0 0 -1 -2 2 -1 1 0 0 -1 1 -1 0 1 1 -1 2 1 2 -2 -2 0 0 0 1 0 1 1 0 -1 -1 1 0 0 1 -1 0 -1 -1 1 -1 1 0 2 0 -2 1 -1 -1 -2 0 -3 -2 -2 0 -2 1 0 0 -1 -1 -1 0 2 1 1 -1 0 1 1 1 0 0 0 0 -1 1 0 -1 -2 -1 0 0 -2 1 1 -1 0 1 0 -1 0 0 -1 0 0 -1 0 1 0 -1 3 0 -1 0 1 -2 -1 -1 -2 0 0 0 1 -2 -2 0 0 2 0 3 0 0 1 -1 -1 -1 -1 0 -1 -2 -1 1 0 2 3 0 -1 -1 1 -3 0 0 -1 0 0 2 1 0 -1 2 -2 -1 -1 0 0 1 0 0 1 2 1 1 2 -2 0 0 0 0 1 -1 0 -1 -2 -2 0 -1 -1 -2 1 0 2 -1 0 -1 0 -1 -3 0 -1 -1 -3 0 0 0 2 0 0 -1 0 1 1 -1 -1 0 -1 -2 0 -1 1 -1 1 1 0 0 0 -1 1 0 -1 0 2 -2 0 1 0 0 -1 0 0 1 1 1 -2 0 1 1 0 1 1 1 -1 0 0 -1 -1 -1 0 -2 0 2 0 -1 2 0 1 1 -1 -2 0 0 -1 -1 0 1 0 -2 -1 0 0 -1
0 0 0 1 1 1 0 0 1 0 0 2 -2 -2 -1 -1 0 1 0 1 0 0 1 0 -2 -2 1 0 1 2 -3 2 0 2 0 1 -1 2 1 0 0 -1 -1 2 0 0 0 1 -1 1 0 1 0 -1 1 0 2 0 2 1 -1 0 -1 2 -1 2 0 1 0 0 1 0 -2 2 0 0 1 0 -3 0 0 1 1 -1 -1 0 1 -1 -1 -1 1 0 -1 -1 0 -1 0 0 0 1 1 0 -1 1 1 0 0 0 -2 0 1 -1 0 1 -1 2 1 -1 -1 0 0 1 0 0 1 1 0 0 2 0 0 0 1 0 -1 -1 1 -1 0 2 0 1 3 0 1 2 1 0 0 0 -1 -2 0 0 0 1 -1 1 -1 -1 0 2 0 2 0 1 2 -2 1 -1 0 0 0 0 -1 1 0 1 0 0 1 2 1 1 -1 0 1 -1 0 -1 -1 0 2 -1 0 -1 0 0 1 2 1 -1 1 1 0 0 -2 -2 0 1 -2 1 1 -2 0 -1 0 1 0 -2 1 1 0 2 0 1 0 0 -1 1 -2 1 1 -1 -1 0 1 0 -1 0 2 -1 0 -1 1 0 0 1 1 -1 0 1 -3 1 1 2 1 -1 2 -1 -1 0 0 -1 0 1 -2 1 1 0 1 0 -1 1 0 0 -1 0 -1 1 0 -1 0 1 1 -1 1 -1 2 1 -1 0 -1 -1 0 0 0 -2 0 -1 1 1 -1 1 -1 1 0 1 0 2 0 -1 -1 -1 2 1 0 0 1 -1 0 0 0 1 0 1 1 -2 1 0 0 1 0 2 1 1 -1 -1 0 -1 0 1 2 0 -2 -1 1 0 0 -1 -1 -1 -1 1 0 0 0 -1 -1 0 1 -1 0 1 -2 -1 0 2 0 0 0 0 -1 -1 1 2 0 -1 1 0 0 0 -1 -1 1 0 1 1 0 1 0 1 -1 2 0 -1 0 0 -2 0 1 1 0 -1 -1 -1 -2 3 -1 1 0 1 -1 -1 -1 -1 -1 1 1 1 0 1 1 0 0 -1 2 -2 -2 -1 1 2 -2 -2 1 1 -2 0 0 -2 1 -2 0 -1 0 0 2 1 -1 -2 0 2 -1 -1 -2 0 3 0 1 0 -1 -1 0 1 1 1 0 2 0 0 -2 1 -1 -1 0 -1 2 1 0 -1 0 -2 1 2 -1 0 0 2 -1 0 0 0 -1 -1 2 1 0 -1 1 -1 0 0 2 1 2 0 2 -1 2 -2 -2 0
-1 -1 0 0 -1 1 0 -1 -1 1 1 1 1 -1 1 -1 2 -1 0 -1 0 -1 0 0 -1 0 -2 -1 0 1 2 -1 -1 0 1 -1 0 -1 0 -1 1 2 0 0 0 -1 0 0 0 -1 1 0 -1 0 3 0 2 1 1 1 -1 -2 0 0 2 1 1 1 0 0 1 1 0 1 1 -1 0 0 1 2 0 1 1 -1 1 -1 0 0 -1 1 -1 -2 0 0 1 2 1 1 -1 0 2 1 0 -1 1 0 0 1 -2 -2 2 0 1 1 0 1 0 -1 1 0 0 0 -1 1 1 0 2 -1 0 -1 2 0 -1 -1 0 1 1 -1 2 0 1 1 1 1 -1 -1 0 0 -2 1 0 -1 1 0 -1 -3 -2 1 1 0 1 0 -1 0 -2 0 1 0 -1 1 0 -1 0 0 1 -1 0 0 2 -1 0 -1 -1 1 0 1 -1 -1 1 2 0 -2 1 1 -1 0 1 1 -1 -1 1 1 0 0 0 0 1 1 -1 -2 0 2 -1 1 1 0 -1 -1 0 -1 1 -2 0 1 -1 0 -2 0 0 -1 2 -1 -1 0 1 -2 -2 0 2 -1 0 1 0 -1 0 0 -1 1 0 0 -1 0 0 -1 0 2 1 0 1 -1 -1 -1 1 -1 1 -2 1 -2 2 0 1 -1 1 0 -2 -2 -2 -1 -1 1 1 -2 3 -1 1 1 1 0 0 -1 0 1 -1 0 2 1 2 0 -1 0 0 0 0 1 -1 -1 -1 1 0 1 -1 0 1 1 -2 0 0 -1 0 0 0 0 3 -1 0 -1 2 0 1 2 -1 -1 2 1 0 -1 1 -1 0 0 -1 -3 -2 0 -1 3 1 1 -2 -1 -1 -1 -1 1 1 3 -2 0 0 -2 -1 0 -2 0 0 -1 0 0 -1 0 -2 0 0 0 1 1 1 0 -1 -2 0 0 -1 0 1 -1 -1 1 -1 1 1 -1 1 0 1 -1 -1 1 -2 -1 1 -1 -2 -1 -1 -3 -1 0 0 -2 -1 1 1 -1 1 0 -2 0 0 0 1 1 -1 1 -1 -1 -3 0 0 2 0 1 -1 -1 0 -2 -2 -1 1 -1 1 -2 -2 2 1 1 -1 -1 -1 -2 1 0 -1 0 -1 0 0 1 3 1 1 0 0 -1 -1 1 0 1 -1 -2 0 0 1 1 -2 0 1 1 -1 2 -1 -1 0 1 1 -2 0 -1 0 0 -2 -1 0 0 1 1 2 0 0 0 -1 0 1 0 2 0 -1 -1 1 0 -1 1
-2 2 -1 0 -1 0 1 1 0 -1 0 1 1 0 0 0 0 -1 1 -1 -1 -1 -1 1 -1 1 -2 1 -1 0 -1 1 0 -1 -1 0 -1 -1 0 0 -1 1 0 0 -1 1 -2 2 1 -1 -1 -2 1 1 1 0 -2 0 -1 0 -1 1 0 -1 0 -1 0 2 -1 0 -1 0 1 1 0 0 2 1 0 0 0 0 0 0 2 1 1 1 -1 2 -1 0 1 1 -1 1 0 0 -1 -2 1 3 -1 -2 0 -2 -1 0 0 1 1 0 0 1 1 1 0 0 0 2 -1 -1 0 -1 0 -1 -2 0 0 -1 0 -1 -1 -1 -2 -1 1 0 0 -2 0 2 -1 2 0 -1 2 1 0 0 0 -1 1 -1 1 -1 -1 0 -1 0 1 -1 0 0 -1 1 1 0 0 -1 0 -2 0 1 -1 0 0 1 -1 -1 1 1 1 -1 -1 -1 0 0 1 -1 1 1 -1 1 1 1 -1 0 0 2 1 -2 1 0 0 -2 2 2 1 1 2 1 -1 -1 -2 1 2 -1 0 -1 2 0 0 -2 1 1 -1 0 -1 0 0 0 2 1 1 2 0 -1 1 -1 -2 1 -2 1 1 0 1 0 -1 1 -1 1 -2 -1 1 1 1 -3 -1 1 1 -2 3 -1 1 -1 -1 0 -1 0 0 1 -1 0 1 0 2 -1 1 1 0 0 0 1 1 0 -1 -1 0 0 -2 -2 0 0 0 0 0 -1 -1 -1 -1 -2 0 -2 -1 -1 -1 1 -1 -1 1 1 0 1 -1 1 0 0 2 -1 -2 0 1 2 -2 2 0 1 0 -1 1 0 1 1 -2 3 -1 0 0 2 0 1 1 0 0 -1 1 -1 0 0 -1 0 -2 1 0 -1 -2 0 0 0 3 1 -1 0 0 -1 2 2 2 -1 -1 1 -1 2 -1 2 -2 0 -1 1 -2 0 0 1 2 -2 0 1 1 0 0 -1 0 0 -2 -2 -1 0 3 2 0 0 -1 -1 0 1 1 2 0 0 1 0 1 -1 1 0 -1 -1 -1 0 -1 -1 1 -1 -1 -1 0 0 0 0 -2 -3 0 -1 0 0 1 -1 1 -1 0 0 1 1 1 -1 1 1 0 0 0 1 -1 0 1 -2 0 0 -1 0 -2 1 -3 -1 -1 0 1 0 1 -2 0 0 -1 1 0 -2 -2 1 0 -1 1 -1 -1 0 1 0 0 0 1 2 -2 1 2 -1 0 1 0 1 1 0 0 1 0 0 -1 0 3 1 -2 0 1 0
1 1 0 1 0 2 0 -1 1 2 0 1 0 0 1 1 -1 -1 -3 2 0 0 -1 0 0 -3 0 0 0 1 0 1 -1 1 1 0 0 -1 1 1 -1 -2 0 0 -2 0 1 0 0 0 0 2 1 0 -1 2 0 -2 -1 0 1 0 1 0 0 -1 0 0 -1 0 1 -1 1 -1 0 0 -3 2 1 -1 0 1 0 0 0 1 2 1 1 -3 0 0 1 -1 -1 0 -1 -1 0 -2 0 1 -1 0 0 0 -1 0 2 0 1 1 -1 0 0 0 2 1 0 -2 1 0 0 -1 1 2 -1 0 -2 1 1 0 1 -2 -1 -1 0 0 -1 1 0 -1 -1 -1 -2 -1 -1 1 1 -1 -1 0 1 0 -1 1 0 -1 1 0 1 1 1 -1 -2 -1 1 2 1 0 0 1 0 1 0 3 2 -1 -1 0 1 0 0 1 0 -1 0 -1 -1 0 -2 0 -1 0 -1 2 -1 -1 1 -1 1 1 0 0 3 0 0 2 1 1 -1 1 0 0 0 0 -2 1 2 0 -1 1 0 -1 -1 0 -1 0 -1 -2 0 0 0 -2 -1 1 2 1 1 0 -1 -1 -1 1 2 2 0 1 0 -1 1 0 -2 1 0 -1 1 1 3 1 0 1 -1 1 0 0 -1 1 0 0 -1 0 0 -1 2 1 0 1 -1 1 -2 -1 -2 -1 -2 0 1 -1 1 1 0 0 2 0 0 0 0 -3 0 1 -1 -1 -1 0 1 0 2 -1 0 -1 1 2 -1 1 1 3 0 0 0 2 -1 0 -1 1 3 0 1 0 1 0 0 0 3 0 0 0 -1 1 1 0 -2 1 0 -1 1 0 0 2 2 0 0 0 0 0 1 0 0 -1 -2 2 1 -2 0 0 -1 2 -2 1 -1 1 -1 0 0 -1 1 -1 -1 -1 1 0 -1 0 0 1 1 -1 1 1 0 0 1 -1 1 1 -1 0 0 0 1 -1 0 2 0 -1 1 0 0 1 1 2 0 1 0 -3 1 1 1 -2 1 0 -2 0 0 -1 -1 -1 0 1 0 -2 0 -1 -1 -1 1 0 2 0 -2 1 -1 0 -1 0 1 -1 -1 1 -1 0 -1 1 0 -1 0 2 -2 1 1 2 0 -2 0 -1 -1 1 1 1 0 0 -1 3 1 -1 0 1 0 0 -1 1 1 1 0 -1 0 1 -1 -3 1 1 0 0 1 1 1 1 2 0 1 0 -1 0 0 1 1 0 1 1 1 0 -2 0
0 -1 0 2 -1 -1 -2 1 2 0 -2 -1 1 -1 0 -1 2 -1 0 1 0 0 0 0 1 0 1 1 0 0 0 1 0 0 -1 0 1 0 -1 1 -1 -1 -2 -2 -1 1 1 1 -1 1 1 1 0 -2 -1 1 0 0 -2 3 1 0 0 1 1 0 0 -1 0 -1 -1 1 -2 0 0 2 0 1 1 -1 -1 1 0 -1 -1 -1 -2 1 2 0 1 1 1 0 1 -2 -1 3 1 2 0 2 1 1 0 0 -1 -2 0 2 1 0 1 -1 0 0 1 2 1 1 -1 1 1 1 -1 -1 0 -1 0 1 0 1 1 3 -1 -2 1 1 0 0 0 0 0 0 1 1 -1 -1 1 -1 -1 0 -3 -1 0 -1 1 -1 0 -1 -1 1 2 3 1 -1 -1 1 0 2 0 0 0 3 0 1 2 1 -1 -1 1 1 0 1 -1 1 0 0 -1 0 -1 1 0 0 1 0 1 0 -1 1 1 0 1 1 -1 0 1 -1 0 2 1 1 0 0 0 1 1 -1 0 -1 1 2 2 1 2 0 -1 -2 0 -1 3 -1 -1 0 -1 -3 -1 1 1 0 1 0 1 -1 0 1 -1 0 -1 1 0 -1 2 0 -1 1 -2 0 2 -1 -1 -1 -2 -1 1 2 -1 0 1 0 1 -1 -1 1 -1 -1 -2 0 0 1 1 0 -1 0 -3 1 1 1 2 2 1 1 0 2 -1 -1 1 -1 0 -1 0 -1 -2 0 2 0 1 -1 1 -1 0 -1 -1 -2 1 0 1 -1 -1 0 0 0 0 1 0 0 -1 1 0 3 2 1 0 -2 1 0 1 0 1 1 0 0 0 -1 1 0 0 1 1 -1 -1 1 1 1 -1 0 2 2 0 0 -1 0 -1 0 1 -2 0 -1 0 0 0 0 3 0 0 0 0 0 1 0 1 1 2 2 1 0 0 -1 -1 -1 -2 -1 0 0 1 0 0 0 1 -1 2 0 -1 1 0 0 0 2 0 2 -1 1 1 0 0 0 0 -1 1 -1 3 0 1 0 2 0 0 -2 1 0 0 1 -1 0 0 1 -1 2 -2 1 0 0 -1 1 -1 1 1 0 1 -1 0 0 0 -2 0 1 0 -1 0 0 -1 2 0 1 1 -2 -1 1 2 0 1 0 -1 0 -1 0 -1 0 -1 -1 1 1 0 0 0 0 1 0 -1 -1 2 1 -2 1 0 -1 0 -1 0 0 1 -1 1 -3 1 -1 1 0 -2 -2 1 1
-1 -2 -1 0 0 1 1 0 2 -1 -2 -1 -2 -1 0 1 1 -2 -2 1 0 -1 -2 2 1 1 0 -1 0 0 -3 0 -2 0 2 1 0 -2 1 -2 1 0 0 0 1 -1 -2 -1 -1 1 0 -1 1 0 1 0 0 -1 -1 0 -1 1 0 -1 2 -1 -2 1 0 1 -1 -1 1 3 0 1 0 -1 1 -1 -1 -1 -2 -1 1 0 -1 0 1 1 -1 -1 0 -1 0 2 0 1 -1 -1 1 -1 1 1 2 -1 2 -2 1 0 1 0 0 2 1 -2 1 -1 -2 0 1 0 -2 2 0 0 0 1 -1 0 0 0 0 1 -1 -2 0 0 -1 1 0 1 2 -1 0 -1 -1 0 1 1 0 -1 0 0 -1 -1 0 0 0 0 0 1 2 1 -1 -2 0 0 1 -2 -2 0 2 2 1 -1 0 1 0 -2 1 1 -2 0 -1 2 2 -1 -1 2 -1 1 0 -1 2 -1 2 0 1 0 -2 -1 -1 1 -1 1 1 0 2 -2 0 1 0 -2 0 -1 -1 1 1 0 -2 -1 0 0 -1 1 2 -1 0 2 -1 -1 -2 0 1 -2 0 -1 0 -1 0 -1 0 -1 -1 0 1 0 -1 0 1 0 0 1 1 1 -1 0 1 0 0 2 0 0 -2 -1 2 0 0 1 1 -1 1 0 -2 0 1 -1 -1 0 0 -1 -1 -1 0 -1 1 1 0 0 0 -1 -1 -1 -2 1 0 -1 -3 1 -1 0 -2 -1 1 -1 0 -1 -2 1 -1 0 -1 1 -1 0 0 -1 1 -1 0 0 0 -1 1 1 -1 0 -1 1 -1 -1 0 0 1 0 0 1 1 1 -2 1 2 2 -1 0 0 -1 0 -1 -1 -2 -2 1 1 0 0 0 1 2 1 0 -1 1 2 1 0 0 1 -1 -1 1 -1 1 0 1 -1 -1 1 0 -1 1 3 1 -1 -1 0 2 -1 -2 -1 0 1 1 0 0 -1 0 -1 2 1 0 1 -1 1 0 -2 1 0 -1 0 0 1 0 0 0 3 -1 0 1 1 1 0 0 0 1 -2 1 0 -1 1 3 0 1 -1 0 0 -2 0 0 2 0 -1 -1 -2 -1 2 -1 0 -1 0 0 -1 0 1 0 0 0 1 2 1 0 0 0 1 -1 0 0 0 1 1 1 -1 0 2 -2 0 2 0 -1 0 -1 -1 0 0 -1 -1 1 -1 -1 -1 -1 0 1 -2 0 0 1 1 -1 1 1 1 -1 0 1 -1 0 -2 0 -2 0
1 -1 0 1 -1 0 0 0 0 0 -1 0 1 2 0 -1 0 0 -1 1 -2 0 -1 -1 0 -1 0 1 0 0 1 0 0 1 -1 -1 0 -1 0 1 0 -1 0 0 -2 1 -1 -2 -1 0 1 1 0 -1 1 1 1 -1 0 0 1 0 1 -1 1 -1 1 1 0 -1 -2 1 0 1 2 0 -1 2 0 0 -1 2 1 0 0 1 0 0 0 0 0 2 0 0 1 2 0 0 0 0 0 1 -1 -1 0 -1 0 1 -2 2 0 0 0 -1 1 -1 1 0 -1 0 -1 1 -2 -1 0 0 0 -1 0 0 0 -1 1 2 0 -1 0 1 -1 1 0 -1 0 -1 0 -1 -1 2 1 0 0 1 1 0 1 1 1 0 -2 0 -2 0 1 -2 1 0 -1 -2 1 -1 -2 0 -2 -1 1 3 -1 -1 1 -1 -2 -2 -1 0 -2 -1 -1 1 1 1 -2 0 -1 -1 -1 -1 0 -1 -1 -1 -1 1 1 2 0 -3 2 -1 0 0 2 1 0 2 0 1 2 1 -1 0 0 0 0 0 0 2 0 -1 1 -3 -2 -2 1 0 -1 1 1 1 2 -1 0 0 1 0 -1 -1 0 0 0 0 -1 -2 1 0 1 0 -1 -2 0 2 1 -3 -1 0 -1 1 1 1 1 1 -2 1 -1 1 0 -2 -1 0 0 0 1 -1 0 -3 -1 0 -1 1 1 2 -1 1 1 2 -1 -2 0 -3 0 0 0 0 -1 0 -2 1 -1 -1 0 -1 0 -1 0 1 0 0 -3 1 1 0 -2 -1 -1 1 0 0 -1 0 0 1 2 -2 0 0 1 0 0 -1 -1 1 -2 -1 1 -1 -1 0 -1 1 0 0 1 0 -1 1 0 -1 2 -1 -3 -1 -1 2 -1 1 0 -1 2 -1 1 2 2 -1 0 -1 0 -2 0 1 -1 2 0 1 1 1 1 0 0 -1 -1 -1 1 2 -1 0 -1 0 -1 1 0 -1 0 -1 0 -1 1 0 1 1 -1 1 0 1 0 0 1 -1 -1 -1 2 -2 0 1 0 -1 0 -1 0 2 -2 -2 -1 -2 1 3 -1 3 0 -2 0 0 1 0 -2 2 -1 0 1 0 -1 1 0 1 -1 -3 1 -1 1 1 0 0 1 1 0 0 -1 0 0 -1 2 -1 0 1 -1 2 1 0 -1 -1 2 -1 1 1 1 0 1 -1 -1 0 0 1 1 -2 -1 -1 0 -1 -2 0 1 -1 1 0 0 1 0 0 0 1 1 0 -2 1
2 -1 -1 1 -2 1 1 1 0 0 2 -2 0 0 -1 0 1 -1 1 -1 1 -1 -1 -1 1 0 0 0 -2 -1 -1 -1 0 1 0 0 -1 2 0 1 -2 0 0 0 -2 1 1 2 -1 -2 0 0 0 1 2 -2 -1 2 1 -1 -1 0 0 0 0 1 -1 0 0 1 2 0 1 0 0 -1 1 -1 -2 -1 1 0 -1 2 0 2 0 0 1 1 -2 1 -1 0 0 -1 -1 1 2 0 1 -1 0 1 0 1 2 -1 -1 -1 -1 -1 2 -1 -1 1 1 -1 0 0 1 0 0 0 -3 -1 -1 -2 0 1 1 1 0 -1 0 0 1 0 3 -1 0 1 0 0 1 1 -2 0 0 -2 0 1 0 1 2 -3 -1 1 -1 -1 0 -1 1 0 0 0 0 -1 0 1 -1 1 -2 -2 -1 0 -2 0 1 0 2 1 -1 1 1 1 0 0 -1 0 1 -1 -2 0 0 1 2 1 -1 1 0 0 -1 -2 0 -1 0 0 -1 0 1 1 1 -2 -1 -2 -2 2 0 0 0 1 0 -1 -2 1 0 -1 -1 -1 1 1 1 0 0 -1 0 1 1 -2 1 0 0 -1 -1 1 -1 0 1 1 0 2 -1 -1 1 0 -1 0 -1 0 2 -2 -2 0 1 2 1 -1 1 -2 -3 0 0 0 1 1 1 0 -2 0 -2 -2 0 0 -1 -1 -1 0 0 0 -1 0 1 0 -1 0 2 1 0 1 0 1 -1 0 -1 0 -1 1 0 -1 1 2 1 1 0 1 -1 -1 -1 1 1 -3 1 2 1 0 1 0 0 1 0 0 1 1 1 1 -2 1 0 -2 -1 -2 0 -2 0 2 -1 -1 -1 -1 1 -1 1 1 -1 1 -2 -1 -2 1 -2 0 0 0 1 2 -1 -1 0 1 0 0 1 1 0 2 -1 0 0 2 0 1 1 -1 0 0 -1 -1 0 1 -1 0 2 -3 -1 -3 -1 -1 -2 0 -1 0 -1 -1 -3 -1 0 1 -2 0 -1 0 1 0 1 1 0 2 0 0 -1 -1 0 0 -2 3 0 0 3 -2 0 0 -1 0 0 1 -1 1 -1 -1 1 -1 0 1 1 2 0 1 0 -1 1 -2 -1 0 1 -1 1 0 0 -1 1 -1 -1 0 2 0 -1 -1 -1 1 -1 0 0 0 0 -1 2 2 -1 0 -1 -2 -2 0 1 -1 1 -2 1 -1 1 0 1 -1 0 0 0 0 0 1 1 -1 0 -1 -1 0 1 0 0 0 1 0
-1 0 0 1 -1 -1 -1 2 0 -1 0 -2 -1 2 1 1 1 1 0 -2 0 0 1 0 0 1 0 -2 -3 -2 -2 1 -1 2 0 1 1 -1 1 1 1 0 1 -3 -2 1 -1 -2 0 -1 -1 0 0 -2 0 0 0 0 1 -1 1 1 1 0 2 1 3 0 0 0 0 -2 0 0 -1 1 -1 -1 -1 2 1 -1 1 -1 2 1 0 -1 -2 1 -1 1 2 -1 2 1 0 -1 1 0 1 -1 0 1 1 0 1 -1 1 2 1 3 -1 0 0 0 -1 0 1 0 -1 -1 0 -2 -1 1 0 0 2 1 -2 0 1 1 2 1 1 -1 0 1 0 0 -1 0 0 2 -1 3 2 0 0 -1 1 -1 0 -1 0 -1 2 0 -1 -1 1 0 0 0 3 -1 0 -1 -1 0 0 0 0 0 0 0 -1 0 -1 0 -1 1 1 0 -1 1 0 -1 0 -1 -1 1 -1 2 0 -1 0 0 -1 -2 -1 -1 -1 0 -1 0 -2 -1 0 -1 1 1 0 0 -1 3 -1 2 1 0 -1 -2 -1 -1 -1 1 1 -1 1 1 -1 0 0 1 2 1 1 1 -1 -1 -2 -1 0 1 0 1 1 0 -2 1 -1 1 0 -1 0 0 3 1 0 -1 0 1 -1 0 -1 -2 -1 -2 2 1 1 1 1 0 0 0 0 0 0 1 1 0 0 0 1 0 -1 0 1 0 -1 0 -1 -1 1 2 0 0 1 1 1 -1 1 0 0 1 2 -2 0 0 0 -1 -1 0 1 0 1 1 2 0 0 -1 0 3 1 1 1 0 1 0 0 0 0 -1 0 2 1 1 1 -1 2 1 -2 0 -1 2 -1 0 0 2 0 0 0 0 -1 0 2 0 -1 0 1 3 -1 -1 -1 -1 -1 0 0 0 0 1 -1 1 1 0 -1 -1 0 -1 0 0 -2 -1 0 -1 2 1 -1 0 0 1 -1 -1 1 0 -1 -3 1 -1 -1 1 1 0 1 0 0 -1 0 0 0 1 -1 1 -1 0 0 -1 0 0 0 0 0 1 2 0 0 -2 1 1 -1 0 0 1 2 2 0 -1 0 0 0 1 0 0 -1 -2 -1 -2 -1 -2 0 -1 1 1 0 1 -1 -1 1 -2 0 -1 0 -1 2 -2 0 0 0 1 1 0 2 0 1 1 1 1 -1 1 1 0 1 1 -1 0 -1 1 0 0 0 -2 0 2 -1 1 1 -1 1 1 1 1 2 0 2 -2 -1 -1 0 0
0 -2 0 2 1 0 -2 -2 -1 -2 1 2 0 0 0 -1 -1 -1 0 -1 -1 -1 1 0 1 2 -1 0 -2 0 0 0 1 2 0 -1 -1 0 0 -1 2 0 0 2 1 1 0 -2 0 1 1 2 1 0 0 -1 0 1 0 -2 1 0 1 -1 -1 0 0 0 0 0 1 1 -2 -1 0 1 1 0 2 1 0 0 0 -2 0 0 0 0 0 -1 1 0 3 0 0 0 -3 -1 1 1 1 -1 1 1 0 0 0 0 -1 -1 -1 -1 0 1 -1 1 -1 -1 1 0 -1 1 -1 -2 0 1 -1 0 1 1 -1 -2 0 2 1 -2 -1 0 -1 1 -1 1 1 1 0 0 -3 -1 1 -1 0 0 1 -2 -2 1 -2 -1 0 -1 -1 2 0 1 0 0 -1 -2 0 2 1 3 -1 -1 0 -1 0 1 1 -1 -1 0 0 -3 -1 0 0 -3 0 -1 -1 0 0 1 2 0 -1 -1 1 1 2 -1 2 0 1 1 -2 1 1 -1 -1 -1 1 0 -1 -2 0 0 1 -1 1 -1 -1 1 1 1 1 0 2 -2 0 2 1 0 -1 0 0 0 -1 0 -1 1 0 1 -1 -1 0 2 1 1 -1 0 -2 0 1 0 0 -2 2 0 -2 0 0 0 -1 1 2 2 0 1 -2 1 1 -1 0 0 0 0 1 0 0 -1 0 2 -1 1 -1 1 1 -1 1 -1 0 0 2 -1 1 -1 2 1 2 0 -1 1 0 0 1 0 2 0 0 -2 0 -2 -1 2 1 0 0 0 -1 1 0 0 -1 0 2 1 1 2 1 -1 1 0 0 0 1 0 0 1 0 1 1 0 -1 0 0 -1 0 2 -1 -2 -1 0 0 -1 1 -1 -3 -1 0 0 0 2 -1 0 1 -1 1 2 -1 -3 0 -2 0 0 1 1 2 1 1 -2 1 0 1 -2 -1 -2 -3 2 1 0 -2 0 -1 1 0 1 -1 -1 0 0 0 1 -1 0 -1 1 -1 1 1 -1 -2 0 1 0 -1 1 0 0 1 0 2 1 0 -1 1 0 -1 -1 0 -1 1 0 -1 0 1 0 1 -1 0 1 2 2 1 0 1 -1 -1 0 -1 1 0 -1 -2 0 0 0 -1 1 0 -1 0 0 1 2 1 0 1 -1 0 1 1 -1 -1 -1 -1 0 1 1 -1 0 2 0 0 -1 -2 0 -1 -2 -1 1 0 1 1 0 0 -1 2 -1 0 0 -1 0 2 0 1 1 0 1 2 0
1 1 -1 -1 -1 0 -1 0 -1 0 -2 -1 1 -1 -1 0 1 -1 0 2 -1 1 1 -1 1 0 -2 -1 1 0 2 0 0 -2 -1 1 -1 1 -2 0 -1 0 1 1 0 0 0 -1 -1 1 2 1 0 0 2 0 0 1 1 -1 -2 -2 -1 1 0 2 -1 0 -2 1 1 -1 0 -2 -1 1 1 1 1 1 2 1 -2 1 2 0 -1 -1 1 0 -1 1 -1 0 1 0 0 0 1 -2 1 -1 0 1 1 1 0 0 0 -1 1 -1 1 2 -1 -1 0 0 1 0 1 -2 2 -1 0 1 -3 1 0 -1 1 2 2 -1 0 0 1 -1 0 0 0 -1 0 0 -1 1 -2 0 -1 0 0 0 1 0 -2 -1 -1 -1 2 3 1 -1 1 -1 -2 0 0 -1 0 1 -1 -1 2 0 -1 2 0 1 0 0 1 -1 -1 2 1 -2 1 0 0 -1 0 -2 0 1 0 -1 -1 0 0 -2 -1 1 0 0 -1 -2 0 -1 1 0 2 2 -2 1 0 2 1 0 -1 2 0 0 0 0 -2 -1 -1 0 -1 2 -1 0 1 -1 -1 -1 1 -1 1 0 -1 1 -1 -1 0 0 0 -2 1 1 1 -1 0 1 -2 0 -1 0 1 0 -1 -1 -1 0 -1 -2 0 0 2 -1 0 -1 0 -2 2 0 1 0 1 0 -1 0 0 1 0 0 1 2 -1 -1 0 0 0 -1 2 1 -1 0 0 1 0 2 1 -1 -1 -1 0 1 0 0 -2 1 0 -2 1 2 1 2 1 -1 -1 1 -2 1 1 -2 -3 2 1 1 -1 0 1 1 -1 0 1 1 2 -1 0 0 -1 -1 1 0 -1 0 -2 1 0 -1 0 1 0 -1 -1 -1 -1 -1 -1 -1 0 0 0 1 0 1 -2 0 -1 1 0 0 0 1 0 1 -1 -1 1 -1 -1 1 2 1 1 0 -1 2 0 -1 2 1 0 1 1 0 0 -2 0 1 -2 0 2 1 -1 0 0 -1 1 -2 0 0 0 -1 0 0 -1 2 -1 -1 -2 0 -1 1 -2 2 0 0 1 -1 -3 0 -1 2 1 -1 -1 -2 0 0 -1 -1 0 0 -1 1 0 1 0 1 -1 -1 2 -1 0 0 -2 1 0 0 -1 -1 0 2 1 -1 0 1 1 -2 1 -1 -2 2 2 -1 0 -1 0 1 1 -2 -1 -1 1 -1 -2 1 0 -2 -1 1 -1 1 1 2 0 0 0 0 -1 -1 -1 0 1 1 1 -1 1 0
-1 1 -2 -2 -1 2 -2 0 2 0 1 0 -1 0 -1 0 -2 0 0 1 -1 2 1 0 0 0 2 -1 0 -1 -1 0 -1 2 -1 -2 0 1 2 0 0 -1 0 0 0 3 1 1 -2 0 1 1 1 0 -1 0 -1 0 1 2 1 -1 0 0 2 0 0 0 -2 0 0 1 0 0 0 1 2 1 1 0 -1 -1 0 0 0 0 0 1 1 0 0 0 -1 -1 1 0 -1 0 0 -1 -2 -1 0 -1 0 1 0 1 2 -1 1 -1 0 1 -2 1 -1 0 2 1 0 -1 -2 -2 0 2 -2 1 1 1 0 1 1 -1 0 -1 -1 -2 0 1 0 0 0 1 -3 1 0 0 0 0 0 1 1 -1 0 0 1 -2 0 1 -1 0 -1 -1 1 0 0 1 -1 2 -1 -1 -2 -2 -1 -1 2 -1 -2 0 -1 0 1 0 0 2 0 0 0 0 -1 0 -1 2 -1 1 0 0 1 -1 -3 1 1 -2 0 -2 0 2 2 0 -1 -1 0 1 0 -2 3 0 0 1 0 0 0 3 1 -1 -1 0 3 0 -1 0 1 0 1 2 1 0 0 0 0 -1 -1 -1 0 -1 -1 1 0 1 2 1 1 2 1 0 -1 0 0 0 0 0 0 0 0 -2 -1 -2 1 -1 0 1 -1 -1 0 0 1 0 -1 0 -1 0 0 -1 2 1 0 3 0 -2 0 -1 1 0 2 -1 -2 -1 1 1 -1 1 0 -1 2 0 1 -1 0 0 1 0 1 3 1 -2 1 0 -1 2 -2 0 -1 0 1 -1 -2 2 2 -1 0 -1 1 1 1 -2 1 1 -1 -1 0 1 0 1 0 0 -1 -2 -3 1 0 1 1 0 -1 -1 0 1 0 1 1 0 0 0 1 -1 -1 0 1 0 -2 -2 0 -1 2 -1 0 1 -1 -1 0 -3 3 -2 1 0 1 0 -2 0 1 0 1 -1 1 0 -1 0 -1 -2 2 0 -1 -1 0 1 -1 0 -1 2 1 0 2 -1 1 0 0 1 -2 0 1 1 -1 0 0 0 -1 -2 0 0 1 -1 0 1 0 -2 0 -1 -1 0 2 1 -1 -1 -1 0 -1 0 -1 0 1 1 1 0 -1 0 1 1 0 0 0 0 2 -2 1 0 0 -3 1 -1 -3 2 -1 0 1 0 1 -1 2 1 0 2 1 0 -1 -1 -1 0 2 1 0 0 -1 1 0 2 0 0 -1 0 1 1 -1 1 0 0 2 0 0 -1 1 0
0 1 -1 0 0 1 1 -1 -2 -2 0 0 2 -2 0 0 0 -1 -1 1 1 1 1 0 0 0 1 -1 -1 1 1 -1 1 2 1 1 1 2 1 0 -1 0 0 0 0 0 1 1 0 0 2 0 1 -1 1 0 -1 1 1 0 1 0 1 -1 1 1 -1 0 1 0 0 -1 2 0 -1 -2 0 1 -1 -1 -2 0 0 0 1 -1 1 2 -1 1 1 0 0 -1 0 1 1 -1 2 0 -2 1 -1 1 -2 0 0 0 -1 -1 -1 0 -2 -1 0 -1 0 0 1 2 1 -1 0 -1 -1 0 2 -3 1 -1 1 0 -1 1 1 0 0 -1 0 0 -1 1 0 1 -1 1 -1 0 1 -2 0 2 -1 -1 0 0 1 2 0 0 0 -1 0 2 2 -2 1 0 -1 0 1 0 1 -1 1 -1 0 -1 0 0 0 2 0 0 0 0 0 -1 -2 -1 0 1 0 1 1 -1 0 -1 2 0 -1 1 0 1 1 -1 0 0 -2 2 2 -2 2 0 -2 -1 -1 1 -2 -1 1 -1 0 -1 0 -2 1 2 0 0 0 -1 -2 2 0 0 0 1 -1 -2 0 1 1 2 0 0 -1 -2 0 -1 3 1 0 0 2 -1 2 0 1 1 2 -1 0 0 0 1 0 0 -1 2 -1 2 0 -1 -2 1 0 0 -1 0 0 1 2 1 0 -1 -1 1 -2 0 0 0 -1 0 -1 2 0 -1 -1 2 0 0 -1 0 0 -1 1 1 0 0 -1 1 -1 2 -1 0 -1 -2 -1 0 1 1 2 -1 0 -1 -1 -2 0 -1 -1 1 0 2 -1 -1 0 -2 0 -3 -1 0 -1 -2 0 0 1 -1 1 -1 0 -1 -1 0 0 0 1 1 0 -1 0 -1 0 0 -1 -1 -1 3 2 1 2 0 -1 0 1 -1 1 2 0 0 -1 2 0 2 -2 0 -2 2 -1 0 -2 0 1 -2 1 1 0 1 -2 1 0 -3 -2 1 -1 0 0 0 0 -1 -1 0 0 0 -1 2 0 -1 0 -1 0 0 1 -2 0 1 0 -1 -1 -1 1 0 1 -1 1 0 -2 1 1 -1 -2 0 1 1 -1 -1 0 2 -2 1 -1 1 2 2 0 0 -1 -1 1 2 0 1 1 1 -1 1 2 -1 -2 -1 0 0 -1 0 1 1 0 -1 1 0 1 0 1 0 2 -1 1 0 1 -1 0 0 0 0 -1 -1 1 0 2 1 2 1 2 0 -2 0 -1 -2 0 1 -1 0
1 -2 1 -1 0 1 -2 0 1 2 -2 0 1 0 0 -1 0 0 0 0 0 -1 1 -1 1 0 1 1 0 -1 -3 1 0 0 1 -1 0 1 -1 0 2 1 -1 0 0 0 -2 0 0 0 -1 -1 -1 -1 1 1 2 0 0 1 -1 0 1 2 1 -1 -1 -2 1 -1 1 1 -1 -1 0 -3 1 0 1 0 -1 0 0 -1 -1 -1 -1 0 0 -2 0 1 2 -3 1 -1 0 -2 0 -1 0 -1 1 2 -1 -1 0 -1 1 0 -2 3 1 1 -1 0 0 -1 1 0 1 -2 1 1 1 0 0 1 1 1 0 -1 0 2 2 -1 1 1 0 0 0 0 -1 0 -1 -1 2 0 -1 2 -1 -1 -1 -1 -1 1 2 0 3 0 0 1 0 0 0 1 1 0 -1 0 -1 -1 0 -1 2 -1 0 1 0 0 0 0 -2 0 -1 0 1 -3 1 1 0 0 0 0 -1 0 -2 0 -1 2 0 1 1 0 1 -1 -1 1 1 2 0 1 1 1 0 1 -1 -1 -2 -1 -1 0 0 -1 1 1 0 1 -1 0 1 1 -2 0 -1 -1 0 0 1 1 1 0 1 0 2 1 2 1 0 1 2 -2 -1 -3 -1 -1 0 0 -3 0 0 0 -1 -1 1 2 2 -1 0 2 0 1 1 1 -2 0 -1 -2 1 3 -1 0 -1 0 0 1 -2 2 0 0 1 1 -2 2 1 -1 0 -1 -1 3 1 0 0 0 0 0 1 0 -1 -1 -1 -2 0 0 1 -1 0 1 0 0 0 -1 0 -1 -2 -1 -2 -1 1 0 0 0 0 -1 2 0 -1 -1 1 0 2 2 3 -2 0 2 0 0 -1 1 1 1 -1 0 0 2 -2 2 0 0 -2 0 0 0 0 0 0 -1 -1 0 0 -1 0 -1 -1 1 -2 0 0 1 -1 -2 2 -1 1 1 0 1 0 2 2 1 -1 1 0 1 0 0 -1 3 0 0 0 0 1 -1 0 0 1 -1 0 1 1 -1 1 -3 2 -1 0 1 -1 0 0 0 0 0 2 -1 -1 1 3 1 1 -1 -1 0 0 0 1 0 0 -1 1 -1 0 0 0 -1 -2 0 0 0 1 0 0 -2 1 -1 1 1 -2 -1 -2 0 0 -1 0 -1 0 0 1 1 -1 0 -1 2 -1 1 0 0 -1 1 1 -1 0 1 -1 -1 0 0 0 0 -1 0 2 -1 -1 0 -1 1 0 -1 0 0 1 0 -1 1 1 1 1 -1
-2 1 0 -1 2 -1 0 0 0 -1 0 1 1 0 -1 3 0 0 2 2 0 1 1 1 0 0 1 -1 1 1 0 0 1 -1 -2 -1 1 1 1 0 1 -1 1 -1 1 2 0 -1 0 0 0 -1 -1 0 -1 1 -2 -1 1 0 -1 1 0 0 2 0 1 1 0 0 -1 -1 2 -1 -2 0 -1 0 -1 0 -1 0 1 1 1 2 2 0 0 -1 0 0 1 -1 1 1 -1 3 1 0 2 -3 0 -1 2 0 2 1 1 0 0 1 0 1 1 0 -2 1 1 0 1 1 0 0 -1 0 -1 0 0 1 0 -1 -1 0 1 2 -1 -1 0 0 0 -1 -1 1 1 1 0 1 0 0 -1 -1 -1 0 -1 -1 0 0 2 -1 1 0 2 -2 3 -1 1 1 1 0 0 0 0 1 1 0 0 -1 0 -1 0 -2 -2 2 0 -2 1 1 1 -1 0 0 -1 -3 -1 0 1 2 0 -1 -1 0 -2 0 0 -2 -2 0 2 0 2 1 -2 -1 0 -1 -1 0 2 -1 1 -1 0 -2 0 1 0 -2 0 1 -1 0 -1 -2 0 -1 1 -1 -1 1 0 -2 -1 -1 0 -1 2 -1 1 -2 1 0 1 1 0 0 0 0 2 0 -1 -1 2 0 0 -2 0 0 0 0 1 1 0 1 0 0 1 0 -2 0 0 2 0 0 1 0 0 1 0 -1 0 0 1 -2 -1 -1 -1 -1 0 1 -1 2 1 1 0 -1 0 1 0 -1 -3 0 0 0 0 -1 1 0 1 1 -1 2 2 1 2 0 -2 3 1 0 -1 1 -3 -2 1 -1 -1 1 0 0 0 0 0 0 0 -1 1 -1 -1 1 -1 2 1 0 -1 -1 0 0 0 0 0 0 0 0 -1 -1 1 -1 2 -1 0 0 -1 0 -1 -1 -1 0 -1 0 -2 0 0 0 -1 -1 0 0 0 0 -1 1 3 1 0 1 1 -1 1 -1 0 -1 -1 -1 0 -1 -1 0 -2 1 1 0 -1 -1 0 1 -1 1 -2 2 1 1 -2 0 0 0 0 -2 -1 -1 1 -1 -1 0 1 1 0 1 -1 -1 1 0 1 -1 0 1 1 0 2 -1 -3 0 -1 0 0 1 -1 2 -1 -1 1 -1 1 -2 0 1 -1 -2 0 0 -2 0 0 -1 1 1 2 -1 0 -2 0 0 -1 0 -1 0 2 -2 -1 1 0 -1 0 0 -1 1 2 0 1 0 1 -1 0 1 -1 -1 1 2 0 -2 1 2
1 0 -1 0 1 1 2 -1 0 0 0 0 1 -1 1 1 -1 -1 0 1 0 0 -2 0 -1 -2 -1 2 -2 0 1 0 -1 1 2 1 1 -1 0 2 -2 1 1 1 1 -2 0 1 1 -1 0 0 1 -1 -3 0 0 2 1 -2 -2 0 0 0 -1 1 0 0 0 -1 0 1 2 2 -3 -2 1 0 1 0 -1 1 0 -1 -1 -1 -1 0 0 1 0 0 0 0 -1 -1 0 -1 -1 1 -1 -1 -2 0 1 1 0 -1 1 -1 2 1 -1 -2 0 1 0 0 0 1 -1 0 -1 -2 -1 -1 0 1 1 0 0 0 -2 -2 -1 1 0 0 1 1 2 1 -1 -1 -3 1 2 1 0 -2 3 -2 -1 0 0 1 -2 0 -1 -1 1 1 0 0 -3 1 1 -1 0 1 1 1 1 1 2 -2 0 0 1 2 1 1 1 -2 -1 -1 -1 0 2 0 -2 0 -1 0 2 -2 1 -1 -1 -3 0 1 -1 1 0 1 0 0 -1 2 0 0 -1 0 0 0 0 0 1 0 2 1 0 1 -2 0 0 -1 2 1 1 1 -2 -1 -1 1 0 -1 0 0 2 0 -1 -1 1 2 0 0 1 -1 -1 0 -2 0 -1 0 -1 1 1 0 0 -1 -1 0 0 1 0 0 1 1 0 1 2 -1 0 0 0 0 0 1 0 1 -1 1 0 1 1 -3 0 0 1 -1 1 1 -1 0 -1 0 1 -1 2 1 -1 -1 0 1 -1 0 -1 1 0 1 1 -1 1 0 0 1 1 0 2 -1 1 1 2 1 -1 -2 0 2 1 0 1 1 0 0 1 0 1 0 1 1 0 0 0 -2 3 0 2 -1 0 -2 0 2 0 -1 1 -1 0 -2 1 0 1 1 0 1 1 0 0 0 0 -1 0 -1 0 0 0 -1 -1 3 1 1 1 0 0 1 -1 0 -3 2 1 0 1 0 2 0 -1 1 1 1 -2 1 -2 -1 0 1 0 1 2 -1 0 -1 1 -1 -2 0 -1 1 0 0 -2 2 -1 -1 0 -1 2 -2 -2 0 -1 0 0 0 -1 1 -1 1 0 0 0 0 0 -1 1 2 1 0 0 0 -2 0 1 -3 -2 -1 0 2 -1 1 -1 0 0 -2 -2 0 0 1 0 0 0 0 0 0 1 1 0 1 0 1 -1 1 0 1 0 1 0 -1 0 0 0 2 0 2 1 0 0 2 1 0 0 1 0 3 1 0 1 2 1 -1 0 0
-1 -1 0 0 1 -1 0 2 -1 -1 0 0 0 -1 1 0 -1 -2 -2 0 0 1 0 -1 0 0 1 0 0 -1 2 0 1 -1 0 1 -1 1 0 1 -2 1 0 -1 1 0 -1 1 -1 2 0 -1 -1 1 2 1 0 -1 0 0 0 1 -1 -1 1 -2 0 -2 2 2 0 1 -2 0 0 1 -1 -1 0 -1 1 -2 -2 1 0 -2 -1 0 0 2 1 1 0 -1 1 0 2 -1 1 0 1 1 1 1 0 2 0 -2 -1 2 -1 0 -2 0 1 -1 2 1 0 1 2 -2 1 2 0 1 -1 1 0 0 -1 -1 -1 1 1 -1 0 0 0 -1 0 1 0 -1 0 0 2 1 -1 0 0 -1 -2 0 1 -2 0 -1 1 -1 -1 0 -1 2 1 2 1 0 -1 -1 1 0 1 2 1 1 -2 -1 0 1 0 2 1 -1 -1 -1 0 2 1 -2 -2 1 2 2 -1 -1 -2 1 0 0 1 -1 2 1 1 1 1 1 0 0 1 1 2 1 0 1 0 -1 2 0 -2 0 -1 0 2 0 1 0 1 0 0 1 0 0 2 2 1 -1 -1 0 0 -1 -2 -1 -1 0 2 0 1 -1 -1 -1 0 0 -1 1 0 0 1 0 -1 -1 0 1 -1 -2 0 1 0 0 0 1 0 -1 -2 -2 0 0 -1 2 0 -1 -1 -1 0 1 1 -1 1 -2 0 2 -1 -2 1 -1 0 -1 -1 1 1 0 -1 0 1 0 -2 2 -1 1 2 2 2 -1 2 -2 0 2 0 2 1 -1 0 0 -1 0 0 -1 0 -2 0 1 0 0 -1 0 0 0 1 -2 -1 1 0 1 1 -1 1 -1 -2 1 -1 1 2 1 1 0 0 0 -2 2 1 1 0 1 1 0 0 -1 -1 0 0 1 2 -2 2 0 -1 1 -1 2 0 -1 1 -2 1 2 1 -1 1 2 0 0 -1 1 0 -1 0 0 0 -1 1 -1 -1 0 1 -2 1 -1 1 -1 -1 0 -1 -1 1 0 1 -1 0 -1 0 0 -1 -2 0 -1 0 0 -1 1 1 0 2 0 1 1 0 -2 -1 0 1 0 0 -1 -1 -1 0 -1 0 1 0 0 0 0 1 0 -1 -1 2 -1 0 1 2 -1 0 3 -2 -1 1 0 1 0 1 1 1 -1 0 1 -1 3 -1 1 1 1 -2 -2 -2 0 -1 2 2 0 1 2 2 -2 0 1 0 -1 -1 1 1 2 -1 1 2 1 0 0 0 -2
0 1 1 1 -1 0 1 2 0 -1 0 1 -1 0 1 1 -1 1 -1 1 2 -1 1 0 1 0 1 0 0 0 1 0 0 0 0 0 -2 1 1 2 0 0 -1 2 1 -3 1 0 2 0 2 0 0 -1 2 -1 0 2 0 1 -2 1 -1 -2 0 -1 0 1 0 1 0 1 1 0 0 -1 0 2 0 1 0 -1 -1 -1 1 -1 -1 0 0 0 0 0 0 1 0 0 -1 1 0 -1 -2 -2 1 0 -1 1 1 -2 1 1 1 0 -2 0 0 0 0 -1 -1 0 1 0 0 -2 0 0 1 1 -1 -1 3 -1 0 -1 -1 0 2 0 1 0 0 -2 0 0 0 0 -1 -1 -1 0 0 0 -3 0 0 -1 1 1 1 0 1 0 1 -2 -1 -1 -2 2 -1 1 -1 2 -1 -1 0 0 1 0 0 0 -1 -2 2 -1 0 1 0 1 -1 1 -2 1 0 0 -1 -1 1 1 0 1 0 0 0 -1 1 1 1 0 -1 1 -1 0 0 1 0 1 -1 1 0 1 -1 1 0 0 0 0 1 3 -1 0 1 1 1 1 -1 1 -2 -1 -1 1 -2 0 0 -1 0 1 0 3 -2 -1 1 1 -1 -1 0 0 -1 -3 -2 -2 0 -1 1 1 1 1 1 -1 0 2 2 2 -1 0 -1 3 1 0 1 0 -1 -1 -1 -1 -1 1 2 -1 0 0 -3 0 0 1 0 0 2 -1 2 -1 0 -1 -1 1 2 -2 0 1 -2 0 2 0 2 1 1 1 0 0 1 1 0 2 -1 -1 2 -2 0 -1 1 0 -1 0 0 0 -2 0 2 1 0 0 2 0 -1 1 2 -1 -1 -1 1 0 1 0 0 1 0 1 1 1 0 -1 1 0 -2 -1 -1 0 -2 1 0 1 -1 1 1 -1 -1 1 0 1 2 -1 -1 0 0 0 1 0 0 -1 2 1 -1 -1 -1 0 1 0 -1 1 0 -1 2 -1 -1 1 0 0 0 -1 0 -1 0 0 -1 1 0 -1 1 0 -1 -2 0 -2 0 -3 1 -1 0 1 -1 0 -1 0 1 -1 -1 0 2 -1 0 1 2 2 0 2 0 1 0 0 0 0 0 -1 0 1 0 1 -1 0 0 2 0 0 1 1 1 1 -2 0 0 1 2 -1 1 1 0 1 -2 -1 -1 -1 1 1 -1 -2 0 1 1 -1 0 0 -1 0 1 0 1 1 -1 0 1 0 -1 1 2 0 0 -2 0 1 -1 2 0 1
0 1 0 1 0 0 0 2 0 1 -1 -2 2 0 0 0 -1 1 0 2 0 -1 1 0 0 -1 -1 2 1 0 1 -1 0 1 -3 0 1 -1 0 0 0 0 0 1 2 1 -2 -1 0 0 -1 0 -3 0 1 -1 2 -1 3 2 0 1 0 -1 1 -1 3 0 -1 1 1 1 0 1 1 -1 0 -1 -2 0 1 -2 -2 -1 -2 -1 1 -1 1 -1 2 0 2 2 0 2 -1 0 -1 1 -1 0 0 0 1 0 1 -1 1 -1 0 0 0 0 1 -1 1 0 -1 -1 -2 -1 0 1 2 0 0 0 0 -1 1 -1 0 -2 2 -1 0 -2 -2 0 0 -1 0 0 -2 1 2 1 1 0 1 0 -1 0 1 0 1 -2 0 -1 -2 2 0 -1 0 1 0 0 0 2 1 1 0 2 -1 2 0 0 0 0 -3 -1 0 0 1 -1 0 1 1 0 0 -2 0 1 -1 -1 -1 0 -1 1 -2 -1 1 2 0 -1 0 0 1 -2 1 0 -2 2 0 1 1 -1 1 0 0 -1 -2 0 0 1 1 -1 0 0 -1 0 0 -2 2 0 0 0 -2 -1 -1 1 -1 1 -2 0 1 1 0 0 0 0 -1 3 0 0 0 2 -2 1 1 -1 1 1 1 -1 1 -2 -1 2 1 0 1 -1 1 1 1 1 0 1 0 -1 0 1 0 1 -1 -1 -3 0 -1 -1 0 -1 0 0 1 0 -1 1 0 1 0 1 0 1 2 1 1 0 0 -2 -1 -1 1 3 1 1 -2 -1 1 0 0 1 0 1 -2 0 1 -1 1 0 -2 -1 0 -1 1 -1 -1 -2 -3 1 -1 0 2 0 0 0 0 0 -1 -1 -1 0 -1 -1 -1 0 0 -1 0 1 1 0 1 0 -3 0 0 0 0 -1 1 -2 2 1 -1 0 -2 -1 0 0 0 0 0 1 -2 0 2 1 0 1 0 -1 0 -1 1 0 1 -1 1 0 0 0 0 1 0 0 1 0 -1 1 3 -1 -2 -1 0 1 -2 -1 -1 -1 0 -2 1 1 1 1 0 0 0 -2 -1 0 0 2 0 0 -1 -1 0 2 0 0 0 0 0 -1 0 -1 0 3 1 0 -1 -2 -2 0 0 0 -1 -1 1 1 0 -1 0 -1 -1 1 1 1 1 1 -1 0 0 0 0 1 0 -1 0 0 -1 -1 -1 0 1 -2 -1 0 -1 0 1 1 1 0 -2 1 1 -1 1 0 0 0 0 1 -1 1 0 1
-1 1 0 2 0 1 1 0 0 3 2 0 -1 -3 1 2 0 0 -1 0 -2 2 2 -1 0 0 2 0 2 1 1 1 1 1 -1 0 0 -1 -2 0 -1 -1 3 0 0 0 0 0 -1 1 1 0 0 0 1 2 -2 -1 0 -1 0 0 0 0 0 1 0 1 1 0 -1 0 -1 0 -2 1 0 2 0 -1 0 1 -1 0 1 -1 -2 -1 -1 -2 2 -2 0 -1 1 0 2 0 0 -2 1 1 0 1 1 0 1 0 -1 -1 0 0 -1 1 1 0 -1 -1 -1 1 -1 0 0 2 3 1 0 -2 -1 1 0 0 1 1 -1 1 0 1 1 0 0 -1 2 0 0 1 -2 -1 1 -1 1 -1 0 -2 0 0 1 1 1 -1 -1 1 0 -2 1 0 -1 0 -1 1 1 -1 0 0 1 0 1 0 1 0 1 2 0 1 1 1 -1 -1 0 1 -1 -1 -2 0 1 1 -1 1 -2 -1 -1 -2 3 3 1 0 0 1 -2 1 0 0 0 1 0 1 1 0 0 0 0 -1 0 1 0 0 -1 1 -1 1 2 0 0 -3 0 1 -1 -1 0 2 2 2 1 -2 1 -1 0 -1 1 0 1 -1 0 1 1 3 2 1 0 -2 1 -3 1 0 -1 -3 -1 0 0 0 1 -1 1 0 -1 0 2 -1 -3 0 1 0 1 0 0 2 0 1 -1 0 0 1 -2 0 2 -1 0 -3 -2 0 0 3 -1 0 -1 -1 1 0 -1 0 -2 1 0 -1 1 0 1 1 0 -1 0 -1 0 0 0 1 0 0 1 1 0 0 0 0 -1 -1 0 0 -1 0 -2 1 -1 2 0 1 1 -3 0 0 -1 1 2 0 -2 1 -1 1 1 0 -1 -3 -1 0 0 0 -1 0 -2 0 2 -1 2 -1 0 2 -1 0 2 0 1 0 1 -2 1 1 2 1 -1 0 -2 -1 0 0 -1 -2 1 2 0 -1 0 0 2 0 0 0 1 -1 -1 -1 -1 1 1 0 0 -1 0 -1 0 1 0 1 0 -1 1 0 2 -1 -1 -1 1 -1 0 -1 1 0 -1 -1 -1 0 0 -1 1 1 0 1 0 2 -1 0 0 -1 0 1 0 0 0 1 0 0 -2 0 -1 1 -1 0 0 2 0 0 -2 0 2 -1 1 0 -1 0 1 1 0 -1 -2 -2 0 -2 -2 2 0 -1 0 0 -1 -1 0 0 0 0 -1 0 0 -1 1 -1 0 -1 0 -1 -1 -1 0 -1
0 2 0 1 0 -1 0 0 -2 1 1 -1 0 -1 0 -1 -1 -1 -1 0 1 1 1 1 0 -1 1 -1 0 2 1 -1 0 -2 0 0 0 -1 0 1 -2 0 0 -1 1 0 -1 0 2 0 1 2 -1 -1 2 -1 1 -2 0 3 -1 1 0 -1 -1 -1 1 0 0 1 -1 0 -1 1 1 -2 -2 1 -2 1 -1 0 0 -2 -1 1 1 -1 1 -1 -1 -2 0 1 -1 -1 1 -2 0 0 1 0 -1 0 1 -1 -1 -2 0 0 2 -1 0 1 0 -1 1 0 0 -2 0 0 -1 0 0 1 0 -2 1 -2 2 -1 0 0 -1 0 -1 0 1 -1 0 1 -1 2 1 0 0 -1 1 1 1 -1 0 1 -1 -1 0 1 0 -1 1 -1 -1 0 -1 1 2 0 0 0 -1 0 0 1 2 2 0 0 1 0 0 -2 1 0 1 -1 1 0 1 1 0 -1 0 1 1 2 3 1 3 1 -1 2 -1 0 0 0 0 1 1 -1 1 1 0 -2 0 -1 0 -1 2 -1 1 0 0 2 0 0 -1 0 -1 0 -1 0 -1 0 1 -2 0 1 0 2 -1 -3 1 2 -1 0 0 0 0 0 0 2 -1 0 -1 1 0 0 -1 -1 0 0 1 -1 0 -1 0 0 1 1 -2 1 -2 -2 1 -1 0 1 1 -1 0 1 0 1 1 1 0 0 1 0 0 0 -2 -2 -1 -1 1 0 0 -1 0 -1 -2 -2 3 1 0 0 2 -1 1 -2 -1 0 -1 0 -1 2 2 0 0 1 1 -1 2 -2 -1 2 1 -1 0 -1 0 -1 0 2 0 0 -2 -1 0 0 -1 1 2 1 1 -1 0 0 -1 -1 -1 0 -1 -1 1 0 0 0 1 -1 0 1 -1 -1 1 1 1 0 -2 -1 -1 1 1 -2 0 0 1 -1 1 -3 -1 3 -1 -1 0 0 0 -1 0 -1 0 0 -1 2 -1 -1 0 -1 -1 -1 -1 -1 1 -2 1 0 -1 -1 1 0 0 -1 -1 -1 -2 0 -2 -1 2 0 0 1 1 -1 0 -2 -2 0 1 1 -2 2 0 -1 -1 1 -1 0 -1 2 0 0 -1 -1 1 0 0 -1 0 0 -2 1 0 1 -1 0 0 1 -1 -2 0 0 0 1 -1 -2 -1 2 -1 0 0 -1 0 -1 2 0 0 2 -1 0 0 -1 -1 -1 1 0 1 0 -2 0 0 2 0 1 0 0 0 1 0 1 2 -1 1 0 -3 -1 -1 2 0 0
0 0 -1 0 -2 -1 -1 1 0 -1 -2 -1 -2 1 -1 0 -1 -1 -1 0 1 -1 -1 1 -1 -1 -2 0 0 -1 1 0 -2 1 0 0 1 1 -1 0 0 -1 1 0 -2 -2 0 1 -1 0 -1 0 1 -1 -1 1 0 -1 1 1 -2 1 -1 0 1 0 0 1 0 0 0 0 -1 1 1 0 1 -1 0 1 1 -1 0 1 -1 0 1 1 0 -1 -2 0 -1 3 -2 0 0 -2 0 -1 0 2 -1 -1 1 1 0 0 -1 1 0 0 1 0 1 0 -1 -1 2 -1 -1 0 1 1 -1 1 0 0 -1 1 1 -2 0 -1 0 -2 0 1 -1 0 -1 -1 0 0 0 -1 0 0 0 0 -1 -1 0 1 0 1 1 2 0 -1 0 -1 0 0 0 0 1 0 -2 -1 0 1 2 0 0 0 -1 1 1 0 -1 -1 -1 1 -2 -1 2 1 1 0 -2 1 0 -1 0 1 -1 1 0 -1 2 -2 0 1 1 0 -3 0 0 0 2 2 1 1 2 1 2 1 0 -1 -1 -2 0 -1 2 -1 0 -1 0 -1 0 -1 0 -2 0 0 1 1 2 2 1 1 0 1 -1 2 -2 2 1 -2 -1 1 1 -1 2 -1 1 1 0 2 0 0 -1 -1 2 0 -1 0 -1 -1 0 2 0 -1 -2 0 0 1 2 -1 2 0 0 0 -2 -1 0 0 1 -1 1 2 1 0 -1 -1 -1 -2 0 1 0 -1 0 1 3 1 0 0 -1 -1 2 0 1 0 0 2 1 0 -2 0 -1 0 0 0 1 -1 1 0 -1 0 -2 0 -2 1 0 -1 0 -1 -1 -1 1 0 2 1 1 0 0 1 1 -1 0 0 0 1 1 -2 1 0 1 -1 1 0 -1 -2 -1 1 -1 0 0 0 -1 0 -1 1 0 -2 0 0 0 2 -1 1 1 -3 1 1 -2 -1 1 -1 1 1 0 -1 2 0 2 0 1 0 -1 1 -1 0 1 1 1 0 0 3 -2 -1 0 0 -2 1 2 -1 -1 0 0 -1 1 1 -1 1 0 1 -1 1 -3 0 0 0 -1 -2 3 0 0 0 2 0 0 0 1 -1 -1 -1 1 -2 1 0 1 0 -1 -1 -1 2 0 1 2 0 0 0 -1 -1 3 -2 -2 2 -1 1 -1 -3 1 -1 0 -2 1 1 1 0 0 -1 1 1 0 1 0 -1 -1 1 1 -1 2 2 2 -1 -1 1 0 1 0 1 1 0 1 -1 0 0 -1 -1
2 0 1 0 -1 1 0 0 1 0 -2 -1 0 -1 -2 2 1 -1 -1 0 0 2 1 0 0 1 0 0 1 1 0 1 2 -2 -1 0 -1 0 0 0 0 0 2 -1 0 -1 0 0 0 0 1 0 0 0 -1 2 -1 0 1 0 -2 3 0 1 -2 1 1 1 2 0 0 -1 -2 -1 0 0 -2 0 2 1 -3 1 -3 2 2 -1 0 -1 -1 1 0 0 0 -1 0 -1 -1 0 -1 -1 2 1 1 1 0 1 3 0 -1 -2 2 0 -2 1 1 2 -1 0 0 0 1 1 0 -1 0 0 0 -1 1 0 3 0 0 1 0 -3 1 0 1 1 1 -1 2 1 1 1 -1 1 -3 0 0 0 0 -1 0 -1 0 0 -2 -2 -1 -1 1 1 1 2 1 -1 2 0 -1 -2 0 0 -1 0 0 1 2 -1 1 -1 -2 0 1 -1 0 0 -2 0 -2 -1 0 -1 2 -1 1 2 0 -1 1 -1 -1 1 2 -1 0 0 2 0 -1 1 1 1 -1 1 -1 -1 -1 -1 -1 -1 1 0 0 -1 2 0 1 -1 -3 -1 0 -1 -1 0 1 1 -1 0 1 0 2 0 0 1 0 -1 1 1 -1 -1 0 -1 -1 2 1 0 1 -2 -1 -3 1 -1 0 -1 0 0 0 -1 0 1 0 -1 1 2 0 2 0 0 0 1 1 1 -1 2 1 1 -1 0 -1 -1 -1 -2 2 0 1 -1 1 -1 -1 0 -1 0 1 1 1 1 0 2 0 -1 -2 -1 1 1 0 -1 -1 -1 -2 0 -1 0 0 1 0 -2 -1 -1 -1 1 2 -1 1 -1 0 -1 1 -1 1 -1 -1 0 0 -2 -1 0 -1 1 -1 -1 1 -1 -1 1 0 -1 0 0 1 -1 0 1 -1 2 0 0 1 -1 1 1 0 1 2 1 0 -1 0 0 -1 -1 0 1 -1 1 2 1 0 0 -2 0 1 0 1 0 0 0 0 0 -1 0 2 1 1 0 -2 2 0 1 1 0 0 -1 1 -2 -1 -1 -1 1 2 -1 -1 -1 -2 0 1 -1 1 0 0 2 1 0 1 1 2 -1 -2 1 -1 1 0 1 -1 1 0 1 1 0 -2 -2 0 0 2 1 1 -1 1 -1 -2 1 -1 0 1 -1 2 -1 0 0 -2 1 0 1 -2 1 1 -1 0 0 0 1 1 -1 1 1 1 1 0 0 -1 -1 -1 -2 0 0 -2 0 0 -1 -2 0 2 -1 0 1 0 1 1 1 0 1
2 1 -1 1 -2 0 -1 2 0 1 -1 1 1 0 -1 1 0 0 0 1 1 1 1 0 1 1 -1 -1 1 0 -1 1 0 1 -1 -1 1 2 2 -1 -2 2 -1 0 -1 -1 2 1 0 1 1 -1 0 0 -1 0 1 0 -1 1 -1 0 0 -2 -1 0 -2 1 -2 0 2 2 0 0 0 0 0 0 1 1 1 0 0 1 1 2 -1 0 1 1 -1 2 -1 -2 -2 -2 -2 -1 1 -1 1 2 0 1 1 0 -1 -1 0 0 -1 -2 2 1 0 -1 0 1 0 -2 0 1 1 -1 -1 0 -1 -1 0 0 0 0 2 2 0 -1 2 -1 -1 -1 2 -1 2 0 -1 2 -2 1 -1 0 1 2 -1 1 0 1 1 -1 -2 -1 -1 1 -1 2 -1 -1 0 -1 0 0 0 1 -1 0 1 -1 -2 1 1 -1 0 -1 -2 1 -2 1 0 0 0 2 -2 -2 -1 -2 -1 0 1 -1 -1 0 0 -1 0 0 0 0 -1 0 0 1 1 0 1 0 2 0 0 2 1 -2 1 0 1 1 1 1 -1 0 1 -1 1 -1 1 -1 -1 -2 -1 0 2 0 0 0 2 0 2 1 -1 1 -1 1 0 1 1 0 -1 -2 0 0 1 -1 -1 0 -1 0 -1 1 0 1 0 -2 -1 1 -1 1 2 -1 1 1 -2 0 2 1 1 0 -1 -1 1 0 -1 2 1 0 1 0 -1 -1 2 -2 1 -1 -1 -1 0 2 1 1 1 2 -1 0 1 0 -3 -2 0 0 1 -1 -1 1 0 0 1 1 1 -1 1 0 1 0 0 1 -1 0 1 -1 2 0 -2 1 2 1 -1 0 0 -1 -1 1 -1 0 2 0 0 -1 0 1 -1 0 -1 0 1 -3 -1 1 1 0 -1 0 -1 0 0 -2 1 -1 0 1 0 0 0 -1 0 0 0 -1 -1 1 1 -1 -1 -1 2 0 0 1 0 -1 -2 0 0 0 1 0 -1 1 -2 -1 1 -3 0 1 1 0 0 0 0 -1 1 -1 -1 -2 0 0 1 1 -2 1 2 1 1 2 -1 1 2 -1 0 0 -1 0 1 0 -1 0 0 1 0 1 1 0 -1 -1 2 -1 -1 0 2 0 -1 -1 0 0 -1 1 -2 1 1 -1 0 -2 -1 0 0 -1 1 0 -1 -1 1 0 -1 0 2 0 1 2 0 0 -1 0 0 1 0 0 -1 2 0 0 -1 0 -1 -1 2 0 1 -3 0 0 0 -1 -1 1 1 0
1 0 -1 -1 -1 1 0 2 0 -1 0 1 0 1 0 0 -1 0 -1 0 1 -1 1 1 1 1 -2 0 0 1 0 1 -2 -1 0 0 2 0 -1 -1 -1 0 -2 0 2 -2 -2 0 -1 -1 1 1 -1 0 1 1 1 2 0 1 1 1 -1 0 1 -1 -2 -1 -1 0 -1 1 -1 -1 1 1 1 0 -1 -1 2 1 2 0 1 1 0 1 1 1 0 -1 -1 0 0 -2 -1 0 -1 -1 0 0 -1 0 1 0 1 0 0 -1 1 1 0 -1 0 -1 -1 -2 1 -2 1 1 -2 3 0 -2 -1 1 0 -3 1 -1 0 1 2 -1 -1 -1 2 0 0 1 0 0 0 0 0 2 -1 3 0 -1 0 2 -1 0 0 0 0 0 0 1 1 1 -1 0 2 2 -2 0 0 -1 0 2 1 0 0 2 0 2 0 0 -2 1 -1 1 1 -1 -1 -1 1 2 2 0 1 -2 -1 0 0 2 1 0 1 -1 0 1 -1 0 0 -1 1 1 0 0 2 0 0 1 0 -1 -1 -1 -1 -1 -2 -1 0 0 1 -1 -1 0 0 -1 2 -1 -2 -3 0 -1 0 -1 1 1 1 -2 -1 -1 0 0 1 2 1 1 -2 0 0 0 0 -1 -1 -1 -2 0 -1 0 -2 1 -1 -2 -1 0 -1 -2 0 -2 1 2 0 -1 -1 0 1 -2 -2 -1 0 1 0 0 1 1 0 1 -2 1 0 1 -1 0 -1 0 -1 2 -3 2 0 0 1 0 -1 0 1 -1 2 2 0 2 -1 -1 -2 1 0 -1 0 -1 1 -1 -1 -1 0 0 0 1 -1 -1 1 -1 0 -1 1 0 -1 1 0 0 0 1 -2 0 0 1 0 0 0 1 -1 1 0 -1 0 -2 -3 0 1 1 2 -1 -1 1 0 0 1 -1 0 -1 0 1 -1 2 -1 -1 1 0 -1 1 0 1 -1 -1 1 1 -1 0 2 1 0 -1 0 1 -1 -1 -1 -1 0 -1 -1 -1 -1 0 -2 -1 1 0 -2 0 2 -2 1 0 0 1 2 -1 -1 -3 1 -1 -1 -1 0 0 0 -1 -1 -1 1 -2 0 -2 0 0 2 0 2 1 1 1 0 0 -1 2 1 0 1 0 1 1 1 1 1 1 -1 0 -2 0 1 -1 -1 0 -1 -1 2 2 -1 0 1 -1 2 1 -1 1 0 -1 -2 0 2 0 0 1 -1 0 -1 0 0 0 1 1 -1 -1 2 0 3 0 0 1 1 0 1 -1 1 -1
2 1 -1 -1 -1 -1 -1 0 1 2 -1 1 2 1 2 1 0 -2 1 2 1 1 0 0 1 -2 1 2 -1 0 1 1 -1 1 1 -1 0 1 1 -3 -1 -1 0 0 -1 0 0 -1 0 0 0 2 2 0 0 1 0 1 0 0 0 -2 1 -1 -1 -1 1 0 0 1 0 -1 0 -1 2 1 2 -2 1 0 0 0 -1 0 -2 1 1 -1 1 3 0 1 0 1 -3 -1 1 -2 -2 1 0 2 2 -1 1 0 0 1 -1 -1 2 0 0 0 -1 0 0 -1 -2 2 0 1 -2 0 2 0 1 1 -2 -1 -2 0 1 0 0 -1 -1 0 2 -1 -1 1 -1 -1 0 1 1 -2 1 0 0 -1 1 1 -1 0 -1 1 -3 0 -1 1 -1 -1 -1 1 2 -2 0 2 1 -2 -1 0 1 0 -1 0 1 0 0 1 0 1 -2 1 1 -1 1 -1 -1 -1 0 0 1 0 2 -1 -1 1 1 0 -1 2 0 -2 0 -1 -1 -2 0 0 -1 0 -1 -2 2 0 0 1 0 -1 1 0 1 1 1 0 0 0 -1 0 -1 1 0 0 0 -1 1 -2 2 0 0 -1 -1 -1 0 -2 1 0 1 1 0 1 -2 0 -2 1 2 0 0 -1 1 0 1 1 0 1 0 0 -1 1 2 0 0 -1 -1 -1 -1 0 0 -2 1 0 -2 0 1 1 0 -1 0 2 1 -1 0 0 -2 0 1 0 1 -1 0 1 1 1 1 0 -1 1 0 1 0 1 -1 1 -1 1 0 0 1 1 0 0 0 2 -3 0 -1 0 -2 -1 1 -1 0 0 0 -2 0 1 1 -1 0 -3 0 1 0 0 -1 1 -2 -1 1 0 0 -2 0 0 0 -1 -1 0 0 1 1 -1 2 -1 -1 2 -1 0 0 -1 -1 1 0 -1 1 1 0 1 1 0 1 1 -3 1 -2 -1 0 1 -1 2 0 0 -1 0 -1 0 0 1 1 -1 1 0 -1 1 0 -3 2 -1 0 0 -1 0 -1 -1 1 2 2 -1 -1 0 -2 0 -1 0 0 1 -1 0 -1 0 0 0 -2 1 1 -2 1 0 -1 0 2 0 0 -1 1 1 -1 0 0 0 -2 0 -3 0 -1 -1 2 -2 1 0 -1 0 2 -1 -1 -2 0 -1 1 1 0 -1 0 1 -1 0 0 0 1 2 -1 1 1 0 0 -1 2 0 1 0 1 1 -1 0 -1 -1 1 1 0 0 2 -1 1 1 1 1 -1 0
0 1 0 1 -2 -1 0 0 2 0 -1 -1 0 0 1 1 0 -1 -2 1 -2 0 -2 0 0 2 1 -2 0 0 0 -1 0 0 0 -2 0 -1 1 1 -1 1 -1 -1 -1 0 0 2 -1 1 1 0 0 1 0 0 -1 0 0 1 1 0 -1 -1 0 1 -1 0 -2 0 -1 0 0 1 0 1 0 1 3 0 0 1 2 3 -2 0 1 -2 1 0 1 -1 1 -1 0 -2 -1 0 -1 1 1 1 1 1 0 -1 0 1 2 0 -1 -1 1 0 -1 -1 -1 3 0 1 -1 1 0 1 1 -2 1 0 -1 0 -1 0 1 1 1 -1 -2 -1 -2 1 2 0 -1 -2 -3 -1 1 -2 1 0 0 0 -2 0 0 0 1 0 -2 0 0 0 0 1 1 -1 -1 2 0 1 -1 0 0 0 1 2 -1 1 -2 1 0 -2 -2 0 0 1 0 0 2 1 0 -1 2 1 -1 0 1 -1 -2 0 2 1 -1 -1 1 -1 -1 0 0 1 0 0 0 0 0 2 0 1 -1 0 0 1 1 1 0 0 -2 0 3 0 0 -1 0 1 0 -1 0 0 1 0 0 0 0 -2 0 1 -1 1 0 0 -1 -1 1 1 1 0 1 1 1 2 1 -1 -1 1 0 0 -1 -1 0 0 0 0 -1 0 0 1 2 0 0 0 1 0 -1 0 -1 2 0 -1 1 2 1 2 2 0 0 1 1 -1 0 -1 0 0 0 -1 1 0 -1 0 1 -1 0 1 2 1 0 0 -1 0 -1 0 -1 -1 -1 1 2 0 1 2 1 2 1 1 0 1 1 0 -1 0 1 0 1 2 2 0 0 -1 1 1 2 -1 -1 -1 2 0 -1 -3 2 0 0 0 -1 0 1 -2 1 0 -2 -2 -1 -1 -1 -1 -1 1 -1 -2 -1 0 -2 0 0 0 0 -1 1 1 -1 -3 -1 0 -1 0 0 -1 0 -1 0 1 -1 0 0 1 -1 -1 -1 1 0 -1 0 0 1 -1 -1 -1 -1 2 2 2 1 -1 0 0 2 1 -1 1 1 -1 1 -2 -2 0 0 0 0 1 1 0 -2 0 -1 0 -1 -1 1 0 0 1 0 1 1 3 -2 0 -1 0 -1 -1 0 0 1 1 -1 1 0 2 0 0 1 1 1 1 0 -2 2 0 0 -1 1 2 -1 1 1 -1 -2 -3 -2 -1 -1 -2 0 0 1 3 2 2 0 1 -1 -1 0 1 -3 1 1 2 1 2 1 -1 -1 0
1 0 0 1 2 -2 -1 1 1 0 -2 0 1 0 1 -1 0 1 1 0 0 -1 3 0 -2 0 0 0 1 1 -1 -1 -1 2 -1 -1 1 0 0 -1 0 -1 -1 1 -1 1 1 -1 1 0 2 -1 -1 -1 0 1 0 0 3 -1 0 -1 1 0 -1 0 0 0 1 1 2 -1 0 1 0 0 0 0 -2 0 -1 0 1 1 -1 2 0 -2 3 1 -1 3 -2 2 -1 -1 -1 -1 0 -1 1 0 0 0 2 0 -1 0 1 -1 1 0 1 0 -1 1 0 -1 -1 -1 2 -1 1 1 1 1 1 1 0 0 1 2 1 1 0 -1 1 -1 -1 2 -1 0 0 -1 0 0 2 -1 -1 0 -1 1 -1 1 0 0 1 0 0 -2 -2 2 -1 -2 -1 0 1 -1 0 -1 -1 0 -1 1 -1 2 1 1 1 0 -1 -1 1 0 1 0 2 2 1 -3 -1 0 0 -2 0 0 0 1 0 -2 0 1 0 -1 -1 -1 -1 2 2 1 0 0 -1 1 0 1 0 1 1 0 -2 -1 -1 1 0 -1 0 1 1 2 -1 -1 1 0 -1 -1 0 2 0 -1 0 0 2 -1 0 0 -2 -1 2 -1 -2 -1 -2 1 0 2 -2 0 0 1 -2 -1 -1 0 1 0 2 0 0 -2 1 1 1 0 0 2 0 -1 1 -1 -1 -1 0 0 -1 0 1 0 2 -1 -2 0 -2 1 -1 1 -1 -2 1 1 0 -1 1 0 -1 1 1 0 -1 -2 2 1 2 -1 -2 1 -1 0 -1 1 0 0 0 0 0 0 0 -2 -1 2 -1 1 -1 -1 0 0 -1 0 1 -2 -2 0 0 0 1 -3 -1 1 0 0 -1 0 1 -1 1 0 0 1 -2 0 1 0 -1 1 -2 2 0 -1 -1 -1 -1 -1 0 -1 -1 0 -1 0 0 1 -2 -1 -1 2 -1 -1 -1 1 0 -2 3 1 0 1 0 0 -1 -1 -1 -2 1 1 -1 -3 0 1 0 1 -3 0 -1 1 0 0 0 0 0 -1 0 1 1 0 0 1 -1 2 0 2 -1 -1 -1 0 -1 0 1 -1 1 -2 1 -1 2 0 0 -1 1 1 0 -1 0 0 0 -1 -1 -1 1 -1 1 1 2 0 2 -2 -1 2 2 0 -1 0 0 -1 -1 0 1 0 0 0 0 0 0 0 1 0 0 1 0 2 1 1 -1 -2 -1 1 0 0 2 1 0 -1 0 -2 0 -1 0 1 1 -1 -1 -1 1 1 -2 3
-1 0 -1 -1 2 1 -1 0 0 1 1 -2 -1 0 2 0 0 0 -1 -3 -1 0 0 1 -1 1 0 0 1 -1 0 -1 1 1 0 1 1 1 -1 2 -1 -1 -1 -1 1 1 0 1 0 -1 0 -1 -1 0 1 1 1 -1 0 1 0 0 0 0 1 0 0 0 0 1 1 2 -2 -1 -2 0 -1 1 -3 1 1 0 0 1 1 1 -1 -2 0 -1 0 1 -1 0 -1 1 2 1 3 1 -1 0 2 0 1 -1 -1 0 -1 2 0 0 0 -2 1 -1 1 -1 1 -1 1 2 -1 0 0 1 -1 0 -1 -1 2 -2 0 1 -1 2 -1 1 2 -1 0 1 -1 0 1 -1 -1 -1 -1 -1 2 0 2 -2 -1 0 1 1 1 0 1 -1 0 0 2 1 -2 1 2 0 1 1 -1 -1 -1 0 2 -2 -1 0 1 0 1 0 1 0 0 2 1 0 0 -1 1 1 2 0 1 2 -1 0 1 0 -1 -1 -2 1 2 0 1 2 1 1 0 0 1 1 -1 1 2 1 -2 0 0 0 -1 0 -1 -2 0 -1 1 0 0 1 -3 0 0 0 0 1 1 0 0 -1 -2 0 0 -1 -2 0 1 -1 0 0 1 1 1 0 -1 1 1 -1 0 1 -1 -2 1 -1 1 1 -1 2 0 0 1 1 1 -1 0 -1 1 1 0 0 1 -1 1 -1 1 0 0 0 0 1 0 -2 0 -3 0 -1 0 1 -1 -2 1 -1 0 -1 2 1 1 0 0 -2 0 -2 0 -1 -1 1 -3 2 -1 0 0 0 1 1 0 0 -1 2 0 -1 0 -1 2 -1 0 0 0 1 -1 0 1 -1 1 0 0 0 1 2 0 0 1 0 0 1 0 0 0 1 0 -2 1 0 -1 -1 -1 -1 1 0 -1 -1 0 -1 -1 0 -1 2 0 0 0 0 1 0 0 0 0 0 -2 0 -1 0 1 1 -1 -1 2 -1 1 -2 0 0 1 -3 -1 -2 1 0 0 -2 -1 0 1 0 0 -1 0 -1 0 0 0 -2 2 0 3 0 1 -1 0 0 1 1 -1 0 -2 -1 -2 1 -1 0 0 0 0 2 1 -1 0 -2 2 -2 -2 1 -1 -1 2 -1 0 -1 0 2 -2 0 0 0 -1 1 1 2 0 -2 1 0 0 -1 0 1 -2 -1 1 0 0 -2 -2 -2 0 -2 -1 1 -1 0 -1 0 3 -3 -2 1 -1 0 -1 0 1 -1 1 -2 0 0 0 0 0 1
2 0 1 1 0 0 0 0 1 2 -3 0 1 0 -1 0 0 -1 -1 0 0 1 1 0 -1 0 0 0 1 1 1 0 0 0 1 -2 0 2 1 0 -1 -1 -1 -1 1 0 -1 0 -1 0 0 -1 -1 0 -1 0 1 -1 -2 -1 0 -2 1 -1 0 -1 1 2 -1 1 0 1 0 0 -2 1 -1 1 1 0 -2 0 -1 0 0 0 1 0 2 0 1 1 3 -1 0 1 -2 0 -1 -1 1 1 -1 0 0 -2 0 1 0 -1 0 2 0 0 0 -1 -3 0 0 1 0 1 -2 1 -1 1 0 0 0 0 1 0 2 0 1 -1 -1 1 -1 -1 1 -1 1 -2 -1 -1 1 -3 -1 0 1 0 1 0 1 1 1 1 0 -1 -1 1 1 0 0 0 1 1 2 -1 0 2 1 1 -2 0 -1 0 -1 -1 0 0 0 -1 1 -2 -1 0 1 -1 -1 -1 2 1 1 -2 0 2 0 0 0 1 -1 0 0 0 0 2 -1 0 -1 0 -1 1 0 1 1 1 1 1 0 2 -2 -1 -1 0 1 2 1 -1 0 -1 -1 0 0 1 0 0 -2 0 1 2 1 0 1 -1 -1 1 -1 2 -1 0 1 -1 0 0 0 0 2 1 0 -1 0 0 -1 -1 -1 -1 0 0 -1 -1 -1 2 0 1 1 0 1 0 0 0 -1 0 -1 -1 0 -2 -1 0 -1 1 -2 0 -1 0 1 1 0 0 -1 -1 -2 0 -1 2 0 0 0 0 3 2 0 0 1 2 0 -1 1 -1 -1 -1 0 -1 1 0 -1 -1 1 1 0 1 0 0 0 0 1 1 1 2 0 1 2 1 2 -1 0 -1 0 -1 1 3 0 0 1 1 0 -2 1 0 0 1 -2 -2 0 2 -1 1 1 0 3 -1 0 0 2 -1 -1 -2 -1 1 0 0 -1 1 0 1 0 -1 0 1 0 1 1 -3 0 1 0 0 1 1 1 -1 0 2 -1 0 1 1 0 1 0 0 1 -2 0 2 0 -1 0 1 0 -1 -2 -1 0 -1 1 2 -1 1 -1 -2 -1 -1 1 1 1 -1 -1 0 0 0 1 0 1 -1 1 -1 -2 2 0 1 -1 1 2 1 -1 2 0 3 0 1 0 2 -1 1 1 -2 1 -1 -1 0 1 0 -1 2 -1 -1 1 -3 1 2 1 -1 1 1 -2 0 2 -2 0 1 2 -2 0 0 1 1 -2 -3 -1 2 0 0 0 0 -1 0 0 1 -2 -1
-1 -1 0 0 -1 -1 1 1 -1 -1 0 -1 2 2 -1 0 1 -1 -2 0 0 -1 0 -1 -1 -1 -2 0 1 0 0 1 1 1 -1 -1 1 2 0 1 0 -1 0 1 1 0 -2 0 1 2 0 2 -1 1 0 1 -1 -1 2 1 1 0 0 2 0 1 0 0 2 1 1 1 0 1 -1 0 -1 1 1 -2 0 0 -2 1 0 0 1 0 -2 2 1 -2 1 0 1 0 -1 2 0 -1 2 2 0 3 -2 -1 -1 0 1 1 -1 -1 -1 0 0 0 1 1 1 0 -2 0 -1 -1 0 -2 0 -1 1 1 -1 1 -1 -2 0 -3 0 1 -2 0 -1 0 -1 0 1 0 1 -1 -2 -2 -1 2 0 1 -1 0 0 -1 0 -2 0 0 1 1 1 0 -2 1 0 1 -2 2 1 1 -2 2 0 -1 0 0 -1 -1 -1 0 -1 -1 1 -1 1 1 -2 0 1 2 -1 0 0 1 1 0 0 1 -1 1 -1 0 0 -1 0 0 0 1 -1 0 1 0 -1 -1 0 0 2 -1 -1 1 -1 0 0 1 1 0 0 -1 -1 2 0 -2 0 -1 2 -2 -1 0 -1 -1 0 0 2 0 0 -1 -1 0 0 -1 1 0 -1 0 1 2 0 0 2 -1 -2 1 0 -1 -1 -1 2 0 1 -1 0 -1 -2 0 -1 2 -1 -2 0 1 0 1 1 -1 0 1 0 -1 2 0 1 0 0 -3 -1 0 0 1 -1 1 0 2 -2 0 0 0 1 -1 0 -1 1 0 0 1 -1 0 1 0 1 -1 -2 -1 -1 1 1 2 -1 0 -1 -1 1 -1 0 0 2 -1 -1 1 1 1 0 0 2 2 1 -1 2 2 -1 2 -1 0 0 0 1 -1 1 3 1 -1 2 0 0 0 0 2 0 2 0 0 1 -2 -1 -1 -1 0 0 0 1 2 0 -1 0 0 0 1 0 2 -1 0 1 -1 2 2 1 0 1 0 -1 1 -1 0 -1 0 -1 0 0 1 0 0 0 0 -1 -1 -1 0 1 0 1 0 -1 1 2 0 -1 0 -1 1 -1 1 0 1 -2 1 -2 0 0 0 0 0 -1 0 -2 -2 1 0 -2 0 0 -1 1 -2 0 0 1 0 -2 1 1 2 1 -1 0 0 0 1 -1 1 1 1 0 -1 -1 0 0 0 0 -2 0 1 0 0 -2 2 -2 2 1 1 0 0 0 0 0 1 1 0 -2 -1 0 2 -2 0 1 1 1 -2 -1 1
-2 0 1 0 1 0 0 -2 -1 0 0 0 0 -1 0 -1 -1 1 0 2 0 0 0 -1 1 0 -1 1 2 2 1 0 0 1 -1 0 -1 0 -2 -1 -1 0 0 0 0 -1 1 -1 2 -1 0 -3 0 -1 -1 0 2 1 0 -1 1 0 0 1 -1 0 0 0 0 -3 -1 0 -2 0 0 0 0 -1 0 0 2 -1 0 0 -1 1 -1 -2 -1 1 -1 -1 0 0 0 0 0 -1 1 -1 0 -1 -2 -1 -1 -1 0 -1 2 -1 2 -2 -2 -1 -1 1 1 0 1 1 0 2 1 1 -1 1 -1 -2 0 0 1 0 0 3 -2 1 1 0 1 -2 -2 1 -1 0 -1 0 2 0 1 1 0 1 -1 -2 0 0 2 1 0 0 1 1 -1 -2 2 1 0 2 -1 0 1 0 1 0 1 -1 -2 0 0 0 -2 -1 1 -1 0 1 -1 -2 1 -1 -2 2 1 1 0 0 0 2 1 1 0 -2 -1 -1 0 -1 0 -1 -1 2 -2 1 -1 1 1 0 3 -2 -1 2 -1 0 -1 0 1 -2 1 1 0 0 -1 2 1 2 -1 2 0 1 -1 -1 0 1 0 0 0 -1 -1 1 1 0 -1 0 0 -2 1 -2 2 -1 1 1 0 0 -1 0 0 2 1 0 -1 0 0 0 -1 -2 -2 0 0 2 1 1 1 0 -3 2 0 1 0 0 0 -1 1 2 1 1 -1 1 0 1 0 2 1 -1 -1 1 1 -1 0 0 0 3 0 -1 -1 -1 1 -1 1 0 -1 0 1 -1 -1 0 2 0 -1 -3 0 0 0 -1 2 1 1 2 1 -1 -1 1 1 0 -1 2 -1 -1 1 -1 1 2 1 0 0 1 0 1 2 0 1 0 1 -1 -1 -1 -2 -1 0 0 0 -1 -1 1 0 0 0 -1 0 0 0 -1 0 0 -1 1 0 1 -1 0 1 1 1 0 -2 2 0 0 0 0 0 1 2 1 -2 -2 -1 0 1 0 0 0 -1 -1 0 0 1 1 0 0 0 0 1 -1 0 0 1 0 2 -2 0 2 -2 -1 0 -2 -1 1 -1 1 -1 0 1 1 -2 -1 1 -1 -1 0 -2 1 2 0 1 1 0 0 -1 2 2 0 2 0 0 1 0 1 -2 0 0 0 -1 0 2 -2 -2 -1 0 -2 1 -1 -2 0 1 1 -1 0 -1 1 0 0 1 -1 0 1 1 1 -1 -1 -1 0 0 1 0 -1 -1 0 1 -1 -3 1 2 0
1 -1 2 1 -2 -1 -1 0 1 -1 0 1 0 0 0 0 0 1 0 0 0 1 1 -2 -1 1 -1 1 1 0 -2 -1 2 0 -2 -1 -2 -1 1 -1 0 2 0 3 1 0 -1 2 -1 -1 -2 1 1 1 0 -1 0 0 -2 1 -2 -1 0 -1 0 -1 -2 -1 0 0 0 -1 1 1 1 0 1 1 0 -1 1 -1 -2 -2 -2 0 0 0 1 0 1 1 0 0 -1 2 0 1 0 -1 1 0 -1 1 0 1 2 0 2 0 0 -1 0 1 1 1 1 -1 1 -1 0 0 1 1 1 -1 0 -1 -2 1 1 -2 0 -1 -2 -1 1 1 0 -1 1 0 -1 2 0 -1 1 1 1 1 1 0 0 0 -1 -2 0 -1 0 0 0 -1 -1 0 0 1 -2 1 0 1 2 2 1 2 -1 0 0 0 -1 -1 0 0 1 -1 3 0 1 1 1 0 3 0 1 -2 1 -1 0 0 1 0 -1 -1 0 1 1 0 0 3 -1 -1 1 -1 -1 0 0 0 0 0 1 -1 1 0 -1 1 -1 -1 -1 0 1 0 0 -1 -1 -1 0 -1 0 -1 1 2 -1 2 0 -1 1 0 -1 1 1 0 0 0 0 0 2 0 1 2 1 1 0 0 0 0 1 0 1 -1 -3 0 0 1 -2 -1 1 1 3 0 0 -1 -2 0 -1 2 0 0 0 -1 -1 0 0 -1 -1 -1 0 0 0 0 0 2 -1 1 1 -1 1 -1 1 0 0 2 -1 1 0 -1 0 2 1 0 -1 1 3 2 -1 0 -1 1 0 0 1 0 -1 -2 0 1 0 1 -2 1 0 -1 0 -1 0 -1 1 1 -1 0 0 0 0 0 1 0 0 -1 1 1 1 0 1 0 -1 1 1 1 -1 1 -1 -2 -3 -1 0 -2 -1 0 -1 1 3 -1 -1 0 2 0 0 2 1 1 -1 2 0 2 -1 1 1 -1 0 1 0 -1 -1 -2 -2 -1 0 -2 -2 1 -1 1 0 0 0 -1 0 1 -2 -2 -2 1 1 -2 0 0 1 -1 0 -1 0 -1 1 1 1 -2 -1 3 1 0 -2 -1 2 1 -1 1 0 0 -1 0 -1 -1 -2 0 0 3 0 0 -1 0 1 0 0 0 1 -2 1 1 -1 0 0 -1 0 2 1 2 -1 -1 -1 -1 0 3 -1 1 0 2 -1 0 -1 1 -1 -1 -2 0 -1 0 0 1 -1 0 1 0 -3 -1 0 0 1 2 0 0 -1 -2 2 3
0 1 2 0 -1 1 0 1 1 -1 0 1 2 -1 0 1 0 1 1 2 0 0 -1 1 -3 1 0 -1 0 -1 2 1 -2 2 0 0 1 -1 -1 1 0 1 1 -1 1 0 0 1 0 -1 0 0 -2 0 0 1 0 2 0 2 -2 -1 0 1 -2 0 -3 1 2 2 1 0 -1 0 -2 -1 0 -1 -2 1 -3 1 -1 3 -1 1 2 1 1 2 3 0 0 0 1 0 0 1 1 -1 -1 -2 0 0 0 0 2 0 -2 0 0 0 -1 0 -1 1 1 -2 1 0 -1 -2 1 0 -1 -3 -1 -1 0 0 0 1 0 0 0 0 1 1 1 -1 -1 0 -1 1 0 1 1 0 2 -1 0 0 0 -1 1 -2 0 0 0 0 0 2 2 -1 0 1 2 -1 0 0 3 0 -1 -1 -2 0 0 2 2 1 0 2 1 2 1 0 -1 1 0 0 -1 1 -1 0 1 0 -2 2 1 0 1 0 2 1 0 0 -1 0 0 1 1 -1 0 1 -1 1 1 1 0 -1 -2 1 0 0 -1 -1 1 1 2 0 1 0 0 0 -1 2 1 1 0 -2 0 2 0 1 -1 2 -2 1 1 0 0 0 0 1 0 2 1 0 0 1 -2 -1 -1 -2 0 1 -2 -1 -1 0 0 1 0 3 0 0 0 1 1 -1 1 1 -1 -2 1 -1 -1 1 -2 0 0 -2 0 -1 2 -1 0 -1 1 0 -2 0 -1 0 1 2 1 0 0 -1 1 1 1 0 3 3 -2 1 1 -1 0 -2 -1 1 0 0 1 0 1 0 0 -1 0 -1 0 0 -1 -1 0 0 0 -1 0 -2 0 -2 1 0 1 -1 1 1 1 2 -1 1 -1 1 1 0 -2 -1 0 0 -1 1 1 1 1 -1 1 0 0 -1 0 2 -1 1 2 -1 1 0 -1 0 0 -1 -2 -1 -1 -3 0 0 -1 0 0 -2 0 0 -1 -2 1 0 0 1 0 1 2 -1 0 1 0 0 1 -1 -1 -1 0 1 0 0 1 0 1 -1 -1 1 0 0 -1 -1 1 -1 -1 0 3 2 -1 -1 0 1 1 0 2 -1 1 0 0 2 -1 1 2 -1 -1 -1 0 0 0 0 0 1 0 0 -1 0 1 0 1 2 0 -1 -1 -1 2 -1 1 0 -1 1 -1 -1 2 1 0 2 0 0 0 -1 3 -1 0 0 -1 -1 0 1 -1 1 0 1 2 1 2 0 0 0 0 -1 0 1 -1 0
-2 2 0 -1 0 1 0 1 0 -1 1 -1 0 -1 -1 0 0 0 0 -1 0 -1 2 -1 -2 0 2 3 0 0 2 0 0 1 0 -1 -1 -2 -1 -2 -2 0 -1 0 0 1 1 -1 1 1 -1 1 0 -1 -2 0 -1 -1 1 -1 0 -2 1 -2 -2 -1 0 0 -3 0 -2 -1 0 1 0 0 -2 1 -1 -1 3 -1 -2 0 1 -1 -1 -2 1 -1 -1 0 0 1 -1 -2 1 -1 2 -1 0 0 2 -2 -1 1 0 -1 0 1 0 0 1 1 0 1 -2 -1 -3 -1 -1 1 1 -1 1 0 -1 0 -1 -1 0 -1 2 1 -2 0 2 0 0 0 2 0 -3 3 -1 -1 0 -1 2 -1 0 -1 -1 1 0 0 1 1 1 0 0 0 1 -2 -1 -1 1 0 0 2 0 1 -1 0 1 -1 1 -2 0 0 0 0 1 1 0 1 1 0 -2 0 -1 0 -1 1 2 1 1 1 1 -1 -1 -2 1 0 -1 -1 0 1 1 1 1 0 -1 0 -1 -1 2 0 0 0 -1 -2 0 1 0 -2 1 0 -1 1 -1 1 0 2 0 1 0 -1 0 -1 0 0 0 1 0 1 -1 1 0 1 0 -2 -1 1 0 1 0 1 1 -1 -1 1 1 -1 -1 -1 0 1 1 0 0 1 -2 0 0 -2 -1 1 -1 -1 -2 0 0 0 -1 -1 0 -1 -1 -1 0 -1 1 1 0 1 1 1 1 1 0 1 -1 -2 1 0 0 1 0 -1 2 1 0 -1 0 1 -1 0 0 -1 0 -1 0 -1 0 0 1 0 2 1 -2 -2 0 1 -1 -1 -1 0 0 -2 -2 0 -1 -1 1 0 2 -1 1 0 2 2 2 2 1 1 0 0 0 0 1 1 0 2 -2 0 1 1 -2 0 0 0 2 2 0 0 -1 0 0 -2 0 -2 -1 0 1 1 1 -1 -1 0 -3 0 0 -1 -1 -1 0 1 -2 -2 1 3 0 -2 1 0 1 -1 0 0 1 0 1 -1 0 -1 -1 -2 1 0 0 -1 -1 0 -1 -1 3 1 1 0 0 -1 0 -1 0 -1 0 1 0 0 0 2 0 0 1 1 0 -1 -1 1 0 -1 -1 1 0 -1 0 1 0 0 -1 0 1 0 -2 1 -1 -1 -1 0 -1 1 0 0 0 0 0 1 1 0 0 0 1 0 0 0 0 3 3 1 0 1 1 2 0 1 -1 -1 0 0 0 1 0 0 0 0 0 0 0 2 -1 -2
0 -2 0 1 1 0 0 0 2 1 0 -2 -2 1 -1 1 0 -1 -1 1 0 0 0 1 2 0 0 -1 2 0 0 0 1 0 -1 -3 1 0 -1 2 1 2 0 1 -1 1 3 1 0 -1 -1 -2 0 0 1 0 1 -1 -1 0 0 2 -1 -1 1 -1 -1 0 2 1 -1 -1 -1 0 1 0 -1 -1 0 2 1 -1 0 0 0 1 -1 -1 -1 2 -2 -2 2 -1 -1 0 0 0 0 0 0 -1 0 0 0 1 -1 1 1 1 0 0 0 0 2 -2 0 1 -2 -1 1 0 0 0 1 1 -2 0 0 1 -3 2 -1 -2 1 -1 0 0 0 -1 0 0 1 0 1 -1 0 0 0 -1 -1 0 -1 -1 0 0 2 0 1 -1 -1 -1 -2 -1 2 1 1 0 0 -2 -2 0 0 -3 2 0 0 -2 -1 1 0 1 -1 0 0 0 0 1 2 1 0 -2 0 1 -2 1 0 0 0 1 -1 -1 1 0 2 -1 0 -2 1 0 -1 2 0 0 0 -1 2 0 0 0 0 0 -2 -1 -1 0 2 -1 0 1 0 0 -2 -1 1 1 -1 1 1 -2 0 1 -1 0 0 1 -1 -1 0 1 -3 -2 -1 1 0 0 0 2 1 2 -1 -2 1 -1 0 -1 0 -1 -1 -1 0 0 0 0 0 -2 1 1 0 1 0 1 0 0 1 1 0 -2 2 -1 2 1 1 -3 -1 1 3 0 2 0 -2 1 2 0 1 0 0 0 -2 0 2 2 0 -2 -1 -2 0 -2 0 2 0 0 -1 0 1 1 1 0 -1 1 1 1 -1 -1 2 1 1 1 -1 0 0 0 0 1 -2 0 1 1 0 -1 -1 0 2 -2 2 0 -2 1 -2 -1 -1 -2 1 -2 1 -1 -1 0 0 0 1 -1 -1 -2 1 1 1 0 2 3 1 0 2 2 0 1 0 -1 0 2 -1 1 0 0 0 0 -1 0 -1 -3 0 -1 0 0 -1 2 -2 1 0 1 0 2 1 -2 1 0 0 1 0 0 -1 0 0 1 -1 0 0 0 1 -1 -1 0 0 -1 0 2 1 0 0 0 -2 0 -1 -1 0 0 -1 1 -1 -3 1 -1 0 1 0 -2 -1 0 0 1 -1 0 0 -1 2 0 -1 0 0 0 -1 0 1 0 1 1 1 0 -2 1 0 -1 0 1 0 3 -1 0 -1 1 0 2 -3 0 0 0 1 0 0 0 0 0 -2 -1 -1 0 -1 0 0 0 -1 0
1 0 0 0 0 0 0 -1 1 2 0 2 -1 0 0 2 1 -3 -1 0 0 -2 1 0 -1 0 -1 0 1 0 0 1 0 -1 -1 -1 0 0 -1 -1 -1 1 -1 2 1 -1 1 1 -1 1 1 1 0 -1 -1 0 2 0 0 -3 -1 -1 0 2 0 0 -1 1 1 -1 1 0 2 0 1 1 0 -1 -1 -3 -2 0 -1 -1 0 -1 0 -1 -1 -2 1 0 -1 -1 2 1 0 -1 3 -1 0 -3 -1 -1 -1 1 0 -1 -1 0 0 0 -1 -1 0 1 0 0 0 -2 0 0 -2 0 1 0 1 -1 1 0 0 -2 0 -1 1 1 1 1 2 -2 -1 0 1 -1 1 1 -1 0 0 0 1 0 0 -1 1 0 -1 1 0 -1 -1 0 -1 0 -1 0 -1 -1 -1 1 -1 0 1 0 0 -1 0 -1 1 -1 1 -2 0 -1 2 1 0 0 -1 1 -1 -1 0 -1 0 1 0 0 0 1 0 1 -2 0 0 -1 -1 0 1 2 -1 1 -2 0 0 -1 -3 1 0 0 2 0 0 0 1 0 0 -2 -1 0 1 0 -1 -1 1 1 0 -2 1 0 0 0 1 0 1 -2 -1 1 -1 2 -1 1 1 1 1 1 0 0 -2 0 0 -1 1 -1 1 1 0 -2 1 0 -1 2 0 -1 0 3 1 0 -1 -1 -1 0 2 2 1 -2 2 -1 -2 0 -2 -1 -1 -1 2 1 2 1 0 0 1 2 0 0 0 -3 0 -2 2 0 1 1 0 1 0 1 0 -1 0 -1 2 -1 0 -2 -1 -1 -1 0 2 -1 1 0 1 1 -1 0 0 0 -1 0 -1 -2 0 -1 0 0 0 -1 1 1 -1 0 0 0 -1 0 -1 -1 1 -1 -2 1 0 -2 1 0 -2 -1 0 -1 0 0 -1 0 3 0 0 0 -1 -1 0 0 -1 -1 -2 0 1 0 -1 1 0 -1 0 2 1 -1 0 1 1 -1 -1 1 1 1 -2 -2 -1 0 -2 0 0 -2 0 0 1 1 -1 -1 -1 0 0 2 0 1 -2 -1 -1 0 -1 2 0 0 1 1 -1 0 -1 1 -2 -1 0 0 0 -1 1 0 0 0 -1 -1 -1 2 -1 0 -2 0 1 2 0 0 0 1 1 -2 0 0 1 1 -2 0 0 1 0 -2 -3 0 1 0 -1 1 -2 1 -1 0 -1 0 -1 0 2 -1 -1 0 -1 0 1 1 -1 2 1 0 -1 2 0 1 2 1 -1 1 1 -1 1 0
2 -1 1 0 -1 0 -2 1 0 0 -1 1 1 -1 -1 2 2 -2 0 -1 -1 1 1 2 -1 -1 0 0 0 -2 -2 -1 2 1 2 0 1 -1 -1 -1 1 -1 0 -1 1 -1 -2 -1 1 1 0 0 -1 0 3 -2 3 0 0 -1 -2 1 0 -1 -1 0 1 -2 0 0 0 0 2 -1 -1 1 0 0 1 1 -1 3 -1 -1 2 -1 -1 0 -1 1 1 -2 0 0 -1 1 1 0 0 -1 2 -1 0 1 0 -1 1 0 0 0 -2 1 -1 -1 2 1 1 -2 -1 1 0 0 0 0 0 0 -1 1 -1 -2 1 -1 -1 0 1 2 2 2 0 0 0 0 -2 0 0 -1 2 2 1 0 2 0 -1 -1 0 -1 0 1 3 2 0 0 0 0 0 0 1 1 0 0 0 0 0 -1 0 0 1 0 -2 1 1 -1 -2 -1 0 -1 -1 -2 3 -1 1 0 1 0 2 0 1 1 0 0 1 -2 0 -1 0 1 0 1 0 1 0 2 0 -1 -2 1 -1 -1 1 0 0 -1 -1 -1 0 -1 1 -1 1 0 1 0 -3 -1 1 0 -1 1 1 -1 0 -1 0 1 0 1 1 -1 0 -2 0 0 1 0 -2 0 -1 2 0 0 -1 1 2 0 -1 0 1 1 0 1 1 -1 1 0 0 0 1 0 1 -1 0 0 -2 -2 -1 2 -1 -1 0 0 0 -2 2 0 0 1 2 0 1 0 -1 0 0 1 0 1 1 0 -1 0 0 -1 1 0 -1 -1 -1 0 2 1 -1 -1 -1 -2 0 0 1 -2 -2 -3 1 -1 0 2 0 0 -1 0 2 -2 0 0 0 0 1 2 -1 1 1 2 1 1 -1 -1 -2 -1 1 -1 0 1 0 -1 1 0 -2 1 1 -2 0 1 1 0 0 0 1 0 0 -1 0 1 1 -2 -1 1 -2 -1 -1 1 1 -2 0 1 0 1 -1 1 1 1 1 2 1 0 0 0 1 1 0 -1 0 -1 0 1 0 1 0 -2 1 0 -1 0 1 1 -2 -1 0 -2 -1 -1 1 1 1 2 -1 1 -2 1 0 0 -1 0 -1 -1 -1 -1 1 2 0 2 2 1 -1 -2 1 -1 1 -1 1 0 0 1 0 1 0 -2 0 1 1 0 -1 0 1 -1 0 0 -1 0 -1 0 -1 -1 0 1 1 0 0 0 2 -1 -2 0 -1 1 3 0 1 1 1 2 0 -1 0 -2 0 1 0 -1 -1 0 2 1 -1 -1
2 1 -1 0 0 -3 -1 1 0 0 -1 1 -1 0 2 0 3 0 -1 2 0 -1 2 -1 0 0 3 1 0 -1 0 1 -1 1 3 1 0 1 0 -2 1 1 0 -1 0 1 -1 0 2 1 -1 2 0 -1 2 0 1 1 -1 1 -2 1 0 0 1 2 0 -1 1 1 1 0 1 0 3 -1 -1 0 1 -1 0 -1 -2 -2 1 0 -1 0 2 -1 -2 -1 1 -1 0 -1 1 1 2 -1 0 2 0 0 0 0 0 -1 0 1 -1 -1 0 1 0 0 0 -1 1 0 0 -1 2 1 1 0 1 -1 -1 2 1 1 2 0 0 -1 1 -1 0 -1 -1 -1 -1 1 1 -1 0 0 0 1 1 1 0 1 -2 -1 0 -1 0 0 0 0 0 2 1 0 -1 0 0 2 -1 0 0 2 0 0 0 0 -1 1 -1 1 1 1 1 0 -1 0 3 1 1 0 1 -2 -1 1 -1 0 1 2 -1 1 -2 -1 2 1 -1 1 -1 -1 -1 -2 0 -1 0 0 0 1 -1 1 1 -2 0 -1 3 1 0 -2 1 2 1 -1 -1 0 0 -1 0 -1 2 0 -1 1 0 0 0 3 -1 -1 -1 1 0 -1 0 -1 -1 -2 1 1 0 1 -1 1 0 1 1 -2 0 0 0 1 3 0 -1 0 -1 0 -1 -1 -2 0 2 0 2 0 1 -1 0 1 0 0 2 1 0 0 1 0 2 -1 -2 -2 -1 -1 1 1 0 -2 0 -1 -1 -1 1 1 1 0 -1 3 2 -1 -1 0 1 -1 1 0 0 -1 2 2 1 -1 0 1 -1 0 0 0 0 0 0 0 0 0 -1 -1 0 1 2 0 -1 -2 2 1 2 1 0 -1 -2 2 2 2 0 0 -1 -1 0 -1 0 0 1 1 1 0 2 1 1 0 -1 0 1 -1 0 1 0 0 1 2 0 -1 -1 -1 0 0 1 1 1 -3 0 1 0 0 1 1 1 0 2 -1 1 1 -1 0 0 2 1 -1 0 -1 0 -1 0 0 1 2 -1 2 0 1 0 1 -1 0 0 0 1 0 -1 1 0 -1 1 0 0 -2 -2 0 0 1 -1 1 0 0 -1 2 1 1 0 0 0 2 1 1 -2 -1 -2 0 -1 0 0 1 -1 -1 0 1 0 2 1 -1 0 0 1 0 -1 0 -2 1 -1 0 0 0 1 -1 -1 3 0 0 -1 0 2 1 -2 1 0 2 -2 -1 -1 0 0 0 0 0 -2 -1
2 0 1 1 1 -1 0 2 -1 -1 0 2 0 0 -1 -1 -3 -2 0 2 0 0 0 0 0 0 -1 0 1 0 1 -1 2 0 1 0 2 0 -2 -1 1 0 1 -2 1 -2 -1 1 -2 -2 -1 -2 0 0 2 0 -1 1 -1 0 0 1 0 -2 1 0 0 -1 0 0 0 1 1 0 3 -2 0 1 0 -1 -1 0 0 2 -2 2 1 0 0 0 0 1 1 1 0 0 2 0 1 -1 1 0 -3 2 -2 1 -1 0 -1 0 0 -1 1 1 -1 -1 1 2 1 0 1 -3 1 -1 -1 0 1 -2 -2 0 0 -1 0 2 -1 0 2 0 0 -2 -1 1 0 0 1 0 -2 0 0 1 2 1 0 1 0 2 -1 1 0 0 1 0 1 0 2 0 1 0 1 -2 -2 -2 -1 0 -1 0 0 0 -1 0 1 1 0 -1 -3 -1 0 0 0 0 -1 0 1 0 1 -1 2 0 1 -1 0 0 -1 0 1 0 1 0 1 1 2 -1 1 -2 2 -1 0 0 1 1 -2 1 -1 0 1 -2 -1 -1 0 0 -1 0 0 -2 -1 0 0 -1 0 -1 0 0 1 1 0 0 -1 0 1 -1 0 0 1 0 2 0 1 -1 2 1 1 1 0 1 0 0 1 1 0 0 -1 1 -3 -1 1 0 1 1 2 -1 0 1 -2 0 1 0 -2 1 1 1 -1 -1 -2 -2 -3 0 -1 -1 1 0 -2 0 -1 -2 1 2 0 1 0 -1 0 2 -1 2 0 2 -1 -1 0 1 1 0 -1 -1 -1 1 1 1 -1 -2 -1 1 -1 1 0 0 1 2 0 -1 -1 0 2 -2 0 -1 1 0 0 0 2 2 -1 1 0 -1 1 -2 -1 0 2 -1 0 1 0 3 1 0 1 0 1 0 0 0 -1 0 0 -1 -1 2 1 -1 -1 -1 -1 0 0 1 0 0 -2 1 2 -1 -1 0 -2 1 -2 2 0 -1 0 1 -1 -1 -1 2 0 1 0 1 -1 1 0 0 0 1 -2 -1 -1 0 1 0 3 -1 -1 1 1 0 -1 0 0 1 1 1 1 0 0 -1 0 0 0 0 1 1 1 2 0 0 0 0 1 0 2 -1 2 1 1 0 0 -1 -1 1 1 1 -1 -2 0 0 2 0 1 0 0 -1 0 0 0 0 1 0 0 2 0 0 0 -3 0 1 0 1 1 0 -1 0 0 0 0 -2 1 -1 1 0 -2 0 1 1 -1 1 0 0
-2 1 -2 -1 0 -1 1 -1 1 1 1 0 2 0 1 -2 0 0 1 -1 -1 -1 -1 0 0 -1 0 3 1 -1 -1 0 2 -1 0 2 0 0 -1 1 0 0 -1 -1 -1 1 -1 0 1 1 0 -1 -1 1 0 0 -1 0 -1 0 1 1 -1 -1 1 0 -1 -1 0 -1 1 1 -1 -2 -1 0 -1 2 2 -1 0 0 -2 0 1 0 -1 2 2 -1 0 -1 0 0 0 -2 0 0 1 1 -2 1 1 0 0 2 -2 -1 0 -1 0 1 2 1 -1 -1 0 0 0 1 0 1 0 1 -1 0 0 -1 0 1 1 -1 1 1 0 0 0 1 0 -1 1 -2 0 -1 0 -1 -2 0 -2 -1 0 0 0 2 2 -1 -1 1 0 1 1 0 -1 -2 2 -1 1 1 0 0 0 1 0 1 1 1 2 2 0 2 1 -2 0 -2 0 -1 -1 0 0 0 -1 -1 -1 1 0 0 0 1 -3 -1 0 -1 -1 -2 0 1 2 -1 -1 1 1 2 0 1 1 1 1 -1 -1 -1 -1 2 0 1 1 1 1 1 1 0 1 -2 1 1 -3 -2 -2 -2 -1 -1 0 2 1 -1 2 -1 -1 1 0 0 -1 0 0 -2 -1 1 0 1 -1 -1 2 -1 0 2 0 -1 -1 -2 1 1 -1 -1 0 0 0 1 -1 0 1 1 -1 -1 0 -1 0 2 2 1 -1 0 1 -1 1 2 -1 2 -1 -3 0 1 1 0 0 0 0 1 -1 -1 -1 0 -1 -1 0 0 0 1 0 2 0 0 0 0 1 1 -1 0 1 0 1 -1 1 0 -1 -2 0 -3 1 -1 1 2 -1 1 -1 0 1 0 2 -1 -1 -1 0 0 0 0 0 0 -1 -1 -2 1 1 1 0 -1 1 2 0 -3 -1 1 -2 1 0 0 1 0 2 -1 -2 0 -2 -2 1 -2 2 0 1 0 -1 2 0 3 0 -1 -1 0 -2 0 0 -1 0 -1 0 1 0 -1 1 -2 1 -2 1 -1 -1 0 -1 0 -1 -1 2 -1 0 -1 1 -2 0 1 0 0 2 0 -2 -2 0 1 -3 0 0 -2 -2 0 0 1 -1 -1 -2 1 0 0 1 -2 1 2 1 0 0 0 1 -2 0 1 1 2 0 -1 -1 0 -2 0 0 -1 1 -2 -1 0 -1 1 0 0 -1 1 -1 1 0 0 -1 -1 -2 -1 -1 1 0 1 0 1 0 0 0 0 0 -1 0 -1 -1 1 -1 0 1 1 0 1 0 0
-1 1 0 -1 0 1 0 1 -1 1 1 1 -2 0 0 1 -2 1 -2 1 -1 -1 0 1 1 -2 -1 0 0 0 -1 -1 -1 2 -1 -2 2 0 0 0 1 1 0 2 1 1 -1 0 0 0 0 -1 1 -1 -2 -1 -1 1 -1 -1 1 -2 0 0 1 -1 -1 -1 -1 1 0 -1 0 -1 0 2 -1 0 -1 -1 -1 0 -1 -1 2 0 1 0 1 -2 -2 1 1 -2 0 1 -1 -1 1 -2 0 -1 2 1 0 0 -1 0 1 0 0 -1 2 -1 1 1 1 1 -2 -1 -1 -1 1 1 -1 -1 0 0 -1 1 0 0 0 -1 -1 -1 -1 0 0 1 0 1 -1 0 -2 0 0 3 0 0 -1 0 2 0 -2 -1 -2 0 1 -1 -1 1 -1 -1 0 -1 1 1 0 0 0 0 0 -1 1 -2 -1 0 -3 0 -1 1 -1 1 -2 2 -2 0 0 0 1 -1 0 0 1 1 0 -2 0 -1 -1 -1 0 2 0 1 0 1 -1 1 -1 1 0 1 0 0 -2 1 -1 0 2 0 -1 0 0 0 -2 -1 1 1 2 0 -1 0 1 2 -2 0 1 0 1 -1 -3 0 1 1 2 1 0 0 0 -1 -1 3 -1 0 0 -2 0 -1 0 0 -1 1 0 1 1 1 -2 -1 0 0 0 0 1 -1 1 1 -2 1 -3 2 0 0 0 1 0 0 0 0 -1 -1 1 0 -2 0 -1 -1 0 2 1 1 2 1 1 0 -1 0 -1 -2 2 2 2 0 1 1 0 1 -3 1 1 0 -1 1 0 0 0 0 -1 -1 -1 0 -3 -1 1 0 0 0 0 1 1 0 0 -2 1 1 -1 0 0 1 -1 0 0 1 0 0 0 1 0 2 0 2 -1 1 3 2 -1 2 0 -1 0 0 0 0 -1 0 -1 -1 0 0 0 -1 2 -1 0 0 0 2 -1 2 1 1 0 1 1 1 -2 1 -1 0 1 0 -2 0 2 0 -1 1 -1 0 0 1 -2 1 1 0 0 -2 0 0 2 -1 0 -2 -1 1 -1 0 1 -1 0 1 1 -2 0 -2 -1 0 -1 0 -1 1 -1 0 0 0 -1 1 1 -2 -1 2 0 -2 2 -3 1 1 -2 0 0 1 -1 -1 -2 1 -2 -1 1 0 1 0 1 0 1 0 -1 0 0 2 0 -1 1 -1 1 -1 -2 0 -1 0 -2 0 0 1 0 2 1 1 1 1 0 0 -2 1 0 0 0 2 1 -1 1 1
-1 0 -2 1 1 2 1 2 -1 1 -1 -1 1 2 0 -1 -2 -1 0 0 -1 -1 0 2 0 1 0 0 1 1 0 -1 0 -2 0 1 -1 2 -1 -1 -2 -1 1 1 -1 -1 0 1 -1 -1 -1 1 -1 1 1 1 0 -2 1 -1 0 0 2 -2 2 1 -1 1 0 0 0 0 -1 -1 -1 0 0 0 -2 -1 -1 0 -1 1 -1 1 0 0 0 0 1 1 -1 -1 1 0 0 -1 3 -1 1 -1 0 0 -1 1 -1 1 -1 -1 0 1 0 1 0 0 1 -2 2 0 2 1 -1 2 1 1 0 -1 -1 0 0 0 -1 0 -1 2 1 -1 -1 0 1 0 -1 0 1 1 1 0 0 0 0 0 0 0 1 -1 3 2 3 1 0 -1 -2 -1 -1 0 0 -1 2 0 1 -1 1 -2 -1 -2 2 -1 -2 1 0 0 0 -1 1 0 1 0 2 -1 0 -2 1 0 0 1 -1 1 0 -1 1 1 -1 -1 0 0 1 2 1 -1 2 1 -2 2 1 0 1 2 0 1 -1 0 0 2 0 1 -1 2 0 0 0 0 0 1 0 -1 1 2 0 0 0 0 -2 -1 1 -1 1 0 1 0 -1 0 1 0 1 -1 0 -1 0 0 1 -1 -2 -2 0 -3 0 -1 1 0 0 1 1 0 -1 -1 -1 0 0 2 0 -1 1 -2 1 -1 0 0 1 -2 1 0 0 1 0 1 -1 1 0 -1 0 -2 0 0 -2 -1 1 0 -2 -1 1 0 2 1 -1 -2 -2 0 0 1 0 -1 0 -1 -1 -3 0 1 1 1 -2 1 1 1 -1 0 1 2 0 1 1 -2 0 -2 -2 0 -1 0 -1 0 1 1 1 2 -1 0 0 -2 1 -1 -2 2 1 1 0 0 2 -2 -1 -1 0 -1 2 -1 -2 -1 1 0 -1 -2 0 1 1 0 2 -2 1 -1 2 1 0 0 -1 -1 2 0 -2 1 -1 0 -2 2 1 0 0 2 1 -1 1 -2 2 0 0 2 0 -1 1 0 0 0 0 -1 0 1 0 3 -1 1 -1 2 1 -1 -2 0 -1 1 0 -1 -1 0 1 -1 0 2 2 2 0 -1 0 0 0 -1 -1 1 0 -1 0 0 1 -1 2 0 1 0 1 2 -1 0 2 0 1 -2 -1 0 0 3 0 -2 1 -1 0 1 1 -1 0 -1 0 0 0 0 2 0 -1 0 0 0 0 1 -1 0 0 1 0 1 0 -1 0 1 -1 1 0 0
1 1 0 1 1 0 2 0 -1 0 -1 1 0 0 1 -1 0 0 -1 -1 -1 -3 1 1 0 3 0 0 0 1 1 1 -1 1 1 1 0 1 -1 0 -1 1 1 1 0 1 0 -1 3 1 -1 0 -1 0 1 -1 1 0 0 0 0 -1 1 -1 -1 -1 -1 1 2 -1 -1 0 0 3 0 1 -1 0 -1 1 2 0 1 1 1 1 0 -1 0 0 0 0 -1 3 -1 0 0 -2 3 0 0 1 0 2 1 -1 -1 0 0 -1 -1 -1 1 1 0 -2 -1 0 0 -2 2 1 -1 0 0 2 2 -1 -1 1 -2 -1 0 0 -1 1 0 1 -2 -1 2 0 -1 0 0 0 -1 1 0 1 0 -2 -1 2 1 -1 0 3 -1 -1 3 1 -1 1 1 0 1 0 -2 0 0 1 1 1 2 -1 0 0 0 2 -1 -1 0 0 0 1 1 1 0 0 -1 -1 -1 1 -1 0 0 -1 1 1 0 0 -1 -1 1 -1 -1 1 0 0 1 2 0 0 -1 0 -1 0 -2 -1 0 -1 -1 1 1 1 1 3 -2 1 0 -2 0 -2 1 2 0 0 0 1 1 1 0 0 1 -1 -1 -1 -1 -1 2 -1 1 0 -1 0 2 -2 1 0 -1 -2 3 -1 1 1 1 -1 -1 0 1 0 -1 2 0 0 -1 -1 -1 1 1 1 1 -1 1 -1 2 -1 1 0 1 1 0 -1 1 -2 1 -1 -3 0 0 0 -1 1 1 -1 0 -1 0 0 0 1 0 -2 -1 1 0 -1 0 1 0 1 0 0 0 0 -1 0 -1 -1 1 0 0 2 0 -1 -1 -1 0 -1 2 1 -1 2 1 1 1 0 0 0 2 0 1 0 -3 -1 0 -1 1 -1 1 1 2 0 0 1 -1 -1 0 1 0 -1 1 1 -1 -1 0 -1 0 -1 0 1 0 0 -1 -1 0 -1 0 -1 0 1 -1 2 0 2 1 0 0 1 -1 -1 1 0 1 1 0 -2 0 0 -2 0 0 -1 1 -1 2 2 0 0 -1 2 0 -2 0 0 3 -1 -1 0 0 1 0 -2 2 1 0 -1 2 0 -1 -1 1 0 1 -1 2 0 -1 -1 1 0 -2 -1 0 1 -1 1 0 -1 0 2 -1 -1 -2 1 1 -1 -1 1 0 1 -1 -1 0 0 0 1 0 -2 -1 -1 -1 -1 2 1 2 -1 1 -2 -2 0 0 1 0 -1 0 0 0 0 1 0 0 0 1 1 -1 -1 -1 0 0 1
1 0 1 -2 1 -1 1 2 -1 -2 1 1 -1 1 0 -1 0 1 2 -1 1 -2 0 0 0 1 -1 -1 1 -1 0 -1 -1 0 2 0 1 0 2 1 1 2 0 0 1 -1 -1 -1 1 1 -1 -1 -1 1 0 -1 2 -1 0 -1 1 0 -1 0 1 1 0 -1 0 1 2 0 1 0 0 -2 -1 0 -3 1 2 1 1 -1 0 -1 1 0 0 0 -2 -2 1 0 -1 1 0 1 1 1 0 0 1 0 0 -1 0 -2 0 0 0 1 2 -1 -1 1 -1 1 -1 0 0 1 -1 1 0 1 0 -1 -2 0 0 0 0 0 -1 0 0 -1 0 0 0 1 1 -2 0 -1 0 0 -2 1 0 -1 2 -3 -1 1 0 -1 0 -2 1 1 -1 2 0 -1 0 1 0 0 0 0 -1 2 -2 0 -1 0 -1 1 2 -1 1 0 0 1 1 1 1 2 2 -2 -1 2 0 0 0 -1 -1 1 0 1 -1 -3 -1 1 0 -2 -1 0 0 1 -2 2 0 0 0 1 1 0 -1 0 -1 0 0 0 -1 -1 0 1 0 2 1 -1 0 1 0 1 -2 2 -1 -1 -1 1 1 0 3 0 -1 0 0 2 -2 0 0 0 0 -1 0 1 0 0 -2 0 -1 0 1 -1 -1 1 0 1 0 1 2 0 0 1 0 0 1 0 1 0 2 -1 1 -1 -1 -1 0 0 2 0 0 0 0 0 -2 0 1 1 2 1 -1 2 0 1 2 1 -1 -1 1 0 -1 0 1 -1 -1 0 1 -1 1 1 -1 0 1 0 1 1 -2 -2 -3 1 2 0 1 -2 0 0 0 -1 0 1 -1 0 -1 1 1 1 -2 0 2 1 0 -1 0 1 1 -1 1 0 2 0 0 1 0 0 0 1 0 -1 -1 0 0 -1 1 -1 -1 1 -1 -1 1 0 0 -1 1 -3 -2 1 3 -1 -1 -2 1 0 -1 -1 0 2 1 0 -2 1 1 -1 -1 -1 0 2 -1 0 -2 1 -1 -1 -1 0 -1 -1 -1 0 -1 1 2 0 0 0 -1 0 1 -1 1 1 2 0 2 -1 -1 1 1 2 0 0 -1 -1 1 -2 0 0 -1 2 0 0 -2 0 0 0 0 0 -1 1 1 3 -1 1 -1 -1 -1 1 -1 1 -1 1 1 -1 1 1 1 2 1 -2 1 0 -1 -1 -1 -1 2 0 1 0 2 1 -1 0 0 0 -1 -2 2 1 -2 1 1 1 1 0 1 1 -1 0
0 2 0 -1 1 -1 0 1 1 -2 2 0 0 0 1 1 1 -1 1 -1 0 -1 0 -1 -1 1 0 -1 1 3 1 -1 0 0 1 -1 0 1 -1 1 -1 2 -1 -1 -1 0 2 1 1 0 -1 0 0 -2 -1 1 -2 0 0 0 0 1 0 1 1 -1 1 1 0 0 -1 1 -1 0 1 2 2 1 1 1 1 -1 -2 0 0 0 -2 -2 -1 -1 -1 2 -2 -2 -2 -1 1 0 -2 -3 0 1 0 0 0 -1 0 0 -1 1 0 -1 0 1 0 0 1 -2 -1 1 -1 0 0 1 1 0 0 1 1 0 -1 0 0 2 -2 -2 -1 1 0 1 0 0 -1 0 -1 -1 1 -1 1 0 1 -2 -1 1 1 2 -1 2 -1 -2 0 -1 -1 0 -1 0 -1 1 0 1 0 0 -2 0 -1 -1 0 -1 2 -1 0 0 1 2 0 0 2 0 0 -1 -1 -1 -1 1 0 -1 1 -1 0 2 3 0 -1 2 -1 -1 0 0 1 1 0 0 -3 1 0 0 0 -1 0 0 0 -2 0 1 0 0 1 -1 1 0 -1 0 2 2 1 1 0 -1 0 0 0 0 -1 -2 -1 0 -1 2 0 0 0 0 -2 0 0 -2 1 0 0 0 0 1 1 -1 1 2 0 1 1 -1 0 -2 -2 1 0 2 -1 -1 -2 0 0 -1 1 1 1 1 1 -1 1 1 0 0 3 0 1 2 1 -2 -1 1 0 0 1 -1 0 0 0 0 1 1 -2 1 0 1 0 0 -2 0 -1 -2 1 0 1 0 2 0 0 -2 0 -1 -2 -2 2 0 1 -1 0 1 -1 -2 1 1 2 0 -1 -2 0 -1 -1 1 -1 -1 1 2 -1 -1 -3 1 -1 -2 1 -1 1 2 1 1 1 0 0 1 -2 1 0 -1 1 1 1 0 1 -2 -1 1 -1 0 -1 0 1 2 -1 0 -1 1 0 0 1 -2 -1 -1 0 1 -1 0 2 0 2 1 0 1 -1 0 1 1 1 1 -1 -1 0 3 0 1 0 -1 0 1 -2 -1 -1 1 2 0 -1 1 0 1 1 0 0 1 1 0 1 -1 0 -3 -1 2 1 -1 -1 -1 0 2 -2 1 -1 0 0 0 -1 -1 0 -1 2 1 1 0 0 1 0 -1 1 0 0 0 -1 0 -1 0 2 0 1 0 0 -1 -1 0 2 0 1 2 1 -1 1 2 -2 0 0 1 -1 0 -1 1 1 0 0 3 0 0 2 2 1 -2
1 0 1 -2 0 -1 0 2 0 0 -1 0 1 0 -1 2 2 -1 0 2 1 1 -1 0 1 -1 -2 -2 1 0 0 -1 1 -1 -1 -1 1 2 -1 1 2 1 0 0 1 0 -2 0 1 -1 0 -1 0 0 0 -3 1 0 0 -1 -1 -1 -1 1 0 0 0 0 1 1 0 -1 1 0 1 -1 1 -1 1 -1 0 -2 0 0 0 1 1 1 0 1 -1 0 0 0 2 0 1 -1 -1 0 -1 -1 -1 0 -2 3 1 -1 0 -2 -2 0 2 1 0 -1 0 -1 0 1 3 0 -1 2 -1 1 0 -1 0 1 0 -1 0 0 -1 0 1 1 0 -1 -1 -1 -1 0 0 2 0 -1 0 1 1 0 3 0 1 0 -1 0 0 1 1 -1 0 2 1 -1 2 -1 -1 -2 0 -2 0 0 1 -1 2 0 0 1 0 0 1 -1 0 1 1 1 2 -1 1 2 -1 0 1 1 0 0 -1 1 -1 0 0 -2 0 2 1 -2 0 0 0 -1 1 -1 -2 -2 -2 0 2 -2 -1 1 -1 -1 1 -1 0 -1 -1 1 0 0 1 0 1 2 0 -1 1 -1 1 1 1 0 -1 -1 -1 -2 0 0 1 3 1 1 0 1 1 0 0 -1 0 1 -1 -1 -1 0 0 0 -2 -1 0 2 0 3 1 -1 2 -2 -1 0 0 2 1 -1 -1 0 1 2 1 0 0 1 -1 1 -1 2 0 0 1 0 0 0 1 0 0 -1 -1 1 1 -1 1 -1 -2 1 0 0 2 -1 1 2 0 2 0 -3 -1 1 1 2 -1 -2 0 1 -1 -2 -1 0 1 2 0 0 0 -1 -1 -1 1 -1 -1 2 1 1 0 0 0 -1 0 1 0 0 0 0 -2 -1 -1 0 -1 0 -2 -1 1 0 1 0 1 2 1 0 1 0 2 0 2 0 1 -1 -1 0 0 1 0 2 -1 1 1 -1 0 1 -1 0 0 1 1 -2 -2 1 0 1 1 1 0 0 -3 -1 -1 0 2 1 0 -2 -2 1 1 0 0 0 -1 1 -1 0 1 -1 0 0 0 1 1 -1 1 1 -1 -2 1 0 0 0 1 0 -1 1 1 -1 1 1 1 2 -1 -2 -1 -1 -1 -1 1 0 -1 -1 0 0 -3 -2 -1 -1 0 1 1 -1 2 0 2 2 0 1 0 -2 1 -1 0 -1 2 0 1 2 1 1 1 0 0 -1 0 -1 1 1 1 0 1 0 1 -1 1 1 0 0 -1 -3
0 2 -1 0 1 0 0 0 -2 -1 0 -3 0 -1 0 -2 -1 1 -1 0 0 0 0 1 0 3 0 0 0 -1 -2 0 1 -3 -1 0 -2 0 1 1 -1 1 0 1 1 -1 0 1 2 -1 0 -1 1 -1 1 -1 -1 1 0 -2 1 0 1 -1 0 1 2 0 -2 2 1 -1 1 0 -1 0 -1 0 0 -2 0 -1 2 -1 0 2 0 -1 2 -1 -1 0 1 0 0 -1 0 -1 0 0 -1 -1 1 0 0 0 0 1 1 1 1 1 0 0 1 1 -1 -2 1 0 3 1 1 0 -2 -1 2 0 1 0 -2 -3 1 -3 0 1 0 0 2 0 0 -1 -1 0 -1 0 -1 -1 1 -1 0 1 1 1 0 1 -1 0 0 2 2 1 1 -1 1 0 -1 0 -2 -1 2 0 1 -1 2 1 -1 2 0 -1 0 -1 0 1 0 1 2 -1 0 1 0 -1 1 2 1 -1 -1 1 0 -1 1 0 2 0 -2 0 -1 -1 -1 -1 -1 1 -2 1 0 1 0 0 0 1 0 1 -1 1 -2 1 0 1 -1 0 0 1 2 -1 -1 1 -2 1 1 1 0 1 0 1 -1 1 1 2 0 -1 -2 0 0 -1 1 -1 0 1 0 0 -2 0 -1 1 1 0 -2 0 1 1 -1 0 1 1 0 1 -2 0 1 0 2 -1 0 0 1 0 -1 0 1 0 2 1 -1 1 -2 0 1 -1 -1 0 2 1 0 0 -1 1 -1 1 1 1 0 0 0 0 0 -1 -1 1 -1 3 -2 3 0 1 1 0 -1 1 -1 1 -1 0 -2 0 0 -2 3 0 0 -2 0 0 -1 0 -1 0 0 -1 0 1 -1 0 1 0 1 0 0 -1 -1 -1 1 0 -1 -1 0 0 0 1 0 1 1 0 -2 1 0 0 1 -2 -1 -2 -2 1 -2 -2 0 1 -2 -1 2 -1 1 0 3 -1 1 0 0 3 -1 -1 0 0 -1 0 0 2 0 1 0 -1 -2 1 -1 2 -1 -1 0 -1 0 -1 -1 -1 0 -2 -1 -1 -1 -2 0 -2 -1 -1 0 0 0 2 0 1 -1 0 0 0 0 1 0 1 0 0 0 -1 1 2 1 0 0 0 -1 -1 -1 1 -1 2 0 0 0 0 0 -2 -1 1 1 0 1 0 0 0 -1 1 0 -2 -1 0 0 -1 2 0 0 -2 0 1 1 -2 0 0 -2 0 1 0 2 -2 0 0 -1 -2 0 -2 1 2 0 1 0 -1
2 0 2 0 1 0 -2 0 2 2 -1 1 1 1 0 3 2 -1 -1 0 -1 -1 -1 0 1 1 -1 0 0 3 2 -1 -1 -1 -1 0 0 0 0 -3 0 1 0 -1 1 -2 1 1 1 0 -2 1 0 1 0 -2 2 2 0 1 1 0 2 -1 -1 0 0 0 1 -2 -1 1 -1 -1 0 0 1 0 0 0 0 -1 -1 0 -1 0 0 0 -1 0 -1 1 -1 1 0 0 -2 0 0 0 2 -1 0 0 0 0 -1 0 -1 2 2 0 1 1 0 0 -1 -1 -1 1 1 1 -1 1 2 -2 0 -1 1 -1 -2 0 -2 1 -1 0 0 -1 1 -2 1 -1 -2 -1 -2 -1 1 1 -1 0 -1 1 2 1 3 -1 -1 -1 0 1 1 0 0 2 0 -1 1 -1 1 0 0 0 -2 -1 1 2 0 0 1 0 0 0 -2 0 0 1 0 0 0 0 -2 0 2 1 2 2 0 0 -1 -1 2 -1 0 1 0 0 0 0 -1 0 -1 1 2 0 1 1 -1 2 -1 0 0 0 0 -2 -2 0 1 0 -1 -2 1 0 0 -1 1 1 -2 0 -1 -1 -1 0 0 0 0 0 1 -1 2 3 -1 1 0 1 0 0 -1 -1 0 0 -2 1 -1 1 0 -1 0 -1 -1 0 -2 0 -1 0 1 2 -2 -1 0 0 1 3 2 3 -1 1 1 -2 1 0 0 -1 0 0 0 0 -1 1 -1 1 2 -2 -1 2 0 0 0 0 1 0 1 0 -1 -2 1 -2 2 1 1 1 -1 1 -2 1 -1 1 1 1 -1 1 -1 1 0 1 -2 0 0 2 -1 0 0 0 0 -1 1 -1 0 1 0 0 0 0 0 -2 0 0 0 1 -1 0 -1 -2 1 0 0 -1 0 -1 1 0 1 1 0 0 0 0 0 0 3 2 0 -2 -2 2 -1 0 0 0 -2 2 0 0 0 1 0 1 0 -1 -2 0 1 0 -1 -1 1 1 0 0 1 -1 0 0 0 2 3 2 1 -1 -1 -1 -2 0 0 1 0 -1 -1 1 1 1 0 1 -2 1 0 1 1 -1 0 -1 0 -1 -1 1 2 -1 -1 0 0 -1 1 0 1 0 2 -1 1 1 -1 -3 -1 0 0 -1 0 2 0 3 -2 2 0 0 0 1 0 1 -1 1 0 -1 1 -2 0 0 0 0 -1 0 -1 0 0 0 2 0 1 0 0 1 1 2 0 1 0 0 0 0 0 -1 2 1 0 -2
-3 -1 0 0 -1 0 1 1 1 0 -1 1 0 0 -1 1 1 -1 -1 1 1 -1 0 -1 0 -1 1 -1 0 0 -1 -1 2 0 0 -1 1 1 -3 0 -3 1 1 1 -1 0 -1 0 -1 0 3 1 -1 0 0 0 1 1 1 1 0 -1 1 0 0 0 2 -1 0 1 0 0 1 -1 0 0 1 0 -2 -1 0 -1 0 -1 -2 1 1 -1 0 -1 1 0 1 1 1 1 2 0 0 -1 -1 -2 -2 2 0 2 0 0 2 0 -1 -1 -1 -2 -1 0 1 0 0 -2 1 -1 1 0 -1 0 1 0 -1 0 0 -1 3 -1 0 1 0 1 -1 1 1 0 1 -1 1 -1 2 0 0 -1 1 0 0 0 1 0 -2 0 0 -1 2 1 2 1 0 0 1 1 -1 1 1 1 0 1 0 -1 0 -1 -1 -2 1 0 0 -2 -2 -1 0 2 -1 1 0 0 -1 1 1 1 -1 0 -2 1 -1 0 1 -1 2 -1 2 1 -2 1 0 0 -1 -1 0 0 1 0 0 0 0 1 0 1 1 0 0 -1 0 1 0 -1 -1 0 2 -2 2 -2 1 1 0 0 0 2 0 0 -1 -1 -2 -1 -1 0 -1 1 3 1 2 1 0 -2 -1 -1 0 0 -1 0 2 -1 1 0 1 1 0 0 0 -1 3 0 -1 -1 1 0 0 -1 1 -1 -2 -1 -1 -1 -1 2 0 2 0 1 1 0 -1 2 -1 0 1 0 1 0 0 1 2 0 1 2 -1 2 0 1 -2 -1 0 2 0 -1 1 -1 2 0 -1 -2 0 -1 0 0 0 0 0 -2 1 0 0 -2 0 0 -1 0 1 1 -1 1 0 1 0 -2 0 0 -1 -1 0 0 -1 1 -1 0 2 -2 -1 -1 0 -1 -1 -1 -1 -1 1 -1 2 0 -1 1 1 -1 1 -3 0 0 0 0 2 0 1 0 2 -1 0 -1 0 0 -1 2 1 0 0 1 -1 0 -1 0 -2 -1 0 0 0 0 0 2 -1 -1 1 1 -1 -2 0 1 -2 0 1 -2 -1 -2 1 0 1 0 -2 0 0 -1 -1 0 -3 0 1 -1 -2 1 0 -1 -2 1 0 -2 1 1 1 0 -2 -1 0 -1 1 -1 2 0 2 0 0 0 0 0 0 0 1 0 2 0 -2 0 1 0 0 0 2 2 1 -1 0 0 1 0 0 -1 0 -2 2 2 0 -1 -1 -2 2 1 0 1 2 2 0 0 0 2 3 1 0 -1
2 1 1 0 -1 0 -1 0 2 0 1 0 0 -1 0 0 1 -2 1 0 1 0 2 -2 -2 -3 1 1 0 0 -1 1 -2 0 -1 1 2 -1 -1 0 0 0 0 -1 0 1 0 -2 0 1 1 1 -1 1 1 -1 -1 -2 0 -1 -1 1 -2 1 2 -1 1 -2 0 0 0 0 1 0 0 1 1 2 0 0 0 -1 1 0 0 0 2 -2 2 0 1 0 1 -2 1 0 1 -1 0 -1 1 -2 0 1 0 2 1 0 0 0 1 1 1 -2 -2 1 1 0 1 -2 0 1 1 -2 -1 0 2 -1 -1 0 0 0 1 1 -1 2 0 1 0 0 0 1 1 1 2 -1 0 2 1 -1 1 0 1 -2 2 0 0 -1 1 0 0 1 0 1 -1 0 -1 0 0 1 -1 -1 0 -1 0 -1 0 -1 0 -1 0 -2 -1 0 2 -1 -2 -1 -1 1 2 0 -2 -1 1 0 1 0 0 0 -1 0 -2 0 0 1 0 0 1 0 -2 0 1 1 -2 -1 -1 0 0 -2 -2 1 -1 -1 1 0 1 0 1 1 1 1 -1 1 0 -1 3 0 -1 1 0 -1 0 1 0 0 0 0 -1 1 -1 1 1 0 0 -2 2 -1 0 1 -2 -1 0 -1 -2 -1 2 -2 1 -1 0 0 -1 2 -3 -1 1 0 0 -1 2 0 0 -1 -2 -2 0 -1 0 0 0 0 1 2 1 1 1 -1 2 0 0 -1 2 -1 -1 -1 2 -1 0 1 -1 1 0 0 0 0 -1 -2 -1 0 -1 1 0 0 -3 -2 -1 0 1 0 0 -3 1 1 -2 1 1 0 0 -1 0 -3 -1 -2 -1 0 2 1 -1 0 1 -1 1 3 0 0 1 0 0 0 1 -1 0 0 1 -1 -2 -1 0 1 2 0 1 -2 1 -1 1 0 -1 0 0 2 1 1 -1 1 1 -1 0 -1 1 0 -1 1 2 1 1 0 1 -1 0 1 1 0 0 -2 -1 -1 1 0 0 1 0 -1 -1 0 1 0 -1 2 1 1 -1 0 1 1 -1 -1 1 2 -2 0 0 -1 0 1 -1 0 -1 0 -1 -2 -3 1 0 1 -2 2 -1 1 0 -1 -2 1 2 1 0 0 1 2 2 0 1 -2 0 1 0 0 -1 0 0 0 -1 -1 0 0 1 0 0 -2 -1 2 0 1 1 -1 1 1 1 -1 -2 0 1 1 0 1 1 1 0 -1 -1 1 -1 2 0 1 -1 -1 0 1 0 1
-2 0 1 1 1 2 1 0 1 0 0 0 1 -1 3 -1 0 1 0 0 2 0 -1 0 -1 1 -2 0 -1 1 -1 1 0 0 0 1 -1 0 1 -1 1 -2 -1 2 -2 2 0 0 1 -1 0 -1 1 0 0 1 -2 2 0 1 0 1 -2 1 -2 0 -2 0 -2 -1 0 -3 -1 -1 1 0 -2 0 1 -1 1 1 0 1 -1 -1 0 0 -2 -1 0 0 1 1 1 -1 0 1 0 0 3 0 0 -2 -2 0 1 1 -1 -1 0 1 1 1 2 1 -1 -1 0 1 3 -1 0 1 1 -1 0 1 0 -1 -1 -1 1 -1 1 1 -1 0 0 1 -1 -1 0 0 1 -1 1 0 -1 1 0 -2 -1 1 0 0 0 -2 0 2 0 0 0 1 -1 1 2 0 1 1 1 1 1 1 1 2 2 0 1 0 0 0 1 2 1 3 1 0 0 0 0 1 0 0 0 0 -2 2 -1 0 1 1 0 0 -1 -1 0 0 -1 0 -2 2 -1 -1 0 -1 1 0 -1 2 -2 0 2 0 -2 0 1 2 0 -1 1 -1 0 0 0 0 0 2 1 -2 0 -1 0 1 -3 1 1 3 1 1 2 1 -1 -1 -2 -1 1 0 -1 0 0 1 -2 -2 1 0 0 0 -1 1 -1 -1 0 1 -1 1 -1 2 0 1 1 -1 -1 -1 0 -1 -1 0 0 1 1 2 -1 1 1 1 0 1 -1 -1 1 -1 -2 -2 0 -1 -1 0 0 -1 -1 -1 0 0 0 2 -1 -1 -1 -1 0 -1 0 0 3 -1 1 0 1 0 0 0 0 2 -1 0 2 -1 0 0 2 1 0 1 -1 -1 0 0 0 1 1 0 0 0 2 1 -1 1 0 -2 -1 -1 -2 -1 -1 -1 1 -1 1 -1 -1 -1 0 1 0 -1 -3 -2 2 -3 -1 1 0 0 0 0 -1 2 -1 0 1 0 0 0 -3 0 0 -1 0 0 -1 1 2 -2 0 0 0 1 1 -1 0 -1 1 0 0 -2 0 0 1 1 0 1 0 0 -1 -1 1 -1 1 -1 -1 0 0 0 0 0 1 -1 2 0 1 0 1 -1 2 -1 -1 0 0 0 0 0 1 0 1 0 -1 -1 1 -1 0 -1 0 1 -1 2 -1 1 0 -2 -1 0 1 0 0 1 2 -1 0 -2 0 -1 1 -2 -1 -1 1 0 1 0 1 -1 1 -1 0 0 -1 1 1 1 -1 0 1 -1 -2 0 -1 -2 2 0 -3 0
1 -2 1 -1 0 -1 -1 1 1 0 1 0 -1 -1 0 0 1 -1 2 0 0 -1 1 -2 2 1 1 -1 0 -1 0 -2 0 2 1 1 0 -1 1 0 2 0 1 -1 -1 -1 0 -2 0 2 0 -1 0 0 1 -1 0 -1 0 2 -1 1 0 0 2 0 0 2 -1 -1 -2 0 1 1 1 -1 1 1 1 2 -1 -1 1 -2 2 0 -1 -3 1 -1 -1 -1 -1 0 0 -1 -1 2 -1 1 0 0 0 0 0 1 -1 -1 -3 1 0 1 -1 2 0 0 1 0 -2 1 -1 -2 1 -1 1 -1 -1 0 -1 0 -1 -2 0 -2 1 1 1 -1 0 0 -1 0 2 -1 1 1 0 -2 0 -1 2 -1 1 -1 -1 -1 1 1 -1 1 0 0 2 1 2 -1 1 0 2 1 0 -1 -1 0 0 0 -1 1 2 0 1 0 0 0 0 -2 2 3 1 0 2 0 0 -1 -1 -3 1 1 0 0 -1 0 1 1 -1 -2 -2 -1 2 0 0 2 1 -2 0 0 1 0 -1 0 1 1 1 -1 0 0 0 1 0 2 1 -1 -3 -2 -1 2 -2 -2 0 0 -1 -1 0 0 1 1 0 0 0 -1 2 -1 1 0 1 1 -2 2 1 0 -1 -2 1 -1 1 0 0 1 1 0 0 1 -1 0 -1 -2 0 -1 -1 -2 0 1 -1 1 1 2 -2 0 1 -1 1 0 -1 -1 -3 0 -1 -1 0 1 0 -1 1 1 1 0 1 0 2 -1 1 1 1 -2 -1 0 0 0 -1 -1 1 0 0 0 1 3 1 0 0 1 -1 1 -1 2 1 0 0 -1 1 0 -2 0 1 0 -1 -1 1 -1 -1 -2 -1 -1 2 1 0 -1 0 2 -1 0 -2 1 1 1 -1 1 0 0 1 1 -1 -1 0 0 1 -1 0 0 0 1 1 -1 -2 -1 0 2 0 -1 1 -2 -2 0 -1 1 0 0 1 -1 -1 -1 -1 0 -1 0 1 0 0 -1 0 1 1 0 -1 -1 0 -3 0 1 -2 2 1 -1 -1 0 1 -2 1 -1 1 -1 0 1 0 -1 0 0 -1 1 1 1 0 1 -1 -1 0 -2 1 0 -1 1 0 0 -2 -1 0 -1 -1 0 0 0 1 -2 -1 1 0 1 0 1 1 2 -1 0 1 -1 0 1 0 1 0 2 1 -1 -1 3 0 1 0 -1 -1 -1 0 0 -2 1 2 1 0 -1 -1 0 -1 -1 0 0 0 -1 -1 -1 -1 -2 1 -2
-1 0 1 1 1 2 1 -1 0 1 0 -2 -3 -1 -2 3 0 2 0 1 -1 0 0 -1 0 1 1 1 -1 1 1 0 -1 1 -1 -1 0 0 -1 1 0 2 1 0 0 1 0 1 0 0 -1 -1 -1 0 1 1 0 -1 0 0 0 0 -1 0 1 -1 0 0 1 0 1 -1 0 1 0 1 0 0 0 1 0 -1 -2 0 0 0 0 -2 0 0 -1 1 0 1 1 2 -2 -1 -1 0 0 0 -1 1 -1 0 0 -1 1 0 0 -1 1 1 1 -2 2 -1 1 1 0 1 -2 0 -1 1 -1 1 2 0 -1 -1 -1 -2 -1 1 0 2 -1 0 1 -1 0 0 0 1 -1 0 1 -1 0 0 0 -2 0 -1 0 0 -2 -1 -1 -3 0 0 1 1 0 0 0 2 0 0 0 0 0 1 -1 0 1 0 1 -1 0 2 0 2 0 -1 -1 2 -2 1 1 2 1 1 0 -1 0 -2 1 2 1 0 1 -2 -1 -1 0 -1 0 0 1 0 0 1 -1 -1 0 0 1 -2 0 1 -2 1 0 1 -2 -1 3 1 0 -1 -1 0 1 -1 0 -2 2 2 1 -1 -2 1 -1 -1 0 0 -1 1 0 -1 0 0 2 -2 1 -1 0 -2 1 1 0 0 0 2 0 -1 0 -1 0 1 -1 0 -2 0 -1 0 0 1 2 2 1 0 1 0 1 0 1 -1 1 0 1 1 1 1 -2 0 0 1 -1 0 0 0 -3 1 0 1 1 -1 -2 0 -2 -1 -1 2 2 1 0 1 -1 0 0 2 1 1 1 -1 2 -1 0 0 -3 0 0 -1 -2 1 1 0 -2 1 0 0 0 0 -2 1 0 -1 0 -2 -1 1 0 2 -1 0 0 2 0 2 -1 -1 1 0 0 0 1 1 -1 0 0 0 0 2 2 -3 0 0 -2 2 -2 2 -2 0 1 0 -2 -1 0 0 1 -2 0 0 0 -2 0 -1 -1 -1 0 0 3 1 1 0 -1 -1 1 0 1 0 0 2 2 1 1 1 -1 -1 2 -2 -1 -1 -2 -1 -1 -1 0 1 0 0 -1 0 0 0 1 1 -1 2 -1 1 -2 1 0 -1 1 0 0 -1 0 1 1 0 -1 0 1 -1 -1 0 -1 1 -2 3 -1 0 0 2 -1 0 1 -3 1 0 0 1 0 0 -1 2 0 1 -2 1 0 0 -1 2 1 -1 0 0 0 0 2 1 1 -1 0 0 -1 0 1 -1 -2 -1 -1 0
-1 1 0 -1 1 -1 -2 -2 0 -2 0 0 -1 2 1 -1 -1 2 2 1 1 1 0 -1 -1 2 0 -1 2 -2 1 -1 0 1 0 -1 -1 -1 0 1 -1 0 -1 0 0 0 1 2 0 0 0 0 0 -1 -1 1 -1 1 0 0 0 -1 0 0 0 1 -2 1 1 0 -3 1 -1 2 1 1 1 0 0 0 0 -2 -2 2 1 -1 2 -1 1 0 0 -2 1 2 0 0 -1 0 1 1 -1 0 1 -2 0 -1 1 2 1 -2 -1 -1 1 -1 1 0 0 -1 1 0 -1 1 0 -1 -1 -2 -1 2 0 -1 1 0 0 1 2 -1 0 1 -1 1 1 -1 -1 2 0 -1 0 0 0 1 -1 2 0 -1 -1 3 1 0 -1 0 0 -1 0 -2 0 1 0 2 0 0 0 0 0 -2 0 0 -1 0 0 0 1 2 1 1 -1 -2 0 -1 0 -1 -1 2 0 0 -1 -1 0 0 1 1 1 0 0 -1 -2 1 2 0 2 -2 1 -3 -3 0 0 0 2 0 1 0 0 -1 1 0 0 0 1 1 1 -1 -2 -1 3 1 1 0 2 1 0 -2 0 2 1 -1 -1 1 -2 0 0 0 1 -1 -3 -1 -1 -1 0 -2 -1 1 -1 0 0 0 2 1 -1 2 0 1 -1 1 2 -1 1 0 0 -1 2 -1 -2 0 -1 -2 -1 2 0 0 0 0 0 -1 2 -2 1 0 -1 0 2 2 0 1 0 0 2 2 0 1 0 1 1 0 1 2 1 0 0 -2 -2 -1 1 0 0 0 -1 0 1 0 0 2 1 -1 2 -1 1 2 -1 1 0 1 0 -1 0 -2 -1 -1 0 1 -1 0 0 -1 1 1 0 1 1 1 1 -1 1 1 -1 0 -1 1 2 0 1 -1 0 0 2 -1 -1 0 1 1 0 0 0 0 1 1 1 1 -2 -1 -1 1 0 1 0 0 1 0 2 -1 -1 0 0 0 -1 -1 1 2 0 0 1 1 1 -1 2 0 1 1 0 0 -1 1 1 0 1 0 1 -1 -1 0 1 0 1 0 1 0 1 0 1 0 0 0 1 0 0 0 0 0 1 2 0 0 1 1 -1 0 -1 0 0 0 2 -1 1 -2 0 0 0 1 0 0 -1 0 0 0 0 0 1 0 -2 -1 1 0 0 0 0 -2 -1 2 0 2 2 0 -1 0 -1 -1 0 -1 1 -2 -1 1 0 0 0 0 0 1 2 -1 0 1 0 1
0 -2 0 1 -1 -1 1 0 -2 -1 -1 0 0 1 -1 0 -1 -1 -1 2 -1 0 2 -1 -1 2 -1 -1 0 -1 1 1 -2 1 -2 -1 1 1 1 0 1 -1 1 -1 0 1 0 0 -1 0 1 0 -1 1 1 -1 -1 -1 0 0 0 1 -1 -1 0 1 -2 0 -1 0 -2 0 0 1 -3 -1 2 0 0 -1 0 -1 0 0 0 0 1 3 -3 0 0 -1 1 0 1 -1 1 0 0 0 1 0 -2 -1 0 -2 1 -1 -1 1 1 2 1 0 2 0 -3 -1 -2 0 0 0 1 -1 0 0 -1 1 3 0 0 0 -2 -1 1 0 0 0 -1 -1 1 1 1 -2 1 1 0 -1 -1 1 0 0 0 1 2 1 1 0 1 0 2 -2 0 -1 -1 0 1 1 -1 -3 -1 1 0 -1 1 -2 0 3 1 -1 -1 -1 2 0 0 -1 1 -2 1 -1 0 0 1 1 0 0 -1 0 1 1 -1 0 -1 0 0 -2 0 1 0 -1 1 -1 -1 1 0 1 0 0 -1 -1 0 0 -1 0 -1 0 1 1 0 1 1 0 1 0 1 -1 2 0 0 0 0 -2 0 0 2 1 0 0 2 -1 0 1 0 1 1 -2 1 0 1 2 0 0 -1 1 -1 1 -1 -2 -1 -2 0 1 0 -1 0 -1 -1 1 -2 1 -1 1 -2 1 -1 2 0 -1 0 0 0 1 0 0 -3 -1 0 3 -1 2 1 1 -1 -1 2 1 -2 0 0 0 -1 1 1 2 -1 0 -1 2 0 -1 2 2 -2 -1 -1 0 1 1 0 0 -1 1 -1 1 -1 -1 1 1 2 0 2 0 1 1 -1 -1 1 -1 0 -1 0 1 -1 -2 -1 0 1 -1 0 0 -1 0 1 -1 1 1 -1 0 1 -2 -1 0 0 1 1 -1 -1 0 1 -1 1 1 0 1 -2 -3 -2 1 -2 0 -1 0 0 -1 0 2 2 0 2 1 -1 -1 -1 2 0 1 1 0 0 1 0 0 0 0 -1 1 0 1 0 0 -2 -1 1 0 0 1 0 1 0 0 0 -1 0 1 -1 -1 0 -1 -1 -1 -1 1 0 0 1 -2 1 0 0 2 1 -2 0 0 2 0 0 0 2 1 0 1 0 1 1 1 1 -1 0 0 -3 2 -1 1 -1 0 0 -2 1 -1 1 0 1 -1 0 2 2 0 2 -1 0 0 1 2 -2 2 0 2 2 1 1 0 -1 2 0 3 0 1 -1 0 0 -3
0 0 0 -1 1 0 0 1 -1 0 2 -1 2 0 1 0 0 1 2 0 0 2 1 0 -1 1 0 0 1 -1 1 -2 1 -2 2 -1 1 -1 0 -1 0 1 3 -2 1 1 0 -1 1 1 0 1 2 0 1 1 0 0 1 1 0 2 -1 0 -1 0 -1 0 0 1 -1 -1 0 1 -1 -1 -2 0 -1 -1 3 0 -2 1 0 1 0 -1 0 -2 0 -1 0 0 1 1 0 0 0 1 -1 1 -1 -1 1 -1 -1 -1 0 -1 0 -1 -2 -1 -2 -2 -1 -1 0 1 1 2 -1 1 -1 0 -3 1 0 0 -3 1 -1 1 2 -1 -1 -2 -3 2 1 0 -1 2 -1 0 -2 0 0 0 -1 -1 -1 0 0 -1 1 -2 2 -1 0 1 -1 -1 0 0 -1 1 -1 -1 -2 -1 -1 1 1 1 0 1 -1 -1 0 -1 0 0 0 0 0 -1 -1 0 0 1 -1 2 -2 0 0 0 0 1 1 -1 1 -1 -1 0 2 -1 0 1 1 3 0 0 1 0 1 0 1 -2 0 -2 -2 -2 1 0 0 0 -2 -1 0 1 -1 0 1 -1 -1 -1 0 1 1 -2 0 1 0 0 1 0 0 -1 0 -1 0 0 -3 0 0 -1 1 1 -1 3 0 0 -1 0 -2 2 0 2 1 1 1 1 -1 -1 1 0 1 0 2 1 1 2 -2 0 2 0 -1 1 1 -1 -2 0 2 1 1 0 0 0 1 1 -1 1 1 -1 1 2 2 1 -3 -1 1 -1 -1 -1 1 0 1 0 -1 -1 2 -1 1 2 0 1 0 0 0 -1 0 1 0 0 1 0 1 1 0 1 -1 1 1 1 1 -1 1 1 0 -1 2 -1 -1 1 1 0 0 1 0 -2 1 2 0 -1 0 0 1 0 0 0 -1 0 0 0 -1 0 0 -1 0 0 0 1 0 1 1 0 1 2 -1 0 -2 2 -1 0 1 1 -2 1 0 -1 -2 0 -2 1 1 2 -1 -1 2 0 0 0 0 0 1 1 -2 -1 0 0 -2 1 2 0 1 -1 -1 -2 -1 0 -1 0 3 0 1 1 2 1 -1 1 2 0 0 2 0 -1 2 2 0 -2 0 -1 0 2 0 0 1 -1 -1 0 -1 1 0 -1 0 1 -1 0 -1 1 0 0 2 0 1 0 0 1 0 -1 0 0 -1 -1 1 2 0 0 1 -1 1 0 -1 1 -1 -1 1 -1 1 -1 1 0 -2 -3 0 0 -1 1 0 1
0 2 0 0 0 -1 0 0 0 0 -1 1 0 1 1 0 0 0 0 0 -2 0 1 -1 0 1 0 -1 0 1 0 2 1 2 -1 -1 1 1 0 0 1 -1 1 0 -1 0 -1 1 2 1 -2 -1 0 -1 0 2 -1 -1 -1 -1 -1 -1 0 -3 -1 3 1 0 0 0 -1 0 1 0 0 0 1 2 0 0 0 -1 0 0 0 0 -1 3 -3 2 0 1 2 1 -1 1 1 0 1 0 0 2 1 0 0 -1 0 2 1 -1 -2 0 -1 -2 2 2 0 1 0 1 -1 -1 -1 0 -2 0 0 -1 -1 0 -1 -1 1 1 1 2 -2 0 -1 -2 0 0 -3 1 -1 0 0 0 -1 0 -1 0 1 1 -1 0 1 0 -2 1 0 0 0 -2 1 0 1 1 0 0 0 1 0 1 -1 0 0 -1 0 -1 0 -1 -1 0 -1 -2 0 0 0 -1 0 0 -1 -1 -1 -1 1 2 -1 -2 1 1 1 0 1 -1 1 1 -1 -1 0 -1 0 -1 -2 0 0 1 -1 0 0 0 1 1 0 1 -1 -1 0 1 3 -1 0 -1 0 1 0 2 2 1 1 -1 0 -2 -1 -1 0 1 0 2 3 2 -2 1 0 0 1 0 1 2 0 -1 0 -2 0 0 0 0 -1 0 0 -3 0 2 -1 -3 0 0 -1 0 -1 1 1 -2 0 1 -1 -1 -1 -2 -1 -1 1 -1 0 0 0 -1 -1 -1 -1 0 0 -2 1 1 0 1 -1 0 0 0 0 1 2 -1 -1 -2 1 -1 1 -1 0 -1 -2 1 0 1 -2 2 1 -1 -1 0 -1 1 -1 2 1 2 1 -1 1 -1 0 0 1 2 1 2 1 0 -1 -1 -2 0 2 1 2 0 1 2 1 -1 -1 3 2 -1 0 -1 0 0 2 0 -1 -2 1 0 -1 -1 -2 -1 1 -1 1 0 -1 -1 0 0 0 1 0 0 0 0 0 -1 1 -1 -1 0 2 0 1 -1 0 -2 0 -1 1 1 1 2 -1 0 1 1 0 -2 1 -2 -2 -1 -1 -1 1 0 0 -1 1 -2 0 2 0 0 1 1 0 0 0 1 2 0 0 0 -2 -1 0 0 0 -2 -2 0 0 -2 1 0 1 -2 0 -1 2 -1 0 -1 0 0 0 0 -1 0 0 0 -1 0 -2 0 -1 0 -1 -1 2 0 1 1 0 1 3 1 -1 2 0 -1 -2 -1 0 0 1 1 0 0 0 0 0 0 1 1 -2 -1 -1 -2
-2 0 -1 1 1 -1 -1 0 -1 0 1 -1 1 0 0 1 1 -1 -1 1 -2 2 -1 0 0 1 1 1 0 0 1 -1 0 0 1 -2 0 1 0 1 0 0 0 -2 -1 -2 -1 1 1 -1 0 -1 0 0 0 2 0 1 0 -2 0 0 -2 -1 0 1 -1 1 -1 1 2 0 0 1 1 -1 0 1 0 -2 1 2 1 -1 0 -1 1 -3 0 1 1 1 0 -1 1 3 0 1 -1 0 0 -1 1 -1 2 2 -1 2 -1 1 -1 -2 -1 1 -1 -1 -1 -1 0 -1 0 0 0 0 0 1 1 2 0 0 0 1 1 1 2 0 0 0 -1 0 -1 0 1 2 0 -1 1 -2 -1 -1 0 0 -1 -1 0 -1 -1 -2 -1 0 0 -1 -1 -1 1 0 -2 0 0 2 1 2 0 2 1 -1 3 -3 1 1 1 0 0 2 2 1 0 1 2 -1 -1 -2 1 -1 0 -2 -1 -3 -1 -1 0 0 -2 0 0 -2 0 1 -1 0 -1 -1 1 -2 1 0 -1 0 -1 1 -1 1 0 0 1 1 -2 1 0 0 3 0 1 -1 2 0 -1 -1 1 2 0 1 0 -1 1 -2 1 1 0 0 0 1 1 0 1 0 0 0 0 0 0 1 2 2 1 0 -1 1 0 0 1 -2 0 0 1 3 2 0 -1 0 1 0 1 1 2 1 1 1 1 0 1 0 0 -2 1 1 -1 0 1 0 0 0 0 1 0 -1 0 0 0 2 -1 -1 0 -2 0 0 1 -1 -1 1 2 1 0 0 -2 0 0 -1 2 0 -1 1 0 0 -1 -1 -1 -2 1 0 0 0 1 0 0 0 2 0 0 0 0 0 0 -1 -2 2 0 0 -1 1 -2 0 1 1 1 0 -1 0 1 0 2 -1 0 0 0 0 1 -1 1 -2 1 0 -1 1 -1 1 -1 -1 0 -1 0 -2 -1 1 0 2 2 1 0 2 0 -2 1 0 0 0 1 -1 0 -2 -1 1 0 0 2 -1 0 0 0 0 -1 0 -2 0 -3 -1 -1 1 -1 -1 2 2 1 0 1 -1 1 -2 -1 2 -2 0 0 -1 -2 0 0 1 0 -1 -1 -2 -1 1 0 0 -1 -1 -2 1 -1 -1 0 -2 -2 0 0 0 0 1 1 1 0 1 2 1 -1 1 1 3 -1 0 1 -1 3 0 0 0 0 -1 2 0 0 1 -1 0 1 -1 2 -1 1 0 0 1 1 -1 1 0 0 -2 1 -1
0 0 -2 0 1 1 2 0 0 2 1 0 -1 3 1 -1 0 0 1 1 -1 0 1 -1 0 1 -2 1 -1 1 1 1 1 -1 1 0 0 2 1 0 -2 1 1 0 -1 1 -1 1 1 -1 -2 0 1 2 -1 1 -1 0 0 2 0 1 -2 -1 0 0 0 -1 1 0 0 0 -1 0 2 -2 1 0 -1 -1 -2 0 -1 -1 -3 -1 -1 1 -1 0 1 -1 1 1 -1 1 1 -1 -1 3 1 0 -1 -1 1 1 1 0 -2 -1 0 1 0 -1 -2 1 0 -1 2 -2 2 1 0 3 2 1 2 0 0 0 1 0 1 -3 -2 -1 0 0 -1 -1 -1 0 -1 1 0 0 1 0 -1 0 1 -1 -1 1 0 0 1 -1 -2 0 1 -1 0 0 1 1 1 0 -1 -1 -1 -1 -1 0 -1 1 1 -2 -1 1 0 0 0 -1 0 -1 1 0 0 -1 -1 0 -1 -1 1 -1 -1 2 -1 2 1 0 1 0 1 -2 1 -1 -1 0 0 -2 0 0 0 -2 2 1 0 0 1 0 0 1 0 1 1 -1 0 1 -2 1 -1 1 -1 0 0 -2 1 1 -2 2 0 2 -1 -1 -1 0 -2 1 1 0 -1 0 2 -2 0 1 -1 0 0 1 1 1 -1 -1 -1 2 -2 0 2 0 1 1 0 0 0 0 0 -1 -1 1 0 0 1 0 2 0 1 0 0 -1 0 2 0 1 -1 -1 0 1 -2 -1 1 0 -1 2 1 1 0 -1 -1 0 1 1 1 0 0 1 0 -1 -1 1 0 -1 0 1 1 -1 0 0 -1 2 0 0 -1 1 0 0 -1 0 -1 0 0 1 1 0 0 2 -1 -1 -1 -2 -1 -2 1 0 -1 1 -1 0 0 -2 1 0 -2 1 -2 0 0 -1 0 -2 -1 0 0 -2 1 0 2 -1 -2 0 -1 0 0 1 -1 0 1 -2 0 1 0 -1 -2 -1 1 0 2 0 0 0 0 0 1 2 1 -1 -1 1 0 1 3 -1 1 0 0 1 -1 0 2 1 0 0 1 -1 1 -1 0 -1 0 -1 -3 2 0 -1 -1 -1 1 -2 0 1 0 1 2 0 0 1 -1 -1 0 -1 -1 1 1 1 1 0 1 -2 2 -1 0 -2 1 0 -1 -2 0 0 -1 0 1 2 0 0 2 2 1 0 0 -1 1 0 -1 0 0 1 1 -1 0 0 -1 0 1 -1 -1 -1 1 1 1 -1 1 -2 -1 0 -1 -2 1 -1 -1 2
-2 0 0 2 1 0 0 0 1 1 0 0 -1 0 0 0 1 1 1 0 -1 1 1 0 0 -1 -1 0 0 -1 0 0 -1 0 2 -1 1 0 1 1 0 2 2 -1 2 0 -1 1 0 0 0 -3 0 -1 2 1 -1 2 -2 0 2 0 -1 1 0 1 0 2 2 -1 0 -1 0 0 -2 1 1 0 -1 -1 0 0 1 1 2 1 0 -2 -2 -1 -3 0 -1 0 -3 0 1 0 1 -1 1 -1 -3 1 -1 -1 -3 0 0 0 0 2 0 -1 0 0 1 1 -1 1 0 2 2 1 1 1 1 -1 0 -1 1 0 -1 -1 0 0 -1 1 0 2 0 -2 0 0 -2 -1 0 0 -2 2 0 -1 0 -1 1 -1 -2 0 0 -2 0 2 0 -1 0 -1 0 2 -1 0 2 0 2 1 0 2 -1 1 -1 2 -1 0 0 -1 0 1 -2 -1 0 0 1 0 0 1 3 0 -1 2 -2 -1 1 0 0 0 0 0 -1 -1 -2 0 -2 1 0 0 -2 0 0 1 -1 1 0 0 -2 1 -1 1 1 -1 0 0 1 1 0 -1 -1 -1 1 0 2 0 0 0 -1 -2 1 1 1 -1 -1 -1 -1 0 0 1 -2 -1 0 2 -1 1 2 0 -1 1 0 2 0 2 -1 0 0 2 1 2 -1 -1 0 -1 0 1 0 0 1 1 0 -1 0 1 -1 0 -3 1 1 0 -2 -1 0 0 -2 0 0 1 1 -1 -2 -1 0 2 0 0 -1 2 1 2 0 -1 1 -1 0 1 0 -1 1 -1 2 0 2 0 -1 0 0 -1 1 -1 2 0 0 0 1 -1 0 1 0 1 -1 -1 -1 0 1 0 1 -1 0 0 0 -2 -2 1 0 0 -1 0 -1 1 0 2 0 2 1 0 -1 0 1 -1 1 -1 -1 1 -2 -1 0 -1 0 -1 0 3 -1 1 0 0 0 1 1 -1 0 -1 0 2 1 1 1 -1 -1 -1 -1 -1 0 -1 2 1 0 1 0 1 2 0 -1 1 -1 1 1 0 -1 -2 -2 0 0 -1 -1 0 0 0 1 1 2 -1 0 -1 1 -1 1 0 -1 1 1 0 -1 -1 1 -1 -1 1 0 0 0 0 0 -1 -2 0 2 0 0 1 -1 0 0 -1 -1 0 -1 1 -1 -2 0 -1 0 -1 0 1 -1 -1 0 1 0 0 0 -1 0 -2 0 1 3 -1 0 -2 -1 1 -1 0 2 -2 0 3 1 -1 -2 0 1 1 1 1
0 1 2 0 0 -1 2 -1 -1 -1 0 0 -1 1 0 -1 2 -2 0 -1 2 2 1 -2 -1 0 -1 -1 -2 -1 1 2 -1 0 0 1 1 -1 0 0 0 1 0 0 1 0 0 -1 1 -1 1 -1 0 0 0 -1 1 -1 -1 1 -1 0 -2 -1 1 0 1 0 -1 1 2 0 1 0 -1 0 -2 3 -1 -1 -2 -1 1 -1 2 -1 -1 0 -2 0 -1 -1 0 1 -1 2 -1 1 1 -1 -1 -1 0 1 -1 0 1 1 0 0 1 0 1 -1 -1 1 -1 -1 -1 -1 0 0 2 -2 -1 0 1 1 0 2 3 0 1 0 -2 2 1 -1 0 2 -1 -1 0 2 0 0 -1 1 0 0 0 1 -1 2 -2 -1 -1 1 -1 2 0 0 2 1 0 -1 -1 -1 -2 1 0 0 2 1 0 -1 0 0 -1 1 0 0 1 2 2 0 -1 1 -2 2 1 0 -1 0 1 -1 -1 0 1 -1 -1 0 -2 -2 1 1 -2 -3 -1 0 -2 0 -1 0 0 1 -2 0 -1 0 0 0 0 -2 0 -1 0 2 -1 2 1 -2 -1 0 1 0 0 -1 0 -1 -1 1 0 2 1 0 -2 0 -2 0 -1 0 -1 0 1 -1 0 -1 -1 0 1 -1 0 0 2 1 -1 1 -1 0 0 0 0 0 0 0 0 0 -1 -2 -1 0 -1 -1 0 -1 1 0 -1 0 1 -1 -1 1 -1 1 1 1 0 2 0 -2 0 -1 -1 1 1 -1 -1 -1 3 0 -1 -1 -1 1 0 -2 -2 1 -2 0 1 0 0 -1 0 0 0 0 -1 2 3 -1 0 0 1 1 0 -1 -1 0 -1 0 0 1 1 -1 0 -1 1 2 -1 -1 1 1 0 1 1 1 -1 -1 0 -1 1 1 0 1 1 0 1 0 -1 1 -1 2 1 -1 2 -1 0 0 -1 2 0 0 -2 0 0 -1 -1 0 0 -1 -2 1 -1 0 0 1 1 0 -2 1 0 1 -1 -1 0 -1 0 1 -1 1 1 0 -1 -1 0 -1 0 1 0 -1 0 0 0 0 0 3 -1 0 -1 -1 2 0 1 -1 0 1 -3 -1 0 2 0 1 -1 -1 1 -1 2 -2 2 0 0 0 0 2 0 2 0 -1 -2 2 1 1 1 0 -1 2 1 -2 0 0 -2 1 -2 1 0 -1 2 0 -2 0 2 2 0 0 -1 -2 0 1 -1 0 0 0 0 1 0 0 2 -2 1 0 2 3 -1 0 -1 0 0 2
1 1 0 1 2 0 1 -3 -1 0 -1 0 -1 -1 3 1 2 0 0 1 1 0 -1 0 0 1 1 0 1 2 -1 0 0 0 1 -1 -3 -1 -2 1 -1 -1 1 -1 1 1 0 -2 0 -1 1 1 1 1 -1 1 0 -1 0 1 1 1 2 1 0 0 1 1 0 0 -1 0 -1 0 -1 0 -1 0 -2 0 -2 0 1 -1 1 -1 1 0 0 -2 1 -1 1 -1 1 1 -2 1 -1 0 2 -1 0 0 1 -1 0 0 0 -2 -1 0 -1 1 -1 0 -1 0 -1 2 -3 1 0 0 1 -1 -1 -1 0 -1 0 0 0 -1 -1 1 -1 -1 -1 -1 -1 1 1 -1 1 0 0 1 0 0 2 0 1 0 -2 -1 -1 0 -1 0 2 1 0 1 -1 -2 1 1 0 1 2 0 -1 0 -2 1 -1 0 1 -2 1 -1 1 0 0 1 0 0 1 1 0 1 -1 -3 -1 0 0 -1 0 0 0 -1 -1 1 0 1 -1 1 0 -2 -1 0 -2 0 0 -1 -1 0 1 0 1 2 1 -2 0 1 -1 0 -1 -1 0 -2 1 1 0 0 1 -1 -1 0 1 -1 1 1 1 -1 0 0 0 0 -1 -1 0 -1 -1 -2 -1 -2 1 -1 -1 1 1 -1 0 -2 -1 0 -2 1 1 2 0 -1 1 0 0 -1 0 -1 1 2 -1 -1 0 -1 0 -2 1 1 1 1 0 -1 -1 -1 0 1 -1 1 1 2 0 2 -1 0 1 0 0 -2 1 -1 -2 0 -2 2 1 1 -1 -1 -1 0 -1 1 0 1 -1 -2 0 1 -2 1 0 0 -2 2 1 1 1 0 0 0 0 0 1 1 2 0 1 -1 -1 -1 2 1 1 2 -1 -1 -1 -1 0 -2 0 0 0 0 0 1 0 2 1 1 -2 0 1 -1 0 2 -1 0 0 -2 1 -1 -1 -1 2 -2 0 1 0 1 -1 0 -1 0 1 -2 1 1 -1 2 0 1 -1 1 -1 1 -1 0 1 0 0 1 0 0 -1 -1 -1 0 -1 -1 1 0 1 -2 0 0 1 2 1 -2 -1 -1 -1 0 0 1 -1 1 0 1 -1 0 0 1 1 -2 -1 0 -2 2 -2 -2 0 1 0 1 -1 -2 -1 -1 1 1 0 2 -1 -1 -1 0 -2 0 0 -1 1 -1 1 2 3 -1 2 0 0 0 -1 -1 -2 1 -2 1 -1 0 -1 1 -1 1 1 2 1 -2 0 1 0 0 -3 0 0 0 -1 0 0 0
2 1 2 0 -1 -1 -2 -1 -1 -1 -1 -1 1 -1 -1 1 0 0 0 1 -1 1 1 -1 -2 0 -1 -2 0 -1 2 -1 1 3 -1 -2 1 2 -1 0 1 -1 3 1 -1 1 -1 0 2 0 1 2 -1 1 1 0 1 2 0 2 0 0 1 0 1 1 -1 1 0 1 1 -1 -1 0 0 1 1 1 0 -2 0 2 2 1 -2 -1 1 1 0 0 -3 2 0 0 -2 1 0 0 -1 -2 -1 0 0 1 2 -1 0 0 -2 0 2 1 -1 1 0 0 -1 0 1 -3 1 1 2 -1 -1 -1 -1 -1 1 -1 1 1 0 0 1 0 0 1 -1 0 -3 -3 1 2 0 -1 1 -1 0 -3 -2 -1 -1 0 -1 0 -2 1 1 0 -1 0 0 -1 1 -1 0 1 -1 -1 0 1 0 -1 -2 0 0 0 1 0 -3 1 0 0 -1 1 0 1 1 -1 -1 0 2 0 1 1 -1 1 0 1 1 0 -1 -1 1 -1 0 0 0 1 0 -1 -1 1 1 0 -1 0 0 0 -1 -2 0 1 1 -2 0 1 1 -2 1 0 -1 2 0 1 2 0 -1 1 0 -1 1 1 1 -1 -1 1 1 0 0 2 -2 1 0 -1 0 -2 0 -1 0 0 -2 1 1 -1 -1 -1 -2 -1 2 0 2 -1 0 1 -1 0 0 0 0 -1 1 -2 -1 1 -2 0 0 -1 -2 0 0 1 -1 -2 0 -1 0 1 -1 1 -1 -2 0 1 0 0 2 -1 -1 0 2 -1 2 1 1 1 -1 -1 0 2 -2 -1 2 -1 -1 -1 1 -1 1 0 -1 1 0 0 0 1 0 -1 1 1 2 -2 1 -1 0 1 1 1 0 1 2 -3 0 1 -1 1 -2 0 0 1 -1 1 -2 1 -1 1 0 1 -1 1 1 1 2 -2 0 1 1 -1 -2 1 -1 -2 2 1 0 1 0 0 -1 1 1 0 0 2 0 0 0 0 -1 -1 -2 -1 -1 0 1 1 0 0 -1 -2 -1 0 0 1 0 0 0 0 -1 -1 -2 1 1 -1 1 1 1 -1 -1 0 -1 1 1 0 0 0 1 1 0 -1 1 -1 2 -1 0 0 -2 -1 -1 0 0 0 1 1 -2 0 1 0 1 -1 -1 0 0 0 1 0 0 -1 -2 1 0 0 0 1 -2 0 0 1 0 -1 0 -1 2 1 0 0 -1 0 2 1 -2 0 0 2 1 1 0 0 -1 1 0 2 1 -1 0 -1 1 0 -1 0
2 -1 1 2 1 -1 1 1 -1 1 0 2 1 -1 0 0 0 -1 0 -1 1 0 -1 -2 0 2 -1 1 -1 1 1 1 -1 1 0 0 0 1 -1 2 -1 1 -1 1 1 -1 0 1 0 1 0 -2 0 -1 -1 1 1 0 -1 0 0 3 1 0 -1 -1 1 0 1 -1 -1 -1 -2 0 0 1 -2 0 -1 -1 1 -1 0 1 0 -1 -3 0 -1 1 0 1 1 0 0 0 0 0 2 -1 1 -1 1 -1 -1 -1 1 -3 -2 -1 -1 -1 1 0 -1 -3 2 0 1 -2 0 0 0 2 0 0 0 0 -1 1 -1 1 0 2 0 -1 1 -1 0 -1 0 0 0 1 1 0 1 1 2 0 2 -1 1 1 0 -2 1 -1 0 0 0 1 0 0 -2 -1 0 0 2 -1 0 0 1 1 -1 -1 1 -2 0 1 0 1 2 -1 0 1 -1 1 0 0 0 0 -1 0 1 -1 0 0 0 0 0 2 0 -2 0 2 -2 -1 -1 -2 2 -2 -1 0 2 3 1 -1 -1 -1 0 -2 -2 0 0 2 1 0 1 0 0 0 1 0 -1 0 -1 0 3 -2 -1 0 2 0 0 0 -1 -1 -1 1 -2 -2 0 -2 -1 0 0 -1 -1 0 0 0 -1 0 0 1 1 2 -2 -1 0 -1 1 1 1 1 -1 1 0 -2 0 0 0 1 2 1 2 0 1 1 1 1 1 0 0 0 2 2 0 0 1 1 0 0 0 -1 0 -1 0 0 -1 0 1 0 -1 0 0 0 -1 -3 1 -2 0 1 1 0 1 0 2 2 2 -1 0 -1 0 0 1 1 -1 0 -1 1 1 1 0 0 0 0 1 0 -1 0 2 0 -1 2 -1 -1 0 1 0 -1 0 1 -1 1 0 0 -1 -1 0 -2 2 0 0 0 -1 0 0 -1 0 1 0 2 2 0 1 -1 0 -2 0 0 -2 1 1 0 0 1 0 0 0 0 0 -1 0 -1 1 3 -1 -1 1 1 1 -1 0 0 0 0 1 0 0 -1 2 0 2 1 0 1 0 0 1 0 -1 -1 -1 0 1 1 1 1 0 0 2 1 2 -1 2 0 -1 -2 1 3 1 0 1 0 -1 1 0 -1 1 2 -2 0 2 0 0 -1 -2 0 0 0 0 1 0 -3 -1 0 0 1 0 0 -2 -1 -2 -2 -2 0 3 1 0 1 0 3 0 -1 -1 0 1 0 0 0 -1 -2 1 0 1 -1 -2 -1 0 1
-1 -1 1 1 0 0 1 1 0 -1 0 1 0 -1 -2 0 -2 -1 -1 0 0 1 -1 -1 -1 -1 0 0 1 0 2 -1 3 1 -1 -1 0 1 -1 1 1 1 1 1 2 1 0 1 2 1 0 -1 1 0 0 -2 0 -1 0 0 1 1 -1 -1 1 -2 1 0 0 -1 0 -1 -1 -1 0 2 -1 2 -2 1 1 -2 -1 0 0 0 0 0 -1 -1 1 0 2 1 0 1 0 0 -2 1 0 0 -1 3 -2 2 -1 1 2 0 1 0 -1 1 3 0 2 1 1 0 0 0 0 0 -1 -1 -1 -2 1 1 0 0 0 1 -2 1 1 -1 -3 0 1 0 1 0 -1 0 1 0 1 0 -1 1 1 -1 1 -2 -1 0 -2 2 -1 1 0 -2 0 -1 1 0 0 0 1 0 1 0 0 -1 0 -1 0 2 0 1 1 -2 0 0 0 -1 0 -1 0 0 -1 0 1 -3 2 0 -1 -1 0 -1 0 1 1 0 -2 1 1 1 -1 0 0 1 -1 -1 2 0 1 2 -2 1 -1 1 -2 0 -1 -1 1 2 1 1 0 0 -1 1 0 0 -1 2 1 0 -1 -1 0 -1 1 0 0 -2 -2 -1 0 0 2 1 1 0 0 1 -1 -1 0 0 -2 -1 -1 0 -2 -2 0 0 -1 0 0 -1 0 0 -1 0 -1 -1 1 -1 1 0 0 0 3 1 0 0 0 -1 -2 1 1 0 -1 0 -1 1 0 0 2 1 -2 0 -2 0 0 1 0 1 -1 -1 -2 -2 -1 2 1 2 -1 1 0 0 0 0 -1 0 3 -1 -1 -1 0 -2 1 2 -1 1 -1 1 1 0 -1 -2 0 -1 1 0 1 0 1 -2 1 -2 0 1 0 2 2 0 0 1 -1 3 0 0 2 -2 1 3 -1 -1 1 -1 -1 0 1 0 0 -2 -1 1 0 -1 -1 1 1 -1 -1 1 2 0 0 -1 0 1 -1 0 -1 -3 -1 0 -1 0 2 1 2 0 -1 1 -1 1 1 1 1 -1 0 0 1 -1 0 -1 1 -2 -1 0 1 -3 -2 0 -1 1 2 0 0 -1 -2 1 -1 -1 0 0 1 1 -2 1 0 0 2 -1 0 0 -1 -1 -1 1 1 -1 1 2 -1 1 -1 1 -1 -1 -1 0 0 3 1 1 -1 1 -1 -1 0 1 -1 0 0 1 0 0 -1 0 1 -1 -1 0 2 0 -1 1 0 1 1 1 0 0 0 1 0 3 1 0 -2 -1 -3 -2
0 0 0 1 0 0 1 0 0 2 1 -1 -1 1 1 0 -1 0 0 0 -1 1 0 -1 0 1 0 0 1 0 1 -1 0 -1 1 -2 0 -1 0 0 -1 3 -1 1 0 -1 -1 -1 1 0 1 1 -1 0 -2 1 1 -3 1 1 0 -1 -1 -1 1 1 2 -2 1 0 -1 0 1 -1 -1 0 1 0 -1 1 0 0 0 -2 0 -1 1 -3 0 -1 1 -1 0 1 0 -1 -1 1 0 -1 0 2 1 2 0 2 0 0 0 0 -3 1 -1 1 0 0 0 0 -2 0 0 0 2 2 1 -1 0 0 -1 -2 -2 1 0 0 -1 0 0 0 0 -2 1 0 0 0 1 1 -1 -1 -2 1 -1 1 1 -3 -1 0 -1 -1 -1 -1 -2 -1 1 -1 1 0 0 -1 -1 2 -2 1 1 2 -1 0 -2 -2 2 -1 -1 1 0 0 0 0 0 -2 1 -1 1 -1 1 0 1 1 2 0 0 0 1 1 0 0 0 0 0 2 1 -1 0 -1 0 1 0 1 -2 1 1 0 -2 -2 1 2 0 0 0 1 -1 1 -1 1 1 -1 1 0 1 0 -3 2 -2 0 1 -2 1 -2 1 0 1 -1 1 -1 -1 2 1 -1 -2 2 0 -1 -1 0 0 -1 0 -1 0 0 0 -3 1 1 0 1 1 0 1 -1 0 0 -1 -1 1 2 1 0 1 0 -1 -2 0 -2 0 0 0 0 0 -1 -1 1 -1 2 1 -1 0 -1 0 0 1 1 -2 -1 -2 0 1 0 1 -1 -2 2 0 2 1 -2 0 0 -3 2 0 0 0 -2 2 0 1 1 0 -1 1 0 -1 -1 -3 1 0 1 1 0 1 0 0 0 2 0 0 0 -1 1 -2 0 0 -1 -1 0 1 1 0 -2 -1 0 0 1 2 0 0 -1 -1 0 0 -2 1 1 3 0 0 0 1 0 0 0 1 1 0 1 0 -1 3 -1 0 0 1 0 1 -1 0 2 1 -1 0 0 0 0 0 0 0 1 0 0 -1 -1 0 0 0 1 1 0 -1 -1 1 -1 0 0 1 1 1 1 1 0 -1 0 0 -1 3 -1 0 0 0 -1 -1 0 0 -1 0 0 -1 -1 0 -1 -1 0 0 -1 -1 1 1 0 0 0 -3 1 1 -1 -1 0 1 2 1 1 0 -1 1 0 0 -1 0 -2 3 2 -2 -2 1 -1 0 -1 -1 0 1 -1 -2 -1 -1 0 1 0 -1 1 0 -1 -1 -1 1 1
1 -1 -1 0 0 -1 0 -1 -1 0 -1 0 -1 0 0 -1 0 -1 0 -1 3 -1 -1 1 -2 -2 1 1 -1 -1 1 -2 1 -1 -1 0 0 -2 -2 1 -1 -1 -1 0 0 -2 0 -1 -1 1 0 -1 1 -1 0 -2 0 0 -1 -1 0 -1 2 -2 0 0 1 0 1 -2 0 1 -1 2 -1 0 2 0 0 0 0 1 0 1 1 -2 1 0 -1 0 0 -1 0 1 0 -1 0 -1 1 0 1 0 0 0 -1 -1 -1 0 -2 -1 2 -1 -2 1 -2 0 1 0 0 1 -1 -1 -1 -1 -2 1 -1 -1 2 -2 -1 1 -1 0 1 1 0 2 2 -2 2 1 0 0 0 1 1 0 0 -1 0 0 0 -1 1 0 1 2 0 -2 1 -1 0 1 -1 0 -2 -2 0 0 2 -1 0 -2 0 -2 1 0 0 0 1 0 -1 -1 1 1 2 -2 2 1 -1 0 -1 1 1 0 1 0 1 0 1 -1 0 -1 0 0 0 0 0 0 1 -1 0 0 -1 0 1 1 0 1 0 3 2 1 0 1 -1 -1 0 2 2 0 1 0 1 1 -1 1 0 1 -1 0 0 -1 1 -1 -1 -2 -1 0 -1 3 1 0 1 2 0 -1 -2 0 -2 -1 -1 -2 1 0 0 -1 1 2 0 -1 -1 -1 -1 0 0 1 -1 1 0 0 0 1 -1 0 0 0 -2 -2 -2 2 2 -1 1 0 -1 1 0 -1 2 1 -1 -1 0 2 -1 0 0 0 1 1 -1 0 2 -3 0 1 1 0 0 0 0 1 -2 -1 0 1 1 2 0 1 0 0 -2 1 -1 0 1 -1 2 0 0 -2 -2 0 -1 1 2 -1 2 0 0 1 1 -1 0 -1 -1 -1 -3 -1 -1 -1 -2 0 0 3 -1 1 0 0 0 2 0 1 2 2 1 1 0 0 0 -1 -1 1 0 -2 0 -1 2 -1 -1 -1 1 1 2 0 0 0 0 -1 -1 3 -1 0 2 -1 0 -2 0 0 2 1 -2 0 0 0 0 -1 -2 1 -1 0 2 0 0 0 1 1 1 -1 -2 0 -1 2 0 1 0 -1 2 1 -1 -1 0 -2 0 2 1 0 0 0 0 0 -1 -1 -1 2 -2 0 1 -1 1 0 1 1 -2 0 1 1 0 2 -1 0 0 0 0 0 0 0 -1 0 -1 1 0 0 -2 0 -1 0 -1 1 -1 0 -1 1 2 -1 0 1 -1 0 0 0 2 0 -1 1 1 0 -1 0
0 1 -2 -1 -1 0 1 -2 -3 0 -2 1 -3 -2 1 0 0 0 -1 0 0 -1 0 -1 1 0 0 -2 2 -1 0 -2 0 0 2 1 -2 1 -1 -2 1 1 1 0 0 -1 0 0 -1 -1 0 1 0 0 -1 0 -2 0 2 -1 0 -3 0 2 1 -1 0 0 -2 1 -1 0 -1 -1 -2 1 1 -1 0 -2 -2 2 0 -1 -1 0 0 0 2 0 -1 -1 2 0 0 1 -1 -3 0 0 0 0 0 1 0 -1 1 0 -1 1 0 0 0 -1 -1 0 0 0 0 0 -1 1 0 1 2 0 1 -2 1 -1 -1 2 1 0 2 1 0 -1 -1 1 0 1 -1 -2 -1 1 1 -1 0 -1 0 0 0 -2 0 2 0 0 0 2 1 1 0 0 1 0 1 -1 -3 -2 0 -2 1 -1 0 -2 -1 1 -1 -2 -1 0 0 0 1 0 -1 0 1 -1 1 0 0 0 0 3 -1 1 0 1 -1 -1 0 1 0 0 1 -1 0 1 -2 0 0 0 0 0 1 0 -2 0 1 0 2 -1 0 1 2 2 1 2 0 -2 -1 -1 -1 1 0 -2 0 -2 0 0 0 0 -1 -2 1 -1 1 0 2 0 -1 0 1 -1 1 1 -1 -1 1 -1 0 -2 -2 -1 -2 1 0 0 2 -1 1 -2 -1 2 -1 0 -1 0 0 1 0 -1 -1 0 -1 1 -1 0 -2 1 -1 0 2 0 0 2 1 2 -1 1 1 -1 -1 1 -1 -1 2 1 0 0 1 0 2 0 0 2 1 2 -1 0 0 -1 1 0 -1 -1 1 0 0 3 0 0 0 1 0 0 0 0 0 0 1 -1 0 0 -1 1 0 -2 -1 0 -1 0 1 2 1 -2 1 -1 0 0 -1 -1 -1 0 0 0 -1 0 -1 0 0 1 1 0 2 0 0 1 1 -1 1 0 -1 0 0 -1 -2 2 0 0 0 1 0 0 1 1 0 0 0 1 -1 1 -1 1 1 0 1 1 1 -1 -1 -1 0 1 0 -1 2 2 0 1 1 1 0 -2 -1 -1 0 0 -1 0 0 -1 -1 0 -1 -1 0 1 1 -2 -1 0 2 -1 2 -1 1 1 0 1 3 0 1 0 0 0 0 1 0 0 -2 1 -2 0 1 1 0 0 0 1 -2 0 -1 1 0 0 2 1 -1 0 -2 -1 -1 0 2 3 -1 -1 1 0 -2 1 0 -1 -2 0 -2 0 1 2 2 1 -1 1 2 1 0 -1 1 0
0 -1 1 1 1 1 1 0 -1 -3 0 0 -1 0 0 0 0 2 0 -1 -1 -1 2 0 0 0 0 1 1 0 0 1 1 1 -1 0 0 -1 -1 -1 0 -1 0 0 0 -1 1 -1 0 0 0 1 -1 1 1 -1 1 -1 0 0 0 0 1 2 0 -1 1 0 2 0 -1 -2 -1 1 -1 2 0 0 0 0 1 -1 2 -1 -2 0 1 2 1 -3 0 0 -2 0 -1 0 -1 0 -1 2 1 0 0 0 1 -1 0 1 0 1 -1 2 1 0 0 0 0 0 -1 0 0 0 1 -1 3 3 0 0 -1 0 0 2 3 0 -1 0 0 0 -1 -1 0 0 0 0 0 0 1 -1 0 1 -3 -2 0 0 0 0 0 0 1 -1 0 1 1 0 0 -1 2 0 0 -1 0 0 0 -1 0 1 -1 -1 0 0 -1 -2 1 0 0 0 1 -1 -2 -1 0 0 1 -2 0 0 -1 -1 0 2 1 0 -1 -1 1 0 0 1 -3 0 -1 -1 0 2 0 0 -1 3 1 0 0 -1 -1 -1 0 -1 0 1 -2 0 -2 -2 -2 0 0 0 -1 0 1 1 0 -1 0 2 0 -3 -1 1 -1 -2 0 -1 0 0 0 1 0 1 0 1 0 1 1 -1 2 -1 0 0 0 -1 1 0 -1 1 0 -2 -1 1 -1 0 -2 1 0 -1 1 0 1 0 0 0 0 0 1 0 1 -1 1 0 0 -1 1 -2 2 2 1 0 1 1 0 1 0 1 1 1 1 -1 1 2 -3 -1 0 1 1 -2 -1 1 -1 0 -1 0 0 0 -2 0 1 1 -1 -1 0 -1 -1 0 -1 0 1 0 0 0 1 1 -2 -1 -1 -2 -1 0 0 -1 0 -1 1 1 -1 -2 -1 0 1 0 -2 0 -1 0 0 1 0 -1 2 -1 3 0 0 -3 0 -1 -1 -1 -1 1 2 -1 -1 1 2 3 0 1 0 -1 1 -3 -1 1 2 0 1 -1 -1 2 -1 2 -2 -1 2 0 0 -2 0 -1 0 1 1 0 -1 1 0 -1 -1 1 0 1 1 0 1 -1 -2 -1 1 0 1 1 -2 0 1 1 1 0 2 -1 1 0 0 -1 -1 -1 1 0 0 1 1 0 -2 0 -1 0 -2 -2 2 -1 2 0 -3 0 1 1 -1 1 -1 -1 0 0 -2 0 2 0 -1 2 -1 0 1 0 0 1 0 -2 1 1 -1 0 0 2 -2 1 0 1 1 1 -1 0 1 -1 0 1
0 -1 -1 2 -1 0 0 -1 -3 0 -1 -3 0 0 -1 -3 0 0 0 2 0 2 -1 -1 0 -2 0 1 1 -2 -3 1 -1 0 0 1 -1 -1 -1 1 0 3 1 1 -1 -1 1 0 0 -1 0 2 -1 1 0 0 1 0 -1 0 0 1 1 1 1 0 -2 0 1 0 0 0 0 1 -1 0 -1 1 -1 0 0 0 -2 1 0 -1 0 0 -1 -1 0 -1 1 1 0 1 -1 -1 0 1 1 0 2 0 1 0 0 -2 1 -2 0 0 0 0 2 0 1 1 2 1 -1 0 0 -1 1 1 1 0 -1 0 3 0 -1 -1 0 0 0 -1 -1 2 -1 1 0 0 0 2 0 2 0 0 1 -1 0 -1 1 -2 0 1 3 0 -2 -1 0 1 0 0 1 -1 0 0 1 1 3 -1 0 -1 -1 2 3 -2 -1 0 1 0 1 -1 -1 -1 0 -1 2 1 0 0 -1 0 -1 -2 -1 -1 -1 0 0 0 -1 1 1 1 1 -2 0 1 -1 -1 1 2 -1 0 1 0 1 0 0 0 -2 1 2 2 0 0 1 1 -1 0 0 0 -1 1 2 1 2 -1 1 -3 1 0 -2 1 2 1 0 0 0 0 0 -1 0 1 0 -1 2 0 -2 1 -1 0 0 -1 0 -2 -1 0 -1 0 -1 -2 -1 1 0 0 2 -1 2 0 0 1 0 -2 0 0 -1 0 0 1 0 -1 -1 1 0 -1 2 0 2 2 -2 1 -1 1 0 1 -1 0 0 1 1 -2 -3 0 0 1 -1 0 1 0 0 0 0 0 1 1 1 1 1 1 -1 0 -1 -1 0 1 -1 -1 -1 0 0 2 0 0 1 -1 -2 -1 0 0 0 -1 0 1 -1 1 1 1 1 -1 0 -1 0 1 -3 1 1 0 0 0 0 1 0 -1 2 0 0 0 0 0 -1 0 0 -1 0 0 0 -2 -1 0 -1 -1 0 -2 0 1 -1 -2 -1 -2 -1 1 -2 -1 -1 -1 -2 -1 -1 -1 -1 0 0 -1 1 1 1 -1 0 0 1 1 -1 1 -1 -1 2 1 0 1 0 0 0 -1 0 0 0 0 -1 -1 0 0 0 -1 -1 -1 0 1 2 -1 -1 0 -1 1 2 -1 0 -1 -2 -2 1 2 1 2 0 0 -2 1 -1 1 0 0 0 0 1 2 -1 0 1 1 0 1 1 0 -2 -3 -1 -2 -1 0 0 0 1 -1 1 1 -2 1 1 1 0 1 -1 -1 0 -1 -1 0
-1 0 0 -1 -2 0 0 0 -1 -1 0 -1 2 0 -1 -1 0 0 -2 0 0 -1 -1 -1 1 -1 0 1 1 0 1 0 1 1 0 -1 0 0 0 -2 1 1 0 0 1 0 1 1 0 -2 0 0 1 0 0 -1 1 0 1 0 -1 2 2 0 -1 -2 0 2 0 0 0 0 0 1 0 0 0 0 0 -1 -1 0 1 -2 -1 -1 -2 3 1 0 0 0 0 1 -1 1 1 -1 -1 2 -1 2 1 -2 -1 2 2 1 0 1 1 -1 -1 -1 1 1 -2 1 0 0 -1 -2 0 1 -2 0 -1 2 -2 1 2 -1 -2 0 1 1 -2 1 2 1 -1 0 -2 -2 -1 -1 2 0 2 0 -1 0 3 0 1 -2 2 2 -1 2 1 0 0 0 0 1 0 -1 0 -1 -1 0 0 0 0 0 -1 0 1 0 1 -1 -1 -2 -1 1 1 1 2 0 -2 0 -1 2 0 -1 0 0 0 0 1 0 0 1 -1 0 1 1 0 2 -2 -1 1 0 1 2 1 2 1 -2 2 -2 -1 2 0 -1 -2 -2 1 -2 0 -1 -2 1 0 0 -2 0 1 0 0 1 1 1 0 1 1 1 -1 -1 -1 1 2 -1 2 0 -2 -1 1 1 -1 0 0 -2 0 0 -1 -1 0 -2 -1 0 -1 1 -1 -2 0 0 1 -1 3 1 1 -2 1 0 -1 1 1 0 0 0 0 0 1 1 0 -1 0 -1 0 0 1 1 1 -1 0 3 -1 1 1 0 0 0 0 -2 -1 0 -1 2 -1 0 2 -1 1 2 0 1 1 1 0 0 -1 1 0 1 1 -2 1 3 0 1 1 -1 0 -1 1 1 0 0 1 1 1 0 1 2 0 -1 0 0 2 0 -1 0 -1 1 -1 -1 1 0 0 0 -1 1 1 1 1 0 0 1 -1 -1 -1 -1 0 0 0 2 1 -1 -1 2 1 0 -3 -1 0 1 0 1 0 -1 -2 0 -2 -1 0 1 2 -2 -1 0 1 1 1 -1 -1 -1 -2 0 1 1 0 -1 -2 0 1 -1 -2 0 0 1 0 -1 1 1 -1 0 0 1 0 0 0 0 1 -1 1 2 -1 1 0 0 1 0 -1 -1 0 0 1 -1 0 0 0 1 -1 0 1 0 -2 1 1 2 1 1 1 1 -2 0 -1 1 1 0 1 2 0 -1 1 -2 1 1 -2 0 -2 0 -1 0 -2 0 1 0 0 1 1 0 2 -1 1 1 1 1 -1 -1
1 1 0 -1 0 1 1 -1 -1 -1 0 -2 1 0 0 0 1 0 1 1 1 0 0 -2 -1 1 0 -2 0 -1 2 1 -1 1 0 -2 0 -1 1 1 0 0 0 -1 0 0 0 1 -1 2 1 -2 -1 1 2 -1 -1 0 -2 0 -1 2 -3 1 1 -2 -2 0 -1 2 0 1 1 1 0 1 0 0 -1 -1 0 0 1 2 0 0 -1 0 0 2 2 -1 -1 0 -1 0 1 0 1 2 2 1 0 0 1 1 1 1 -2 1 -1 -1 0 -1 0 0 0 0 -1 2 -1 0 2 2 -1 -1 0 0 0 2 2 0 0 0 1 -2 -2 0 0 0 -1 -1 -1 1 -1 1 1 0 0 2 2 0 -1 0 0 1 -1 -1 1 0 -2 0 -1 0 2 1 -1 0 -2 -1 -1 0 1 0 1 0 1 -1 0 1 1 1 0 -1 1 1 1 0 0 0 0 -1 -1 1 -2 0 1 1 0 1 0 1 0 0 0 -1 0 -1 0 0 2 -1 1 1 0 -2 1 0 0 -2 2 1 1 1 -1 0 0 -3 0 0 1 -1 0 -1 0 0 0 -2 2 -1 0 -2 -1 -1 -1 -1 2 0 1 0 1 -2 2 0 0 0 0 0 -1 0 -2 -1 0 -1 -1 2 1 0 2 -2 0 0 -3 0 0 -1 1 2 -1 0 2 0 0 1 0 -1 -2 0 0 -1 -1 2 -1 0 -2 1 0 0 -1 -1 -1 1 -2 0 2 -1 1 1 1 0 2 0 -1 1 1 0 0 -1 0 1 1 0 1 -1 1 -1 -1 0 0 0 2 2 2 2 0 0 0 -1 0 1 0 1 -3 -1 -2 -1 -1 -1 0 1 0 1 1 3 0 0 0 -1 0 0 -1 1 0 1 3 1 0 1 1 1 0 0 0 0 -1 -1 0 0 -1 0 1 -1 1 -2 1 3 0 0 0 -1 1 0 1 0 0 1 0 0 1 0 -1 1 1 1 -2 -2 1 1 -1 -1 0 0 1 -3 -1 -1 -1 1 -1 3 1 1 2 0 1 1 0 0 -2 -2 0 -2 0 2 -1 1 0 0 1 0 1 -1 -1 0 -1 0 0 1 1 2 1 0 1 -1 0 0 0 -1 1 2 0 -2 0 2 0 1 0 0 0 0 -1 0 -1 1 0 -1 1 -2 -1 2 0 1 -1 0 -1 -1 0 1 -1 0 -1 0 -2 -2 -1 0 0 1 2 0 2 -1 2 -1 0 -1 -1 2 0 2 -2 -1
-2 2 -2 0 -1 0 0 0 -1 0 1 0 -2 1 0 2 0 -1 1 1 1 1 -1 1 -1 0 0 -2 -1 0 1 1 -1 1 -1 -1 2 -2 1 0 1 -1 0 0 0 2 0 -2 0 -1 2 0 -1 -1 -1 1 0 0 -1 0 1 1 1 1 1 -2 0 -1 3 1 -1 2 0 1 1 1 -3 -1 -1 0 -1 -1 0 -1 2 0 0 -1 -1 -2 0 -1 0 -1 -2 0 1 0 1 2 0 1 -1 1 1 -1 1 0 0 -1 -1 -1 1 -1 0 0 -1 1 0 1 1 -1 0 -1 0 0 -1 0 1 -1 2 0 1 0 -2 1 -2 0 1 0 0 -1 0 1 0 1 -2 1 1 0 0 0 -1 -1 0 -1 0 0 -1 0 1 0 1 0 2 1 0 2 -2 1 1 -3 -1 -2 2 -1 1 -1 -1 1 0 1 -1 0 1 2 1 0 -1 2 -1 0 0 1 1 0 3 0 1 2 -2 0 1 -1 -1 0 1 2 -1 1 0 -2 1 0 0 0 1 2 0 0 -2 2 1 0 -1 1 -2 -1 -1 -1 0 0 1 -1 0 2 0 0 -1 0 1 0 2 -1 2 1 -2 1 -1 -1 -1 -2 0 0 -1 -1 1 -2 -1 -1 0 0 3 0 1 1 -2 -1 0 1 0 2 0 2 0 0 -1 -2 -1 0 -1 -1 2 -1 0 1 -1 1 0 0 2 -1 -3 -2 1 -1 0 -1 0 -1 -1 1 0 0 1 0 -1 0 0 0 0 1 -2 1 -2 -2 0 0 -1 1 0 0 1 0 0 1 1 1 1 -1 1 -1 0 -2 2 0 0 -1 -2 1 0 -1 1 -1 -1 -1 0 0 0 -1 0 1 2 0 0 2 0 2 1 1 0 0 -2 -1 -1 -2 0 -1 0 0 1 -1 -2 2 0 0 0 1 1 -2 1 1 -1 1 -1 0 1 0 0 1 -1 0 -1 0 -1 -2 -1 0 1 0 1 1 -1 1 -1 1 -1 0 -2 0 -1 1 1 -1 0 0 0 1 0 -1 2 1 -1 -1 1 0 -2 -1 1 -1 -2 2 1 0 -1 -1 0 -1 1 -1 -1 0 2 0 -1 1 1 1 0 0 0 -1 -2 -1 0 1 0 -1 1 -2 0 -1 0 -1 1 1 1 0 0 1 1 -2 0 -2 3 2 -1 1 0 -1 -1 0 -2 -2 0 -1 0 0 1 0 0 1 0 -1 -1 -2 0 0 -1 2 1 1 2 -1 -2 1 -1 0 0 0 -2 0
0 0 -1 -1 0 -1 0 0 -1 1 -1 2 -1 -1 -1 1 0 -1 0 1 0 1 1 1 -1 0 0 -1 1 0 2 2 0 -1 0 -2 -1 -1 0 0 -1 -1 -1 0 0 -2 0 0 1 0 1 1 1 0 -2 -1 -2 1 2 0 1 1 2 0 0 1 0 -1 -1 -1 1 0 -1 -1 2 1 0 -2 1 0 0 1 2 0 0 0 -2 1 1 -1 -1 2 -1 0 -1 0 0 0 0 -1 0 2 0 -1 -1 -1 -1 1 -1 0 1 1 -2 0 0 0 -3 0 0 3 0 0 -2 0 0 0 0 2 0 -1 -1 1 -1 0 -1 -1 -2 -1 0 -1 0 1 1 -1 -1 2 0 0 -1 2 -2 -1 0 3 1 0 -2 1 -1 2 1 -2 1 1 1 0 -1 -2 1 1 0 0 0 1 1 0 1 1 0 -1 1 1 -2 1 1 0 1 2 1 0 -1 1 -1 -1 0 0 2 0 -1 2 0 0 0 0 0 1 1 1 2 -2 0 2 0 -1 -1 1 0 0 1 0 0 0 -1 -1 -1 1 -1 -1 0 1 0 0 0 1 0 3 -1 -1 0 1 1 1 0 1 0 -2 0 1 1 1 1 0 0 0 -2 -1 -2 0 -1 -1 0 1 1 1 -1 0 -1 1 1 -1 0 -1 0 0 1 1 0 0 2 -1 1 1 0 1 -1 -2 2 -1 -2 -1 -1 1 1 1 -1 0 -1 3 0 -1 -1 -1 2 1 -1 -1 0 -1 0 1 -3 1 1 1 1 1 -1 0 1 -3 1 0 -2 -1 2 1 2 2 1 -1 0 1 0 1 -2 0 0 -1 1 -1 1 1 0 0 1 2 0 -1 1 1 -2 1 1 0 2 1 0 1 2 -1 0 0 0 -1 0 1 -2 1 1 1 3 0 -1 -2 1 -1 -1 0 1 0 0 1 1 0 -1 0 0 -1 1 0 0 2 3 1 0 1 0 0 0 1 -2 1 2 0 1 1 1 1 0 0 -1 -1 -1 -1 -1 2 0 0 1 2 -2 0 0 -1 -1 -1 0 1 1 0 -1 -2 0 2 0 -1 1 0 0 2 1 -1 1 1 1 2 -1 -2 0 0 -1 -1 0 0 -1 0 -2 0 -1 0 0 -1 -1 0 -1 1 1 1 1 1 1 1 -2 -1 0 0 2 1 -1 0 1 -1 0 0 1 0 1 0 0 0 0 0 1 2 0 -1 -2 0 0 1 -1 0 -1 -1 -2 1 0 0 0 0 -1 -2
-2 2 -1 0 -1 -2 0 -1 -1 0 1 0 1 -1 -2 0 -3 -1 1 -1 -1 1 3 -1 0 0 -1 0 0 -1 1 -1 1 1 -1 -1 0 2 0 0 2 0 0 1 1 0 -1 -2 0 1 -1 -1 0 -1 0 -2 0 -1 0 0 -1 2 1 -2 1 -2 0 1 -1 0 1 2 0 0 -1 0 1 0 2 -1 -1 0 0 0 1 0 1 0 1 1 -1 1 -1 0 1 0 -1 -1 0 -1 0 -1 0 -1 0 1 3 -1 1 0 0 -1 1 -1 0 1 -1 2 -1 1 0 -1 3 1 2 0 -1 1 1 1 1 -2 -1 1 1 1 0 1 1 -1 -1 -1 0 -1 0 1 0 -1 0 0 1 2 0 0 1 -2 2 -1 -1 0 -1 -1 -1 1 0 -3 0 0 -1 -1 -1 1 0 -1 -1 0 0 0 0 -1 1 -2 0 -2 0 1 0 1 0 -1 1 -1 -3 1 1 1 0 -1 0 -1 -1 0 0 0 0 0 1 0 0 0 0 -1 1 -1 0 0 -1 1 0 -3 1 -1 0 0 1 0 0 0 0 0 0 -1 -1 0 0 0 0 -1 1 0 2 -1 -1 0 -2 1 1 -2 1 1 0 0 2 -2 0 0 -3 -1 0 -1 0 0 2 2 1 0 1 -2 0 -1 1 -2 1 2 1 -1 1 -1 0 -2 -1 0 0 1 0 1 0 1 0 0 -3 0 1 -1 0 1 2 0 1 1 0 -1 2 -1 2 -2 -1 1 -1 1 0 -1 1 1 -1 0 1 1 -1 1 1 1 1 1 0 1 0 -2 0 1 2 2 -1 1 0 -1 2 -1 1 -2 -2 1 -1 0 0 -1 0 -2 -1 1 -2 -1 1 1 -2 0 1 1 3 -1 0 0 -1 2 1 -1 -1 0 2 0 1 0 1 0 3 2 2 2 0 -1 -1 0 0 -1 -1 0 -1 2 1 -1 -1 0 1 -1 0 1 0 0 1 1 1 -1 -1 0 -1 0 1 -1 1 1 1 0 1 0 1 1 1 1 -1 0 1 -1 0 -2 1 0 2 -1 0 2 1 0 0 0 -1 -1 0 0 -1 1 -1 -1 -1 0 0 -1 2 1 -1 0 -1 0 0 1 -1 -2 0 1 -2 1 0 0 1 -1 0 0 1 -1 1 0 0 1 -1 -1 -2 0 2 0 -1 2 0 -2 1 1 1 -1 3 0 1 0 -1 1 0 1 0 1 1 1 1 -1 1 0 0 2 1 -1 1 2 -1 1 1 1
1 1 -1 0 0 -1 -1 0 0 1 0 -1 1 2 1 -1 2 2 1 -1 1 2 0 -1 1 0 1 -1 1 1 0 0 -1 2 0 0 1 1 0 0 0 -2 2 1 -1 0 1 3 -1 1 0 1 1 -1 -1 0 2 -1 -1 2 -1 -1 -2 0 -1 0 0 0 1 0 1 -1 0 -1 1 -1 0 0 0 0 1 -2 -1 -1 1 0 0 -2 1 2 -1 2 0 0 1 -1 0 2 -1 -1 1 -1 -1 -1 0 0 0 0 2 0 -2 -1 -1 1 -1 -1 2 1 -1 0 0 0 1 0 0 0 0 1 -1 2 0 -1 1 -2 -1 -1 2 -1 1 0 1 0 0 1 1 1 0 1 -1 1 1 1 -1 -1 0 1 2 0 -3 2 -1 0 1 0 0 0 0 -3 1 1 2 1 -2 -1 -1 0 -1 -2 0 -1 1 -1 2 0 -1 0 -1 0 0 1 0 -1 0 2 -1 -1 0 0 1 -2 -2 0 1 -1 1 -1 -1 -2 2 0 0 0 0 -2 0 0 0 0 2 0 1 -1 0 1 3 0 1 -1 -1 0 -2 3 1 0 1 0 -1 -1 1 -1 -1 0 0 0 1 0 0 0 2 1 0 2 -1 -1 0 2 0 -1 -1 0 1 -1 0 -1 -1 0 1 2 1 -1 -1 -1 -1 1 0 0 1 0 -1 -1 1 0 0 2 1 3 0 1 0 0 0 0 1 -2 0 -1 0 -1 0 0 -1 -1 -1 -1 -1 0 0 -1 0 -1 1 0 0 1 -1 1 0 -1 1 0 0 0 1 0 -1 -1 1 1 -1 -1 0 0 1 -1 1 0 -2 0 0 -3 1 -2 1 -1 -1 1 3 2 0 0 0 0 0 3 0 0 1 0 -2 0 0 -1 0 -1 0 0 1 1 0 0 3 -1 0 -2 -1 -1 -1 0 -1 -2 0 1 -1 0 1 1 -1 -1 1 -2 0 -1 0 0 0 -1 0 0 0 -3 1 -1 -2 0 0 -1 1 0 1 1 0 2 -1 -2 0 -1 -2 1 -1 -1 1 0 -1 1 1 0 0 -1 -2 1 0 0 1 -1 2 1 -2 1 2 1 2 1 0 -2 -2 1 0 1 -1 -1 2 2 -1 -1 1 -1 0 0 0 0 1 0 -1 0 0 0 -2 -1 0 0 0 0 -2 0 1 -1 -2 0 -1 1 1 1 -1 1 0 -1 1 -1 0 1 1 1 1 -1 -1 -1 -1 0 1 -1 1 -1 0 -1 2 1 2 0 1 1 0 0
1 1 -1 2 0 -1 0 -2 0 1 0 1 0 1 0 0 0 1 -2 1 -2 0 -2 1 -1 0 0 1 0 0 3 -2 0 0 1 0 0 3 0 1 -1 -1 0 1 0 0 -2 2 -2 -1 1 -1 0 -1 0 -2 0 -1 0 0 -1 0 1 0 1 -1 0 0 1 1 1 1 0 1 0 0 1 0 0 -1 -2 1 0 -1 0 1 -1 1 0 1 -2 0 1 0 0 3 1 0 -1 1 2 0 0 0 0 -1 1 0 -1 -1 -1 1 2 -2 -2 -2 0 0 2 -2 -1 0 0 0 0 1 2 1 -1 -1 3 0 -1 -1 0 -1 0 -1 1 -2 -1 0 0 0 0 -1 0 -1 -1 0 1 0 -1 0 1 -1 0 2 -3 0 0 -1 0 -1 1 0 -1 2 1 1 0 -1 -2 2 -1 1 0 -1 1 1 1 -1 1 0 -2 1 0 -1 0 -1 -1 0 0 1 0 0 2 0 2 0 1 -1 -1 -2 0 2 1 1 0 0 1 0 -1 -2 0 1 0 0 -2 0 0 0 0 0 -1 0 -1 1 0 -2 1 2 0 0 1 1 -1 -1 1 0 2 -1 2 0 -1 -1 -2 -2 0 -1 -1 -1 -1 0 1 0 -1 1 -1 1 -1 1 1 -1 0 0 -2 2 1 0 1 1 1 0 -1 -2 0 1 1 0 0 0 1 1 0 -1 1 2 2 1 2 0 1 0 1 0 1 -1 0 3 1 0 0 0 0 0 -2 1 -1 -2 -1 0 -1 1 -2 -1 0 0 -2 -1 -1 -2 0 0 -2 1 1 0 0 -2 0 -1 2 1 1 0 0 0 -1 0 -2 0 0 -1 1 2 2 0 1 -1 0 0 0 1 0 -3 2 -1 -1 -1 -2 0 1 2 0 0 -2 -2 0 0 -1 -3 -2 3 -1 0 0 1 -1 -2 0 -2 -1 -1 2 1 1 0 -1 0 -1 -1 0 0 -1 0 0 1 -3 0 0 0 0 1 1 0 0 0 0 -1 -1 1 0 0 0 1 0 0 -2 0 2 0 1 1 0 1 -1 0 -2 -1 0 0 1 1 -1 -2 -1 0 2 1 0 1 -1 0 -3 1 1 1 -1 0 -2 0 -1 1 -1 -1 1 0 1 1 0 0 0 -1 -2 1 2 -1 -1 1 2 -1 0 0 0 -1 2 0 0 1 0 0 0 -2 1 -2 0 -1 -1 0 -1 0 0 1 0 1 0 1 0 0 -2 0 1 0 0 -1 0 -1 2 -1 -2 2
0 0 1 3 -2 -1 0 2 0 1 1 -1 1 -1 -1 -1 1 -1 -1 -1 -1 1 0 -1 0 -1 0 0 0 2 1 -2 0 1 0 -2 0 1 1 1 0 1 0 2 -2 -1 1 0 1 0 1 -2 -1 -1 0 2 1 1 0 -2 2 0 -1 0 1 -1 0 0 0 0 0 1 0 2 -1 -1 0 0 1 2 1 -2 0 -1 1 -1 1 -1 -1 2 1 0 2 -1 0 -1 -1 0 0 1 -1 -1 -1 1 -1 0 -1 0 -1 1 0 0 -2 1 1 0 1 0 -1 -2 1 -1 0 2 1 1 0 -2 0 -1 -1 -1 -1 1 -1 0 0 -1 0 -1 0 0 0 0 0 1 1 -2 0 -1 2 -1 -1 0 2 1 -1 0 0 -2 1 0 -2 1 2 0 0 -2 -1 -1 0 0 1 0 2 0 0 -1 0 1 -1 -2 -1 0 2 0 1 0 -1 0 1 1 1 0 -2 -1 0 0 1 -1 2 -1 2 1 -2 1 0 0 0 1 2 1 1 0 0 0 -1 -2 -1 -1 1 0 0 1 2 0 -2 0 0 -1 -1 1 0 0 1 -1 -1 -1 -1 0 1 -2 -1 0 1 -1 1 0 0 -1 -1 2 0 1 2 1 1 1 1 1 1 0 0 3 0 2 0 -2 0 0 0 0 1 1 2 -2 -1 0 0 -1 1 1 1 0 -1 -1 0 -3 0 -2 -1 -1 1 1 0 1 1 1 1 -1 1 0 1 2 -1 -1 -1 0 -2 1 0 2 0 1 0 1 0 1 2 -1 1 -3 2 2 1 0 0 0 -2 -1 0 -1 1 -1 0 2 0 -1 -3 -1 0 -1 -3 0 2 1 1 -1 -1 1 0 1 0 -1 -2 -1 1 -1 1 0 -1 -1 1 1 -1 0 0 1 0 0 2 -1 -2 0 -1 0 -1 2 0 2 -1 0 0 1 -2 0 -1 1 -2 -1 1 0 0 0 -2 -1 0 0 -1 0 -1 1 0 0 -3 -1 -1 1 0 0 1 2 2 0 1 2 0 0 -1 -2 2 2 1 -2 -1 0 1 1 -1 0 -1 0 -1 0 0 -1 0 -1 0 -1 0 -1 0 2 2 -1 0 -1 -1 0 1 0 -1 -1 0 0 -2 -1 0 0 1 1 1 0 0 1 0 0 0 0 0 -1 0 -1 -1 -1 1 -2 -1 -1 -2 -1 0 1 1 0 0 1 1 -1 -1 0 -1 1 1 1 0 -1 2 0 -1 0 0 -1 1 0 -2 1 0 -1 -1 -1
0 1 0 1 0 1 -1 1 0 0 1 0 0 0 0 -1 -1 -1 2 1 3 -1 2 0 0 -1 1 2 -1 0 0 0 1 -1 2 0 -1 1 -1 0 -2 -1 0 -1 0 -1 -3 0 1 2 -1 0 0 1 -2 0 1 -2 0 0 2 0 -1 0 0 -2 2 1 2 1 -1 -2 0 -1 0 0 0 2 -1 0 -2 -1 0 1 1 0 0 -1 0 1 0 0 0 1 -1 0 1 1 3 -2 1 -1 1 0 -2 1 -1 1 1 0 1 0 0 -3 -1 2 1 -1 3 0 0 1 0 0 -2 -1 1 -1 2 -1 -1 -2 1 1 0 2 1 1 -1 0 0 0 0 2 2 0 -1 1 1 -2 -1 2 1 0 2 -2 0 0 0 1 0 -1 2 0 1 -1 1 2 0 1 1 -1 0 -1 0 0 0 0 1 -1 0 -1 1 2 0 0 -3 0 0 -1 1 0 0 -1 1 0 0 0 -2 -1 -1 0 0 0 2 0 0 -1 1 0 0 -1 -1 0 -2 0 0 2 0 -1 -1 1 0 -1 0 1 -1 1 0 1 -1 -1 2 0 1 1 -1 -1 0 0 -2 0 -1 0 2 3 1 1 -1 0 -1 1 0 1 0 -1 1 -2 1 2 0 -2 0 1 0 0 2 1 0 -1 -1 -1 0 2 0 -2 0 0 0 1 -2 0 1 -1 2 1 0 -1 2 1 2 -2 -1 1 -1 0 1 1 1 2 2 -2 2 0 0 0 0 -1 1 -2 0 1 -1 -1 0 -2 -1 0 1 -2 -1 -1 0 0 -1 -2 -2 -1 -1 1 0 -1 -1 0 0 -1 -1 2 0 1 0 -1 2 -1 1 2 0 1 -1 0 0 -1 0 1 -1 0 3 -1 1 0 1 0 -1 -1 0 0 2 0 0 1 0 0 0 -1 -1 -1 2 0 0 0 0 -1 -1 1 1 -1 2 -1 2 -1 0 -2 0 0 1 -1 0 0 0 0 -1 1 0 2 1 0 0 -1 -1 -1 0 2 -1 0 2 0 1 1 1 -2 1 0 -1 0 0 0 -2 1 2 1 1 -1 0 -1 0 0 -1 -1 -1 1 -1 -1 -2 -1 1 1 0 -1 -1 0 0 0 0 0 -2 0 0 0 1 0 1 1 1 -1 0 0 0 -2 0 2 0 -1 -2 0 -2 1 0 -1 1 -1 1 0 0 0 1 0 -2 0 1 1 1 1 -2 -1 0 0 0 -2 -1 1 0 1 -1 -1 0 0 1 1 0 -1 0 1
0 2 0 -2 0 -1 0 1 0 1 -1 -2 1 2 -1 0 -2 3 0 0 -1 2 -1 0 1 0 0 0 -1 0 0 3 0 -1 -2 1 -1 0 0 1 0 0 0 0 0 0 0 0 0 0 0 -2 0 1 -1 3 0 0 0 3 0 -1 0 0 0 -1 0 0 0 0 1 1 0 1 0 1 -1 0 -2 0 -2 0 1 1 0 1 1 0 1 -1 -1 0 0 1 -1 0 -3 0 1 1 1 -1 0 0 -1 1 0 0 0 1 -1 0 1 -1 1 2 0 1 0 0 -1 0 1 1 -1 -1 0 2 1 -1 1 0 0 -3 -2 2 -1 1 2 0 2 -1 -1 -1 -2 0 0 -1 0 1 0 0 0 0 1 1 0 1 -1 0 2 0 1 0 1 -1 0 0 0 0 0 0 0 1 1 1 0 0 2 -1 1 0 1 0 0 1 2 2 -1 0 -2 1 0 2 2 2 1 0 0 1 -1 2 1 -2 1 0 0 -1 -1 0 0 -1 -1 1 -1 2 0 1 0 0 1 2 1 2 -1 0 -1 0 1 1 0 -2 0 -1 1 0 1 1 0 -1 -1 1 0 -2 -2 0 1 0 0 1 1 1 1 -1 0 0 -2 1 -3 0 -1 -1 0 -1 1 1 0 0 -1 -1 1 0 0 1 0 0 -2 1 -1 -2 -1 -1 0 -1 -1 0 0 1 1 -1 2 0 0 -1 2 0 1 1 -1 0 -1 -1 0 1 1 2 1 0 2 -1 0 -1 -1 0 2 0 1 1 -1 -1 -2 1 -1 -1 0 1 1 1 1 0 -2 2 1 -2 1 1 2 0 -1 0 1 0 -1 -1 0 -2 0 0 -1 0 0 -1 1 -1 -2 0 -1 0 1 -1 -1 -1 -1 -1 -1 0 0 1 0 -1 1 -1 -2 1 -1 1 0 -2 3 -2 1 0 -2 -1 3 2 -2 1 1 0 0 0 2 0 -2 -2 -2 0 2 -2 1 2 2 0 0 0 3 2 0 1 -1 -1 0 0 2 -1 -1 -1 0 1 1 0 0 -1 2 1 1 -2 0 2 0 -1 -1 1 0 0 0 1 1 0 0 0 1 1 0 -1 1 -1 1 -1 0 0 0 2 -1 0 -1 1 0 1 -1 -2 0 0 1 0 -1 -1 1 0 -1 0 1 1 -1 0 0 0 -2 0 0 0 0 -1 -3 -1 -1 1 0 2 0 0 1 2 0 1 0 0 1 0 1 -1 0 -2 1 -1 -2 -1 -1 -1 -1 1
1 -1 -2 -1 -1 -2 -2 1 1 1 -1 0 1 -1 0 0 -1 -3 0 0 2 0 -1 0 1 -1 -1 -2 0 1 2 0 -1 -1 0 0 1 0 -2 0 2 0 0 -1 0 0 1 0 -1 1 1 -2 0 2 1 2 0 -1 2 -1 2 2 -1 1 1 -1 0 1 0 1 -1 2 0 0 -1 3 -1 -1 0 1 2 -1 1 0 1 0 0 -1 -1 1 1 0 0 1 0 1 0 -1 -2 1 1 -1 1 0 2 -1 1 -1 0 0 0 1 -2 0 -1 -2 -2 0 0 0 0 -1 0 -1 1 -1 -1 -1 0 -2 0 0 -1 0 2 -2 0 -2 1 1 0 1 -2 0 2 0 1 0 -1 -2 1 -2 -1 1 0 0 0 1 1 0 0 0 1 -1 0 2 -1 1 -1 -1 1 -2 1 0 -1 1 0 2 0 -1 0 0 1 0 -1 -1 1 -1 0 1 -1 1 1 0 0 1 0 -1 -1 0 2 -1 1 0 0 0 1 -1 2 0 2 -1 0 0 0 0 0 0 -1 1 0 1 -1 0 2 1 0 0 2 -1 0 0 1 0 2 1 -1 -1 1 -1 0 1 -2 -2 0 1 -2 -1 1 1 -1 -1 2 1 -1 1 -1 0 0 1 -1 -1 -1 -2 -1 0 0 1 1 -1 1 0 1 -3 1 -1 0 0 1 0 -1 1 1 0 2 3 1 -1 -2 0 -1 1 -1 -1 -1 2 -2 0 -1 1 0 1 0 0 2 2 -1 0 -1 -2 -1 0 1 -1 -1 1 -1 1 -2 1 0 1 0 1 -1 0 0 0 -1 0 0 1 -1 0 0 0 0 0 0 0 -1 2 1 0 0 0 -1 -2 -1 -3 -2 -1 1 0 -1 0 -1 0 -2 1 -1 1 0 0 1 0 -2 -1 -1 0 0 0 1 -2 -1 0 -1 0 0 -1 2 -2 1 -1 -1 0 -2 0 2 1 -1 0 -1 2 2 0 2 0 0 0 0 -1 -1 0 -1 2 0 -1 -1 -1 1 0 -1 -1 -1 -1 0 0 1 1 0 -1 -1 1 2 1 -1 1 -1 -2 1 0 0 0 1 0 -1 0 1 0 0 0 1 0 0 -2 0 -2 1 0 1 0 0 -1 -1 1 -1 0 2 0 1 0 0 0 0 1 0 -1 1 3 1 -2 -1 1 0 -1 1 -1 1 1 -2 1 -2 0 -1 0 -1 -2 -2 0 -1 1 -1 -2 3 -3 0 2 0 0 -1 -2 -2 1 0 1 0 2 0 0 0 0
-2 -1 0 -2 1 0 0 1 -2 -1 -2 -1 1 1 0 -2 1 0 -1 0 0 -1 -1 -1 0 0 -2 0 1 -1 -1 1 -1 -2 -1 1 2 -1 -3 0 -1 -1 0 1 0 1 -1 1 0 -2 0 0 -1 1 1 -2 1 -1 0 0 1 0 -1 -1 -1 0 -1 1 0 -2 1 -3 0 -1 -1 0 2 0 0 0 1 -1 -1 0 0 1 -1 0 0 2 -1 0 -1 1 -1 0 1 1 -2 0 0 0 0 1 -1 0 1 0 0 1 2 0 1 1 0 1 0 0 0 2 -1 1 -1 0 0 0 2 1 1 1 1 3 0 0 -1 1 2 2 0 -1 0 1 -1 -2 1 -1 1 -1 1 -1 0 -1 1 1 2 0 0 2 0 2 1 -1 0 1 -1 -1 -1 1 1 -2 -2 0 1 -1 -1 0 2 1 0 -1 0 0 2 0 1 -1 0 0 -1 -1 1 -2 -1 1 0 -2 0 0 0 1 -1 -1 0 -1 -1 0 2 1 0 -1 -2 0 -1 0 1 0 2 0 -2 0 -1 1 1 0 0 0 2 2 2 0 0 -2 -1 1 0 0 0 -2 0 -1 -2 -1 -1 -1 -2 1 0 -1 1 0 0 3 0 -2 2 0 1 1 0 -1 1 1 -1 0 0 1 -1 1 0 -1 1 -1 -1 0 1 0 -1 1 1 0 0 -1 0 -1 2 0 1 0 -1 0 -1 1 0 0 -2 0 -1 -1 0 1 0 0 0 -1 -1 2 2 0 0 1 -1 -2 2 -1 1 1 1 2 -1 0 0 -2 -1 -1 0 1 0 -1 0 -1 0 1 -1 1 -1 -1 1 1 0 -2 -2 1 0 1 -2 1 1 0 1 1 -1 -1 0 0 -1 -1 1 -1 1 1 1 -1 -1 -1 2 1 0 1 0 0 1 1 1 -2 -1 1 1 -3 1 -1 -1 1 -1 1 -1 0 0 -2 0 -1 -1 -1 0 0 0 2 0 0 0 0 0 3 0 -2 2 1 -1 0 0 -1 1 0 0 1 0 -1 1 2 0 2 -1 -1 0 -1 1 -1 0 0 1 1 0 0 1 1 -3 0 1 0 -1 -2 1 0 -3 0 0 1 0 -1 -2 -1 2 -2 0 1 -1 1 1 0 0 -1 1 2 -2 1 1 1 -1 1 1 -1 0 0 -1 0 0 0 2 0 -1 -1 1 0 -1 0 -1 -1 2 0 -2 1 -1 1 -1 2 -1 1 -1 0 0 -1 2 0 -1 1 1 2 -2 1 -1 1 2 0
-1 0 0 0 -1 2 -1 -1 0 -1 1 0 1 0 -1 1 0 -1 2 -1 1 0 -1 -2 -2 0 0 2 -1 1 1 -2 -2 0 0 2 1 0 0 1 1 0 0 0 1 2 1 -2 1 -1 -1 -1 -1 -1 -2 1 0 -2 -1 1 -1 0 0 1 2 0 -1 1 -1 2 0 1 0 0 -2 0 1 1 -2 -1 0 0 0 -1 0 -1 -2 0 2 1 1 -2 -2 0 1 -1 1 0 0 0 0 0 0 1 2 2 0 -1 0 -1 0 1 0 -1 -1 -1 -1 0 -1 -2 -1 2 0 0 -1 1 -2 1 -1 -1 1 1 -1 -1 -1 1 -1 -1 1 0 -1 1 -1 1 -1 -1 -1 1 1 1 1 0 0 -1 2 1 0 -1 1 0 0 0 1 1 2 -2 0 1 -2 1 1 -1 2 0 2 1 0 -1 -1 0 0 0 1 0 -1 -1 -2 3 -1 0 2 2 -1 1 -1 -2 0 0 -1 -1 0 0 -1 -1 0 -2 2 1 -1 0 0 1 -1 2 0 0 -1 0 0 -1 0 0 -1 -1 0 -1 0 0 -1 1 0 -1 1 1 0 1 -1 1 1 -1 0 0 2 0 2 -1 0 1 1 1 0 -1 0 1 -1 0 1 -1 0 0 0 -1 -2 -1 1 0 -1 0 -2 0 -2 1 -2 0 -1 0 1 0 -2 0 -2 0 -1 1 1 -1 0 0 0 -2 0 2 0 1 1 -1 0 -1 -2 2 0 1 1 -1 1 0 0 0 0 0 -1 -2 -3 -1 1 -2 1 -1 2 1 0 -1 0 0 0 1 0 0 0 -1 2 1 0 1 0 1 1 1 0 0 0 -1 0 0 -1 1 -1 0 1 0 1 1 1 2 3 0 2 3 -1 1 -1 -1 0 -1 -1 0 -1 0 2 -1 -2 0 -1 1 0 1 0 1 0 -2 0 1 0 0 0 0 -1 0 0 1 0 -1 -1 -1 0 2 0 0 1 1 0 -3 -1 1 -1 0 1 -1 0 1 2 -2 -2 -2 -1 -1 0 1 0 2 -2 -1 -1 -2 1 1 1 -2 1 -1 1 -1 1 -1 -1 -1 -2 -1 -2 1 -1 0 -1 -2 0 -1 0 -1 -1 1 0 0 0 0 1 -1 -1 -1 1 1 -1 0 0 -1 -1 0 -1 -1 2 1 0 1 -1 0 0 2 -1 -1 0 1 0 -1 -1 1 0 2 1 1 0 3 -1 0 0 0 -2 -2 1 -1 -1 2 0 1 -1 0 1 -2 -2 0 0 -1 1 0
0 -1 0 -1 -1 0 -2 1 0 0 0 0 1 -1 1 1 0 -1 0 0 0 -1 1 0 2 -1 0 1 2 1 0 0 0 -1 -2 -2 -2 1 -1 -1 0 -1 -2 -1 -1 1 -1 -1 0 2 1 -1 2 1 -1 0 1 -1 0 0 3 0 0 1 2 -1 -2 -1 0 -2 0 0 0 -1 1 2 -2 1 1 1 3 1 2 -1 -2 0 -2 0 0 -1 1 -1 -1 -1 0 0 -1 1 -2 0 0 -1 -1 1 0 1 0 0 0 2 1 0 1 0 0 0 -1 1 -2 -1 1 0 1 1 0 1 0 2 2 1 -1 -2 0 0 0 -1 0 1 1 1 0 0 1 -1 1 -1 0 0 0 -1 1 -2 0 0 0 1 0 0 1 -1 2 0 1 0 0 -1 -1 1 0 0 0 1 -1 1 -1 0 0 0 0 -1 1 0 -2 0 0 0 1 0 -1 0 -1 0 1 -1 0 0 1 -1 0 0 1 -1 1 -1 1 -1 0 1 2 1 -1 1 -1 -2 1 -1 1 -1 0 0 2 -1 2 0 1 2 -1 -2 0 0 0 -1 1 -1 2 -1 -1 0 1 0 2 0 -1 0 0 1 0 1 0 1 -3 -1 1 1 0 0 -1 2 1 0 1 1 -1 1 2 0 -1 1 1 1 0 -2 0 3 -1 1 1 0 1 2 -1 0 0 0 -1 0 0 -1 2 0 2 -1 0 1 0 0 -1 0 1 2 -1 1 -2 0 1 -1 1 -1 0 -2 0 0 1 0 0 0 -1 0 -1 0 -2 1 -1 2 0 -1 1 2 -1 1 -1 0 0 -1 3 -2 1 0 -1 -1 -1 1 1 -1 0 2 0 -2 0 1 0 -1 -1 -2 -3 2 -1 -1 -1 2 2 0 0 2 2 1 1 1 -2 -1 0 0 -1 0 -1 -1 1 -2 0 -1 1 0 0 0 -1 0 2 -1 0 -1 0 1 1 -1 0 -1 0 1 2 1 1 0 0 0 0 1 -1 1 1 1 1 1 0 1 1 0 -1 1 2 0 0 1 -1 2 -1 -1 -1 2 0 -2 0 0 1 1 -1 -2 0 -1 1 2 -1 -1 0 -1 1 2 0 -1 0 -1 1 1 0 -1 0 -1 0 2 1 -1 -1 0 1 -2 0 -1 -1 1 -2 1 2 0 1 0 1 1 0 -1 0 -2 -1 2 0 0 0 0 1 0 1 1 1 -2 1 1 1 0 0 -1 0 -1 2 0 -2 0 0 0 0 1 2 2 0 -1
1 -1 -1 -2 0 0 0 -2 0 1 -1 -2 1 -2 -3 -1 0 0 -1 2 -1 2 0 0 -1 0 0 0 0 -2 2 0 0 1 -1 -1 0 0 1 0 -1 -1 0 0 0 1 0 1 -2 0 1 -1 1 0 -1 -1 1 -1 1 0 0 0 -3 0 0 0 -1 2 0 1 1 1 -1 1 -1 0 0 -2 0 -2 -1 0 0 1 1 0 1 0 0 0 2 -2 0 -2 0 2 0 1 -1 1 1 -1 0 -1 -1 0 -1 1 0 0 0 1 0 -1 1 1 1 0 0 1 -2 0 0 1 0 1 -1 1 1 0 2 1 2 0 1 -1 0 -1 -1 1 0 -2 0 -2 0 1 1 0 -1 1 -1 -1 2 0 1 -1 1 0 0 2 -1 0 1 -1 1 1 -1 -1 0 -1 -2 -1 -1 -1 -1 0 2 1 -1 1 0 2 1 0 2 0 0 -1 1 0 0 1 0 0 0 1 2 2 -1 -1 0 0 1 -1 0 -1 1 1 0 0 -1 -1 -1 0 -1 0 2 0 0 -2 -1 0 0 1 -1 1 -2 -1 0 -1 -2 1 1 -1 -1 0 1 1 -1 0 -1 1 1 -3 -1 0 -1 -3 0 -1 1 -2 0 1 1 1 1 2 0 3 0 -1 -1 -1 0 -1 -1 0 1 -1 0 0 1 0 1 0 1 -2 1 -2 1 1 0 2 -1 0 0 0 1 0 -1 -3 -1 0 1 0 0 1 0 0 0 1 -1 0 0 0 -2 -2 -1 0 2 0 -1 1 -1 0 1 0 0 -2 2 -1 -1 1 0 0 1 1 -1 2 1 2 0 0 -1 1 -1 0 -1 0 1 0 -1 -1 -1 -2 2 0 0 1 -2 -1 0 0 1 0 1 -1 1 -1 -1 0 0 -1 1 0 -1 0 -1 -2 1 -2 -1 1 0 -1 0 -1 1 2 1 1 1 0 1 1 0 -1 1 -1 1 -1 0 -1 -2 0 1 -1 -1 -1 0 1 0 0 -3 -2 0 0 0 -1 -1 0 1 -3 0 2 1 -1 -2 2 1 0 1 1 0 1 -1 2 -1 0 0 -1 -1 1 0 -1 2 -1 0 0 0 0 1 0 1 -1 0 2 -1 2 2 0 0 0 0 -1 1 0 1 0 -1 0 -1 -1 0 1 0 0 0 0 -2 0 -2 -2 1 -1 2 0 0 1 0 0 0 -1 -1 -1 0 2 0 -2 -1 0 0 -2 1 1 -1 -1 0 -1 -1 1 2 -1 -1 -1 0 1 -1 -2 -2 3
2 -1 1 -2 2 -1 2 0 3 1 1 1 1 0 -1 -2 -1 0 1 0 0 1 -3 1 0 0 1 2 -1 -1 2 -1 0 -1 1 -3 -2 1 1 1 0 1 -1 1 -1 0 1 1 -1 0 0 -1 1 0 -2 2 -2 -1 1 0 -1 1 1 0 1 0 2 0 1 -1 0 2 1 1 -1 0 0 0 1 0 -2 2 2 -1 0 1 0 0 2 1 0 0 1 1 1 0 1 0 -1 1 1 2 0 -2 0 0 0 -1 -1 1 -1 1 0 0 1 -1 0 -1 1 -3 0 0 1 0 3 0 0 2 -1 0 0 0 0 -1 0 -1 -1 0 1 1 1 0 1 1 0 -2 1 -2 -1 0 1 0 -1 0 1 -1 -1 0 1 0 0 1 2 -1 1 3 0 -1 -1 0 1 0 -1 2 0 0 0 1 0 -1 -1 0 1 0 1 -1 1 0 0 1 -1 1 -1 -1 0 -2 -1 0 0 -1 -1 1 0 -1 0 1 2 -1 -1 0 1 0 -2 0 -1 2 0 0 1 1 1 -2 -1 0 -1 1 -1 0 0 0 -1 1 -1 0 0 -1 2 0 2 1 0 0 1 1 1 -1 2 -1 1 0 -1 -2 0 -2 0 0 -1 2 -1 -1 -1 -1 -1 1 -1 0 1 -1 1 1 -1 1 0 0 -1 0 1 -1 1 -1 1 1 0 -1 -1 1 2 0 -1 1 -1 3 1 0 1 2 -3 -1 -1 2 1 0 -1 0 0 0 1 0 -1 0 1 0 1 0 0 1 -1 0 -2 0 0 -2 0 1 1 0 0 0 -1 -1 -2 1 -1 0 1 1 2 0 1 1 0 0 0 0 -1 2 2 1 1 0 1 0 -1 1 0 -1 -1 0 -2 0 -3 0 2 0 -2 1 -2 0 0 0 2 -1 0 2 1 0 0 0 2 -1 -2 1 -1 0 0 0 0 -2 2 -3 0 1 1 0 0 -1 -1 0 -1 0 -1 1 2 2 3 -1 1 1 0 0 -1 0 -1 1 -1 0 -1 0 1 -2 0 -1 0 -2 0 0 1 2 -2 -1 0 -1 0 -1 0 0 1 -1 -1 0 0 0 -2 0 0 0 -1 0 0 -1 -1 1 2 2 1 -2 -2 1 1 -1 0 1 1 1 0 2 0 0 -1 -2 2 2 -1 0 0 -2 0 1 0 -1 0 1 -1 1 2 0 1 -1 2 1 1 1 0 2 0 0 0 1 2 1 -2 -1 1 0 1 -2 1 0 1 0 -1 -2
0 2 0 -1 -1 -1 -1 1 -3 1 0 -2 0 0 0 -1 -1 0 -1 2 0 -1 0 0 1 0 -1 0 0 0 0 0 0 -1 -1 -2 0 0 0 0 0 1 0 2 0 -1 0 0 0 0 3 -1 -1 1 1 -1 1 -1 0 -1 1 1 1 1 -1 -1 1 0 -1 0 1 2 1 0 0 1 -1 0 -3 1 1 -1 2 0 2 0 -1 -1 1 -1 0 -1 0 2 0 1 -1 0 -1 0 -1 0 -1 0 0 0 0 -2 0 0 1 0 -1 -1 0 0 -2 0 -2 -1 0 -1 0 -1 -1 -1 -1 0 3 -1 1 -1 1 -1 -1 1 2 0 2 -2 1 1 0 2 0 0 -1 0 1 -2 2 0 0 -2 0 -1 -1 0 -2 -2 0 0 1 -2 2 0 -1 0 -1 -1 2 0 1 -1 0 0 -3 -1 -1 0 0 -1 2 -1 0 -1 1 0 0 1 0 -1 0 2 2 -1 0 0 1 -1 -1 1 -1 -1 2 -2 0 1 0 1 0 -1 -1 0 2 0 0 2 1 0 2 0 -3 1 0 0 0 2 -1 1 -1 1 0 -1 1 1 -2 -1 1 0 0 3 0 0 -1 0 0 1 0 -1 -1 -1 0 -1 1 -1 0 0 1 -1 -1 0 0 -1 1 2 1 0 0 -1 -1 1 1 1 2 0 2 -1 -1 -1 -1 1 -1 0 0 1 -1 -1 0 2 0 0 -1 -2 -1 1 1 -1 -1 1 0 1 0 0 1 1 1 2 0 1 1 -1 -1 0 0 -1 1 0 -1 2 -3 3 -1 0 1 1 -1 0 -1 0 -1 1 0 0 -1 0 2 0 0 -1 0 2 1 0 0 -1 -1 -1 0 0 -1 0 1 0 1 1 0 -1 -2 -1 1 1 1 0 2 -1 0 3 0 3 -1 0 -1 -1 -1 -1 2 -1 0 -1 0 -1 -2 -1 -1 1 -1 -1 3 1 0 1 0 1 2 0 -2 2 0 0 1 -1 0 1 -2 -1 -1 1 -2 0 -1 1 -1 0 0 0 1 0 -1 0 0 0 2 -1 0 -1 0 0 -3 1 1 2 1 -1 -2 -1 1 -1 2 0 2 1 0 -1 0 0 1 0 0 0 2 1 1 0 1 1 -2 2 -1 2 -1 -1 -1 0 1 2 0 0 0 1 2 -1 -1 2 -1 -1 0 0 0 -1 0 1 -1 0 2 2 -1 -1 -1 0 0 1 -1 0 1 -1 1 1 2 -1 0 -1 -3 0 2 -1 -1 0 0 0 -1 0
-1 2 -1 -3 1 -1 0 2 -1 0 2 1 2 1 1 1 -1 0 0 0 -1 0 0 1 0 0 0 1 2 1 -1 0 2 -1 0 0 -1 1 -1 -1 -1 0 0 -1 2 -2 1 -1 1 -3 -1 0 -1 2 -1 0 -1 0 0 -1 2 0 1 0 2 0 -1 0 0 1 0 0 -1 0 1 -1 -1 -1 -1 0 0 0 0 0 0 0 -1 2 1 0 -1 0 0 0 -2 1 0 1 0 1 -2 0 0 0 0 -1 0 1 1 0 -2 2 0 0 0 0 2 -1 1 -1 -2 0 -2 -1 1 0 0 -1 1 1 3 0 -2 1 1 2 0 -2 1 1 2 1 -1 -1 1 1 1 -2 -1 1 0 1 1 -1 1 0 0 2 -2 2 0 -1 0 0 -2 -2 1 -1 1 1 2 0 1 -1 1 -3 0 0 2 0 1 0 0 1 -1 -2 0 0 2 -1 1 0 0 -1 0 0 0 -1 -3 0 -1 0 -1 -1 -1 -2 1 -1 2 2 0 0 -2 1 -1 1 1 -1 0 1 1 1 0 -1 1 2 1 -1 -3 1 -1 -1 0 0 0 0 -1 0 1 0 2 -1 0 0 2 -1 -1 1 -1 0 1 -1 1 0 -1 0 -1 0 0 1 2 0 -1 1 -1 -2 0 -2 -1 2 -1 0 -1 -2 0 -1 1 2 0 -1 1 2 0 -2 0 1 2 0 -1 -1 1 -1 1 0 -1 -1 -1 0 0 -1 0 0 2 1 -2 2 1 1 1 -1 0 0 0 -1 0 -1 0 0 0 0 -1 -2 0 -1 0 -2 0 -1 0 -1 0 -1 0 0 -1 0 -1 -1 0 1 1 0 -2 -1 1 -1 -1 2 0 0 -1 0 0 2 -1 -2 -1 1 0 0 1 -1 1 -1 -1 1 2 0 0 1 2 0 -2 0 0 1 0 1 -3 2 1 -2 0 -1 -1 -1 0 -1 1 2 2 0 0 0 -2 -1 0 -1 1 0 -1 -1 0 -3 0 1 -1 -1 1 0 1 -1 -1 0 0 0 -3 1 1 1 0 -1 -1 -1 1 0 0 1 1 -1 1 1 -1 0 0 0 0 -2 -1 -1 0 0 1 -1 1 -1 0 1 -1 1 2 1 -2 -1 -1 -1 1 0 0 -1 0 0 -2 0 0 1 -1 0 0 1 0 -1 0 0 -2 1 0 0 0 -2 0 0 1 0 -2 -2 0 -1 1 0 1 0 0 -1 1 -1 0 0 -1 0 0 -1 0 0 0 -1 0 1 -1 -2 0 -1
-1 -1 0 -1 0 0 -1 0 1 1 0 3 0 1 0 1 0 0 -1 1 1 1 0 1 0 1 0 1 1 -2 0 1 -1 0 1 -1 0 1 1 0 0 1 1 -1 2 0 -1 0 0 0 1 3 1 0 0 -1 2 0 -1 0 0 -1 0 1 0 0 1 -1 0 -1 0 1 0 -1 1 1 2 -1 2 -1 -2 -2 0 0 -2 0 -2 1 1 -1 -1 0 1 0 0 0 1 1 0 -2 1 -2 -1 0 0 -1 0 0 -2 0 -1 0 1 -3 -1 1 0 0 -1 0 0 -1 -1 0 0 1 2 -2 -1 2 2 -1 1 0 1 0 0 0 0 0 0 -1 3 -2 -1 -2 2 -1 0 -1 -2 1 1 -1 1 0 -1 2 -1 3 2 0 2 -1 0 0 -1 2 1 -1 -1 0 0 -3 1 2 -1 0 0 0 -1 1 0 0 -1 -1 -1 0 0 1 0 1 -1 1 0 0 0 2 -1 2 -1 0 1 1 -1 1 2 -1 -1 1 0 -1 -1 0 -1 -1 1 -1 1 2 1 2 0 -3 1 1 0 0 1 1 -2 1 0 1 0 1 3 1 1 -1 0 0 0 2 0 0 0 0 0 -1 -1 0 1 -2 0 0 1 2 1 1 1 0 0 -1 1 -1 -3 -1 -1 0 1 0 0 1 2 0 3 0 1 -1 -1 0 0 -1 -1 1 0 2 0 0 1 0 -2 0 1 0 1 0 -1 0 1 -1 -2 -1 0 1 2 -1 0 1 1 -1 1 0 -1 1 0 -1 0 -3 1 -1 1 0 3 0 -1 0 -1 -1 1 -1 -1 0 -1 0 1 0 -1 0 0 0 0 -1 3 1 2 0 0 0 0 0 0 0 1 0 0 1 1 0 0 -1 2 0 -1 0 0 0 -1 0 1 1 -1 0 0 0 -1 -1 0 1 1 -1 1 1 1 0 -1 0 1 0 0 0 1 -1 0 -1 0 1 -2 0 -1 1 0 0 0 1 0 2 2 0 2 -3 0 0 0 -1 -1 1 -1 0 0 -1 -1 -1 -1 -1 0 0 0 1 0 0 -2 1 0 1 0 0 -1 0 -1 -1 1 -1 -1 1 2 1 0 1 -2 0 -2 1 -1 -1 0 1 -1 0 1 0 0 0 1 0 1 -2 0 1 1 -1 2 -1 -2 2 0 1 -1 -2 1 -1 1 1 2 -2 -1 1 0 0 0 2 -2 1 0 -1 0 -1 -2 0 1 1 1 0 -1 0 0 0 2 1 1 0
0 0 0 1 2 -1 1 0 -1 -2 0 -1 0 -1 0 -2 -2 -1 1 0 1 -1 0 -1 -1 1 -3 -1 0 -1 -2 -1 0 -2 1 -1 -3 0 1 0 0 1 0 2 -1 -1 -1 1 1 0 -2 0 1 0 -1 0 0 0 1 0 1 0 -1 0 -2 0 0 0 0 -1 -2 -1 1 -1 0 0 0 -1 0 -1 -1 1 -1 -1 0 0 1 -2 -1 0 1 -2 -1 0 -1 -1 0 0 -1 0 3 1 -1 -1 2 0 0 1 0 -2 1 1 0 -1 1 0 -1 -1 0 -2 2 0 0 0 0 -3 0 -2 0 -2 1 -1 1 -1 -1 1 0 2 1 -1 1 0 0 0 2 -1 0 -1 -2 0 1 -1 -3 -1 1 -1 -1 -1 1 1 -1 -1 0 0 0 1 1 -1 1 -1 0 0 2 -1 1 2 0 3 0 0 2 0 0 -1 -1 -1 0 -1 0 0 -1 -1 1 -1 1 -1 0 2 0 0 1 1 0 0 0 -1 2 -2 -1 -2 -1 0 -1 -1 0 -1 -2 0 -2 -1 0 2 0 2 0 0 0 -1 1 -2 1 0 0 2 0 0 -1 1 1 0 -1 -1 0 2 -1 2 -1 0 1 0 1 2 0 -1 0 -1 -1 0 0 0 1 -1 0 0 -2 0 1 2 0 2 -1 2 0 0 0 -1 -1 0 2 2 2 1 -1 1 2 1 -1 -1 0 1 -1 2 0 -1 -1 2 0 -2 -1 -1 1 -1 0 1 2 0 0 0 0 1 -1 -1 -1 0 1 1 -1 -1 0 -1 1 -2 -1 0 2 0 -2 1 -1 1 -1 0 -1 0 1 0 0 -1 -1 3 -2 0 -1 0 -1 0 -1 1 0 1 -1 0 1 2 2 -1 0 -1 -1 -1 -1 2 0 -2 0 0 0 -1 0 1 0 1 -1 2 0 1 0 -1 -1 2 0 2 -3 0 1 0 -1 -1 0 0 -1 -2 0 0 0 0 -1 0 1 0 -1 -1 0 1 1 1 -2 1 1 0 -2 -2 -1 1 0 -1 0 -1 -1 2 3 -1 0 1 -2 1 1 -1 -3 -1 -1 -1 -1 0 1 1 0 0 -2 0 0 0 0 0 2 0 1 0 -2 0 0 2 0 0 0 0 0 1 0 1 -1 1 0 1 1 -1 1 0 1 0 -2 0 0 1 -1 -1 0 0 1 0 0 0 1 -1 -2 1 1 -3 -2 1 0 -1 -1 -2 0 -1 1 -1 0 0 -2 0 1 -1 1 -3 -1 1 1 0 -2 2
0 1 2 1 1 0 -1 -1 -1 0 0 1 1 0 0 -1 -1 1 0 -1 1 0 -3 -1 -3 0 0 -1 2 0 0 -1 -1 -1 1 -1 1 -1 1 1 2 1 0 0 0 0 1 1 -1 -2 0 0 0 0 0 0 0 0 1 0 -1 0 -2 0 1 0 2 1 1 1 -1 -1 -2 1 1 -2 -2 0 0 -1 0 1 0 0 -1 1 0 2 2 1 0 -1 1 -1 -1 0 1 0 -1 1 -1 1 2 0 0 1 1 0 -1 1 -1 0 1 0 0 0 0 3 1 0 0 0 0 0 -1 -1 1 1 0 1 -1 -1 -2 -2 1 0 -1 -1 -2 -1 -2 1 0 1 -1 0 -2 -2 0 0 1 3 -1 2 1 0 1 -2 -1 -2 1 -2 0 0 1 0 0 -2 0 -2 -1 0 -1 1 0 1 1 0 2 -1 1 -1 1 1 1 0 1 0 0 0 0 -1 -1 -1 -2 0 -1 -1 0 0 0 0 -2 1 0 1 0 1 0 -1 1 1 0 0 2 1 -1 -1 2 0 -1 -1 1 -1 0 1 -1 0 1 -1 0 -1 -1 0 0 -2 0 1 1 1 -2 -1 1 1 1 1 2 2 0 0 -1 -1 0 -1 0 -1 0 -1 -3 0 -1 0 0 2 -2 0 2 1 1 0 1 0 0 1 0 2 -3 -1 1 -1 0 1 0 -1 0 0 0 0 2 1 1 1 0 -1 0 -1 1 1 0 0 1 0 0 0 -2 0 1 1 0 -1 1 1 -2 0 -1 -1 0 -1 0 -1 3 -1 1 2 1 0 0 3 0 1 1 0 0 -1 2 -1 1 0 1 1 -1 1 -1 0 0 1 -1 1 0 -1 0 1 1 1 0 1 1 -1 -1 0 0 0 -1 0 2 3 -1 1 0 1 2 -1 -1 2 -2 0 -1 -1 1 -1 1 1 0 -1 2 -2 0 -1 -1 0 1 0 0 -2 -1 0 2 0 0 -1 -2 1 -1 0 1 1 0 1 2 1 -1 0 1 -1 -1 0 0 -1 0 0 -3 1 1 0 1 0 0 1 0 -1 0 0 1 -1 2 1 0 -1 -2 2 -2 2 0 1 0 0 0 1 0 0 0 -1 1 -2 -1 0 1 -1 1 -2 0 0 0 1 -1 -2 -1 1 -2 -1 -1 2 -1 0 0 -1 -1 -1 0 -1 1 0 -1 -1 0 -1 3 -2 1 1 0 1 0 1 -1 0 2 1 -1 0 1 1 -1 0 -1 -1 0 3 -1 0 1 2
0 0 0 -1 0 0 0 0 1 0 -1 0 0 -1 -1 -1 2 2 1 0 -2 1 -1 -1 -1 -1 0 1 2 2 -2 0 0 1 -2 0 -1 0 0 0 0 1 1 2 0 -1 1 0 2 0 0 -1 0 0 2 0 0 1 0 1 -1 1 0 -2 1 -1 -2 2 1 1 -1 1 -2 1 1 -1 1 -2 0 -1 3 0 1 0 -1 1 -1 1 1 0 -1 1 -3 -1 -1 1 0 -1 -2 0 1 -1 0 0 -1 1 0 1 -1 0 -2 0 2 2 0 0 3 2 2 0 1 1 0 0 2 0 0 -1 0 3 0 1 -1 0 1 -1 0 -1 -1 -1 -1 0 1 1 0 0 2 0 -1 0 -1 -1 -1 2 0 -1 -1 -1 1 1 -2 1 -1 0 0 -2 2 2 1 -3 1 -1 -2 -2 0 -2 0 -2 1 0 0 0 1 0 -1 0 0 3 -1 0 2 1 0 -1 -1 1 -1 2 1 1 2 -1 -1 0 0 0 -2 0 0 0 1 1 -1 1 2 0 0 0 1 0 2 -1 -1 0 -1 1 0 2 -1 0 1 0 1 -2 0 1 1 1 -1 1 -1 -2 0 0 0 -1 1 1 -1 -1 1 0 1 1 0 -1 1 1 0 2 0 -1 -1 1 -2 -2 2 1 -1 0 2 0 0 0 -3 1 0 2 1 0 0 -1 -1 0 0 1 1 2 0 0 1 1 0 1 -1 1 0 0 -1 0 2 1 1 1 -1 0 1 0 0 2 0 0 1 0 -1 -2 -1 1 -1 -1 0 1 -1 -1 0 -2 0 0 0 1 0 -1 -1 0 -2 -2 -1 -1 1 1 2 -2 -2 -1 -1 -1 0 0 -1 0 -1 0 2 0 -1 0 -2 2 -3 1 2 0 1 0 3 0 0 0 -1 -1 0 1 0 -1 1 1 -1 -1 1 1 -1 -1 -2 -2 -1 -1 2 -1 1 0 -1 2 0 1 0 -1 -1 0 -2 -1 2 0 -1 -3 0 -1 -3 0 -1 1 0 -1 0 -1 0 0 1 2 0 -1 -2 2 1 0 0 0 -1 0 0 -1 0 1 -1 0 1 -1 1 0 0 1 -1 1 1 -2 -1 1 0 0 -2 0 1 0 0 0 1 1 1 -2 1 -2 1 1 0 -1 0 1 0 0 0 -1 0 -1 0 0 -1 0 0 -2 1 1 -1 1 0 0 0 -1 0 -1 1 2 1 0 0 0 2 1 2 0 1 -1 0 0 -1 0 1 1 0 1 1 0 -1 2
0 2 0 -1 -3 -2 -1 0 -1 0 2 2 -1 1 -1 1 -2 -1 1 -1 1 -1 0 -1 -1 1 -2 -1 1 0 0 2 1 1 1 -1 -1 1 2 -2 1 -1 0 2 -2 0 -1 0 0 0 -3 0 1 0 1 1 0 0 1 -2 0 1 -1 0 0 -1 -2 0 -1 3 0 1 0 -1 1 1 -1 0 -1 -2 1 0 0 1 1 0 0 0 -2 1 2 0 1 -1 0 -1 -1 -1 -1 0 -1 0 1 -1 0 1 2 1 0 0 0 -1 0 1 -1 0 -1 0 3 -1 -1 -1 1 0 -1 1 -1 0 0 0 3 -1 -2 2 0 1 0 -1 1 -1 3 1 0 2 1 0 1 -1 1 1 1 1 1 -1 0 -1 1 1 2 2 0 -2 1 1 -2 2 0 0 0 -1 2 -1 0 0 1 -1 1 -2 0 1 0 -1 1 0 2 1 1 1 0 -1 1 0 2 0 -1 1 0 2 1 2 0 0 2 0 -1 1 0 0 2 -1 1 -2 -2 -2 -1 0 0 1 0 1 1 0 0 -1 0 0 0 -2 1 1 -2 -1 1 1 -1 -1 1 -1 1 -1 2 -1 -1 0 0 1 1 1 -1 1 2 -1 1 1 0 0 0 -1 1 0 -1 -1 -1 0 -1 1 0 -1 0 0 -1 2 0 0 1 0 1 0 1 1 1 0 2 -1 1 -1 -1 0 -1 -1 1 1 0 0 0 0 -2 0 0 -1 1 1 1 -2 0 -1 -1 1 -2 -2 0 -2 -2 2 -1 1 -2 0 0 1 1 1 -1 1 -2 0 0 1 0 0 1 1 -1 0 0 -1 0 1 0 1 0 1 0 0 -1 -2 1 -1 0 -3 0 1 0 1 1 0 -1 1 2 -1 2 0 0 2 2 -2 0 0 0 2 1 1 -1 0 0 1 -1 -1 0 2 0 0 -1 0 -1 -2 -1 0 -1 0 1 -1 1 1 0 -1 0 1 2 1 1 -1 0 -2 0 1 -2 -2 -1 -2 0 1 1 -2 -1 1 -1 1 0 1 -1 1 0 -1 0 1 -1 0 1 -2 -1 -1 -2 0 0 1 1 -1 1 -2 0 -1 -1 1 1 0 0 -1 0 0 0 0 3 1 1 -1 -1 0 1 0 -1 0 -1 -1 0 1 3 1 -1 0 1 0 0 1 1 -1 0 -1 -1 -1 -1 1 0 2 -3 0 1 1 2 -2 -1 0 -1 0 0 0 2 -1 0 0 0 -1 0 0 -2 -1 -1 0 -2 -1 0 1
-1 1 0 -1 0 0 -1 -1 0 2 0 -2 1 1 -1 -1 0 -2 0 1 0 -1 1 -1 1 2 -1 1 1 1 0 -1 1 1 -2 0 0 0 0 1 -2 -1 1 1 -1 -1 0 -2 0 -1 0 0 -1 1 0 1 -1 1 -1 1 0 0 1 -2 -1 0 1 0 0 0 -2 -1 1 0 1 0 -2 0 -1 0 -1 -1 0 -1 -1 0 2 1 1 -1 0 1 0 0 0 1 -2 -2 0 -1 2 1 1 -2 0 0 2 0 0 0 -2 2 0 2 0 -1 0 0 0 -1 -2 0 2 0 0 0 1 0 1 1 2 -2 1 0 -1 2 0 1 -1 0 1 0 -1 2 0 0 0 0 0 0 -2 -1 1 3 -1 1 0 1 1 -2 1 -1 0 0 1 0 0 1 -1 1 1 1 0 0 1 1 -1 -1 2 -1 0 0 0 0 -1 1 1 1 0 0 0 0 2 1 -1 -1 1 1 -1 2 0 0 0 -1 1 -1 2 0 1 0 0 -1 0 2 1 0 -1 0 -1 0 0 0 -1 2 1 -2 1 0 1 2 0 1 0 2 1 1 0 1 2 1 2 -1 0 1 0 -1 0 1 0 1 0 -2 -2 -1 -1 1 2 0 -1 2 -1 0 0 0 1 -1 2 -2 1 2 0 2 -3 1 1 1 0 0 1 0 -1 -1 0 -1 0 -1 0 -1 -1 1 0 0 1 0 -1 0 -1 0 -1 0 0 -1 0 1 1 3 1 0 -1 0 1 0 -1 -1 0 1 0 -1 -1 1 0 0 1 -1 1 1 0 1 -1 0 1 1 -1 1 0 -1 -1 0 2 -2 -3 0 3 -1 -1 -2 1 -1 0 0 0 1 2 1 -1 -1 0 0 -1 -2 0 1 1 -2 0 -2 -2 -2 1 -1 1 -2 0 0 2 1 -1 -2 0 1 -1 1 0 0 0 -1 0 -1 0 2 -1 3 0 -1 -1 1 -1 0 0 0 0 0 1 0 -1 0 0 -2 -3 0 -1 1 2 -1 1 -1 0 2 0 -1 2 1 1 1 0 1 0 0 1 -1 2 -1 -1 -1 -1 2 0 0 1 0 2 0 -2 0 -1 -2 1 0 -3 -2 1 3 -1 -1 1 0 -1 2 0 0 -1 0 0 0 -3 0 0 -1 0 -1 0 1 -1 -1 0 0 0 1 2 0 0 1 -1 0 1 2 -1 0 0 -1 -1 0 2 0 1 0 0 -2 1 0 -2 1 0 0 2 1 -1 0 1 0 1 1
0 0 -2 1 0 0 2 1 -1 1 0 -1 -1 1 2 0 0 0 3 0 0 -2 0 -1 2 2 -1 -2 -1 -1 -1 1 0 -1 1 2 2 0 1 2 -1 2 -1 -1 -1 2 0 -1 1 1 0 0 -2 -2 -1 3 0 -1 -1 -1 2 -2 0 -1 -1 -2 1 -3 0 1 -1 -1 1 0 0 -1 -1 0 -1 -1 0 -1 0 0 1 -1 0 0 -1 0 0 3 -1 1 0 -1 1 0 0 0 -1 0 -1 -2 0 1 -1 0 -2 1 -1 0 1 0 0 2 0 -2 0 0 -1 1 1 1 0 0 2 -1 0 0 0 0 1 -1 -1 2 1 2 -2 -1 0 0 -3 0 0 0 0 1 0 1 0 -2 1 0 2 -2 0 -1 -1 0 0 0 -1 -2 0 -1 1 -1 1 -1 -1 1 0 0 1 2 2 -1 1 0 -2 0 2 -1 0 1 -1 0 1 1 1 0 0 0 1 1 0 2 -1 -2 0 1 0 0 0 -2 1 -1 -1 0 1 -1 0 0 1 0 -1 0 -1 2 -1 1 -3 1 1 -2 -1 2 -2 1 1 0 -1 0 -1 -1 -2 2 0 -1 1 0 1 1 1 -1 0 0 1 -2 0 0 -2 -1 0 -1 -2 0 1 -1 0 -1 2 0 1 -1 2 0 1 -3 1 0 0 2 0 -2 0 -2 -1 -1 0 0 0 0 -1 0 1 -1 0 1 -1 1 1 0 0 -1 0 2 0 -1 1 0 1 0 -1 0 -1 -1 0 1 -1 2 0 -2 1 1 1 0 -2 0 0 -1 2 -1 1 2 -1 0 0 1 0 1 0 0 0 1 2 0 -1 -1 1 -1 0 1 0 0 3 1 0 1 -1 1 -1 1 -1 1 -2 -1 0 -1 0 0 0 -1 0 -1 -1 1 0 0 0 0 2 0 0 -1 1 -1 -1 0 1 0 1 2 1 1 -1 -3 1 -2 2 0 1 -1 0 0 -2 0 -1 -2 0 0 0 0 0 0 0 -1 -1 -1 0 0 2 0 1 1 -1 0 -1 -1 2 1 1 0 0 -1 1 -1 -1 0 -1 0 1 0 -1 -1 0 -2 1 1 -1 2 0 -1 1 1 -1 -1 -1 -1 -1 -2 -1 0 0 -1 0 0 -1 1 1 1 -1 0 0 1 -2 -1 2 0 1 -1 -1 1 0 1 1 0 1 1 -2 0 1 -1 0 -1 1 2 1 0 1 1 -1 -1 -1 2 0 -1 -1 0 0 -1 -1 1 -1 0 0 1 2 0 0 1
0 -1 1 2 -1 0 0 1 1 -1 -1 2 0 0 1 0 0 1 -1 -1 -1 2 -2 0 0 0 0 -2 1 0 2 -2 1 1 0 1 2 0 1 1 1 -2 0 -1 -1 2 2 -1 0 0 0 0 1 0 -1 -2 0 0 1 -1 -2 0 1 0 2 -2 3 0 -2 0 0 2 1 0 1 0 1 -1 2 1 -1 1 0 0 -1 -1 1 0 0 -1 0 -1 2 0 -2 -1 1 0 0 -1 0 2 0 0 0 0 -1 1 1 0 -2 -1 -2 -1 0 1 -1 2 0 0 1 1 0 0 0 -1 1 -1 1 -1 0 1 -1 1 0 -2 -2 0 0 0 1 -2 0 -1 -2 1 2 -1 1 -1 0 1 1 1 2 0 1 0 -2 1 1 0 0 -1 1 -1 0 0 -1 -3 -1 -1 0 -1 1 1 2 -1 -1 0 1 1 -1 0 1 -1 0 1 1 -1 2 1 0 -1 0 0 1 -1 0 0 0 0 1 0 0 -1 2 1 0 0 1 0 -1 -1 1 -1 -1 0 0 -1 1 1 0 -1 0 1 0 -1 1 -2 -2 -1 0 -1 1 0 1 1 0 0 1 -1 2 2 0 0 0 -1 -1 0 -1 0 1 0 1 1 0 1 3 0 0 1 0 0 -1 0 -2 -1 -1 -1 0 -2 -1 2 0 0 0 -1 0 2 0 -1 -1 0 -2 -1 0 -2 1 -1 -1 2 0 1 -1 1 1 0 1 0 -1 0 -1 1 1 2 0 -2 -1 0 -2 2 0 0 0 2 1 -2 1 1 -1 0 0 0 1 -1 0 0 -1 0 1 1 0 0 0 1 1 0 1 0 -1 -1 0 -1 1 0 -1 0 2 -1 0 2 0 1 1 0 1 0 1 1 -1 -2 0 1 -2 1 0 -1 0 0 -1 -1 -1 1 -1 -1 1 -1 0 0 -2 -1 1 0 0 -2 1 2 2 0 -1 1 1 -2 -2 1 0 -1 -1 2 1 1 0 0 -1 0 -2 0 1 1 2 0 0 -1 0 2 1 0 -2 -1 0 0 -1 0 -1 0 1 0 1 -3 -3 1 -1 0 1 1 2 0 -2 -1 1 0 -1 -1 1 1 -2 0 1 0 1 0 2 0 1 -2 0 -1 0 0 0 1 1 0 0 1 -1 -1 -3 1 2 1 0 2 2 1 0 -1 0 -1 1 1 2 -2 1 0 3 1 2 1 0 1 0 0 -1 1 -1 0 -1 1 -1 2 0 2 0 -2 0 2 1 0 -1 -1
-1 0 1 3 2 1 0 0 0 -1 0 -2 0 1 2 -1 0 1 -1 -2 -1 1 0 -1 -1 -3 -1 1 -1 0 -2 0 -1 0 0 -1 0 -1 1 -1 1 -1 1 1 -2 0 0 -1 2 1 -2 0 0 -1 1 -1 -1 1 1 0 1 0 -2 -1 -1 0 0 -1 1 3 0 -2 0 0 -1 -3 1 1 0 2 2 0 0 2 0 -1 2 -1 -2 1 -1 2 0 0 -2 0 2 0 -1 1 -1 1 0 -3 -1 3 0 0 1 1 2 1 2 0 1 0 2 0 0 0 1 -1 -2 1 0 -2 0 0 -1 -1 -1 -1 -1 -2 0 0 0 -1 0 -1 0 1 -1 1 1 -1 1 0 0 2 0 -2 -1 3 0 0 0 -1 1 0 -1 0 0 1 0 1 2 0 0 -3 -1 -1 -1 0 0 -1 0 -1 -1 0 2 0 -1 2 0 0 -1 0 1 -1 1 1 1 1 -1 -2 0 -1 -2 -1 1 -1 1 2 -1 1 -1 1 -1 -2 -1 0 -2 -2 0 0 1 -1 1 0 -1 -2 1 0 0 0 -1 -1 0 0 -1 -1 1 0 2 0 0 0 0 0 0 -1 1 1 -1 1 2 0 0 0 -1 1 0 -1 0 0 0 1 1 0 0 1 0 -1 -1 0 -1 1 -1 0 -3 1 1 1 2 0 -1 1 0 0 1 0 1 1 0 0 0 -2 -1 1 0 1 1 -2 0 0 0 1 0 0 0 1 -1 0 -1 -2 0 1 0 -1 0 0 1 0 -1 0 1 1 1 1 -1 1 -2 2 1 2 0 0 0 -1 -1 -1 -2 -1 -1 -1 -1 0 -1 0 0 1 2 1 0 -1 0 1 1 2 2 -1 0 1 0 -1 0 0 2 1 1 0 0 0 0 2 1 1 -1 0 0 -1 0 1 1 0 1 1 -2 -1 -3 1 0 -1 -1 1 0 0 -1 -3 0 2 -1 -2 -1 -1 1 0 1 1 -3 0 3 -1 0 0 0 1 1 0 -2 -2 0 2 1 0 -1 1 1 -1 0 -1 0 0 1 -1 2 1 -1 -1 -1 -1 0 -2 -1 -1 1 -2 0 -2 0 0 -2 0 0 0 -3 -2 0 0 -1 1 1 0 1 -1 -1 0 2 1 0 0 -1 0 0 -1 1 0 0 -1 0 1 -1 0 0 -1 -2 -2 0 0 0 -1 1 1 1 0 1 0 1 -1 1 0 -1 -1 -1 0 0 1 -1 1 2 0 1 0 0 -2 -1 -1 1 2 -1 0
1 0 0 -2 -2 1 0 1 -2 0 -1 -1 2 1 0 2 0 -2 1 0 -1 0 -1 1 0 1 0 1 -1 0 -2 1 -1 -1 0 0 2 1 0 -2 0 0 0 1 0 1 -2 0 0 -1 1 0 0 -1 0 -1 1 0 -1 -1 0 -1 2 -3 0 -1 0 -1 -1 -1 1 0 0 -1 -3 0 -1 0 -1 0 0 0 1 1 -1 -2 -1 2 0 0 0 1 0 -1 -1 0 -2 0 0 -1 1 -1 -1 1 -1 1 0 -2 0 1 -1 2 -1 -2 -1 -1 -1 1 0 -1 -1 1 -1 0 0 0 1 1 1 1 0 -1 1 0 0 -1 0 1 -1 -1 0 -1 -2 -1 0 1 -1 1 0 0 -1 0 -1 0 -1 0 0 2 0 1 0 1 -1 1 0 0 0 0 -3 0 -2 -1 1 2 1 2 1 1 1 -1 0 0 -1 -1 0 -1 2 -1 2 0 0 2 -1 1 1 1 0 -1 1 1 1 -2 -1 -1 1 1 -1 -1 0 0 1 -1 0 -1 0 1 -2 0 1 1 2 0 1 -1 2 0 1 1 -1 -3 0 1 -2 1 2 -1 -1 -1 1 0 0 -1 0 2 0 0 2 -2 0 0 0 0 1 1 1 0 -2 0 -2 0 0 0 -2 -3 -1 2 1 1 2 -1 -1 0 -1 1 -2 -2 -2 0 1 0 -1 2 0 -2 -2 1 -2 -2 0 0 -1 1 0 0 0 0 1 1 -2 1 0 0 0 1 1 2 -2 0 -1 1 1 -1 0 -1 -2 0 1 0 -1 2 0 1 0 -1 -1 -1 0 0 -1 0 -1 0 1 -1 -1 0 0 1 2 1 0 1 -1 1 0 0 -2 1 0 1 0 -1 0 0 0 0 -1 -1 -1 -2 -1 2 0 0 2 1 0 -1 -1 2 0 0 3 0 -3 0 0 0 -1 0 1 0 0 -1 1 0 0 -1 -1 0 2 0 1 -1 0 2 0 0 0 0 -2 -1 -1 -1 0 0 -1 1 0 0 0 -1 0 2 0 -1 2 1 -1 1 0 0 2 0 0 0 0 2 1 0 -1 -1 0 0 -2 -1 2 2 1 0 0 1 1 0 1 0 0 -3 1 0 -2 3 0 0 1 -1 0 -1 0 -1 1 0 -1 0 1 1 0 1 -1 1 1 0 -2 0 0 0 0 0 0 0 0 3 2 1 2 1 2 -1 0 1 1 2 0 1 0 0 -1 1 0 0 1 -1 0 0 1 0 -2 2 0 1 1 0
-1 1 2 1 0 1 -1 0 0 0 0 0 -1 -2 -1 0 1 -2 -1 -1 -1 -2 2 1 -2 1 1 1 -1 0 -1 0 0 -2 -1 1 0 2 1 -1 -3 1 0 0 1 0 1 3 -1 -1 0 2 -1 0 1 1 -2 1 0 0 -1 -1 -1 -1 1 -2 -1 0 0 0 0 0 0 -1 0 0 1 1 -1 -1 0 0 1 0 0 0 0 -1 2 -1 -1 0 1 -2 -2 0 1 0 0 0 0 1 1 2 1 1 1 1 0 1 -2 -1 0 -1 1 0 -1 -1 -1 0 0 0 -1 0 0 2 0 1 1 -1 0 -1 0 0 0 1 0 0 0 0 -1 1 -1 0 2 1 0 0 0 -2 0 0 -1 0 2 -2 0 -1 0 0 -2 0 -1 -1 0 -2 -1 -1 0 -1 -1 0 1 0 2 0 0 -1 0 1 -1 0 -2 2 1 2 0 1 1 0 3 1 0 0 -1 -1 1 -1 2 2 1 1 -2 0 0 -1 -2 2 0 -1 1 1 0 -1 1 0 -1 1 0 0 -1 0 1 0 -1 1 -1 0 2 -1 -1 2 -2 1 1 -1 2 -1 0 0 0 1 1 1 -1 1 0 2 -2 -1 1 -1 0 0 2 1 1 1 0 0 1 -2 1 -2 1 0 2 0 1 1 1 1 1 0 -1 1 1 -1 -1 0 -3 -1 0 0 0 -3 1 1 0 1 1 -1 -1 -2 0 0 2 1 0 0 0 0 0 0 1 1 -3 -2 0 1 -1 2 1 0 -2 -1 -2 0 0 2 1 1 -1 -1 -1 0 -1 2 -1 0 -2 1 0 1 -1 -1 0 -2 0 0 1 -2 2 -2 0 -1 -2 -2 -2 0 0 1 -2 0 0 1 -1 0 1 3 -1 1 -1 0 1 -1 1 -1 -1 -1 -2 -1 0 0 1 0 0 0 2 -1 0 0 0 0 -3 -1 0 0 2 0 -1 1 -2 0 0 -1 0 1 -1 2 0 2 1 0 0 -2 0 1 0 -2 1 -2 0 1 1 0 3 0 0 -1 0 0 -1 1 -1 -1 0 2 2 0 0 1 -1 1 2 -1 0 0 1 0 -1 0 -2 0 0 0 -1 -1 2 2 -2 0 -1 1 0 0 -2 1 0 -1 -1 1 0 0 -1 1 0 -1 -2 0 -1 1 -1 1 -1 0 0 0 -1 1 -1 0 0 0 -1 0 1 -1 1 0 0 0 0 0 1 2 0 0 0 1 -1 0 -1 -2 1 -1 -1 1 -2 -1 0 1
0 -1 -2 0 1 0 -1 0 0 -3 0 1 0 0 1 0 2 1 0 0 0 1 0 -3 -1 1 -2 0 0 -1 1 -1 0 -1 0 -1 0 0 0 -2 0 -1 -1 -1 0 1 -1 1 1 -3 -2 0 2 1 0 0 1 1 2 1 1 0 -2 -1 -2 -1 1 1 -1 0 1 -2 0 1 -1 -2 -2 -1 0 -2 1 0 -1 0 -2 0 2 -3 3 0 -1 -1 -1 0 0 2 2 0 -1 2 1 1 0 0 0 0 1 2 2 0 0 1 0 -1 0 1 1 1 -1 0 0 -1 1 0 1 -2 0 -1 -1 1 0 0 2 0 1 -1 0 -1 -1 0 1 0 0 -1 1 0 0 1 -1 -2 0 -1 1 0 0 0 0 -3 0 1 -2 1 1 0 0 -2 0 0 0 0 0 1 -2 1 1 1 0 -1 1 0 -1 -2 1 -1 1 -1 0 1 1 2 -1 1 0 1 0 0 1 -1 -1 -1 0 1 0 1 -1 -1 1 -1 -1 1 -1 -1 0 0 0 0 -2 -1 -1 0 -2 -1 -1 1 0 0 -1 0 -1 0 0 3 2 0 0 -1 0 1 1 2 -1 2 0 -1 0 0 3 2 0 1 2 0 -2 0 0 -1 -1 1 0 1 0 -1 1 1 -1 1 1 1 0 1 0 -1 0 0 2 0 0 1 0 -1 0 1 0 0 1 1 1 0 0 0 -3 3 1 -1 0 -1 0 -1 0 -1 0 1 1 -1 -1 0 -1 1 0 0 1 -2 1 0 -2 1 2 1 2 1 0 -1 1 0 1 -1 2 -1 -1 -1 0 2 1 0 -1 0 0 -1 2 0 -1 0 1 0 1 -1 1 2 0 2 -1 0 2 1 1 -1 2 1 0 1 -2 0 0 0 -1 0 1 -2 0 0 1 0 0 0 0 1 -1 1 1 -1 1 1 0 -1 1 0 0 -1 1 -1 1 -1 0 0 0 0 2 -2 0 1 -1 1 1 0 2 -1 0 1 1 0 1 2 -1 -1 1 -1 -2 -1 0 0 1 0 0 0 0 1 0 0 -2 -1 1 -1 -1 0 0 -1 0 0 1 -1 0 -1 0 -1 0 2 1 -1 -2 0 1 0 -1 -2 -2 -2 1 1 -1 1 0 0 1 -1 1 -1 1 0 1 -2 0 0 -2 2 0 2 0 0 -1 1 1 -2 0 3 0 -1 1 0 0 0 1 2 0 0 -1 0 1 0 0 0 1 0 0 -2 1 -2 0 -1 1 1 0 0
-2 -1 1 -1 0 -1 -3 0 0 1 -1 0 -1 -2 0 3 -1 -1 1 0 0 1 0 -1 -1 1 -1 0 1 2 2 0 2 -1 1 -1 -1 2 1 2 -1 1 0 1 -1 0 1 0 0 0 -1 1 0 0 0 -2 2 2 -2 0 0 -1 -2 1 0 -2 1 0 0 0 1 -1 -1 -3 1 2 1 0 1 0 0 -2 0 -1 1 2 -1 0 1 -2 1 -1 0 0 -2 0 1 1 -1 -1 0 0 1 0 -1 1 1 1 0 1 1 1 0 1 0 1 0 0 0 -1 0 0 1 1 1 0 0 1 2 0 1 0 2 0 0 0 2 0 -2 -2 0 0 -2 2 1 1 1 1 -1 1 1 1 1 1 1 -1 -1 0 -1 2 0 0 0 1 -2 0 -1 -1 -1 -1 -1 1 -2 1 1 2 2 0 0 2 1 -2 1 1 -1 0 2 0 0 0 -1 -1 0 0 0 0 1 0 -1 1 -1 0 0 -1 0 -1 -1 1 1 0 -2 -1 0 1 -1 -2 -1 0 -1 1 1 2 -1 -1 0 -1 0 0 0 0 1 0 0 -1 -2 1 0 0 0 -1 1 1 -2 1 1 0 0 1 1 2 0 0 -1 0 1 -1 -1 -1 0 0 0 1 0 0 1 1 2 -2 0 1 -1 -3 1 0 2 0 1 1 2 -1 -1 0 -2 0 0 -1 1 0 0 0 0 -1 0 0 1 0 2 -2 1 1 0 -2 -1 0 0 1 1 -2 0 1 1 0 0 0 -1 1 1 -1 2 -2 -1 2 -2 -1 0 2 -1 0 0 0 -1 1 0 -2 -1 2 -1 2 -1 -1 0 -2 0 0 -1 0 -2 3 -3 0 -1 2 0 1 0 0 -1 0 0 -1 -2 -1 0 0 -1 1 -1 -1 0 2 2 -1 -1 1 -1 0 1 -1 1 1 1 0 -1 0 -2 -1 0 0 -1 0 -2 0 0 0 0 -1 1 0 1 0 -1 1 1 2 -1 -2 -1 1 -1 1 0 0 0 -1 -1 1 1 0 -2 0 -1 -1 0 -2 -1 1 -2 0 1 1 1 0 0 -2 0 2 0 1 1 -1 -1 0 -2 1 0 1 1 1 0 -2 0 0 0 0 0 -1 -1 2 1 -1 -1 0 1 -1 0 -1 2 0 2 -2 -1 0 0 0 -2 -1 0 0 1 1 1 -1 1 1 0 1 2 0 0 3 0 0 1 1 0 0 0 1 2 -2 -2 -1 1 0 1 0 1 0 -1 0 -1 0
-1 1 1 0 1 0 0 2 -1 0 0 -1 -1 1 0 1 1 0 -1 1 0 0 0 -2 0 0 0 0 -1 1 -2 2 -2 3 -1 0 -1 -1 1 -1 -1 -1 0 0 0 1 -1 2 0 0 1 0 0 0 -2 1 0 0 -3 0 0 -1 -1 -1 0 0 1 0 1 0 1 -2 1 0 0 0 -1 1 0 0 1 -1 -1 0 0 0 0 -1 -1 0 -1 -1 -1 -1 1 0 -1 0 -1 1 1 0 0 0 -1 1 1 0 2 -1 0 1 0 1 0 1 0 -1 -1 1 0 2 -1 1 -1 0 1 -1 -1 3 2 -1 2 0 2 0 1 0 1 0 -1 1 1 1 1 0 0 2 1 -1 0 1 -1 0 1 -2 -1 -2 -1 0 -1 0 -1 1 3 2 1 0 2 2 -2 2 0 -1 0 2 0 0 0 -1 0 0 0 -2 1 2 -1 0 -1 -2 -1 0 1 -1 0 -2 -1 1 2 -1 -1 0 -1 0 1 0 0 -1 1 -2 0 -2 1 -1 0 0 -1 0 2 1 -2 0 -1 -2 0 -1 0 -1 0 -2 -1 2 1 1 2 1 -1 1 1 0 0 -1 0 -1 -1 0 -1 0 2 2 0 -2 1 1 0 1 2 -1 1 0 0 -2 1 0 1 1 0 0 1 0 0 1 2 1 -2 0 -1 -2 -2 0 -1 1 0 -1 -3 -1 0 1 1 0 -1 1 -1 0 1 0 -2 0 1 1 -1 0 0 1 -1 -1 -1 -1 1 3 1 -1 1 0 -1 0 -2 -1 -1 0 0 -1 1 0 -2 1 2 0 -1 0 2 0 0 -1 0 1 -2 0 -1 -1 -1 0 1 0 -1 -1 1 1 0 0 1 -1 0 0 0 -2 1 1 -1 1 -1 0 -1 -2 0 -1 -1 -1 1 0 0 0 -2 1 2 0 0 -1 0 0 -1 1 0 1 -1 0 0 -2 1 -1 -1 -1 -2 1 0 -1 2 -2 0 -1 0 1 -1 -1 1 0 -1 1 -1 0 1 0 -2 -2 1 0 1 -1 -1 0 1 1 -2 -1 0 0 -1 2 -1 2 -1 0 0 -1 -1 1 -1 1 2 0 0 1 -2 0 0 0 -1 0 1 0 2 0 -2 1 2 -1 0 0 0 1 1 2 0 -2 0 2 -1 0 1 1 0 -2 -1 0 1 -1 -1 -2 0 -1 0 1 -1 -1 1 0 -2 0 0 -1 0 0 2 0 0 2 0 1 0 1 1 1 -2 -3 -2 0 0 -1 -1 0 -2 3
0 -2 -1 1 0 -2 -2 0 -1 0 0 0 1 0 1 0 2 0 1 1 1 0 0 0 -1 -1 0 -1 -1 1 -1 -1 -1 1 2 -1 1 1 0 2 0 0 -1 -1 0 1 -1 1 -1 1 2 -1 0 0 0 -2 1 1 1 -1 2 1 -1 0 1 0 -1 0 2 2 0 0 0 -1 1 -1 1 2 0 -1 2 1 1 3 -1 -1 1 0 -1 1 1 -1 2 -1 0 -1 0 -1 -1 2 1 -1 -1 0 0 1 1 -2 -1 1 -1 2 1 -1 1 1 0 1 1 1 1 -2 2 2 0 -1 0 -1 2 -1 0 0 1 1 1 -1 -1 1 -1 0 -3 2 0 0 -1 1 -1 1 0 1 -1 -1 -1 0 0 2 0 2 -2 0 0 -1 1 -1 1 1 2 1 -2 0 0 -1 -2 0 0 2 -1 0 1 1 0 -1 -1 -1 0 0 1 -2 -1 -1 0 -1 1 0 -1 -1 3 0 0 1 -1 0 0 -1 1 0 0 1 0 0 1 -1 2 1 0 -2 0 -1 0 0 0 0 0 1 -1 0 -2 0 0 1 2 -1 1 -1 2 0 -1 -1 0 -2 1 -1 2 1 0 0 -2 0 0 0 -2 -1 1 -1 -1 0 2 -1 2 2 0 -2 -2 -1 0 1 -1 2 0 -2 -1 1 -3 0 -3 2 2 2 2 0 -1 -1 0 1 1 2 -2 0 0 0 -1 1 0 0 -1 2 1 -1 1 1 -1 -1 -2 0 2 2 0 1 -2 0 0 0 0 1 1 0 2 0 1 0 2 0 0 -2 1 0 1 -1 0 0 0 0 -1 2 -1 1 0 1 0 -1 -1 1 2 0 0 0 -1 0 1 -1 0 -1 1 1 1 0 2 1 -2 0 0 2 1 2 1 2 -1 1 -1 1 1 -1 0 -1 -1 -1 0 -1 1 -1 1 1 1 1 2 0 -1 0 0 0 -1 -2 -1 0 1 2 0 -1 -2 0 1 -1 0 1 -1 0 0 2 0 -1 -2 -1 1 -2 -2 1 0 2 -1 0 -1 0 2 1 1 1 0 1 1 -3 0 0 1 2 0 -1 0 0 1 -1 0 0 0 0 1 1 0 2 -1 0 -1 0 1 0 1 -1 -1 1 1 -1 0 0 -1 -1 0 -1 -2 -1 -1 -1 2 2 0 0 0 0 0 0 0 2 0 2 0 -1 1 -1 2 1 -1 -2 0 -1 0 0 -1 -2 2 -1 0 0 2 0 -1 1 -1 0 -1 1 1 2 0 0
0 1 1 1 -1 0 -1 -1 1 -1 1 -1 0 1 2 1 2 1 0 2 0 3 2 -1 1 -1 -2 0 0 -2 1 0 0 -1 1 0 -1 -2 1 1 1 -1 0 0 0 0 -1 -1 0 0 1 0 -1 0 1 -1 0 1 -1 0 -1 1 0 -1 -1 1 -1 1 1 -1 1 -1 1 0 0 -1 1 -1 2 1 1 -1 0 1 0 -2 0 2 -1 -1 -1 0 -1 -3 -1 -1 0 0 -1 2 0 0 -1 1 0 0 0 2 -1 0 1 0 1 0 2 0 0 -1 1 0 0 2 -1 -1 -1 1 -1 0 2 1 2 -1 0 -1 0 1 1 2 -2 2 0 -1 0 1 0 2 -1 0 1 0 0 -3 0 0 -1 0 -1 0 0 0 -1 -1 1 -1 -1 -2 3 1 0 -1 0 -3 0 1 0 2 1 1 -1 -1 0 0 1 1 1 -1 -2 -1 0 -1 0 2 -2 -2 1 1 1 1 0 1 0 -1 0 -2 -2 0 1 1 -1 0 -1 1 -2 -2 -2 0 0 2 -1 1 0 1 0 -1 2 -1 -2 1 -1 -1 -1 0 0 0 0 0 0 1 1 1 0 0 0 0 -1 1 -1 0 0 1 0 1 1 2 -1 -1 0 0 1 1 0 2 0 1 1 0 -1 2 0 1 -1 0 0 1 -1 0 0 -2 -1 1 1 0 1 0 -3 1 0 1 0 0 0 0 3 0 1 0 0 -1 1 -1 -1 1 -1 -1 0 -2 -2 1 1 2 0 -1 -1 2 -1 -2 -1 0 0 -1 0 -1 0 0 -2 0 1 1 0 0 -1 0 1 -1 1 1 -1 0 -1 0 1 -1 1 -1 -1 -1 0 -2 0 0 -1 -2 -1 0 2 0 -1 1 1 1 -1 0 0 1 -2 0 -1 1 0 0 1 0 0 -1 0 -2 2 0 1 -1 2 0 -1 -2 0 0 1 -2 2 1 -2 0 0 1 0 1 -1 -1 1 -1 -1 0 1 -1 1 -1 0 -1 0 0 0 1 0 1 0 0 0 0 -1 3 1 1 -1 -1 -1 -1 0 0 0 1 0 0 2 2 -2 -2 1 0 -3 -2 0 1 2 0 2 1 0 -3 0 0 -1 0 0 1 0 -2 2 -2 2 -1 2 -1 -1 2 -1 0 0 -2 1 -1 2 0 -1 -1 1 0 1 -2 2 0 -1 -1 0 -1 0 1 2 -2 1 -1 0 1 3 0 0 1 -2 1 0 0 0 0 0 -1 1 0 -1 1 0 0 -2 1
-1 -1 -1 0 1 1 0 -1 -1 0 -1 -1 1 0 0 0 -1 1 1 1 0 2 0 0 -1 0 0 1 0 0 1 -1 0 1 0 -1 1 1 -1 -1 0 0 1 2 1 -1 1 1 1 1 -1 0 3 1 -1 0 1 0 1 1 1 0 0 1 -1 0 2 0 0 -1 0 -2 -2 1 -1 0 -1 1 0 0 0 -1 -2 1 -1 -1 -1 0 0 1 -1 1 0 0 0 1 -1 -1 1 -1 -1 0 -1 -2 -1 1 -1 -1 1 -1 0 1 -1 0 1 -1 0 0 1 3 0 -1 -3 0 -1 2 1 0 0 -1 1 -1 0 -1 -2 0 1 0 0 -2 -1 0 2 -1 0 0 1 -2 1 0 -2 0 -1 0 1 -1 0 2 0 0 0 1 -1 2 -1 0 1 1 2 -1 -1 1 1 1 0 -1 0 -2 -2 0 0 1 1 -2 0 1 -1 0 -2 -1 0 0 0 1 3 -1 0 1 1 0 2 -1 -1 2 0 2 0 -1 0 0 0 -2 -1 0 -1 0 0 1 1 -1 1 0 0 1 -1 0 0 -1 -3 -1 0 1 0 1 0 0 1 1 -1 -1 0 0 0 -1 0 -1 -1 -1 0 1 -1 -1 0 0 -2 0 0 1 0 1 -1 1 1 0 2 2 -1 1 0 -1 2 1 -1 0 0 1 0 0 1 2 -1 1 0 2 1 1 2 0 2 -3 0 -1 -1 -1 1 -1 0 0 0 -1 -1 2 0 -1 -1 1 0 1 -1 3 0 -1 -2 2 1 -1 0 -1 1 -1 0 -1 0 -2 -1 0 0 0 1 -1 3 -1 -1 -1 1 1 0 -1 -1 -1 0 1 0 -1 0 1 1 0 1 0 0 -2 0 1 -1 -2 -1 1 0 0 1 1 2 0 0 0 1 -1 1 -1 0 0 -2 0 1 0 -1 0 -1 0 -1 -1 0 0 1 1 1 2 0 -1 0 1 1 2 -1 0 0 1 2 -2 1 2 0 -1 1 0 -2 2 1 1 -1 0 2 -1 3 0 -1 -1 -1 -1 2 -1 -1 -1 0 0 1 -1 1 2 0 2 1 1 1 0 0 2 -3 -1 0 0 -3 0 -1 -1 -1 0 -3 0 2 2 -2 0 0 0 1 0 0 -1 0 -1 1 -2 0 0 -2 -1 1 0 0 -1 -2 -2 0 -1 0 1 -2 1 -1 0 1 0 0 -1 1 1 -1 1 -1 1 -2 -2 0 -1 1 0 -1 -1 1 2 2 -1 1 -1 -1 -1 -1 1 0 1
0 -1 0 -1 -1 0 -1 -1 -1 0 0 2 -3 -1 -1 2 -1 0 0 1 1 0 -2 -1 -1 -3 1 1 -1 1 1 -2 1 -1 0 -1 -1 -2 -1 -1 -2 -3 1 0 0 -1 -1 -1 -2 0 2 -1 -1 1 1 0 0 1 0 1 0 2 0 1 -1 1 1 1 2 0 0 2 1 -1 0 -1 0 -2 3 -1 0 1 -1 -1 0 0 -1 0 -1 -1 0 0 0 -1 1 1 -1 0 -3 2 1 1 0 1 0 0 1 1 1 0 0 0 2 1 0 -1 0 1 0 1 -1 -2 1 -2 1 0 1 -1 1 -1 0 2 1 -1 0 -1 0 -1 0 0 0 -2 1 0 0 1 -1 1 2 0 -1 0 -1 -1 0 0 0 0 0 0 -1 1 1 1 -1 0 1 2 0 -1 -2 -2 0 0 0 1 1 1 -2 -1 0 1 -2 -1 -1 1 -1 -1 1 3 1 2 1 -1 -1 3 0 -1 -1 0 0 -1 -1 -2 -1 0 1 2 -2 -2 0 1 0 -1 0 0 1 -1 -2 1 -2 1 2 -2 0 0 -1 0 -1 -3 0 0 0 0 0 0 1 -1 -1 1 1 0 1 0 1 1 0 1 1 -1 0 -2 0 0 -1 0 1 -2 0 1 -1 0 -1 0 0 -1 -1 -1 -1 1 0 1 -1 -1 1 0 1 2 0 2 2 -1 -1 0 -1 0 -1 0 0 2 0 2 0 1 -1 -1 1 0 0 2 -2 1 1 0 -1 -1 0 0 0 0 0 -2 1 0 -1 1 1 2 -3 1 -1 0 0 -1 0 0 2 0 0 1 1 0 0 0 0 0 0 0 1 0 0 1 0 -1 0 -1 2 0 -2 -1 0 0 1 0 3 1 -1 0 1 0 0 1 -2 -1 0 -1 1 -2 -1 1 -1 0 -1 -1 1 -1 1 0 1 0 1 0 2 -2 1 0 2 -1 0 1 0 -2 -1 0 1 -1 1 -1 0 -1 0 1 -1 -2 -1 1 -1 -1 -1 1 -1 0 0 -1 -2 0 0 -2 -2 0 0 1 0 0 2 -1 0 -1 -3 1 0 -2 0 -2 -2 0 1 1 1 0 -2 -1 0 1 0 1 2 0 1 0 1 1 1 0 0 0 -1 0 0 -1 0 -2 -1 0 1 1 2 1 0 1 -1 -1 -2 -2 0 0 1 -2 1 2 1 1 0 2 0 -1 -1 -1 -1 2 0 0 0 1 0 1 1 1 1 1 0 -1 0 -1 -2 0 0 0 -1 -3 -1 2
-1 -1 1 1 -2 0 -1 2 0 -1 0 0 0 1 0 0 -2 1 -1 0 0 -2 1 0 1 -2 -1 0 0 2 -1 0 -2 0 1 -1 0 1 -2 2 0 -1 -1 0 0 0 -1 0 -2 0 -1 0 1 2 0 1 -1 -2 0 -2 1 -1 0 0 0 1 1 -1 0 1 -2 1 1 0 0 0 1 0 0 -1 1 0 0 -1 1 3 1 -1 -1 0 -1 -1 0 2 -1 -3 -1 2 0 0 2 -1 -1 0 -1 1 1 -1 0 -1 0 -2 1 -1 0 1 0 0 -1 0 2 1 -1 2 -1 1 -1 0 2 -1 0 0 1 -2 0 1 -1 0 0 -1 -1 0 1 2 1 -1 -1 1 0 0 -1 0 3 1 0 1 0 -2 1 -2 1 -1 2 -1 0 0 0 1 0 0 0 1 1 0 3 -1 0 -2 -1 0 0 -2 0 1 -1 -1 0 1 0 -1 -1 -1 2 -1 -1 -1 -1 -2 1 2 1 0 0 -1 0 0 0 0 0 0 0 0 -1 0 1 0 -1 1 -1 -2 0 0 0 1 0 1 0 1 0 0 1 -2 1 0 2 3 0 -1 -1 -1 3 -1 -1 1 1 0 0 2 -1 -1 0 0 0 0 1 2 0 -1 1 0 -1 1 -1 -1 1 0 0 0 0 0 -2 -1 0 1 0 -1 1 0 0 3 0 0 0 -2 1 -2 -1 0 0 1 -1 1 -1 1 -1 2 0 0 2 1 2 1 0 1 -1 1 0 1 0 1 -1 1 -2 -2 2 1 0 0 -1 0 -1 -1 0 -1 -2 2 0 -2 1 -1 0 -1 -1 2 1 1 0 0 0 0 0 0 1 0 2 -1 1 2 1 -1 1 2 -1 -1 -1 0 -1 0 -2 0 0 0 0 -1 0 -1 1 0 0 -1 3 -1 2 0 0 2 -1 -2 -1 1 1 -1 0 -1 1 0 0 -1 1 1 0 1 0 -1 1 0 -1 -1 1 2 2 1 0 3 0 1 0 2 0 0 0 -1 -2 1 0 1 0 0 0 -1 0 0 0 0 -1 0 -1 -1 1 1 1 -1 -1 2 0 -1 1 1 0 0 0 0 -1 -1 -1 1 -1 0 1 0 -1 0 -1 -1 0 0 2 0 -1 -2 0 0 1 -1 -1 -1 -1 -1 -1 0 0 -3 2 0 -3 0 -1 0 1 0 0 -1 -1 0 -1 -1 -2 0 -1 2 3 2 0 -1 0 -1 2 0 1 -1 0 -2 -1 -1 -1 -1 0 2 0 0 1 -2
-2 2 -1 0 0 1 0 1 -2 -1 -1 -1 -1 0 0 1 0 0 0 1 2 -1 0 3 -1 0 1 -1 2 0 2 -1 -1 -1 0 -1 0 1 -1 1 0 1 -1 -1 -1 1 1 1 0 -1 1 1 -1 0 1 0 1 -1 1 2 0 -2 0 1 1 -1 0 -1 -1 1 0 0 0 1 0 -1 3 -2 -1 -1 1 -1 0 -1 1 1 0 2 1 -1 -2 -1 2 1 2 1 1 2 2 -2 0 1 -2 0 0 -1 1 -1 -1 0 -2 2 1 0 0 0 -1 1 2 -1 0 1 0 1 -1 0 -3 -1 0 -2 -3 1 0 -2 0 1 1 1 0 -2 0 1 -1 1 0 0 0 0 3 0 0 -1 0 0 -2 1 -1 1 0 -1 1 0 0 1 1 0 0 1 -2 2 1 -1 0 1 -1 0 -1 2 -1 -1 0 -1 0 1 -1 1 2 0 2 0 0 0 1 1 -3 1 -2 0 1 2 0 0 -2 -1 1 -2 1 2 0 2 0 -2 1 2 1 -2 1 1 2 0 0 1 -1 -1 0 -1 -1 0 0 1 1 0 0 1 -1 0 2 1 1 0 -1 -1 1 0 -1 0 1 -1 1 0 -1 1 0 1 1 -1 1 0 0 -1 -1 0 2 0 0 -1 -2 -1 -2 0 2 0 -1 -2 0 -1 0 0 1 -2 0 0 1 1 -1 -1 1 -1 -1 0 0 0 0 -1 0 0 1 1 0 0 2 1 2 1 0 0 2 1 1 -2 0 0 0 0 0 1 -1 -1 -3 -1 1 1 -2 0 0 -1 -2 1 1 1 -1 1 1 1 -2 2 -1 0 0 0 1 1 0 -2 0 -1 0 1 -1 -1 0 1 1 1 -1 1 0 -1 0 -1 -2 -3 2 0 0 -1 -1 1 -1 0 -2 -1 0 -1 1 -1 -1 1 0 1 2 0 0 0 1 0 0 -1 2 2 1 2 -1 -1 1 -2 1 1 -1 -1 -2 -1 0 1 -1 0 2 0 -3 1 1 0 0 0 1 1 -1 0 1 1 -1 -1 0 1 1 -2 0 0 2 -1 0 0 -1 -2 -1 -1 1 1 -1 -1 0 0 0 -1 1 0 -2 0 0 0 1 1 1 0 -1 2 1 0 -2 1 1 0 -1 -1 -3 -1 0 0 0 1 -1 -1 0 2 -2 -1 1 1 1 -1 0 0 1 0 0 0 0 0 1 0 1 1 0 0 0 0 1 -1 1 0 1 0 0 -1 -1 -1 -2 -1 -1 -1 -2 0
-1 -1 0 1 0 1 0 -1 -1 -1 -1 1 -2 0 -1 -2 -2 0 1 1 -2 0 1 1 -1 -1 -1 1 -1 0 0 1 0 0 -1 0 0 1 2 0 0 0 -1 -1 -1 1 1 1 0 -1 0 -1 2 -1 0 0 0 2 0 0 1 -2 -2 0 -1 1 0 -1 -2 -1 1 1 -1 -1 0 1 0 1 0 -1 0 1 -2 -2 0 0 -1 3 0 0 1 1 0 1 -2 1 1 0 0 1 -2 0 -1 0 0 -1 0 -2 0 -1 0 0 -1 0 1 1 1 -2 1 -1 -1 0 -1 0 -1 0 -2 0 -1 -1 1 -2 1 0 1 -2 -1 -3 0 0 0 -1 0 1 -1 3 -1 1 1 1 1 0 0 1 -1 -2 0 0 1 0 -1 -2 -1 0 1 0 1 0 0 -1 1 1 -1 1 0 0 -1 1 0 -1 -1 1 0 2 2 1 1 1 -1 1 2 1 0 2 0 -1 -2 0 2 1 -1 0 -1 0 1 -2 -1 1 1 0 -1 1 1 0 0 0 0 1 -1 -1 1 0 0 0 -2 0 0 0 2 -1 2 1 -1 2 -1 0 -2 1 0 -2 -1 0 0 0 -3 1 -1 -1 0 -1 2 0 0 3 1 0 -1 0 1 1 0 -1 0 2 -3 -1 1 0 2 0 0 1 -2 0 0 1 0 -2 -1 -1 0 0 0 -1 0 0 1 0 1 -2 0 1 0 -2 0 0 0 1 -1 -1 -1 0 1 2 0 0 1 0 0 1 -1 -1 0 1 1 0 0 0 0 0 1 -2 -2 2 -1 1 1 0 2 0 0 -1 -2 -1 -2 0 -1 2 -1 -1 -2 0 1 -1 -1 1 0 -1 -2 0 0 2 1 0 1 1 0 1 0 0 0 0 0 1 0 -1 -1 0 1 0 -1 -2 0 -1 1 0 0 0 0 0 -3 -1 -2 -1 -1 -1 1 -1 2 -1 -1 0 1 0 0 0 -1 1 0 -1 0 0 -1 -2 0 -1 -2 -1 -1 0 -1 0 1 -1 1 2 -1 0 1 -1 1 0 1 -2 0 0 0 0 0 -1 0 0 0 -1 -1 2 -2 2 1 -1 1 1 0 0 1 2 -1 -3 3 -1 0 1 0 1 2 -2 0 -1 2 -1 1 0 0 0 -2 0 0 0 1 0 -1 -1 -1 -1 -1 -1 2 -1 2 0 0 1 1 1 -1 1 3 0 1 0 0 -2 1 1 -2 1 1 1 -1 0 0 1 0 0 2 -1 -1 1 -2 -2 0 1
-1 3 0 -1 1 -1 1 -1 0 -1 -1 1 0 0 0 2 0 -1 1 -1 -2 0 2 1 1 -1 0 1 1 1 -1 1 -2 -1 -1 -1 -2 0 1 -1 -1 2 -1 -1 0 -1 1 1 2 -3 0 -1 -1 -2 0 0 -2 0 1 1 0 1 1 1 1 1 1 0 2 -2 -1 -1 1 -1 1 0 -1 -3 2 -1 -1 1 0 1 1 1 0 0 -1 0 -1 -2 -2 -1 0 0 -1 1 1 -1 -1 0 -2 1 1 0 0 2 2 0 -1 1 -1 -1 1 0 0 1 -1 3 2 -2 2 0 2 -1 -1 0 0 0 0 1 -1 -2 -1 -1 0 -2 1 2 2 1 -1 1 -2 1 0 -1 1 1 0 0 -1 1 0 1 0 2 0 -2 0 -1 1 0 0 1 1 -1 -2 1 0 1 0 1 0 -2 -1 0 0 0 1 -1 0 2 -1 -2 -1 0 0 0 0 -1 -1 1 0 1 1 -1 -1 1 0 1 -1 0 0 1 -1 1 0 -1 -2 1 1 1 -1 1 1 0 -2 1 -1 -2 -1 1 0 0 -1 0 0 2 -1 1 0 -2 2 0 -1 -1 0 0 0 0 0 -3 1 0 2 0 -1 0 2 1 0 1 -2 0 -1 0 0 0 1 -1 1 1 1 0 1 -1 1 -1 1 1 0 -1 0 -2 1 2 1 -1 0 1 1 1 1 -1 0 -2 2 0 -2 0 -1 1 -3 1 1 0 1 -1 0 1 0 0 -1 0 -2 -1 1 0 3 0 0 -1 1 1 0 1 0 0 1 0 -1 1 1 -2 0 0 -1 -1 -1 0 0 0 -1 -1 0 -1 1 1 2 1 0 1 0 0 -1 -2 0 -1 0 1 1 1 2 1 0 1 1 1 2 1 0 -3 2 1 0 0 1 -2 0 0 0 0 -1 0 -1 1 0 1 1 0 2 1 2 1 1 -2 1 1 0 0 0 0 -1 -1 2 0 0 0 -1 0 0 -1 0 -1 1 -1 -1 0 0 0 0 -1 -2 1 -1 0 -2 -1 0 -1 1 0 0 -1 -1 0 -2 2 -2 -1 0 1 -1 0 1 0 0 0 -1 -2 1 0 0 0 -2 0 1 0 0 0 1 -1 0 1 -1 -1 -3 -1 -1 -1 0 -1 0 -1 0 0 0 0 -1 1 0 0 -1 2 0 -2 1 1 0 1 -1 0 -1 0 1 1 1 -1 1 0 0 -1 0 0 0 1 0 -1 1 -1 -1 0 0 1 -2 1 1 -1 3 -1
0 1 1 -2 -1 -1 -1 1 1 -1 2 0 -2 1 0 -1 -1 1 0 0 -1 1 2 0 -2 -1 2 2 1 -1 1 0 -1 1 1 0 0 0 1 -3 2 -1 -1 1 0 0 -1 0 -1 1 1 0 0 0 1 0 -1 0 0 1 -1 0 0 0 1 -1 1 0 0 -1 -1 -2 0 0 -1 1 1 0 2 -1 -1 -1 -1 -1 1 1 1 1 0 1 -1 0 0 0 2 0 0 -1 2 0 1 0 0 -1 0 1 0 1 -1 2 -1 2 -1 0 1 -1 1 -1 -1 0 -1 0 0 0 0 0 -1 0 -3 0 0 0 -1 0 0 0 1 1 1 -1 1 2 1 0 3 0 -1 -1 1 -1 -1 1 -1 0 1 1 1 1 1 1 0 1 -1 -2 1 0 -1 0 -1 0 1 1 0 2 -2 -1 0 -1 0 -1 2 0 0 -1 -2 -1 1 0 1 -1 -1 1 -2 -1 1 -1 0 0 -1 -1 -1 0 0 1 -2 1 0 0 1 0 1 -1 0 -2 -1 1 2 -1 1 1 1 1 -1 1 -1 0 2 -2 2 2 -1 -1 -1 1 -1 1 1 1 0 -1 0 0 1 -1 -1 0 2 0 2 2 1 0 3 -1 0 2 -2 -2 1 1 -2 0 1 0 0 -1 0 -1 0 -1 1 -1 0 0 1 0 0 1 1 -2 0 0 -1 -1 -1 0 -1 1 1 -1 -1 1 1 0 0 0 -1 0 0 -1 -1 0 1 -1 2 0 0 0 -1 0 -1 1 0 1 -2 0 2 2 1 0 1 1 1 1 0 1 0 0 0 0 2 -1 -1 -1 -1 2 -1 0 0 0 1 0 0 -1 1 -2 0 -1 -1 0 0 1 1 0 0 -1 0 0 1 -2 1 1 -1 1 -1 0 0 0 3 -1 -1 1 0 -1 2 -1 -2 0 0 0 2 -1 -2 -3 0 1 -1 1 0 -1 0 0 1 0 -1 -1 0 -1 1 -1 0 1 1 0 2 -1 -1 0 2 1 2 2 0 -2 0 -1 -1 1 0 0 1 1 -1 2 2 0 2 -3 2 0 -1 -1 0 1 -2 2 1 0 0 -2 3 0 -1 1 -1 0 0 0 2 1 -1 1 -1 0 0 -2 2 2 0 0 0 0 2 -3 0 0 0 1 0 -2 -2 -1 -1 1 -1 0 -1 -1 0 -1 0 2 -3 2 -2 0 1 1 1 3 0 2 0 0 0 2 -2 3 0 -1 -2 0 -1 -1 -1 0 0 0 2 -1 0 -2
0 0 1 0 3 0 -2 -1 -2 0 0 1 1 3 1 -1 -1 -2 0 0 -1 -2 1 1 0 0 0 -1 -2 1 -1 -2 -2 -2 -1 0 -1 -1 0 1 2 0 -1 0 0 0 0 -2 1 1 0 0 -1 0 1 0 2 -1 0 1 0 0 1 0 0 -2 0 0 -1 0 -2 1 -2 -1 -1 2 0 0 -1 0 -2 0 2 0 -1 0 -1 0 0 0 -2 1 1 -1 0 0 -1 0 1 0 0 -1 -3 -2 -2 0 0 -1 0 0 0 0 0 -1 0 0 3 0 2 -1 0 -1 1 0 0 0 -1 -1 -1 0 -1 1 0 1 -1 -1 -1 -1 0 -1 -2 2 -3 2 -2 -1 1 2 2 0 0 0 -1 -1 0 -2 -1 -2 3 0 -1 1 -1 0 1 0 1 1 1 1 0 0 0 1 0 1 1 0 0 -1 -2 2 2 -2 1 0 0 -1 1 -1 0 1 2 -1 0 1 0 0 1 1 0 1 1 1 0 1 -1 0 0 0 0 0 -1 2 0 0 0 -1 1 -2 2 -1 0 -1 -1 0 0 -2 -1 -1 1 1 -1 0 2 1 -1 1 0 -1 -1 -2 -1 2 1 1 0 1 0 -2 0 0 2 2 -1 1 0 0 2 1 -2 2 -2 -1 0 -1 1 1 -1 1 -1 3 1 0 0 -1 -1 3 -1 0 0 0 0 2 0 0 0 -1 -2 0 0 -1 0 2 -1 1 0 1 -1 -1 -2 2 0 2 1 1 3 -1 2 1 -2 -1 -1 0 1 -1 1 0 -1 2 0 2 0 0 0 0 2 1 -2 1 2 -1 -1 -1 -1 0 0 0 -1 -1 0 -1 -2 -1 1 1 0 1 2 1 1 2 -1 1 1 -1 1 1 -1 0 1 0 1 1 0 -1 0 0 0 0 0 -1 1 -2 0 0 2 0 1 2 0 0 -1 3 1 -2 0 -2 -2 -1 0 1 1 1 1 0 0 -1 0 -1 -1 0 1 0 0 -1 0 0 -1 1 0 -1 2 1 1 0 0 2 -2 0 1 -1 0 0 1 0 0 0 -1 0 0 -1 -2 2 -1 1 0 1 1 -1 0 -1 1 -1 3 1 1 -1 0 0 -1 0 0 0 0 0 -1 0 2 0 0 0 0 0 -2 0 0 1 0 1 -2 2 2 0 1 -1 -1 -2 0 1 0 0 -1 0 1 0 -1 0 0 -1 2 0 2 1 1 0 1 0 1 1 -2 -1 0 1 -2 -1 -1 1 -1 1 0 0
1 -1 0 0 0 0 -1 1 0 1 0 -1 0 -3 -2 -1 -1 0 -1 0 -1 0 0 -1 0 1 0 2 1 3 1 0 0 0 -2 1 1 -1 -1 0 0 0 0 1 2 0 0 -1 -3 -1 1 0 0 1 0 -1 -2 0 3 0 0 1 1 0 0 -1 -1 0 -1 1 1 0 0 -1 -1 -1 -1 -2 -1 -1 -1 -1 3 0 1 1 0 1 1 1 -1 0 1 -2 0 0 0 -2 -2 0 0 1 0 1 2 -1 1 1 1 0 -1 1 -1 0 1 1 -2 0 0 1 1 1 0 0 -1 1 0 -1 1 0 -2 2 1 -1 0 2 0 0 2 0 0 -1 0 -1 -2 2 -1 0 -1 -1 0 0 1 2 1 1 -1 1 -2 -1 0 0 1 1 0 0 -1 1 -2 -1 0 -1 0 1 0 -1 1 2 0 -1 -1 -1 -1 0 1 1 0 0 0 -1 -1 1 0 2 -1 2 0 1 1 0 -2 2 0 1 1 -1 1 2 0 1 1 -1 0 0 1 1 1 1 -1 -1 0 1 0 0 -2 1 -1 1 -2 1 1 -1 1 1 0 2 0 2 0 1 0 1 -1 -2 1 -1 0 -2 0 -1 -1 0 1 1 0 0 1 1 -2 0 0 1 -1 0 -1 -1 1 -1 0 0 3 -2 1 0 -1 0 -1 0 0 1 0 0 -1 -1 1 0 1 1 0 1 2 0 1 1 1 -2 0 -1 -1 2 0 1 0 2 -1 0 -1 0 0 0 -2 0 -1 0 1 1 0 2 0 0 -2 0 -1 -1 0 0 1 2 1 1 0 -1 -1 1 2 -1 1 -2 -1 -1 -1 1 1 1 0 1 0 -1 1 -1 0 2 1 1 -2 1 -2 1 0 0 -1 -2 -2 -1 1 0 -1 -1 -2 1 0 -1 -1 0 -1 1 -1 0 1 -1 -1 0 1 -1 -2 -1 2 1 0 0 0 2 0 1 0 0 1 1 2 -2 2 -1 -1 0 -1 -2 1 1 0 -1 -2 1 1 0 0 -1 2 0 1 2 -1 -1 -2 -1 1 2 0 0 1 -2 0 -1 -1 -1 -1 -1 -2 -1 3 2 0 -2 2 1 1 -1 1 -1 -1 0 2 -1 1 0 1 0 2 0 -1 2 -1 0 -2 3 -1 2 -1 -1 -1 0 -1 -1 2 2 2 0 0 -1 0 -2 0 -1 0 -1 1 -1 -1 -1 -2 1 -1 -1 3 0 0 0 -1 -1 -1 -2 -1 -1 -1 -1 0 -1 -1 1 -2 -2 -1 0
-1 -2 1 -1 2 0 0 1 -1 1 0 0 1 1 0 0 1 1 0 0 0 0 0 0 1 2 0 0 1 -1 0 -2 0 1 -1 1 1 -1 2 1 1 0 1 1 1 -1 0 -1 0 -1 -1 -1 -3 0 0 1 2 0 0 -1 0 0 -1 0 1 1 1 -1 0 2 1 1 -1 -1 0 -2 0 1 -1 -2 -1 0 -1 -1 -1 -1 -1 -1 0 -1 1 -1 2 1 2 -1 0 -1 1 1 -1 0 1 0 1 -1 0 -1 -1 -1 -2 0 1 0 1 2 1 -2 3 1 1 1 1 1 -1 0 -1 1 0 -1 0 1 -1 0 1 1 0 0 1 -1 0 0 0 0 -1 0 1 0 -2 0 1 -2 0 0 1 2 -1 2 1 0 0 0 1 2 1 0 0 -1 -1 1 -1 0 1 0 1 0 1 0 -1 -1 0 1 -1 0 2 0 0 -1 0 -2 0 2 2 2 1 1 0 1 0 -1 1 2 0 -1 -2 1 0 0 0 0 0 1 1 0 0 1 0 -2 0 1 0 0 -1 1 0 -1 0 1 0 0 -1 1 1 -2 2 0 0 -1 1 -2 1 0 0 -1 0 -1 1 2 0 2 0 1 -1 0 0 0 0 -1 0 0 -1 -1 1 2 1 2 0 1 1 3 0 -1 2 0 -2 0 -2 0 -1 1 -1 1 -1 1 3 3 0 -1 -1 -1 0 0 1 0 0 -1 -2 1 -2 2 2 0 1 1 0 0 -1 0 1 2 -1 -1 -2 1 3 -1 0 1 1 -1 2 0 1 -1 0 0 -1 0 1 -1 1 1 1 0 0 1 -1 0 -1 0 0 0 0 -1 0 0 -1 2 0 1 -1 -1 2 -1 0 1 -2 -1 0 -1 -3 2 1 -1 -2 0 0 -1 0 0 1 -1 -1 0 0 1 0 0 -1 0 0 -2 1 0 2 2 -2 -2 -1 2 -1 -1 1 -1 -2 -1 0 0 -1 3 -1 0 1 -2 0 0 0 -1 1 1 -1 1 0 -1 -1 0 0 -1 0 0 -2 0 1 0 -1 1 1 -1 0 0 2 2 1 0 1 0 -1 0 0 2 2 -1 1 -1 0 -1 2 2 0 -2 1 0 2 1 -1 -1 0 0 0 1 -2 -2 1 0 0 0 -1 0 0 -1 1 0 -1 0 0 -1 0 2 -1 1 -2 -1 -1 -1 -1 0 0 0 0 0 -1 -1 1 1 0 -1 2 -2 0 2 -1 -1 2 -1 1 1 1 0 1 -2 2 0
-2 0 -1 0 2 -1 -2 1 -1 0 -1 1 0 -1 0 0 0 1 0 3 0 0 -1 2 -2 -1 0 -1 1 1 -1 1 1 0 0 0 -1 0 0 -1 2 -1 2 0 0 2 -3 -1 -1 1 2 0 1 0 -1 0 2 -1 2 0 0 2 -1 -1 0 1 0 0 -1 0 0 0 -1 0 -1 1 0 -2 0 1 0 2 0 0 0 -1 -1 1 -1 -1 0 -1 -1 0 0 1 1 -1 -2 -1 0 1 -1 0 0 0 2 1 0 2 0 -1 1 2 0 -1 1 2 1 -1 0 -1 1 1 -1 -1 0 0 2 -1 -1 0 0 1 -1 1 0 1 0 1 1 0 1 0 0 1 -1 -1 0 0 -1 0 -1 0 0 2 -1 0 -1 1 0 0 -1 1 0 -1 2 1 2 0 -2 0 0 1 2 0 1 -1 0 -1 1 1 -1 1 1 0 0 2 0 1 -1 -2 0 1 -1 2 0 1 1 2 -1 -1 0 1 1 -2 -1 0 1 -2 -1 0 2 -1 0 -1 1 1 -1 1 3 1 0 1 2 0 0 0 -1 0 1 0 1 -3 2 0 1 -2 2 -1 0 1 0 0 0 1 0 -1 0 0 0 0 1 -1 0 0 -1 -2 -2 -2 0 -1 0 -2 -2 -1 1 1 2 1 1 -2 -1 1 -1 1 0 -2 0 -2 0 0 -2 0 0 3 0 2 -1 -1 0 -1 -3 -2 0 -1 2 -1 1 1 0 0 -2 -1 0 -1 0 1 0 -1 3 -3 0 1 0 0 0 -2 0 -1 1 -1 2 1 1 -1 -2 -1 -1 -1 0 0 -1 0 -1 -1 -1 1 0 0 -1 0 0 1 -2 -1 -1 0 1 0 -2 -1 -2 1 -2 -1 0 -1 -1 1 1 0 0 1 0 1 2 2 0 1 0 0 -1 0 0 0 -1 -1 0 -1 1 -1 1 0 1 1 1 -1 -1 0 2 0 -1 1 0 -1 1 2 0 0 -2 1 0 0 0 0 1 2 -2 0 1 -2 0 0 0 0 1 2 1 2 0 0 -1 1 3 -1 -1 0 0 0 0 1 0 2 -1 1 1 -2 0 1 0 -1 1 0 -2 0 0 1 0 0 2 0 -1 1 -1 -1 1 1 -1 0 0 1 0 1 1 -1 -3 0 -1 0 1 0 -1 -2 2 -1 1 0 1 -1 1 -1 1 1 -1 -2 2 -1 -2 1 0 1 0 -2 -1 1 0 -1 0 0 1 0 1 0 0 0 0 0 0 2 -1 1
1 0 0 0 -1 -2 -1 0 -1 -2 1 0 2 -1 0 -1 -1 0 -1 0 -1 1 -1 -1 0 0 -1 0 0 0 0 1 0 -1 0 1 1 1 1 -1 -1 0 -2 -1 0 -1 -1 0 0 0 1 -3 2 1 1 1 0 0 1 0 -2 -1 1 0 -1 0 -1 1 -1 -1 2 2 -1 1 1 1 0 0 0 0 -1 1 -1 0 0 -1 0 0 2 -1 1 -1 -2 2 -1 1 1 0 -2 2 0 1 -1 0 1 1 1 1 1 -1 0 0 -2 0 -1 1 -1 -1 2 0 0 -1 0 0 1 -1 0 2 0 1 2 -1 0 1 0 -2 0 1 1 0 1 0 0 0 -1 -1 1 0 -1 -1 2 -2 0 1 1 -1 -1 1 -2 1 1 0 1 0 1 2 1 1 -1 -1 1 0 0 -1 1 0 -1 0 2 2 1 0 -2 -1 -2 -1 2 1 2 1 -1 0 0 -1 -1 0 -2 0 -1 1 1 1 0 0 1 -1 1 0 -2 1 0 -2 0 0 1 2 0 1 -2 -1 1 1 1 0 -1 0 -3 0 0 -2 2 0 -1 -3 1 0 1 0 1 1 2 1 0 -2 0 1 1 0 0 -2 2 1 -2 -2 1 1 1 0 -1 1 -1 -1 -1 -2 3 -1 -1 1 0 -1 -1 -1 0 0 0 0 0 0 -1 0 1 1 -1 0 1 0 -3 -2 0 1 0 1 -1 -1 -1 1 0 1 0 -1 -1 0 2 0 1 2 0 0 -1 0 0 -1 -1 1 1 2 0 2 1 2 0 -2 1 2 -1 1 1 -2 0 -2 1 0 0 1 -1 0 0 0 0 0 0 1 1 0 2 -1 -1 -2 1 0 0 0 0 1 -1 -1 1 0 0 0 1 0 1 0 1 0 -1 1 0 1 -2 0 0 0 -2 1 1 -1 1 -1 0 -2 -3 -2 1 3 0 0 3 -1 -2 0 3 2 -1 0 0 1 0 -1 -1 1 0 1 1 1 2 2 1 -2 -2 -1 2 1 1 0 3 1 -1 0 1 0 0 1 -1 -2 -1 1 0 -1 0 -1 -1 0 -1 2 0 -1 1 1 0 0 0 -1 0 0 -1 1 -1 2 0 0 1 -1 0 0 1 2 1 1 -1 -1 -2 1 0 0 0 1 1 1 -1 1 0 2 -1 0 0 -1 1 2 0 1 0 1 0 0 1 -1 1 -1 -2 1 -1 0 1 0 -3 0 1 2 -1 -1 1 0 -2 -1 1 1 0 0 -2 -1
1 1 0 0 -1 1 0 1 1 1 -2 0 -1 -1 0 0 -2 0 -1 -1 -1 -1 0 0 -1 2 0 0 1 -1 -2 2 1 -1 -2 0 -1 0 0 -1 1 1 1 1 1 0 -1 -1 -1 -1 -1 1 0 -1 0 1 1 0 -1 1 -2 -2 -1 -2 0 0 -1 0 1 -1 0 1 0 1 0 0 0 1 -1 0 1 0 0 -2 1 2 -1 2 2 -1 -2 1 1 -2 -1 -1 -1 0 0 -1 0 -2 0 0 -1 0 -2 -1 0 -1 1 0 -2 -1 1 0 0 -1 1 0 0 2 -1 0 0 0 0 0 1 2 0 -1 -1 1 0 -1 1 1 -1 -2 2 -1 0 -2 1 1 -2 1 0 -1 0 2 -1 -1 1 -1 0 0 1 1 -1 1 0 1 1 0 -1 1 -1 -1 2 2 3 2 2 -1 3 0 0 0 -2 0 0 -1 1 -1 0 -1 0 -1 1 0 -2 0 0 1 0 1 0 1 2 1 0 0 2 -1 -3 1 1 0 0 2 0 -2 0 0 1 0 2 -1 0 1 1 1 -1 2 0 -2 -1 0 -1 -1 1 0 0 -1 0 0 -1 0 2 -1 0 0 0 -1 3 0 -1 -1 0 1 0 0 0 0 1 0 0 0 0 -1 0 -2 1 1 -1 0 -1 3 -1 0 -1 1 -2 0 -1 -1 -1 -1 0 0 0 -2 -1 0 -1 1 1 0 -1 -1 2 -1 -1 -1 0 0 1 0 0 0 -2 2 1 0 0 2 -1 2 1 0 -2 -1 1 1 1 1 1 2 -1 1 0 1 1 1 0 0 0 1 2 -1 0 0 1 0 0 0 -1 1 2 1 -1 0 1 0 0 0 0 2 -1 -1 -2 -2 -2 -1 1 1 0 0 1 1 -2 1 -1 1 2 -2 2 -1 1 1 -1 0 0 0 1 0 0 0 0 -1 -2 -1 0 -1 1 0 1 -2 0 1 0 0 1 -2 -1 -1 -2 0 -2 -1 2 -1 0 -1 1 0 0 1 -2 1 0 2 1 -1 3 1 1 0 0 -1 2 1 1 -2 1 -1 1 1 -2 1 0 -1 -1 2 1 0 0 -1 -1 1 -1 0 -2 2 0 0 -2 0 0 0 -1 0 -1 0 1 0 -1 0 0 1 0 0 1 1 -1 -1 2 -1 0 1 0 -2 0 0 0 -1 -1 -1 0 -1 -2 2 -1 -1 0 -1 0 1 1 0 -2 0 2 1 -1 0 0 -1 0 -2 1 0 1 0 2 -1 -1 0 2 -1
0 2 -2 2 0 0 -1 0 1 1 0 0 1 0 0 -1 0 0 -1 -1 -1 0 1 0 0 -2 0 -1 1 0 -1 1 -2 0 0 0 -1 0 0 0 -1 -1 1 -2 -1 -2 1 1 0 0 2 0 1 0 -1 -1 1 -3 1 -2 1 -2 0 -1 0 -1 -1 1 3 0 1 1 0 -1 0 -1 0 0 3 -1 1 0 -1 0 0 -1 0 1 -1 2 -2 -1 1 -1 -1 0 1 -1 1 0 1 -1 0 0 1 -1 1 0 0 0 0 1 -2 0 1 0 0 2 0 -1 -1 -1 0 2 0 0 0 -1 -1 2 0 -1 -3 -1 0 -1 0 -2 0 0 -1 -1 2 0 -1 0 -1 2 -1 -1 2 1 1 0 1 0 0 -1 0 2 0 -1 -1 0 2 1 0 2 0 -2 -1 1 1 0 -1 1 1 0 2 -1 0 0 0 0 -2 -1 0 -1 -1 -1 0 0 0 2 0 1 -1 0 -2 0 -1 0 -1 -1 -1 0 -2 1 1 1 0 1 2 3 -1 -1 0 1 -2 0 1 -1 1 -1 1 -1 1 -1 -1 2 2 0 0 0 -1 1 0 2 1 -1 1 0 1 0 1 -2 0 0 1 0 1 1 2 1 1 -1 0 0 -1 1 0 -1 1 1 -1 -3 0 0 2 0 0 0 -1 -1 -2 0 1 -1 0 -1 0 1 0 -2 -1 0 0 -1 1 0 0 0 1 0 0 2 0 2 0 0 0 -1 0 1 1 1 -1 -2 1 -3 -1 0 -1 -2 0 -1 0 1 0 2 -2 1 -1 2 0 2 0 0 1 1 -1 1 1 2 0 0 0 0 0 -1 -1 0 1 1 0 2 0 0 -1 -1 -1 -1 1 2 1 0 2 -2 -1 2 0 0 2 1 0 -1 2 0 1 1 0 1 0 1 -2 -1 2 -1 -2 0 1 0 0 2 -1 -1 1 -2 0 0 -2 0 -1 -1 -1 -1 -1 -1 0 -1 2 -1 1 -1 -3 0 -1 -2 0 0 1 1 0 0 0 0 0 -1 -2 -1 0 -1 1 1 0 -1 0 1 0 2 0 -1 -2 1 1 1 -2 0 1 1 0 0 0 -2 2 0 2 1 1 0 -1 -1 1 -2 0 1 1 1 -2 -1 0 0 1 -2 -2 0 0 0 1 1 -1 0 0 0 1 1 -1 0 2 1 0 -1 0 -1 0 -1 1 0 0 0 1 0 0 -1 1 1 0 -3 1 1 -1 -1 -3 1 2 -1 0 0 -2 -2 -1 1
0 0 0 0 1 -1 -3 1 0 2 -1 -2 0 1 1 0 1 1 -1 1 -1 3 -1 -1 3 -1 1 -1 1 -2 1 -1 2 0 -1 0 1 0 -1 -1 -1 0 2 1 -1 -1 0 0 0 -1 0 2 0 -1 0 0 1 0 0 1 0 -1 0 3 -2 1 1 1 1 2 2 0 0 1 1 0 -1 -2 1 1 -1 -1 -1 2 -1 0 0 -1 2 1 1 -1 0 2 -1 1 0 0 -2 2 0 1 1 0 1 -2 1 1 1 -1 1 -1 0 0 -2 0 2 0 1 -1 -2 -1 0 -1 0 0 0 -1 1 1 1 0 -2 1 0 -1 -1 0 -3 0 0 -1 1 -1 0 0 -1 0 -1 -1 0 1 -1 -1 -1 1 2 -1 -1 -1 1 1 -1 0 0 -1 0 -2 0 -1 1 -2 1 -1 1 1 -2 0 2 0 1 -1 3 0 0 -2 1 -1 1 1 -1 0 0 0 0 0 1 0 -2 -1 -1 0 -1 1 0 -1 1 -2 0 1 -1 0 -2 0 -2 -1 -2 0 2 0 0 0 0 0 2 0 -1 -1 0 1 -1 -1 0 -1 1 -2 -1 0 0 1 -1 0 1 2 0 0 0 -1 -1 0 2 3 0 1 1 1 3 1 2 2 0 1 1 2 1 1 1 -1 -1 0 0 1 0 2 1 2 0 0 -1 -1 2 1 1 1 -1 2 1 0 0 0 0 0 2 1 0 1 1 0 -2 0 0 0 -1 3 2 3 0 -1 0 -1 1 1 0 0 -1 -1 2 0 1 1 0 2 1 -1 0 -1 -1 1 1 -2 -2 -2 0 -1 -1 0 0 0 1 1 1 1 0 0 1 1 -1 0 1 -2 -3 -3 0 -1 0 0 3 1 1 -2 0 0 2 -1 0 0 0 1 -2 1 -1 -1 -1 -1 -2 0 1 0 0 1 0 -1 2 0 0 0 0 1 -1 -1 1 0 0 0 1 1 1 -2 1 1 -1 0 0 1 0 0 0 -1 -1 0 0 0 1 0 0 1 -1 -2 -1 -1 0 0 1 0 0 -1 1 0 -1 1 1 -1 0 0 0 -1 0 1 -2 -1 0 0 0 -1 -2 0 0 1 1 -3 0 -2 0 -1 -2 -1 -1 -1 -2 -2 0 -1 1 0 1 -2 -1 0 0 -1 0 1 -2 1 -1 -2 0 0 -1 1 1 0 0 0 1 0 1 -1 0 1 -1 0 -1 1 -1 0 0 0 1 1 0 1 -1 1 -1 1 1 1 1 0 1 1
0 -1 -1 -1 1 0 0 0 -2 -1 0 0 0 2 -1 0 0 0 -1 0 0 0 -1 0 0 1 -1 -1 1 -2 -1 1 0 -2 -1 0 3 0 0 -1 -1 -2 -1 0 0 -2 -1 1 -1 -1 0 2 0 1 0 -1 0 0 0 0 0 1 -1 -1 2 1 3 -1 -1 -1 -2 1 1 -1 -1 -1 0 0 -2 2 0 0 -1 1 0 1 1 0 0 -1 0 0 -1 0 3 0 0 1 2 1 2 0 1 0 -1 -1 0 0 0 2 -1 1 2 0 0 1 0 0 0 -2 0 0 0 1 -1 -1 0 1 2 1 -1 2 -1 0 0 0 -1 1 -1 0 0 0 0 1 -1 0 -1 0 0 1 0 -1 -1 1 2 0 0 1 0 2 -1 -1 -1 1 2 -1 0 2 1 -2 -1 0 0 1 1 0 2 -1 -2 -1 0 3 -1 0 -1 -2 0 0 -1 -1 0 -3 1 -1 -1 2 0 0 0 -1 0 1 0 -2 0 1 1 0 -1 -2 0 -1 0 -1 1 3 2 -1 1 0 1 -1 1 0 -1 -1 0 0 -1 0 0 2 1 -1 2 1 -1 0 1 2 -1 0 -1 1 1 -1 0 0 -2 0 0 0 1 0 0 0 2 1 0 1 -1 1 -1 2 -1 -1 -1 0 0 3 -1 1 -1 0 0 -1 1 2 1 1 1 -1 1 -1 2 0 1 -1 0 2 0 -2 0 1 -2 -2 0 -2 -1 0 -1 2 1 0 0 0 0 0 1 1 -1 -2 0 0 1 -1 0 1 1 1 1 -3 0 -1 1 1 1 0 0 -1 2 2 -2 0 -1 -1 0 1 0 0 -2 0 1 1 0 1 0 -1 1 0 -1 2 0 0 -1 -1 1 -1 1 0 0 -1 0 -1 0 -1 -1 0 1 1 -1 0 1 -1 -1 -2 1 -3 -2 1 -1 2 -2 -2 -1 0 2 -2 1 0 -1 -1 -1 -1 -1 -3 2 0 -1 3 0 2 1 -1 0 1 0 0 1 0 0 -2 2 0 0 -1 -1 2 -1 1 1 -1 0 1 -1 0 -1 -2 -1 2 3 0 1 0 -3 0 2 0 0 -2 0 0 2 0 1 0 -1 0 1 0 0 1 -1 0 0 -2 -1 0 -1 0 0 0 -2 -1 -1 0 0 2 -1 0 -1 -1 1 0 0 -3 1 0 -2 0 1 0 0 -1 0 -2 1 0 0 1 -1 0 -1 1 0 2 1 1 -1 0 1 -1 1 0 -1 -1 0 -1 -1 -2 0 1
1 0 0 -1 0 1 0 1 -1 1 -1 -2 0 0 0 0 0 -1 1 2 -2 0 -2 1 0 1 0 1 0 -2 0 0 -1 0 1 1 -1 0 1 0 -1 3 0 -1 0 -2 1 1 -2 1 0 0 -2 0 0 1 -1 -1 -1 -1 1 -1 0 2 1 0 1 0 0 0 1 0 0 -1 1 0 -1 0 -2 0 -1 1 1 -1 0 1 -1 2 -1 1 3 -1 -1 1 -1 -1 0 0 -1 2 2 1 -1 -1 0 0 1 -1 -1 1 1 0 0 -1 0 -1 -1 1 1 -1 1 2 0 -2 1 1 0 0 0 0 0 1 1 0 0 2 -1 0 -2 -2 -1 0 -1 0 1 2 1 0 -1 1 0 -1 1 -1 1 0 0 0 -1 1 1 0 1 0 1 -2 1 0 0 -2 3 -3 -1 1 -1 0 0 2 -1 1 0 1 0 0 2 -2 -1 -1 0 0 1 1 1 1 1 1 0 0 1 -2 -1 -1 1 0 -1 0 1 0 -1 -1 0 -1 1 -1 2 2 0 2 0 0 2 -1 -1 -1 0 -1 0 1 0 0 0 -1 -1 -1 1 -1 0 1 0 1 0 0 1 0 2 0 0 -1 3 0 -1 -1 0 0 1 1 2 0 2 1 1 2 0 1 0 -1 -2 -1 -1 1 0 0 -2 2 1 0 2 -1 -1 3 2 1 -1 0 -1 0 2 0 2 1 1 -1 -1 1 -1 0 -1 0 1 -1 1 0 0 1 -1 -1 -1 -1 1 1 0 0 -2 0 1 -2 -1 0 0 1 0 1 0 -1 0 0 -1 1 0 1 -2 1 0 2 -1 -1 1 0 0 1 1 0 -3 -1 0 1 -2 1 1 -2 -2 1 2 -1 -1 2 -1 0 2 0 1 -1 0 -1 1 -1 2 0 -2 2 -2 0 2 0 0 -1 0 -1 0 1 0 0 1 -1 0 0 3 -1 0 0 -1 -1 -1 0 1 1 0 -1 0 2 1 -1 1 0 -1 0 0 3 2 1 -2 -1 0 1 0 1 2 0 2 1 -1 1 0 0 -1 2 0 1 -1 0 2 -2 0 1 -1 -2 -1 -1 1 0 0 0 -1 -1 1 0 0 0 0 2 -1 -1 2 0 0 1 0 0 0 -2 0 -1 1 2 -1 1 1 2 0 0 -1 1 -2 2 1 1 -1 -1 1 0 0 0 -2 0 -1 0 1 0 -2 2 0 -1 -1 -1 -1 0 2 0 0 0 0 1 -1 1 -2 0 0 1 -1 0 -2 0
0 -1 -2 1 -2 1 -1 -1 -3 2 2 0 0 1 -1 -1 1 0 -2 0 -1 -2 1 -1 -2 -1 -1 1 0 0 0 1 0 1 0 0 -1 0 -1 -1 -1 1 -1 0 -1 0 -1 -1 0 -1 -2 0 0 0 2 0 1 0 0 1 0 1 1 -1 -2 1 1 0 1 -1 -1 0 0 2 0 0 0 2 1 1 2 0 1 0 1 0 0 -1 -1 -1 -1 -1 0 1 0 0 0 0 -1 0 0 -1 0 1 0 0 1 0 1 -2 1 0 -1 3 2 0 -2 0 0 2 0 0 -2 0 2 0 -3 -1 1 1 0 0 0 -1 0 0 -1 -1 -1 -3 1 -1 0 0 0 2 1 2 1 1 0 -2 1 2 0 2 3 1 0 1 -2 -1 1 0 0 1 1 -1 2 0 0 -1 2 1 -1 1 1 0 0 1 -1 1 1 -1 0 -2 2 -3 1 0 -1 0 1 0 0 1 -1 1 1 2 -1 -2 1 -1 -1 0 -2 0 0 1 1 2 0 1 0 0 0 -1 1 -1 0 -3 -1 1 0 0 -1 -1 -1 2 1 -1 0 -1 -1 1 0 -1 0 1 1 1 1 -1 0 0 0 -1 1 -1 0 -1 0 1 0 0 2 -1 1 1 0 0 2 0 -1 -1 0 0 0 1 0 -2 -1 2 -2 0 -1 0 -1 1 0 -2 1 1 1 -1 0 0 1 0 1 -1 0 1 0 3 1 -1 2 0 -1 0 0 1 1 -1 -1 1 -2 -1 0 1 2 1 -1 -1 0 0 -1 0 -1 0 1 -1 0 0 -1 0 -2 1 -1 0 1 0 -1 2 1 -1 1 1 0 1 0 -1 0 2 1 -1 0 0 -1 1 0 0 0 1 -1 -2 1 -3 2 0 0 0 -1 -1 -1 0 0 0 1 1 -1 0 0 -1 0 0 0 2 0 -1 1 0 0 -1 0 1 -1 0 -1 1 1 1 0 -2 1 -2 1 -1 0 -1 1 0 0 0 -1 2 -1 0 -1 0 2 -1 -1 0 -2 -2 1 1 0 1 2 0 0 -1 0 -1 -1 0 -2 0 -1 1 -1 1 1 1 -3 -1 0 1 1 -1 -1 2 0 2 0 -1 0 -1 0 0 2 1 1 0 0 -1 -1 0 -1 -3 0 -1 1 1 1 -1 -2 0 1 0 -1 0 1 -1 0 1 -2 -1 -1 0 1 0 -1 2 -2 -1 -1 -1 -1 0 -1 -1 0 -1 -2 0 -1 2 0 -1 -2 1 1 -1 0 -1 -2 1
-2 2 2 2 -1 0 -2 -1 1 1 -1 1 0 1 1 2 -1 -3 0 1 1 0 0 1 0 -1 1 1 -1 2 1 -2 -1 -2 -1 0 2 2 0 -2 0 1 -2 1 0 0 0 0 1 -1 1 0 -1 1 1 1 -1 1 0 1 0 -1 2 0 -3 0 -2 -2 1 0 1 2 -1 -1 -1 0 0 1 0 1 1 -1 -2 0 0 0 -1 1 -1 1 0 -1 -1 1 -2 1 1 -1 0 -2 0 -1 -1 1 0 2 1 -1 1 0 -1 -1 0 1 1 0 -2 -1 0 0 1 -1 0 0 2 1 -1 2 1 1 0 0 -1 0 0 -1 0 -1 1 1 0 -2 -2 0 -2 0 0 -1 2 1 -1 -1 0 0 0 0 1 -1 0 0 -1 0 1 1 0 0 1 1 0 1 0 1 1 0 2 1 -1 -1 1 -2 -2 2 0 1 0 0 0 0 0 1 0 1 3 2 0 1 0 1 2 0 -1 0 0 0 0 0 -1 1 -1 0 1 0 0 -1 1 0 0 0 -2 0 -1 -2 -1 1 0 0 0 -1 2 -1 -1 1 0 0 0 -1 -1 0 -1 -1 0 1 0 -1 -1 2 -1 1 1 0 -1 1 -1 -1 -1 1 2 2 1 -1 -1 -1 -1 2 2 -2 0 0 -1 1 -2 1 -1 1 0 3 0 -1 0 -1 -1 0 2 -1 0 -2 -1 -1 1 0 0 1 -2 0 2 2 1 1 -1 -1 -1 0 0 0 0 0 -1 -1 0 -1 1 1 0 0 0 0 1 3 0 0 -1 -1 0 0 1 0 0 1 1 -1 0 -1 1 1 0 -2 -2 0 0 -2 2 0 1 -1 0 2 1 -2 -1 -1 -1 1 -2 1 -1 1 2 -1 0 0 2 -1 1 -1 2 1 2 1 -2 -1 0 0 1 0 1 1 3 -2 1 -1 1 -1 -1 0 0 -2 -1 1 1 0 -1 2 -1 -1 0 -1 -1 0 -2 -2 1 -1 0 0 1 0 -1 -1 -1 0 0 -1 0 -2 -1 1 1 1 0 0 2 -1 2 -1 1 0 1 2 2 0 0 -1 -2 0 -2 0 0 0 -1 -1 0 1 0 -1 -1 0 2 1 -1 1 1 1 -1 1 2 -1 0 -1 0 0 1 0 1 -2 -1 -1 -1 0 0 2 0 0 1 0 -1 0 0 -2 2 -1 -1 1 1 -1 0 1 1 -1 1 0 0 1 -1 2 2 0 0 1 -2 0 0 1 0 0 1 0 -1 1 2 1 -2 -1
0 -1 -1 3 -1 0 1 2 -1 -3 -1 1 1 -1 1 0 0 0 1 1 -1 0 -1 1 0 -1 -1 0 -1 -1 -1 0 0 -1 -2 2 -1 -2 0 1 1 -1 1 -2 -1 1 0 1 -1 1 0 -1 0 -1 0 0 -2 0 0 0 1 0 0 -1 0 -1 2 0 -1 0 -1 0 -2 1 0 0 0 0 1 0 0 2 -2 -2 -1 1 -2 0 0 -1 0 -1 2 -1 2 -1 -1 0 0 1 -1 1 -2 -2 0 0 0 -1 -1 0 2 -1 -1 1 1 -1 1 -2 2 1 0 0 -1 -1 0 0 0 0 -2 0 -1 1 -1 -1 -2 -1 -1 -2 1 0 1 0 -1 0 -1 0 -2 1 1 0 0 -1 2 0 1 1 -1 1 -1 0 0 -2 -1 1 0 0 1 -2 1 0 2 1 0 1 0 -1 -1 0 1 1 1 1 -2 0 2 -2 0 -2 -1 1 2 -1 1 1 -1 0 -1 0 2 1 0 -1 -1 -1 0 2 0 1 -1 -1 -1 0 2 0 1 -1 2 0 0 -1 1 1 0 0 -1 1 -1 -2 1 2 -1 1 0 0 -1 0 1 -1 0 0 1 -2 0 1 2 2 0 0 1 0 0 0 0 0 -1 -1 1 0 2 2 -1 0 2 1 -2 1 0 -2 0 1 -2 1 -1 0 0 1 -1 1 1 0 3 -1 1 1 1 1 -1 -1 -2 0 1 1 -2 0 -3 1 1 0 -1 -2 -1 2 0 0 1 0 1 -1 -1 2 -1 0 -1 1 2 0 0 1 2 -2 1 1 2 1 2 1 1 1 2 0 0 -1 0 0 3 -1 -1 -1 -1 1 -2 2 0 0 -1 0 0 -1 1 0 0 -1 1 -1 0 -1 -1 0 0 0 0 0 1 -1 0 0 1 0 0 -1 0 -1 0 0 1 0 0 0 -1 2 -1 1 -1 1 0 2 1 0 -3 -1 1 0 -1 -1 0 0 2 1 0 0 0 0 1 1 -1 -1 1 3 -1 0 0 0 1 1 0 1 -1 0 1 -1 0 -2 1 -1 0 -2 0 1 0 -2 0 1 -1 0 -1 1 0 -1 0 0 -1 1 1 -1 0 0 -1 -1 -1 -1 0 1 1 0 -1 3 -2 0 1 -1 0 1 0 -2 2 1 1 0 0 -2 -1 0 2 -1 0 0 0 1 1 1 -1 0 0 1 -1 -1 0 -2 2 0 0 -1 0 0 -2 -2 0 1 0 0 -1 -1 3 -1 -1 0 1 0 -1 0 1 -2
-1 1 -2 2 1 1 0 1 -1 2 0 0 1 -1 -1 2 -2 3 -2 0 0 1 2 2 1 0 -1 2 1 2 2 -1 0 1 0 0 0 -1 0 0 2 1 0 1 1 -1 0 -3 1 2 -1 1 0 -1 1 -1 0 -3 -1 0 0 -1 0 0 0 0 1 -1 0 1 -2 1 -1 1 -1 1 -2 0 -2 1 0 -1 -1 -1 -1 0 1 1 0 -1 0 -1 0 0 1 -1 -1 2 1 -1 0 0 0 -1 -1 0 0 1 -1 0 2 0 0 0 0 -1 -1 -1 2 -1 1 -2 1 0 2 -2 0 -2 0 0 -2 -1 0 1 1 0 0 1 -1 -3 1 -2 1 -1 -1 1 1 1 -1 -1 0 1 0 1 -1 1 2 0 -2 -1 2 0 1 -1 0 -1 1 2 0 -1 1 -1 0 -1 2 1 -2 0 2 0 1 -1 0 0 1 2 -1 0 -1 1 -1 -1 1 2 1 1 1 0 0 -1 1 0 0 0 0 0 0 -1 0 -2 0 0 -1 0 3 0 -1 0 0 -2 -2 0 -1 -1 0 0 1 2 -1 -1 0 -1 0 -1 0 0 -1 -2 -1 -1 -1 2 1 0 -1 -2 2 -2 1 1 -1 0 1 -1 0 1 0 0 1 -1 1 0 1 -1 0 -2 -1 -1 -2 0 0 0 1 0 0 2 -1 -1 -1 0 0 0 2 1 0 2 0 0 0 -1 -2 0 -1 1 1 0 0 -1 1 -2 2 1 1 1 -1 0 1 -1 -1 2 1 1 2 0 1 0 -1 1 0 0 1 2 1 -1 -1 -1 -2 1 -1 0 2 0 -2 1 1 -1 0 -2 -2 -1 0 0 -1 2 -1 1 0 2 2 0 0 0 0 0 0 2 -2 1 0 -2 1 2 0 -1 0 1 0 0 -1 1 2 -1 2 -1 1 1 0 -1 -1 0 0 0 -1 2 2 1 0 1 1 0 0 1 -1 0 0 0 1 1 0 1 -1 -1 1 2 1 1 0 -1 0 2 -1 0 0 -1 0 1 0 0 0 -1 1 0 1 0 0 -1 1 0 -2 1 1 0 -1 -1 1 2 0 -3 0 0 0 1 1 1 -1 0 0 1 -1 0 1 0 -2 0 0 -1 1 2 1 1 0 0 1 2 0 0 0 1 1 2 -1 0 1 0 -2 1 -1 -1 0 0 0 0 -1 0 -1 2 0 1 1 -1 -1 1 1 0 1 -1 1 0 -1 -1 0 0 2 1 -1 1 -3 -1 0 0 -1 -1
43 1 1 2 1 2 0 1 2 2 0 0 0 -1 0 -1 0 1 -1 0 1 1 -1 1 0 -1 -1 -1 0 2 1 -1 0 -1 0 0 0 0 1 -2 1 1 2 1 1 -1 2 -1 2 -1 2 1 1 -2 0 0 2 2 -1 1 -1 -1 0 -1 1 2 0 -1 -1 1 0 1 1 -1 0 1 -1 1 0 0 0 0 -2 -1 -1 0 -1 -1 0 -1 -1 -1 0 0 -1 3 0 0 0 1 -2 1 -2 1 0 2 0 -1 1 -2 1 -1 0 0 -1 1 1 0 -1 0 -3 0 0 2 2 -1 0 0 -1 1 0 0 0 -1 1 0 -1 0 0 -1 0 -1 -2 1 3 -1 0 -2 0 0 0 0 -1 0 -1 2 -1 -2 0 1 0 -1 1 0 0 0 1 2 0 0 1 -2 1 0 -2 0 2 0 0 1 0 -1 1 -2 0 -1 2 1 -1 -3 0 -1 -1 -1 -1 -1 0 0 1 -1 -1 0 0 1 3 1 -1 -1 1 -1 0 2 2 -2 -1 0 -1 0 0 1 1 1 -1 2 0 -1 0 2 -2 -1 -2 0 0 1 1 0 -2 -1 -2 0 -2 -1 0 -1 -1 1 2 -1 1 0 0 0 0 1 1 0 1 0 0 0 1 0 0 -2 -1 2 0 1 -2 0 -3 0 1 2 -1 -2 -1 1 0 -1 -1 0 0 1 1 0 0 0 1 -1 -1 -1 0 1 1 1 -1 0 -2 -1 1 -1 1 0 -1 1 -2 -1 0 -2 -1 1 0 -1 1 1 2 0 1 -2 -2 0 -3 -1 -1 1 0 0 0 1 0 0 1 1 0 0 -1 -1 2 0 0 -1 0 0 -1 1 0 1 -3 -1 1 0 -1 -1 -1 1 1 -1 -1 0 2 1 1 0 0 0 1 0 0 0 -2 0 -1 0 2 0 0 0 0 1 0 -2 -1 0 0 2 1 -2 0 1 0 1 2 1 0 0 0 -1 0 -3 1 -1 0 -1 1 1 1 2 -1 0 0 -1 -1 1 -2 2 0 0 2 0 1 -2 0 -1 0 -2 -1 1 1 1 -1 0 0 0 2 1 -2 0 1 2 -2 1 0 0 0 1 1 -2 0 -3 -1 1 1 1 0 -1 1 -1 0 0 0 -1 0 -1 -1 1 0 -1 0 0 -1 0 2 2 1 -1 0 1 1 1 -1 -1 0 -1 0 -1 0 -1 0 0 -2 1 0 0 0 2 0 0 0 0 1 1 1 -1 0 0 1 0 2 2 0 1 -1
104 0 0 1 0 1 -1 0 1 -1 0 0 1 -2 1 -1 1 0 1 -1 1 0 1 0 -1 -1 0 2 1 -1 0 -1 1 0 3 1 1 -1 0 0 -1 -1 -2 1 0 1 0 0 2 1 1 -1 0 0 -1 0 0 0 0 -2 1 -1 1 0 -1 -1 -1 1 0 1 0 0 -2 1 0 0 0 1 1 0 -1 -1 -1 -2 -1 1 -1 0 0 0 -1 -1 -1 0 -1 1 0 -1 0 0 0 1 0 -1 0 -2 -1 2 0 1 -1 0 0 -2 -1 -1 1 0 -1 -1 1 0 1 -1 2 0 0 2 0 -1 2 2 -1 1 0 1 0 1 -1 1 0 -1 0 0 1 1 1 0 3 0 0 -1 1 -1 1 -1 0 1 -2 1 1 0 0 1 1 2 2 1 0 2 2 -2 1 1 0 0 1 0 0 0 -1 -1 0 2 -1 -1 1 -2 0 -2 -2 0 1 1 1 1 -2 -1 1 3 -1 -1 2 -1 0 1 0 1 0 2 -3 1 -2 0 0 0 0 -2 -1 1 0 -1 0 -1 -1 2 -2 1 -1 0 -2 0 2 0 0 1 1 -1 2 1 1 -1 -2 0 -1 -1 0 -1 0 1 1 1 -1 2 1 0 0 1 -1 1 0 0 -1 1 -1 1 1 -1 1 0 -1 -1 0 0 0 0 -1 -1 -2 0 1 -2 1 -1 -2 -3 1 0 0 1 0 -2 1 -1 1 1 0 -3 2 1 0 1 -1 0 0 -1 0 1 0 1 1 1 0 1 0 -2 -1 -1 -1 0 0 0 -1 0 0 -2 1 1 0 0 -1 1 0 -1 -1 2 1 -2 0 -1 -2 1 0 -1 0 -1 0 2 1 -1 -1 0 0 0 1 1 -2 1 0 0 0 0 1 -1 -1 0 0 -1 -2 1 -1 1 0 -2 1 1 0 0 -1 1 0 -1 2 -1 0 -1 0 0 -1 2 -1 -1 0 -1 1 0 0 2 -1 1 -1 0 1 -1 0 2 -1 0 0 0 1 1 -1 -2 -2 1 1 1 -1 -1 1 2 1 -1 -2 0 -1 0 0 0 2 -1 0 0 -1 -1 1 1 1 2 0 0 0 -1 0 1 0 -1 -1 0 2 0 0 -2 2 2 -1 1 0 0 1 1 2 1 -1 0 2 -2 1 2 2 1 -3 1 0 2 0 -3 -2 1 -1 0 2 0 -1 1 0 0 0 -1 1 1 1 2 0 1 1 0 0 -1 -1 0 1 -1 -2 -1 0 -1 -1 -1 1 0 1
81 1 0 1 2 0 1 -1 1 0 0 1 1 1 0 0 -1 0 0 1 1 1 -1 2 0 2 -2 1 2 0 0 -1 0 1 -1 1 1 0 1 -1 1 -2 -2 0 -1 1 -1 -2 0 1 3 0 0 0 1 -1 0 1 -3 0 1 1 1 -1 -1 1 -1 0 0 3 0 -1 0 0 0 2 0 1 3 0 -1 -1 0 0 1 1 -1 0 -1 -1 0 0 -1 0 1 0 0 0 1 2 -2 1 -1 1 1 -1 0 -1 1 1 -1 0 1 0 -3 0 1 2 -1 2 0 0 1 -1 1 0 -1 1 1 1 0 -1 -2 1 0 -1 1 0 1 -1 -1 0 -1 0 2 1 0 0 1 -1 -1 0 0 1 0 2 -2 1 0 -1 2 -2 -1 1 0 1 -1 1 1 -1 0 0 -1 1 -1 -2 0 0 0 1 -1 0 -1 0 1 -2 0 -1 0 0 -2 2 0 0 0 -1 0 0 2 -2 -1 -1 1 1 -1 2 1 1 0 1 0 0 0 -1 1 -3 0 1 1 -1 -2 0 0 1 0 0 1 0 0 -1 0 -2 0 2 0 2 1 0 -1 1 0 0 0 0 0 2 2 1 1 -1 -1 0 1 0 1 -1 0 1 -1 0 2 1 -2 -1 -1 1 1 2 1 1 0 -1 -1 1 3 -2 -2 1 0 1 2 -2 -1 0 -1 2 1 0 -1 1 1 1 -2 -1 0 -1 1 1 0 1 2 0 -3 2 -1 0 -1 0 -1 0 -2 -2 0 -1 -1 0 -2 -1 1 1 -1 -1 -2 -1 1 -1 -1 -1 -1 0 0 1 -1 0 -1 1 -1 -2 2 0 1 -1 -1 2 -2 1 2 -1 1 -2 0 0 -1 0 0 -1 1 3 0 1 -1 1 0 -1 0 -1 0 2 -1 1 1 0 0 0 -2 -1 -1 2 -1 -1 0 1 -1 -2 0 1 -1 2 0 2 0 -1 -1 0 0 1 0 -1 0 1 0 0 0 1 1 1 0 0 0 0 -1 0 1 -1 0 2 -1 2 1 0 -1 2 -1 -1 0 -1 1 -1 1 0 1 1 -1 0 0 2 1 0 -1 0 0 0 -1 -2 -1 1 0 -2 -1 0 1 -1 0 1 0 -1 0 -1 0 2 0 0 1 0 -1 -1 -1 0 -1 -1 2 1 0 -1 1 -2 0 -1 0 0 -1 0 0 0 0 1 0 -1 0 0 1 1 1 0 -2 1 -1 0 -2 -1 2 0 -1 0 -1 0 0 1 1 1 -1 -1 1
8 0 -1 0 0 -2 0 0 -1 0 -1 0 -1 0 1 0 -2 1 0 -1 0 -2 1 -1 -1 0 0 0 1 -1 -1 0 0 0 0 -2 -1 -1 -3 1 1 0 -1 1 0 -1 1 -1 -1 -1 -1 1 0 0 -1 1 1 0 0 -1 0 1 0 1 -1 1 -1 1 1 0 0 -1 0 -1 1 2 0 0 1 0 0 0 1 1 -1 0 1 0 0 1 -1 0 2 0 -1 0 1 0 -1 -1 0 0 1 -1 0 -1 -1 0 0 -1 2 -1 0 -1 -1 1 -1 2 0 -1 0 -2 0 -1 -2 -1 0 0 0 1 1 -1 -2 2 0 0 -1 -1 2 -1 1 0 -1 0 -1 0 0 -1 1 1 0 1 1 2 0 0 2 1 1 -2 0 -1 0 1 -2 1 0 -2 -2 1 -1 0 1 -3 0 0 2 -1 0 0 -2 -1 -2 0 -1 -2 0 0 0 1 2 -2 0 -1 1 0 -1 1 0 0 -1 -1 1 1 1 0 -2 2 -1 0 0 2 2 1 1 0 1 1 0 0 0 1 1 1 0 0 1 -1 -1 2 -2 -1 -1 2 0 -1 1 1 1 2 0 -1 1 1 1 -1 -1 0 -1 0 0 -1 -1 2 1 1 1 0 -2 1 2 1 -3 0 -1 -1 0 0 1 1 1 -2 2 -2 0 0 -3 -1 0 0 0 1 -1 0 -2 -1 -2 -1 1 1 2 0 0 2 2 -1 -1 0 -3 1 0 0 0 -2 0 -2 0 0 -1 1 0 1 0 -1 1 0 0 -2 1 1 0 -2 0 0 0 0 1 -1 1 -1 2 1 -3 0 0 1 0 0 -2 -1 1 -2 0 -1 -1 0 0 0 1 1 0 1 0 -1 0 0 1 1 -2 -3 -1 -1 2 0 1 1 -1 2 0 0 2 1 -1 -1 -1 1 -3 0 1 -2 1 0 0 0 0 1 1 0 -1 -1 -1 1 3 -1 0 -1 1 0 0 0 -2 0 0 0 -2 0 -1 0 1 -1 1 -1 1 0 0 1 0 -1 -1 2 -1 0 1 1 1 0 -1 0 1 -1 -2 -1 -2 1 2 -1 2 0 -1 0 1 2 1 -1 2 -1 0 1 0 0 0 0 1 -1 -2 2 -1 2 1 0 1 1 0 0 0 0 -1 0 0 2 0 0 1 0 1 1 -1 -1 -1 1 0 1 1 0 0 0 -2 -1 -1 -1 3 1 -2 -2 0 -1 -1 -3 1 2 -1 0 1 -1 1 -1 1 1 0 0 0 -1 0
22 3 1 0 0 1 -1 -1 0 1 0 0 0 -1 0 -1 -1 -1 -1 1 2 0 0 -1 0 0 -1 1 0 -1 1 1 -1 1 -1 0 1 0 1 -1 0 -2 0 2 -1 0 -1 0 0 1 1 -1 1 -1 -1 2 2 0 0 -1 2 -1 2 -1 0 0 1 0 0 1 1 0 -1 -1 0 2 -1 -1 0 -1 1 -2 -1 0 -1 -1 0 1 -2 2 0 -1 0 -1 0 -1 0 2 -2 -1 -1 1 0 0 -1 2 -1 1 -2 0 -1 2 -2 0 3 0 -2 0 0 0 -2 2 -1 -1 1 0 1 -1 -1 1 -3 0 -1 0 1 -1 1 -1 1 1 -1 0 0 0 1 0 1 0 -1 1 3 1 -2 0 1 0 -1 -1 -1 0 0 1 -1 0 1 0 2 2 0 1 0 1 0 0 2 3 0 -1 -2 2 -1 0 0 1 0 -1 -2 1 1 0 1 0 -1 0 -1 2 1 3 1 2 1 -1 0 0 0 0 0 0 1 0 -1 1 0 0 -2 0 -2 1 0 2 -1 0 -1 -1 2 -1 0 0 0 -1 -1 -1 0 0 -2 0 0 0 2 0 1 -1 -1 1 1 0 -1 0 0 0 -1 1 -1 0 0 -2 0 1 0 2 -1 -1 0 1 1 1 -1 1 0 0 1 -1 1 -2 0 0 0 1 0 1 -1 1 1 0 -1 2 0 -1 1 0 0 2 -1 -1 -2 0 0 0 0 -1 1 -1 -1 -1 -1 3 0 0 1 1 1 -1 -1 -1 -1 0 -1 1 1 1 0 0 1 0 -2 3 -1 -3 1 0 -2 0 -1 -1 -1 0 2 0 0 -1 0 0 0 0 1 2 1 1 -1 0 0 -1 -1 0 -1 -2 0 0 1 0 1 1 -2 0 2 -1 0 2 0 0 0 -3 0 -1 0 1 -2 0 0 0 -1 0 -1 -1 0 -1 0 -1 0 0 -1 0 -2 1 1 -2 2 -1 -1 -1 0 0 0 0 -1 2 -2 1 0 0 -2 1 -1 0 0 0 -3 -2 0 -2 -1 1 -1 -2 -1 0 -1 -1 -1 0 1 1 2 0 1 -1 1 -1 0 -1 -1 0 0 -2 -1 0 0 -1 0 -1 -1 0 -1 -2 0 1 2 -1 -3 -1 0 -2 -1 1 1 -1 1 0 -2 -1 -1 -1 -1 1 1 1 -2 2 1 0 2 -1 0 0 2 1 0 1 -1 0 0 1 -1 0 1 -2 1 0 -2 -1 -1 1 1 1 -2 1 -1 -1 -2 -1 2 1 -1
67 -1 -1 2 -1 0 0 0 1 2 0 1 1 0 -1 -2 0 -2 -1 1 -1 -1 1 -1 0 -1 -2 2 2 2 -2 2 -3 2 0 1 1 -1 1 -1 0 0 1 0 0 1 0 0 1 0 2 0 0 1 -1 0 0 0 -1 0 0 -1 0 0 -2 -1 -2 0 -1 0 1 -3 0 0 0 0 1 0 3 0 0 -1 -1 -2 1 0 0 0 0 -1 -1 -1 -1 0 2 0 1 0 1 0 0 0 1 0 0 -1 1 0 0 2 1 -1 0 -1 1 2 -2 2 -1 1 1 0 -1 0 0 -1 1 -1 -1 0 1 -2 -1 -2 0 0 0 0 -1 -2 -1 1 0 0 1 0 -2 1 -1 2 1 -1 0 1 -1 1 -1 1 2 -1 0 -2 0 0 -2 1 0 1 0 -1 0 0 0 0 1 0 0 1 0 -1 2 0 1 0 -1 0 0 0 1 -1 -1 0 1 0 0 1 -2 1 0 0 -1 0 0 2 0 1 1 0 1 0 2 0 0 1 0 0 0 1 -1 2 0 -2 1 0 0 -1 -1 -1 0 -1 1 0 1 0 -1 0 3 1 1 -1 -1 2 0 0 0 2 -1 0 -1 -2 -1 0 1 0 0 2 1 2 0 -1 -1 -1 -1 0 0 0 0 -1 1 -1 -1 0 -1 -1 1 0 -1 1 0 0 0 -1 -1 1 0 1 1 0 0 3 1 0 0 0 1 0 1 0 1 -1 0 0 1 -2 1 1 2 1 0 -1 1 1 0 2 0 -1 -1 -2 -2 1 2 -1 0 -2 0 -1 0 0 -1 -2 -1 2 -2 -2 1 0 0 1 1 0 1 -1 1 1 0 0 0 1 0 1 -1 1 -1 0 -2 1 -3 1 1 -2 2 0 2 0 0 -2 2 1 1 1 -2 0 0 0 -1 2 0 -1 0 1 1 1 -2 -2 2 -1 0 -2 1 1 0 -2 0 1 -1 -1 -1 0 2 -3 1 1 -1 -1 -1 0 0 2 1 1 1 0 0 -1 1 2 -1 1 0 0 -1 2 0 1 0 1 -1 0 1 1 -2 -2 0 -2 0 3 -1 -1 -1 0 2 -1 -1 -2 0 0 1 -2 1 2 1 2 0 0 -1 1 -2 0 0 2 -1 0 2 -1 1 0 1 0 1 1 1 -1 3 -1 1 -1 1 -1 0 2 0 0 0 0 1 1 0 -1 0 2 -1 1 0 3 1 0 0 -1 0 0 1 0 -1 0 0 -1 0 2 -2 -1 0 -2 0
36 -3 2 1 0 1 1 2 1 0 -2 0 -1 -1 -2 0 -1 -1 -1 -1 0 2 -1 1 1 -2 2 2 2 0 0 1 0 2 0 -1 -1 -1 -1 -1 -2 -1 1 0 -1 0 1 -1 0 1 1 -1 0 1 -1 -1 0 -1 0 1 -1 0 -1 1 -2 -1 -2 1 0 -3 1 -1 -2 0 0 -1 0 -1 -1 -1 0 2 -1 -2 0 0 -1 0 -1 1 -1 -1 1 1 0 -1 0 0 -1 1 -2 0 1 1 -1 -2 0 -1 0 0 -1 1 -1 0 1 0 2 -2 -2 -1 0 0 0 0 0 0 0 0 0 1 0 0 -2 1 1 -2 0 1 1 0 0 2 1 -2 1 0 -1 1 0 1 -1 0 0 0 2 0 -2 0 0 -1 0 0 0 0 -2 -2 0 1 0 0 1 0 1 -1 0 1 -1 -1 -2 0 -1 1 0 1 0 0 1 -1 -1 -1 1 -2 0 -1 1 1 0 1 1 1 -1 -1 -2 1 0 -2 -1 0 0 1 -1 0 0 0 0 -1 -1 2 0 -1 0 -1 -2 0 2 -1 -2 2 1 0 -1 -1 2 0 2 0 1 0 -1 1 0 1 1 -1 1 0 3 -1 2 1 0 -2 0 -2 0 1 0 0 0 2 -2 -1 0 2 0 0 0 -1 1 0 1 0 1 -2 0 1 -2 0 1 0 -1 -1 0 0 -1 -1 -1 0 0 -1 0 -1 0 1 0 0 0 1 1 0 0 1 0 0 -1 2 0 0 1 -2 -1 3 3 0 0 -2 0 0 -1 -1 -2 1 0 0 -1 0 1 1 -1 1 1 -2 -2 1 1 0 -2 0 0 1 -1 -1 0 1 0 1 1 2 -1 -1 -1 1 3 2 3 1 1 1 -1 1 1 1 1 0 2 0 1 1 1 -1 0 0 1 1 2 0 1 1 0 1 -2 -1 0 -2 1 1 1 0 0 -1 0 -1 0 -1 -2 0 -1 0 1 -2 -1 1 2 0 0 0 -1 0 -1 -1 0 2 0 0 1 0 -1 0 -2 0 0 1 -1 -1 0 -2 -1 2 0 1 1 1 0 -1 -2 0 -2 1 1 1 1 1 1 1 0 2 1 0 0 -2 2 0 -2 0 1 0 -1 -1 1 -1 0 -1 1 1 0 -2 1 0 0 -2 -1 -1 0 -1 0 0 0 0 1 1 0 0 1 2 -1 1 1 1 1 2 0 0 1 0 1 -1 2 0 -1 0 -1 0 1 -1 1 1 -1 1 0 0 1 -2 -3
23 -1 1 -1 1 -1 0 0 1 -1 1 -2 -1 -2 0 -1 1 1 -3 1 1 1 -1 0 0 -1 -1 0 0 -1 -1 0 1 -1 -1 0 0 0 1 -1 0 -1 0 1 0 -1 1 1 0 -1 0 -2 -1 1 -1 0 0 -1 0 0 1 0 1 0 1 -1 0 1 2 -1 -1 0 -1 -1 1 -1 1 1 -2 -1 1 0 -1 0 2 -2 2 1 0 0 1 0 -1 0 3 -1 0 1 -1 1 -2 0 0 0 -1 -1 1 -1 0 0 1 2 -2 0 0 1 2 1 0 1 -1 0 1 0 0 0 0 0 -2 1 0 0 1 -1 0 -1 -1 -1 1 0 0 -2 0 1 0 0 0 2 0 1 -1 -1 -1 1 -1 -1 -2 -1 2 0 -1 1 1 0 -2 1 -1 1 0 -1 -1 0 1 0 0 -1 2 -1 0 0 -1 -1 -2 -2 1 0 0 0 0 1 0 0 1 -1 1 1 0 -1 1 1 -1 1 -1 0 1 -1 1 -3 -2 1 0 1 1 1 -1 0 -2 2 0 0 0 0 -2 0 -1 1 0 0 0 1 0 1 1 0 0 -1 -1 2 1 1 1 1 2 0 2 -1 2 -3 2 2 -1 -3 0 0 -1 2 0 2 1 0 1 -1 1 -1 0 1 0 -2 0 -1 -1 0 0 0 0 -1 -1 0 1 1 1 2 -2 0 0 -1 -1 0 0 0 0 2 1 0 0 -1 1 -1 -1 -1 1 0 -1 0 1 3 0 0 0 0 -1 2 -1 1 1 1 0 -2 1 -1 1 -2 0 1 -2 1 -1 0 0 -1 0 -2 -1 0 0 -1 -1 1 -1 -1 -1 0 0 1 1 0 -1 0 0 -1 0 1 -2 1 1 0 -2 -1 -1 2 0 1 -1 0 -1 -1 -1 0 -1 -2 0 -1 0 0 0 -1 -1 1 0 -1 -1 -2 1 0 -1 0 2 -3 0 0 -2 0 1 0 0 -1 -2 1 0 0 0 -1 1 1 -1 -1 0 1 -1 -1 0 -1 0 -1 1 -1 0 2 2 -1 -2 0 0 1 0 -3 2 0 1 -1 1 -3 -1 -1 0 -3 -2 -1 -1 -1 -1 0 2 -1 -2 1 1 -1 -1 0 -3 1 0 1 2 -1 1 -1 1 0 0 3 1 1 0 -1 0 0 0 -2 1 -1 1 -1 -2 0 -3 2 -2 1 2 0 -1 0 0 0 1 0 2 1 -1 1 1 0 1 0 1 0 0 1 2 -1 1 -1 1 2 0 1 0 1 0 1 -1
76 0 1 0 -2 0 -2 0 -2 -2 0 2 0 -1 0 -1 0 0 -1 0 1 0 -1 1 0 0 0 0 -2 0 1 2 2 0 -1 0 -1 0 -2 -1 1 0 -1 1 -2 -1 -3 -1 -1 2 -2 1 1 1 -1 0 -1 -1 1 2 2 0 1 3 0 1 0 1 1 -1 -1 -1 0 -2 0 3 -1 0 0 1 -2 -1 1 1 1 -1 1 0 2 1 1 -2 1 1 -1 0 0 -2 0 0 0 1 1 -1 -1 0 -1 0 0 0 1 1 0 -1 1 0 1 -1 0 0 3 0 1 -2 0 0 0 0 1 0 -1 -1 0 -1 1 -1 -3 -1 -1 0 0 -1 2 1 -1 -2 0 0 0 -1 1 0 -1 -1 1 0 1 0 2 1 0 -1 -1 1 -1 0 0 -1 0 1 1 -3 2 -1 -1 1 0 0 1 0 -1 -1 -1 -2 0 1 0 -1 2 1 0 -1 1 -2 1 -2 0 0 -2 0 0 0 -1 1 2 0 1 2 1 0 0 1 2 0 1 -1 0 0 -2 0 1 0 -2 0 0 -2 -1 -1 -1 0 0 -1 0 1 1 1 2 -2 -1 -1 1 1 0 -1 1 0 -1 -1 3 1 2 2 0 -1 0 -2 0 -1 0 0 -1 0 0 2 1 0 0 0 1 0 -2 2 -1 -2 0 -1 1 0 0 1 -1 1 0 0 0 0 0 1 0 -1 -2 -1 0 1 2 -1 -1 -1 3 1 0 0 0 1 0 -1 0 0 1 3 0 -1 0 0 2 3 0 -1 1 1 -3 1 -1 -2 0 3 -1 1 0 1 1 0 0 1 2 -1 -1 1 0 3 -2 0 1 0 0 0 0 0 -1 0 0 -1 0 -1 -2 1 -1 0 1 1 -1 0 0 1 -1 1 0 -2 0 0 1 1 0 2 -1 1 0 -2 0 0 -1 0 -1 1 -1 0 0 0 -1 0 1 1 2 3 1 -1 1 0 1 0 0 0 2 3 -1 0 0 1 0 -1 -1 1 1 1 -1 0 1 0 0 0 1 -1 -1 0 -1 1 0 1 1 1 0 0 -2 0 1 0 0 1 -1 0 2 0 0 -1 0 1 1 -2 -1 0 0 0 -1 0 0 0 0 -1 1 -1 0 1 0 -1 -1 -1 1 0 0 1 0 1 2 -2 -1 0 -1 1 1 1 0 0 -1 1 -1 1 -2 1 1 0 1 -1 1 0 2 -2 0 -1 -1 0 2 -1 -1 -1 0 -1 3 -2 1 0 1 -1 -2
60 -1 -1 1 1 0 -1 0 -1 -1 2 0 0 1 1 -1 -1 0 -1 1 2 0 2 -2 -1 -1 1 0 1 -2 -2 0 -1 -1 1 1 -2 1 1 -1 2 1 -1 0 0 -1 2 -2 0 -1 0 1 1 -1 0 -1 -1 -1 -2 0 0 1 -1 -1 1 -1 0 0 0 1 0 2 -1 0 0 1 0 -1 0 0 -1 2 2 0 2 1 0 -1 -1 1 0 1 0 0 0 1 1 0 0 0 0 0 -2 0 1 2 1 1 -1 -1 -3 1 2 0 0 -1 2 0 0 1 0 1 -1 2 -2 0 0 0 2 1 1 2 3 0 -1 1 1 0 0 1 0 1 0 0 -1 -1 0 -1 0 2 -1 1 0 1 -1 0 1 -1 0 1 1 -1 0 -2 0 -1 -1 -1 1 1 2 -1 1 1 -1 -1 -1 2 -1 1 1 -1 0 3 0 1 0 1 -1 0 0 1 0 -2 3 0 -2 -2 0 1 0 -2 0 -2 -2 -2 0 0 2 0 0 0 -1 1 0 0 -1 1 1 -2 1 0 1 1 -1 1 1 2 2 0 1 1 0 0 0 -1 0 1 1 -1 -1 1 -2 -1 -1 0 -1 2 -2 2 -1 0 1 -1 -1 -3 1 1 -1 -1 0 -1 0 -1 1 0 1 0 1 0 -1 -1 -1 2 0 -1 2 0 -2 0 -1 1 0 0 1 1 2 -1 0 1 1 1 0 0 -1 1 0 -1 0 0 -1 0 2 -2 -1 1 0 1 -1 1 0 0 0 -2 0 2 -1 1 -1 1 -1 2 -3 -1 2 -3 -1 0 -1 1 1 2 0 -1 1 0 1 1 -1 1 0 1 0 -1 0 0 2 0 0 0 1 1 1 0 2 -1 1 0 1 1 0 -1 1 1 0 0 1 0 -2 1 -1 1 1 3 1 -2 1 1 0 -2 -1 0 0 -1 2 1 2 -1 0 0 0 -1 -1 -1 0 0 1 1 1 0 0 0 -1 -1 1 -1 -1 0 0 2 -2 0 1 2 -1 1 0 1 -1 -1 2 1 0 -1 -1 -1 2 1 0 -1 0 2 1 1 0 -2 -1 -1 0 0 0 0 1 -1 -1 -1 1 0 0 -1 1 -1 1 -1 1 1 1 -1 -2 0 0 1 2 1 0 2 1 -1 -1 0 1 0 0 -2 1 0 -1 0 0 2 1 -1 -1 1 -2 2 1 -1 -1 1 0 0 0 -1 -1 0 -2 1 0 0 0 1 2 -1 1 3 0 0 1 0 0 -1 0
100 3 1 0 -1 -2 1 1 0 0 -1 -1 -2 2 0 1 1 1 -2 0 1 -1 0 -2 1 -1 1 -1 2 -2 0 -2 0 -2 -1 0 2 1 1 1 -3 -2 1 -1 0 -1 1 -1 1 0 0 1 -1 1 -2 -1 0 0 1 -1 -1 0 0 3 -2 -1 -1 0 -1 0 -1 2 0 -1 0 -2 -1 2 1 -1 1 -1 0 0 0 0 -1 -1 0 1 0 0 2 0 -1 -1 0 -2 -1 1 0 1 0 -1 2 -2 1 -1 -1 1 1 -1 1 -1 -2 0 -1 -1 1 1 -2 -2 0 1 -1 0 1 1 0 2 0 1 0 3 0 0 -1 -1 1 0 -1 -1 0 -2 -1 -1 0 -1 1 0 -1 0 0 0 0 0 -2 0 -1 0 1 -1 0 0 1 0 -1 0 0 -3 1 -1 0 0 2 0 0 -1 1 0 -1 -1 0 -1 0 0 0 1 -1 1 1 -2 0 0 1 2 1 0 -1 2 -2 0 -1 0 0 2 1 0 1 -1 0 0 -1 1 -2 0 1 -2 -1 -1 -1 1 -1 1 0 1 -2 0 1 0 -2 -1 1 -2 2 1 0 -1 -1 0 1 -1 -1 1 1 0 1 1 -1 -2 0 0 1 1 1 1 0 -2 1 -1 -1 0 1 0 -2 0 2 0 0 1 -1 -2 2 -1 1 -2 -1 0 -1 1 -1 0 1 1 -1 -1 0 -1 -2 1 0 0 1 0 -1 1 1 1 0 -1 0 -1 -1 0 0 1 0 0 -1 -2 1 1 0 1 -2 -1 0 2 1 -1 0 0 0 0 -1 0 0 0 -3 0 0 -1 0 2 0 -1 -1 -1 0 1 0 0 1 1 0 0 1 1 0 0 1 1 -1 -1 0 0 0 -1 -1 0 -1 0 1 1 -1 2 -1 -1 -1 -1 1 0 0 2 1 -1 -2 1 1 -2 0 1 1 0 0 0 0 0 -1 -2 0 1 0 0 0 0 1 0 0 -2 -1 0 -2 0 0 -1 0 -1 -1 -1 -1 0 -1 0 0 0 -1 2 1 -2 1 1 -1 2 0 0 2 0 0 1 3 -1 -1 2 -1 -2 -1 2 2 2 2 0 1 2 0 0 -1 -1 -2 -1 0 -2 3 0 0 1 0 0 -1 1 0 2 0 -2 -1 2 1 0 1 -2 0 0 1 -2 -1 0 0 1 1 1 1 0 3 0 1 2 0 3 -1 -1 0 -1 1 -1 2 0 0 -2 1 1 0 0 -1 -1 0 0 1 -1 0 0 1 0 0
120 0 0 -1 0 1 0 0 2 1 1 0 0 -1 1 0 0 -1 0 -1 0 -2 -1 0 1 1 -1 0 -1 0 0 0 0 -1 0 1 1 -1 0 0 0 0 -1 1 -2 0 -3 2 2 0 0 1 -1 0 1 1 -1 2 -2 1 -2 1 -2 -1 0 0 0 1 1 3 0 1 0 0 1 1 0 2 -1 3 0 0 -1 -1 0 2 -1 -1 1 -1 1 -2 -2 0 0 -1 0 0 0 0 -1 0 0 0 0 1 -1 0 1 -1 -1 1 1 -2 0 0 0 1 3 -1 1 -1 0 -1 2 1 -1 -1 1 -1 0 -1 0 -3 -1 1 0 -1 0 0 1 1 -1 1 -1 0 -2 -2 1 0 0 1 1 1 0 1 1 0 -1 -1 3 -1 -1 0 0 0 1 0 0 0 -2 -2 0 1 0 0 1 0 2 1 -1 0 0 2 -1 -1 0 0 -1 2 -1 0 0 0 1 1 -1 0 1 -2 0 0 0 -1 0 -1 0 1 0 2 0 -1 1 0 1 0 -1 -1 1 0 1 0 -1 1 -1 1 -1 1 -3 0 1 2 0 0 -1 1 1 0 1 1 0 0 0 0 0 0 -2 -2 0 0 -1 1 0 1 2 0 -2 -2 1 -1 0 1 0 0 1 0 -2 -1 1 2 0 -1 0 1 -1 -1 -1 -1 -2 0 -1 1 0 0 -1 -1 2 1 -1 1 0 -1 2 2 0 0 1 -1 2 1 0 1 1 0 1 -1 0 -2 -1 1 -1 0 -1 -1 -1 1 -2 -1 0 -1 1 -2 1 0 2 -1 3 0 0 -1 1 -1 0 2 2 -1 -1 0 1 0 1 0 0 0 2 0 2 1 1 -2 0 -2 -2 0 0 1 -1 1 -1 -1 2 0 -1 0 -2 0 0 0 -1 0 1 0 1 -1 1 0 2 1 -2 -2 2 1 1 0 1 -1 0 0 -1 -2 1 -3 -1 -1 0 0 0 -1 0 1 0 0 -1 0 0 -1 0 -1 -1 1 -2 0 0 -1 1 1 1 1 0 -1 -1 0 -1 1 0 -1 -3 -2 1 0 2 -2 -1 -2 1 0 0 -1 -1 -1 2 1 -1 -2 0 2 -1 2 -1 2 0 -1 0 1 0 -1 2 2 1 -3 0 0 0 1 0 -2 -1 -1 0 0 1 -1 0 1 -1 1 1 -1 0 1 0 0 -1 0 -1 -1 0 0 -1 -1 -1 0 1 0 0 2 0 0 -1 -1 1 0 0 -2 1 2 -2 0 1 0 -2 0 0
80 -1 0 2 1 -1 0 1 1 -1 1 -1 -1 0 -2 0 -1 0 -1 -1 0 -1 0 0 -1 1 -1 -1 0 0 0 0 -2 -1 0 0 -2 -1 0 -1 -1 0 0 -1 2 -3 1 0 1 -1 1 -1 -1 1 -2 0 1 0 0 0 -3 1 0 -2 1 0 0 -1 1 -1 -1 0 1 1 1 0 1 0 1 0 0 1 -2 0 -2 0 0 0 -1 -2 1 1 1 3 0 1 -1 0 -2 0 0 0 0 -1 0 -1 1 0 -1 0 0 0 1 -1 0 1 0 2 -1 -2 -2 0 0 0 1 1 0 1 -1 1 -1 0 -1 0 1 -1 1 -1 0 0 -1 1 0 1 -1 1 1 0 -2 1 -1 1 -3 -2 1 1 1 -2 0 0 -3 0 -1 -1 0 0 -1 -1 -2 -1 0 -1 1 1 -1 1 0 0 -2 -1 1 -1 -1 -2 0 1 0 1 -2 -1 -1 1 0 1 0 -1 -2 0 -1 1 -1 1 -1 1 1 -2 -1 0 0 2 1 1 1 1 -2 0 -1 -1 -2 -1 -1 1 0 0 1 2 0 0 0 -1 0 -1 1 -1 1 -1 -2 -1 -1 -1 1 1 -1 0 0 2 0 0 1 1 0 -1 0 0 1 1 1 1 1 1 1 1 1 -1 2 -1 2 0 0 -1 2 -1 1 1 1 0 -1 -1 0 0 0 2 0 1 2 0 -2 1 -2 0 1 0 1 0 1 0 1 -1 -2 1 -1 1 1 0 2 0 0 1 -1 -3 1 0 1 0 -1 0 1 -1 1 2 1 0 -3 1 1 -1 0 -1 0 -3 -2 0 -2 1 0 0 1 -1 0 -1 -1 -1 0 -1 1 1 0 1 -1 -1 0 1 1 -2 0 -2 -2 1 -1 2 0 1 0 1 2 -1 1 0 2 0 -3 1 -2 -1 -1 0 0 0 1 0 2 -1 0 1 0 -2 0 -1 0 -1 -1 1 0 0 -1 -2 -1 0 1 -1 0 -1 1 1 -1 -2 0 -1 1 0 -1 1 2 1 0 0 0 1 0 -2 1 2 1 1 1 -2 1 1 2 -2 -1 -2 0 0 0 -3 -1 0 0 0 -1 0 1 -1 1 1 -1 -1 0 0 0 1 0 -1 0 -1 0 1 -1 1 2 2 1 0 -1 0 3 -1 1 -1 0 1 -1 -1 -2 0 -3 1 -1 -1 0 0 0 0 2 1 0 -1 0 0 -1 0 1 0 1 2 0 0 0 2 -1 -1 -1 0 1 2 0 -1 0 0 0 0 1
3 -1 1 0 0 0 -1 -1 -1 0 0 0 1 -1 -2 1 -1 1 0 0 -2 0 0 1 2 0 -1 -1 -1 1 1 1 -1 0 -1 1 1 0 0 -1 -1 1 1 1 1 0 -1 1 0 0 0 -1 1 -1 -1 1 1 2 0 0 1 -1 -2 -1 -1 0 0 1 1 0 0 1 2 1 0 1 0 0 -1 1 2 0 1 1 -1 3 -1 0 -1 -1 1 0 -1 -2 1 0 2 0 1 0 0 2 0 0 -2 2 0 0 1 -1 0 1 0 1 0 0 1 0 -1 -1 0 0 0 -1 2 2 -1 0 -1 -1 1 1 -1 -1 -1 -1 1 1 0 2 1 1 1 0 0 -1 -2 0 -1 -1 0 0 -1 0 0 -1 -2 -1 1 0 2 1 0 -1 0 -2 0 0 -1 -1 1 0 -1 0 -1 2 0 0 0 1 0 1 -1 0 0 0 0 -1 -1 0 1 0 -2 1 0 -1 -1 0 0 0 -1 1 2 0 0 0 0 0 1 0 -2 -1 1 -1 0 0 1 -2 -1 0 -1 0 -2 2 0 -1 0 1 -1 -2 -2 2 -1 0 1 1 -1 -3 0 3 -2 -1 2 -2 0 0 1 1 1 0 0 1 1 -1 -1 0 0 0 0 2 -2 0 0 0 -1 0 -2 0 0 2 0 1 -2 2 -1 -1 -2 -2 -1 -2 1 0 -1 1 -2 -1 1 1 0 0 0 -1 2 0 0 2 1 2 1 0 2 1 -1 1 1 -1 -2 -1 0 -1 1 1 -1 0 -1 -1 0 1 -1 1 0 0 -1 1 -2 0 -2 1 0 1 0 0 -1 1 1 -1 0 1 -1 1 1 -1 -2 -2 -1 -1 3 1 2 -1 -1 -1 0 0 1 1 2 0 0 -1 -1 -2 -1 -1 1 0 -1 0 0 1 0 0 0 0 1 2 2 2 0 -2 -1 0 -1 -1 1 1 0 -1 3 1 1 -1 -1 1 -1 0 0 -1 0 -2 1 2 -1 -2 -1 0 -1 0 -1 1 -1 -1 0 -1 -1 3 0 -1 -2 0 0 -1 0 0 0 -1 -1 -1 0 -1 3 1 2 -1 -2 0 -2 -2 0 0 0 0 -2 -1 2 2 -1 -1 -1 0 0 2 0 -1 0 0 0 -1 0 2 3 0 0 0 -1 0 0 -1 1 -1 -1 1 1 1 2 -2 0 0 0 -1 1 0 -2 1 1 1 -1 -2 1 0 1 0 -1 0 0 1 1 0 1 0 -1 -1 -1 0 1 1 -2 1 0 1 -1 -2 1
58 -1 -1 -1 -1 0 0 -1 2 1 2 2 -2 2 0 0 0 0 1 0 0 0 1 1 2 1 1 0 0 1 0 1 0 1 -3 2 0 1 -2 0 -1 0 0 2 -2 0 0 0 0 2 2 1 1 2 0 1 0 1 0 2 1 1 1 -1 0 0 1 -1 0 -1 -1 0 0 0 1 -1 -1 -2 0 -1 0 3 1 0 2 0 2 0 -1 0 -1 0 -1 -1 -1 1 0 -1 -1 -1 1 -1 2 -1 -1 1 -1 0 -1 -1 0 0 -1 -2 1 -1 -2 -1 -1 -1 1 1 1 -1 0 0 0 -1 0 -1 -1 -3 0 -1 1 1 -1 0 -1 -3 2 -1 1 -1 1 0 0 -3 0 1 0 0 0 -1 0 0 -1 0 -2 0 -1 1 2 0 -1 -1 0 0 0 -2 -2 -2 0 0 0 0 -1 2 1 -1 -2 1 -1 0 0 0 1 0 0 1 0 -1 2 -2 1 -2 0 0 1 -2 2 -1 -1 1 0 0 -1 1 -1 -1 1 0 3 0 1 0 -1 1 1 -1 0 0 -1 1 -1 1 0 0 1 -2 1 0 0 0 0 0 0 -2 -1 -1 1 1 1 0 1 1 0 1 1 0 -1 0 0 0 0 -3 0 0 -1 0 -1 -1 3 0 -1 -1 1 -2 2 0 2 1 0 0 2 -1 -1 0 0 0 0 1 1 2 2 -1 -2 2 1 -1 1 0 -2 -2 0 1 0 0 0 0 0 1 1 -2 2 0 -1 0 1 2 0 -1 0 0 -3 -1 -2 1 0 0 1 0 1 1 -1 -1 2 1 0 -1 0 -1 0 1 1 0 -2 1 0 1 1 -1 0 0 3 0 0 -1 0 1 1 0 0 1 -1 0 1 1 0 1 2 0 -2 0 1 0 -1 0 0 0 0 0 1 0 0 -1 -1 1 -1 0 -1 -1 0 1 1 1 1 1 -1 1 2 -1 1 -2 1 0 0 1 2 -2 2 -1 0 -1 0 -1 0 1 0 -1 -2 0 0 -1 1 0 0 1 -2 -1 -2 1 0 -1 1 0 -1 2 0 0 -2 -1 0 0 -1 1 1 -1 -1 1 1 0 0 2 0 0 1 -1 -1 1 2 0 -3 0 -1 0 0 1 -1 1 1 -2 1 -1 1 -1 0 1 2 -1 0 -1 1 1 1 3 0 0 1 1 0 -1 0 -1 1 -1 -2 0 1 -1 0 1 -2 -1 -2 0 2 -1 -1 1 0 2 -1 -1 0 -2 -2 1 1 -1 0 0 0
3 -1 1 1 1 0 1 1 0 -1 1 0 1 1 -2 2 -2 0 -1 -1 -1 -1 -2 1 1 -1 0 -2 0 0 2 1 1 -1 0 1 0 0 -1 -1 -1 1 1 1 0 1 -1 1 -1 -1 -1 0 2 0 0 1 0 2 0 -1 0 1 -2 0 -1 1 0 1 0 1 1 2 2 -1 0 0 -2 0 0 1 2 0 1 -1 -1 1 -1 0 -1 0 0 1 0 0 2 1 2 -1 2 1 0 1 -1 1 0 1 0 1 1 -1 -1 2 0 1 1 1 0 0 -1 0 2 0 1 -1 1 2 -1 1 0 0 0 1 0 -2 -1 0 1 -1 -1 2 1 1 2 1 0 -2 -1 0 -1 0 1 0 -1 1 0 0 0 0 1 0 1 1 0 0 0 -1 0 0 -2 -1 1 0 -1 0 0 0 -1 2 1 2 -1 -1 -1 0 1 1 2 1 0 0 -1 1 -1 3 0 -1 -1 0 1 0 0 1 1 1 1 0 0 2 1 0 -1 -2 2 0 1 1 1 -1 0 -1 -1 0 -1 1 0 -1 -1 0 -2 0 0 2 0 -1 0 0 -1 -3 0 1 -2 -2 0 0 0 0 0 0 1 0 1 1 0 0 0 0 0 1 0 0 -3 0 0 0 -1 0 -3 1 -1 1 -1 2 -2 0 -1 -2 -3 -3 -1 -2 0 1 0 1 -1 -1 1 1 -1 1 0 0 1 -1 1 2 1 1 1 -1 0 0 -1 1 1 -1 -1 0 0 1 1 -1 0 0 -1 0 1 0 -1 1 -2 0 0 2 -1 0 -1 0 0 1 1 0 0 1 1 -2 -1 1 -1 0 0 0 -2 -1 -1 0 2 2 2 0 -2 0 -1 -1 0 1 1 0 0 1 -1 0 -1 -3 0 -1 -1 1 1 -2 0 -1 0 1 1 2 2 1 0 -2 -1 1 2 0 2 1 -1 -1 2 -1 1 0 -1 1 -1 1 -1 -1 1 -2 0 2 -1 -2 -1 0 -1 0 -1 1 -1 -2 0 0 -1 1 0 -2 0 -1 0 0 0 -1 0 0 1 -1 2 0 1 0 2 -1 -1 -1 -2 -2 1 1 0 1 -1 -2 1 2 0 0 -1 0 0 0 1 0 0 0 0 0 1 2 2 1 1 0 1 -2 -2 1 2 -1 -2 1 1 1 0 -1 0 -1 1 0 1 0 -1 1 1 0 -1 0 0 1 -2 -1 -2 -1 0 0 0 1 0 0 -1 -1 0 2 0 2 -1 -1 0 1 0 -1 2
21 -2 0 0 1 0 -1 1 1 1 2 1 -1 0 -1 2 1 0 -1 -2 1 -1 1 1 2 1 -1 1 1 0 0 1 1 0 0 0 -1 -1 0 0 0 -2 0 2 -1 -1 -1 0 -1 -1 -1 0 -1 -1 -1 1 2 -1 -2 0 -1 1 -1 2 -1 1 -1 0 1 2 -1 0 0 0 2 -2 2 1 0 -1 -2 0 1 -1 0 -1 -2 -1 -1 0 -1 1 -2 -1 0 2 2 0 -2 1 0 0 -2 -1 -1 1 1 0 -1 -1 0 0 0 0 1 0 1 0 1 1 1 0 0 0 2 1 1 1 0 0 1 -1 0 -1 1 -1 0 -1 0 0 -1 0 0 3 -2 2 0 -2 0 0 -1 0 -1 -1 -1 1 1 0 1 2 0 1 1 0 -1 0 0 -1 -2 -1 -1 1 -1 0 0 -1 0 0 0 1 -1 1 0 -2 0 0 -1 -1 0 0 -1 -1 -1 -2 1 1 1 0 1 -2 -1 -2 -2 1 2 -1 0 1 1 -2 0 0 1 0 0 0 1 1 0 2 -1 0 0 0 1 0 0 -2 1 0 1 0 -1 2 -2 0 0 0 -2 -1 1 0 2 2 -2 0 -2 -1 0 1 0 -2 0 1 0 1 1 0 1 -1 -3 0 -2 2 -1 1 -2 -1 -1 0 0 0 0 2 1 -2 1 1 -1 -3 -1 1 -2 2 -1 -1 3 2 2 -2 0 0 -1 -1 -1 3 -1 1 -1 0 -1 -1 2 -1 0 0 -1 0 1 -1 1 0 1 0 1 0 0 1 0 0 -2 0 -2 1 1 0 1 0 0 1 1 -1 0 -1 0 -1 0 1 0 -2 -1 0 0 -1 1 -1 2 1 -2 0 -1 -1 -1 0 1 -2 1 0 0 2 0 0 -1 0 0 0 0 -1 1 -1 -1 0 -2 0 0 1 3 0 2 1 0 1 1 0 -1 -1 -1 0 1 -1 0 -2 0 -1 -1 -1 -1 1 2 0 -1 1 -1 2 -1 0 0 1 -1 -2 1 0 2 1 1 0 -1 1 -1 -1 1 1 0 0 0 0 0 1 1 -1 1 0 -1 0 0 1 0 -1 0 -1 0 -1 -1 2 1 -2 2 0 0 -1 0 0 1 0 0 0 -1 1 -1 0 0 1 0 1 0 -2 -1 1 1 0 1 0 0 1 -2 1 0 -2 1 1 0 -1 -1 -2 -1 1 -1 1 1 1 -2 0 1 -1 1 0 0 0 -1 -2 -1 1 -2 2 0 0 1 -1 -2 -1 1 0 2
64 1 0 1 1 1 2 2 -3 -1 -1 0 0 -1 1 2 -2 0 0 -1 0 0 0 -1 -1 -1 -1 1 0 1 2 -1 0 0 1 0 0 -2 0 0 0 -1 -1 2 1 1 1 0 -1 1 -1 0 1 1 0 -1 1 1 -3 1 0 0 0 1 1 1 -1 0 0 1 0 -2 0 -2 1 -1 0 0 1 -1 0 -2 -1 0 -1 -1 -2 0 0 0 -2 0 -2 1 0 1 1 -1 -1 0 0 3 -1 0 0 2 0 1 1 -2 -1 0 0 -1 -1 -1 -1 -1 1 1 1 -3 2 0 0 1 0 -1 0 0 -2 -2 0 -1 0 0 1 0 -1 0 -1 0 1 0 1 1 -1 0 0 0 1 1 0 0 -1 0 -1 -1 1 -1 -1 2 1 0 1 0 -2 1 1 1 2 1 -1 0 -1 -2 0 0 -1 1 -1 1 0 0 0 -1 3 -2 -1 1 1 0 -1 0 -2 0 -1 0 -1 2 0 0 -1 -1 1 0 1 0 2 0 -1 -1 0 -1 -1 1 -3 -1 0 1 1 1 3 -1 0 0 -1 1 -1 -1 -1 1 -1 0 0 0 0 0 -1 -1 0 -1 -1 0 1 0 -1 0 0 0 0 0 0 0 0 0 -3 -1 0 0 -1 -1 1 2 -1 0 0 -2 1 -2 0 0 0 -1 -2 0 2 1 0 -1 -1 0 1 0 1 -1 1 0 -1 0 2 0 1 1 -1 -1 0 0 0 0 1 1 0 0 0 -1 -2 1 -1 0 -1 1 0 -1 1 -2 2 0 0 -1 0 -2 0 -1 0 0 2 -1 0 0 1 -1 1 0 -1 -1 1 1 2 2 2 -1 -1 -1 0 0 2 1 0 2 -2 -1 0 1 0 0 1 0 -2 -1 -1 0 0 0 1 2 0 -1 1 0 2 1 0 -1 -1 1 0 0 0 1 2 1 -2 0 0 0 -3 0 -3 0 -1 -1 1 0 -2 -2 1 1 -2 0 2 -1 -1 0 2 0 1 0 0 0 0 0 0 -1 0 0 1 -1 0 1 0 -1 0 1 2 0 -1 0 1 2 1 1 -2 0 -2 -1 -1 1 0 0 0 -1 1 -2 0 0 1 1 -2 -1 1 -2 1 -1 -2 -1 2 -1 2 -2 0 -1 1 0 1 1 1 1 -1 -1 1 1 1 -1 0 -1 2 1 2 2 -1 2 -1 1 -1 -1 1 -1 0 -2 1 0 1 0 0 0 2 0 1 -1 0 0 0 1 0 -3 1 -1 -1 -1 1 1 0
35 1 0 2 1 0 0 0 1 1 -1 0 -1 1 -1 1 -1 0 3 0 1 0 -1 0 2 -1 1 1 0 1 0 1 0 -1 2 0 -1 1 0 0 2 0 1 1 -1 0 -1 0 1 -1 0 0 0 -2 -1 0 1 -1 2 0 1 -1 -1 -1 0 -1 1 -3 1 2 1 0 1 0 0 -2 0 1 -2 -1 1 -1 -1 1 2 -1 -1 1 2 2 0 1 -1 1 0 1 0 0 1 1 -1 -1 0 0 -1 -1 -1 -1 1 -2 1 0 -1 -1 1 0 2 0 -3 1 0 -1 -1 1 1 -1 -3 -2 0 1 0 -1 0 0 1 1 -1 0 1 0 0 -2 0 1 1 0 2 0 1 1 -1 1 0 0 0 1 0 0 0 2 1 -1 3 3 0 0 0 1 0 0 -1 2 -1 0 1 1 -1 0 1 1 -1 1 2 0 2 -1 -1 -1 -1 1 -1 0 1 -1 1 0 0 -1 2 -1 1 1 0 2 1 -2 -1 -1 -1 0 3 1 0 -1 1 0 1 1 0 0 -1 -1 0 -2 -1 1 -1 -1 1 1 0 1 0 -1 1 0 0 1 0 0 -2 -1 2 0 0 -1 1 -2 1 1 0 -1 0 0 0 -1 2 1 -1 0 1 -2 0 -1 -1 0 0 -2 -3 -1 1 0 0 0 1 1 0 -1 0 1 0 2 0 0 -1 -1 0 -1 1 -2 0 0 -2 1 -2 1 0 0 -1 1 -1 -2 0 -1 0 0 -1 1 0 2 -1 0 1 1 1 2 1 -1 2 1 -1 1 -1 -1 -1 1 0 1 0 1 1 0 0 0 1 -1 1 0 -1 0 0 1 -1 0 -2 1 -1 1 0 1 -1 0 1 0 2 -1 -1 0 0 1 0 -2 -1 1 1 -1 -1 1 1 0 0 0 0 0 -1 0 -1 0 2 1 -1 1 -1 1 0 0 -3 -1 -2 0 -1 1 0 0 0 0 -1 0 0 -1 -2 1 -2 0 0 0 -1 3 -2 1 2 1 1 1 0 0 0 0 2 0 0 1 0 0 0 0 2 0 0 0 0 2 -1 -1 0 2 1 -1 -1 2 1 2 2 2 0 1 0 0 1 0 1 1 -1 -1 0 0 0 0 -1 0 1 0 1 -2 1 -1 1 2 1 1 -1 -1 0 2 -1 0 -1 -1 0 0 -1 -1 -1 0 1 0 -1 0 -1 2 -1 -1 1 -2 -1 1 2 0 0 0 2 1 0 1 0 0 -2 0 -2 0 -1 0 0
27 3 1 -1 -1 -1 0 -3 0 2 1 0 1 2 -1 1 1 -1 -1 -1 0 0 1 1 0 1 -2 1 3 -2 1 0 0 -1 1 1 -1 0 2 0 -3 0 -2 0 0 1 -1 0 1 1 -1 1 1 0 0 1 0 0 0 2 0 0 -2 -1 -1 0 -1 1 -1 -1 1 -2 -1 1 -1 1 0 1 -1 3 0 2 1 0 0 -1 0 1 0 0 3 0 1 -1 0 -2 -2 1 -1 -1 0 0 0 2 -1 0 0 0 1 0 -1 0 0 1 1 -1 0 -2 -1 -2 1 1 2 -3 1 1 1 0 0 -2 -2 -1 0 1 1 1 -2 -1 0 0 -2 -2 0 -1 0 -1 -1 0 0 2 0 -1 -1 0 1 2 0 0 1 -2 1 -1 1 -2 -1 -1 1 1 1 -1 2 1 -1 0 0 1 -1 1 0 0 0 -1 0 1 -1 -1 1 0 0 1 -2 -1 -2 1 0 0 1 1 0 -1 1 1 -1 -1 0 1 -1 1 -1 -1 -2 0 -1 -2 0 -1 -1 1 -1 0 1 1 -2 1 0 1 0 2 0 1 1 -1 -1 0 2 1 0 1 1 0 0 2 0 1 -1 -2 -1 0 -2 2 1 -1 1 1 2 -2 1 0 0 2 -1 0 0 2 -2 0 1 1 1 0 -1 -1 0 0 -1 -1 -1 -1 0 0 0 1 -2 1 0 1 -1 0 1 0 -2 0 1 1 0 0 2 0 -1 1 1 -2 0 0 0 1 1 1 0 -3 1 -1 -1 -1 0 -1 2 -1 0 -1 1 -1 2 0 1 -1 1 -1 0 0 -1 -2 -2 0 1 0 1 0 -2 1 0 0 0 1 0 0 1 -1 0 -1 0 -2 0 1 -1 -1 -1 0 1 0 0 0 -1 -1 0 0 0 0 -1 -1 1 -2 -1 0 0 0 2 0 -1 1 0 0 -2 1 0 -1 0 -2 1 -1 1 -1 1 0 2 0 0 -1 0 0 0 -1 0 1 0 0 -1 -1 2 0 -3 3 -1 0 -1 -1 -1 1 1 1 0 1 0 -1 0 -1 -1 0 0 0 2 -2 0 1 -1 1 -1 -2 1 0 -1 0 -1 -3 0 0 1 -1 -1 1 1 0 0 2 0 -1 2 0 0 0 -1 0 -1 0 -1 -1 0 1 0 -2 -1 -1 1 0 0 0 -1 0 -2 -2 0 0 1 2 2 -2 0 -1 0 -1 -1 2 -1 2 -1 1 1 0 0 0 -1 -1 0 -1 0 2 -1 1 1 1 1 -1 0
122 2 -1 0 1 0 1 0 0 -2 0 1 -2 -1 2 -1 1 1 1 -1 -1 -1 1 -2 -1 0 0 -1 -1 0 0 -1 1 -1 0 -1 1 2 2 0 -2 1 -2 -1 0 1 -1 0 1 -1 -1 -1 1 0 1 0 -2 -1 -1 1 -1 0 -1 0 1 2 1 2 0 -1 -1 -1 0 1 0 -1 0 0 1 -2 2 1 1 0 0 0 0 0 0 0 0 -1 0 -1 -1 2 1 -1 0 2 1 0 -1 1 0 0 1 1 -1 1 1 0 2 2 1 -1 1 0 -1 -1 -1 0 1 0 0 -1 -1 0 1 1 0 -1 1 1 1 0 0 0 1 0 0 1 0 -1 1 -1 0 -1 2 -1 1 0 -1 -1 0 2 1 1 2 0 1 0 -1 -1 0 1 0 -2 2 1 -2 -2 1 -2 -1 1 1 1 -1 0 0 1 2 -1 -1 0 0 0 -1 -2 0 -1 -2 1 -2 -2 2 2 0 0 -2 0 1 0 -2 0 2 0 -1 0 -2 0 1 -1 -1 0 3 1 -1 1 0 1 -1 1 0 0 0 0 0 -1 -1 0 3 2 -1 1 -1 -1 0 1 1 -1 0 0 0 -1 0 1 0 -1 0 0 -1 1 0 1 -1 0 1 0 1 -3 2 -1 0 -1 -2 1 0 1 1 0 0 1 0 0 1 0 2 1 1 1 -2 0 0 0 -1 -1 -1 2 1 1 -1 0 0 1 -3 -1 -1 -1 1 0 2 1 1 0 1 0 -1 0 1 -2 0 -1 0 0 0 1 0 0 0 0 -2 -1 0 1 1 1 0 0 -2 0 1 0 1 0 0 0 2 -1 -1 -1 1 0 1 -1 2 0 0 1 0 0 0 0 1 -1 0 1 -2 0 -1 -1 -2 0 0 2 1 -1 -1 0 0 0 0 0 -1 -1 -2 1 -3 -1 -1 -2 1 0 -1 -1 -1 1 -1 1 0 -1 -3 0 -1 -1 -3 1 -3 -1 2 1 2 2 0 0 1 1 0 1 0 -1 -2 2 0 -1 1 1 1 0 0 1 0 1 1 0 1 -2 -1 -2 1 2 1 1 0 -2 -2 1 0 1 -1 0 0 0 1 0 0 -1 -1 1 1 0 0 0 0 0 -1 -1 1 -1 -1 -1 -1 -2 -2 0 1 -1 2 -1 0 0 0 1 0 1 -2 1 -1 -2 1 0 -1 0 -2 1 -2 -1 1 -1 2 -1 0 0 1 0 2 -1 1 -1 0 2 -1 0 2 -1 0 1 -1 0 -2 0 1
84 -2 0 2 -2 1 0 -1 0 -2 -3 -2 0 0 1 1 -2 1 1 -1 0 1 -1 -1 -1 0 1 -2 1 1 -1 -1 0 0 -2 0 0 2 -1 -3 0 -2 -2 0 -1 -1 1 0 1 -1 -1 1 -2 -2 2 1 -2 1 -1 1 0 0 0 0 -1 0 -1 0 0 -1 -2 2 -3 1 0 0 0 1 0 0 0 1 -1 0 -1 -1 2 -1 0 0 1 -1 -1 0 0 0 -1 1 0 -1 0 -1 0 0 1 -1 -1 1 0 1 1 2 -1 0 0 -1 2 0 -1 0 3 0 1 0 1 -1 0 2 0 1 0 -1 3 0 0 -2 0 2 1 1 0 0 1 -1 -1 1 0 0 -2 1 -1 0 -2 0 0 0 0 1 2 0 0 1 0 -1 1 -1 -1 -1 1 1 -3 -2 1 0 -1 -1 0 2 0 -1 0 0 -1 1 -1 0 1 0 1 -1 0 1 0 0 1 0 -1 0 -1 0 1 1 -2 -1 -1 0 0 1 2 0 1 -1 1 0 0 1 0 2 0 -3 0 -1 2 2 0 0 1 2 2 2 0 0 -2 -1 -1 0 -1 0 -1 1 0 -1 -1 -1 -1 -1 1 0 0 1 0 0 2 1 -2 1 1 1 1 0 -1 0 0 -3 -1 0 1 0 -1 0 0 2 0 0 1 1 1 0 1 0 0 -1 0 0 -1 2 0 1 0 -1 0 0 1 0 2 -1 0 -1 -1 0 0 0 0 0 -1 0 1 1 0 -1 0 0 -2 1 0 0 1 1 1 -2 1 -1 -2 0 0 1 0 -1 -1 0 -1 0 1 -1 1 -1 0 1 1 0 -2 -1 -1 0 0 -2 1 1 -1 1 -1 0 0 0 1 -1 1 1 -1 1 0 1 -1 -1 -1 1 0 1 1 -1 1 1 1 1 -1 -3 1 1 -3 1 -2 -1 1 -1 1 -1 0 1 -1 0 -1 -1 0 0 1 2 1 0 1 0 0 1 3 -1 -2 1 1 0 0 0 1 0 1 -1 2 0 -1 1 0 -1 1 -1 0 0 0 2 -1 -2 -2 1 1 1 1 0 0 -2 -1 0 0 -2 -1 0 0 -3 0 0 1 -1 0 -3 -1 2 0 1 1 -1 0 1 -1 0 -1 0 0 -2 1 0 0 -1 1 1 0 0 0 -1 2 0 -2 2 1 -1 -1 0 0 -2 0 0 -1 1 0 -2 1 -1 0 0 2 -1 1 -2 0 1 -2 2 0 -1 -1 1 1 -2 0 -1 1 0 0
29 1 -1 -1 0 1 -1 0 1 1 1 0 1 1 0 0 1 0 0 -1 -1 1 -2 3 1 -2 0 0 0 2 0 0 -1 0 1 0 0 0 0 1 -1 0 -1 0 2 0 2 0 -1 1 1 2 0 0 -1 1 1 0 0 3 -1 0 -1 1 1 0 1 0 0 0 2 2 -1 0 0 -1 1 -1 -1 -2 -1 -1 1 0 1 0 2 1 -1 2 0 0 0 -3 2 -1 -1 -1 0 1 -1 1 -1 0 1 2 -1 0 0 0 -1 1 0 2 1 0 1 0 0 0 -2 1 0 0 0 2 0 1 1 1 1 1 1 1 0 1 -2 1 -2 -2 3 0 -1 1 -1 0 1 0 -2 0 -1 -2 -1 0 2 -1 0 0 -1 0 0 -1 3 0 -1 -1 0 1 -1 1 -1 -1 -1 -2 0 -1 2 1 1 0 -1 -1 -2 1 1 1 -1 2 1 2 -2 0 0 2 -2 0 0 -1 2 -1 -1 -1 0 0 0 -1 -1 -1 2 1 1 0 1 -1 1 0 1 1 2 0 -1 -1 0 0 1 0 0 0 1 1 2 -1 -1 1 0 -2 -2 1 1 -1 -2 0 0 1 -1 0 -1 -1 -1 0 -1 -1 -2 -2 1 1 2 -1 0 0 0 0 0 -1 0 0 -2 1 0 0 0 0 1 0 0 0 3 1 -1 0 0 -1 -2 0 0 -1 0 1 0 2 1 -2 0 -1 1 0 1 0 -1 0 1 0 0 0 1 -1 1 0 -1 -1 -2 3 1 1 0 -1 3 0 0 0 1 1 -1 -1 0 0 0 0 -1 1 1 -1 1 0 -1 1 0 -3 1 0 -1 -1 1 1 -1 0 -3 0 1 1 0 0 -1 1 -1 1 1 1 -1 -1 1 1 0 0 1 0 2 1 0 0 -1 -1 -2 0 -2 -2 -1 -1 -2 1 1 -1 -1 -2 0 1 -2 -1 0 1 -1 2 0 1 1 0 0 -1 -1 -1 -1 0 1 0 -2 -2 1 0 1 -2 0 -1 0 0 -1 0 -1 0 0 -1 2 0 2 1 1 -1 2 0 2 0 -1 -1 0 -1 -1 1 -1 2 -2 1 -2 2 0 1 0 0 1 1 -1 0 0 0 0 -2 0 0 0 1 1 1 -1 1 -1 -1 2 1 1 0 0 0 0 0 0 1 -1 0 0 0 -1 1 -1 1 -1 -1 0 -2 2 0 0 0 -2 0 1 0 0 3 2 -1 0 1 -1 0 -1 1 1 2 -1 0 0 1 0 -3 2
104 0 2 1 0 0 0 0 0 -1 0 1 0 0 1 0 1 0 1 0 2 1 1 -1 -1 2 -1 1 -1 -2 1 -2 1 -1 2 1 1 -1 -1 -1 0 -1 -2 0 -1 1 0 0 -1 1 1 1 0 0 -1 -2 0 1 0 -2 0 -1 0 -1 -1 -1 0 -1 0 0 0 1 1 2 0 1 0 1 1 0 -1 1 -2 -1 2 2 0 0 0 -1 1 0 1 0 1 0 0 -1 0 -1 2 0 -1 -2 -1 0 0 2 0 2 0 0 -1 -1 0 1 2 0 0 -1 2 0 0 0 0 0 0 2 0 -1 1 2 1 1 0 0 1 1 -2 1 1 -2 0 1 1 1 1 1 2 -1 1 1 1 -2 2 -1 -1 0 -1 0 -1 2 -1 1 0 1 0 1 1 2 2 -2 2 0 0 0 2 -1 -1 0 -1 0 0 1 0 -1 1 -2 0 0 -2 -1 0 -1 1 -1 -2 0 1 1 0 -2 1 -1 0 0 0 0 -1 -1 -2 0 -2 0 0 1 0 -1 -1 -1 0 -2 1 0 -1 1 0 0 0 0 0 -1 2 1 -2 1 1 -1 -1 1 0 1 -1 1 -2 -1 1 -1 0 1 1 2 0 1 1 0 0 2 0 2 0 0 -1 0 -1 1 1 -1 2 0 0 0 -1 1 1 0 0 -2 -1 -1 1 0 0 -1 -1 -3 1 1 -1 1 1 0 1 0 0 1 -1 0 1 1 -1 -1 0 -1 -1 0 1 1 -1 0 1 0 0 -1 0 0 0 1 0 -1 1 -1 -1 0 1 1 0 1 -3 0 -1 0 0 0 0 1 1 -1 -1 -1 -2 -1 0 1 2 0 0 1 0 -1 -2 2 -2 -1 0 1 -1 1 1 -1 1 -1 -2 1 -1 0 0 -1 -1 1 -2 1 -1 -2 0 1 0 -1 -1 0 -1 -2 2 1 1 1 -1 -1 -1 0 -1 0 -1 0 0 -1 -1 2 -1 0 0 2 1 -2 -2 0 0 1 -2 -1 1 1 0 -1 -3 1 1 2 0 -2 0 3 1 -2 0 0 0 -1 2 0 1 -1 0 0 0 0 1 -1 2 1 0 0 3 1 1 1 0 -1 -1 0 2 1 0 -2 -1 1 1 0 0 1 2 3 1 0 -1 0 1 -2 0 0 1 1 -2 0 -1 1 -1 -1 -1 0 -1 0 2 -1 -1 0 -1 -1 0 0 -1 -1 0 3 0 0 1 1 0 -3 0 1 1 -1 -3 -1 0 0 -1 0 1 0 2
19 0 0 1 -1 -2 1 0 1 2 -1 0 1 0 1 1 -1 1 1 -1 2 1 -2 1 1 0 -2 0 1 -1 -1 1 1 -1 0 1 0 -2 0 0 2 0 -1 -2 1 1 -3 0 1 2 -1 0 0 -1 1 1 -2 0 1 -1 2 -2 0 -1 -1 -1 0 1 1 0 0 1 1 2 -1 1 -2 1 0 0 0 -1 0 -1 0 1 0 -2 1 0 0 1 -1 2 1 -1 -1 0 0 0 1 1 0 0 0 -1 1 1 -1 0 1 0 1 0 -1 1 0 0 -1 0 -1 1 -1 -1 -1 0 0 1 -1 -1 0 2 -1 -1 0 0 -2 3 -1 1 0 -1 -2 -1 0 1 -1 -1 -1 -2 1 -1 0 -1 0 0 -1 0 2 1 1 1 -1 0 -2 0 -1 -1 0 0 1 0 2 0 0 0 1 2 -1 0 -1 -1 -1 1 -1 0 0 0 1 0 0 -1 2 1 0 -2 -1 0 0 -1 2 1 0 0 -1 0 1 1 0 0 2 -1 1 0 2 -1 0 -1 2 -1 2 0 1 0 1 0 0 1 2 -2 0 1 0 0 1 -1 0 -2 -1 -1 1 -2 0 1 0 -1 1 -1 2 -2 0 1 -1 -1 -2 1 0 0 0 -1 0 1 0 2 2 0 1 -1 0 1 1 1 2 -3 1 -1 3 1 1 2 0 -1 -2 0 0 -1 -1 2 -1 0 2 -2 0 0 1 -1 -1 1 -2 1 -1 1 -1 0 2 2 -2 1 0 -1 0 1 0 1 0 0 1 0 0 -2 1 0 1 -1 0 1 -1 1 -2 1 0 -1 0 1 0 -1 0 1 0 0 1 0 -1 -1 0 2 0 0 1 1 0 3 0 -1 0 1 1 1 1 0 -1 0 -1 -1 -1 0 1 -1 -1 1 1 -1 0 2 -2 -2 2 0 0 2 0 -2 0 -1 0 1 0 1 -1 1 0 0 -1 0 0 1 -2 -3 0 0 -1 2 0 -1 1 0 -1 0 0 0 -2 1 0 -1 1 0 0 0 -1 0 -2 0 -3 0 -3 0 -1 1 0 -1 -1 1 0 1 -1 -1 1 1 -1 0 0 1 0 -1 0 1 2 1 -1 0 -1 0 0 0 1 -1 -1 1 0 1 2 0 0 0 1 0 1 0 1 -1 2 2 -1 2 1 0 1 -2 0 -2 -1 2 0 -1 -2 0 1 1 -1 0 2 0 1 1 0 1 -1 -1 1 -1 1 -2 1 3 -2 0 -2 -2 0 -1 1 -1 2
8 1 0 0 1 -1 0 0 -1 -1 -1 -1 0 -1 1 0 -2 -1 1 -3 1 0 0 0 0 0 0 -1 0 0 -1 1 0 0 1 -2 -2 0 -2 0 1 -1 -1 1 -2 0 -1 0 -1 -1 1 0 0 0 -1 -1 1 0 0 0 0 1 0 0 0 0 -2 1 1 0 0 -1 0 -1 0 2 0 -1 -1 -1 1 0 2 0 -1 1 0 0 0 1 -1 0 1 -1 0 -2 2 1 -1 0 0 0 1 0 0 1 -1 0 -1 -2 2 1 1 -1 -2 1 -1 2 -1 -1 1 0 1 -1 -1 0 0 -1 -1 0 0 1 -1 1 1 0 -3 0 2 0 2 -1 0 0 -1 0 1 -2 2 1 0 1 1 2 2 1 1 -1 -1 0 0 -1 -2 0 -1 2 -1 -1 -1 1 -1 0 0 0 -1 0 1 0 0 1 -1 0 0 0 0 0 -1 0 0 -1 0 -1 0 0 0 1 0 0 -1 -1 0 -2 0 0 0 -1 -2 3 -1 -2 -1 2 0 0 3 1 1 1 2 0 -1 1 1 0 1 -1 1 -1 0 1 -3 -1 -1 1 -1 -1 1 -1 1 1 0 0 1 1 -1 -1 -1 1 0 0 -2 -1 0 2 0 0 0 0 -1 0 -2 3 -2 1 1 -2 1 1 0 0 0 -2 1 -2 -1 1 -1 -1 0 -1 1 1 0 -1 -2 -2 -1 1 -1 -1 0 0 0 1 1 -1 -1 -1 0 1 1 0 1 -1 1 -1 -1 0 -2 1 -1 1 -1 -1 1 2 -1 -2 1 2 0 -1 0 -1 0 1 1 -2 0 0 2 2 -1 1 0 2 2 1 -1 -2 1 -1 -1 -1 -1 1 0 -1 1 1 0 0 0 0 -1 0 2 1 -2 -1 1 -2 1 -2 1 2 0 1 1 0 1 1 -1 1 -1 1 0 1 0 -1 0 0 0 1 1 -1 0 0 1 -1 -1 -1 3 -1 -1 -1 2 -1 1 2 1 0 0 -1 0 0 0 0 1 0 0 -1 0 -1 0 2 0 -1 -2 1 -1 1 -1 1 0 -1 -1 1 1 -1 -2 0 -1 0 1 1 -1 2 0 1 1 1 0 -1 2 0 1 2 0 0 -1 0 0 1 -1 -1 0 1 1 0 1 1 0 1 1 2 -1 0 -1 2 -2 -1 0 0 2 1 0 -1 -1 1 2 1 0 -1 0 0 0 -1 -2 -1 2 2 -1 -1 -2 -1 -2 -3 -1 2 -1 -1 -1 1 1 1 -1 1 0 1 1 -1 1
110 -2 2 1 0 0 1 1 -1 -2 -1 -2 -1 -2 -1 1 0 0 -2 -1 1 3 0 -1 2 -1 1 0 -1 1 0 2 0 -1 -1 1 0 -1 1 -1 1 0 1 -2 0 -1 2 1 0 -1 -1 1 0 -1 0 -1 0 0 -1 0 1 -1 -2 0 1 0 -1 -1 0 -1 0 0 0 -1 1 -1 1 2 0 0 0 0 0 0 -1 0 0 -1 1 1 0 -1 -2 1 0 2 0 0 1 2 -1 1 0 -1 1 0 0 0 0 -1 1 -1 0 1 0 0 0 -1 3 0 0 -1 0 1 1 -2 1 -2 0 1 -1 -2 1 0 -2 0 0 0 0 -1 -2 -1 1 0 0 0 -1 -1 0 1 0 0 -1 -1 0 -2 2 -1 1 1 0 0 0 -1 1 1 1 0 1 -2 1 1 0 1 2 -1 0 -1 2 -2 -1 1 0 -2 0 -1 2 2 0 2 0 0 0 0 1 -3 -2 -1 0 1 1 0 0 0 -2 1 -2 0 1 -1 2 -1 0 0 1 -1 -1 2 0 2 0 1 2 1 1 0 -1 -1 1 -1 2 2 0 1 -1 -1 0 1 2 0 0 0 -1 0 1 -1 1 1 0 1 0 -1 0 1 1 1 -1 1 0 0 1 -1 1 2 -1 -1 1 -1 -2 -1 1 1 0 -1 -1 -2 0 -1 0 1 -1 1 0 0 0 0 0 0 -1 0 -1 0 0 -1 -1 2 1 0 0 0 -1 1 0 2 1 -1 0 1 0 1 -1 -1 0 0 -1 1 0 -2 -1 -2 -1 -1 -1 0 1 1 0 -2 -1 0 2 0 1 0 1 -2 1 -2 -1 1 0 1 1 0 -2 -1 -2 0 0 -1 -1 1 1 1 1 0 1 0 -1 0 -1 -2 -2 0 -1 0 -1 -2 0 -1 1 -2 -1 0 -1 1 -1 -2 -1 -1 1 0 1 0 -2 1 1 0 -1 1 2 1 2 -1 -1 -2 -3 2 0 2 -1 -1 -2 1 1 -2 0 1 0 -2 0 1 -1 0 -1 0 1 0 0 2 1 0 0 -1 0 0 0 0 0 0 0 0 0 0 -2 -1 0 0 0 0 0 -1 -1 0 -1 2 0 -1 0 0 0 -1 2 0 0 -1 2 1 1 -1 0 1 2 -1 1 -2 -2 -2 -1 1 1 0 -1 -1 1 -1 0 -1 1 1 -1 0 0 1 1 0 1 -1 1 2 -1 2 1 1 0 1 -1 1 -1 2 -1 1 0 1 -1 -1 0 -1 0 -1 -1 -3 -2
6 1 1 0 1 -1 0 0 2 1 -1 -1 -3 0 0 0 -1 1 1 1 0 0 0 0 -1 0 1 1 -1 0 -1 1 1 -1 -2 0 -2 1 0 -1 0 -2 0 0 -3 1 -1 1 2 -1 0 1 1 0 -1 -1 1 -2 -1 -2 1 3 0 0 1 0 0 0 0 -2 0 -2 2 0 0 0 0 0 2 0 -2 -1 1 0 0 -1 0 -1 0 2 0 0 1 1 -1 -2 -1 0 2 1 2 -1 1 1 1 1 -1 0 0 1 1 2 0 1 -1 -1 -1 0 1 1 2 -1 2 2 0 0 -1 0 0 1 1 0 1 1 2 -1 -3 1 1 -1 1 0 0 0 0 0 -1 -1 0 -1 -1 -1 1 -3 -1 1 0 1 -1 1 -2 -1 0 2 2 2 0 -1 2 0 0 -1 0 1 1 -1 1 -1 0 -1 0 1 1 -1 1 -2 0 -1 0 -1 0 -1 -1 0 0 -1 1 0 1 -2 1 1 0 1 -1 0 1 1 -2 0 2 1 1 0 1 2 1 2 0 0 -1 1 1 1 1 0 -2 -1 -1 0 -2 2 0 -1 0 -1 -2 1 2 1 0 1 0 2 -1 0 2 -1 0 -1 0 0 -2 2 0 -1 -1 -1 -1 2 -1 0 0 -1 0 3 3 -2 -1 1 -1 0 1 0 -1 0 -1 -2 0 1 1 0 0 -1 1 -2 2 0 2 2 2 2 0 0 1 -1 0 -1 -1 1 -1 0 1 -1 1 1 1 1 1 0 1 -1 1 0 0 1 0 1 -1 -1 0 0 0 0 1 -1 2 -1 -1 0 2 2 1 0 0 2 0 2 -1 1 1 1 1 -1 -1 0 -1 0 0 0 0 -1 0 1 -1 -1 -1 0 1 -2 -1 1 0 -1 0 0 -1 1 -2 1 1 -1 3 2 0 -1 0 -1 0 0 2 0 0 0 2 0 1 0 0 0 0 -1 -1 1 0 -1 0 -1 -1 1 1 1 0 0 0 0 0 -1 2 0 2 -1 1 0 -1 1 1 -1 1 0 -2 2 0 2 -1 2 -1 1 -2 1 0 2 0 -1 0 0 1 0 1 -1 0 -1 0 -1 2 -1 2 1 0 0 0 0 1 0 -2 0 1 0 0 0 -1 1 0 0 1 1 -1 -1 1 2 1 -2 0 1 1 -1 0 -1 2 0 0 2 0 -1 1 1 0 1 -1 -1 1 1 0 -1 2 0 -3 2 -2 0 0 1 -2 1 -1 1 -2 2 -1 -2 -1 1 2
94 -2 -1 0 -1 -1 1 -1 0 -1 -3 1 -1 0 0 0 -1 1 1 1 2 0 0 1 1 -2 1 -1 2 0 1 2 -2 0 0 -1 1 -1 0 0 1 1 2 -2 1 1 0 1 0 0 0 0 1 0 1 0 -2 -1 0 0 0 1 0 -1 0 0 -1 -2 0 0 0 1 0 -1 -1 -1 1 3 -2 -1 -1 3 -1 1 -1 0 2 -1 -1 1 0 0 2 -2 2 0 1 -2 0 -3 2 0 -1 0 -1 -1 1 0 0 0 2 1 -1 0 1 2 0 0 0 1 1 0 0 0 -1 0 -1 -1 1 0 0 -1 1 0 0 1 0 0 -1 -1 1 -2 -2 -1 1 0 -1 3 0 0 0 1 -2 -1 1 3 1 -1 0 0 1 -1 -1 1 -1 -2 -1 0 1 0 -1 1 0 -1 0 1 -2 0 1 -1 1 0 -1 0 -1 1 1 0 2 -1 -1 -1 1 -1 1 -1 0 0 1 -1 1 2 0 0 0 -2 -1 -1 1 -1 2 -1 0 -1 2 1 1 0 0 -2 -1 1 -1 -1 0 -1 1 -1 3 0 0 1 2 0 0 1 1 -1 0 -1 1 0 0 -2 -2 1 1 -1 0 -1 -1 0 -1 1 0 0 0 0 0 0 0 0 0 0 1 1 1 2 -1 0 -2 2 -1 1 -1 -1 1 0 0 1 2 2 0 1 0 -1 0 -1 2 1 2 0 0 -1 1 0 2 0 0 0 1 0 0 2 -1 -2 0 0 0 1 1 1 2 2 0 -1 0 0 1 -3 -1 1 -1 0 1 2 0 0 0 -1 -1 2 -2 -1 0 -1 0 -2 -1 -1 -1 2 0 2 -1 0 0 0 0 -1 -2 -1 0 1 -3 0 -1 -2 0 -2 3 0 0 0 1 1 1 1 0 -1 -2 -2 0 1 -1 0 1 -1 0 2 2 -1 1 -2 0 0 -1 0 0 -1 -1 0 2 2 0 0 0 2 -1 -1 1 1 -1 -2 -1 0 0 0 2 -1 0 -1 0 -1 0 1 1 -1 1 1 -1 0 0 1 0 -2 1 -2 1 -1 0 0 0 0 1 1 -3 3 -1 0 0 0 1 1 1 -1 1 -1 -2 0 0 2 -1 1 0 -2 1 1 -1 -1 -1 -1 0 -1 2 -1 2 1 0 0 0 0 0 0 0 -1 1 -1 0 2 1 -2 -1 -1 0 0 0 1 0 -1 -1 -1 -1 1 0 1 0 1 0 0 -2 -1 -1 0 1 1 1 1 0 1 0 0 2
18 0 1 2 1 0 -1 0 2 0 0 0 0 0 0 0 0 1 -2 0 -1 0 2 0 -3 0 -2 1 0 0 0 1 -1 1 -1 0 0 -2 1 -2 0 -2 0 0 0 -1 0 0 1 -1 0 0 1 -2 2 1 1 0 -2 0 0 0 1 -1 -1 0 -1 1 -1 3 1 0 0 0 0 0 2 -1 1 1 -1 1 -2 -2 1 -1 -3 0 1 0 2 1 1 0 -1 0 0 1 -2 0 0 -1 0 2 1 1 1 1 -3 1 2 -2 -1 -2 -1 1 0 2 0 0 1 1 -2 0 2 -1 1 -1 1 0 1 0 -1 0 0 1 -1 -1 0 0 -2 -1 0 -1 0 -1 1 3 1 2 1 1 -2 -1 -1 0 -2 1 1 1 -1 -1 -1 0 0 1 2 0 1 0 -1 1 0 1 1 0 1 -2 -2 1 1 0 2 0 0 -1 -1 -1 2 -1 -2 -1 -1 1 1 -1 -1 -1 1 0 0 1 -1 3 0 0 0 1 2 0 0 0 2 1 0 0 0 1 -1 2 0 -1 0 -1 -1 1 0 0 1 0 0 0 1 0 1 0 2 0 -1 0 1 0 0 0 -2 -2 0 0 0 0 -1 0 0 0 1 0 1 1 0 1 0 -2 -2 -1 0 0 -2 -1 0 0 -1 -1 0 -1 1 -1 1 0 0 0 1 0 0 -1 -1 2 -1 -1 -1 1 -1 1 2 0 -2 1 0 1 0 -2 0 -1 -1 0 2 0 1 -2 0 -1 2 2 2 2 0 2 -2 1 2 0 1 1 -2 -1 -1 -1 1 0 -1 0 -1 0 1 0 -1 -1 0 0 1 2 -1 -2 2 2 0 1 1 1 -1 -1 1 -2 0 3 1 0 1 0 -1 -2 2 1 0 0 1 0 0 0 -2 -1 0 1 0 0 -1 2 -1 1 1 0 1 -1 0 1 -2 0 1 1 -1 2 0 0 -1 0 1 -1 -1 -1 1 1 -2 2 -1 -2 0 0 -1 1 0 0 -2 0 -1 0 -2 0 -2 1 -1 0 0 0 -1 0 -3 -1 0 0 1 -1 1 1 -1 1 0 1 0 1 -2 -1 1 0 0 -1 -1 -1 0 -1 0 0 0 0 -1 0 0 0 2 -2 -2 2 -2 0 1 1 0 0 2 -1 1 1 2 1 1 2 0 1 0 0 2 -2 1 -1 1 1 1 1 -1 0 -1 0 1 1 -1 1 0 1 -1 0 1 -1 -1 -2 1 1 2 -1 1 2 0 -1 0 1 -1
104 -1 1 1 -1 1 -1 1 2 -1 0 1 0 0 0 -1 0 1 0 -1 2 1 -1 -1 0 0 0 2 0 -1 1 -1 0 -1 2 1 1 -1 1 0 -2 -1 -1 -1 0 1 0 0 1 1 -1 0 -1 -1 0 -1 0 0 0 -1 0 -2 -1 -1 -1 1 0 1 1 1 1 0 1 2 -1 0 1 0 2 1 0 0 -2 -2 1 1 0 1 0 -1 0 -1 0 -2 -1 1 0 -1 1 -1 1 0 -2 0 -2 -1 0 2 0 0 0 -1 1 0 0 0 0 2 -1 0 1 0 1 0 1 0 -1 1 0 -1 3 0 1 2 -1 1 1 0 -2 2 0 -1 0 1 2 1 -1 0 2 1 0 1 1 -1 1 0 0 1 -2 0 0 0 0 0 0 2 0 0 1 1 2 -1 2 0 -2 1 1 1 -1 -1 -2 0 0 2 -2 0 1 -2 0 -1 -1 -1 1 2 0 0 -2 0 0 2 -1 -2 2 -2 0 1 1 0 -1 1 -3 0 -3 0 0 1 0 -1 -1 1 0 -1 0 -1 -2 0 0 -1 -2 2 -1 0 2 2 -1 0 1 0 0 1 -1 0 -2 0 -1 0 0 1 2 1 1 -1 -1 2 -1 -1 -2 1 0 0 2 0 0 1 0 2 3 0 3 1 1 0 -1 0 0 -1 0 -2 -1 -2 1 0 0 -1 -1 -2 0 0 -1 0 0 -2 2 1 0 1 0 -1 0 1 1 0 0 1 2 -1 1 0 -3 1 2 0 0 0 -1 0 0 0 -2 0 1 0 0 1 0 0 -1 2 -1 2 -2 0 0 0 -3 2 2 -2 1 -2 -2 0 0 1 1 0 -1 0 2 0 -1 2 -1 -1 1 0 -2 0 0 -2 1 0 -1 -1 -2 1 0 1 -1 1 -2 0 -1 -1 0 0 2 0 -1 2 -1 -1 2 1 -1 0 -1 -1 -3 0 -2 0 -1 -2 0 0 0 1 -1 1 -1 0 -1 0 0 1 -1 0 1 0 0 2 0 -2 -2 2 0 -1 -1 0 1 1 0 -1 0 -1 0 -1 2 0 2 -1 -1 0 -1 -1 0 -2 0 2 1 0 1 -1 -1 1 0 -1 0 0 0 2 0 -2 -1 0 -1 0 0 1 2 1 1 0 0 0 2 -1 0 0 1 1 -2 1 0 1 1 -2 0 0 -1 0 1 -1 -1 1 1 -1 0 0 0 1 0 2 1 1 1 1 1 1 0 1 1 1 -1 -1 -1 0 -1 0 2 -1 1
45 3 0 -1 1 -1 0 1 0 0 0 -2 2 0 -1 0 0 3 1 -1 -1 -1 -2 0 1 1 3 1 0 1 0 0 1 -1 0 1 1 1 0 -1 -1 0 1 0 0 0 1 1 -1 2 1 -2 -1 -1 -1 1 -2 2 0 -1 1 0 -1 2 -1 -1 0 1 1 1 -1 -2 0 0 3 1 1 0 0 -1 1 0 0 0 0 -2 2 -1 0 -2 -1 1 0 -1 2 -1 0 1 -1 2 0 0 1 1 1 -1 -1 -2 1 0 0 -1 0 0 2 0 -2 1 -1 0 -1 1 0 -1 -2 1 0 1 -2 0 -1 -2 0 -1 2 0 0 1 0 0 -2 0 1 -2 0 0 0 -1 1 -1 3 1 -1 0 -1 1 -2 0 2 -1 -1 1 1 -1 1 0 1 2 0 -2 -1 -1 1 0 0 0 -1 0 -1 0 -1 0 -1 -1 0 -1 0 0 0 0 1 -1 -1 -1 -1 -1 1 -1 0 0 -1 0 0 1 0 2 0 -1 2 1 1 1 2 2 1 -1 -1 -1 0 -2 -1 2 -2 0 0 1 0 3 2 -2 0 0 0 -1 -1 1 0 0 -1 0 0 1 2 0 0 1 -1 -1 0 -2 1 0 -1 2 0 0 -1 -1 -1 1 0 -2 0 2 -2 -1 0 0 -1 -1 0 0 0 -2 0 0 -1 1 -1 1 0 1 3 0 0 -1 -2 0 0 -1 0 -1 1 1 -2 0 -2 -1 -1 -3 0 1 0 -1 1 1 0 1 -1 -1 0 1 2 0 -1 0 0 0 -2 1 1 -1 1 1 0 1 -1 0 0 -1 0 0 -1 0 0 -1 0 0 0 -1 -2 1 -1 0 2 0 0 0 1 -3 -1 1 0 0 -1 -2 -1 0 -1 0 0 2 -2 2 0 0 1 -1 0 1 0 0 0 2 2 0 0 1 0 -1 1 0 -1 -1 0 -1 0 1 0 -1 0 -2 0 -3 1 2 1 0 1 -1 2 0 -1 1 -1 1 -1 -1 -3 1 0 -1 0 -2 0 0 1 1 1 -1 -1 -1 0 0 -1 1 1 1 -2 -1 1 0 0 1 -1 1 1 -1 0 1 0 -1 1 0 0 0 -1 2 2 -2 0 0 0 -1 2 0 0 1 0 1 -1 -2 2 0 -3 -1 2 0 0 -3 1 1 1 -2 -1 0 0 0 1 1 -1 0 0 0 1 0 2 1 0 0 1 -1 0 1 1 0 0 1 1 2 0 0 -2 1 0 0 1 0 0 -1 0 1 -1
102 -1 -1 1 -1 0 -1 -1 0 0 0 0 1 1 -1 0 1 2 1 0 0 -1 -1 2 -2 -2 1 0 -1 0 1 1 -1 0 0 1 0 1 1 -1 0 -1 -1 1 -1 0 2 -2 1 0 -1 -1 -1 1 1 -1 1 1 2 2 0 0 -2 0 -1 -2 -1 0 -1 -1 2 0 -2 0 1 -3 -1 -1 1 1 0 -1 0 1 -1 -2 0 1 -2 1 -1 -2 0 -1 -1 -1 1 1 2 -1 0 1 1 1 1 1 0 -1 1 2 0 -1 1 1 -1 0 0 0 0 -3 0 0 0 1 0 -1 -1 1 -1 0 1 0 1 2 0 1 0 1 0 -1 0 0 -1 0 0 0 1 2 0 -1 1 1 1 2 0 -1 1 -1 -1 -1 1 -1 0 0 -1 0 -1 0 0 0 -1 -1 0 0 2 2 0 0 0 1 1 0 1 3 -1 0 -1 -1 -2 1 1 0 1 -1 0 0 -1 2 -1 -1 -1 -1 1 1 0 1 -1 1 0 -1 0 -2 -1 0 0 0 0 -2 -3 -1 -2 1 0 -1 1 0 1 0 1 1 0 -1 1 1 0 -1 -1 0 1 0 0 -1 2 0 -1 0 0 2 -1 1 0 2 -1 -2 1 0 2 0 1 1 0 -1 -1 0 1 0 1 0 1 2 -1 0 -1 0 0 3 2 0 -1 -1 -1 0 1 0 0 1 1 0 0 -2 1 -3 1 1 0 1 -1 2 1 -1 2 0 0 1 0 0 -1 -1 0 0 0 0 0 2 0 -2 0 0 -1 2 2 -2 1 2 -1 3 -1 1 1 1 -1 0 1 2 1 -1 -1 -1 0 1 -1 -1 0 -2 0 1 0 0 2 1 1 0 -1 1 2 0 -1 1 2 1 1 -1 1 1 0 0 -1 1 -1 -1 0 0 0 -1 0 -1 2 0 0 -2 -2 3 2 0 0 2 0 -2 -1 0 -1 2 -1 -1 0 1 2 1 -1 1 1 0 0 0 0 0 1 0 0 0 0 2 0 0 -2 1 0 -2 0 1 1 1 0 -1 -1 -1 1 1 -1 -1 -1 1 1 -1 1 1 -1 0 2 0 0 0 -1 1 -2 -1 1 1 2 -1 1 1 0 0 -1 -2 1 1 -1 0 0 -1 -1 0 0 1 -2 1 0 0 -2 2 -1 -3 2 0 1 1 -1 -1 1 1 1 -1 1 1 1 1 1 -1 1 0 0 1 1 -1 -1 -1 0 0 -2 1 -1 -1 -1 0 -1 1 0 0 1 1 0
94 0 2 0 -1 -2 0 -2 -1 0 0 0 -1 1 -2 -2 1 2 -1 -1 1 0 2 0 0 0 0 0 0 0 2 0 -2 0 1 0 1 0 0 0 0 -2 1 0 2 0 0 0 -1 2 0 0 -1 -1 -1 2 -1 -1 0 0 -1 -1 1 -1 -3 0 -2 -2 2 -1 1 0 1 -1 1 0 0 1 -1 0 -2 0 0 0 1 1 -1 -1 -1 0 2 -1 1 -2 -1 -1 -1 -1 -1 -1 0 0 -2 -2 -1 -1 0 1 1 0 1 1 0 0 0 0 -1 1 0 1 -1 0 1 -1 0 2 -1 -1 0 -1 2 2 2 -1 -2 0 0 -1 -2 0 2 0 -1 1 1 -1 0 0 -1 -2 -2 0 -3 -1 2 1 0 0 0 0 1 -3 0 1 -1 0 -2 1 2 1 -2 1 -2 -1 -1 1 -1 0 -2 2 0 -2 -1 0 1 1 0 -2 1 0 0 0 1 -1 -1 0 0 0 1 0 1 1 0 -1 0 0 -1 0 0 -1 1 0 -1 0 -1 1 0 1 2 -1 1 2 -1 0 0 0 1 -1 1 -1 -1 0 0 -1 -2 -1 3 1 0 0 1 1 -2 1 -2 0 1 0 -1 -1 -1 2 1 1 0 0 -1 -1 0 0 1 0 -2 0 2 0 1 -1 0 -1 0 0 1 0 -1 -1 0 0 2 0 0 -2 -1 1 0 -1 1 0 1 0 1 -2 0 0 2 -1 1 0 0 -1 1 1 1 0 0 -3 0 1 0 0 1 0 -2 0 0 1 0 0 0 0 -1 0 0 -1 -1 0 -1 0 0 1 -1 1 0 1 -1 -2 -1 -2 -2 1 0 0 0 -2 -1 -1 -2 0 0 0 1 1 0 2 0 -1 -1 -2 1 -3 0 2 -1 0 0 0 1 0 -1 0 1 0 1 0 0 1 0 -1 0 1 2 -1 -1 -2 -1 -1 0 1 -1 -1 1 0 1 1 1 0 -1 1 -1 0 0 1 -2 1 -2 -1 -2 -1 -2 -3 0 -2 0 0 0 1 0 1 0 1 1 -1 2 1 0 -1 0 1 1 -1 -2 1 1 0 0 0 -2 0 0 -1 1 -1 0 1 -3 -1 0 0 -1 -2 -1 1 1 0 -1 0 1 1 0 2 -2 2 0 0 -2 0 1 1 -1 0 -1 0 1 -1 0 -2 0 -1 0 1 2 -2 1 -3 -1 2 0 0 0 0 -1 0 0 -2 0 0 -1 2 0 0 -1 0 -1 0 0 2 -1 -3 0 1 2 -1 2
110 -2 1 0 0 0 2 1 0 -3 1 0 -1 -2 -1 1 -1 -1 0 0 2 1 -1 0 2 -1 0 1 -1 1 -1 2 0 -1 0 -1 -2 -1 0 0 3 0 -1 -2 -1 -1 1 0 1 1 -1 0 0 -2 -1 0 0 1 -2 0 1 -1 -2 0 2 1 -1 1 -1 0 -1 0 0 1 1 0 0 3 -2 0 0 0 0 1 -1 -1 0 -1 1 1 -1 0 -2 2 0 2 0 3 2 1 -2 0 1 -2 1 0 -1 0 -1 -2 0 -2 0 2 -1 -1 1 0 2 0 0 -1 0 1 0 -1 0 -1 0 1 -2 -1 0 0 0 0 1 1 1 1 -2 -1 1 1 -1 0 1 0 0 0 1 2 0 -1 1 -1 1 -2 1 1 0 0 0 0 -1 -1 0 0 0 -2 2 0 0 0 0 -1 0 -1 1 0 1 1 0 0 0 0 0 1 0 2 0 0 0 0 2 -3 0 0 -1 1 1 1 1 0 -2 1 -2 0 2 -1 2 0 -2 0 2 2 0 1 0 2 0 0 1 0 1 0 0 -1 0 -1 2 0 1 2 1 -1 0 2 0 0 0 0 -2 1 1 -1 1 0 1 0 0 -1 0 -1 0 0 -1 0 0 -1 -1 -1 0 2 0 -1 -1 0 -1 0 1 2 0 1 -1 -1 -1 0 -1 2 -1 1 0 -1 1 1 1 -1 0 -1 -1 1 -2 0 0 1 -1 0 0 0 0 2 1 2 -1 -1 -1 1 0 0 -2 -2 0 0 2 1 0 -2 1 -1 -2 0 1 -1 1 1 -1 -3 1 -1 -1 0 1 -1 0 -1 1 -2 0 0 -1 1 0 0 -1 0 -1 0 0 -1 0 1 2 -1 0 -1 1 0 -1 1 -1 -1 -3 0 0 0 0 -1 0 0 0 -2 0 0 0 1 0 -3 -1 -2 1 1 0 0 -1 0 0 2 -1 2 2 0 1 1 -1 0 -3 1 0 1 0 -2 -2 1 1 -1 -1 2 0 -2 0 1 0 -1 0 0 2 -1 0 1 -1 0 1 -1 0 1 -1 -1 0 -1 0 0 0 -2 -1 0 -1 0 0 0 0 -2 0 0 0 2 0 0 0 0 0 1 1 1 1 -1 1 0 0 0 2 0 1 0 -1 -3 -1 -1 -2 0 -1 0 0 1 1 0 -2 1 0 0 -1 0 0 2 0 0 -2 -2 0 2 0 1 2 1 1 0 0 1 0 1 0 0 -1 0 -1 -2 0 -1 -1 0 -1 -1 -1
4 0 3 -1 -1 0 -1 1 0 0 0 1 0 -1 1 0 2 0 -1 -1 1 -1 -1 -1 1 1 1 0 1 -1 0 0 0 1 0 -1 1 -2 -1 -1 0 -2 0 0 -1 0 2 0 0 1 -2 -2 -1 -1 0 1 0 -1 0 2 2 -1 0 0 0 1 1 -1 1 1 1 0 1 -1 -1 1 0 2 -1 1 1 -1 -1 2 0 1 -1 1 1 -1 0 -1 1 0 0 0 0 0 0 1 0 0 1 -1 -1 1 0 -1 1 0 0 1 0 0 1 0 -1 0 0 0 2 -1 -1 0 -2 0 -1 -1 1 1 2 -1 -1 -1 -1 0 0 1 0 0 -2 0 3 -2 2 1 -1 2 1 1 0 -1 1 1 1 0 0 -1 1 -1 0 0 -1 -2 0 0 1 1 0 1 0 0 -1 1 0 -1 0 -1 0 -2 0 0 0 1 -1 0 0 -2 1 1 0 0 1 0 0 1 0 0 -1 -1 2 1 -1 -1 1 1 -2 2 1 2 2 1 1 -1 0 -2 0 -1 0 0 0 1 0 -1 -1 1 0 0 0 0 -1 0 0 2 2 2 1 1 0 2 -1 -1 2 -3 1 1 -1 0 0 1 1 -1 0 -1 0 -2 -1 2 -3 -2 0 0 0 2 -1 1 -1 0 -2 1 -1 0 0 -2 0 0 0 2 0 0 1 1 0 0 0 0 1 0 0 0 0 -1 -1 0 1 -2 -1 0 -2 0 0 -1 -2 0 -1 0 0 -1 1 1 -1 2 1 1 1 2 1 0 -1 0 1 -1 0 0 2 -2 1 -1 1 -2 -2 1 0 1 1 -1 2 0 2 -1 0 -1 0 -1 -1 0 0 1 -1 -1 1 -1 -1 -2 2 -1 0 -3 1 -1 2 1 1 0 -1 1 0 2 2 3 -1 0 -1 0 1 0 2 -2 2 -2 -1 -1 0 1 1 2 -1 0 1 1 1 1 -2 0 1 0 -1 -1 -1 3 0 -1 -1 -1 -3 1 0 1 1 0 -3 2 0 1 0 0 1 -1 -1 -1 -1 0 -2 1 0 -2 0 0 -1 0 1 -1 -3 1 0 -1 0 -1 -1 1 0 1 0 0 0 1 1 0 1 0 0 1 0 0 -1 1 -1 0 1 0 0 -2 1 -1 -2 -1 -1 1 1 1 0 2 0 -2 0 0 -1 -1 -1 -1 -1 2 0 0 -1 0 0 1 1 1 2 -2 1 2 -2 -1 2 1 1 0 -1 1 2 1 2 0 0 2 0 -2 0 1 -1
115 0 0 1 -1 1 0 -1 1 0 1 1 -1 -2 -2 -2 0 -1 2 2 0 0 2 -2 0 -1 2 -1 2 -1 1 0 -1 0 -1 -2 0 -1 0 0 -1 -1 -1 -1 0 1 0 -1 -1 -1 0 0 -3 0 1 -1 0 1 1 1 0 0 0 1 1 1 -1 0 0 0 1 1 -1 -2 -1 -2 0 -1 -1 -1 1 1 -1 1 0 1 1 0 1 0 1 -1 -1 0 0 1 1 -1 0 -1 2 0 1 -1 0 0 -1 1 0 2 0 -1 0 -2 0 1 0 1 1 0 2 1 2 -1 -1 -1 2 0 1 0 1 -1 1 0 0 2 0 0 2 0 -1 -1 2 0 0 -1 0 0 1 0 0 0 -1 0 2 -1 1 0 -3 -1 0 -2 1 -1 1 0 2 0 1 1 0 1 0 -1 2 1 0 -2 1 2 -1 -1 -2 0 1 1 2 -1 2 -2 0 0 1 1 0 0 0 -1 1 0 0 0 0 -1 2 1 0 1 1 1 -1 0 0 1 1 0 1 0 0 0 -1 1 -3 0 -1 0 0 0 0 0 -1 0 1 1 0 0 2 0 0 0 0 1 -1 -2 0 0 -2 2 -1 -1 -2 1 -1 1 0 0 0 0 1 -2 0 1 1 0 0 -2 0 2 -1 1 1 1 -1 0 1 0 -2 0 -1 0 0 1 0 0 1 -1 -2 1 0 0 0 2 3 0 1 0 -2 0 -1 -2 1 -1 0 0 2 1 2 -1 -1 -1 1 -1 -1 0 1 3 1 0 1 0 1 2 1 -1 0 -2 1 1 0 0 1 1 0 -1 1 0 0 1 -1 -1 0 0 -1 0 1 -1 -1 0 -1 0 1 1 1 1 0 0 1 0 1 -1 3 0 1 -1 -1 1 0 1 1 -1 2 2 -1 0 1 0 0 -1 1 1 -1 0 1 2 -1 -2 0 3 0 1 0 1 0 -3 2 3 0 3 1 3 0 1 0 0 1 -1 -2 2 0 0 0 -1 0 -1 -1 1 -2 1 -1 1 1 -2 1 0 -1 2 0 0 0 1 -1 0 -3 1 -1 0 -2 -1 2 0 2 2 0 -1 0 1 0 1 -1 0 -2 1 -1 1 0 1 0 -1 -1 0 0 0 0 -1 1 -1 0 0 0 0 -2 0 -1 1 0 1 0 0 0 0 -2 0 0 0 1 -1 0 0 1 -1 1 0 -1 2 1 0 1 0 -1 1 -3 -2 -1 -2 0 -1 0 -1 1 -3 -1 -1 -1
51 -2 1 1 -1 0 -1 2 -1 0 1 0 2 0 -1 2 -1 -1 0 -1 1 1 0 1 0 0 -2 1 1 0 1 1 -1 0 0 -1 0 -1 -1 0 1 -1 -1 -1 2 0 -1 0 0 -1 1 0 0 -1 -1 -1 1 0 0 0 0 0 -1 2 -1 2 1 -2 0 -1 -1 -1 0 1 0 -1 -1 0 0 -1 -1 -1 -1 0 -1 1 0 -1 -1 0 0 -1 -2 0 0 0 1 0 1 1 0 3 1 -2 1 0 -1 0 -1 -1 2 -1 0 0 1 1 -2 0 2 -2 0 -1 0 0 1 0 2 1 0 -1 1 0 0 2 0 0 0 0 -1 0 0 2 0 0 -2 0 1 -1 1 1 1 0 1 -1 1 -1 -1 -1 0 1 0 1 0 -1 0 -1 -2 -2 0 -1 2 0 1 -1 0 2 -1 -2 2 2 -1 0 1 -1 -1 -1 -1 -1 1 -2 1 -3 -3 1 -1 0 -2 -2 -1 -1 1 -1 -1 0 -2 0 -2 0 2 0 -1 0 0 1 0 -2 0 -2 0 1 0 3 -1 0 -1 -1 0 -3 0 0 2 1 -1 1 -2 -1 -1 0 -1 1 1 0 -2 -1 -1 1 1 2 -1 1 -1 1 1 1 3 0 -1 0 1 -1 -1 -1 -1 3 2 -1 -1 2 0 0 1 -1 -1 0 -1 1 -1 0 -1 1 0 -1 0 0 -1 -1 -1 -1 0 2 0 -1 3 0 -1 1 0 1 -2 0 -2 0 0 2 1 -1 1 2 0 0 0 0 0 -1 2 0 2 -1 0 -1 -1 1 -1 0 2 1 -1 -1 -1 1 1 -1 0 0 0 -1 0 0 1 1 0 0 0 -1 -2 0 -2 2 0 1 0 0 0 3 0 1 0 0 -1 0 -1 -1 -2 1 -2 2 1 0 0 0 1 0 2 1 -1 0 0 -2 2 -2 1 1 1 1 -1 1 1 2 0 -2 0 2 1 1 1 -1 0 0 1 1 -1 -1 0 1 1 -2 -2 1 -1 0 -1 0 0 -1 0 0 0 1 0 2 1 -2 0 1 0 0 1 -1 0 1 0 0 -2 -1 -1 -1 0 0 0 1 1 1 -1 1 1 0 0 0 2 2 0 -1 1 -1 -1 0 0 -1 -1 0 2 1 -2 1 1 -1 0 1 1 2 0 0 1 3 -1 1 1 0 1 0 -1 0 0 -2 -2 0 -1 0 0 1 -1 0 0 1 1 0 0 1 1 -1 -1 0 1 1 -1 0 2 -1 0 1 1 0 -1
34 1 -1 2 0 0 -1 0 1 2 0 0 1 1 0 0 0 1 0 0 0 1 -1 1 -1 -1 1 1 1 1 1 1 0 2 0 -2 1 -1 0 1 -1 0 2 0 2 1 -1 -1 2 1 -1 0 0 0 0 1 -1 -1 0 -1 1 -1 0 0 0 -1 -1 -1 0 -1 1 0 -2 0 1 1 -1 2 1 0 -1 1 -2 -2 -2 -1 0 1 -1 1 1 1 1 -1 2 0 2 1 1 0 -1 1 0 -1 0 -1 0 1 1 0 0 0 -1 0 2 1 0 1 -1 2 -2 0 0 1 1 -1 1 0 -1 -2 1 1 -2 -1 0 -1 1 2 1 2 -1 1 -1 0 2 1 -1 0 1 -1 0 0 -1 -1 0 1 -2 -1 0 1 -1 0 -1 -1 0 1 1 -1 2 -1 1 1 2 1 2 0 0 0 -1 0 -1 -1 -1 1 -2 2 0 1 2 1 0 2 0 2 -1 0 0 -1 2 1 0 -1 0 1 1 1 0 -1 1 -2 -1 0 -2 -1 1 -1 -1 -1 0 2 0 1 -1 -2 0 1 -2 -1 -1 0 1 0 0 -1 -1 -1 0 -1 1 2 2 -2 2 0 0 0 -1 0 0 0 2 0 -2 -1 -1 2 0 0 1 1 2 1 -1 1 0 1 0 1 0 -2 1 2 2 -1 0 1 1 2 1 1 -1 -1 0 0 1 -1 0 0 -1 -1 -1 1 -1 -2 -2 0 0 -1 1 0 0 1 2 1 0 0 0 1 0 -1 1 -1 0 0 -1 -1 -1 0 -1 -1 0 3 2 -1 0 -1 1 0 -1 1 0 -2 0 0 1 -1 1 -2 1 0 -2 1 0 0 1 1 0 1 0 -2 1 0 0 0 2 0 -2 1 0 0 -2 0 -1 1 1 1 1 -2 0 0 -1 -2 0 1 -2 -1 0 0 0 3 0 -1 -1 0 0 0 2 1 0 1 2 1 0 -1 0 1 0 -1 0 -2 -2 -1 -1 -1 0 -1 -2 -1 1 -1 0 -1 -2 1 0 -1 1 -2 0 -2 0 0 -1 0 -1 2 -1 -1 -1 -1 0 1 2 1 -2 -2 2 2 0 -1 -1 2 1 0 0 0 0 0 0 -1 1 -2 -1 0 2 1 0 -2 0 -1 0 0 -1 2 -1 0 2 -1 0 -1 1 0 0 2 1 -1 -1 -1 -1 0 1 0 0 1 1 0 0 -1 1 -1 -2 -1 -1 -1 0 0 0 -2 0 1 0 -3 0 2 0 1 0 0 0 -1 0 1 2
71 -1 -1 0 1 2 1 0 0 -1 -3 0 0 -1 0 -1 -1 1 2 -1 -1 0 0 1 1 0 1 0 1 2 0 0 2 1 1 -3 0 -1 0 -1 -1 0 -1 -1 -1 1 1 0 0 0 1 0 0 -1 1 1 -1 0 -2 1 1 1 0 0 2 0 -1 1 2 1 0 -1 0 -2 1 -1 2 0 -1 0 -1 1 -1 1 -1 0 1 -1 0 0 -2 -1 0 -2 1 -1 0 -2 0 -1 2 1 0 0 0 1 -1 -1 0 0 1 0 1 0 1 -1 1 0 -2 0 0 -1 -1 1 -1 2 2 1 0 -1 1 1 2 1 1 -1 -1 -1 -1 0 1 0 -1 1 1 0 -1 -1 1 -1 -1 -3 -1 1 1 1 0 -1 0 1 -1 0 2 2 2 0 -1 1 0 0 0 -1 0 -2 -1 0 1 -2 -1 0 0 0 -1 0 2 0 0 1 -1 -1 0 0 -1 1 -1 0 0 -2 0 -1 1 -1 -1 0 -1 0 0 0 1 -2 0 0 -2 0 2 1 0 1 2 0 1 -1 -1 -1 1 1 1 0 1 -1 0 -3 -1 0 0 0 0 -1 -1 1 1 -1 -1 -1 2 0 -1 -1 1 -2 -3 0 -1 1 1 0 0 -1 1 1 0 1 1 2 0 1 -3 -1 -2 0 -1 1 0 -1 2 0 -1 -1 -1 0 0 0 0 0 1 2 0 1 -1 1 1 0 0 0 1 2 -1 0 1 0 -1 2 0 2 2 2 0 1 1 0 1 1 0 1 3 0 0 1 2 -3 -2 0 1 0 0 -1 2 -1 -1 -2 0 0 -2 -2 0 1 0 0 -1 1 -1 -2 0 -1 1 -1 -1 1 0 0 1 -1 0 -1 -2 0 1 1 -1 0 -1 1 1 1 -1 0 1 1 0 -1 0 -1 1 -1 1 0 -2 1 -2 3 1 0 -2 0 0 -1 -1 -1 1 2 -1 -1 0 1 1 1 -2 1 -1 0 -2 0 0 1 0 2 -1 -2 0 -1 1 -1 0 1 0 0 -1 -1 0 -1 1 0 0 -2 0 0 -2 -1 1 1 1 0 -1 0 -1 -1 -2 3 0 2 0 -1 0 1 1 -1 1 2 0 1 -1 0 -1 -1 1 2 0 -1 0 0 0 -1 1 -1 0 -2 -1 2 0 1 1 -2 -3 0 0 -1 0 -2 -1 1 0 -1 -1 2 -2 0 1 -2 0 2 -2 0 2 0 -1 1 2 -2 0 0 2 -1 0 -1 1 0 1 0 0 1 -1 0 0
39 3 0 2 0 1 0 -1 0 1 0 -1 -1 1 -2 -1 1 1 -1 0 0 -1 1 1 0 1 0 1 0 1 0 1 0 2 1 -2 1 2 -1 0 -2 0 0 -2 -1 1 0 -1 0 1 2 0 -1 0 1 2 0 1 0 0 -1 0 1 -1 -1 -2 0 1 -1 -1 -2 -2 0 2 -1 0 1 -1 -2 2 0 0 1 1 -1 1 -2 -1 0 0 1 0 0 1 0 -1 -1 1 -2 0 -2 1 0 -2 2 -1 0 -1 0 0 -1 -1 0 0 0 3 1 0 -1 -2 -1 1 -1 0 1 -2 0 -1 1 1 -1 -1 -1 -1 2 1 2 1 1 1 1 1 -1 1 -1 0 0 1 2 2 1 0 -1 0 -1 1 -2 1 1 2 1 0 0 0 1 -1 -1 1 1 1 -2 1 -1 0 0 0 0 -1 0 -1 0 0 -1 -2 0 -1 1 -1 -2 1 1 -1 1 2 -2 0 0 -1 -2 1 0 0 0 0 -1 0 1 0 1 -1 0 0 0 1 0 0 0 -1 0 -1 1 0 -1 -1 0 1 0 1 -1 1 -1 2 -1 -1 0 -1 0 0 1 -1 1 -1 1 0 1 0 2 0 -1 1 -1 0 -1 0 1 -2 -1 1 1 1 -1 0 2 2 2 -1 2 0 0 -1 1 1 0 0 2 0 -1 1 -1 1 1 1 0 0 -1 -1 -2 0 -1 -1 0 1 -1 2 -1 -1 0 2 2 0 0 1 1 0 0 -1 0 -1 -1 -2 -1 0 0 0 0 -2 1 -1 1 0 1 -1 -1 1 -1 -1 0 -1 -1 -1 0 1 -1 0 -1 0 1 0 1 1 -1 -2 -1 2 0 -1 1 -1 0 1 1 1 0 1 -2 -1 0 0 -2 1 1 -1 -1 0 -1 -3 0 0 -1 1 1 -1 0 0 1 0 1 2 -1 2 1 -1 0 -1 1 -1 2 0 1 2 -1 -1 1 0 0 0 -1 2 0 1 1 -1 1 -1 0 -1 0 0 0 -1 -2 0 2 1 2 -1 -2 1 1 0 -1 0 2 -1 0 0 -1 -1 1 0 2 1 1 1 -1 -2 2 0 0 -1 0 -2 -2 0 0 1 1 0 2 1 1 -1 -1 2 0 1 -1 -1 0 -1 2 0 0 2 1 -1 0 0 1 -2 0 1 -1 -1 0 -2 -1 -1 -1 0 0 1 -1 -1 1 -1 0 1 -1 0 -1 1 2 1 0 0 2 2 1 -1 -1 1 0 -1 0 1 -1 -1 0 1 0 -2 -2
100 0 -1 2 -1 1 -1 -1 1 0 0 1 -1 0 -1 2 0 -1 -1 1 2 0 0 0 1 0 -1 2 0 0 1 2 -1 1 2 -1 0 0 0 -2 0 1 1 2 1 0 1 0 0 -1 3 -1 -1 0 0 -1 -1 1 -1 -1 -1 0 0 -1 0 -1 -2 0 0 0 -1 0 -2 1 -1 -2 0 1 0 1 0 1 0 0 0 0 -2 -1 -1 0 -1 0 -1 1 -1 1 -1 0 0 1 1 2 0 1 0 -1 0 0 0 0 1 2 0 2 0 0 0 0 1 0 -1 1 0 0 1 2 1 1 0 -1 -2 -2 -2 -2 0 -1 1 -1 0 -2 -1 0 1 -1 -1 2 0 1 0 0 2 -1 -1 -3 0 0 -1 -1 0 0 -2 0 1 -1 -2 -2 0 -1 2 0 1 -1 0 0 1 1 2 0 2 1 0 0 1 -2 -1 -1 -1 -1 -1 0 1 1 2 0 -2 1 -1 0 -1 0 2 0 -1 1 1 2 1 -1 -2 1 1 1 -1 0 0 1 -2 0 -2 1 0 0 -1 -1 0 0 -2 2 0 -1 -1 1 -1 1 0 0 0 -3 -2 -1 -1 1 0 2 0 2 1 2 -1 1 1 -2 0 1 -1 0 1 1 0 0 -1 -2 0 1 -1 -1 1 1 -1 -1 0 3 0 1 -1 -2 0 1 1 2 1 -1 0 -1 1 -1 0 2 0 -1 0 0 0 2 1 -1 1 0 0 2 1 0 0 0 1 0 -1 -1 2 -1 0 -1 0 0 0 -1 2 2 1 -1 0 -1 1 2 -1 -2 1 1 1 0 -1 -1 0 -1 0 -2 1 -1 1 2 0 -2 -1 0 -1 1 -1 0 0 1 1 1 0 2 -1 0 1 1 1 1 1 -1 0 0 0 1 1 -2 -1 1 1 1 0 0 -1 0 1 0 1 0 0 0 -1 -1 1 -1 1 0 1 1 0 0 -1 0 0 0 1 1 -1 1 0 0 0 -1 1 0 -2 0 -1 0 1 1 0 -1 0 0 1 0 1 0 1 1 -1 -1 1 1 0 1 -1 1 1 0 0 1 0 2 -1 -1 3 0 1 0 1 0 1 0 0 3 2 1 1 -2 -1 0 -1 -1 -1 -2 2 1 0 1 1 -1 -1 -1 -1 -1 -1 -2 -2 -2 0 -1 -1 -1 -1 -1 -1 -2 -2 -1 -1 0 2 -1 0 0 -1 1 1 0 -1 2 3 -3 0 -1 1 -1 0 0 -1 -2 1 0 0 0 2 -2 1 0 1
40 -1 -1 -1 0 1 -3 -1 0 -1 0 -1 -1 -2 0 2 1 1 -1 1 1 0 0 1 1 0 1 2 1 0 0 -1 -1 0 2 2 -1 1 2 -3 0 0 -1 0 -1 -1 2 1 0 -1 0 0 1 -2 -2 0 1 1 -1 0 1 0 -1 -2 0 0 0 0 -2 2 2 1 -1 0 1 0 -1 -1 1 2 -1 0 -1 0 -1 -1 -1 0 -2 0 -1 1 -1 1 0 0 0 1 1 0 -1 2 0 -1 -1 0 -1 1 -1 -1 -3 0 1 2 1 -1 2 0 1 1 0 1 -1 0 0 2 0 0 0 2 3 0 0 2 -1 0 0 1 -1 -2 -1 0 0 -1 0 0 -1 0 -1 0 2 1 0 -1 -1 -2 1 -2 0 -1 -1 1 0 1 0 1 0 1 -1 -1 2 0 -1 0 3 2 1 0 0 0 1 -1 0 1 1 1 0 1 0 1 0 0 0 0 -1 1 1 0 0 1 2 1 2 -2 -1 2 -1 0 1 2 -1 0 -2 -1 -1 -1 -1 0 1 0 -1 0 -2 0 0 2 1 1 0 0 0 0 -3 -2 1 -1 -1 -1 0 1 -1 -1 0 -1 0 0 1 -1 0 1 1 -1 1 0 -1 -1 -1 1 0 2 1 -2 0 1 -1 1 0 0 -1 0 0 2 -2 -1 0 -1 1 0 1 -1 0 2 -1 2 -1 1 0 1 0 1 0 0 2 1 -2 1 -1 2 -1 -1 -1 0 -1 0 1 0 -1 0 0 1 0 0 1 1 -1 -1 2 3 -1 -2 -1 0 -2 1 -1 -1 -1 0 0 0 2 -1 0 -2 1 -1 0 1 0 0 1 0 0 0 0 0 2 2 0 -2 -1 0 1 2 1 0 1 0 3 1 1 -1 -1 0 1 -1 -1 0 -1 1 2 0 -1 1 -1 1 -1 1 1 -1 -1 -1 1 1 2 2 0 -1 0 -1 -1 0 -1 1 0 1 0 1 1 0 0 1 -1 -1 -1 2 0 -1 1 0 -1 -1 0 2 -2 -1 -1 1 0 0 2 0 0 -1 1 -1 2 2 1 0 0 0 0 1 1 -1 0 -1 0 0 -1 0 -2 1 0 0 2 0 0 0 -1 -1 0 -1 0 1 -1 -1 1 1 1 0 1 -2 1 0 0 0 0 0 1 -1 1 1 0 0 0 0 -1 1 0 0 0 1 -1 0 -1 1 1 2 -1 0 3 -1 0 -1 -1 2 0 -1 0 0 -1 -3 3 0 0 0 1 0 -1 2 1
70 0 0 0 0 -2 0 1 0 -2 0 -1 1 -1 -2 1 3 0 -2 -1 1 0 -1 -2 1 1 0 1 -2 1 -1 0 0 1 -1 0 1 -1 1 -2 -2 2 1 -1 0 0 0 0 0 -2 -1 -2 0 0 2 -1 -2 -2 -1 1 -2 1 0 0 1 0 -1 1 0 1 1 -1 0 0 0 -1 0 0 -2 0 -1 -2 0 -1 -1 -2 0 0 2 1 0 0 -1 2 0 1 0 -1 -3 1 1 -1 0 0 0 -2 0 2 0 0 0 1 0 0 0 0 1 -1 0 -1 1 1 -1 0 1 2 0 0 0 1 0 -2 1 0 0 0 1 -1 -1 1 0 0 -1 0 -1 -1 2 -1 0 0 -1 1 0 0 -1 0 2 1 0 0 2 -1 0 1 1 1 0 0 -1 -1 -2 2 -1 1 1 1 -1 -1 0 -1 -1 0 -1 1 -1 2 0 0 1 -2 2 2 0 -1 1 1 2 -2 0 0 -1 -1 1 1 3 -1 0 0 -1 0 -1 -3 1 -1 0 0 1 -1 1 -1 -1 -1 0 0 -1 0 0 1 2 2 2 0 -2 -2 -1 0 0 0 -1 0 -1 1 0 1 1 -3 -1 0 0 1 -1 0 1 -1 -1 2 -2 1 0 0 -1 -1 0 -2 -2 -1 0 -1 1 -1 0 2 2 1 0 -1 2 -1 0 -3 -1 -1 -1 1 0 -1 0 -1 0 1 0 -1 1 -3 -1 1 2 -1 1 0 0 0 -1 2 -2 0 -1 0 1 2 1 -1 0 0 0 1 -1 -1 0 -1 2 2 -1 1 0 1 1 0 1 1 -1 1 1 0 0 -1 1 -1 0 0 0 -1 1 1 -1 0 0 0 0 1 1 0 1 0 1 0 1 0 0 1 -1 0 -1 -2 -1 0 -2 0 -1 0 1 -1 1 -1 1 1 2 1 0 1 1 -1 -1 1 0 -2 0 -1 0 -3 1 0 0 -1 2 1 0 0 0 -1 1 -1 1 0 -1 -1 0 0 1 -1 0 0 0 1 0 0 -1 0 -1 1 2 -1 1 1 -1 0 -2 0 -1 -2 1 0 0 0 1 0 1 1 0 -1 1 2 -2 -1 0 2 -1 0 -1 1 0 1 -1 2 1 1 -1 0 0 1 1 -1 0 -1 0 -1 -2 0 1 -1 0 0 1 -2 0 1 1 0 -1 -1 1 1 -1 -1 -2 -1 0 1 2 -1 1 0 1 -3 1 0 -1 -1 0 -2 1 1 1 0 1 0 1 1 2 0 1 -1 0
47 -1 1 0 0 2 0 0 2 0 -1 1 0 0 -1 -1 1 2 -1 0 -1 1 0 0 0 -2 0 0 0 1 2 2 0 -1 -1 0 -2 0 0 1 1 0 1 0 0 3 1 0 1 1 2 -1 1 2 1 0 2 -2 -1 0 -1 -1 0 0 1 1 0 1 -1 1 -1 -1 -1 0 1 0 3 2 0 1 0 1 0 -3 0 1 1 -1 0 0 0 -1 0 -2 -1 -2 0 0 0 -1 0 0 0 0 2 0 0 1 0 0 -1 0 0 1 -1 -1 0 -1 -1 -1 0 1 0 -2 1 1 0 0 2 0 0 0 -1 0 1 0 -3 -1 1 -1 1 0 0 -1 0 0 0 0 0 0 0 0 -1 0 0 0 0 -2 0 -1 -1 -1 -1 0 0 -1 0 0 0 0 2 0 0 0 0 -2 1 1 -1 1 0 -1 1 0 1 1 0 0 -1 0 -1 -1 -2 0 1 2 -1 1 -1 0 1 3 2 -1 0 -1 -1 -1 0 1 -1 -2 0 -1 1 -1 0 0 2 -1 0 -1 -1 0 2 0 0 0 -1 1 -2 -2 -1 1 2 -1 0 -1 -1 0 0 1 -2 -2 -1 -1 -1 1 2 1 1 -1 0 -2 -1 0 -1 0 1 0 0 1 0 0 -1 0 0 -2 1 0 -1 -1 -1 0 2 -1 1 0 -2 -1 1 0 -2 1 3 2 -1 2 0 0 1 0 0 0 -1 1 2 1 0 1 0 1 -1 0 0 2 0 0 0 2 2 -1 0 0 1 -2 2 0 0 1 -3 0 1 0 0 -1 1 1 0 1 0 -2 -2 1 1 2 0 -1 1 1 -1 0 2 1 -1 -1 0 0 0 -1 2 0 0 0 0 0 0 -2 1 1 0 0 -1 0 1 0 1 0 1 -2 -1 1 0 -1 1 1 0 2 0 2 -1 0 2 0 0 -1 0 0 2 0 -2 -2 -1 0 1 2 -2 0 -1 0 0 -1 1 1 0 2 -1 0 2 -1 0 1 3 0 0 -1 0 -2 1 0 1 0 0 -1 1 0 -1 -1 0 1 -1 -1 1 0 1 1 0 0 1 0 0 0 1 0 -1 -2 2 3 -1 -1 0 0 0 -3 1 0 0 0 1 1 -2 1 0 1 1 0 1 2 0 -1 0 -2 -2 1 -1 0 2 -2 2 1 1 -1 -1 -1 -2 -2 1 1 1 1 1 0 0 -1 -1 -1 1 0 2 -1 1 -2 0 2 -2 -1 2 0 -1 1 2 1 -1
109 -1 2 0 1 0 0 -2 0 -1 -1 1 0 -2 1 0 0 -2 1 -2 0 0 1 1 -1 1 -3 0 0 0 1 1 -1 -1 0 -1 1 1 1 -1 1 2 -1 1 1 -1 0 -1 2 -1 0 0 0 1 -1 0 1 0 -1 1 -1 0 -1 0 0 1 0 1 -1 -1 -2 -2 2 0 0 0 1 0 -1 0 0 1 0 1 0 0 1 1 -2 0 0 -1 1 0 0 -1 0 0 2 -1 1 -1 2 -3 2 1 0 0 0 0 0 1 -3 0 -1 -1 -1 0 0 0 0 -1 1 1 1 0 1 0 -2 2 -2 -1 -1 0 -2 0 1 1 2 -2 -2 -2 0 0 1 -1 1 1 0 1 1 0 0 1 -3 -1 0 2 -1 1 -1 0 0 1 -1 0 -3 0 3 -1 -1 0 -1 2 0 1 0 -1 1 -2 1 0 -1 -1 0 1 -2 1 1 0 0 0 0 0 2 -1 0 0 0 1 1 0 0 0 -1 -2 1 0 -1 -1 -1 1 1 0 0 0 0 0 -1 -1 -1 0 1 0 -1 0 0 0 1 2 1 1 -1 0 0 1 1 2 0 -1 -1 1 1 -1 1 1 -1 -1 1 1 0 1 0 0 0 1 0 1 -1 1 2 0 2 2 -1 1 -1 -1 0 -1 0 1 -1 -1 0 -1 1 3 -1 -1 2 1 0 0 -1 1 0 1 1 -2 -1 0 0 2 -1 1 2 0 -2 0 2 0 1 0 2 0 0 0 0 2 0 -3 -3 -1 0 1 2 -1 0 0 0 1 -1 0 0 -1 1 -1 -1 3 0 -1 -1 -1 0 -3 1 0 0 0 0 2 0 0 0 2 0 1 0 0 0 0 0 1 -2 0 1 -1 1 0 1 0 -2 0 -2 1 -2 -1 1 -2 0 1 1 1 -2 0 -1 1 -1 0 0 0 0 1 -1 0 0 0 -1 3 0 0 1 0 1 1 -1 1 -2 -1 1 -1 -1 0 0 2 0 1 0 0 0 -1 0 0 -1 0 0 -1 0 0 0 0 -1 1 -2 0 0 0 1 1 1 0 -1 -1 1 1 -1 -2 -1 1 1 1 1 -1 0 0 0 -2 0 3 -1 0 0 0 0 0 -2 -1 0 -2 -2 -1 0 0 0 -3 0 -1 0 0 -2 -1 -1 -1 0 -2 0 1 -1 1 3 -2 0 0 1 0 -1 -1 0 0 1 0 0 1 -1 1 1 3 -1 0 1 -1 -1 0 2 -1 -2 0 0 -1 0 0 -1
35 -1 2 1 1 0 0 1 1 1 0 0 1 1 -1 0 0 -2 2 1 3 -1 1 -1 0 -2 0 -1 0 0 -2 2 1 -3 3 -1 0 1 -1 1 3 0 2 2 0 1 -1 1 1 0 0 -1 0 0 -1 -1 0 -2 2 0 -1 0 -1 1 1 1 3 -2 1 1 1 1 1 -1 1 -1 -1 -1 1 -2 0 -2 2 1 3 1 0 1 -1 0 -1 2 1 0 1 1 0 -2 2 1 -2 -1 0 0 2 0 0 1 -2 0 1 1 1 1 3 -1 1 1 0 1 0 0 0 1 -1 -1 -3 1 0 -1 1 0 0 -1 1 -1 0 0 1 -1 -1 -1 0 1 0 1 2 -1 0 0 0 0 -1 0 0 0 0 1 1 1 0 0 0 0 -1 -1 -1 -1 -1 -1 0 1 0 0 -1 -1 -1 1 1 0 2 0 1 1 1 0 0 0 -1 0 -1 -1 1 0 1 1 -1 0 2 0 0 0 1 -1 1 0 -1 1 -1 -1 2 0 -2 -1 1 -1 2 0 -1 1 -1 -1 0 1 1 0 -2 -1 2 2 1 0 0 0 -1 -1 1 2 1 -1 -2 0 2 -1 1 0 0 -1 1 1 -1 0 1 -1 0 0 2 0 -1 -1 0 0 2 -1 1 -1 1 -1 -1 -1 0 -1 0 0 0 0 1 -1 1 0 -1 0 0 -1 -2 -1 1 0 2 -1 -1 0 -2 1 -3 -1 0 0 0 0 0 -2 0 -1 1 2 1 0 0 0 -1 -1 1 1 1 1 2 -1 0 0 -2 2 -1 -1 -1 2 -1 -1 1 1 1 -2 -1 -1 0 0 0 0 -1 0 0 1 -1 -1 -2 1 -1 1 0 1 -1 1 1 1 1 -3 0 0 -1 3 1 -1 -1 1 1 0 1 0 1 0 0 0 -1 0 0 0 0 -1 1 -1 -2 0 0 0 0 -1 -2 -1 -1 1 -2 -1 1 -2 1 0 0 0 0 1 1 0 0 2 0 -2 1 2 0 1 3 -2 0 0 -1 -1 0 1 0 0 -1 2 1 1 0 0 1 0 -1 -1 1 2 0 2 0 2 2 -2 -1 1 0 1 -1 1 0 -1 0 -1 1 1 1 0 0 -3 0 0 -1 0 0 1 1 1 0 0 2 0 1 0 1 -1 0 -2 -1 1 -2 1 0 -1 -1 -1 -1 2 0 1 1 0 0 0 0 3 0 1 0 -1 -1 0 1 0 1 0 2 1 -1 1 1 2 -1 0 -1 -1 0 -1 0
85 0 -1 0 0 -2 2 0 -2 0 0 0 0 0 0 0 -2 -1 -1 0 0 1 0 -1 -2 -2 1 1 3 -1 3 0 -1 -2 1 0 2 -1 0 -1 0 1 0 -1 0 0 1 1 -2 1 0 -1 1 -1 0 -1 1 1 -2 -1 0 0 1 -1 1 1 0 -2 1 -1 2 1 2 1 1 1 -1 1 1 0 -1 -1 -1 -1 -2 1 0 -1 0 2 1 1 -3 0 2 1 -2 1 0 1 0 0 1 -1 0 1 1 1 -2 1 0 2 0 -1 -1 0 -2 -1 2 -2 -2 -1 1 0 0 0 1 -1 0 0 -1 1 2 -1 0 -1 0 -1 0 -1 -1 1 0 0 1 -1 -1 0 0 2 0 0 0 0 -1 2 2 0 0 0 -1 0 1 0 2 2 -1 -1 0 -1 2 1 -1 1 -1 2 1 0 -1 -1 0 -1 1 1 0 -2 -1 0 2 -1 -1 1 0 -1 3 -1 -1 1 0 0 -1 -1 0 1 0 -1 -2 0 0 0 0 0 -1 0 0 0 -1 -1 0 0 -1 -1 1 -1 0 1 0 0 1 -1 0 0 1 0 0 1 2 1 1 0 0 -1 -1 1 0 2 -1 1 -1 -1 1 0 0 0 1 1 0 1 -1 -1 0 0 -1 -2 -1 2 1 -2 0 -1 -1 -2 -1 -1 -1 -1 0 -2 2 -1 1 -1 -1 -2 1 -1 -1 -1 0 -1 -1 0 0 0 0 1 -1 0 -2 -1 0 0 0 1 -1 0 -1 1 -1 -2 2 -1 -1 -1 0 0 -1 1 -1 1 2 0 1 -1 -1 1 0 0 0 0 0 3 0 2 2 -1 1 0 -1 0 -1 0 -1 0 -2 0 1 0 -1 0 -2 0 3 1 1 3 0 1 2 -1 1 0 -1 0 1 0 0 -1 1 1 0 -2 1 -1 1 0 0 -1 0 0 -1 2 0 0 1 1 -1 -1 -1 0 0 0 -1 1 0 -1 1 -1 0 0 -1 0 -2 1 2 -2 0 1 0 -2 1 1 -1 0 -1 -2 -1 1 1 -1 2 -2 0 1 -1 1 1 1 -1 -1 -1 1 -1 1 0 -2 0 -2 -1 0 0 -1 0 -1 -2 0 -1 1 0 -1 0 0 1 0 -1 0 1 0 -1 1 1 -2 1 1 0 -1 1 0 -1 0 2 -2 0 -1 -1 2 -1 -1 -2 1 1 1 -2 0 2 1 2 0 1 0 1 -1 -1 0 0 -3 -1 3 -1 -1 0 1 2 -2 1 2 -1 -1 0 0 0 1 1
67 0 -1 0 1 0 -1 0 1 0 1 1 1 -1 -1 0 -1 0 -1 -1 1 1 2 -1 -2 -1 0 0 1 2 -1 2 0 3 1 0 0 0 2 -1 -1 0 1 -1 0 2 -1 1 1 0 2 1 -1 2 0 1 -1 0 -1 0 -2 1 2 -1 -2 -1 -1 0 0 0 0 -1 -1 -1 -1 1 1 -1 2 0 0 0 -2 0 0 0 0 1 0 -1 -1 0 -1 1 2 1 0 0 0 0 0 -1 -1 0 2 -1 0 1 1 2 1 0 1 -1 2 3 1 0 0 0 0 0 -1 0 0 -1 0 0 -1 0 1 -1 -1 -1 1 1 1 -1 -1 -2 0 1 0 2 0 1 0 1 0 0 1 1 0 0 0 1 0 -1 1 -1 1 -1 0 -1 -1 0 0 1 -1 0 -1 -1 0 1 -1 -1 0 -1 0 0 2 0 2 0 -2 0 0 1 -1 0 -1 0 1 0 0 0 -2 2 1 -1 -2 -1 0 1 -1 1 0 -1 1 1 1 -2 0 0 0 1 0 0 -1 1 1 -1 1 -1 0 -1 1 0 1 0 3 0 1 0 0 -1 1 1 1 -1 0 2 -1 1 -1 1 0 0 0 1 -1 -1 1 1 0 1 0 2 0 0 0 -1 -1 -1 0 -1 0 0 1 -2 -1 0 0 -1 1 1 1 0 -1 0 1 0 -1 0 -2 2 -1 0 -1 3 1 2 1 1 -1 -1 1 0 0 1 0 0 2 0 0 1 1 -1 -1 -2 1 -1 2 0 1 -1 -1 -2 -2 -1 2 -1 1 1 0 -1 -1 -1 1 -2 0 1 -1 -2 0 0 -1 0 0 0 -1 0 2 -1 -1 -1 -1 1 -2 1 0 1 0 1 -1 1 -2 -1 2 -1 1 1 0 -1 0 -1 2 2 1 1 -1 1 1 -1 0 2 0 -2 -1 1 0 0 -1 1 0 -3 -1 -2 2 -1 -1 -2 1 3 0 -1 0 0 1 -1 1 -1 -2 0 -2 1 0 1 1 2 0 -1 1 -2 1 2 -1 0 0 0 0 0 2 -1 -1 -1 1 0 -1 1 -2 0 0 -1 1 2 0 1 -1 -1 0 0 -1 1 -1 1 2 -2 0 1 0 1 1 0 0 -1 -1 0 2 1 0 -1 0 0 1 -2 2 0 -1 -2 0 0 2 -1 1 1 1 -1 -2 0 0 1 1 0 2 2 1 0 -1 1 -2 -1 1 2 1 -1 1 -1 0 0 0 0 -2 -1 1 0 3 1 -2 0 -1 -2 -2
94 0 0 0 -1 -1 -1 -1 0 0 -1 1 -1 0 -1 0 -2 1 0 1 0 0 2 0 0 -1 -1 -1 2 1 0 -2 0 1 1 -2 2 -2 0 1 0 -2 -1 0 1 0 -2 0 0 1 0 0 -1 0 0 1 -2 0 -1 1 0 0 0 -1 -2 0 -1 -1 3 -1 -1 1 1 -1 0 0 0 1 -1 0 -1 2 0 2 -1 -1 1 -1 1 2 -1 0 1 -3 0 0 2 -1 -1 0 1 2 -1 0 -1 -1 -1 -1 1 0 2 0 -1 1 0 1 1 2 1 2 0 0 0 0 0 1 1 0 -1 -1 1 0 2 -1 0 0 -1 0 -2 -2 1 -1 0 0 0 1 0 2 1 -1 0 -1 -2 -1 2 0 -2 -1 0 1 1 0 1 -2 -1 0 -1 2 1 0 -2 2 0 -2 -3 2 -1 0 -1 1 -1 -1 -1 0 0 0 1 -1 3 0 0 1 2 -1 -1 0 1 -1 1 1 1 0 -1 0 0 0 0 0 1 -1 1 0 0 -2 0 1 -1 1 0 0 -1 0 0 -1 -1 0 1 -1 2 -1 1 -1 0 0 -1 0 1 0 1 0 1 0 -2 1 0 1 -2 -1 1 -2 0 0 1 1 0 0 -1 -1 1 -2 1 1 -1 -1 0 -1 0 0 0 -2 -2 2 1 0 -2 -2 0 0 2 1 0 0 0 -1 1 0 0 1 1 0 0 2 -1 0 0 -1 2 1 0 -1 1 1 -1 2 1 0 0 2 -1 -1 1 1 1 1 -1 -1 0 0 1 -2 -2 1 -1 0 0 2 -1 0 1 0 1 0 0 -1 0 -1 -1 -1 0 1 2 1 -1 -2 -1 -1 0 0 0 -1 1 -3 -1 0 -2 -1 0 -1 2 0 2 1 1 -1 0 3 -1 -1 2 -2 -2 0 0 1 -1 -1 0 -1 -1 2 1 -3 -1 -1 0 -2 0 -1 0 1 0 1 0 1 -1 -2 -1 1 -1 -2 -1 1 0 0 -1 2 -1 -2 1 -2 1 -1 -1 0 -1 0 -1 1 1 -1 1 0 -1 0 0 -1 1 0 1 -1 0 1 0 0 0 0 -2 1 1 1 0 0 1 1 -1 0 1 -1 0 -1 -1 1 1 -1 0 -1 2 0 -1 0 -1 0 0 -1 -2 1 1 1 -1 0 -1 -1 0 0 1 -1 0 -1 0 1 3 -2 1 0 1 1 -2 0 -1 2 2 0 -1 0 1 2 0 0 0 1 -1 0 -1 0 1 2 2 -1 0 0 0 0 2
93 -1 2 2 2 1 0 -1 0 -1 1 -1 0 1 0 1 -1 1 2 0 -1 1 1 -3 -2 -2 0 0 -1 1 1 0 -1 1 0 0 -2 1 -2 0 0 1 1 0 -1 0 1 0 1 0 -1 0 0 0 0 0 -1 2 0 1 1 1 0 -1 0 1 0 2 1 2 0 -1 -1 -1 0 1 -2 -2 1 0 0 1 0 -1 -1 -1 0 0 3 1 0 1 -1 1 -1 -2 0 1 1 -1 1 -1 1 3 1 -1 0 1 -1 0 1 0 0 0 0 0 0 0 2 1 1 0 0 0 1 1 -2 1 0 -1 2 0 0 -2 -2 1 1 -1 -2 -2 -1 -1 0 -1 1 0 1 -2 -1 1 0 0 3 -1 1 0 0 0 0 -2 -2 0 -1 0 1 0 1 2 -1 0 0 -1 0 -1 1 -1 0 1 -1 2 1 1 0 1 0 1 0 2 0 1 1 0 -1 -1 0 -2 0 -1 -1 0 0 1 -1 0 0 0 1 -1 1 1 -1 1 1 0 0 2 1 -2 -1 2 0 0 -1 2 -1 1 1 0 0 0 0 0 0 -1 0 0 -2 -1 0 1 1 -1 0 1 0 1 2 3 2 1 0 -2 0 1 0 -1 0 1 -1 -1 1 -1 -1 1 0 -1 -1 2 0 1 1 0 1 -1 1 0 2 -3 -1 1 0 -1 1 0 0 0 0 0 0 2 1 1 0 0 -2 0 -1 1 0 1 -1 0 1 0 1 -2 0 1 1 -1 -1 1 0 -2 0 0 0 1 0 0 0 1 -1 2 2 0 -1 0 2 0 1 1 0 1 0 1 -1 1 -1 1 0 -1 -1 -2 0 1 1 -1 1 0 -1 0 1 2 1 -1 0 1 0 -1 0 1 -1 0 0 2 2 0 0 1 1 2 0 -1 2 -1 0 0 -1 1 0 1 0 0 -1 1 -2 1 -1 0 -1 0 0 -2 -1 1 -1 2 -1 0 0 -2 -1 -2 0 0 1 0 1 3 1 -1 0 1 0 0 1 0 1 1 -1 -3 2 1 0 1 1 0 0 0 -1 0 0 1 0 1 1 0 -1 -3 1 -3 2 0 2 -1 0 2 1 0 0 0 -1 1 -1 -1 -1 0 -1 0 -1 0 0 0 0 -1 -2 0 0 -2 0 1 1 -1 0 1 -2 -1 0 1 -1 1 -1 -1 -2 0 -1 1 -1 0 0 1 1 -1 1 0 -2 1 1 -1 -1 2 1 0 0 -1 -1 0 3 -1 0 1 1
76 -1 -1 -1 -2 0 -1 0 -1 -1 1 -1 0 -1 1 -1 1 0 -2 0 1 0 0 0 -1 -1 1 -1 -1 0 0 3 2 1 -1 0 -2 1 -1 0 -1 -1 -1 0 0 0 -2 0 0 1 -1 0 2 1 1 -2 -1 -1 2 1 2 1 1 2 1 0 1 1 -1 0 0 1 0 -1 -1 2 1 0 -1 1 0 0 1 0 0 -1 0 -2 0 1 0 0 1 0 0 -2 1 -1 0 0 -1 -1 3 -1 -1 0 -1 0 -1 0 1 1 0 -1 1 -1 0 -1 -2 -1 3 0 0 -3 1 1 1 0 1 0 -1 0 2 -1 0 -1 -1 -1 -1 0 -1 -2 1 0 -2 0 0 0 1 -2 1 -2 -1 0 2 1 -1 -2 0 -1 2 0 -1 0 1 0 -1 0 -2 1 1 -1 1 0 0 0 0 2 0 1 0 1 1 -1 0 1 1 2 1 2 -1 -1 1 0 1 0 0 2 0 0 1 -1 -1 1 1 1 0 1 2 0 -2 0 3 0 -1 0 0 0 0 1 0 0 0 0 0 -1 0 0 -1 0 0 -1 0 -1 0 0 2 -2 -1 0 1 0 1 0 1 -1 0 0 2 2 0 1 0 -1 1 0 0 -2 1 -1 -1 0 2 1 1 0 0 0 1 1 -1 1 -1 -1 0 0 2 0 -1 2 -2 0 0 0 2 -1 -2 1 -2 -1 -2 0 0 1 1 0 0 -2 2 0 1 -1 -1 1 1 0 -1 -1 -1 0 1 -2 1 1 2 1 1 1 0 0 -3 1 0 -1 -1 3 1 2 1 1 1 -1 1 1 1 -1 0 0 0 1 -1 0 0 0 1 0 1 0 0 1 1 -2 0 0 -1 1 0 0 0 1 -1 0 -1 0 -1 1 0 -2 0 2 1 2 0 0 0 1 0 0 0 2 0 0 0 1 0 -1 -1 0 0 0 0 1 1 3 1 0 1 0 1 -2 1 -3 2 2 1 1 0 1 2 0 0 0 0 -1 -1 0 2 1 -1 1 1 -1 0 0 -1 -1 -2 -1 1 2 -1 -2 -1 0 1 -1 -1 1 0 1 2 1 0 0 1 0 2 0 -1 0 0 0 -1 1 0 0 1 -2 0 -1 0 0 -1 -1 -1 0 2 3 1 0 0 1 1 -1 -1 -1 -1 2 1 -1 -1 0 0 0 -1 1 0 1 0 0 0 0 0 1 1 0 -2 -2 1 1 2 -1 1 -1 0 -2 1 0 -1 1 1 -1 -2
4 0 2 0 -1 0 -1 2 0 0 0 0 0 1 0 0 2 -1 -2 0 0 -1 0 -1 -1 0 0 0 0 0 1 -1 0 0 0 0 1 -1 -1 0 1 -1 1 2 -1 0 1 -2 1 1 -1 0 -2 0 0 1 0 -1 0 1 2 -1 1 0 -2 1 0 0 0 1 1 -2 1 0 -1 0 0 1 1 0 0 0 0 2 0 1 2 1 1 -2 1 0 0 1 0 1 0 -1 0 0 -1 0 1 -2 0 0 0 0 0 -1 1 1 1 0 0 1 0 0 -1 0 1 -1 -1 0 -1 -1 -1 -1 -1 0 0 -2 0 -1 -2 0 1 1 1 -1 -2 0 2 -1 1 1 0 1 2 1 1 2 1 1 -1 1 0 -2 1 0 0 0 0 1 0 0 1 0 -1 0 0 0 -1 1 1 0 1 -1 1 -2 -1 0 2 0 -1 0 -2 -1 0 2 -1 1 1 -2 0 0 2 -1 0 0 0 1 -2 -1 1 0 -1 1 0 0 1 1 1 -1 0 -2 1 1 -1 1 0 1 1 -1 -1 1 1 0 0 0 1 1 0 1 1 1 1 1 0 0 -2 -1 2 -2 -1 1 -1 0 -2 2 1 -1 1 -1 0 -1 1 0 -1 -1 1 0 -1 2 -1 1 -2 0 0 1 0 -1 0 0 0 1 0 3 -1 0 1 2 0 1 1 1 0 -1 0 0 0 -1 0 0 1 0 -1 1 -1 -1 0 -1 0 -1 -2 0 -1 -1 1 0 0 2 1 0 1 0 1 0 0 1 -1 0 1 1 3 -2 1 -1 0 -2 -2 1 1 1 1 -1 2 0 1 -1 1 -1 1 -1 0 -1 0 1 -2 -2 1 0 0 -3 1 -1 0 -3 0 -1 1 1 1 0 -1 1 0 2 2 1 -1 1 0 -1 0 0 2 -2 0 -1 0 0 1 0 0 2 0 0 -1 1 -1 1 -2 1 0 1 -2 -1 1 3 -1 -2 -1 -1 0 -1 1 1 1 0 -2 2 1 1 0 0 3 -1 -2 -1 1 -1 -1 1 0 -1 -1 0 -1 1 -1 -2 -3 1 -1 -1 0 0 -1 1 0 0 0 2 0 0 0 1 2 0 1 0 1 -1 0 2 -2 -2 1 0 0 -2 0 -2 -2 -1 -1 2 1 1 -1 0 0 -2 1 -1 -3 -1 0 -1 -1 2 0 -3 0 0 1 1 1 1 2 -1 0 3 -1 0 1 2 3 1 0 1 3 1 0 -1 -1 2 -1 -2 0 1 1
17 1 0 -1 0 1 0 2 -3 0 -1 0 -1 0 -3 0 -1 0 0 1 1 0 -1 -1 0 -1 0 0 0 -1 0 1 -1 -1 1 1 1 0 1 2 1 0 0 -1 0 -1 -2 0 0 0 1 1 -2 0 -1 -1 -2 2 1 -1 0 0 -1 1 -2 0 0 -1 1 -1 -1 -2 1 2 2 -1 -1 1 0 0 1 0 -1 2 -2 -2 -1 0 0 0 -2 -3 1 0 -1 -1 0 0 -1 1 1 -2 -1 0 2 1 1 2 1 -1 -1 0 1 0 0 0 0 -1 0 -1 1 -2 -2 1 -1 0 -2 -1 -1 1 1 -1 1 -1 0 0 -1 1 0 1 0 1 2 0 1 -2 0 1 -1 1 -1 1 -1 0 0 -1 0 -2 2 0 -1 1 1 0 -1 0 0 0 -1 1 -1 0 0 0 0 2 -3 -1 -1 0 0 1 0 -1 -2 -1 2 1 1 1 0 -2 -1 -2 -1 0 0 0 -1 0 -2 1 -1 -2 0 -1 2 -1 1 0 2 0 -1 0 -1 1 1 -1 0 1 0 0 1 0 0 -2 0 0 -3 1 0 2 2 -1 0 -1 2 2 1 -3 -1 0 -1 -1 0 -1 0 1 1 -1 -1 -1 1 -2 1 2 -1 -1 0 0 0 0 0 -1 -1 0 1 2 0 2 -1 2 0 1 -1 -1 1 1 -2 0 -1 1 2 -1 2 0 0 1 -2 -2 -2 0 -2 2 -1 -1 1 -2 -1 0 1 1 -1 0 -1 0 1 1 -1 -1 -1 -1 1 2 0 0 -1 0 -2 0 0 0 0 0 2 2 1 1 0 0 1 0 0 0 0 -1 0 0 0 0 0 0 -1 1 0 0 -1 1 0 0 0 0 -1 -1 2 0 0 0 -1 -1 1 1 2 2 2 0 -1 -1 0 1 1 1 1 -1 0 0 0 0 -1 1 2 1 1 0 -1 -1 0 0 -1 -2 2 2 0 1 -1 1 -1 -2 -1 0 2 0 -1 -2 0 -2 1 1 0 1 0 0 2 1 -2 0 1 -2 1 1 0 -1 1 -1 -1 -1 0 2 -1 -1 0 -1 1 1 1 2 1 -1 0 1 0 2 0 0 0 0 1 0 1 0 -2 -1 1 2 -1 -1 0 -2 2 0 0 0 0 0 -1 0 0 0 0 1 -1 1 1 0 -1 0 0 0 1 -1 2 0 -1 0 1 2 0 -1 1 -1 -1 0 2 1 0 2 1 0 0 2 0 2 0 0 1 1 1 2 0 0 0 0 0
66 2 0 0 1 2 -1 -1 0 -2 0 1 2 0 0 -2 0 -1 1 -1 0 2 1 0 -1 0 0 -1 1 -3 1 2 0 -1 2 0 1 -1 0 -1 1 0 0 1 1 1 -2 1 2 -1 0 0 -1 0 0 0 -1 0 1 -2 -1 0 3 0 -1 -1 0 0 1 2 1 -1 0 0 0 2 0 0 0 -2 -1 1 -2 -1 1 -1 -1 -1 -1 -1 2 0 2 0 1 0 0 -1 0 2 2 1 -1 1 0 0 0 3 -2 -2 0 1 -2 1 -1 -1 -1 1 0 2 -1 1 -1 0 3 -1 -1 1 0 -2 1 -1 0 -2 1 0 -1 -1 -1 1 -2 -2 2 -1 1 0 1 0 1 0 0 1 0 2 1 1 -1 1 -2 -1 1 0 0 1 0 0 -1 0 0 1 -2 0 0 0 0 -1 -1 1 -2 -2 1 0 1 1 -3 0 0 1 2 -1 -1 0 1 0 1 1 0 0 0 0 0 0 1 2 -2 -2 0 -1 1 -1 -3 1 0 1 0 0 2 1 -1 0 0 0 -2 0 0 0 1 2 1 0 0 -1 -1 1 -2 0 1 -2 0 2 -1 0 1 0 1 0 0 1 -1 -1 0 -1 0 1 -2 0 0 0 -1 -1 1 0 0 -1 0 1 -1 0 0 -3 0 -2 0 -1 1 1 0 0 0 0 -3 1 0 0 0 2 1 1 -1 1 0 -1 2 0 1 0 0 0 2 0 1 -1 0 1 1 0 0 3 0 -1 -1 0 0 2 0 1 1 0 0 1 -3 1 -2 -1 0 2 0 1 0 1 1 -1 0 -1 0 -1 1 -1 0 0 0 0 0 1 0 1 0 0 0 1 -1 0 0 1 0 -1 1 -1 -1 2 2 0 -1 0 0 -1 2 -1 0 -1 -1 0 -3 0 2 0 -1 -1 1 2 0 0 2 0 0 0 1 0 -2 0 -1 1 -1 -1 0 0 -1 1 0 0 2 1 0 0 0 -1 0 1 3 0 0 1 1 0 1 0 0 -1 -1 0 0 -1 1 0 -1 0 0 0 1 0 0 1 -1 0 -2 0 1 1 -1 0 -1 2 2 1 1 2 -3 0 0 -1 -1 0 2 2 0 1 0 -1 1 0 -2 -1 1 0 -1 3 1 1 0 -1 -1 1 0 -1 0 0 -2 -1 -1 1 0 -1 -1 -2 0 -1 -2 -2 -1 2 1 0 0 -1 2 -1 -1 0 -1 0 1 1 1 -1 -1 0 -1 -1 -1 0 -1 0 3
37 1 -3 0 1 0 -3 0 1 2 1 -1 -1 -2 0 -1 1 0 -1 1 2 0 1 -1 2 1 -1 0 0 2 -1 1 0 1 -1 0 0 -1 1 0 2 1 3 0 0 -2 -1 0 1 -1 -1 1 -1 -1 1 0 0 1 -1 0 -1 1 1 -1 0 2 1 -1 0 1 0 -1 0 -1 0 0 2 0 -1 0 0 1 1 1 0 1 2 -1 -1 -1 3 -1 -2 0 0 0 0 -1 0 0 0 0 -2 1 0 1 0 0 0 1 1 -1 1 1 -1 -1 -1 -1 1 0 -2 0 -1 1 0 1 -1 -2 -1 -1 1 -1 3 -1 -1 1 -1 -1 -1 -1 -1 1 0 3 0 2 0 2 0 1 -1 0 0 -1 -2 0 1 1 0 1 1 0 -1 -1 -1 2 1 0 0 -1 -2 0 -2 0 -2 2 0 1 -1 0 0 -1 2 -1 1 1 -1 0 0 1 1 1 -1 0 0 0 0 1 -1 -2 0 -3 0 0 0 1 1 0 -1 1 -1 -1 2 1 -1 0 -1 1 1 0 0 1 0 -1 0 0 0 1 0 1 0 0 0 -1 -1 0 0 -1 1 -1 -2 0 2 0 0 -1 0 -1 -1 -1 1 -3 -2 0 0 1 1 -2 0 1 2 0 -2 0 0 0 0 0 -1 -2 0 3 0 -1 1 -2 -1 1 1 -1 0 1 0 0 -2 2 0 1 -1 1 0 1 0 0 0 0 1 0 0 3 0 -1 0 3 3 0 -1 0 0 -1 0 1 0 -1 -1 0 -1 -1 -1 0 -1 1 -1 -1 0 -1 0 0 1 -1 1 1 0 -1 -2 1 1 1 1 0 2 0 1 -2 2 -2 0 1 1 -1 -1 0 0 -1 -2 0 -1 -2 1 -2 0 0 1 -1 -2 1 -1 -1 -1 1 -1 1 -2 -1 -1 0 1 1 0 1 2 0 1 2 2 1 0 -1 -1 0 1 -1 0 0 -1 0 0 0 -1 0 0 0 -2 1 1 0 1 -2 0 0 1 -1 1 1 -2 0 0 0 0 1 2 0 1 1 1 -2 2 0 -2 -1 1 -2 -1 0 -2 0 1 -1 1 0 1 -1 -1 0 -1 0 1 0 2 0 -2 1 -1 1 1 1 -2 -2 -1 -1 0 -1 0 0 -1 1 0 0 1 0 -1 1 0 2 1 0 0 1 1 -1 1 0 0 -1 -1 0 1 0 1 0 1 0 3 -3 0 0 0 1 1 0 0 0 1 -2 0 0 0 -1 1 -1 -2 -1 1
83 1 0 -1 0 -1 0 -1 1 -1 0 0 0 2 -1 0 2 -1 -1 0 1 0 1 1 0 0 -2 -1 -2 0 0 -1 2 0 0 1 0 1 1 -1 1 2 0 1 -2 0 1 1 -1 0 0 1 -2 -1 1 1 1 1 -2 2 -2 1 3 0 1 3 -1 -1 1 1 0 0 1 0 -1 0 3 -3 -1 1 1 0 1 0 0 0 0 -1 -1 -1 -1 2 0 0 0 0 1 0 -1 -1 2 0 0 1 0 1 0 2 0 0 -1 0 1 -1 0 0 -2 -2 0 0 1 0 -1 0 0 1 -1 0 1 -1 -2 1 1 -2 0 1 -1 0 0 0 0 -1 -1 -2 -1 1 1 1 1 -1 -2 1 0 0 0 -1 0 -1 0 2 0 0 -2 0 -1 0 1 1 1 -1 0 -1 -1 3 -1 0 0 1 1 0 -1 1 0 -1 -1 0 -1 0 -1 0 0 0 0 1 1 -1 2 0 0 -1 0 1 -1 0 0 -1 0 1 -1 1 -1 2 -1 1 1 0 0 -2 0 -1 0 1 2 -1 1 1 0 0 -1 2 1 0 0 1 0 1 1 0 -1 2 -1 2 0 0 -3 1 0 0 -1 0 0 0 -1 0 0 -2 0 -1 0 -1 1 0 0 0 -2 -1 0 1 1 3 -1 0 -2 1 -2 0 0 0 0 0 0 0 0 0 -1 2 3 -1 -1 -2 -2 -2 1 -1 -1 1 0 -1 0 -1 1 -1 2 1 1 1 1 0 0 0 0 -1 0 2 0 0 1 0 1 0 0 -1 1 1 2 -1 2 -1 0 1 -2 0 1 -1 1 -1 0 -1 -1 1 0 -2 1 0 1 2 0 0 -2 -1 -2 -3 -1 0 0 -1 1 -2 1 0 1 1 1 -2 -1 1 1 0 0 -2 1 1 0 0 -1 0 2 0 -1 -1 -1 2 -1 1 -2 -2 -1 -2 0 1 0 -1 0 1 2 0 -1 2 -1 1 -1 0 0 0 0 0 1 0 0 -1 -1 0 0 0 -2 -2 -1 1 1 0 1 -1 1 0 0 0 0 0 1 1 0 1 -1 1 0 0 1 -1 -1 2 1 0 0 1 -1 -1 -1 0 1 0 0 0 1 1 -3 -1 1 0 1 2 0 1 0 0 -1 1 -1 -1 0 0 2 -1 -1 0 -1 0 1 0 0 0 2 0 3 -2 2 -1 0 0 -2 -3 2 -1 0 1 -2 1 -1 -1 1 0 -2 -1 -2 0 1 0 1 -1 1 -1 1 1 1
36 -2 2 2 -1 1 0 1 0 -1 0 0 0 -1 0 0 -1 2 -1 -2 -2 1 -2 2 -1 0 0 2 1 0 -2 1 1 1 0 0 -1 0 -2 -1 -2 -2 1 0 -1 0 0 0 0 0 1 -1 0 0 -1 0 1 -2 -1 1 -1 0 0 2 -3 0 -1 0 0 -2 -1 -2 -2 0 0 -1 0 -1 1 1 0 1 2 -1 0 1 -2 0 0 1 0 0 0 0 0 0 -1 0 -1 2 -2 -1 1 3 -2 -2 0 1 1 0 -1 -2 0 1 2 -1 2 -2 -2 -1 0 -2 0 0 0 1 -2 -1 0 -1 -2 0 -1 0 0 -2 1 2 1 0 0 3 0 -2 1 0 0 1 -2 0 -1 1 -1 -2 0 1 0 0 1 2 1 -1 -1 0 -1 0 -1 1 -1 1 0 -1 0 -1 1 -1 -1 -1 -2 0 1 1 0 0 0 0 0 -1 0 -1 0 -2 0 -2 -2 1 1 0 1 -1 -1 1 -2 1 0 -3 0 1 0 1 -1 1 0 0 0 -2 0 1 -1 1 0 1 -1 1 1 0 -3 -1 1 0 -1 0 1 -1 1 1 0 1 -1 1 0 -2 0 0 1 0 0 -1 1 0 1 1 -1 -1 0 0 0 -1 -1 0 -2 0 -1 1 0 0 -2 2 0 0 0 -1 1 -2 -1 0 -1 0 1 0 -2 -1 0 0 -2 -1 0 1 0 -2 0 -1 0 2 0 1 0 -1 1 -1 0 0 2 1 -2 1 0 -1 1 0 -2 3 0 0 1 -2 1 1 0 -1 -2 -1 -2 1 -1 -1 -1 0 1 1 0 -1 -1 -1 0 -1 -1 0 2 1 -1 0 0 -1 -2 1 0 2 -1 1 -1 1 1 3 2 0 0 1 -2 1 -1 1 1 1 1 0 0 1 1 0 0 1 0 1 1 -1 0 -2 0 1 0 0 0 -3 -1 2 0 1 0 -1 -1 -1 -1 0 -1 0 -1 1 0 -2 -2 1 3 1 -1 1 -2 1 -1 0 0 0 1 1 0 0 -1 -1 -1 0 0 2 0 -1 -1 0 1 3 1 1 2 0 -1 -1 -1 0 -1 1 0 0 0 0 0 1 0 1 1 -1 -1 -2 1 -1 -1 0 1 1 -1 -1 0 0 -1 -1 1 1 0 -3 1 0 1 -2 0 -1 1 -1 -2 0 -1 -2 1 0 -1 0 0 0 0 1 0 0 0 2 1 0 1 1 1 0 2 -2 -1 0 0 0 0 0 0 0 -1 1 -2 1 1 -1 -1
11 0 -1 -1 1 1 1 -1 -2 0 -1 1 2 -1 2 0 0 0 0 -1 -1 0 -1 1 1 2 2 -2 0 -2 0 0 -1 0 1 -2 0 -1 0 0 0 2 1 0 0 1 1 0 0 -1 0 1 0 2 0 1 1 1 0 1 -1 0 0 0 -1 0 1 2 0 1 0 0 1 -2 0 0 2 1 -1 1 2 0 -1 0 -1 -1 -1 2 0 -1 0 -1 0 2 1 1 0 -2 -1 1 0 1 -1 1 1 0 0 0 1 -1 0 -3 -1 1 1 -1 2 -1 0 0 -1 -1 -1 0 -2 0 0 0 1 0 -1 -1 -2 0 1 1 -1 -2 0 0 2 1 1 0 2 -1 0 -2 -1 0 0 0 0 0 0 -1 0 0 -1 1 0 0 2 2 0 0 0 -1 -2 0 2 0 2 -1 -1 1 0 0 0 0 -1 -1 1 -1 0 -1 0 -1 -2 1 0 0 -1 0 -1 0 0 -1 0 0 1 2 0 2 -2 1 1 -2 0 1 -2 0 -2 1 0 -1 -1 0 -1 0 -1 0 -2 0 0 1 2 2 -1 0 -2 0 1 2 0 0 0 1 0 0 0 -2 1 0 2 -1 0 -1 2 1 1 0 0 -1 0 1 0 -1 -1 0 2 -2 0 1 2 0 0 2 2 -1 3 -2 1 1 0 -1 0 -1 0 2 0 0 -1 -1 2 0 1 0 1 0 0 0 -1 2 -1 1 -3 1 -1 2 2 1 -1 0 1 1 1 1 -1 0 -1 0 -1 0 -1 1 2 1 1 1 -1 -1 0 -1 0 0 0 2 0 1 1 1 0 2 -2 2 0 -1 1 0 0 0 0 2 -1 -1 1 0 0 0 1 -2 -2 -1 1 0 -1 1 -2 -3 -1 1 0 1 1 0 0 1 -1 1 1 -1 -3 -1 -2 -1 0 1 0 3 1 2 0 1 0 1 -1 -1 -2 -3 1 1 -1 -3 0 -1 0 0 0 -1 -1 0 0 0 2 1 0 -1 0 -1 1 1 0 -2 -1 1 0 0 1 0 0 1 0 1 1 -1 -1 0 -1 -1 0 1 -1 0 0 1 0 1 0 1 -1 -1 1 2 1 1 0 0 0 -1 0 1 1 0 0 -2 1 0 1 -1 0 0 -1 -1 -1 2 1 1 0 0 0 1 1 0 0 -1 0 0 1 -1 1 0 0 1 0 -1 0 -1 -1 0 -1 -2 1 -1 1 2 1 0 -1 2 1 0 0 0 0 1 1 1 1 1 0 1 0
46 0 1 1 -2 0 0 1 1 0 -3 0 0 -1 2 0 1 0 0 0 -1 1 0 0 -1 1 -1 0 -1 0 0 0 -3 0 0 0 -1 -1 -1 1 1 0 0 1 1 0 -1 -1 -2 0 -1 -1 0 -1 -1 1 1 -1 -2 -1 2 1 3 -1 0 2 1 2 -1 1 0 1 0 -2 -2 0 0 -1 1 -2 2 1 -1 -2 -2 0 0 -1 0 1 -2 1 0 0 1 0 0 -1 2 -2 0 -1 1 0 1 -1 1 0 -1 0 0 1 0 1 -1 0 1 1 0 -1 1 -2 -2 -2 2 0 2 1 0 0 0 0 1 0 -1 -1 0 0 -2 0 1 1 0 0 0 0 2 -1 0 0 0 0 -1 -2 0 1 0 -1 0 0 0 -1 -1 0 2 -2 -2 0 -1 1 1 0 0 0 0 0 -1 0 1 0 0 0 1 0 0 0 0 2 0 0 2 1 1 -1 2 -1 1 0 -1 0 1 0 -1 1 -1 0 0 -1 1 0 -2 -2 1 1 1 1 0 2 -2 2 1 0 -1 0 0 0 -1 1 0 -2 1 0 0 -1 -1 0 0 -2 -2 1 -1 -1 -1 -2 1 3 -1 3 1 1 -1 1 0 0 2 0 0 -1 1 1 1 1 0 -1 -1 1 -1 1 0 -1 0 1 2 1 -1 0 -1 0 2 1 -1 0 1 1 0 0 0 1 -2 0 1 -1 -1 1 -1 1 1 1 0 -1 0 2 1 0 1 1 -1 3 -1 1 0 -1 -1 0 1 0 1 2 1 -1 -1 2 -2 1 0 1 1 0 0 1 -2 0 0 1 1 -1 -1 0 -1 2 1 0 1 0 1 1 0 -2 1 -1 1 1 -1 -1 1 1 0 -1 2 1 -2 1 0 0 0 -2 0 -1 1 -1 0 -1 2 1 1 0 1 0 0 -1 0 1 0 1 -1 -3 -1 -1 -1 0 0 2 2 0 -1 0 -2 2 0 -1 0 -1 0 0 0 2 1 2 0 -1 -1 0 1 1 0 0 -1 0 0 -1 1 0 0 -2 -1 1 0 -1 0 2 0 1 0 1 -1 -1 0 1 0 1 1 0 1 1 0 0 0 -1 0 0 0 -1 0 -1 -1 1 -1 -2 2 0 0 -1 1 -1 1 0 -1 1 0 1 -2 0 -1 -1 0 0 1 0 1 0 2 1 -1 0 0 1 1 1 1 1 -2 0 1 -1 -2 1 1 2 1 -1 1 0 1 1 -1 2 1 1 -1 -2 -1 -1 -1
73 -3 0 0 1 -2 1 -1 2 -2 -1 0 0 0 0 0 0 -1 0 1 0 1 0 -1 1 1 0 0 0 -1 -1 1 0 0 0 1 -2 0 0 0 -2 2 0 -1 -1 2 -1 0 0 1 -1 1 -1 -1 0 -1 -2 1 1 1 -1 0 2 0 1 -1 0 1 1 0 0 -1 0 0 0 0 -1 -1 -1 -1 0 0 2 -1 -2 -1 0 -3 2 -1 0 0 0 0 1 -1 -1 0 -1 0 2 0 3 1 -2 0 1 1 -1 -1 0 2 0 -1 -2 1 1 -2 0 0 0 0 -1 1 1 -1 0 0 1 -1 1 3 1 -3 -1 1 2 0 1 2 1 -1 1 -1 -2 0 0 1 1 1 1 -1 1 2 -1 0 -1 1 1 -1 0 0 -2 0 -1 0 0 0 -1 0 1 0 0 0 0 1 0 -1 1 1 0 2 -1 -1 -2 0 0 0 -1 2 -2 0 0 0 2 1 2 1 0 1 1 1 0 -1 0 0 -1 0 1 -1 1 -1 -1 1 0 0 1 1 1 2 -1 1 -1 0 1 0 0 -1 -3 0 -1 0 0 -2 2 0 0 -2 0 0 0 -1 -1 -1 0 0 2 1 0 0 0 -2 2 2 -1 1 -1 -1 0 1 0 -1 0 1 0 0 -1 -2 0 0 -2 0 1 1 -1 1 -1 0 -1 0 -1 3 0 2 -1 1 0 0 -1 1 -1 -1 1 0 0 1 1 0 1 0 0 -1 1 2 2 1 -2 0 2 0 2 -1 -1 0 -1 1 0 1 -1 0 0 -1 -1 2 -1 1 1 1 0 0 1 0 0 -2 1 -1 1 -1 -3 -1 2 1 0 0 -1 1 -1 -1 1 0 1 0 2 1 1 1 0 -1 1 1 0 0 -1 -1 0 -2 0 0 -1 1 1 -1 0 0 1 1 2 1 1 -1 0 0 0 1 -1 -1 -1 1 1 1 -1 -2 2 -1 1 -1 0 1 1 0 1 -1 -1 -1 0 -1 0 -1 2 1 0 0 2 -1 1 1 -1 -2 -1 -1 0 1 1 1 0 -2 -1 0 0 -2 0 1 1 0 -1 0 0 -1 0 1 0 0 -1 0 1 2 0 3 2 -1 0 0 0 0 -2 -1 -1 2 0 0 -1 0 0 0 0 0 1 0 -1 -2 1 2 1 2 1 1 2 -1 -1 1 -1 0 -1 0 1 0 -3 1 -3 0 0 -1 0 -2 0 0 -1 1 0 1 1 1 -2 0 0 2 -2 1 0 0 -1 1 0
107 -1 1 -1 1 1 1 0 1 -1 0 -1 -2 0 -1 1 0 0 0 1 2 0 2 1 -1 0 -1 -1 -1 1 0 1 1 -1 1 -1 0 1 0 -1 -2 -1 1 0 0 0 0 -2 1 0 1 0 -1 2 -1 1 -1 0 2 1 1 1 0 0 1 -2 0 1 0 1 -2 0 -2 -2 0 0 0 -1 1 0 0 0 1 0 1 -1 -2 1 -1 0 0 0 0 0 -1 -1 -1 0 0 0 -1 -1 0 -1 -2 -1 1 -1 -1 1 -1 1 1 -2 -1 1 -1 0 -2 1 3 1 -1 -3 1 -1 0 1 -1 1 0 2 0 1 -1 -2 0 0 0 1 -2 -2 0 1 0 0 0 1 -1 1 -1 -1 0 0 0 0 -1 1 2 1 -1 0 2 -1 0 0 0 2 0 1 -2 -1 1 2 -1 0 -1 0 -1 0 1 0 -1 1 -1 0 0 0 -1 -1 -1 0 2 0 0 2 0 -1 0 0 2 1 -2 -1 2 0 1 -1 1 1 0 0 -1 0 0 -1 0 0 1 -1 -1 0 -1 1 2 -1 1 0 -2 -2 -1 2 0 1 0 -1 0 1 1 -1 -1 0 1 0 0 0 1 0 1 2 1 0 -2 0 2 -1 2 0 0 0 -1 -2 0 0 1 1 1 2 0 2 -1 2 1 -1 -1 -1 -1 1 0 1 2 0 2 0 1 0 1 1 0 1 -2 -2 0 -2 0 1 1 0 1 -1 0 -1 1 1 0 0 2 0 0 -2 3 1 0 -1 -2 2 -2 -1 0 1 -1 0 -1 0 -1 0 0 -1 0 1 -2 2 -1 -1 -2 1 0 -1 -1 -1 1 -1 0 0 -1 1 1 -1 -2 1 1 -2 -2 -1 1 -1 0 0 0 -1 -1 1 0 0 0 0 -1 1 -1 2 -2 0 0 0 -1 0 -1 0 -1 1 1 -1 -2 0 0 1 2 0 0 -1 0 2 1 1 2 -1 0 -1 -1 3 -2 1 1 -2 -1 1 1 0 0 1 1 0 0 1 1 2 0 -1 -1 0 0 1 1 0 0 1 0 0 0 0 1 0 1 1 1 2 1 0 1 -3 -2 -1 1 -2 -1 0 -2 -2 0 -2 1 0 -1 -2 -1 -1 0 0 1 0 -1 0 0 0 0 0 -1 -3 -1 0 1 1 0 0 -2 1 -1 0 0 -1 1 -1 -1 0 0 2 0 0 1 -1 1 0 1 -1 -2 1 -1 1 2 0 0 1 1 1 1 2 0 1 1 0 2 0 1
89 1 2 2 1 -2 -1 -1 1 -2 0 0 -2 0 0 0 -2 -1 1 -1 2 1 -1 0 -1 1 0 -2 0 -1 1 -1 1 1 0 -1 -2 1 1 -1 1 0 1 1 0 0 1 0 0 0 -1 2 -1 -1 0 1 -2 0 -1 0 -1 1 1 1 1 0 -1 1 1 -1 0 1 1 0 1 1 0 -1 1 -3 1 2 -2 3 0 1 -1 -1 0 0 -2 0 -1 0 1 0 1 -1 0 -1 1 -1 0 0 1 0 0 -2 -1 0 -1 1 0 -1 -1 -1 1 0 -1 -2 -1 0 0 0 -1 -2 -1 0 0 1 1 2 -1 1 -1 -1 2 2 1 1 -2 0 1 0 1 -1 1 -1 0 1 -1 1 1 0 -1 0 -1 -2 1 -2 -2 0 0 1 -1 1 -1 -1 0 -1 -2 1 0 0 -1 0 0 -2 -1 -1 1 0 -1 2 -2 0 -1 0 0 0 -1 0 1 -1 1 1 -1 0 0 1 -1 -2 1 -1 -1 2 -2 0 0 0 1 0 0 -2 0 1 0 0 3 1 -2 1 1 -3 1 0 0 0 2 0 2 -1 1 0 -1 0 0 -1 -2 2 1 1 3 -1 0 0 0 0 0 0 -2 -1 -1 0 -1 0 -1 0 -1 0 0 -1 0 1 -1 1 3 1 0 0 -1 -1 2 0 1 0 0 2 -2 -1 -1 -1 0 -2 -1 2 1 -1 -1 0 2 1 0 0 -1 -1 0 1 -1 0 0 0 1 0 0 1 0 2 1 0 0 -1 -1 -1 0 1 0 0 1 0 1 -2 3 -1 0 0 1 0 -1 -1 1 -1 1 0 0 -1 1 1 -1 -1 -1 -2 2 0 1 -1 -1 0 0 0 -1 -1 -1 0 1 0 0 -1 1 -2 0 0 1 0 0 1 0 -1 2 0 2 0 0 0 -1 -1 -1 1 -1 -1 -2 0 -1 -1 -2 -1 2 -1 0 3 0 0 1 -1 2 2 0 -2 2 0 0 1 -1 -1 1 -2 0 0 1 -1 0 -1 1 -1 -1 0 0 1 0 -1 0 0 1 0 -2 0 -1 1 0 -2 0 1 1 1 -1 -1 -1 0 -1 3 1 1 -1 0 0 0 0 1 0 -1 0 3 1 1 0 1 0 -1 1 -1 2 -1 -1 -1 0 1 2 0 0 0 0 1 -1 0 3 0 0 -1 0 1 0 0 1 -1 0 1 2 -1 -2 -1 0 0 1 0 -1 1 -1 1 0 2 0 0 -1 -1 0 2 -1 0 -1 0 1 0 0
76 0 2 -3 0 0 0 -2 -1 -1 1 0 0 1 2 1 1 -1 -1 0 0 2 -1 0 0 0 -1 1 0 0 0 1 2 0 -1 0 -1 0 1 -1 2 0 1 0 -1 0 1 -1 -2 1 0 -1 0 -1 1 -2 1 0 0 0 1 1 0 0 -1 0 1 1 0 -2 2 0 0 0 -2 -1 2 0 -1 1 1 0 0 1 1 0 1 0 2 0 0 -1 0 1 1 -2 0 1 -1 2 -2 -1 0 1 0 -1 0 -1 1 2 0 -1 2 0 0 -1 2 -1 -2 0 0 0 0 0 2 1 2 -1 1 3 1 -1 1 1 -2 0 -1 0 -2 -1 -1 -1 -1 0 -1 -1 1 2 1 -1 1 -2 -1 2 2 1 0 -2 0 2 0 0 0 1 0 1 -2 0 0 -1 0 0 0 0 1 2 1 1 -1 1 -1 -2 0 0 0 -1 0 1 0 1 -1 -1 -2 -1 3 -2 2 -1 0 0 0 2 1 2 -1 0 -1 0 -1 -1 0 -1 1 0 2 -1 0 1 0 -1 -1 2 0 -2 -1 1 -1 3 0 -1 1 1 1 -1 -1 0 1 0 -1 1 -3 0 1 0 0 0 0 -1 1 1 0 -1 0 -1 1 -2 -1 0 0 -1 1 1 0 0 0 1 -2 -1 0 -1 -1 1 0 0 0 -2 -1 -1 0 0 0 1 -1 1 2 1 -2 -1 0 0 -3 -1 0 -1 2 0 -1 2 -1 1 -1 0 0 1 -2 0 0 0 -1 -1 0 0 -1 0 1 1 0 0 -1 0 -1 -2 -2 1 0 2 0 0 0 1 1 1 1 0 0 -1 2 0 0 0 0 -1 1 0 -1 0 -1 0 1 0 1 -1 2 0 -1 0 0 -2 1 0 -1 0 -1 1 -1 -2 0 0 2 1 1 0 1 0 0 -1 2 0 -1 1 1 0 -1 0 -1 0 0 -1 0 0 0 0 0 1 -1 0 -2 -1 0 0 -1 0 1 0 0 -1 0 1 2 -3 1 -1 0 2 -1 0 1 1 1 0 0 -1 0 0 0 -2 0 -2 0 0 1 -1 -1 0 2 0 -1 0 -1 1 -2 0 1 2 0 2 1 0 -1 -1 0 -1 0 2 0 1 1 -2 1 2 -2 1 0 0 0 0 0 1 1 1 -1 -2 -1 1 -2 -2 1 1 2 1 0 -1 -1 2 -1 0 3 1 -1 1 1 0 1 1 -1 1 0 1 0 0 3 -1 1 1 -1 0 1 1 0 1 -1 -2 1
-1 1 1 0 0 -1 -2 1 1 0 -1 1 2 1 0 0 1 -1 0 1 0 -1 0 1 -1 0 -1 1 0 -2 0 1 0 0 1 -1 0 -2 0 -1 -1 0 -1 0 2 0 0 0 -1 0 0 -2 -1 0 -1 0 -1 1 0 0 -1 1 -1 -1 1 -1 -1 -1 -1 1 0 0 1 1 -1 -1 -1 -2 -1 0 0 -1 2 1 1 1 -1 1 -2 0 -1 1 -2 -2 1 -1 0 0 1 0 1 0 0 0 0 1 0 0 1 0 -1 0 -1 1 0 -1 0 1 0 0 0 1 0 -1 1 0 1 -1 0 1 0 2 2 3 -1 1 0 1 -1 2 -1 3 0 0 -1 1 -2 2 0 -1 -2 1 -2 0 1 0 0 1 1 -1 -2 1 1 0 -1 1 0 -1 0 0 1 0 1 -2 0 0 2 -2 1 1 -1 1 -2 1 0 -1 2 0 -2 0 -1 -2 -1 0 -1 -2 0 0 0 2 -1 0 -1 0 1 0 1 1 1 0 2 1 -2 1 -1 -1 1 -1 -1 -1 0 0 0 -2 1 0 0 -1 -2 -1 -1 0 0 0 0 0 0 0 0 2 0 -1 0 0 1 1 0 -1 0 -1 -1 -1 0 -1 0 1 0 -2 0 -1 -2 1 0 -1 0 0 1 1 0 2 1 0 -1 2 1 0 -2 -1 -1 -1 1 1 1 1 -3 1 0 0 0 -3 1 -2 0 0 -1 2 1 0 -1 0 2 -1 0 1 0 1 1 -1 -1 1 0 -1 0 1 -1 1 1 1 0 0 0 0 -1 -1 2 0 1 0 0 1 -2 0 -2 -1 1 0 0 0 0 0 -2 -1 -2 1 -2 0 1 2 0 1 -1 2 0 2 1 -1 1 1 0 1 -1 -3 -2 0 -1 2 2 -1 0 -1 0 1 -1 0 -1 3 3 1 -1 0 0 2 1 0 -1 -1 -1 -1 -1 0 -3 0 -1 -1 -1 -2 -1 -2 0 0 -1 0 0 0 3 -2 0 1 0 -1 0 -1 -1 0 0 0 -1 -1 0 0 -1 -1 0 1 0 0 1 1 0 -1 0 0 -2 0 1 0 -1 0 2 2 -1 0 -2 2 2 0 1 1 0 1 0 -2 -1 -1 0 1 1 0 1 0 0 0 0 0 0 1 -2 0 0 1 0 -1 0 1 -1 -1 -1 1 0 0 0 -2 -2 -1 1 1 0 -3 0 -1 0 1 -1 2 1 -1 -3 1 2 1 -2 -2 -2 0 0 0 0 0 0 1 0 1 1
-1 1 0 0 1 -1 0 -1 -2 -1 -2 1 0 2 1 -2 0 1 0 3 -1 -1 1 0 -1 -1 0 1 -1 0 -1 1 -1 -2 1 1 1 1 0 0 0 1 -1 0 -1 1 1 1 0 0 0 1 0 -2 1 0 3 1 -1 0 0 1 1 0 0 0 2 2 -1 0 -1 1 0 0 0 0 1 1 -1 -1 0 -1 2 1 1 -2 0 1 1 0 0 0 2 -1 2 0 -1 0 -1 -1 1 -1 0 0 0 1 2 -1 -1 -1 -2 0 0 0 1 0 -1 -1 1 1 -2 0 1 -1 0 1 1 0 0 1 -2 -3 -1 1 0 -1 0 -1 1 0 0 0 0 0 -1 0 1 0 0 0 1 0 -1 -1 -3 0 0 1 2 0 -1 -1 0 0 2 1 1 2 0 0 0 0 -1 0 0 1 0 -1 1 -1 0 1 2 1 -2 -1 1 2 1 3 1 0 2 1 1 0 0 0 0 2 0 1 -2 -1 -1 0 0 1 -1 -1 -1 0 1 2 -1 0 -1 -1 -2 0 1 0 -1 0 -1 0 0 0 2 -1 0 0 2 -1 -1 1 0 -2 -1 -2 -2 1 1 -1 1 1 -2 -1 -1 1 -1 1 -1 0 -1 -2 1 0 -2 0 0 0 2 0 1 1 -1 0 -1 -1 -1 -1 1 0 0 0 0 -1 0 0 -1 0 0 -1 2 -1 -3 0 0 0 0 -2 2 0 0 0 0 1 1 -1 0 2 0 0 -1 1 0 -2 1 1 3 -1 -1 1 0 0 0 2 0 0 -1 2 1 1 0 0 -1 -1 0 -1 0 0 1 1 -1 -2 -1 1 0 0 0 1 0 1 0 2 1 0 -1 0 -1 1 -1 0 -2 1 0 1 0 2 -2 1 -1 1 0 0 0 1 0 1 0 -1 2 2 2 1 -2 -1 1 -1 1 0 1 -2 -1 -1 0 -1 0 -1 -1 -2 0 -1 1 2 1 2 -2 -1 0 1 0 0 0 1 1 1 1 1 2 -1 -2 -1 1 -1 2 1 -1 1 0 1 0 -1 0 2 -1 -1 -2 -1 2 0 0 1 -1 0 1 1 3 -1 1 1 1 -1 1 0 -1 3 -1 -1 -1 -1 1 0 -1 0 -1 0 0 0 1 0 0 0 0 0 -1 1 1 -1 1 0 0 -1 -1 0 1 2 -1 0 -1 0 0 0 1 0 1 2 0 2 0 -1 0 2 -2 -3 0 -1 -1 -1 1 0 2 0 -2 0 -1 -1 -1 0 1 0 -2
-1 0 3 2 -1 1 -1 2 0 1 -1 1 1 0 1 -3 1 0 0 0 -1 0 -2 1 -2 -1 2 -1 -3 1 0 0 1 1 2 -2 0 2 -3 -2 0 0 0 2 0 2 1 2 0 0 1 -3 0 1 1 0 -1 -1 1 -1 1 1 -2 1 0 0 -1 -1 0 2 0 1 2 -1 -1 0 1 -1 -1 2 -2 -1 -1 0 0 -1 0 0 -2 -1 -2 -1 0 0 -1 0 0 0 1 1 0 1 -1 2 2 0 -1 -1 -1 0 2 1 0 0 0 -1 0 1 -1 0 -2 2 -1 -1 0 2 0 -1 1 0 2 0 0 0 1 0 0 0 -1 1 0 -1 -1 0 0 -1 -1 0 1 -2 0 -1 1 -2 -1 1 -1 -1 0 0 0 -1 0 -1 1 0 1 -2 0 1 1 0 -2 -1 -2 1 0 1 2 0 0 0 0 -1 1 0 1 0 -1 -1 1 0 2 0 0 0 1 1 -1 0 0 0 0 0 -2 1 0 1 -1 1 0 -2 -1 -1 1 0 1 -2 0 -1 1 0 0 1 1 1 -1 1 0 1 -2 0 0 2 -1 0 -1 -2 0 2 0 -1 0 0 0 -1 -1 -1 0 1 1 -2 0 2 0 -1 -1 -1 1 0 1 -2 1 1 1 -1 1 1 1 -2 -1 1 -1 0 0 1 0 1 -1 0 0 0 1 0 0 0 0 0 -2 -1 1 0 -1 2 -1 0 -1 1 0 -2 1 1 0 1 0 0 1 2 -2 2 0 -1 1 0 0 1 0 2 -2 -1 -1 0 0 0 0 1 0 0 1 2 0 2 1 1 1 0 0 0 -1 2 -2 -2 -1 -1 0 0 -1 1 0 1 1 1 -1 0 -1 1 0 1 0 0 1 -1 0 1 -1 0 0 1 0 -2 1 0 0 1 0 0 0 0 0 1 -1 0 0 1 1 -2 1 0 1 0 2 -1 -2 -2 1 -1 -2 -1 -2 0 1 2 0 -1 -1 0 2 0 0 -1 -1 -2 0 0 -2 2 -1 -2 0 -2 1 -2 1 -1 1 -1 1 1 0 -1 1 0 -2 1 0 0 -1 1 2 0 -2 2 0 1 0 1 0 1 0 -1 1 0 1 0 0 1 1 -1 1 0 -1 0 -1 0 -1 2 0 0 1 -2 -1 1 1 -2 0 0 0 -1 1 -1 -1 1 1 0 0 2 2 -1 0 1 -1 0 -1 1 0 0 1 2 -1 3 0 1 0 1 -1 -1 2 0 -2 1 0 1 1
-1 -2 1 0 2 -1 1 1 1 -1 0 0 -1 -1 0 -1 0 2 3 0 0 -1 -1 0 0 -1 2 1 -2 1 -2 0 1 -2 1 0 0 0 -2 2 1 2 2 -1 0 1 1 0 -1 0 -1 1 1 0 0 1 0 -1 1 -1 0 0 -2 0 2 1 -2 -2 0 2 -2 -1 -1 0 0 0 -1 3 1 -2 1 1 0 0 0 -1 -1 0 0 0 0 0 1 0 -1 -1 -1 0 0 0 0 0 0 -1 1 -1 1 1 0 -1 0 -1 0 1 1 0 -1 0 1 2 -1 -1 3 -1 0 2 0 2 1 1 1 0 1 0 0 -1 3 -1 1 2 1 -1 0 0 -1 1 0 0 1 0 0 -1 1 -1 -1 0 0 0 0 1 1 1 3 1 -1 -1 0 0 -2 -1 1 0 1 -1 0 -1 1 -1 0 0 0 2 -1 0 1 1 0 -2 -1 1 1 1 0 -1 0 -2 0 1 1 0 1 -2 -1 -2 0 1 0 0 -1 0 2 -2 0 1 -1 0 -1 0 -1 0 -1 1 0 2 -1 -2 0 -1 1 1 1 0 2 0 -1 0 0 1 1 -1 1 0 -1 0 2 0 -1 1 2 1 1 0 0 -1 -1 -1 0 1 0 -2 -1 0 1 -1 2 0 0 0 -2 1 1 0 0 0 1 0 -1 0 -1 -1 -2 -1 1 -1 -2 -2 1 -1 1 -1 0 0 -1 0 -2 0 -1 2 2 0 0 1 -1 1 -1 1 1 0 0 -1 -1 -2 2 1 -1 1 -2 0 -1 0 -1 0 1 1 2 1 0 -2 0 1 -2 -1 -1 0 1 0 0 -1 1 -1 -1 1 -1 -1 -1 0 1 0 2 0 0 -1 0 -2 -1 1 0 0 2 0 0 0 -3 3 -1 0 0 0 -1 0 0 0 0 0 0 0 -1 -2 -2 0 1 1 0 0 2 1 0 1 -1 -3 2 2 1 -1 -2 -2 0 0 0 0 0 0 0 -1 0 -1 1 0 -1 0 1 1 -1 -1 1 0 2 -1 1 1 1 1 2 0 1 1 -2 2 -1 1 -1 1 -1 -1 1 0 0 0 1 -1 -1 0 -1 0 -1 2 0 -2 -3 -1 0 -1 -1 0 1 -1 -1 1 1 -2 -1 1 1 2 -1 -2 -1 0 -1 0 1 1 0 0 1 0 0 0 1 0 -1 0 0 2 -2 -1 -1 1 -1 -1 -1 1 -1 0 0 0 2 -1 0 -1 1 1 0 -1 -1 0 1 1 -1 2 1 -2 -2
-1 1 -1 -1 2 -1 1 0 -1 -1 -1 0 0 0 0 1 0 1 0 -1 -1 1 0 0 -1 1 0 -1 1 -1 2 0 -1 0 -2 0 1 1 0 2 1 1 0 -1 -1 1 1 0 0 0 -1 1 1 0 2 1 1 -1 0 -2 0 0 0 -2 1 3 0 0 0 0 1 0 1 -1 -1 1 0 1 0 0 0 2 1 0 1 0 1 1 0 0 -1 0 1 0 -1 -1 0 0 -1 -1 0 -1 -1 -1 0 2 0 1 0 -1 0 0 1 -1 -1 -1 1 -1 -1 0 0 0 2 -1 3 -1 0 -1 0 0 1 1 2 0 -1 1 0 0 -1 -1 1 0 -1 0 -2 -1 1 -1 1 0 1 0 0 2 -2 -1 -1 2 0 -1 0 1 1 -1 1 1 -2 1 1 -1 1 -1 -1 0 0 -1 -1 1 0 0 0 1 0 -1 -1 -1 0 0 0 -1 1 0 -1 1 2 0 1 1 -1 -1 1 3 1 -1 -2 1 0 1 1 1 0 0 1 -1 -1 0 0 2 0 0 1 -3 2 -1 0 -1 1 0 0 0 0 1 1 1 -1 0 -1 3 1 -2 -3 -2 0 1 1 1 1 -1 2 -1 1 0 0 -2 0 0 -1 1 -1 1 0 0 0 0 0 1 -1 -2 2 2 1 1 0 1 -1 -1 -1 1 0 -1 1 0 2 0 -1 -2 0 -1 -1 0 1 1 0 0 0 -1 -1 0 0 -1 0 0 -2 -2 0 -1 1 0 -1 0 -1 0 0 1 0 -1 0 1 0 0 0 -1 -1 -1 0 0 3 2 -1 1 1 1 2 -1 -2 1 2 0 0 -1 0 1 0 1 1 3 1 -1 0 -1 -1 0 2 -1 1 2 1 -1 -1 -2 0 -1 -2 0 1 -1 0 0 -1 0 0 0 1 0 1 0 0 -1 -1 -2 1 1 -1 -1 0 1 -2 1 -1 0 2 -3 0 -1 -1 0 -1 1 -1 -1 0 1 -2 0 1 0 1 1 0 0 1 1 0 -1 0 1 2 1 0 0 -1 0 2 0 1 0 -1 2 1 2 -1 -1 0 -1 1 1 1 1 -1 0 1 0 2 -1 1 -1 -1 0 0 0 -1 -1 2 0 -2 0 1 -1 0 1 -1 -1 1 -1 1 -1 0 0 0 -2 0 -1 -1 0 2 1 0 0 0 2 2 1 0 3 -3 -1 2 -2 1 1 2 -1 1 1 -1 2 2 1 1 -1 -1 1 1 0 -2 -1 0 -1 2 1 1 -2 0
-1 0 1 0 3 1 -1 -2 -1 -1 2 -1 1 0 1 0 0 0 -2 -1 0 0 0 0 -1 0 0 0 -1 0 3 1 -2 -1 -2 -1 -3 -2 0 1 1 0 0 0 0 -1 -2 -1 0 0 -1 1 1 2 0 1 0 1 0 0 -1 2 -1 0 1 1 0 0 -1 0 1 0 -1 0 -1 0 -1 2 -1 0 0 0 1 0 0 -1 2 2 -1 1 0 -2 0 -2 -1 -1 0 0 -1 -1 1 0 -1 0 0 0 2 0 0 -1 0 1 -1 1 0 -2 0 0 -1 0 1 0 0 0 2 0 1 1 -1 1 1 1 -1 0 -1 0 0 0 0 2 -2 1 1 -1 1 -2 0 1 0 -1 1 -1 -2 -1 0 1 -2 0 0 1 -3 0 -2 -2 -1 -1 0 -1 1 0 0 -1 0 0 -2 2 0 -1 -1 1 0 1 -1 -1 0 1 1 2 1 0 -1 0 -2 2 -2 0 1 0 -2 3 0 1 0 2 2 0 1 0 2 1 -1 -1 0 0 -1 -1 1 -1 1 2 0 1 0 1 -2 -2 0 -3 0 0 1 1 0 0 0 3 0 -1 1 1 2 1 0 1 1 1 0 2 -1 0 0 -1 -1 2 -1 0 -2 -1 0 0 0 -1 0 0 -1 1 -2 1 -1 -1 1 0 -1 0 1 0 0 1 0 1 0 -1 1 1 2 -2 -1 1 1 0 -1 2 0 -1 -1 -1 0 -1 1 0 -1 2 0 0 -1 -1 1 1 1 0 1 -1 1 -1 0 0 -2 0 0 0 -1 1 1 0 1 -1 1 0 3 0 1 -2 0 -1 0 1 0 -1 -1 2 0 0 -1 0 -2 1 -1 -1 1 0 1 0 -1 -1 1 -1 1 0 1 -1 -3 -1 1 -1 1 1 1 0 0 -1 0 2 1 -1 1 -1 -2 0 1 0 -1 -1 0 -1 -1 -2 1 1 -1 1 1 1 -1 -2 0 1 1 1 -1 0 2 -1 0 1 1 0 1 0 1 0 -1 -2 -1 1 1 0 1 -1 -1 0 1 -1 2 0 -1 0 0 0 2 -1 -1 1 1 -2 3 -1 0 0 0 0 -2 -2 1 -1 -1 0 1 -1 0 0 0 -1 0 -2 -1 -1 -3 0 1 1 -2 -1 -1 0 -2 -1 0 2 -1 -1 0 1 -1 0 -1 -2 1 0 -2 0 -1 -1 0 1 -1 3 -1 0 -1 0 -2 2 -2 1 -1 -1 1 2 1 -1 1 1 1 1 0 1 -1 0 1 -1 2 0 0
-1 2 1 0 -1 0 -1 1 -2 1 -1 0 -1 1 1 2 2 -1 -1 1 -2 0 -1 0 0 -1 -2 2 1 1 -1 -2 1 -2 0 -1 0 -2 0 0 0 -1 -2 -2 -1 -1 -1 0 0 0 0 1 -1 0 1 0 0 -1 0 1 -1 -2 0 2 1 0 2 2 2 0 0 -2 0 -1 0 -1 0 0 0 1 -1 -1 1 0 0 1 1 1 1 -2 -2 -1 0 1 0 1 1 -1 1 0 -1 0 0 0 0 -1 0 0 0 2 0 0 1 2 -1 0 0 0 1 -1 0 0 -1 2 0 1 1 2 2 -2 1 1 0 -1 1 1 0 -1 1 1 0 1 1 1 1 1 2 0 1 2 -1 1 0 1 0 0 -1 1 -1 1 -1 -2 -1 3 0 -1 -1 0 0 0 0 1 1 2 0 -1 0 -1 -2 1 0 0 -1 0 1 -2 -1 -1 -1 1 -1 0 -2 -1 -1 0 2 -1 -3 -1 -1 0 1 0 2 1 0 1 1 0 -1 -1 -2 -2 2 1 3 0 0 0 0 0 0 -1 0 -1 1 -1 -1 1 0 -1 -1 1 0 -2 -1 0 1 0 0 0 0 2 0 1 1 0 1 0 1 0 -1 0 1 0 0 -1 1 -1 0 -1 -2 1 0 0 -1 -2 1 -1 -1 -1 2 0 1 0 1 2 0 1 0 2 -2 1 0 -1 -1 -1 -1 1 0 1 3 1 1 0 -1 -2 1 1 0 1 1 0 1 1 2 1 -1 1 -1 0 -2 0 0 1 1 0 3 -1 0 0 -1 -2 1 -1 -1 -1 0 1 -1 1 2 1 -2 1 -2 -2 -1 0 2 -1 2 2 1 0 1 0 -1 -1 -1 -1 0 -1 1 1 -2 0 0 0 0 1 -1 0 0 1 1 0 0 1 0 -1 1 -1 0 2 1 1 -1 0 1 1 -1 0 1 2 -2 0 -1 -1 1 0 0 -2 0 -1 0 1 -1 0 1 0 2 0 -2 1 2 1 -2 0 -2 1 1 -1 -1 -2 -1 -1 1 -1 0 -1 0 1 -1 -2 -1 -1 0 1 1 1 -1 0 -1 0 1 2 -1 -1 -1 -2 1 -2 0 0 0 0 0 1 3 1 0 0 -1 -1 -1 -1 1 -1 0 2 1 -1 -1 -1 0 0 1 0 0 -1 2 0 0 0 -1 -1 0 2 1 2 2 0 0 -3 0 1 -1 1 0 -1 1 0 1 2 1 0 1 -1 0 0 0 -1 0 1 1 0 1 1 0 0 0
-1 0 0 -1 -1 -1 0 0 0 0 1 0 -2 -2 0 -1 -1 -1 -1 1 1 2 -1 0 1 -1 -1 0 0 0 -1 -2 1 1 1 2 0 2 0 -1 0 -1 2 0 1 -2 -1 2 1 -2 1 0 1 -1 -1 0 -1 0 1 0 1 -1 -1 0 2 0 0 -1 0 0 -1 2 1 0 2 0 0 -1 0 -1 2 1 -2 0 2 -1 0 0 1 -2 -1 1 -1 0 1 1 1 1 0 0 -1 0 2 1 -2 0 0 -1 -1 1 1 -1 0 0 2 0 -1 1 0 0 0 0 1 -2 -1 2 1 2 0 -2 -1 -1 1 2 0 0 0 0 -1 -1 1 -1 0 1 0 2 0 0 -3 0 2 2 1 -2 -1 -1 1 0 2 -1 -1 -1 0 1 -1 0 2 1 0 2 0 0 0 -2 1 0 -1 0 1 1 0 2 1 1 0 1 1 1 1 0 1 -1 2 -1 0 -1 0 0 -1 -1 2 0 -1 0 0 -1 0 2 0 1 1 1 -1 0 1 -1 0 -1 0 -1 1 1 0 1 -2 0 1 0 1 2 -1 0 -1 0 2 0 0 1 0 1 -1 0 2 0 0 1 1 -1 -2 2 2 0 -2 -3 0 1 0 1 0 -2 2 -1 0 -2 0 -1 0 -1 0 -1 -1 1 1 1 -3 -2 2 0 3 1 -2 1 0 0 2 0 1 -1 1 -1 1 0 2 -2 -1 -1 -2 0 0 1 -1 3 -1 0 0 0 -2 0 0 -1 0 1 1 1 0 1 0 -1 -1 -2 0 1 -1 -2 0 -1 -1 0 -1 0 2 0 2 1 0 -1 1 1 1 -2 0 0 0 -1 0 0 0 0 1 -1 -1 0 0 -2 1 0 0 0 2 0 -1 2 -1 0 0 0 0 -1 1 -1 -1 1 -1 1 -1 0 0 -1 1 -1 1 0 -1 0 2 0 2 0 0 0 1 0 0 -2 0 -1 0 -1 1 0 1 0 0 -2 -1 -2 2 1 0 0 -1 0 -1 2 -1 0 1 0 1 -1 1 0 -1 1 1 1 1 2 0 0 -1 -1 0 0 -1 -1 -1 0 0 0 0 0 1 0 1 2 -2 0 1 -1 0 1 -1 1 1 -2 -2 -1 -1 1 1 -1 1 -2 2 -1 -2 -1 0 0 2 -1 2 0 1 0 -2 1 1 1 1 0 1 1 0 -1 -1 0 2 -1 -1 -2 0 -2 0 1 -3 1 0 1 -1 -1 1 0 -1 0 1 -1 1 0 0 -1 0
-1 0 -2 -1 1 2 -1 -1 1 1 -2 0 -1 0 0 0 -1 1 -1 -2 0 0 1 -2 0 -2 -1 -2 0 0 0 0 1 0 0 -1 0 0 -1 -2 -1 1 1 -1 1 -1 1 -1 0 -2 0 -1 1 1 1 -1 1 0 -1 1 0 -1 1 -1 -1 -1 0 1 1 2 1 -1 -1 0 2 -2 1 -1 0 1 2 0 -1 0 0 0 -1 -1 1 0 0 2 0 0 1 3 0 -1 1 0 3 2 1 1 1 -1 1 1 1 2 1 0 0 -1 2 1 0 -1 1 1 -3 1 0 -1 0 -1 0 1 -2 1 0 -2 -1 -2 0 2 -1 0 1 0 0 1 2 0 1 0 0 -2 -1 1 0 0 -1 -1 -1 0 2 -1 -1 -2 0 0 1 1 1 1 -1 -1 -2 0 1 -1 0 1 0 0 0 1 0 -1 0 1 -1 -2 -1 -2 -1 0 0 -1 1 -1 1 0 -1 -1 0 0 0 0 0 0 -1 1 0 -2 1 1 0 -1 0 -2 -1 -1 0 0 -2 0 1 0 0 1 0 0 0 1 -1 -1 0 0 0 0 0 -1 -1 3 1 -1 2 -1 0 0 -1 0 0 -1 -2 0 1 -1 -1 0 2 0 0 2 2 0 -1 -3 1 -2 0 1 -3 -3 0 1 0 0 0 0 -1 0 -1 0 1 1 -1 -2 1 2 1 2 -1 1 -2 1 1 0 0 1 -1 1 0 1 1 -1 0 0 -1 1 0 -1 2 0 -2 -1 0 0 0 1 -2 -1 -2 1 0 -1 -1 1 -1 0 -1 1 0 0 0 0 2 0 0 1 0 0 -1 0 2 0 1 0 -1 0 2 0 -1 0 -2 0 0 1 1 0 0 0 0 -3 -2 1 2 -1 1 -1 -2 1 -1 1 1 -1 0 -1 1 2 -2 -1 -1 -1 1 1 -1 1 -1 -2 1 2 0 0 -1 1 -3 0 -1 -2 0 0 1 2 0 -1 -1 0 0 -2 -1 0 0 -1 0 0 1 -2 2 -2 0 0 2 0 0 -2 1 0 0 -1 2 1 0 0 -1 0 0 -1 0 1 0 -1 1 1 -2 -1 2 -1 0 0 1 -2 -1 -2 -1 0 2 0 -1 1 0 -1 0 1 -2 0 1 -1 -1 -2 2 1 0 1 1 2 -1 1 0 0 -1 0 0 0 0 0 0 1 0 -1 -1 0 0 -1 0 0 -1 0 1 -2 0 -1 1 -1 0 -1 -1 2 0 0 0 -1 0 -1 0 -1 2 -1 1 0 0
-1 0 2 1 1 -1 2 0 1 -1 0 0 -1 0 1 1 0 0 0 0 0 1 0 -1 0 0 0 0 -2 0 0 -1 1 -1 1 0 0 2 -2 1 0 -2 -1 -1 -3 -2 0 -1 0 1 -1 1 1 1 1 1 1 1 0 1 0 0 0 -1 -1 1 2 -2 1 -1 0 2 1 0 -1 1 -2 -1 -2 -1 -1 2 2 1 1 0 1 2 1 -1 -1 0 1 -1 0 -1 0 0 0 -2 0 1 2 1 -2 1 -2 -1 -1 1 0 0 0 -1 -1 -1 -1 1 0 0 1 -1 0 1 -1 -1 -1 0 0 -1 0 0 1 1 0 0 -2 0 -1 1 0 0 1 0 0 0 1 -1 -2 1 -1 -1 1 0 0 -1 -1 1 -3 1 -2 -1 1 1 0 0 0 1 -1 0 0 0 -2 -1 -1 1 -1 1 0 -1 1 0 1 0 0 0 0 1 1 0 -1 -2 0 0 0 0 -1 1 -2 0 0 2 1 -1 1 -1 -2 -1 1 -2 1 -2 -1 2 1 0 1 2 -1 2 -1 1 -2 0 -1 0 0 -2 -1 1 1 0 -1 0 -2 1 -1 1 1 -2 1 0 0 1 1 0 0 2 1 0 -1 0 -1 0 2 0 1 0 -2 2 1 1 -1 0 -1 -2 -2 1 -1 2 0 -2 3 1 0 0 -1 0 0 0 0 0 1 -1 0 0 -1 -2 0 -1 0 -1 0 -1 -1 -1 2 1 1 1 0 0 -1 0 0 0 0 -1 0 2 -2 0 0 -1 -1 0 2 -2 0 1 0 1 -2 -2 2 2 0 0 0 0 -2 -1 0 3 -2 -1 2 0 -1 0 1 0 0 -1 -1 2 -2 -1 0 0 -1 -1 0 2 1 0 1 2 -2 0 -2 0 0 -1 1 1 -1 0 1 1 1 1 -1 -1 -1 -2 -1 -1 -1 1 2 -1 1 0 -2 0 -2 1 -2 0 -1 0 -2 0 -2 1 -1 -1 -2 2 0 -1 -1 -2 -2 2 0 -1 2 0 2 -1 -1 2 0 0 -1 -2 2 1 -1 -2 1 0 1 2 1 -2 0 -1 -1 -1 0 0 2 3 2 0 0 1 0 -2 -1 1 0 0 -1 -1 1 1 0 -1 -1 0 0 0 2 -1 0 -1 0 0 -1 -1 1 -1 -1 1 1 1 -2 0 -1 1 0 1 0 -1 -1 -1 0 -1 1 -1 0 0 0 0 0 2 0 0 -2 0 -1 -1 2 -1 1 1 -1 1 0 0 0 0 0 0 0 0 0 -1 1
-1 -1 0 -1 -1 1 -1 1 0 -1 -1 0 -1 1 0 1 0 -1 -1 1 -1 -1 0 0 0 0 0 0 -1 -1 3 1 -1 2 0 0 -1 -1 1 1 -1 1 0 1 -1 0 0 0 0 1 1 -1 -1 0 2 -1 0 0 1 -1 2 1 -1 2 0 0 -2 0 0 2 -1 0 2 -1 0 0 2 0 0 -2 0 1 1 0 0 1 -1 1 2 0 0 -1 2 -1 -1 2 2 1 1 0 1 1 1 0 1 0 2 0 3 -1 -1 0 1 0 0 -2 0 1 -1 0 -1 2 1 0 2 1 -2 0 -1 -3 1 1 -1 -3 0 0 -1 -1 0 1 -1 1 2 1 -1 -2 -2 1 0 -2 -2 -1 0 1 -1 0 -1 -2 0 -2 -1 1 1 0 -2 1 1 0 0 1 -2 0 2 -2 0 -2 0 0 -1 1 -2 0 0 0 -1 -1 0 0 -1 0 -1 0 -1 1 1 -1 -1 1 1 0 1 2 0 0 0 0 0 3 0 1 0 0 1 -1 0 1 -1 0 1 2 0 -2 -1 2 0 -2 -1 1 0 0 -1 1 1 -1 1 0 1 0 -1 1 0 0 -1 -1 -1 -2 0 2 -2 2 -2 0 2 0 -1 1 0 -2 2 -1 -1 0 -3 1 -2 0 0 0 0 1 -1 1 -1 -2 -1 2 -1 0 1 1 -1 -2 0 0 0 1 0 1 0 0 -1 0 0 -1 -1 1 -2 -1 1 -1 1 0 0 0 1 -1 0 1 1 0 -1 -1 -1 0 0 1 0 -1 2 -2 -1 0 1 3 1 -1 0 1 2 0 1 0 0 -1 -1 0 -1 -1 -2 0 1 0 1 0 -2 1 -1 0 -1 0 0 -1 0 0 1 -3 2 0 1 0 0 0 0 1 0 0 0 -1 -1 -1 1 0 0 -1 -1 1 0 0 0 -1 0 -1 -2 0 -1 0 0 2 0 0 -1 0 1 0 0 1 -1 0 0 0 0 -1 -3 -2 -1 1 0 1 0 0 -1 -2 0 0 2 0 0 0 1 0 1 1 -1 -2 0 1 -1 0 -1 -1 -2 2 1 -1 1 1 2 -2 -2 0 1 1 1 -1 -1 0 1 1 0 0 0 1 -1 0 2 1 -3 0 3 0 -1 1 0 2 -2 -2 0 0 0 0 -1 1 1 1 2 1 2 -1 0 1 0 -1 1 1 0 -1 0 1 -2 0 0 2 0 0 -2 1 -1 0 -1 0 1 -1 0 1 2 1 0 0 0 2 1 -1 -1
-1 1 0 0 0 -1 -1 -1 -1 0 0 -2 -1 3 0 3 0 2 -1 2 -1 -2 2 0 -1 -1 0 0 1 -1 -1 1 0 1 -1 1 -2 1 0 1 -1 0 -2 3 -3 -1 0 -2 0 0 -1 2 0 1 2 -1 1 1 -1 1 0 1 0 -1 0 -1 2 3 1 2 0 1 -1 0 2 -2 0 -1 1 0 1 0 2 0 0 1 0 -2 0 1 1 1 0 1 0 -1 0 -1 2 0 0 1 0 2 1 1 0 -1 1 1 0 -2 2 1 0 1 0 -1 0 -1 0 -1 0 1 -2 -1 0 -1 0 -1 -3 0 -1 1 0 0 0 -1 0 0 -1 -1 1 0 0 0 -1 1 0 2 1 2 -1 1 0 0 2 1 1 1 0 -1 0 1 1 1 -1 2 0 -1 -1 2 1 1 1 -2 0 0 -3 -1 -2 -2 0 1 1 -1 0 0 0 2 -2 2 0 1 0 -1 -1 1 1 -1 -1 -1 0 0 -1 -1 1 0 2 -1 -1 0 0 1 1 0 0 -1 0 1 1 1 0 0 -2 1 0 1 0 0 2 2 -1 1 1 1 0 0 1 0 0 -3 -2 0 1 0 2 1 -2 2 0 0 1 1 0 -1 0 -1 -1 -1 -1 0 0 -1 -1 0 -1 0 1 0 1 0 0 1 0 -1 -1 -2 -1 -1 0 -1 0 1 1 -1 0 2 0 -2 0 1 -1 1 0 2 -2 -1 0 0 2 -1 1 0 0 -3 0 0 0 0 -1 1 0 1 -1 0 0 1 2 1 0 -1 -2 0 -1 -1 0 -2 1 -2 -1 -2 -1 0 -3 1 1 -1 0 -2 -1 0 1 0 0 1 3 0 0 0 1 0 1 -1 1 -1 1 1 0 0 -2 1 -1 0 0 1 0 1 -1 -2 1 -1 -1 0 1 -1 -1 0 -1 1 1 1 1 1 1 0 -1 1 0 -1 0 0 1 -2 0 1 1 0 0 1 0 0 0 -1 -1 1 0 -2 0 1 0 0 1 1 0 0 0 -2 -1 1 0 0 0 0 -2 1 -1 0 -2 0 1 0 1 -2 -1 -1 1 0 0 -2 0 1 0 1 -1 0 0 2 0 3 1 0 0 0 2 0 -1 0 1 0 2 1 2 0 1 1 -3 0 0 1 -1 0 0 0 0 2 1 -1 0 0 0 0 1 0 1 0 -1 2 1 -2 2 1 1 -1 0 2 -1 -1 3 1 -1 0 0 0 0 0 -1 0 1 -2 -2 2 2
-1 -1 1 -1 0 1 -1 -1 -2 -1 0 -1 2 0 0 -1 1 -1 -1 1 0 2 -1 0 1 0 2 -2 0 1 1 2 0 -1 -1 0 -2 2 0 1 0 1 1 1 2 0 1 0 0 1 2 -1 1 0 -1 -1 0 0 0 2 -1 -1 1 0 -1 -1 0 1 -2 -1 0 -1 1 1 -1 0 0 -1 -1 0 1 -1 -1 0 -1 -2 -1 0 2 -1 0 2 -1 2 0 1 0 2 0 0 0 0 0 -1 -1 0 0 1 1 -1 0 0 -2 0 1 1 0 -2 2 1 0 1 -2 0 1 -2 0 -1 -1 0 -1 -1 0 1 0 1 0 0 1 -2 -1 -2 3 0 0 2 1 0 -1 0 2 0 0 -2 0 0 0 -1 0 0 -1 1 0 0 0 1 1 1 -1 0 1 2 2 2 -1 0 2 2 -1 1 2 0 1 -1 0 -1 0 1 1 -1 -2 -1 1 -1 0 0 -1 0 -1 -1 -1 0 2 1 -2 2 -1 1 1 0 -2 0 -1 1 1 -1 -1 -1 -1 0 0 0 1 0 0 0 0 0 1 2 1 -1 0 0 0 -1 1 0 1 1 -1 0 -1 1 -1 0 -3 2 1 1 1 -2 2 0 1 -1 2 1 -1 0 1 0 -1 0 0 -2 -1 2 0 -1 0 0 -2 0 0 0 0 1 -1 0 2 -3 1 1 -1 1 1 -1 0 1 0 1 1 0 1 2 0 1 0 2 -1 0 -1 0 1 1 1 -1 0 -1 0 0 -2 1 -1 1 1 0 -1 1 -1 1 0 -2 0 0 -1 0 2 1 -1 1 1 1 0 0 1 2 0 -1 -1 0 2 -1 1 -2 2 0 -2 1 -1 0 1 1 0 1 0 1 0 -1 1 -1 1 0 1 1 -1 2 2 1 1 -1 -2 0 -3 -1 -2 1 0 1 0 1 -1 1 1 -1 -1 0 0 0 2 1 1 0 0 0 -1 0 2 -1 0 0 0 -1 -1 1 0 0 -1 0 2 3 -1 1 -2 -1 0 -3 1 -1 1 0 0 0 0 -1 0 1 -1 -1 0 -1 -2 -2 0 -1 -1 1 1 0 -3 0 0 0 -1 1 1 -1 0 2 -2 0 1 1 -1 0 0 0 0 1 1 -2 -1 1 1 -1 -1 2 0 1 -2 -2 1 0 1 0 -1 0 1 0 1 -1 2 0 -1 2 0 -1 1 1 0 0 -2 0 0 -1 0 1 0 2 0 1 0 0 1 -2 0 -1 0 2 0 1 2
-1 0 1 -1 -2 -2 1 0 0 1 -1 1 0 2 2 0 0 1 0 -1 0 0 -1 0 0 0 0 0 1 0 0 1 -1 1 1 0 -1 -1 0 -1 -1 -1 -1 0 0 2 -1 -1 -1 1 0 -2 0 1 1 -1 -1 -1 -1 0 -1 1 0 1 0 0 -1 1 1 0 1 1 -1 0 -1 -1 -1 -1 2 0 2 0 -1 0 1 -1 1 0 -1 1 1 0 1 1 2 1 -1 -1 -1 1 1 2 0 0 -1 1 0 -1 1 1 0 2 0 1 0 1 0 0 1 1 0 0 1 0 2 -1 0 0 -1 0 -1 1 -2 0 -2 1 -2 0 1 0 -1 1 1 -1 1 0 1 -2 -2 -1 1 2 1 1 0 -1 0 0 2 0 0 2 0 1 -1 -2 0 1 1 -1 1 0 2 2 -1 -1 0 1 0 0 0 0 0 0 1 0 -1 1 0 -2 -1 -1 -2 0 -1 -1 2 0 1 1 0 0 -3 -1 -1 -3 1 0 0 2 0 1 0 -1 -1 -1 1 2 1 -1 -1 0 -1 -2 1 1 0 0 -2 0 0 1 0 2 0 0 0 0 -2 1 0 1 0 0 0 0 -1 1 1 -2 0 -1 -1 -1 1 0 1 -1 -1 0 -1 0 -1 1 0 -2 0 1 2 0 1 -2 2 0 0 -1 -1 2 1 1 1 1 0 0 0 1 -1 -3 1 -1 0 -1 -1 0 1 1 1 0 2 2 1 3 1 0 0 -1 -1 -1 2 3 -1 -1 1 0 -2 0 -1 0 -2 0 1 -1 1 2 0 -1 -1 -1 0 1 0 0 0 1 0 -1 0 -1 0 2 -2 0 1 0 0 1 1 0 -1 1 0 2 0 0 2 1 -1 0 -1 0 -3 0 1 0 1 1 2 0 1 1 0 0 -1 0 -1 -1 0 1 -1 -2 0 1 -1 0 0 2 0 0 0 -2 0 -2 -1 -2 -1 0 2 -1 -1 -1 0 -1 -1 0 2 1 0 -3 -1 0 0 -2 2 -2 2 0 0 0 1 -2 0 0 -2 -1 1 0 0 -1 1 1 -1 0 -1 1 -1 0 0 -1 3 -1 1 1 2 0 0 0 1 0 1 0 -2 -1 1 -1 2 -1 1 1 1 -2 0 0 -1 2 0 -1 0 0 -2 -2 2 -1 -2 1 -2 -2 -1 -1 -1 -1 0 -1 2 -1 1 2 0 -1 0 -2 -1 0 0 1 -2 0 -1 0 0 -1 1 1 -1 -2 -2 2 0 1 0 0 2 0 0
-1 0 0 -2 0 2 0 -2 -1 1 1 -1 0 1 1 0 0 0 2 0 -1 0 0 0 0 0 1 1 1 2 0 0 1 -1 0 1 -1 0 2 -1 1 0 1 -1 0 0 -1 1 -1 0 -1 1 -1 -1 -1 0 1 0 -2 -1 -1 -1 2 1 -2 -1 0 1 -1 -2 0 -2 -1 0 1 2 1 0 -1 0 0 0 0 -1 0 -1 2 0 0 1 -1 1 0 1 1 -1 1 1 1 1 -1 -1 -1 -1 1 1 -2 -1 -1 0 -1 -3 -1 1 -1 1 -1 -2 1 0 -2 1 0 2 3 -1 -1 0 1 2 -1 0 -1 0 1 1 -1 0 1 -2 -1 1 -1 0 -1 1 -1 -1 -3 0 0 0 0 -1 -1 1 -1 1 2 1 1 -2 0 0 1 3 0 0 -1 0 1 0 1 -1 -1 0 2 1 -1 0 -1 -1 0 1 0 0 -2 0 1 -1 1 0 0 0 0 0 0 -1 -1 -1 -1 1 1 1 0 3 1 0 1 0 0 1 1 -1 0 1 0 -2 -1 0 -1 -1 1 1 0 0 0 1 0 -1 0 2 1 -2 -2 0 -1 1 1 1 1 2 -2 3 -1 -2 -1 0 0 -1 3 -1 0 2 0 1 0 -1 -1 0 -3 -1 0 0 0 0 0 2 1 1 -2 -1 -1 -1 3 -1 -2 0 -2 -1 2 0 0 -1 -2 -1 -1 -1 0 3 0 -1 1 -1 -1 -2 1 -1 0 0 0 0 2 -1 0 0 0 -1 0 1 1 1 -1 -1 -1 -2 1 -2 -1 -1 1 0 -1 0 1 -1 0 1 0 0 1 1 0 0 1 -1 -2 1 0 0 1 0 0 0 -1 -1 2 0 1 0 0 -1 0 1 -1 1 -2 0 -1 0 2 -1 1 0 1 -1 0 0 3 0 -1 -1 -1 0 -1 0 -1 0 -1 2 0 -2 -2 -2 1 1 1 -1 0 1 0 -1 1 2 0 0 -1 -2 0 -1 0 -2 1 2 -1 1 -1 0 -1 0 0 1 2 0 1 -2 1 2 -2 0 0 0 0 0 -1 -1 -1 -1 0 -2 1 0 0 -1 2 -1 1 0 -1 -2 -1 1 -1 -2 0 -1 2 -1 -1 0 -1 0 0 -1 1 0 0 0 0 -2 -1 1 0 1 0 1 2 -1 0 0 1 -1 0 1 0 0 -1 0 0 1 -1 0 -1 0 0 0 1 -1 -2 0 -1 0 1 1 -2 0 2 1 0 0 1 0 -2 0 0 2 0 -1 -1 2 1 -3 -1
-1 0 -1 -1 1 1 -2 -1 1 1 0 2 1 0 0 -1 -2 -1 -2 0 0 1 1 -1 0 2 0 0 1 1 -2 -2 0 0 0 1 0 0 0 1 0 0 -1 0 0 -1 -1 2 1 -1 1 1 0 2 -1 0 -1 0 0 0 2 -1 3 0 0 1 -1 1 0 0 0 -1 2 -2 0 0 0 -1 -1 0 2 -1 2 2 -1 0 1 1 1 2 0 -1 -1 0 0 1 0 -1 2 -1 1 2 3 0 -2 -2 0 0 1 1 1 0 1 -1 0 1 1 1 0 -1 -2 -2 -1 0 0 1 0 0 0 1 -1 0 0 0 0 -1 0 0 0 -1 -2 -1 1 2 0 2 1 0 -2 0 0 0 -1 1 0 0 -1 0 -2 1 0 -2 0 0 -2 1 3 1 -1 0 0 -1 -1 0 0 0 -1 1 0 0 -1 1 -1 2 1 0 2 1 1 1 -1 -1 0 1 -1 1 0 0 0 2 1 -1 1 2 0 0 -1 2 1 0 -1 -1 -3 1 -1 0 -2 1 1 1 -1 2 0 -1 -1 1 -2 0 -1 -2 1 -1 -1 0 2 0 1 1 -1 0 1 0 0 0 0 3 1 0 0 1 0 -2 -1 -1 -3 1 1 -1 0 0 -1 -2 0 0 0 1 -1 0 1 -1 -1 -1 -2 -2 0 1 1 1 0 3 -1 -1 -1 -1 2 1 1 1 -1 1 0 -3 0 0 0 0 0 0 0 2 0 1 -2 2 1 1 0 -1 0 0 -2 1 1 1 -1 -1 2 0 1 0 0 0 0 0 0 -1 0 2 -1 0 1 1 2 -1 0 0 0 2 1 1 1 0 -1 -1 0 2 -1 1 0 0 -1 -3 1 2 1 -1 0 -1 0 0 -1 1 1 -1 1 0 -1 0 -1 -2 0 -1 0 0 1 0 -1 0 0 -1 -3 0 1 0 1 -3 -1 -1 0 0 -1 -2 0 -1 0 -2 0 -1 2 0 0 1 1 1 0 -1 -1 0 2 1 -2 -2 -1 0 0 2 0 1 0 1 0 0 -2 -1 1 -1 0 1 0 1 0 2 -1 0 1 -1 0 0 1 2 1 0 0 0 -1 1 1 0 0 0 -1 1 1 -1 1 1 -1 1 3 1 0 -1 0 -1 -1 1 1 0 2 -2 -1 -1 -1 1 0 0 -1 0 0 0 -2 -1 1 -2 -1 1 2 1 -1 0 0 -1 2 0 -1 0 2 0 1 0 0 -2 0 -2 1 1 0 1 2 -2 0 1 1
-1 0 1 -1 1 2 -1 -1 1 -1 -1 -1 -2 1 0 -1 -2 1 1 1 0 1 0 0 0 -1 0 0 1 1 1 2 0 -1 -1 -1 -1 0 -1 0 0 1 -1 -1 1 1 0 0 0 0 1 1 -1 1 2 0 -1 0 -1 2 -2 2 2 0 -1 2 -1 1 -1 0 1 0 0 1 -1 2 -1 0 -2 1 -1 -1 0 0 -2 0 -1 -2 0 0 0 -1 1 1 -1 -1 0 1 -2 0 3 1 -1 -1 -1 -1 1 -1 -3 -3 0 2 3 2 -3 1 -1 0 1 1 -2 2 1 1 1 -2 0 0 0 1 -1 2 -2 -1 0 0 0 2 3 -1 0 0 1 1 1 -1 -1 1 -1 -2 0 1 0 -1 0 0 1 -3 1 0 0 0 0 1 2 0 2 -2 0 1 -2 0 -1 2 -2 1 1 -1 0 -1 0 -1 -1 -1 -1 -2 -2 1 -1 0 0 0 -1 0 0 1 -1 -1 -1 0 -1 1 1 1 -1 0 1 -1 0 0 0 0 0 -1 1 0 -1 2 -1 2 -1 2 0 0 1 -1 0 -1 1 0 1 2 0 0 0 2 1 0 -1 0 -1 1 -1 0 0 1 -1 0 -1 -1 -2 -2 1 2 -1 -2 0 0 -1 -1 1 -2 1 -1 0 1 2 1 2 -1 0 1 1 1 2 1 -1 0 -1 0 1 -2 0 1 -1 1 1 0 2 0 0 0 0 -1 1 0 2 -1 0 -1 0 0 1 0 -1 0 1 -1 1 0 0 -1 0 0 0 0 1 -1 0 -1 -1 0 0 1 -1 0 1 0 1 0 -1 0 1 -2 2 0 0 1 0 -1 -1 0 0 0 -2 0 -1 -3 0 0 -1 0 -2 1 0 0 -1 0 1 -1 0 0 0 -1 2 -1 1 2 1 2 1 0 -1 -1 1 -2 1 0 0 2 -2 1 1 -1 -1 0 0 0 2 1 -1 1 0 -1 0 1 0 0 2 0 1 0 0 0 0 -3 0 0 2 1 0 0 1 -1 0 -1 0 -1 1 -2 -1 -1 1 0 -1 0 0 -1 0 -1 0 0 1 1 2 0 -2 -1 0 1 -3 1 1 1 0 0 1 1 1 2 -1 0 1 2 -3 0 1 -2 1 -1 0 -1 -2 0 -1 -1 0 -1 -2 1 -2 1 1 1 1 0 0 0 2 0 0 0 2 -2 1 -1 1 1 -1 -1 2 0 0 1 0 1 -2 1 0 0 0 1 -2 0 -1 1 -1 0 1 -1 0 0 3
-1 0 1 1 -1 -1 -1 -1 1 0 -1 1 0 0 -2 1 2 0 -2 0 1 1 1 0 0 0 -2 -1 1 2 -1 -1 2 -1 1 -2 -1 2 -1 0 0 0 1 1 0 0 -1 1 -1 1 -1 -2 -1 -1 1 2 1 0 0 1 1 2 0 1 1 0 2 2 0 0 0 0 -3 1 0 -1 2 -1 -1 0 0 0 2 1 1 -1 0 1 0 -2 -1 0 -2 -3 -1 0 1 -1 1 0 0 1 1 -2 0 0 0 1 0 1 1 1 0 -1 0 0 -2 1 0 -1 0 0 0 -1 -2 0 0 0 2 -1 2 1 2 1 0 -1 0 0 -2 0 0 0 0 0 1 1 -1 0 -1 1 2 0 2 0 2 -1 -2 0 0 0 1 0 0 0 0 -1 1 0 -2 2 1 -1 0 -1 0 0 -1 3 1 1 1 -1 0 2 0 0 1 0 1 1 0 0 1 -2 -1 0 2 0 1 0 -1 -1 -1 -1 1 1 0 -1 -2 0 0 0 1 -2 0 0 1 -2 0 0 0 -2 0 0 1 1 0 1 0 0 0 0 1 2 2 0 0 0 1 1 -1 1 1 1 -1 -1 1 -2 2 2 1 -1 0 -1 1 -1 1 1 0 0 1 1 0 -1 1 0 1 0 -1 1 0 1 1 1 -1 1 1 1 0 0 1 -1 -1 0 2 2 0 0 -1 0 0 1 -1 0 0 -2 0 0 0 0 1 0 2 1 0 2 0 0 1 -1 0 0 0 0 -1 -1 -1 1 -1 0 1 1 0 0 0 0 2 1 0 0 0 -1 -1 0 -1 0 -1 -2 3 -1 2 0 -1 0 1 -1 0 1 0 0 0 1 -2 0 -1 0 0 0 -1 -3 0 3 2 0 0 2 0 0 -2 0 -2 1 1 1 0 -2 0 -1 0 0 -1 1 1 -1 0 0 0 1 0 -1 1 -1 0 -1 1 0 -1 0 2 -1 0 0 -1 -2 0 0 1 0 2 0 1 1 0 -2 0 -1 0 2 1 -3 2 0 -1 0 -2 0 -1 0 0 0 0 0 1 1 1 1 -1 0 0 -2 2 -1 -1 -1 1 0 1 2 0 0 0 -1 1 -1 0 0 1 -1 2 3 -2 -3 -1 2 0 0 -2 1 -1 -1 1 0 2 -1 0 -1 -3 -1 0 1 2 2 0 0 2 -2 -1 -1 1 0 2 0 2 0 1 1 -1 -1 1 1 0 -1 0 1 2 0 -1 0 -1 0 0 -2 1
-1 -1 2 0 -2 -1 0 1 1 0 -1 0 -1 3 -1 -1 0 1 -1 0 -2 0 -1 -1 1 1 0 -1 -1 1 1 -1 0 1 -1 -2 -1 0 2 0 1 1 0 -1 0 3 1 1 -1 0 -2 -2 -1 -1 0 2 0 -1 1 0 0 0 -1 0 2 2 -1 0 1 0 1 0 0 -2 -1 -1 1 1 -2 -2 1 -1 -1 -1 -1 1 -1 0 1 1 -1 -1 1 0 -1 0 1 1 0 -2 0 -2 -1 2 -2 1 0 1 -1 1 0 0 -1 -2 0 -1 0 1 0 2 -2 1 0 0 2 -1 1 0 1 0 3 1 1 -2 0 2 1 0 -2 0 0 -1 -2 -2 -1 1 0 -2 -2 0 0 -1 0 1 -1 1 -3 2 2 -1 1 -1 0 1 1 -1 -2 0 -1 0 1 2 1 1 1 -3 -3 1 0 1 1 0 0 2 0 0 -1 0 0 -2 0 -1 -1 0 -2 1 1 0 -1 -3 0 1 -1 1 1 0 -1 1 0 0 2 0 -1 -1 1 0 1 -1 -1 0 -2 0 0 0 -1 0 1 0 0 0 1 0 -2 2 -1 0 -2 2 -1 1 1 0 0 1 0 1 0 1 0 -1 0 -1 0 0 1 0 0 0 0 0 0 -1 -1 -1 2 0 -2 -1 0 -3 1 0 0 1 0 -1 1 0 0 0 0 1 -2 1 1 0 -1 -1 -2 -1 0 -2 1 1 0 2 -3 2 -1 -1 -1 1 -1 0 2 -1 0 1 2 0 0 0 -1 0 0 2 1 2 0 -1 1 -1 -1 -1 1 0 0 0 -1 1 1 0 2 1 -2 1 -1 0 1 -1 1 0 -1 2 2 0 1 0 -1 2 0 0 1 1 0 0 1 0 -2 0 -1 -2 -1 -1 -1 -1 1 -1 0 0 1 1 2 -1 2 1 2 -1 1 -1 0 -2 -2 0 -2 2 0 0 -1 0 1 -1 -1 -1 -1 0 -1 -1 0 0 1 0 0 -1 -1 -1 0 1 0 0 0 1 0 1 2 0 0 -2 -1 0 0 0 0 0 -1 -1 -1 -1 0 2 1 1 0 0 0 0 -1 1 -1 -2 0 -1 1 0 2 1 -2 0 0 -1 0 0 0 0 0 -1 0 1 1 -2 0 0 1 -1 2 0 -1 0 0 0 -1 0 1 0 0 0 1 0 1 1 1 1 -2 0 0 -1 -1 -1 -3 1 -2 1 0 -1 2 0 0 2 1 0 0 2 1 1 -1 0 1 0 1 -1 -1 0 -1
-1 0 0 1 0 0 -2 -2 0 1 1 0 -2 0 1 0 0 0 1 1 -1 1 -1 -1 -1 -1 0 0 -2 -1 -1 1 2 0 -1 0 2 1 1 -2 0 -1 1 -1 -2 -1 0 0 1 0 0 0 0 0 1 -1 1 1 -2 1 1 -1 1 -1 2 -1 1 1 -1 1 1 2 0 0 0 1 1 0 1 1 1 1 0 0 1 0 0 -1 1 0 2 0 0 1 1 1 -1 1 1 -1 -1 2 2 0 2 1 0 1 -1 0 0 -1 0 -3 0 1 1 -1 1 0 1 -1 -2 1 -1 0 1 1 1 -1 -1 0 0 -1 0 -1 0 0 1 -1 -1 0 -1 -3 1 0 1 0 1 0 0 -3 1 -1 2 1 1 0 -2 0 1 0 -2 1 0 0 2 1 1 1 0 -1 -1 1 1 1 2 1 -1 2 1 0 0 1 -1 -1 -1 2 0 -1 -2 1 0 2 -1 -1 0 1 1 0 1 0 0 0 -2 -1 0 0 2 0 0 2 -2 2 0 0 0 -1 1 -1 -2 0 0 0 -1 1 0 1 0 1 0 -2 0 1 1 0 0 0 2 0 -1 0 0 1 1 1 0 0 1 0 2 0 -2 1 1 1 0 1 2 2 1 -3 2 1 -1 -1 0 0 -1 0 -1 1 0 -1 2 -1 2 1 -1 1 0 -1 -1 0 1 0 -2 1 0 0 -1 -1 -1 -1 0 1 -1 0 0 0 -2 -1 2 1 -1 1 2 -1 -1 1 2 -1 0 -1 0 1 -1 0 0 3 -1 0 1 0 -2 -1 0 -1 0 -1 2 2 1 0 0 -1 1 -1 -1 -1 -3 3 -1 0 0 0 1 1 1 0 -1 0 -1 -1 1 2 -2 1 1 -1 0 1 1 1 1 -2 1 1 0 -2 -2 -2 0 1 1 -1 -3 1 0 0 0 0 -1 -1 0 -1 0 1 0 3 0 0 -1 -2 0 0 0 2 -1 0 -2 0 1 0 1 2 -2 1 -2 1 0 0 0 2 -1 0 0 0 1 0 -1 -2 -2 1 -1 1 1 -1 1 2 0 0 3 -1 1 0 2 1 1 -1 0 -1 -1 -2 -2 0 0 0 1 -1 1 1 -1 -1 0 1 -1 -1 -3 1 -2 -1 -1 0 -1 -1 -1 0 -1 -1 2 1 -1 -1 1 0 1 1 1 1 0 0 0 0 2 1 0 2 0 1 0 0 -1 0 1 -1 0 -1 -2 2 -1 -1 0 1 -1 0 1 -1 0 1 -1 -1 -2
-1 0 0 1 0 0 -2 -1 1 -2 2 -1 1 1 1 1 1 -1 0 -1 0 1 1 -1 0 -2 -2 -1 1 2 1 2 0 0 -1 1 -2 3 2 -1 0 1 0 1 0 -1 0 -2 -1 0 -1 1 2 -2 2 1 1 -1 0 2 0 0 -2 0 1 0 1 0 0 1 -1 -1 -1 1 1 -2 2 1 0 1 3 0 -1 -1 2 0 2 1 1 -2 1 -1 0 -1 1 0 0 1 -1 -1 1 0 0 0 2 0 -1 0 -1 -1 -1 0 2 -1 -1 -1 0 -1 0 0 -2 0 -2 0 0 1 0 0 0 1 -1 0 1 -1 0 0 0 0 0 -1 -1 0 0 -1 1 1 -1 -1 -1 0 1 -1 0 0 -2 1 1 0 2 0 -2 1 -1 1 -2 -1 0 0 -1 -2 -1 0 1 1 2 -1 1 1 0 -1 1 -1 1 0 1 -1 -3 -1 1 0 1 -1 0 -1 -1 -1 0 -1 1 -1 1 0 1 0 1 -1 0 1 0 -1 2 0 -2 -2 -1 -2 1 -1 1 -2 0 -1 2 -1 1 -1 1 2 0 0 0 0 -1 0 1 0 -1 1 1 0 0 2 2 1 -1 0 0 0 -1 1 1 0 0 -1 0 -1 1 1 1 -2 1 0 -2 1 0 -1 0 -2 -1 -2 1 1 1 2 1 2 2 0 -1 0 0 1 0 1 0 0 -1 -1 2 -1 2 -2 1 -1 0 1 -1 -1 0 0 0 0 0 -2 0 0 0 -1 1 -1 0 0 0 -1 1 -1 1 0 0 0 0 1 1 3 -1 0 0 1 0 -1 -1 2 -2 0 0 0 0 1 -1 0 0 1 0 1 -1 -1 1 -1 0 0 -2 0 2 -1 1 -3 1 0 -1 2 -1 1 -2 0 1 -1 0 -1 1 -2 0 1 1 0 0 0 2 0 -1 -1 -2 1 -1 0 0 0 0 -1 1 1 -1 0 -1 1 0 1 0 0 -1 0 -1 2 -2 1 1 0 2 2 1 1 0 0 1 1 1 -1 1 0 -2 1 -1 1 -1 1 1 0 1 1 0 0 0 1 1 1 1 0 -2 -3 -1 -1 0 -1 1 0 1 0 0 0 0 -2 1 1 -1 -1 -1 -2 -1 0 -2 -1 -2 -1 1 0 0 1 -1 0 0 0 0 0 1 0 1 -1 1 -1 2 1 1 -1 -3 0 -1 -2 0 2 -1 0 0 1 0 -1 -1 1 0 -1 0 0 0 0 0 0 1 -1 -1 -2 0 -1 0 0 -2
-1 1 0 2 0 -1 -1 -1 2 1 -2 0 -1 1 2 0 -2 0 2 -1 0 -2 -2 0 0 0 -1 1 0 3 0 -2 0 0 1 0 -1 -1 2 0 2 0 -1 -1 -1 -1 0 -1 1 -1 1 1 -2 -1 0 0 -1 2 0 1 -1 0 1 0 -1 0 0 0 0 1 -2 1 1 1 -1 -1 -1 1 -2 1 1 2 0 1 0 0 1 -1 -1 0 -2 -1 -1 0 -1 1 1 0 1 -1 0 -2 0 0 0 0 0 -1 1 2 0 0 1 1 0 0 2 -2 -2 -1 1 0 0 0 0 -3 -1 -1 0 1 1 0 0 0 0 -1 1 -1 -3 1 1 0 0 2 0 1 2 1 1 2 3 -1 0 1 0 1 0 0 0 1 0 1 -1 1 -1 -1 0 1 0 1 -1 -1 1 -1 2 -1 0 1 -1 0 -1 2 1 0 0 -1 1 0 -1 0 0 -1 -1 0 -1 0 -2 1 -2 -1 -1 0 1 2 -1 -1 2 0 1 2 1 1 1 0 -1 0 0 2 2 0 0 -1 0 -1 2 0 1 0 -2 0 0 0 1 0 2 1 0 0 -1 -1 0 1 0 1 0 1 -1 -1 2 0 0 -1 -2 1 0 2 -1 -1 0 -1 1 -2 1 0 -1 -1 0 -1 -1 0 -1 1 1 0 2 -1 0 1 0 0 1 1 -1 -2 -1 2 -1 0 0 -1 2 0 -1 2 -1 -1 1 0 0 1 0 2 0 1 0 -1 -3 -1 2 1 1 0 0 -1 -1 -1 1 0 -2 -2 2 -1 0 0 -1 -1 1 0 0 0 1 0 -1 -2 1 3 0 1 1 0 1 -2 1 -1 1 -1 0 2 0 -2 0 -1 -3 0 2 1 0 0 0 1 1 1 1 -2 1 -1 1 1 -1 1 0 2 1 -1 -2 1 1 1 -1 -1 -1 0 0 2 -2 -1 1 1 0 -1 0 -2 0 -1 -1 1 0 0 -1 0 1 -1 -2 0 -1 0 -1 -2 -1 -1 0 0 2 -1 1 0 0 1 1 0 1 1 0 -2 1 -1 0 1 0 1 1 0 0 -2 0 2 1 -1 2 0 2 0 -1 0 0 1 2 0 1 -1 0 2 0 0 -1 -1 0 2 0 2 -1 -2 0 -1 -1 0 -2 0 0 -1 1 0 -2 0 0 0 0 0 0 -1 0 1 1 1 0 0 -1 0 -1 -1 -1 0 1 1 0 -1 1 -1 0 1 0 0 -1 0 -1 1 0 0 1 -1 -1 0 -1
-1 -1 0 -1 1 2 0 0 0 0 1 0 -1 2 0 0 2 1 -1 0 0 -1 1 0 2 -1 -1 2 0 2 0 1 0 1 -2 0 -2 -1 -1 0 1 1 1 0 1 -1 0 0 1 0 0 1 1 0 2 -2 3 1 0 0 -1 1 1 0 0 1 0 2 2 2 1 -1 0 0 0 0 0 1 0 0 0 -2 -1 -1 -1 0 3 0 0 1 2 0 -2 0 1 1 2 0 0 1 0 1 0 1 -1 -2 0 1 1 0 -1 1 1 -1 1 2 -1 1 0 0 -2 0 0 -2 -2 0 1 1 2 2 0 2 0 0 0 -1 -1 2 1 -1 -1 -2 1 0 1 1 0 -1 0 0 -1 1 0 1 0 -1 -1 -1 -1 0 -1 -2 0 1 0 1 3 2 -1 0 -1 -1 0 0 3 1 1 2 -3 -1 0 1 -2 2 0 -1 1 -1 -1 1 -1 -1 1 -1 -1 2 0 2 0 0 -1 -1 0 0 2 -3 0 1 0 1 -1 0 1 0 0 0 0 0 -1 0 0 -2 -1 0 -1 2 -2 -1 2 0 1 -2 1 0 -1 0 -3 -1 0 -1 0 0 1 2 0 1 0 -1 0 0 -1 0 0 -1 0 0 0 1 0 -1 0 1 1 1 0 -1 0 3 -2 1 1 0 1 0 2 -1 2 -1 -1 0 0 -1 0 0 0 0 0 2 1 2 0 0 0 -1 -1 1 0 0 0 1 -2 0 1 -2 -1 0 -1 -2 0 1 1 1 -1 -1 1 -3 -1 1 1 1 2 0 1 2 0 -2 0 -1 -1 -1 1 0 0 0 0 0 0 -1 1 -1 -1 0 -1 0 1 1 0 0 -1 0 0 0 -1 0 -1 0 0 1 -1 0 2 0 0 0 -1 0 0 0 0 2 1 1 -1 -1 -1 2 -1 -1 0 1 0 -1 -1 0 2 0 -2 1 -1 -2 0 1 0 0 0 -1 1 0 -1 0 -1 0 0 1 -1 0 -1 0 1 -2 0 -1 1 0 -1 -1 0 -1 2 0 0 0 1 0 0 0 -2 -1 -1 -1 1 2 0 1 0 1 1 -1 -1 -1 -1 0 3 -1 1 -1 2 1 -1 -1 0 0 -1 0 0 1 -1 0 0 3 -1 1 1 0 1 0 0 0 -1 0 -1 -1 -1 -2 -2 0 0 1 1 0 -2 1 1 0 1 -1 0 2 0 0 0 -2 1 -1 0 1 1 0 0 1 0 -2 2 2 0 -1 0 -2 0 -1 -1 -2 1
-1 1 1 -1 0 1 0 -1 2 0 -1 1 -2 0 -2 -1 2 -1 0 -1 0 0 1 0 0 -2 -1 1 0 0 2 0 0 -2 -1 0 0 -1 0 1 -2 1 1 0 -1 1 1 0 1 -2 0 1 -3 -1 2 1 2 0 2 1 1 0 -1 3 0 0 -2 1 1 1 -1 -1 -1 1 -1 -1 1 -1 -2 0 2 0 0 1 0 -1 0 0 0 0 -1 0 -1 -1 1 2 0 -1 -1 -1 1 -2 -3 -2 -2 0 1 2 0 0 -1 1 0 0 1 -1 0 -2 0 0 0 1 1 0 2 2 0 0 1 1 -1 -3 -1 -1 -1 -1 0 0 3 2 -1 0 1 1 -1 0 0 0 -1 0 0 2 -3 -2 -1 -1 2 -1 2 0 0 1 -1 1 -1 -1 3 -1 1 1 -1 0 -2 1 0 2 -2 -1 1 0 0 1 -1 -1 -1 1 0 0 0 0 0 -2 1 1 0 1 1 -1 0 2 -1 1 0 0 0 1 -1 2 -1 0 -1 0 -1 -1 1 0 1 -1 -1 0 0 1 0 1 1 -1 1 -1 0 0 0 0 -1 1 1 1 2 -1 2 -1 -1 1 0 -1 -1 -2 -1 -1 0 1 -1 -2 0 0 1 0 0 0 1 2 0 1 -2 2 -1 -1 -1 0 0 -1 0 0 0 2 -1 0 1 -1 0 0 0 1 -1 1 1 0 1 -1 0 -1 -1 1 0 0 0 1 1 0 2 -1 0 0 2 1 -2 2 1 0 -1 -1 1 -1 -1 1 1 2 1 -1 1 1 -1 0 0 0 1 0 1 0 0 0 -1 -1 0 0 -2 -2 1 0 -1 -1 -1 2 1 0 -1 0 -1 1 -1 0 0 -2 -1 0 -1 1 0 -1 -1 -1 -2 1 0 -1 1 2 -1 1 -1 1 1 -1 1 -3 -1 1 1 1 1 0 0 1 0 0 -1 -1 0 1 -1 0 0 -2 -1 0 1 0 0 -1 1 1 0 1 0 0 0 -2 -1 0 1 0 2 1 1 -1 0 -2 0 -2 1 -1 0 0 0 0 1 -2 -2 -1 0 -1 1 0 0 1 1 -3 -1 -1 1 1 -1 0 1 2 0 2 -1 0 -2 0 1 1 1 -1 -1 0 -1 -1 1 -1 1 -1 1 0 -3 1 -1 0 3 2 -1 -1 0 2 0 0 -1 1 -1 0 -1 -1 1 0 1 -1 2 -1 -1 0 0 1 0 1 0 1 0 0 1 0 -1 0 2 -1 -1 -1 -1 -1 1 -1 1 1 0
-1 0 3 1 0 0 0 1 0 1 -1 -2 0 0 2 -1 -2 1 1 0 -3 0 0 1 0 1 1 1 0 0 0 -1 1 0 -1 1 -2 3 0 -3 0 -1 1 0 -2 0 1 0 0 2 -2 2 0 -1 -1 0 -1 0 0 2 0 0 1 0 -1 0 -1 0 -1 0 1 0 1 1 3 1 0 1 2 -2 2 0 1 -1 -2 0 1 0 -1 1 -1 -1 0 0 1 -1 1 2 -2 0 1 -1 0 0 1 0 0 1 1 1 0 0 1 1 1 0 0 0 -1 -2 -2 -1 0 -1 0 0 0 1 -1 -1 0 0 0 0 0 0 -2 -1 1 1 1 0 -1 0 -1 1 0 0 1 0 0 -1 -1 0 0 -1 1 0 0 -1 -1 -2 1 1 0 0 0 2 1 -1 0 -2 0 0 2 0 0 0 -1 1 -1 0 -1 -1 1 -1 2 0 0 -1 -1 0 -2 0 0 -1 -1 -2 0 -2 0 0 -1 0 1 -1 2 -1 1 -1 0 0 -1 2 0 0 0 -1 0 -3 -1 -1 -2 -1 0 1 0 0 -1 -1 1 0 1 2 -1 0 -1 -1 0 1 3 1 0 1 1 -1 2 1 -2 -1 0 -1 1 -2 1 1 1 -1 0 -1 0 1 -1 -1 0 0 2 0 0 2 -1 -1 0 -1 0 -1 -1 0 0 0 -2 -1 2 0 0 1 -3 0 -1 0 -1 0 0 1 -1 0 0 0 1 1 -1 1 0 1 1 0 2 -1 1 0 -1 -1 3 2 1 -1 -2 0 1 1 0 -1 -2 0 1 -1 2 0 -1 -1 0 0 -1 0 2 1 1 -1 -1 -1 0 0 0 1 2 0 1 1 0 -1 2 1 0 -2 0 0 -1 0 0 -1 -1 2 0 1 -2 0 2 0 -1 0 0 -1 0 1 -1 0 -1 1 0 0 0 0 -1 0 0 1 0 1 -1 0 -1 1 3 -2 0 2 1 0 1 -1 -1 0 2 -1 -2 1 -2 0 -2 -2 1 -1 0 -1 0 0 -1 1 -1 1 0 0 -1 0 1 1 -3 1 0 0 0 0 1 -1 -1 0 -1 -1 0 -1 0 -2 0 1 0 -1 1 -2 1 -1 0 -1 -1 0 1 -1 -3 3 -1 -1 2 1 -1 -1 1 -2 0 0 2 0 1 1 -2 0 2 0 -1 0 1 0 0 1 0 -1 0 2 -1 2 -1 0 -1 -1 -2 2 1 -1 1 0 1 0 1 -1 0 1 -1 -2 1 2 -1 0 2 1 0
-1 -1 0 -1 0 0 0 0 0 0 1 1 1 -1 -1 0 0 1 0 -1 0 -1 0 2 2 0 0 1 -1 1 0 0 -1 -1 1 1 0 -1 1 0 -1 -1 -1 1 1 -1 0 1 2 1 1 -2 0 2 0 1 -2 -1 0 1 0 1 0 1 2 0 0 1 0 -1 -1 1 0 -1 -1 0 0 -1 1 1 1 1 1 -1 0 -1 1 -2 -2 0 -2 0 -1 3 -1 1 0 1 1 0 1 -1 1 1 -1 2 1 -1 -1 -1 -1 -1 -1 0 0 0 -2 0 0 -1 0 1 3 -1 0 0 1 -1 1 0 1 -1 -1 0 0 0 1 0 0 1 1 0 2 0 1 0 1 -2 -1 0 -1 -1 0 3 -1 0 1 -1 2 1 0 0 1 -1 -1 0 0 -3 0 1 1 -1 1 2 -1 0 -2 3 -1 0 -1 0 0 0 0 1 0 -1 0 1 0 1 -2 0 0 0 0 -1 -1 2 0 0 3 -1 -1 -1 1 1 2 1 0 1 0 0 1 2 2 0 0 2 1 2 0 0 1 2 0 1 -1 0 2 1 -1 -1 1 1 1 1 -1 0 1 1 -2 2 -1 0 0 2 1 -1 0 2 1 -1 0 0 0 -1 2 2 0 2 -1 2 0 0 -1 0 0 1 -1 -1 -2 -1 -1 0 0 -1 0 0 0 1 -1 0 -1 0 -2 0 -1 -1 2 1 0 1 1 2 0 -1 0 1 -1 0 1 0 0 2 -2 1 -2 0 1 0 -1 -1 0 0 1 2 -2 0 0 -2 0 0 1 1 -1 -1 1 3 0 -1 -1 1 0 2 3 -1 0 0 0 1 0 0 1 0 1 2 -1 0 -2 0 1 -1 0 1 1 -1 -2 -1 1 -1 -2 0 -2 -1 0 0 1 0 -3 0 2 1 -1 -1 -1 0 -2 -1 -1 1 1 -1 3 0 0 0 1 -1 0 -1 1 0 -2 0 0 0 -1 2 -2 0 -2 0 2 -1 1 -2 0 -1 -2 -2 1 0 -2 -1 1 0 -1 0 1 0 -1 0 -1 -2 1 1 1 0 0 -1 0 -1 1 1 -1 2 1 -1 2 1 0 1 -2 0 -1 2 2 2 -2 1 1 1 1 1 2 1 -1 0 0 -2 2 -1 -2 1 0 0 0 -2 -2 0 1 1 -1 1 0 -1 1 0 1 0 -1 0 0 1 0 -1 0 0 3 1 1 0 0 -1 0 -2 -1 1 0 -2 0 1 0 1 0 1 -2 -1 0 0 0
-1 1 0 0 0 -1 -1 2 0 -2 -1 0 0 0 -2 -1 -2 -1 0 2 1 0 0 -1 1 -1 1 0 -1 0 -1 -1 1 -1 -3 -2 1 -1 -1 -1 0 1 1 1 0 -2 1 -1 0 1 1 0 1 0 0 0 1 1 1 0 1 1 0 -2 0 -1 1 0 1 1 1 0 -2 0 -2 -1 1 -1 1 1 -1 1 0 1 1 -1 0 0 1 -3 -1 1 1 1 0 0 -1 -2 0 1 2 0 -1 -1 -1 0 0 -1 0 0 0 2 2 -1 -1 1 0 0 0 0 0 0 1 0 1 2 -3 -1 0 0 0 0 -1 0 1 -1 0 -1 0 -1 1 1 -1 0 -1 1 1 0 0 3 0 -2 0 -3 0 1 1 1 -1 1 1 1 0 1 1 1 1 -2 1 1 0 0 0 1 3 0 2 0 1 -1 -1 0 0 0 0 2 0 -1 0 0 1 1 0 -1 1 0 1 1 0 0 0 0 -1 0 0 -2 -1 -1 -3 1 -1 1 2 1 0 0 0 0 -2 0 1 3 -1 -1 1 1 0 -1 1 0 0 1 -1 0 0 2 0 0 0 -1 0 -1 -1 -1 0 -1 0 0 -2 1 -1 -1 1 1 1 -1 0 -1 -1 3 2 2 0 -1 -1 -2 1 -3 0 -2 -1 -1 0 0 0 0 1 -1 2 1 2 1 1 1 2 -1 2 1 0 -1 1 1 2 0 2 -1 0 0 0 0 0 3 -1 0 0 0 0 1 0 -2 -2 -1 -1 0 1 0 0 0 -1 0 1 0 -1 1 0 0 0 1 1 0 0 -1 0 0 -1 0 0 0 0 0 2 -1 -1 0 1 -1 1 0 0 -2 -1 0 2 1 0 0 2 0 0 0 0 1 0 2 1 0 -1 -1 -1 -1 0 1 1 -1 1 -1 0 1 -1 0 0 2 1 -1 1 1 0 1 -1 0 0 -1 -2 0 0 0 0 1 0 1 0 -1 -2 -1 2 -1 1 -1 1 -2 -1 1 -1 0 -1 -1 1 0 1 0 3 1 -2 2 1 0 0 1 -2 0 -1 -1 0 0 0 1 0 0 0 2 2 0 0 2 1 -1 1 2 1 0 1 -1 0 1 1 -1 3 -2 0 1 -1 1 0 0 -1 3 0 0 3 2 -1 0 0 -1 0 1 0 -2 -2 -2 0 -2 1 -1 1 -1 1 2 0 -1 1 0 -3 0 0 -2 -1 0 -3 0 -1 2 2 0 0 0 -2 0 0 0 -1 -1 1
-1 -1 0 1 0 1 1 1 0 0 2 0 -2 1 -1 0 2 -1 0 0 2 -1 0 2 0 -1 2 -1 0 0 0 2 1 1 2 0 -1 1 2 1 0 -1 0 0 -1 1 1 1 1 0 0 -1 1 1 -1 -2 2 1 1 0 -1 -1 -1 -1 0 -2 -2 1 -1 -1 1 -2 1 -1 1 -1 1 0 -1 -1 0 0 0 0 0 1 0 0 1 1 2 -1 0 -1 0 -1 0 0 -1 1 0 -1 0 1 1 -1 0 1 -1 -1 0 -1 1 1 -1 -2 2 0 -2 0 0 -1 2 1 1 3 1 -2 0 -1 1 1 -1 2 0 2 1 -1 1 -2 0 0 1 0 0 -1 0 0 -2 1 0 -1 0 1 0 0 1 0 -1 -1 -2 0 -1 1 -1 0 -3 -1 0 -1 0 0 0 -1 -1 1 -2 -1 0 1 0 0 -2 1 0 0 1 0 1 1 -2 0 -2 1 1 -1 -2 2 0 0 2 -1 0 0 0 1 -2 0 0 0 1 -2 -1 -2 1 1 0 -1 1 1 0 -1 -1 1 1 -1 0 0 0 2 2 -1 0 1 0 -1 0 -1 2 -2 1 0 0 0 1 0 -2 -1 -1 -1 0 -1 -1 -2 0 -1 0 -1 -1 0 0 0 -1 1 1 0 1 2 1 0 -1 0 0 -2 1 0 1 -1 -1 -2 -2 -1 0 -1 0 1 2 1 0 0 -1 0 -1 1 0 0 0 0 1 0 1 0 1 0 0 -1 1 0 0 -1 0 2 1 -3 1 1 1 -2 0 0 -2 2 -1 2 -1 2 0 -1 0 0 0 2 2 0 -1 -1 -2 0 0 0 0 0 1 0 0 1 -2 -2 0 1 -1 -1 -1 1 -1 0 0 2 2 1 -1 -1 -1 0 0 -2 0 0 -1 0 2 2 0 0 0 -1 0 -2 -2 2 0 0 0 1 -1 2 1 1 2 0 0 0 -1 0 1 0 0 -1 -1 2 0 -2 1 -1 2 -1 2 1 2 -1 0 -1 -3 -1 0 1 -1 -2 0 -1 1 1 1 0 0 0 -1 0 0 0 -1 -1 -2 0 1 1 0 0 0 0 2 0 -1 0 -1 -2 -2 -1 -2 1 1 1 -1 1 1 0 0 -1 -1 -2 0 1 -2 1 1 -1 -1 1 -1 0 -3 1 0 -1 -1 -1 0 0 0 1 -2 1 -1 -2 -1 -1 1 1 1 2 1 0 0 -1 -1 -1 -2 1 0 -1 2 1 3 1 0 -1 1 1 2 1 2 1 1
-1 1 0 0 2 -1 1 1 -1 -1 -1 0 1 0 -1 1 1 -1 -2 -2 0 0 0 0 -1 0 0 -1 -1 -1 1 0 -1 -1 -1 0 0 -3 0 1 0 2 1 0 0 1 0 1 0 1 0 -1 0 -1 0 -1 -1 1 0 1 0 0 -1 1 -1 0 0 -1 -1 0 -1 -2 0 -1 3 1 -1 0 -1 -1 -1 0 0 0 0 -1 -1 -1 -1 0 1 0 0 0 -2 -1 -1 1 0 0 1 -2 0 1 0 0 0 2 1 -2 2 1 0 1 -1 2 3 -2 0 0 -1 1 -2 1 -1 -1 1 0 2 1 -2 1 0 -1 0 0 1 0 0 1 -1 1 1 1 -1 0 -1 1 1 1 -1 1 1 1 -1 0 0 0 -1 2 0 0 -1 0 2 0 0 0 2 1 0 1 -1 2 1 -1 0 0 1 2 0 0 0 0 -1 0 -2 -1 0 -2 -1 2 1 1 -1 1 1 -1 1 -1 0 -1 0 -1 -3 1 -1 1 0 0 -2 0 0 1 2 1 0 0 0 -2 0 -2 -1 0 -1 0 0 1 -2 1 0 2 -1 1 1 -1 1 1 1 0 1 -2 0 2 1 -1 1 0 2 2 -1 -1 1 0 2 -1 -3 2 0 2 -1 0 1 1 -1 0 0 2 0 -1 0 -1 1 -2 -2 0 0 1 0 -1 -1 1 -1 0 -1 0 0 2 -1 0 -1 0 -1 3 2 2 -1 1 1 1 0 -1 0 0 0 0 0 1 1 0 -1 -1 2 1 -2 2 -1 0 0 1 -1 0 1 -1 0 -2 1 0 2 1 0 0 -1 0 1 0 0 0 0 1 1 -1 0 -1 1 1 0 1 0 2 2 0 1 0 1 0 1 -1 0 2 2 -1 0 0 -1 0 0 -3 0 -1 -1 0 0 0 0 0 1 1 0 1 2 -1 2 1 1 1 1 1 -1 1 1 0 1 0 0 -1 0 1 -1 1 1 0 2 2 0 0 0 0 1 1 -1 0 0 2 -1 1 -1 -1 -2 0 2 1 -1 0 1 -1 1 2 -1 0 -1 0 0 -1 0 1 -2 1 -1 -1 -1 0 -1 2 0 3 0 -1 0 0 1 0 -1 -2 1 -1 3 0 1 1 0 0 -1 0 0 0 0 0 0 0 2 -1 -1 0 -1 0 3 0 -1 0 -1 1 1 1 0 -1 1 0 -1 0 -2 0 0 0 1 3 -1 0 -1 -1 2 -1 0 -1 3 -1 1 0 -2 -1 0 -2 0
-1 -1 1 -2 0 2 -1 1 2 0 -1 1 1 -1 1 -1 1 1 1 0 -2 -1 0 0 1 0 1 -1 0 0 1 0 0 1 0 -1 1 2 -1 0 1 -1 0 0 1 -1 -1 1 0 0 0 -1 1 0 0 1 -1 -1 1 -1 1 0 1 1 -2 -1 0 -2 -2 0 -1 -1 1 0 1 1 0 2 0 1 1 0 0 2 0 -1 -1 1 -1 -1 1 -2 0 -1 -1 0 1 2 1 0 0 1 -2 -1 -1 0 0 1 1 0 -2 2 0 0 -1 -1 0 0 -2 -1 0 2 0 -1 -1 0 0 -2 1 2 -2 1 0 -1 -1 1 0 0 1 0 0 0 1 0 -1 -1 1 2 1 1 -1 1 1 1 0 0 0 -1 1 0 -1 -1 -2 0 0 0 0 0 1 -1 0 0 0 -1 1 1 0 0 0 0 0 0 -1 -1 0 0 -2 2 0 -1 0 0 0 -3 0 0 -1 -1 0 0 2 1 -1 1 0 -1 1 0 0 -1 0 2 -1 0 1 2 0 -1 0 0 0 -1 1 1 -1 -3 0 -3 0 1 -1 -1 2 2 1 0 2 1 1 1 1 0 0 0 0 -3 -1 -1 0 -1 3 -1 -1 2 1 0 2 1 0 1 1 0 -2 0 0 2 0 -2 -1 0 -1 0 -2 2 1 1 -1 1 -2 -1 0 -3 0 0 -1 1 0 0 0 0 -1 1 0 1 -2 2 2 0 -1 0 -1 0 -3 0 0 0 2 0 0 0 1 -2 1 0 1 -1 -3 0 1 1 0 1 0 0 -1 -1 0 2 1 0 2 1 1 1 2 0 -1 0 1 0 0 1 0 1 -1 0 -2 0 0 0 1 1 -2 0 -1 0 0 1 1 0 -1 1 -2 1 0 -1 -1 0 -1 -1 -1 2 0 1 2 0 -2 1 2 -1 1 0 -1 0 -1 1 -1 0 1 -1 1 1 1 1 0 -1 2 -1 0 -1 0 -1 -1 0 2 0 0 1 -2 1 0 1 -1 1 1 2 -1 0 1 -1 0 -1 -2 -2 -1 -1 1 0 1 -1 -1 1 0 1 1 -1 0 0 -2 0 -1 2 0 2 0 0 1 0 1 0 -2 0 0 -2 1 -1 -1 2 1 -1 0 -1 0 1 0 -1 0 0 0 2 -2 0 -1 2 3 2 0 1 0 0 3 0 1 0 1 0 -1 1 -1 2 2 -1 1 0 1 -2 -2 0 1 0 1 -1 1 0 0 0 0 0 0 1 0 1 1
-1 -1 0 0 2 -2 0 0 0 -1 0 1 0 0 -2 -2 1 -1 0 -2 1 -1 -3 1 -1 -1 1 0 1 0 -1 2 -1 0 -1 0 -1 0 2 0 -1 0 2 1 3 1 0 -2 1 -2 0 0 -2 1 -1 2 -1 -1 -2 1 -2 0 0 -1 -1 -2 -1 1 1 0 -2 0 -1 0 0 0 0 1 0 -1 -1 -1 1 1 -1 -1 1 2 0 2 -1 -2 0 -1 -1 -1 0 -1 -1 -2 -1 0 -1 0 -1 0 0 0 2 -1 1 -1 -1 1 1 1 -2 -3 -1 1 0 0 1 2 -1 0 0 0 0 1 1 -1 0 0 -2 -1 2 0 -1 0 0 0 -1 1 -1 1 1 -1 -1 -1 0 1 -1 0 0 1 -1 0 1 0 1 -1 0 0 1 0 0 0 -1 0 -2 1 0 1 1 -1 -1 -1 0 -2 0 1 1 -1 -1 1 -1 -1 -2 2 0 2 1 -1 -1 -1 1 -1 0 0 -1 0 -1 1 0 1 1 0 0 -1 1 0 -1 -1 -2 0 -1 2 1 0 1 1 1 0 -1 -2 1 -2 0 -3 0 0 0 -3 -1 0 1 3 1 -1 0 0 -1 0 0 0 2 -1 0 0 -2 -1 -1 0 -2 2 -1 -1 -1 0 0 0 0 1 -1 0 -1 0 1 1 0 2 -1 1 0 -1 -1 2 1 2 2 1 1 2 1 0 -2 0 1 1 1 -2 -2 -1 -1 -1 0 0 0 1 1 0 0 -2 0 -1 -2 -1 0 -1 1 0 0 1 1 -1 0 -2 0 0 1 1 1 -1 -2 2 0 1 -1 1 -1 0 -1 0 1 -1 0 0 -1 1 1 0 1 0 0 -3 -1 -1 -3 0 0 0 -1 -1 1 -1 1 -2 0 0 -2 0 0 1 0 0 0 2 -1 -1 0 -1 0 -1 2 1 -1 -1 0 1 -1 -1 -1 0 -2 1 2 -1 2 0 2 1 0 -2 1 1 -2 3 0 -1 1 0 1 0 1 -1 -2 -1 2 1 -2 0 0 0 1 0 0 0 1 2 0 1 0 0 -1 -1 1 1 0 -2 2 -1 0 -1 1 -1 0 1 0 1 1 2 -1 -1 0 0 -1 -1 3 0 1 1 0 1 0 0 0 0 0 0 0 2 -1 -1 -2 0 2 1 -1 0 0 -1 -1 -2 -1 0 0 0 -2 -1 1 -1 -2 -1 1 0 1 0 1 0 -1 -2 -2 -1 0 0 0 0 1 2 0 -1 1 1 0 -1 0 1 0 -2 -1 -1 0
-1 0 1 0 1 -1 -1 -2 1 -2 0 0 0 1 0 1 0 1 0 -1 2 1 -1 0 0 2 0 0 1 1 1 -1 0 0 0 1 -1 -1 1 0 -2 -1 0 0 0 1 0 2 2 0 1 1 -1 0 2 -1 1 -1 0 2 -1 0 0 -1 0 -1 1 -1 0 1 -1 0 1 2 0 1 0 -1 0 1 -1 2 -1 0 -1 -1 0 -1 0 -2 1 1 2 1 -1 3 0 -1 0 -1 0 0 1 0 -1 0 0 -1 0 0 0 1 0 0 -1 0 0 -2 1 1 0 2 1 2 2 0 0 0 1 1 2 0 0 0 1 1 0 -1 -1 0 1 1 -2 -1 1 0 0 0 1 0 0 2 1 1 -1 1 3 1 -1 0 -1 2 1 0 0 0 2 0 0 0 0 1 1 -1 0 -2 2 -1 1 1 1 0 0 0 0 -2 0 0 -1 -2 -1 -2 0 1 -1 -2 1 2 1 -1 0 -1 0 1 -3 1 -1 1 0 0 2 0 -1 -1 1 -2 1 1 -1 -1 -1 1 0 0 2 2 1 -2 1 2 0 -1 -2 2 0 0 1 1 0 1 0 0 -2 1 0 0 2 -1 -1 1 1 -3 0 0 -1 -1 0 0 -2 1 0 -1 0 -1 0 0 0 0 2 -1 0 1 1 1 1 0 3 2 0 3 1 1 -1 0 0 0 0 0 -1 0 0 1 1 0 0 2 0 -1 0 0 0 1 -1 -1 0 2 -1 -1 0 1 0 -2 1 -1 0 -1 1 1 1 0 1 -2 -1 -1 0 2 0 1 1 -2 -2 -1 0 1 1 0 1 1 0 1 -1 1 0 0 0 0 2 0 0 -1 0 0 -1 -1 1 -1 1 2 -1 -1 0 -1 -2 0 1 0 1 0 0 -1 2 -2 -1 -1 1 0 0 -1 -2 1 1 0 0 -1 1 0 -2 0 1 1 2 1 0 -2 0 0 0 -1 0 0 1 3 2 0 1 -1 2 -1 0 0 1 1 1 0 1 -1 -2 0 2 1 0 -1 0 0 1 1 0 0 0 -1 0 0 0 -1 0 1 0 2 1 1 -2 -1 -1 -2 1 0 -1 -1 -1 1 0 0 1 0 0 0 1 -1 1 -1 0 1 0 0 0 0 0 -1 1 0 1 0 2 -1 1 -2 1 0 0 2 1 0 1 -1 -1 0 -1 0 1 0 0 2 0 1 3 0 1 1 -1 -2 0 1 -2 -3 -1 0 -1 0 1 1 1 1 0
-1 1 1 1 -1 3 2 1 0 0 -2 1 1 0 0 -1 0 -1 1 1 -1 1 1 0 0 -2 2 1 -2 1 1 0 1 -1 0 0 0 1 0 3 -1 0 0 1 0 -1 0 0 1 2 0 -2 -1 0 -1 -1 2 3 0 -1 0 0 0 1 0 0 1 0 0 0 1 2 0 1 -1 -1 0 0 1 -1 -1 0 1 0 -1 1 0 3 0 0 2 -1 2 1 -2 0 -1 0 0 0 0 -2 1 0 0 2 0 -1 2 -2 -1 1 0 1 -2 0 0 -1 0 -1 -2 1 1 1 0 -1 -1 1 -1 1 -2 -1 1 2 1 0 1 -1 1 0 0 0 -1 0 1 -2 -1 2 -2 1 0 0 0 -1 -1 0 0 1 -2 -1 -1 -1 0 0 -1 1 0 0 0 2 1 0 -1 -2 -1 -2 1 1 0 0 1 2 -1 -1 1 -1 2 1 0 0 1 0 0 2 -1 1 0 1 2 1 0 2 0 -2 0 -1 -1 0 0 -1 1 -1 -1 1 0 -2 -3 -1 0 0 -1 0 0 0 0 1 0 -1 2 1 -2 1 2 1 2 0 2 0 0 0 1 -1 -1 -1 0 -1 -3 0 1 -1 2 -2 0 -1 -2 -1 0 1 0 -1 0 -1 0 0 0 1 -2 -1 1 0 0 -1 1 1 0 0 -1 0 0 1 0 0 1 -2 -1 1 -1 0 0 -2 0 1 0 0 1 1 0 0 -2 0 1 0 -2 1 -1 1 -1 0 -1 0 0 0 1 0 0 0 0 0 1 1 -1 0 1 -1 -1 1 0 0 1 0 0 1 2 0 2 -1 0 0 -1 0 -2 3 0 0 -3 0 0 0 0 0 1 2 -1 2 -1 0 1 1 -2 0 0 -2 1 0 0 0 0 0 2 0 1 -1 -2 0 0 0 -3 1 2 1 0 -1 -1 -1 -1 0 0 -1 -1 0 -3 -1 1 0 2 -1 2 -1 1 -1 -2 0 0 2 0 0 0 2 0 -1 1 0 -2 -1 1 2 -1 0 -1 1 1 0 -1 -2 0 1 0 0 -3 0 0 0 -2 2 -2 2 0 1 -1 0 1 -1 0 1 2 1 1 0 2 -1 0 0 -2 -1 1 -1 0 0 1 0 1 0 -1 1 1 -1 0 1 0 1 0 -2 -1 1 0 -2 -2 0 2 0 0 0 -1 0 1 2 0 0 -1 1 1 0 1 0 0 0 1 1 0 0 1 0 0 -2 0 1 -1 0 -1 1 0 -2 0
-1 0 -1 1 -1 -2 0 0 1 0 1 1 0 2 1 3 -1 -1 0 0 0 -1 -2 -1 1 -1 0 -1 1 -2 1 -1 0 0 -1 0 0 0 0 0 -1 0 0 0 2 0 -1 -1 -1 -1 -1 1 1 1 1 0 -1 0 0 1 -3 0 -3 -1 0 -1 0 1 0 1 -1 -3 -1 2 0 0 1 0 2 2 1 1 1 1 -1 1 0 2 0 0 0 1 0 -1 1 -1 2 1 1 -3 1 1 1 1 -1 0 1 0 2 0 -1 2 1 1 1 -1 2 -2 0 0 -1 2 2 0 0 0 -1 1 0 1 -1 0 -2 1 1 1 1 0 2 1 1 -1 2 -2 1 1 -2 0 1 -1 0 -1 -1 2 -1 1 1 0 -1 0 1 2 -1 0 0 0 1 1 -3 1 -1 0 0 0 -1 2 1 2 0 -1 0 1 0 -1 -1 1 0 0 -1 2 -1 1 -1 1 0 0 -1 1 -1 -1 0 -1 -1 1 0 0 0 2 1 -1 1 -1 -1 -1 0 1 -1 0 1 -1 0 -1 0 1 0 0 1 -1 -1 1 -1 0 -1 0 0 0 0 0 -2 1 1 0 1 -1 1 2 0 0 2 0 -1 -1 0 0 -2 0 -1 0 1 -1 0 0 -1 0 -1 0 1 1 -1 2 0 -1 -2 2 1 0 1 0 -2 -1 2 1 -1 -1 -2 -1 2 0 2 0 0 2 -1 0 0 1 0 1 0 0 0 0 -1 0 1 -1 1 -2 0 0 0 -1 -1 1 1 1 0 -2 0 1 -2 0 -2 2 -1 0 0 -2 0 1 0 0 -2 0 1 2 1 -1 0 -1 0 -1 -3 1 -1 -2 3 0 0 0 0 0 1 -1 1 -1 0 1 0 0 -1 0 -1 -1 0 -1 1 2 -1 -1 2 1 -1 0 0 -2 3 1 -1 -1 0 1 -1 1 -2 -1 -2 1 1 1 -1 0 -1 -2 1 0 -1 -1 0 0 1 -1 0 -1 -1 1 1 -1 2 0 0 -2 0 0 2 0 0 0 0 2 0 0 1 0 -1 -1 0 0 1 0 1 1 1 -2 1 0 0 1 0 -1 0 -3 0 -2 2 -1 0 -1 0 -2 1 0 1 0 -1 0 0 0 -1 1 0 0 -2 0 -1 -2 -1 1 1 -1 1 3 1 0 0 0 -1 0 0 -1 -1 0 0 1 -2 2 -2 1 -1 0 0 -2 -1 0 0 1 0 0 -2 0 -1 -1 -1 3 1 1 -1 1 -1 2 2 -1 2
-1 0 -1 -1 1 0 1 -2 1 -1 2 1 0 2 -1 0 0 -1 0 -2 1 -1 0 -1 -1 0 -2 0 2 1 1 1 0 0 -1 0 1 1 -1 0 -2 -1 1 -1 -2 0 0 1 0 0 0 -1 0 0 -1 2 0 0 1 1 -1 1 -1 0 1 -1 1 -2 1 -1 -1 1 -1 0 0 0 1 0 1 0 0 2 1 1 -1 0 1 0 0 -1 0 0 -2 0 0 1 1 -2 0 -1 0 0 0 -2 -1 1 0 0 0 3 -1 0 1 -1 0 -2 -1 0 1 2 0 -1 -2 1 1 0 2 0 -2 -1 1 2 -2 2 -2 1 1 -1 -1 1 0 -1 0 -1 1 0 0 0 -1 2 -1 -1 0 2 1 0 0 0 -1 1 -1 -1 0 -1 -1 -1 -1 -1 -2 -1 1 -1 1 1 0 0 2 -1 0 1 1 0 0 1 0 0 0 -1 1 1 -1 0 -1 -1 1 0 1 0 -3 0 1 0 -1 1 -1 0 0 -2 0 -1 -2 -3 0 0 1 1 1 2 2 0 0 0 -1 0 0 0 -1 -1 0 1 0 1 0 1 -2 -1 -2 -1 1 1 -1 -2 1 -1 -2 0 1 1 0 2 0 0 -2 1 2 1 -1 1 -1 1 1 1 1 1 1 1 0 0 -1 1 0 1 0 1 -1 1 0 -1 0 0 0 -1 0 -1 1 0 0 -1 0 0 0 0 1 -1 0 0 1 1 0 1 3 1 0 0 1 0 -1 -2 0 -1 0 -2 -2 1 0 -1 1 -1 0 0 -1 0 -1 -1 0 1 0 0 -1 0 2 -1 1 1 1 0 0 -1 -2 0 0 -3 2 -1 -1 0 0 -2 1 0 -1 -2 -1 1 1 1 -2 1 1 -1 -1 2 -2 1 -2 1 -2 -2 0 0 0 1 -1 -1 1 1 0 0 1 1 -1 1 1 0 1 1 0 -1 -1 -1 1 3 -1 1 -1 0 1 1 1 -1 0 0 -1 -1 -3 -1 2 2 -1 0 0 -2 0 -2 -2 1 2 -2 1 1 0 -2 0 1 -1 1 -1 -1 -1 -1 -1 0 -1 -2 0 -1 -1 0 1 -1 -1 -2 -1 -2 0 0 -1 -2 1 -3 1 0 0 0 0 0 2 -1 0 -1 2 0 1 0 -1 0 0 -1 3 1 1 -1 1 0 1 1 -1 0 0 1 2 0 -1 0 0 -1 0 1 0 -1 -3 0 0 1 3 0 -1 2 -2 1 -1 1 0 0 -2 0 -1 0 1 -2 -1 0 1
-1 0 1 1 0 1 1 0 1 0 1 1 1 0 1 -1 0 -1 1 -1 1 0 -1 0 0 0 0 1 0 1 -1 -2 2 0 1 0 0 0 2 0 0 -1 0 -1 -1 0 1 1 0 1 -1 0 0 -1 -3 -1 1 -1 0 1 1 -2 -1 0 -2 -1 -1 1 -1 1 2 0 0 2 -1 0 0 0 1 -1 0 0 0 0 0 -1 1 -1 0 2 -1 3 -1 0 1 -1 -1 1 0 -1 1 0 2 0 1 0 1 1 0 -1 0 -1 -2 1 2 0 0 0 1 -1 -1 0 1 0 -1 -1 0 3 -1 1 -3 -1 -2 1 1 1 1 1 3 1 -2 0 0 0 0 1 2 1 -2 1 -1 -1 1 1 1 0 1 -1 1 -1 -1 0 0 -1 0 0 1 2 1 0 1 -2 0 1 -2 1 1 0 0 1 -1 2 0 -1 2 1 0 0 -1 1 -2 0 0 0 -2 -1 1 1 1 0 0 2 0 2 1 -1 1 1 0 1 0 1 -2 1 0 1 -1 0 0 -1 0 1 1 -1 1 1 0 2 -1 -1 -1 1 -1 2 1 0 2 1 0 1 0 1 -1 0 -1 2 1 1 0 0 -1 1 0 -3 -2 1 2 1 -1 1 1 0 0 -1 0 -1 0 -1 0 2 -2 0 -2 1 0 1 2 0 1 -1 2 0 -2 0 0 0 0 0 1 0 0 0 -1 0 -2 0 0 0 0 2 0 1 -1 1 0 1 -1 -2 0 0 1 1 2 0 1 0 1 -1 1 1 2 0 0 1 0 0 -2 0 0 1 -1 1 2 0 2 1 2 -1 0 -1 -1 0 0 -1 0 1 0 -1 1 1 -1 0 0 1 0 -3 0 1 3 0 -1 0 -1 -1 -1 -1 0 -1 0 0 0 1 1 1 -2 1 1 1 0 1 -1 0 1 2 1 0 -1 0 -1 1 -1 -2 0 -1 -1 0 1 1 0 1 0 -1 1 2 1 0 0 0 0 0 2 0 0 0 -3 1 2 -1 1 2 -3 0 1 1 1 0 1 -1 1 0 0 0 0 -1 1 3 1 -3 1 -2 -1 -1 -1 1 -2 -1 0 -1 3 0 1 2 -1 2 0 -1 -1 3 0 0 1 0 0 0 1 -1 0 -1 0 -1 -1 0 -2 1 1 2 0 0 0 -1 -1 0 1 1 0 1 0 -1 0 0 1 0 1 0 0 -1 1 0 -1 1 0 1 -1 -1 0 -2 2 2 1 -1 -1 2 -2
-1 -1 0 0 -2 0 -1 -1 1 0 -2 0 -1 1 0 -2 -2 1 1 0 0 0 1 0 -2 -1 1 -1 -1 -2 -1 2 0 -1 1 0 -1 1 0 1 0 3 -2 1 -2 -1 -2 1 0 0 -2 1 -1 0 -1 0 0 1 0 0 -1 0 0 -1 2 -1 1 -2 1 0 2 1 -1 0 1 2 1 0 0 -1 0 0 2 0 1 1 -1 1 -2 0 -1 0 2 0 0 -1 1 1 -1 -2 0 0 1 1 1 0 1 0 1 0 -1 0 0 -2 0 -1 -3 0 -1 1 0 1 -1 1 1 -1 0 -1 -1 0 1 -1 1 0 1 2 -2 1 0 0 -1 -2 -2 -2 -1 0 -1 2 -1 -2 -2 0 -1 0 -1 1 1 0 2 -2 0 0 -1 -1 -1 0 1 -1 0 1 1 0 1 1 0 0 -1 0 0 0 2 -1 1 0 -1 0 0 0 0 1 0 0 0 1 -1 -1 -2 -1 0 0 1 0 -1 -3 -1 1 -1 1 0 2 1 -1 -1 1 -1 1 0 0 -2 -2 1 -2 -1 0 -1 1 0 1 1 3 -1 1 0 0 1 -1 -1 -1 0 2 1 -1 1 0 -1 -1 -1 0 0 -2 -1 1 0 1 -1 1 -1 1 0 0 0 1 0 0 -1 0 0 0 1 0 -2 1 -1 2 0 0 2 0 1 -1 -1 1 2 0 1 2 0 -1 2 1 -1 -1 1 0 0 0 -2 0 0 0 1 1 -2 -1 1 -1 -1 0 1 2 -2 -1 0 2 0 0 1 0 0 0 0 1 -2 -1 -1 1 0 1 1 0 -1 0 -1 1 0 -1 -1 0 -1 1 -3 2 1 1 1 -1 1 1 -1 1 0 0 -1 2 1 -1 1 2 1 2 0 0 1 3 -1 1 1 0 0 -1 0 1 0 1 0 2 0 1 2 -1 -3 0 -1 1 -1 1 0 1 0 1 0 1 -1 -2 -1 0 0 2 -1 0 1 2 -1 -2 -2 2 1 2 -1 0 -2 -1 -1 1 1 1 0 2 0 0 1 1 -2 1 1 -1 -1 1 1 1 0 0 0 0 2 -1 -2 1 -1 -1 0 2 0 -1 1 0 1 -1 0 1 0 1 0 0 1 -1 -2 0 1 -2 -1 0 1 0 -1 0 -1 -1 0 1 1 0 -1 0 0 2 0 1 -1 -2 0 0 0 2 1 -2 1 0 -2 1 0 -1 -1 1 -1 1 -1 1 -1 -1 1 0 2 0 0 0 -1 0 -1 -2 0 1 0
-1 0 -1 0 1 -1 0 1 1 -2 1 0 1 1 2 0 0 0 1 -1 0 0 1 -1 1 0 -1 -1 2 0 0 0 1 0 0 -1 0 -1 1 0 -1 -1 -1 0 1 0 -1 -3 0 1 0 1 0 0 0 0 -3 0 0 0 0 -1 1 0 2 1 -1 -2 0 1 -1 0 -1 -1 -1 -1 1 0 0 1 0 0 0 0 0 -2 1 0 0 -2 1 0 0 -1 0 1 3 -2 0 1 3 2 0 0 0 1 1 -1 0 1 1 1 2 1 -1 -1 0 0 -1 1 -1 0 -2 0 0 0 0 0 1 0 1 1 1 0 0 1 -1 1 -1 0 0 0 0 0 -1 0 1 0 2 1 1 2 0 0 1 1 -1 -1 1 1 0 -1 1 -1 0 -3 1 1 0 -1 -1 -1 1 -1 2 0 2 1 1 2 -1 0 1 0 0 -1 -1 1 -1 0 0 -1 0 -2 -2 1 0 0 -1 1 1 0 -2 0 -1 1 0 0 -1 -1 1 -1 1 0 0 0 -1 0 0 1 0 1 2 -1 0 -1 -1 -1 1 -1 -1 0 0 0 0 -1 -1 2 0 1 0 1 0 1 0 1 0 -1 0 1 -2 -2 0 1 -1 -1 1 -1 -1 -1 1 -2 2 -1 -1 -1 1 0 0 1 -2 1 1 0 0 0 -2 1 2 1 0 0 0 0 0 2 2 1 -1 1 0 0 -2 0 -1 1 0 0 0 -1 0 -1 -1 -2 0 -1 -1 1 -1 1 0 -3 0 -2 -1 -1 0 0 0 1 2 1 -1 0 1 -2 1 1 0 2 0 0 -1 1 3 1 0 0 1 2 0 -2 1 1 -1 0 -1 1 0 0 1 -1 -2 -1 2 0 -1 2 1 0 1 -2 -2 1 2 0 -1 -2 0 -1 -1 0 -1 1 1 0 1 0 -2 2 -1 2 0 1 1 0 -1 -1 2 -1 -1 0 -1 0 0 0 -1 -2 1 -2 0 -2 -1 0 1 0 3 -1 0 1 -2 0 -1 0 0 0 0 1 1 -2 0 1 -1 -1 0 2 0 1 -1 -2 1 1 -2 -2 -1 -1 -1 1 1 1 -1 0 -1 0 0 0 1 0 0 1 -2 -2 0 0 0 -1 1 1 1 3 1 1 0 -1 -1 1 -1 1 1 0 1 -1 1 2 0 0 1 -1 0 -3 3 1 1 -1 0 1 -3 -3 0 -2 0 2 0 1 -1 2 0 0 1 0 1 -1 -2 2 2 -1 1 1 -2 -1 -1 -2 2
-1 -1 0 0 0 0 3 0 2 -1 0 1 0 2 1 1 0 -1 0 0 1 -1 0 -1 0 -1 1 -1 -1 0 2 3 -1 0 0 0 0 0 0 -1 -2 -1 -1 1 1 0 0 0 1 -1 0 -1 1 -1 3 0 1 0 1 0 0 -2 0 -1 -1 0 -1 1 0 0 1 2 2 1 -1 0 1 0 1 -1 0 0 1 0 1 -1 -1 -1 1 0 1 -1 0 0 0 2 -1 -1 0 0 0 0 0 0 1 0 -1 0 2 -1 0 0 1 2 2 1 -2 -1 0 2 -1 -1 0 0 2 1 0 1 0 -1 -1 0 0 0 0 1 2 0 0 1 0 2 -1 0 2 1 -1 0 1 0 0 -1 -1 -1 0 1 0 0 0 1 0 0 0 1 1 0 -1 1 -1 2 0 1 0 1 -1 1 0 0 -1 0 1 1 1 0 1 1 1 1 -1 -1 0 1 0 0 0 1 -1 -1 -1 -1 3 2 -1 2 0 2 0 1 0 1 0 1 1 -1 1 1 -1 -2 1 0 1 -1 -1 1 0 0 2 1 1 -2 -2 0 0 1 -2 0 0 -2 -1 -1 0 0 0 -1 -1 1 0 1 1 1 0 2 0 -1 0 0 -1 2 -1 0 -1 0 -1 0 1 1 -2 -1 -1 2 -1 -2 0 2 -2 -1 -1 -1 -1 1 0 0 2 2 0 0 0 0 -1 0 1 0 2 -1 0 1 0 -3 2 -1 1 0 1 0 2 -1 1 1 0 -1 1 -1 0 1 -1 -1 -1 -1 0 -1 -1 0 1 1 1 1 -1 1 0 1 -1 0 0 0 2 -1 -2 1 -1 -1 0 0 -1 -1 -1 2 -1 -2 1 -2 2 -1 -1 0 -1 -1 0 -3 1 0 1 0 0 1 1 0 -1 2 -1 -1 -2 0 0 2 0 0 0 1 0 -1 0 -2 0 0 0 -1 0 0 -1 0 1 1 0 -1 -2 0 -2 0 -1 0 1 -1 1 -1 1 0 2 -2 -2 1 -2 2 -1 -2 0 0 0 0 1 1 -1 0 -1 2 2 -2 -2 -2 -2 -1 -1 0 0 0 -1 0 0 2 -2 -1 0 0 0 0 1 0 -1 1 2 1 0 -3 0 -2 1 -1 1 -2 -3 0 -1 -1 -1 -1 -1 -1 1 0 -2 0 -1 1 -2 0 -1 -1 2 3 0 0 -1 -1 -2 0 -2 2 0 -1 1 2 1 -1 0 -1 -1 1 -3 -1 1 -1 3 0 0 1 1 1 1 3 -1 2 0 1 -1
-1 1 -1 0 1 -1 -1 0 0 -1 2 0 0 1 1 0 -1 1 -2 0 0 0 1 0 0 1 0 1 0 0 -1 -1 1 1 0 1 0 0 -1 0 1 2 0 -2 -2 2 1 -1 1 1 1 2 3 2 1 -1 -1 0 0 -1 1 0 0 1 -1 1 0 -1 1 1 -1 1 2 0 2 0 -1 -2 -1 1 0 -1 1 2 2 0 -1 -1 0 0 1 -1 1 2 -1 1 0 -1 0 0 0 0 -1 2 -2 0 -1 -2 0 -1 1 0 0 0 0 1 -1 -1 -2 -1 1 -2 1 -1 0 1 -2 -1 2 1 -1 1 1 -2 -1 0 1 -1 -1 1 -1 0 0 1 2 1 0 0 1 0 0 0 0 0 0 0 1 0 0 0 0 0 0 1 -2 -1 0 0 -1 -1 1 0 0 -2 0 1 -1 2 -1 1 1 -1 2 -1 1 1 1 0 0 1 -1 1 0 -1 -1 0 0 3 0 1 0 -1 2 1 -1 -2 0 -1 0 1 0 1 0 -2 -1 -1 -1 1 -1 1 -2 3 0 -2 1 1 -1 0 -1 0 1 2 -1 0 2 0 -1 0 0 0 0 0 0 0 1 -1 0 0 1 1 3 -2 2 1 2 -2 -1 -2 -2 -1 1 0 1 -2 0 1 -1 0 0 0 0 1 0 -1 -1 -1 2 0 1 1 -2 -1 0 0 -1 -2 0 0 -1 0 -1 0 0 0 0 0 -1 0 2 0 0 0 0 -1 -1 0 0 0 -2 0 0 -1 1 -1 -1 1 0 -2 0 1 -2 1 0 -1 0 1 -1 0 -1 0 1 -1 -1 1 1 -1 0 1 2 1 1 1 -1 0 -1 1 -1 0 1 -1 -1 -2 1 -2 1 -1 0 1 0 -2 -1 -2 0 -1 0 -1 -1 -1 1 0 1 -1 0 0 1 1 -1 1 -1 0 1 2 2 0 1 -2 -2 -1 -1 -1 -1 -1 -1 -1 -1 0 1 -1 -1 0 0 -1 0 0 2 0 -2 1 0 1 -2 -1 0 0 0 -1 1 -2 2 -1 1 0 -1 -1 1 1 0 0 -1 -1 0 -2 -1 -2 3 -1 1 -1 3 0 1 -1 -1 1 -1 1 -2 1 0 -1 2 -3 0 -2 -1 1 0 -1 0 -1 0 0 -1 0 1 0 0 0 1 0 -1 1 1 -1 0 0 1 -2 1 -1 -1 0 -1 0 0 2 0 0 -1 2 -1 1 0 1 2 0 1 -1 1 0 -1 0 2 1 -1 1 -2 -1 -2 0 1 0 -1
-1 -1 0 -1 -1 1 -1 -2 0 1 0 0 0 1 2 1 -2 0 -1 2 -1 -1 1 1 1 -3 -1 0 1 -1 -1 1 1 -1 1 1 0 1 -1 0 -2 -1 1 2 0 0 0 0 -1 -1 1 0 1 3 0 0 0 -1 -1 0 0 -1 1 2 2 -2 -1 0 -1 1 -1 0 1 1 -2 -2 1 -1 0 1 0 0 1 0 1 1 1 -2 2 -2 3 -2 0 -1 0 -1 2 2 -1 1 1 1 -1 -1 0 1 1 0 0 -1 -1 3 1 1 0 0 0 1 1 0 0 -1 -1 -2 -1 0 2 0 -1 -1 1 0 1 0 0 1 0 1 0 0 1 0 1 0 1 -1 -1 -1 0 3 -1 2 -1 -1 0 1 1 -1 0 2 1 -1 1 -1 -1 0 2 2 -1 0 -1 0 1 1 -2 -1 0 0 -1 -1 -1 -1 -1 1 0 -1 -2 0 2 2 -1 1 0 -2 0 2 1 0 -1 -2 0 -2 0 -1 0 0 1 2 0 0 1 1 -1 -1 0 -1 1 1 0 0 0 -1 2 -2 0 -1 0 1 -2 1 -1 1 -2 -1 1 -1 -1 0 1 -1 0 -1 0 0 2 0 -1 1 -1 1 -1 0 0 0 -1 -2 1 0 0 -2 0 0 0 0 0 0 0 1 0 0 -1 1 1 -2 -2 0 0 0 -2 2 -2 -1 0 0 0 -1 0 1 0 0 1 1 1 -1 -1 0 0 -1 -2 2 0 -1 0 0 -1 0 1 1 -1 -2 0 0 0 0 -1 -1 1 -1 1 0 0 1 -1 1 -1 -1 1 -1 0 1 -1 0 0 0 -3 1 0 0 0 1 2 -1 0 0 1 0 -1 0 -1 0 -1 1 1 0 0 -1 0 1 0 0 1 0 0 0 -1 -1 -1 0 -2 1 -1 0 2 -1 0 -2 -1 1 -2 0 1 2 0 0 2 2 2 -1 1 0 -1 0 1 -2 1 0 2 -1 0 1 -2 -2 1 0 1 0 0 0 0 0 0 -1 0 0 -3 0 -1 -1 0 0 0 2 1 -1 -1 1 -2 1 0 0 1 1 0 2 2 -1 -2 1 0 0 -2 1 2 1 0 -1 1 1 -3 1 0 0 0 -1 1 1 3 -1 -1 0 0 0 0 1 -1 0 0 -3 -2 2 1 -1 0 1 -1 -1 -1 -1 0 0 3 1 1 0 0 -1 1 1 1 -3 1 0 0 0 1 1 -1 1 1 0 0 2 1 0 1 1 0 0 0 1 0 0 0
-1 0 0 2 -1 0 0 0 -2 1 1 0 0 -1 -1 -1 1 -1 1 -2 -1 1 -1 -1 2 1 0 1 1 -1 1 0 1 1 -1 -1 0 0 1 0 0 0 0 -1 2 1 0 -1 0 1 0 0 1 -3 -2 0 -2 -1 -1 -1 -1 -1 0 1 0 0 0 0 0 -1 0 0 -1 0 -1 1 1 0 1 -1 -3 -1 0 2 -1 1 0 0 3 -2 -3 -1 1 0 0 -1 0 1 -1 0 -1 -2 -2 0 0 1 0 -1 1 -1 0 0 1 1 1 0 1 0 -1 -1 1 2 1 -1 -2 0 -2 1 0 1 2 -1 1 -1 2 1 2 -1 1 0 0 -1 -1 -1 0 0 0 0 1 1 1 -1 0 0 0 1 1 0 -1 0 0 -1 -2 0 -2 0 -1 -1 2 0 0 1 2 -1 -1 2 1 -1 -1 0 1 -1 -1 1 -1 0 1 -1 -2 1 0 -1 -2 1 1 0 2 0 2 0 1 -1 0 1 -1 1 0 2 -1 -2 1 0 1 -1 1 -1 -2 -1 -1 0 0 -1 1 0 -2 -1 1 -1 0 -1 -2 1 1 1 0 -1 1 0 -1 1 0 0 -1 0 2 1 1 0 -3 1 -1 0 -1 -1 -1 0 1 2 1 1 -1 0 0 1 0 0 2 -1 1 -2 0 -2 1 0 0 0 0 -1 1 1 0 -1 0 0 1 -1 0 0 0 -2 0 -1 -1 1 1 0 1 1 -2 2 0 1 -1 -1 -2 0 -2 0 -1 -2 0 -1 1 1 2 0 -2 2 -2 -1 0 1 2 1 0 0 -2 -3 1 -1 0 0 -1 0 -2 0 0 1 0 -1 -1 0 -1 0 0 -1 0 1 1 1 0 -2 1 1 -1 2 0 0 -1 0 1 -2 -1 0 0 -1 1 0 -2 2 0 -1 -2 -1 1 1 2 -1 1 0 1 0 0 2 -1 0 -1 -1 1 1 0 -3 0 1 0 1 2 0 2 -2 0 -1 0 -1 0 0 -1 2 2 1 0 1 -1 0 -1 0 1 1 0 1 0 1 0 0 -2 0 1 1 2 0 0 1 2 0 -1 1 0 0 2 1 0 -1 1 -1 0 2 -1 -2 2 1 -1 0 1 1 -1 0 0 -1 -2 -1 1 -1 0 2 0 1 -1 0 1 0 -1 -1 2 -1 0 -2 -1 1 0 -2 1 -1 -2 0 -1 -1 0 0 1 0 1 0 -1 2 1 1 1 1 -1 -1 0 -1 -1 -1 0 0 -2 0 1 0 1 -1 1
-1 -2 -1 -1 1 -2 -1 1 0 -1 1 0 1 -2 1 0 2 0 -1 2 1 -1 0 0 0 1 2 -1 1 1 0 1 -1 -3 -2 0 -1 -2 0 1 0 -1 1 -2 0 -1 -1 1 0 -1 2 0 0 3 2 -1 -1 0 -2 1 -1 0 0 -1 -1 -1 -1 -2 1 -2 -1 -2 0 0 1 0 1 1 2 1 0 0 0 2 -2 -1 0 -1 0 0 1 2 -1 2 1 0 1 -1 1 0 -1 0 1 1 -1 -1 1 0 -1 0 -1 1 1 -1 1 1 0 -1 -1 -1 0 -1 2 -2 -1 -1 0 -1 -1 0 -2 -1 0 1 -2 0 -1 -1 -1 -2 -1 -1 2 0 0 0 1 1 0 -1 0 1 0 3 1 -1 1 -2 0 -3 0 -1 0 0 0 2 1 0 -2 1 0 1 0 0 0 -1 0 -1 0 0 0 1 -1 -3 0 2 1 1 0 1 0 0 0 0 0 0 0 1 0 -1 -1 1 -1 0 1 -1 1 0 1 2 0 0 2 1 0 -2 0 2 1 2 0 1 0 -1 -1 0 0 0 1 0 2 -1 0 1 -2 -1 1 -1 0 -1 -1 0 1 -2 1 1 -1 0 1 2 0 1 2 -2 1 0 0 -1 -1 -1 1 -2 1 -1 -1 -1 -1 1 -2 1 -1 -1 -2 -1 0 0 1 1 1 -1 0 0 0 1 0 -1 -1 1 -2 0 0 2 -1 0 0 -1 1 -2 0 -1 0 -1 0 2 1 0 -2 0 -1 -2 3 0 0 1 1 0 0 1 1 1 -1 0 1 0 -1 0 1 -3 -1 2 1 -1 1 -1 -1 0 1 -2 1 0 0 0 -2 -1 0 0 -1 -2 0 0 0 -1 0 0 -1 -1 -1 0 0 -1 1 0 -2 0 -1 1 1 -2 1 1 2 0 -1 0 -1 1 1 0 -1 0 0 0 1 1 1 0 -2 2 0 -2 0 0 0 0 0 -1 0 2 -1 1 1 0 0 2 -1 0 1 1 1 0 -2 -1 2 -1 0 2 1 1 0 1 1 -1 1 -1 1 -2 0 -1 0 0 -2 -1 -2 -1 -1 0 1 -1 0 0 2 1 -1 0 -1 0 -1 0 -1 0 0 -1 0 0 1 1 0 -2 0 1 1 1 -1 -1 1 2 0 1 2 1 0 1 1 -1 -2 1 1 2 2 1 -2 -1 -1 0 1 0 1 0 2 -2 1 -2 0 1 0 -1 -2 0 0 1 -1 -1 -1 -1 0 0 0 -1 1 -1 -1 -1 1
-1 0 2 -1 0 -1 0 -1 0 0 1 0 1 0 0 1 0 2 -2 0 -2 2 -1 0 0 -2 0 1 0 0 0 1 0 -1 -1 0 -1 -1 1 -1 -2 0 0 -1 1 2 1 -2 1 0 2 0 -1 3 0 1 1 1 1 2 -1 1 -3 0 0 -1 1 2 -1 1 -2 -2 -2 1 0 -2 1 0 -2 -1 0 2 -1 0 0 -1 -2 1 0 0 1 -2 -3 -2 2 -1 1 1 1 0 0 0 0 -1 0 2 0 1 1 1 0 0 -1 0 -1 1 2 -1 0 -2 1 1 0 0 0 1 -1 0 0 2 0 0 0 0 -1 1 1 -1 -1 0 1 1 3 0 -1 1 1 0 1 2 1 -1 -2 -1 -2 1 -1 0 -1 1 1 0 1 -2 1 -1 0 -1 0 0 0 1 -1 1 -1 -1 -1 -1 -1 1 0 0 -1 3 -1 2 1 1 -1 1 0 0 0 0 0 0 -1 2 -3 -1 0 -2 -1 2 2 0 -1 -1 1 0 0 -1 0 0 -1 0 0 -3 0 0 1 0 -1 0 0 0 2 0 0 -1 2 1 0 0 0 2 1 1 0 -1 0 -1 -2 -1 -1 0 2 0 1 0 -1 0 -1 1 -1 0 -1 0 0 0 -1 0 0 0 1 0 0 1 1 0 1 0 0 0 0 -2 1 1 -3 -1 1 0 0 1 2 -1 -1 3 0 -1 1 1 1 1 -1 0 0 -1 2 0 1 1 2 0 1 0 -1 -2 0 -2 2 1 0 -1 2 -1 -1 -2 -2 1 0 0 -1 0 0 -1 -1 1 0 0 -2 0 -2 -1 0 0 0 1 2 0 1 0 0 1 -1 -1 1 0 -1 -1 1 0 0 0 -1 2 0 -1 -1 0 1 0 -2 0 0 1 0 1 0 0 1 -2 1 -2 1 0 1 0 -2 3 0 1 0 -1 1 -2 -1 2 0 1 0 -1 0 -2 1 2 -1 0 -1 2 1 -1 0 0 1 1 -1 -2 -1 0 0 0 1 -1 2 1 -1 -1 1 3 2 0 1 0 0 -1 -1 0 -1 1 1 1 1 -2 0 0 -1 1 0 -1 -1 -3 -3 -1 0 1 -1 -1 0 1 1 1 0 1 1 -1 0 0 1 2 0 0 1 1 0 0 0 2 1 -1 1 2 0 0 -1 0 0 -1 0 -1 -1 1 0 -2 0 0 2 1 1 0 0 0 1 0 0 -1 1 1 0 1 0 1 0 1 -1 1 0 0 0 0 1 0 -2
-1 0 1 1 1 0 -1 0 2 -1 0 0 0 -2 -1 0 0 0 2 0 2 0 0 -1 1 1 1 0 0 -1 0 0 -3 -1 0 2 0 0 1 1 0 1 1 -1 -1 1 -1 0 1 0 1 1 0 0 0 0 0 1 0 -1 -2 1 0 -2 -1 1 0 -1 -1 0 0 -1 -1 0 -1 1 0 -1 1 -1 1 2 1 0 1 -2 0 0 1 -2 0 0 1 -1 -1 0 2 1 0 -1 1 -1 1 0 0 0 0 1 1 -2 1 1 -1 2 0 -1 1 0 0 2 0 1 0 0 1 -1 -1 -1 -2 0 1 -1 -1 0 1 1 0 -1 0 -2 0 -1 1 2 0 0 2 0 0 2 0 2 0 0 0 1 1 -1 -1 0 -1 1 -1 -2 -2 1 3 0 -1 0 -1 0 -1 0 -2 -1 0 -1 2 1 -1 1 1 1 1 2 0 3 0 1 2 1 1 -1 -1 0 -1 -1 1 0 -1 0 0 1 2 2 0 0 -1 0 2 0 1 -1 -1 0 2 3 -1 3 -1 0 0 0 0 -1 0 -1 0 0 -2 1 2 -1 0 1 1 -1 0 -1 3 0 1 -1 -1 0 0 0 1 0 -1 0 1 1 -1 1 0 2 0 -1 -1 -2 0 -1 -1 2 0 -2 -1 1 -2 0 0 -1 1 1 0 -1 -1 0 -2 0 1 1 1 0 0 -1 -1 1 -1 1 -1 -2 -1 1 1 0 0 -1 -1 0 0 0 1 1 1 -3 1 0 0 2 1 1 -3 -1 -1 0 1 0 1 0 0 1 1 -1 0 -1 1 -3 0 1 1 -3 1 0 0 2 -1 -2 2 0 1 -1 2 -1 0 0 -2 -2 0 -1 -3 0 0 -1 1 0 0 1 0 -1 0 -2 0 -1 0 0 1 0 0 3 -1 -2 0 -1 0 -1 0 1 -1 0 1 -1 -1 -2 0 -1 1 1 -2 2 0 0 -1 0 0 1 0 -1 1 -1 -1 -1 1 0 3 2 1 -1 -1 -1 0 0 1 -1 1 1 0 -2 0 2 2 0 0 0 -1 -1 0 0 -2 -2 0 2 1 2 -1 1 1 1 1 -1 0 1 0 1 0 0 2 -1 0 1 2 0 -1 -1 0 1 0 0 0 -1 1 0 -1 -1 0 1 2 0 0 0 0 1 -1 2 -1 0 0 1 1 -1 1 -1 -2 2 0 0 0 1 -1 -2 1 0 -2 0 1 0 -1 0 -1 2 0 -1 0 0 1 0 0 1 -2 -2 0
-1 1 2 -1 -2 1 -1 0 0 -1 -1 2 1 0 0 0 0 -1 0 0 2 -1 0 1 0 0 -1 0 1 -1 -1 2 0 1 0 0 1 0 3 2 0 0 -1 -1 0 1 -1 -1 0 0 1 1 0 -3 0 0 -2 -1 0 -1 -1 1 1 0 0 0 -1 -1 0 1 -1 -1 -2 0 -2 2 0 -1 1 -1 0 -2 0 -1 1 0 1 0 1 -2 0 -1 -1 -1 1 1 1 -1 -1 -1 1 -3 1 0 -1 0 -1 0 1 0 1 -2 0 1 2 0 0 -1 -3 0 -1 1 0 0 -1 -1 2 0 -2 0 1 -1 -1 -1 1 0 -1 -1 1 1 0 -1 0 0 -1 0 1 0 1 2 -1 1 0 1 0 0 1 1 1 0 -2 -2 -1 -1 1 0 0 -1 -1 -1 1 -1 -1 0 -2 0 -1 1 0 1 0 1 0 0 -1 1 -1 -1 -2 -2 1 0 -1 1 2 0 0 0 0 0 0 -3 1 -1 0 0 -1 0 -1 -1 1 0 -1 0 0 0 -2 1 0 -2 0 0 -1 1 -1 0 0 -2 2 0 1 1 1 -1 -2 0 0 0 -2 0 1 2 -1 -1 1 0 0 1 -2 0 1 0 0 1 0 2 -1 1 -1 1 -2 -1 -2 1 0 1 -3 0 1 0 -1 -2 1 1 1 2 0 0 -1 -2 0 -1 3 1 1 -1 0 -1 0 -1 0 -1 -1 0 0 1 3 1 1 0 -1 -1 2 -1 -1 1 0 1 1 -1 -1 2 0 -1 1 0 0 -2 -1 1 0 1 0 0 1 -1 -1 -1 2 -1 -1 0 0 -1 1 0 1 -1 1 0 -1 0 2 -1 -2 0 -2 0 0 0 -1 -1 0 0 -1 -2 -3 0 -2 1 1 -2 1 0 1 0 2 0 2 0 1 2 -1 -1 1 1 2 0 1 1 0 1 -1 -2 -1 -2 0 -2 -2 1 0 0 0 2 -2 1 -2 -1 0 -1 0 -2 0 0 0 -1 0 2 -1 -3 1 -1 1 -1 1 -2 1 -3 0 -1 1 0 1 1 1 1 0 0 -2 -2 0 1 0 -1 1 2 -1 1 1 0 2 2 0 0 0 0 -2 0 1 -1 -1 -1 0 -1 0 1 0 1 1 -3 1 0 0 0 1 -1 1 1 0 0 -1 -2 1 -1 0 1 0 1 -1 2 1 -1 -2 1 -1 1 1 0 -1 2 -1 1 2 1 0 -1 1 0 0 0 2 0 0 0 1 0 0 0 -1 0 2 -1 1
-1 1 0 1 0 0 -1 -1 0 2 0 0 -1 0 1 0 -1 0 0 0 -1 1 0 -2 0 -1 -1 1 1 1 1 -1 0 1 0 0 -1 -2 -2 -1 1 0 0 -2 -2 3 -1 0 -1 -1 0 0 1 1 0 0 -2 0 1 1 0 0 1 -1 0 3 -1 -1 0 -1 0 1 1 -1 2 0 0 1 -1 0 -1 0 1 0 1 1 1 2 -1 2 0 0 -1 0 0 0 2 2 -1 -1 1 -1 0 1 0 -1 1 -2 1 1 1 -1 0 -1 1 0 -1 1 0 -1 -1 0 1 -1 -2 0 0 0 -1 -1 0 0 1 0 0 1 0 0 2 0 0 0 -1 0 0 1 -1 1 2 0 0 1 1 0 -2 0 1 -1 -1 1 0 0 0 1 0 -2 1 -1 -1 -1 0 -1 0 -1 0 0 0 1 1 -1 0 2 0 2 0 -2 0 0 0 2 0 -1 0 0 -1 0 1 2 -1 1 0 1 0 0 0 0 1 1 0 -1 3 0 -2 -2 -1 1 0 0 -1 2 0 -2 1 1 1 -1 1 0 2 1 0 0 0 1 0 -1 -2 1 0 -3 1 0 0 0 3 1 0 1 0 1 0 -1 0 -1 1 0 0 1 0 1 0 -2 1 -1 1 0 1 -1 0 2 3 -2 0 -2 2 0 1 0 1 1 -1 2 1 -2 0 0 -1 -1 0 -1 1 0 1 0 -1 -1 2 1 0 1 1 0 1 -1 -1 1 0 1 0 0 2 -2 1 0 -1 0 1 0 0 0 0 -1 1 0 0 2 0 -1 -1 0 0 -1 1 2 1 -1 1 1 0 1 1 -1 1 -1 1 1 -1 0 2 -1 -1 0 -1 -1 3 3 -1 1 -1 0 0 -2 -1 0 1 -1 0 0 0 1 0 -1 2 -2 -2 0 0 -1 0 2 -1 0 0 -2 0 1 0 -1 0 -1 0 0 -1 -1 -1 0 0 0 1 0 0 -1 -2 -1 0 -1 2 2 0 1 0 1 -1 0 0 0 -1 0 -3 0 0 -2 3 -1 0 1 -2 2 -1 -1 0 -1 0 -1 -1 1 3 1 3 -1 -1 0 -1 -2 -1 -1 -1 0 2 0 0 0 2 0 -1 -1 2 1 0 -1 0 1 0 0 3 1 1 0 0 0 0 1 0 1 -1 0 1 0 -1 -1 0 3 1 0 1 0 0 -1 0 0 1 1 0 1 1 -1 3 0 1 0 -1 -1 0 2 -2 -2 0 2 -2 0 0 0 -1
-1 0 0 1 0 -1 2 1 2 -1 0 0 -2 1 -2 0 -1 1 1 0 0 0 -1 0 0 1 0 0 -1 0 0 0 -1 -1 -1 1 1 1 -1 0 2 0 0 1 0 -1 -1 0 0 -1 -1 -1 0 1 0 0 -2 1 0 -1 1 1 0 0 1 -1 -1 0 -2 1 -1 0 0 0 0 -2 -1 -1 0 -1 1 0 -2 2 1 -2 -1 1 1 2 0 0 2 0 0 1 0 0 -1 -1 1 -2 1 1 1 0 -1 0 -1 0 -1 -2 0 0 0 1 2 1 1 1 -1 1 1 -1 3 1 -3 -1 1 0 -1 1 -1 0 0 0 0 -1 2 2 0 -1 3 1 0 0 0 1 0 1 1 2 0 -1 -1 0 -2 -1 -1 -2 1 1 0 1 -1 -1 -1 -1 0 0 -1 -1 0 0 -1 1 2 -1 1 -1 1 0 -2 0 -3 0 0 1 0 1 0 0 0 -1 0 -2 1 2 -1 1 -1 2 1 1 1 1 0 0 0 2 1 1 -1 -1 0 1 1 -1 1 1 -1 -1 0 1 0 -1 -1 -1 -2 2 -3 -1 0 1 -1 0 0 0 0 0 -1 0 -2 0 0 0 1 0 0 0 -1 0 0 -2 0 2 0 -1 0 0 0 0 0 0 0 2 1 1 -1 1 -1 0 0 2 1 0 -2 -1 0 0 1 0 0 -1 -2 1 -1 -1 -1 0 2 0 -2 0 -1 -2 0 0 3 -1 1 1 0 0 1 -1 -1 -1 0 0 0 1 0 1 2 1 -1 0 2 0 1 -2 1 1 2 1 0 -1 1 -1 1 1 -1 1 0 0 1 -1 0 -1 0 -1 -1 1 0 2 0 -1 0 -1 0 -2 1 3 0 -1 2 0 -1 1 2 1 0 2 2 0 0 1 0 -2 -1 -1 -2 -1 -3 -2 -2 1 -1 -1 2 -1 -1 1 0 -1 1 1 -2 -1 -2 -1 3 -1 2 0 -1 -3 0 1 0 -1 0 1 1 -1 0 0 1 -1 0 -2 -1 0 -2 0 2 1 -1 1 -2 -2 0 2 0 -1 0 0 0 -3 0 0 -1 1 1 0 1 1 0 0 1 1 -3 -1 0 0 -1 1 0 -1 -1 0 -1 2 -1 -1 2 0 -2 0 -1 -2 -2 0 0 -1 1 1 1 -2 0 -1 0 0 -1 1 0 -1 1 0 0 1 1 -1 0 1 -1 0 -1 1 0 1 0 -2 0 2 0 -1 -2 2 1 1 -1 2 0 1 1 1 1 1 0 0 0
-1 0 0 -2 1 1 -2 0 1 1 1 0 2 0 0 -2 1 0 0 0 0 0 -1 0 1 0 0 0 1 1 1 1 1 0 -2 -2 0 1 -1 -1 -1 1 -1 -1 -1 0 0 1 1 -1 -1 0 -1 2 0 1 0 0 0 1 -1 0 0 2 2 -3 0 1 1 -1 -1 -1 3 0 0 -2 1 0 0 2 1 0 0 0 -1 0 1 0 -1 0 1 -1 -1 -1 0 1 0 2 2 0 -1 1 1 -2 -1 2 -2 -1 0 -1 -2 -2 1 -1 -1 -2 0 0 -1 0 -1 -1 2 1 -1 1 -1 0 1 2 1 0 -1 0 1 1 0 -1 -1 1 0 -1 -3 0 0 2 0 0 0 -2 -1 0 -1 0 0 0 -1 0 0 -3 0 2 1 0 -2 -1 0 -1 1 1 -1 1 -2 0 2 0 -1 0 1 0 -1 1 0 1 1 0 0 0 1 0 -1 1 2 1 -1 0 2 0 0 2 1 0 -1 0 0 -1 2 1 1 -1 0 -1 -1 0 -1 2 1 0 0 -2 -1 2 1 1 0 0 0 0 -1 0 -1 -2 1 1 1 0 -2 1 1 0 1 1 0 -2 -1 -1 0 0 -1 -1 0 -3 1 0 0 0 -1 1 2 -1 2 -1 2 0 2 -1 -2 1 -1 1 1 0 -1 -1 0 2 1 0 -1 3 0 2 1 0 0 1 -1 1 -2 -1 0 0 1 1 -1 -2 0 2 -1 -2 0 0 -2 1 3 1 -1 -1 -2 -3 -2 -1 -1 1 0 -1 0 0 1 1 0 -2 0 0 2 0 -1 1 1 0 0 -2 1 1 1 -1 -1 -1 0 0 0 -1 -1 0 1 -1 0 2 1 1 0 0 0 0 0 -1 -2 0 0 1 0 -1 -1 0 0 -1 -1 1 0 -1 -1 1 0 1 0 -1 -2 1 1 -1 1 0 -1 0 -1 1 0 1 -2 2 -1 2 1 -1 -2 -1 0 -1 0 1 -1 1 0 1 2 1 1 0 -2 1 1 0 0 -1 0 0 1 -3 1 -1 3 1 -1 -1 -2 -1 2 0 0 -1 0 1 -1 1 -1 -1 0 1 1 1 -1 0 0 1 0 -2 0 2 1 -1 2 0 0 -1 1 0 0 2 -1 -2 -1 1 2 0 -1 1 0 -1 0 -1 -2 1 -1 -1 0 1 0 2 -1 0 -3 -1 0 1 0 1 2 2 -2 -1 0 0 0 1 0 -1 -1 0 0 1 -1 0 0 0 -1 -1 -2 -1 1 0 0 0 1
-1 1 1 -2 -1 2 -2 -1 0 0 2 0 -2 0 1 -1 0 0 1 1 2 -1 -1 -1 1 0 0 1 2 0 1 1 2 -1 1 1 0 0 0 1 0 -1 1 1 2 0 0 0 0 -1 1 1 -1 1 1 -1 -1 1 1 0 0 -1 -1 1 -1 -1 -1 0 0 -1 0 -1 -1 -1 0 0 0 1 0 -2 0 0 0 0 1 -2 0 -2 1 2 0 -2 1 1 -1 0 0 -1 -2 0 0 0 -1 2 -2 0 1 2 -1 -1 0 0 1 2 -2 0 0 0 -1 1 0 -1 1 1 0 1 0 0 1 -1 -1 0 1 1 -1 0 2 0 -1 -1 0 -1 1 1 1 0 1 -2 0 0 1 1 0 3 1 0 0 -1 1 1 1 -2 1 0 -1 -1 1 2 1 2 -1 -1 0 -2 1 -1 1 0 -1 -1 0 -1 -2 0 -1 0 1 0 -1 0 1 2 1 0 0 1 1 1 -2 1 -1 1 2 0 -1 1 0 0 0 -1 -1 0 0 -1 -1 2 0 1 2 0 2 1 0 2 1 -1 0 0 1 -2 -1 2 0 -1 2 -1 0 0 1 0 -2 1 -2 -1 1 1 -1 0 -1 1 2 0 -1 1 -1 -3 -2 -1 1 0 -1 -3 0 0 -1 -1 -1 2 -1 1 -1 1 1 -1 0 1 0 1 1 1 -1 0 1 0 0 0 1 2 0 -1 0 -1 -1 1 -1 0 1 0 1 1 0 0 3 0 0 0 -1 -1 -1 0 0 3 -1 -1 -1 0 0 1 0 0 0 0 -2 1 -2 -1 0 -2 2 0 1 2 0 0 1 -2 0 0 0 -1 1 0 0 0 0 0 0 0 -2 1 0 0 -1 0 0 0 1 -2 0 0 1 0 1 2 0 0 -2 3 0 1 1 -2 0 0 0 0 -2 0 -1 1 2 -1 -1 0 0 1 3 0 0 1 -1 3 0 -1 0 1 -1 1 1 -1 0 -1 -1 -1 0 -1 1 1 -2 0 0 -1 -1 2 1 0 0 -1 1 0 1 0 -1 -1 0 2 2 2 0 -1 0 1 -2 0 1 0 -1 2 2 -1 -2 1 0 -1 -1 0 0 2 0 -1 0 -1 1 1 1 0 -2 -1 1 0 -1 0 0 -1 -1 -2 0 1 -1 -1 -1 1 -1 0 -1 1 -2 0 1 1 0 1 0 0 1 -1 1 0 1 2 1 -1 0 -1 0 -1 0 -1 -3 1 0 2 1 -1 2 2 0 -1 1 0 -1 0 0
-1 0 1 1 -1 1 1 1 1 0 1 1 0 0 -1 2 1 -1 1 0 0 -1 1 1 -1 1 1 1 1 2 1 -1 -1 0 -1 1 0 -1 0 -1 1 -1 0 1 -1 -1 1 1 -1 -2 1 0 2 0 0 -1 0 0 1 0 2 0 -1 -2 0 1 -2 0 0 0 2 0 -1 0 0 1 -2 2 0 -1 -1 -1 -1 0 -1 0 1 1 0 1 -1 -1 -1 1 -1 0 3 1 0 -1 0 0 -1 -1 -2 0 -1 -1 0 0 1 -1 1 -1 0 0 -1 0 -1 1 0 1 3 -1 1 0 -1 -1 -1 1 -2 1 -1 0 0 2 -2 0 0 -1 0 -1 -1 0 1 2 -2 1 0 2 2 0 1 0 1 0 -1 -1 2 -1 1 0 0 -2 2 1 3 -2 1 2 1 1 -1 -2 2 0 1 -1 1 1 -1 2 1 1 -2 2 0 1 -1 -1 -1 0 0 3 0 0 -2 -2 1 -1 1 0 -1 -2 0 -1 -2 2 -1 1 0 0 0 1 0 -2 0 0 1 0 -1 0 0 -1 1 0 0 2 -1 -1 -1 -2 0 0 2 2 -1 -1 -1 0 -1 1 -1 -2 0 -1 0 -1 0 1 1 2 0 0 2 0 0 0 1 0 0 0 0 0 0 0 0 -2 0 2 -1 -2 0 -1 -1 0 1 0 1 0 -1 1 1 -1 0 0 1 -1 2 0 1 1 0 -1 -1 1 -1 -1 -2 1 1 0 1 1 1 -1 0 1 1 0 0 1 1 1 0 -1 -2 0 0 0 0 -1 0 -1 -1 0 1 1 -1 0 0 0 -2 0 2 1 2 0 3 -1 0 1 1 1 -1 -2 -1 1 0 -3 -2 0 -2 1 1 -1 0 0 1 -2 1 0 -1 0 0 0 -2 1 2 2 0 -1 -2 -1 -1 0 0 -1 1 2 -1 1 -1 -2 -1 0 1 0 0 0 1 0 1 0 1 0 0 -2 1 1 -1 0 1 -1 -1 0 -1 -1 -1 -3 0 2 0 -2 -1 1 -2 1 2 -2 -2 2 -1 2 2 2 1 0 -2 0 -1 2 0 -1 -2 1 0 -1 0 1 -1 1 0 0 1 0 2 0 0 1 1 0 1 -1 2 1 2 2 -1 0 0 0 -2 0 -1 -2 0 1 0 0 2 0 -2 -1 0 1 0 1 0 0 0 1 1 2 0 -2 -1 0 0 0 0 -2 0 -1 1 -1 0 -1 0 0 -1 0 0 2 -1 0 0 -1 -2 0 -1 -1 0
-1 -1 0 2 0 2 0 0 1 0 0 -1 -2 -3 -1 0 -1 -1 1 0 0 2 -1 -1 -1 -2 0 1 0 -1 2 0 -1 1 0 -2 2 0 0 0 0 1 0 1 1 0 1 0 1 -1 -1 3 -1 2 1 -1 3 0 0 -1 0 0 0 -1 0 -2 -1 1 -1 0 0 -1 -1 -1 -1 0 0 1 0 0 -2 2 0 0 1 0 1 0 0 0 0 0 2 -1 -1 0 2 0 0 0 0 1 1 -2 1 0 1 0 -3 -2 1 -1 0 0 0 2 -1 0 0 0 2 1 -1 1 2 0 0 1 0 -1 0 -2 2 -1 1 -2 0 -1 0 0 -1 0 0 -1 1 0 -1 -2 -1 1 2 1 -2 -3 -1 1 0 0 -2 -1 1 0 -2 0 1 0 0 0 -2 -1 0 0 -1 -2 -1 0 2 -1 0 1 0 0 3 0 1 0 1 2 -2 -1 1 1 2 0 -1 0 -1 -1 0 0 2 2 -1 2 0 2 1 2 0 0 2 0 0 1 0 1 0 0 1 0 2 -2 0 1 -2 1 -1 1 -1 0 0 -1 -1 -1 -1 -1 -1 -2 2 -1 -2 -1 0 -1 0 1 -1 1 -1 -3 1 2 -1 0 2 0 1 0 1 1 -2 0 1 1 0 -2 0 0 0 1 0 2 1 0 1 -1 1 1 -2 0 0 0 0 0 0 -1 0 1 1 0 1 0 1 1 -1 1 0 -1 0 -2 2 0 0 0 3 1 -2 0 -1 1 1 0 0 -1 0 1 1 2 1 -1 -1 1 -1 0 1 2 -1 0 0 0 0 1 1 1 1 -2 -1 1 1 2 0 0 1 0 1 -3 0 -2 -1 -1 0 2 0 1 1 1 1 1 2 0 1 -1 -1 -1 1 -1 -1 0 2 0 0 -1 0 -1 2 -1 0 0 0 3 -1 0 -1 0 0 0 2 1 1 1 -1 1 -2 -1 -2 1 0 -1 -1 -1 0 1 0 0 1 -1 1 0 1 -1 -1 0 1 -1 0 -1 -1 0 1 0 -1 -1 1 0 0 2 -2 -1 1 0 1 0 1 1 -1 0 0 2 1 0 0 0 -1 -2 -2 1 -1 -2 -1 1 0 0 0 -1 -1 2 1 -2 -2 1 1 1 -1 0 1 2 0 -1 0 0 -1 1 0 -1 0 -1 1 -1 0 -1 -2 1 -2 1 -1 -1 -1 -1 2 2 0 -1 -2 0 1 0 0 0 0 0 -1 0 0 1 0 0 1 1 0 1 0 -2 -1
-1 -1 -1 -1 2 0 0 1 0 0 -2 1 -1 1 -2 0 -1 -1 1 2 0 0 0 2 -1 1 -1 1 -1 0 0 -1 0 0 -1 0 -1 0 0 0 2 2 2 0 -1 0 1 1 0 1 1 -1 -1 0 -1 -3 -1 1 1 0 2 0 2 -1 -1 2 1 -1 0 -1 0 0 1 0 0 1 1 0 -1 0 -2 0 0 2 -1 0 0 0 1 -3 0 0 1 1 -1 0 0 1 0 1 1 0 0 -1 -1 -1 1 -1 1 0 0 -1 0 0 1 2 1 1 0 1 -1 2 -1 2 0 0 -1 0 0 -1 -1 -2 0 0 0 0 -1 -1 1 0 -1 -1 -1 -2 -1 1 0 -1 -2 0 -1 1 -1 0 0 -1 -1 0 0 -1 -1 -1 0 2 0 1 0 2 1 -1 1 0 2 0 1 -1 0 0 0 2 -1 0 -1 -3 -1 -1 0 1 -1 -1 0 1 0 -2 1 -1 0 1 1 -1 0 2 0 -1 1 -1 1 0 -2 1 3 0 1 0 -1 0 -3 1 -1 -1 -1 0 1 0 1 1 1 1 -1 0 0 0 0 0 -1 2 -1 1 -2 1 -2 -2 -2 0 0 -1 -1 1 -1 -1 1 -1 1 0 -1 -1 0 -3 -1 1 0 -1 0 1 0 -1 -2 0 1 0 -3 0 0 0 0 -1 -3 2 0 -1 0 0 -1 -2 1 1 2 -2 -1 -1 -1 -1 0 1 -1 -2 0 0 -1 -1 -1 0 0 -1 0 2 -1 -1 2 0 -1 -1 0 -3 1 -1 -1 0 3 0 1 1 3 -1 1 1 0 1 2 1 1 0 0 -1 1 0 0 0 0 1 -1 0 -1 0 2 1 0 0 2 0 2 1 1 1 1 2 0 0 0 0 1 0 1 0 -1 -1 1 -2 1 2 1 -1 0 0 1 1 -1 -1 2 -1 0 -1 -1 -1 -1 0 1 2 0 0 0 -2 -1 0 0 1 0 -1 1 0 -1 0 1 0 0 -1 -1 1 -1 0 -1 0 0 0 0 0 1 1 0 -1 0 1 0 -1 -1 0 -1 -1 -1 -1 -1 -2 0 1 -1 1 1 -3 -1 1 0 2 2 -1 -1 2 -1 -1 1 -1 1 -1 0 0 0 0 0 -2 0 0 -1 1 -1 0 1 1 -1 -2 0 0 1 -2 -1 0 -1 0 -2 0 1 2 0 -1 0 1 2 0 1 -1 -2 0 0 -1 -1 2 0 0 1 0 0 -1 3 -1 0 0 1 2 -2 1 3 2 0 -1 -2
-1 -1 1 2 0 -1 -1 1 1 -1 0 1 0 -1 -2 1 1 -2 0 2 1 0 -1 -1 0 1 1 1 0 0 1 0 0 0 0 0 -1 0 -1 0 0 -1 0 -1 1 2 -2 0 1 2 1 2 2 0 0 0 0 0 0 0 0 0 -2 1 -1 1 -2 -1 -2 1 1 -1 2 1 2 -1 2 3 -1 1 0 -1 -1 1 1 0 0 0 2 -2 0 0 0 1 -1 -2 -1 0 0 0 -1 1 -1 0 -2 -2 0 1 0 0 1 0 0 0 -2 -1 1 1 -1 0 0 0 -2 1 -2 -1 1 -1 1 1 -1 -2 -1 1 1 0 -1 1 1 0 -2 -1 1 0 1 0 2 2 1 0 -2 1 1 -1 -1 -1 1 -1 -1 1 -1 1 2 -1 0 1 -1 0 0 -1 2 1 -1 1 1 3 -2 0 1 0 1 1 0 0 -1 0 1 1 1 -1 -1 -1 -1 -1 0 1 1 1 0 0 0 1 1 -1 -1 -1 -1 1 -1 1 -2 0 -1 -2 -2 0 1 1 -1 -1 0 -1 0 0 0 1 0 0 0 1 -1 -2 0 2 1 0 -1 -1 -1 1 -2 0 1 -1 3 -1 2 1 0 -1 0 -2 2 -2 1 1 1 -1 -2 1 -2 -1 -3 0 -2 0 1 0 -2 1 1 -1 -1 0 0 1 -1 0 -1 -1 -1 0 0 0 0 -1 -1 -1 -1 -1 -2 0 0 0 0 1 0 1 0 0 0 1 -2 -1 1 1 1 -1 0 1 1 1 2 -1 0 -1 -1 0 -1 0 -1 2 0 0 0 0 0 -1 2 -1 0 -1 -1 1 1 0 0 1 -1 1 0 0 1 0 1 0 0 0 -1 0 -1 -1 2 -2 2 -1 0 1 -2 0 -1 0 1 -2 1 0 -2 1 0 -1 0 -1 0 1 1 0 1 -1 1 0 -1 -1 0 0 0 0 -1 1 1 -1 1 0 -1 0 -1 2 2 -1 1 -2 0 1 0 -1 1 0 -1 -2 0 1 -1 0 -1 1 0 2 1 2 0 -1 1 1 0 0 0 0 -1 -2 0 1 3 -1 0 -2 0 2 0 0 -1 1 0 0 -3 1 2 0 0 0 -1 1 0 0 2 1 0 -2 0 -1 -1 1 1 0 0 0 1 1 2 0 1 -1 0 2 0 1 0 -1 2 0 -1 -1 -1 -1 0 0 0 0 0 -1 1 0 1 -1 1 0 1 0 2 1 0 2 1 -2 0 -2 0 -1 0 2 3 0 2 -1 0
-1 0 2 0 0 1 0 1 -1 -1 0 0 0 -1 -1 1 1 -1 0 -1 -1 1 -1 0 1 2 1 1 1 -1 -1 1 -1 0 0 -1 -1 0 -1 -1 2 0 1 1 0 1 -1 0 1 -1 -1 0 0 0 -1 1 0 -1 -1 -1 2 1 0 1 1 -1 -1 2 0 0 0 -1 -1 0 -1 0 1 1 -1 0 -1 -1 -1 1 -2 -2 -1 1 0 0 0 0 1 1 -2 -1 0 -2 1 -1 0 -1 0 1 1 0 0 1 1 -1 1 -1 0 1 -1 0 -1 1 0 -1 1 -2 -2 0 0 1 0 1 0 -1 -2 -1 1 0 -2 -1 2 0 -2 2 1 -3 2 -1 -1 0 0 1 0 1 -1 3 1 -1 1 0 -1 -1 -2 0 -2 0 1 1 1 1 -1 -1 1 -2 2 1 -2 0 1 -2 0 2 1 0 0 1 0 -1 0 -1 2 1 0 -1 0 1 0 -1 0 0 1 2 0 -1 2 1 0 -3 1 2 -1 -1 1 -2 -1 -1 -2 1 1 0 0 -1 -2 0 1 1 1 1 1 0 1 -2 0 -1 0 0 -1 -1 1 0 0 0 -2 2 -1 0 1 0 0 1 -1 1 -1 1 1 0 1 1 0 2 0 -2 0 -3 0 1 0 0 1 -1 -1 1 -2 1 1 1 0 2 1 1 2 0 -1 1 0 2 2 0 1 0 2 -1 2 1 0 0 -1 1 0 0 2 1 -1 0 -1 0 2 -2 0 1 1 2 0 1 1 0 1 0 1 -1 -3 1 1 0 -2 1 -2 0 0 -1 -1 -1 2 0 1 0 -1 1 0 2 0 0 -2 1 0 0 0 2 0 -1 1 -2 -1 0 0 -1 0 -1 0 -2 1 -2 1 1 0 -1 -1 -1 1 0 0 -1 0 0 -1 0 -1 -1 0 1 0 0 1 -1 2 0 -1 0 0 0 2 1 1 0 1 -1 2 0 1 0 -1 0 1 2 0 1 0 1 1 -1 0 -1 1 0 1 0 1 1 1 -1 0 1 0 -1 0 0 0 0 1 0 0 -3 -1 1 2 -1 1 1 -1 2 1 -2 -1 1 1 0 -2 0 -1 -1 -1 0 -1 0 0 0 1 1 1 1 1 0 0 2 0 0 0 1 0 0 0 0 1 0 -1 0 -2 1 -1 0 -1 -2 0 2 1 1 1 -1 0 0 -1 -2 0 -1 2 -1 -1 -1 -1 2 2 -1 0 0 0 -2 -2 1 -1 0 0 1 0 2 -1 0 1
-1 -1 -2 2 2 0 -1 1 -1 0 0 -1 0 1 1 -1 0 0 0 1 0 0 -1 0 -1 1 1 -2 1 1 0 0 1 -1 2 0 -1 1 -1 0 1 1 -1 -1 1 -1 3 0 -1 -1 -1 1 1 0 1 -2 -1 -2 0 1 0 0 0 2 -2 -1 0 -1 0 0 -1 -1 0 2 -1 -1 0 2 -2 1 0 -1 1 1 1 0 -1 -1 0 0 0 -2 1 0 0 1 0 0 -2 1 -2 -2 -1 0 1 3 -1 0 -1 0 1 0 -1 0 1 -1 0 0 1 1 -3 2 0 1 -1 0 1 -2 0 -1 2 0 2 -1 -1 -1 0 -1 1 1 0 0 2 1 2 0 2 -1 0 0 0 1 -1 1 -1 -3 1 -1 -1 1 1 1 0 1 1 -2 0 0 0 -1 -1 1 -1 2 -1 -1 -2 -1 0 -1 0 -2 1 0 0 0 0 0 0 1 0 0 0 0 0 0 1 0 2 3 1 -1 -1 0 0 0 -2 1 -1 1 3 2 0 -2 0 -2 0 -1 -1 1 2 2 -1 -1 -1 -1 1 0 1 -1 0 1 -1 -1 -1 0 1 0 1 0 0 -1 1 -2 1 1 1 -1 0 -1 -1 -1 0 0 0 0 -1 0 -1 -1 1 -1 0 0 0 0 -2 1 -1 0 -1 -1 -1 2 -1 3 -1 2 0 1 2 2 -2 -1 1 -1 3 0 1 -2 1 0 0 0 3 2 0 -1 1 0 0 0 0 -1 -1 1 1 0 -2 0 0 -1 -1 -1 0 2 1 0 1 0 1 1 -1 0 1 0 -2 -2 0 -1 -2 0 0 0 -1 1 1 1 0 1 0 0 0 -1 0 0 1 -1 1 2 -1 -2 0 1 2 1 -2 0 1 1 0 -2 -2 1 1 0 0 0 1 0 0 -1 1 0 0 -1 -1 0 2 1 1 1 -1 1 0 -1 -1 -2 0 -1 -1 -2 0 0 2 0 2 -2 1 1 0 0 -2 -2 -1 1 2 1 0 1 3 0 0 -1 1 2 -1 -2 -1 0 -1 1 0 1 0 1 1 -1 -1 -1 1 0 0 -1 -1 -1 1 0 0 0 0 0 -1 -1 0 2 0 0 -1 2 1 0 0 0 -2 2 0 -1 -1 -1 0 0 -1 -1 0 1 0 0 0 0 0 1 1 2 -1 0 -1 0 0 3 0 0 0 0 -1 -1 1 -1 -1 1 -1 1 0 -1 1 1 -1 1 1 0 2 -1 0 -1 0 0 0 1 0 -1 -3 2 1
-1 1 -1 1 1 -1 -1 0 -1 -1 1 0 1 -1 1 0 0 0 -2 0 0 0 -1 0 -1 2 1 -3 -1 1 0 -1 0 -1 -1 -1 1 1 0 -1 -1 -1 -1 0 -2 -1 0 -1 0 -2 0 -1 0 0 -2 -1 -1 0 1 1 -1 1 -1 1 1 0 1 -1 -1 -1 -1 0 -1 1 0 2 2 -1 0 1 -1 -1 2 -2 0 1 -1 0 1 0 1 1 1 0 -1 -1 1 1 -1 -1 0 0 0 1 -1 1 0 0 -1 0 2 0 0 0 0 -1 0 2 0 2 -1 1 -1 1 -1 1 -1 1 -2 1 -2 0 1 0 1 1 -2 -1 0 1 1 0 1 -1 1 0 2 -2 2 -2 -1 -1 -3 0 0 -2 -1 1 -3 0 -2 -1 -2 1 0 0 2 -2 0 0 2 0 -1 1 1 -2 1 2 1 0 0 1 1 -2 0 -1 -1 -1 0 -1 0 2 0 1 -1 -1 1 0 2 1 0 -2 2 -1 0 2 -1 1 2 -1 0 0 -1 0 0 2 -1 -1 -1 0 -1 0 2 1 -1 0 0 -1 0 1 1 0 -1 0 -3 0 0 0 -1 0 1 3 0 2 0 0 1 0 0 1 0 -1 1 0 1 -1 -1 0 0 0 0 1 -1 1 -1 -1 0 1 1 0 0 -1 1 0 0 -1 2 0 0 1 0 0 -1 0 1 -2 0 -1 -1 1 0 -1 2 -1 0 1 1 -1 -1 1 0 -2 0 -2 0 1 0 0 -1 0 0 1 0 -1 0 0 2 1 -1 0 0 0 1 -1 0 0 -3 0 0 1 -2 1 -2 -2 -1 0 0 -2 0 2 0 -2 0 1 0 0 0 -1 0 -1 -2 0 1 2 0 0 1 -1 0 0 3 -1 0 1 0 2 0 -3 0 -1 0 0 0 0 0 -1 -1 -1 -1 -1 0 -1 -1 -2 0 1 1 -1 0 0 1 1 0 0 1 1 0 1 0 0 0 1 0 0 -1 0 0 1 0 -1 -1 -1 -2 -1 -3 1 1 1 -3 1 0 1 -2 0 1 0 0 -1 0 0 -1 -1 -1 2 -2 -1 3 2 0 -2 -1 0 0 1 1 -1 -1 -2 -2 1 -1 -1 -1 0 1 1 2 -1 0 1 2 1 0 -1 1 1 0 1 -2 0 0 0 0 -2 -1 0 1 -2 -2 1 1 1 1 0 -1 0 0 -1 0 -1 -1 3 -1 -1 1 0 -2 -2 -1 -1 0 -1 -1 1 0 -1 2 -1 1 0 0 1 -1
-1 -1 2 1 -1 1 0 0 -1 0 -1 1 -1 1 -1 1 -1 1 0 0 -1 0 -1 0 0 0 1 2 0 -1 1 -1 0 -1 1 -1 0 0 0 0 -1 -2 -3 -2 0 -2 2 0 0 -3 -2 0 0 -1 -1 -1 -2 0 -1 0 0 -1 0 1 1 -1 -1 -2 1 -1 0 -1 -1 0 0 -1 0 0 -1 1 -2 0 1 -2 -1 0 3 2 -1 -1 -2 0 -1 0 -2 -1 -1 0 1 0 1 -1 -2 -1 -1 3 -1 0 0 1 -3 2 0 3 1 1 0 2 -1 1 0 0 0 -1 1 -2 1 0 0 0 3 0 1 0 -2 -1 -1 0 -1 1 0 0 0 -2 -1 1 0 1 0 1 -1 0 -1 -1 -1 -1 -1 1 1 0 -2 -1 -1 -1 1 1 1 0 1 0 -1 -1 0 -1 -1 -1 -2 -1 -1 -1 1 0 -1 0 -3 1 1 2 -1 -1 0 0 -2 0 1 -1 -1 -1 -1 1 1 0 -3 0 1 0 1 1 2 -1 0 0 -1 2 0 -1 -3 -1 -1 0 -1 0 1 -1 1 -1 1 1 0 1 0 -1 1 0 -2 1 -1 1 -1 1 -1 1 -2 -2 1 0 0 1 2 0 1 0 0 0 -1 0 0 1 0 3 -1 2 1 1 0 1 1 -1 0 1 0 0 0 2 1 0 0 1 1 1 2 0 1 0 1 0 0 -1 -2 -2 1 0 0 0 1 0 1 0 0 1 0 0 0 0 0 0 -1 0 -2 0 1 0 0 0 1 1 -1 -1 0 0 2 0 1 0 0 0 -1 0 1 2 -1 1 1 0 1 1 -1 -1 -1 0 2 2 0 1 0 -1 0 2 1 2 1 1 0 0 0 -1 -1 -2 0 2 1 0 1 0 -1 1 1 -1 1 0 -2 0 -1 1 1 0 2 -1 -1 1 2 1 -1 1 0 0 1 1 1 0 0 0 -1 1 -1 -1 0 -2 0 2 0 0 -1 2 1 2 -1 0 1 0 0 0 1 0 -2 0 -1 0 0 1 -1 0 0 0 0 -2 2 0 -1 1 0 3 0 0 -1 0 -1 -1 -3 -2 0 -2 -1 -1 1 0 0 -1 1 0 -3 -1 0 1 1 -1 1 0 -2 2 1 -1 0 0 -1 0 0 1 0 -1 -1 -1 -1 0 0 2 1 0 0 0 1 0 0 2 -1 0 1 -1 -1 2 -1 0 1 3 1 1 2 -1 -1 2 1 0 -1 2 1 -1 0 0 0 -1 0 -1 -2
-1 -1 1 1 1 0 0 0 -2 1 0 1 0 0 -1 2 -1 1 -1 1 1 -1 0 1 0 -1 -1 0 -1 1 0 -1 0 0 -1 1 0 -1 -1 2 -1 -1 1 1 0 0 -1 -2 1 1 1 2 -1 1 0 1 2 0 1 2 0 0 -1 0 0 0 0 -2 0 0 0 0 0 0 0 1 -1 0 0 2 -1 0 0 -2 2 0 1 2 1 0 0 2 -1 -1 -1 -1 2 -1 1 -1 0 -1 -1 1 0 1 0 1 1 0 -1 0 0 -1 2 -1 0 1 0 1 0 -1 -3 -1 0 2 0 0 1 -1 1 -2 -1 1 0 -1 -1 2 1 0 -1 3 -1 0 -1 -1 1 0 0 1 0 2 1 1 1 0 0 1 1 1 0 0 -2 -1 2 0 0 1 1 0 -1 0 1 -2 -1 3 1 1 -1 2 0 0 0 0 2 1 1 0 1 1 0 1 0 0 0 -2 2 0 0 0 0 1 -1 -1 0 -2 -2 0 0 2 -1 0 -1 2 2 0 0 -1 0 -2 0 1 -1 1 -2 1 1 0 2 0 0 1 -1 0 0 -1 2 0 0 -2 -1 1 -2 -2 1 0 0 -1 0 2 0 0 2 0 -1 1 -1 0 0 2 1 2 -1 1 0 0 -1 0 0 -2 0 -1 -1 -1 1 2 1 1 -1 0 2 -2 2 2 1 0 0 0 -2 0 0 -1 0 -1 1 1 1 0 3 2 0 1 0 1 -1 2 0 0 0 1 -2 0 0 -2 1 -1 1 0 2 0 0 0 0 0 3 0 0 0 -1 2 -1 -1 0 -1 0 -2 -2 0 -1 1 0 -1 2 -1 0 1 1 0 -2 -2 0 0 -1 1 0 -1 1 0 -1 -1 -2 0 1 2 2 3 -1 -1 -1 0 0 -1 -1 -2 0 0 0 0 -1 -1 0 -1 0 -2 2 -1 0 0 3 -2 -1 1 -1 -1 0 -2 -1 0 1 -2 0 0 0 -1 -1 1 0 -2 -2 -1 1 0 0 2 -1 -1 1 -1 0 0 0 1 -1 1 0 2 0 0 0 -1 -1 -1 -2 -1 -1 0 0 0 -1 2 1 2 3 -1 1 2 0 1 0 -1 2 0 0 0 1 -1 -1 -1 1 1 -2 1 2 0 -1 0 0 1 0 0 -2 -1 1 1 -1 -1 0 1 0 0 0 0 0 -1 0 0 0 2 -1 0 0 0 1 -2 -1 1 0 0 0 1 0 -2 2 -1 0 0 0 -2 0 -1 -2 0 0
-1 -2 1 -1 0 1 0 0 0 -1 1 0 -1 -2 0 0 -2 3 1 0 -2 0 0 -2 0 0 0 -1 1 -1 3 0 1 0 3 -2 1 0 1 -1 0 2 -1 -1 0 0 0 -1 2 1 0 0 -1 1 -1 -1 0 1 0 0 0 1 -1 1 0 0 0 0 -1 -1 -1 1 1 -1 -1 0 -1 2 1 0 1 1 -1 -1 -1 0 0 1 0 -1 0 1 -1 1 1 0 2 1 0 0 2 0 1 -1 -1 1 1 1 0 0 0 -1 -1 0 0 0 0 0 -1 0 -2 1 0 0 2 1 0 0 -1 -2 -1 3 -1 0 1 0 -2 -1 1 0 1 0 1 1 0 0 -1 -1 0 -1 0 0 -1 0 0 1 -1 0 0 1 0 0 -1 -2 -1 -1 -1 0 -1 0 2 1 1 0 0 -1 0 1 0 0 0 -2 0 -2 -1 1 -1 0 0 0 1 1 0 0 0 -1 -1 -1 1 0 -1 0 -1 2 -1 0 -1 0 -1 -1 2 0 0 0 0 1 -1 -1 1 0 -1 0 0 -1 1 -1 -1 0 -2 0 -1 1 -2 1 1 -1 -2 -2 -1 0 0 0 -1 2 0 0 -1 0 -1 0 0 0 -1 -1 0 0 2 0 -1 0 0 0 0 -1 0 0 1 0 -2 -1 0 0 0 -2 1 1 -1 1 1 0 1 0 -2 -1 1 -2 0 -1 0 0 -2 0 1 0 0 -2 0 -1 -1 1 -2 0 1 0 -1 -2 -1 -1 -1 1 1 -1 -1 0 1 1 1 2 1 1 0 -2 1 1 2 -1 0 2 0 0 0 0 -1 1 1 0 1 0 0 1 -2 0 2 -1 0 2 -1 1 -1 -1 0 0 -1 -1 -1 1 0 1 -2 -1 0 0 0 -2 -1 0 1 2 -1 0 1 -1 0 -1 1 -1 1 0 3 1 0 0 -1 0 -2 0 0 0 1 1 -3 1 -2 0 0 1 1 -2 1 0 -2 0 -2 0 1 -1 -3 0 -1 -1 -1 -1 0 0 -1 0 1 -1 0 0 -1 2 -2 1 -2 2 -1 3 -1 0 0 -1 -1 -1 0 -3 0 -2 0 1 0 0 0 -2 -2 1 -1 -1 -1 1 -1 0 2 0 -2 1 -2 1 1 2 1 2 0 0 -2 -1 0 1 1 -1 1 -1 0 3 1 1 0 -1 1 -1 0 1 1 -1 1 1 -3 -1 0 2 -2 0 0 -2 0 -1 1 0 0 0 2 -1 1 1 -1 1 0 0 0 -1 0 1 0
-1 1 -1 1 2 0 1 -1 1 0 1 -1 2 -1 -1 -3 1 0 0 0 1 -1 -1 1 2 0 0 -2 -2 0 1 2 2 1 -2 -1 1 1 1 -1 0 -1 1 0 1 -1 -2 -1 0 1 0 -2 -1 -1 -1 -2 0 0 0 -2 1 -2 2 2 0 2 -1 0 -3 0 1 -1 -1 0 1 -1 1 -1 0 0 1 -2 0 0 1 -2 0 2 2 -1 1 0 -2 0 -1 0 0 0 1 0 1 2 -1 2 2 1 0 3 2 0 0 1 0 1 3 0 1 1 -1 -1 -1 0 -1 -1 -1 0 0 -3 0 0 -2 1 0 0 -1 -1 0 3 1 2 -1 0 0 -1 1 -1 0 0 0 1 -1 0 -1 2 -1 0 -1 -1 -1 0 -1 0 -1 -1 0 -1 2 1 1 1 0 -1 0 1 1 -1 0 1 0 2 -1 0 -1 0 1 -1 -2 -1 -1 1 -1 -2 0 1 0 0 0 0 2 2 0 -1 1 0 -1 1 -1 0 1 0 0 0 0 -1 0 1 0 -2 -1 1 1 -1 2 -1 0 -1 -1 0 2 -1 0 -2 1 1 -1 0 0 0 0 1 0 0 -1 1 1 0 0 2 -1 -1 2 0 -2 -1 -2 0 0 -1 0 1 0 -1 -1 3 2 -1 1 1 0 0 0 -1 -1 0 -1 0 0 -1 -1 2 -1 -1 -2 0 1 1 0 -1 0 -1 1 1 1 0 -1 0 -1 -1 0 0 1 0 1 -1 0 0 -1 -1 0 1 -1 -1 -1 0 0 -1 0 -2 -1 0 -1 0 1 -2 1 0 -3 -1 1 1 -1 0 1 1 -1 1 1 0 0 -1 -1 0 0 1 1 -1 0 2 0 2 1 0 0 1 -1 -1 0 -1 0 1 0 -1 1 1 0 1 -1 -1 0 1 -1 0 2 -1 -1 0 -2 -1 0 -2 -2 1 -1 -1 2 0 0 -2 -1 2 1 1 0 0 1 -1 -1 1 0 -1 -2 0 -1 -1 -2 -1 2 2 0 2 0 1 0 2 -3 0 -1 -1 1 1 0 1 0 1 -1 -1 -1 -2 1 0 2 0 2 1 0 -2 0 0 -3 0 -1 -1 1 2 0 -1 0 -1 1 0 0 0 0 -1 1 1 1 1 -2 1 1 -1 -1 -1 0 2 -1 0 -1 -2 1 1 -1 3 0 0 0 1 0 1 -1 -1 0 0 0 1 0 -1 -1 2 -1 0 -1 0 1 -2 1 -1 -1 1 -1 0 1 1 0 -1 0 1 0 0 -2 2 0
-1 2 1 -1 -1 -1 -1 -1 0 1 -1 0 0 0 -1 0 -2 1 0 1 -1 -1 0 0 0 -1 1 -1 -1 0 1 0 0 0 0 2 2 0 0 0 0 0 0 1 1 0 -1 0 -1 -2 0 0 1 0 0 1 -1 -1 -1 1 1 1 0 -2 0 -1 0 0 0 -1 0 -1 -2 0 -2 1 -2 0 1 -1 0 0 0 -2 1 1 0 2 0 1 1 1 -1 1 0 -1 -1 0 0 0 0 -1 -1 0 -2 -1 0 0 1 0 0 -1 -2 -1 1 2 -1 0 -1 0 -2 0 -2 0 0 -1 -1 -2 -2 1 0 0 -2 0 -1 -1 0 -1 1 -1 1 0 1 -1 1 0 -2 0 0 -1 -1 2 0 -1 1 1 0 -1 -1 1 -1 0 0 -1 0 1 1 -2 -1 2 0 0 -1 1 -1 -1 -1 0 -1 0 0 0 1 1 0 1 0 -2 0 0 0 0 2 -1 0 -1 1 0 0 0 0 -1 1 -3 3 1 0 -1 -1 1 3 0 1 2 0 1 -1 0 -1 -3 -1 0 1 2 -2 1 1 0 0 1 0 1 0 -1 1 1 1 -1 1 -2 0 0 -2 -2 1 1 0 1 -1 -1 2 1 -1 1 0 1 0 1 0 1 -1 1 -2 -1 0 -2 -1 0 0 1 0 1 1 1 -3 0 1 0 1 0 1 -1 0 -1 1 -1 -1 -1 0 -1 1 -1 0 -1 0 0 2 0 -1 3 0 2 1 2 -2 0 -2 -1 0 1 -1 -1 -1 0 -2 -1 1 -1 0 -1 0 0 0 1 0 -1 -3 1 0 2 0 0 0 1 0 -1 -1 0 -1 -1 1 -1 0 -2 -3 0 -3 0 -1 -1 -3 0 -1 1 1 -1 -1 0 -1 -1 -1 1 1 0 1 1 -1 0 0 0 0 0 1 1 -1 0 0 -1 -2 -2 -1 0 -1 0 -1 0 1 -1 1 -1 2 0 1 2 1 1 -1 -1 1 1 1 1 0 0 0 0 3 -1 -1 -3 0 0 1 -2 -3 -1 2 -1 -1 0 0 2 0 0 1 0 0 0 -1 1 1 0 1 -1 0 0 0 0 0 1 -1 0 0 2 -3 0 0 1 0 -1 -1 -1 0 -1 -2 1 0 2 1 -1 2 -1 -2 1 -1 0 -1 0 -2 2 -1 -1 0 1 -1 -1 -1 -1 0 0 0 1 -1 1 1 -2 -2 0 -1 -1 0 -1 1 -1 2 1 0 0 0 3 -1 -1 0 1 0 0 2 0 -1 0 0 0 -1
-1 1 -1 -1 -1 0 0 -1 2 -1 2 1 1 0 0 -1 0 -1 1 -3 0 1 0 1 1 0 1 1 -1 0 -1 1 1 0 1 0 -2 0 0 2 0 -1 0 -2 -1 2 -1 -2 -2 -1 1 2 -2 0 -1 2 1 1 0 2 0 -1 1 0 2 1 -1 -1 0 0 0 2 1 1 -2 0 2 -1 1 -2 -2 0 2 3 -1 1 1 0 0 1 0 -2 1 0 0 1 0 -1 1 0 0 0 -1 0 -1 1 -1 0 1 -1 0 -1 -1 -2 0 -1 0 0 0 0 0 -2 -1 1 -1 -1 -2 1 1 -1 1 1 2 0 1 1 -1 -3 0 1 -3 -1 0 2 1 0 0 1 -2 1 3 0 2 -1 1 -1 -1 0 -1 0 1 0 1 0 -2 -1 1 -1 1 -3 1 1 0 0 0 0 0 1 0 0 1 0 0 1 2 2 -2 0 1 0 -1 -1 1 0 0 0 0 -1 0 0 1 0 -1 -2 -1 1 0 -1 1 -2 0 0 0 -1 1 1 1 0 2 -1 -2 1 0 1 -2 -1 -1 -1 0 0 1 1 0 1 0 2 0 1 0 -3 0 0 -1 0 0 1 -2 2 0 -1 1 -1 1 3 -2 -1 -2 -1 -1 -2 0 0 0 1 0 1 -1 0 -1 1 0 0 0 0 -2 0 0 -1 -1 -2 -2 2 -2 1 0 0 -1 2 1 -1 1 -1 1 0 1 -1 0 1 3 0 1 0 0 0 3 0 0 2 1 -1 1 1 0 0 0 0 1 -1 1 -2 0 -2 0 0 -1 0 -1 0 -1 2 0 -1 0 0 1 -1 0 0 -1 -1 -1 1 1 1 1 1 0 1 0 -1 0 0 2 0 -1 0 0 1 0 1 0 2 2 -2 -1 1 -1 0 0 2 0 0 0 1 -1 0 1 0 1 0 0 -1 1 0 -1 1 0 -1 -1 -1 -1 1 0 0 1 1 1 1 0 0 0 -1 -2 0 1 -1 1 2 1 0 1 -1 2 1 1 1 1 -3 1 0 0 0 0 0 0 0 -1 0 1 0 0 0 0 -2 -1 2 0 0 -1 1 0 -2 0 1 1 1 1 1 1 0 2 -2 1 0 0 1 0 0 2 0 0 -1 1 0 2 -2 1 3 0 -1 0 1 1 1 0 0 -1 -2 0 1 -1 0 1 -1 -2 0 -2 -1 2 1 -2 -1 1 1 2 0 3 0 -1 1 0 1 1 -1 1 -1 0 2 -3 0 -2 0 -1
-1 1 1 1 -1 0 1 -1 1 1 1 0 0 0 0 -1 1 -2 1 -1 1 1 0 1 0 1 -2 1 0 0 1 0 0 2 -1 2 0 0 1 0 -1 1 0 0 0 0 -1 -1 -1 0 0 0 0 0 2 -3 -1 2 -2 0 1 2 2 2 -2 -2 1 -1 2 2 -1 0 1 1 0 -1 -2 -1 -1 0 0 0 -1 0 -1 1 -1 2 0 0 0 -1 -1 1 1 -1 0 1 -1 2 -2 -1 2 0 1 -1 0 -1 0 0 -1 1 0 0 1 0 0 1 0 -2 0 -1 1 0 0 0 -1 0 0 -1 -2 -1 1 -3 0 -2 1 0 0 1 0 0 0 -1 -1 1 -1 1 0 -1 1 -1 0 1 -1 0 0 0 -2 -1 0 1 0 2 0 0 -2 1 1 -1 -1 -1 -1 -2 1 1 -1 0 0 -1 0 2 1 0 -1 -1 0 -1 0 2 -2 1 0 0 1 0 1 1 1 1 1 2 0 1 0 1 2 0 1 1 -1 0 -1 0 1 1 1 -1 -1 0 -1 1 0 0 1 1 0 0 0 0 -1 -1 1 -1 0 0 -1 0 1 -1 0 -1 1 -1 -1 1 0 -1 1 -2 0 0 -2 -2 0 0 -1 -2 1 0 0 1 2 1 0 2 -1 0 0 1 1 1 0 2 0 -1 -1 -3 -1 -1 1 0 0 -2 0 -1 1 0 2 1 0 0 -1 0 -3 0 -2 -1 2 0 1 -1 0 0 1 1 -1 2 0 -1 1 0 1 3 0 2 -1 0 1 0 0 -2 0 1 1 1 0 0 -1 0 2 0 0 2 0 0 2 -2 1 2 0 0 -1 0 1 -1 -2 0 2 -2 1 -1 0 -1 -1 0 -1 0 0 1 1 -1 -1 0 -1 -2 1 0 1 1 0 -2 -2 1 0 0 -1 1 2 0 1 0 -1 2 1 0 0 0 1 -1 0 -1 0 1 -1 -1 -1 0 0 -1 -1 1 1 -1 -1 0 -1 2 0 0 -1 2 2 -1 1 3 -1 2 0 -1 -1 0 -1 -1 0 0 0 0 1 0 0 0 -1 -1 -2 0 -1 -1 -1 0 3 2 -1 -2 1 3 -2 0 2 0 2 1 -1 1 0 0 2 1 0 0 0 1 -1 -1 -1 -1 2 0 1 -1 0 2 -1 0 -1 0 2 0 -2 -1 -1 0 -1 0 2 -1 0 -1 -2 1 1 1 1 2 0 1 0 0 -2 -1 1 -2 0 0 0 2 -2 2 -2 0 1 0 2
