sequence,suite,probe_index,probe_name,cohort,repetition,clear_min_score,clear_argmin_index,clear_argmin_name,clear_match_count,expected_authorized,expected_index,expected_code,actual_authorized,actual_index,actual_code,actual_name,discrepancy,error,encrypt_wall_ms,encrypt_reported_ms,probe_ciphertext_bytes,probe_ciphertext_sha256,http_wall_ms,server_reported_ms,pbs,varco_contract,output_epoch,output_revision,output_gallery_size,output_lwe_size,result_ciphertext_bytes,result_ciphertext_sha256,decrypt_wall_ms,decrypt_reported_ms
0,historical_frontier,265,1236,tuning_impostor,0,2,17,1012,1,True,17,18,True,17,18,digiface-17-1012,False,,6.795,0.42,32840,7bf69d291963c49e4a76b221c258554c14f92b402231e653a7c636fce2d94dad,6863.286,6862.7,3655,exact-open-set-id-v2,1788112230770036224,127,127,2049,16464,dab0f655388e29174d53382a31b14ee0388fd5eb67895ff2209a30d0443c5ca5,5.121,
1,historical_frontier,758,1680,primary_test_impostor,0,3,45,1038,1,True,45,46,True,45,46,digiface-45-1038,False,,7.061,0.59,32840,abf12a675b3d7e847024b3bd903e4c5ae79d81a7f3d11cb0c2eeccded868fa3b,7815.159,7814.4,3655,exact-open-set-id-v2,1788112230770036224,127,127,2049,16464,53b67ba45499e2849b43be0d72b8b510483c35fc472640e8a4863a66e4df4391,6.359,
2,historical_frontier,211,1188,tuning_impostor,0,4,92,1080,1,True,92,93,True,92,93,digiface-92-1080,False,,5.565,0.49,32840,6cbdf06b443695f29e73c7cd01156e517894b86a471734ecf6635a156cedfea1,10821.373,10810.8,3655,exact-open-set-id-v2,1788112230770036224,127,127,2049,16464,9f1cb49b93e17e81225f62a7e9d4055ce17a89233bdaf55b891d26caefde3e62,63.212,
3,historical_frontier,1943,948,extended_holdout_non_tuning_impostor,0,5,82,1071,0,False,,0,False,,0,,False,,11.627,0.48,32840,2006caa76254072deab466ed3fb6c497f3b895a492f2cb201f896c429492eb1e,9910.365,9909.4,3655,exact-open-set-id-v2,1788112230770036224,127,127,2049,16464,361742a75560f5d92c8e4553c914d5f2f4dc42a1fd17ea9fac390b74965fda11,9.078,
4,historical_frontier,407,1364,tuning_impostor,0,7,81,1070,0,False,,0,False,,0,,False,,6.006,0.51,32840,eb936bee0d992fd0ae84b4c514eaf5ea2cc8d8ab2c8bf672505946e8b1d4c92a,8931.233,8929.8,3655,exact-open-set-id-v2,1788112230770036224,127,127,2049,16464,06b86405cb5825949d47cbea3f7fd9744e3cfe9b6e03defff6c30f7a7798fc5d,8.334,
5,primary_genuine,0,0,genuine,0,-350,0,0,1,True,0,1,True,0,1,digiface-0-0,False,,6.379,0.43,32840,40d29fc1fdc98d7cbc38fd2c0a5a7cb26919037cbe3bf1009652440c717486e4,9025.121,9024.1,3655,exact-open-set-id-v2,1788112230770036224,127,127,2049,16464,5006c67ab0a442803e9863d083c3a52b1a4f43f28d4417bdc891750852e28117,5.434,
6,primary_genuine,1,1,genuine,0,-345,1,1,1,True,1,2,True,1,2,digiface-1-1,False,,6.117,0.48,32840,566ba611a6609efc4654bb60bc9a31ae180175e9423cb10e58f94aca596083b4,9096.953,9095.9,3655,exact-open-set-id-v2,1788112230770036224,127,127,2049,16464,e0c86db5412e4a41f38aab39841317cf3b7fcdeaae76de129997f830a6f5086a,6.38,
7,primary_genuine,2,10,genuine,0,-352,2,10,1,True,2,3,True,2,3,digiface-2-10,False,,6.415,0.53,32840,d8fe2b451dff8a446fde3b9439f9399c41addc9d7de31d6bc5b73f0173cd8885,8074.37,8073.4,3655,exact-open-set-id-v2,1788112230770036224,127,127,2049,16464,85733ec80d2e0cf7db9ef71b584d55db8337c8f9bd787ad93528099d9eb3a56d,6.807,
8,primary_genuine,3,100,genuine,0,-310,3,100,1,True,3,4,True,3,4,digiface-3-100,False,,6.972,0.52,32840,0997faf333b9846334fa9a18d546c2b3f925a0a42ddf3caa9f19025ce2845eeb,8398.068,8396.6,3655,exact-open-set-id-v2,1788112230770036224,127,127,2049,16464,9a697e7bbd509eba3b654ceab04e057b18a4b2cefbf2ac5c901139c6030bdc33,5.548,
9,primary_genuine,4,1000,genuine,0,-290,4,1000,1,True,4,5,True,4,5,digiface-4-1000,False,,8.52,2.62,32840,37a4e8b211b234574144008c59525f78cd94e1acd6badce451a42ee96774c118,8920.17,8919.1,3655,exact-open-set-id-v2,1788112230770036224,127,127,2049,16464,27a62a51db4c34105e7f996dedbe7989175946e8bcea8177a673d2748082d255,5.839,
10,primary_genuine,5,1001,genuine,0,-374,5,1001,1,True,5,6,True,5,6,digiface-5-1001,False,,5.232,0.54,32840,bbc2f716efbcc8f0b8e66858acaf52ee8ca48a7b1fabf6566821a4747a130575,7505.307,7504.5,3655,exact-open-set-id-v2,1788112230770036224,127,127,2049,16464,b34f763e04d86b69f7e6766208ab9ac3e31a134914a97e12db0c1342e725cc2d,5.655,
11,primary_genuine,6,1002,genuine,0,-298,6,1002,1,True,6,7,True,6,7,digiface-6-1002,False,,5.916,0.51,32840,3a144a99d1b7cce807c9d6e6cc74ceffb2599a65874c4c47387a26635ebfc13b,7422.04,7421.2,3655,exact-open-set-id-v2,1788112230770036224,127,127,2049,16464,be20cf790976b33e58fde82cbf2d3d7440c6b6c022f7719e49bd5dd7adf6f4dd,7.939,
12,primary_genuine,7,1003,genuine,0,-234,7,1003,1,True,7,8,True,7,8,digiface-7-1003,False,,5.856,0.45,32840,87f2eed99fdef03993868792a082b378bbf4488b633e7eaa749efa5de423a513,7740.619,7736.4,3655,exact-open-set-id-v2,1788112230770036224,127,127,2049,16464,f9ccda18bfd18f30abde752e88589f1deadc19d3c563d89d48e8507b7a57d9f6,18.631,
13,primary_genuine,8,1004,genuine,0,-310,8,1004,1,True,8,9,True,8,9,digiface-8-1004,False,,17.577,0.64,32840,e483a78df9dcc9a2a4edc78d4c3a920966bd0357a58abd23976d6b1e70ca1c18,8494.339,8492.6,3655,exact-open-set-id-v2,1788112230770036224,127,127,2049,16464,6ebf7ac7b04c895b5a7cbcc6558beea7f118fe5227bb4ef4e62b0f1f445ea7f5,6.224,
14,primary_genuine,9,1005,genuine,0,-227,9,1005,1,True,9,10,True,9,10,digiface-9-1005,False,,5.679,0.49,32840,671049768e8701b24108e68e2cebdaa7725bc4db39410f02c85bc7abbabe2197,7911.261,7910.4,3655,exact-open-set-id-v2,1788112230770036224,127,127,2049,16464,10f213b728362e3b8c4930ca9acd4a1dfa9ad620113a8b38fe1b296fcb86327d,5.506,
15,primary_genuine,10,1006,genuine,0,-234,10,1006,1,True,10,11,True,10,11,digiface-10-1006,False,,5.527,0.45,32840,14d527589532bca7e7620e81178ab2e154fdae596a2361075ca207fb4e73d3e7,7406.421,7405.7,3655,exact-open-set-id-v2,1788112230770036224,127,127,2049,16464,764d5fd16c7f7e9b99757947d9d12d0659745fac10223a514a0d285715556fc3,6.369,
16,primary_genuine,11,1007,genuine,0,-282,11,1007,1,True,11,12,True,11,12,digiface-11-1007,False,,5.637,0.62,32840,7b45fc0a43bd34e7bc3e32da6088e2f64b79deb5ab5383fa9763ddcdcfb966ae,7542.277,7541.5,3655,exact-open-set-id-v2,1788112230770036224,127,127,2049,16464,2b0965c3eb3a337136b309dbbc889c166c0d082f076f22a370d9bb5321ce9e34,5.768,
17,primary_genuine,12,1008,genuine,0,-319,12,1008,1,True,12,13,True,12,13,digiface-12-1008,False,,5.424,0.44,32840,6128f5f74083818024de08d2217c12d55bf4fc3bb630a6f9c0b125f9b5a11650,8812.521,8811.8,3655,exact-open-set-id-v2,1788112230770036224,127,127,2049,16464,52ae31c31f06a5af46891eddda67bb169f5b53bcde396e1de39c3cd4830810d7,5.333,
18,primary_genuine,13,1009,genuine,0,-243,13,1009,1,True,13,14,True,13,14,digiface-13-1009,False,,5.831,0.53,32840,cfb8192c882358dd655109a50372a4c1d11d9d9dd902d698ae32b84df6e949fc,9720.061,9718.9,3655,exact-open-set-id-v2,1788112230770036224,127,127,2049,16464,5234d6f4fa39937d530a132170761a64b4a0349f1797e046f1496d00bae14639,7.165,
19,primary_genuine,14,101,genuine,0,-298,14,101,1,True,14,15,True,14,15,digiface-14-101,False,,6.738,0.48,32840,241101550ab9aa3b725fddb0a4e4104233def12dc66bfba5c7a2d3625a9b0485,10012.148,10010.7,3655,exact-open-set-id-v2,1788112230770036224,127,127,2049,16464,45037d4037cf44de0b613225e30871b8c23e519f1bdf325ba2ed109f8d6ac6fd,6.016,
20,primary_genuine,15,1010,genuine,0,-156,15,1010,1,True,15,16,True,15,16,digiface-15-1010,False,,5.839,0.47,32840,59e47298ad09ca7ca4e4ef593cca882be141121d54b29d808758e39b681d762c,9689.193,9688.2,3655,exact-open-set-id-v2,1788112230770036224,127,127,2049,16464,da2486621a0915a90d855c4f8a1b52ff1decf57fcfc89a8c77786d17cc8f5d20,7.431,
21,primary_genuine,16,1011,genuine,0,-408,16,1011,1,True,16,17,True,16,17,digiface-16-1011,False,,7.202,0.47,32840,59b6935e9f1d5fcba586907872a7f9ad9920e71322041846c5e586794ab47806,8569.137,8568.1,3655,exact-open-set-id-v2,1788112230770036224,127,127,2049,16464,4f26ca2c4a4615606a948bfccac97501d0c3a943930f296747d21515d09966ae,8.189,
22,primary_genuine,17,1012,genuine,0,-104,17,1012,2,True,17,18,True,17,18,digiface-17-1012,False,,6.293,0.56,32840,04a3d02427dee8bda24971e7e046c4e782347901565da76f77e2e78fc5acb226,7917.427,7916.6,3655,exact-open-set-id-v2,1788112230770036224,127,127,2049,16464,29fef388c9648f11398d99f965ca84467f0039df38a57d5390c284571b882884,6.218,
23,primary_genuine,18,1013,genuine,0,-304,18,1013,1,True,18,19,True,18,19,digiface-18-1013,False,,7.057,0.52,32840,08d188767719d23e2febc3bde94795ca8f3b24facc8b6e3cb20cb092f2dc1f46,7326.526,7325.5,3655,exact-open-set-id-v2,1788112230770036224,127,127,2049,16464,ecc153ed65f9c82a7ffc7f8497753b8dc659c2d88ba39c02beebfcef0c33acec,5.451,
24,primary_genuine,19,1014,genuine,0,-281,19,1014,1,True,19,20,True,19,20,digiface-19-1014,False,,5.633,0.44,32840,9437c20d61424a9e79256b39235f3c2ca2daf849dbeb7d47f94bb606ab1e76cc,7315.315,7314.5,3655,exact-open-set-id-v2,1788112230770036224,127,127,2049,16464,498a96924dc181b3acfebca4c974f34d3cc3755ffbc7261336317ad3ec4e2a41,5.462,
25,primary_genuine,20,1015,genuine,0,-356,20,1015,1,True,20,21,True,20,21,digiface-20-1015,False,,6.113,0.51,32840,afb10b7b2d41e59dc20f5022a1a17b8116c5b34f87b851d47c89e6aedf1f1ea8,8012.386,8011.0,3655,exact-open-set-id-v2,1788112230770036224,127,127,2049,16464,e016d39315f00bf30039b24523db97875fcf86cae12669b74b274ededd7bad75,5.776,
26,primary_genuine,21,1016,genuine,0,-342,21,1016,1,True,21,22,True,21,22,digiface-21-1016,False,,5.519,0.5,32840,7db4776ee7bd570a62e12aa3580f7e221c59afbd3470cc4f781971c0d7b9231a,8610.928,8608.3,3655,exact-open-set-id-v2,1788112230770036224,127,127,2049,16464,c0178a34f7fbb416d4c7eba892d1121078c522470d718247772addb483dc8084,6.344,
27,primary_genuine,22,1017,genuine,0,-99,22,1017,1,True,22,23,True,22,23,digiface-22-1017,False,,5.583,0.46,32840,22f4e02b913c65dec2edbe2d07f5fce50a9e67ab87d8152c38710142c47ec27d,7549.227,7548.2,3655,exact-open-set-id-v2,1788112230770036224,127,127,2049,16464,0177d019a04313e23a0c8652272de887da7d02638e327e5122400d7b4b3e31f4,6.338,
28,primary_genuine,23,1018,genuine,0,-246,23,1018,1,True,23,24,True,23,24,digiface-23-1018,False,,5.285,0.41,32840,b990be5b867b3367d8c403ca84012a2b10be31c3ba28c255b479bf1ace2b40f5,7182.504,7181.4,3655,exact-open-set-id-v2,1788112230770036224,127,127,2049,16464,3613f010b656855ad174681f96c7c50e392bc250d13b43edde48a3fe02731cf6,6.153,
29,primary_genuine,24,1019,genuine,0,-367,24,1019,1,True,24,25,True,24,25,digiface-24-1019,False,,7.487,0.59,32840,43d46fab687869a0f52ce61881cc5f3a6cce670e28ce2c4d965e17c0bccf75ec,7615.99,7615.2,3655,exact-open-set-id-v2,1788112230770036224,127,127,2049,16464,9e74121933631d32f031da9cb683d3167167fdaaac0612c96f8454191dc0a496,5.692,
30,primary_genuine,25,102,genuine,0,-321,25,102,1,True,25,26,True,25,26,digiface-25-102,False,,6.012,0.45,32840,bbf7a11a34a589982da384a21cff95e44eb01df631b4f695694f5b37b52fc765,8152.274,8149.4,3655,exact-open-set-id-v2,1788112230770036224,127,127,2049,16464,090c85ebc5782393dcce47ab0f2594962c9e0ea7b2e52d26870a8802355bdc3d,12.076,
31,primary_genuine,26,1020,genuine,0,-410,26,1020,1,True,26,27,True,26,27,digiface-26-1020,False,,8.94,0.49,32840,a75f17df8ead255756d2d93ae762c82649a8a2e3ac1b0d5494b78d093e156b69,9860.775,9859.4,3655,exact-open-set-id-v2,1788112230770036224,127,127,2049,16464,41123234312210ae0ecd7ef9dc5292972f1bce2647cd1cd5e3363ef92e12782e,6.198,
32,primary_genuine,27,1021,genuine,0,-264,27,1021,1,True,27,28,True,27,28,digiface-27-1021,False,,6.296,0.48,32840,3913f6e4c1b99b91ba5c84b0d15c990d2fdf7f6435d377a6b10a5ad8b068b903,11170.621,11169.2,3655,exact-open-set-id-v2,1788112230770036224,127,127,2049,16464,ca4a112e93d880aea052346ba0b6ebb56273acfe23a2d1793c200417619fa92a,8.911,
33,primary_genuine,28,1022,genuine,0,-320,28,1022,1,True,28,29,True,28,29,digiface-28-1022,False,,8.76,0.6,32840,6847041c877fbc9ca71556921ae30f090a22535631d2ebac3e257d78cbdc95b0,9430.186,9427.6,3655,exact-open-set-id-v2,1788112230770036224,127,127,2049,16464,c0fc8531b28da3ebfa2464b08c19c56cc9337f02d3008c2c0472db378fb232d1,6.291,
34,primary_genuine,29,1023,genuine,0,-303,29,1023,1,True,29,30,True,29,30,digiface-29-1023,False,,6.467,0.48,32840,1d9ee353946dd470f74043327c3776a80ba1e90ea47ab512e21cfa5105585b34,8972.54,8971.0,3655,exact-open-set-id-v2,1788112230770036224,127,127,2049,16464,56e7cd57f15d528f953372a064066a722d9cd9d79cbd274b709ceddf5db83195,6.699,
35,primary_genuine,30,1024,genuine,0,-178,30,1024,1,True,30,31,True,30,31,digiface-30-1024,False,,6.286,0.49,32840,fd80b58cce9ce826fba8224dd9193d301740293b0b6b1e6cb2b93f615e50fac2,7746.034,7745.1,3655,exact-open-set-id-v2,1788112230770036224,127,127,2049,16464,1769fa7d5afb8787d0d864d17a4b49877edfd1e83aecf5123cb2fae4ee25f017,6.412,
36,primary_genuine,31,1025,genuine,0,-159,31,1025,1,True,31,32,True,31,32,digiface-31-1025,False,,5.709,0.49,32840,f2265968febc9db3a2aab3d71269d7910a805b7c2af1641bc951f49cae42ba9f,8394.121,8393.0,3655,exact-open-set-id-v2,1788112230770036224,127,127,2049,16464,d8f90811b7ba8068f86797950fb04fd8e9b1dadfa1088f57be433d4f6387cc6b,5.13,
37,primary_genuine,32,1026,genuine,0,-263,32,1026,1,True,32,33,True,32,33,digiface-32-1026,False,,5.964,0.46,32840,c62e6cbe386df9b30a0718a9e97b67bd0eed2c63e9bf3c4bea105ccc50f1fdb6,7589.316,7588.1,3655,exact-open-set-id-v2,1788112230770036224,127,127,2049,16464,8c39c3361f65651423665683b370d4d4cb78ea5d5e01f5fddae1a44d61a47bf5,5.401,
38,primary_genuine,33,1027,genuine,0,-270,33,1027,1,True,33,34,True,33,34,digiface-33-1027,False,,5.561,0.43,32840,2a343cbe42e6b0287994e61a64ea819a11ee804113e5498a443ea19282dc8b2f,7572.654,7571.5,3655,exact-open-set-id-v2,1788112230770036224,127,127,2049,16464,722f8fcac8de9fb51d52c6ba84004b34dd1d5d2f36c6848d6029acb0e1d48661,5.136,
39,primary_genuine,34,1028,genuine,0,-337,34,1028,1,True,34,35,True,34,35,digiface-34-1028,False,,5.838,0.46,32840,0d4d157ffdda55ec0b25b8c2707e0c1f2bed14f87df099a050b15684f731c89e,7192.226,7191.1,3655,exact-open-set-id-v2,1788112230770036224,127,127,2049,16464,a6be908709422cd2d1ab61357c80e767aa07fe8f8a4a11129eff112d9975e55d,7.331,
40,primary_genuine,35,1029,genuine,0,-254,35,1029,1,True,35,36,True,35,36,digiface-35-1029,False,,6.719,0.46,32840,cbc2b956f0bc3db6002480f796b213cc596f988969ae5fd8972d93e135798da8,8050.364,8049.6,3655,exact-open-set-id-v2,1788112230770036224,127,127,2049,16464,f348b815629c996f040f9c86ae906301bc9236c567e2923e602fc0c3ace3705a,6.983,
41,primary_genuine,36,103,genuine,0,-340,36,103,1,True,36,37,True,36,37,digiface-36-103,False,,5.769,0.53,32840,1279a55cb5a3c3b70625f8ca6984076dfc6339f08d7d08f364828378eb7e0222,7123.619,7122.8,3655,exact-open-set-id-v2,1788112230770036224,127,127,2049,16464,bc2d4ace3ec711543065cb3dd02123835f08bcd1a14b72aebba6fb032d36d229,5.427,
42,primary_genuine,37,1030,genuine,0,-225,37,1030,1,True,37,38,True,37,38,digiface-37-1030,False,,5.365,0.44,32840,f0079e0ea86f7b60168275afc9855ee764443f1680e5e38d2989bb26ad3df565,8494.802,8493.7,3655,exact-open-set-id-v2,1788112230770036224,127,127,2049,16464,df1a0785a9864c86ef54b168d112bc10d1b62e7a4c2c154e2c1c924d60304729,9.841,
43,primary_genuine,38,1031,genuine,0,-261,38,1031,1,True,38,39,True,38,39,digiface-38-1031,False,,16.142,0.49,32840,ec521b3347f290f0a1b3ddc2e3071e89dd7a82410b9833b70992064a8cba7ce9,7640.033,7638.8,3655,exact-open-set-id-v2,1788112230770036224,127,127,2049,16464,4c2d4c1387aed5338f02d437409484a7c87538da0f387609446d90e89a78de22,5.66,
44,primary_genuine,39,1032,genuine,0,-434,39,1032,1,True,39,40,True,39,40,digiface-39-1032,False,,6.004,0.45,32840,9cd67589cdaa191f770952b0d11786f9b99113aa10669fa248d01b36318a26ec,8358.627,8357.5,3655,exact-open-set-id-v2,1788112230770036224,127,127,2049,16464,00d390589a48336ba36104fb7b64491c276f7c40e02ffd25615a5fdeebacd884,6.436,
45,primary_genuine,40,1033,genuine,0,-291,40,1033,1,True,40,41,True,40,41,digiface-40-1033,False,,5.588,0.51,32840,456b6efa9941bd541e56a0c154fc26f75e1aa0d44c784e11da6b9f00e7c62dff,8959.384,8956.7,3655,exact-open-set-id-v2,1788112230770036224,127,127,2049,16464,aa0cb14a1ac7003ee501898f2e3848121a4ce1c53eccc0a19e4cd1534ae1c208,20.207,
46,primary_genuine,41,1034,genuine,0,-256,41,1034,1,True,41,42,True,41,42,digiface-41-1034,False,,11.758,1.48,32840,d7f9f5fe1f308551f98870e21a214f77d800cbdb53fa470732096176c43d286a,9101.615,9100.1,3655,exact-open-set-id-v2,1788112230770036224,127,127,2049,16464,f8b0d979e07e4444381b2167ec35bb9ac0935acfb8137f84e0d28f2cc94af1dc,15.916,
47,primary_genuine,42,1035,genuine,0,-390,42,1035,1,True,42,43,True,42,43,digiface-42-1035,False,,13.771,0.81,32840,06fe6a8380c5ae4dc2ac00ab94250e6054cb054e0cd4cb90094a8cd51e456ede,9271.256,9269.9,3655,exact-open-set-id-v2,1788112230770036224,127,127,2049,16464,485732ee721a7c913ce07def95e81e2d6a65209709e5690aa47793a6f0d24e79,6.5,
48,primary_genuine,43,1036,genuine,0,-271,43,1036,1,True,43,44,True,43,44,digiface-43-1036,False,,6.4,0.63,32840,33b94990d1b15f8237e41188649b65fac4fa4ed4ac28d4623eea1c819cf7ebe5,9899.127,9898.0,3655,exact-open-set-id-v2,1788112230770036224,127,127,2049,16464,abbe4c4b56a54622ac1a367a6322a7f85bde6cc6c93ccfbaf291222445800cfe,6.839,
49,primary_genuine,44,1037,genuine,0,-241,44,1037,1,True,44,45,True,44,45,digiface-44-1037,False,,6.516,0.49,32840,f580b677a422376d1746b88da23f9852c044fa24fabbebc986e379201e4fba9b,10261.178,10260.1,3655,exact-open-set-id-v2,1788112230770036224,127,127,2049,16464,466cf95772fc9b248cb5ff779ac495f1c3d931c3bb9318b8c00baccecdacb09b,6.541,
50,primary_genuine,45,1038,genuine,0,-291,45,1038,1,True,45,46,True,45,46,digiface-45-1038,False,,6.005,0.49,32840,33908dc89f96d2c390311583b6cc869c15045f49d44d43bec0635ce8e5a3804a,10597.703,10596.7,3655,exact-open-set-id-v2,1788112230770036224,127,127,2049,16464,a082b808ac98ca132112f995268dd501b212fdc55927da1ccb1dbcdfb6015b84,6.455,
51,primary_genuine,46,1039,genuine,0,-320,46,1039,1,True,46,47,True,46,47,digiface-46-1039,False,,7.793,0.64,32840,9284cf2853400f9d81f86035fb3d633bdca6db940d4d831b290ecca3bddeced0,8835.054,8833.5,3655,exact-open-set-id-v2,1788112230770036224,127,127,2049,16464,90d9b21f3125c6b1da194842e5c7fc1e755777181e5df532475e43205fc0e0af,6.155,
52,primary_genuine,47,104,genuine,0,-320,47,104,1,True,47,48,True,47,48,digiface-47-104,False,,6.919,0.43,32840,f04abccc2d23e557167e7feb6afc5050c7afa3a1d96ae3c833c8da56fdfddef7,8931.618,8930.7,3655,exact-open-set-id-v2,1788112230770036224,127,127,2049,16464,975af1c47ffdb4f8b083adfc25799bcf87c0244c8780f0701a6fedc76628d3fa,6.062,
53,primary_genuine,48,1040,genuine,0,-166,48,1040,1,True,48,49,True,48,49,digiface-48-1040,False,,8.4,1.16,32840,6736174faae8f0cbdeafed9378dfcd14542f9869e895deddbd7d5c9584831268,8556.101,8555.2,3655,exact-open-set-id-v2,1788112230770036224,127,127,2049,16464,ac1feb578115cdb45a7f8b3bf83995ea5783213b0f7bc696aa103a3732af003c,5.258,
54,primary_genuine,49,1041,genuine,0,-14,49,1041,1,True,49,50,True,49,50,digiface-49-1041,False,,6.099,0.46,32840,0584a2fd975e5a1323b98502f93b3523280eba4d2c8a6a82e74ce29359a15165,9368.253,9366.9,3655,exact-open-set-id-v2,1788112230770036224,127,127,2049,16464,d9b3ef894da374604d0cf25c0696048b2e9292992fa91e6d17fa29a7ef63c3c5,6.057,
55,primary_genuine,50,1042,genuine,0,-372,50,1042,1,True,50,51,True,50,51,digiface-50-1042,False,,5.909,0.44,32840,0c79aeb62e310823da7379f3944e73ec4f10ea579da94af6196e70a56e2226d0,7964.733,7963.8,3655,exact-open-set-id-v2,1788112230770036224,127,127,2049,16464,73c3d7de24b585de11fcea7e254aa18e94e0c4ab63f1534223f3df33fb4c3180,5.702,
56,primary_genuine,51,1043,genuine,0,-369,51,1043,1,True,51,52,True,51,52,digiface-51-1043,False,,5.988,0.44,32840,0c5c1b8edb96685526d264d75e72ccc48024d03c44c582da20525d439472570b,7368.712,7367.7,3655,exact-open-set-id-v2,1788112230770036224,127,127,2049,16464,e9dcd56926d7532a4cdc4fc490a66947f67d1884cce6f6d644bca91604635907,5.472,
57,primary_genuine,52,1044,genuine,0,-301,52,1044,1,True,52,53,True,52,53,digiface-52-1044,False,,6.228,0.86,32840,5f1f6e329fc708bddfa594d85ed88cf049aa0ccc930e50a67416c56d8538c086,7916.96,7915.8,3655,exact-open-set-id-v2,1788112230770036224,127,127,2049,16464,6e2359a672a6ccaa2cd0379aa87416fd7fdb916f6b6bb8002d85e8b538022e3f,5.914,
58,primary_genuine,53,1045,genuine,0,-305,53,1045,1,True,53,54,True,53,54,digiface-53-1045,False,,5.959,0.45,32840,6b9b0e23da02df91becd6e4954c13064bb37242a1b6045b64ca564de1c931dc3,10327.003,10325.9,3655,exact-open-set-id-v2,1788112230770036224,127,127,2049,16464,78ec1120a34d323079360425ce7f385ee77d0fd20be9e11942c6735b7aaf9df6,11.842,
59,primary_genuine,54,1046,genuine,0,-376,54,1046,1,True,54,55,True,54,55,digiface-54-1046,False,,18.214,4.59,32840,d4868a7691d2be809d991648febefbb69316efd33fb869c482d84c87b7097cd4,8561.05,8558.5,3655,exact-open-set-id-v2,1788112230770036224,127,127,2049,16464,bea42e2f6fb713bb876cbf2baaaf3c32b71dabc53c7f6db474918874787b70a7,5.909,
60,primary_genuine,55,1047,genuine,0,-374,55,1047,1,True,55,56,True,55,56,digiface-55-1047,False,,6.815,0.54,32840,68a27c03c4fb1853a3ee113a67c1101800d9fc1017198a8cc0029f02c565ad4a,8986.066,8984.7,3655,exact-open-set-id-v2,1788112230770036224,127,127,2049,16464,02eb5d76ae7d5ecd0ca7d119b361137507a07780b79dcb2fd9347aa5812e8ae0,6.335,
61,primary_genuine,56,1048,genuine,0,-373,56,1048,1,True,56,57,True,56,57,digiface-56-1048,False,,7.262,0.47,32840,028ddb241de55e04a6a49b29e36f572fba7a63685fb02bd94a05b8fb17bf48f4,8114.77,8113.9,3655,exact-open-set-id-v2,1788112230770036224,127,127,2049,16464,1833f7a782e85950489c791a014caebc79aeee1ed8108c3f0f18799c5ed54459,5.921,
62,primary_genuine,57,1049,genuine,0,-46,57,1049,1,True,57,58,True,57,58,digiface-57-1049,False,,7.515,0.62,32840,aaf7608b8b1d10d5065bcdb4415484cf937af8ee4c833abf9854a45c18b11b31,8088.396,8087.5,3655,exact-open-set-id-v2,1788112230770036224,127,127,2049,16464,98d946ce72646f89ea849f6af8f2474ed2e361bfc16ea886378b322a1150e2c7,6.383,
63,primary_genuine,58,105,genuine,0,-359,58,105,1,True,58,59,True,58,59,digiface-58-105,False,,6.14,0.44,32840,9282b9189493a19d10ab2ea47893e18680797f83696ffaca9565947c89823074,7643.636,7642.4,3655,exact-open-set-id-v2,1788112230770036224,127,127,2049,16464,42ecebc96899ba01fc6f5fac617a3d54a6bbf0ef570de31c76cfda83aad5aeb4,17.504,
64,primary_genuine,59,1050,genuine,0,-299,59,1050,1,True,59,60,True,59,60,digiface-59-1050,False,,10.66,0.98,32840,cbc3b8b2f5c24329bac8fd7f5c59aac963544e1b6962127bed39d107d18b3241,8014.77,8013.6,3655,exact-open-set-id-v2,1788112230770036224,127,127,2049,16464,559e106246323d4e5ee1c32d923fc68e53219f4e32d62796f5d6c94a2b3092dc,8.124,
65,primary_genuine,60,1051,genuine,0,-372,60,1051,1,True,60,61,True,60,61,digiface-60-1051,False,,5.23,0.44,32840,64858e452baeac28345349642d7af65ebc40c45967e2f7ca35f2c538fac07478,7992.446,7991.7,3655,exact-open-set-id-v2,1788112230770036224,127,127,2049,16464,55c5edec21a84666f10c767a6a3a8bbfe79c36871be1406a6c9fd778d6e0b082,6.164,
66,primary_genuine,61,1052,genuine,0,-348,61,1052,1,True,61,62,True,61,62,digiface-61-1052,False,,5.756,0.4,32840,eabe8a08534e9d3dae4527c5cbb209c37e4258d0f8cc1914014d147339c2ec8f,7676.37,7675.5,3655,exact-open-set-id-v2,1788112230770036224,127,127,2049,16464,5709fb236fcc5cf465bef9481dcd33790049ab4c0963159dc714ad9f672b9be4,5.625,
67,primary_genuine,62,1053,genuine,0,-392,62,1053,1,True,62,63,True,62,63,digiface-62-1053,False,,6.233,0.52,32840,5ed899786ec46cb4e6be8c3c7bba12d5b24fad003a3d38dffb8a6b0b00af575b,7539.148,7538.3,3655,exact-open-set-id-v2,1788112230770036224,127,127,2049,16464,950ba9f5bc02fec7db3c853489551fc35eab022862b2aa9df39f829b33b38107,6.254,
68,primary_genuine,63,1054,genuine,0,-281,63,1054,1,True,63,64,True,63,64,digiface-63-1054,False,,7.558,0.61,32840,cc161f79ee16390482445042e28ce31d7fc635b95e4b19e1b9fa97c3b58903bc,7487.149,7486.2,3655,exact-open-set-id-v2,1788112230770036224,127,127,2049,16464,42bf4516c01bdf13cf2dc091ec90269f464e0f70d1905cec043c0bcb132bca40,6.105,
69,primary_genuine,64,1055,genuine,0,-349,64,1055,1,True,64,65,True,64,65,digiface-64-1055,False,,5.146,0.51,32840,06be62e2c7ac8dbcd7402be09784320cc1317972c64f1a270934d0531fbe2081,6841.733,6841.0,3655,exact-open-set-id-v2,1788112230770036224,127,127,2049,16464,5a26034f6ed8086ea1c7b5d6c5a46185c695b43377f7b8c26d068de0686d1a77,8.161,
70,primary_genuine,65,1056,genuine,0,-181,65,1056,1,True,65,66,True,65,66,digiface-65-1056,False,,6.071,0.57,32840,54cb9e03ceb36c598d3a80ac8081c742ad5ac6f3086f9d93acaa5b7612233b48,7251.672,7250.5,3655,exact-open-set-id-v2,1788112230770036224,127,127,2049,16464,d7a07286512a261e2d09452e2d923694e1ec24d0874fce72982750f8f9202489,5.569,
71,primary_genuine,66,1057,genuine,0,-331,66,1057,1,True,66,67,True,66,67,digiface-66-1057,False,,5.744,0.52,32840,38ec300ce7887733eab88fe1450b9720f9ee04b607585d376d4beae019ae55d8,7136.084,7135.4,3655,exact-open-set-id-v2,1788112230770036224,127,127,2049,16464,da9b2c0d2d7e98cdfb81f347bca13a625eafb3ef231e1345a2548c478ef88379,6.216,
72,primary_genuine,67,1058,genuine,0,-233,67,1058,1,True,67,68,True,67,68,digiface-67-1058,False,,5.647,0.48,32840,8f4ce2b9dd5dacb41c994e11d42ce7611941babb44aabde5dd57449e403b1a44,6757.779,6757.0,3655,exact-open-set-id-v2,1788112230770036224,127,127,2049,16464,7a60d1dcc8032f453e2738f35b2b84f9eb671d8c5da73b440d0a92ac2100d4ae,10.501,
73,primary_genuine,68,1059,genuine,0,-341,68,1059,1,True,68,69,True,68,69,digiface-68-1059,False,,6.935,0.55,32840,3489ed6a292d5b0a9d00c7c725745e0db1b1c78c5dede22a5bc964796b8190ae,7444.514,7443.7,3655,exact-open-set-id-v2,1788112230770036224,127,127,2049,16464,640dbbe685592dd3788f5e2b83d78c1d67b10c5301b9ba56f14369885512cc4f,5.782,
74,primary_genuine,69,106,genuine,0,-126,69,106,1,True,69,70,True,69,70,digiface-69-106,False,,5.989,0.46,32840,733a930689bcdd876b5f6fbed36721dd728f45d1c6ae0d704937ad019f4262b3,7186.549,7185.8,3655,exact-open-set-id-v2,1788112230770036224,127,127,2049,16464,f63b0d351e2b449a6dac2ecb6dde56b190ed308859dc191fa986ab3bc35fbfb8,14.374,
75,primary_genuine,70,1060,genuine,0,-384,70,1060,1,True,70,71,True,70,71,digiface-70-1060,False,,10.423,0.54,32840,2a78c3a743940f3eddfe52f6f421808a1230780d7678b8cbf702f3b5fb08df58,7390.602,7389.8,3655,exact-open-set-id-v2,1788112230770036224,127,127,2049,16464,917a362e6a01747ce4ca066cc356026cd4bd38d47aeac3ca90fc2e4ac2dec020,5.194,
76,primary_genuine,71,1061,genuine,0,-294,71,1061,1,True,71,72,True,71,72,digiface-71-1061,False,,5.929,0.49,32840,bee574849289391ebb49f7c5c372848fb7954a29b42f85dbf3b399dc742d49f3,6909.479,6908.6,3655,exact-open-set-id-v2,1788112230770036224,127,127,2049,16464,7769bd05eac012650fcfcb6d8377fc2aaf2af5523e99a022f542898e7a3ef54e,5.761,
77,primary_genuine,72,1062,genuine,0,-242,72,1062,1,True,72,73,True,72,73,digiface-72-1062,False,,6.027,0.48,32840,44fd825404b530a2833803bac2fe8124a00e6f9765dcc4e1b123148d54deb4b0,7303.153,7302.4,3655,exact-open-set-id-v2,1788112230770036224,127,127,2049,16464,62ace8dbae69ac8ef89f702254a5f18707387d12d54c235676b66581b3c12f2e,5.645,
78,primary_genuine,73,1063,genuine,0,-223,73,1063,1,True,73,74,True,73,74,digiface-73-1063,False,,5.867,0.47,32840,92b393b8d8a4f90b18f4276779c6d146dc295faeb4427c659f25329349f4d37a,7204.009,7203.1,3655,exact-open-set-id-v2,1788112230770036224,127,127,2049,16464,a1833ca2be76b1c9465d6324120336fa74090bdeefcceae1fb85e80553ea6d4e,5.969,
79,primary_genuine,74,1064,genuine,0,-339,74,1064,1,True,74,75,True,74,75,digiface-74-1064,False,,5.615,0.47,32840,45449be33340878bf8af1b439f514f8c4c832d5f84675ebabe31dc7f7eff47ea,8852.919,8852.1,3655,exact-open-set-id-v2,1788112230770036224,127,127,2049,16464,9a6b300848e86559521239418e9a479b8aa099a115683936e1406e0eca5fa018,9.174,
80,primary_genuine,75,1065,genuine,0,-89,75,1065,1,True,75,76,True,75,76,digiface-75-1065,False,,10.71,0.49,32840,84e70ca8731bd5b1fcd1cf306b00c4e7b0390d3611da5b3aaaf6c59eedd4f3a6,7739.428,7738.5,3655,exact-open-set-id-v2,1788112230770036224,127,127,2049,16464,80c38bb582b760b2b4d8a0d8c54c1961480ca3e3094c625c3dd1323f7afb4d0a,6.24,
81,primary_genuine,76,1066,genuine,0,-311,76,1066,1,True,76,77,True,76,77,digiface-76-1066,False,,7.634,0.47,32840,1b6c045a421667184729fcd66d643107674a627ef57b5a8dd9062d32d3b35be0,9191.047,9190.2,3655,exact-open-set-id-v2,1788112230770036224,127,127,2049,16464,c588c1322b22bd6cd8a7609ab4a23c54da6578c32cdde59b014a62a3c680f989,5.723,
82,primary_genuine,77,1067,genuine,0,-206,77,1067,1,True,77,78,True,77,78,digiface-77-1067,False,,7.829,0.47,32840,e809d8641d18b49c6fb4b520c0f6c64da90c1252aa4427f458ba4297a0dee08d,7276.514,7267.2,3655,exact-open-set-id-v2,1788112230770036224,127,127,2049,16464,80104f2fee799817a750b33e23baaf3326e8c4fa37b73d0ebe07650b36466886,19.687,
83,primary_genuine,78,1068,genuine,0,-259,78,1068,1,True,78,79,True,78,79,digiface-78-1068,False,,14.579,0.6,32840,00c1e4c58240f252a87405081e380bcb60421149915ffda2f5a4baf3005a6fad,7934.441,7933.4,3655,exact-open-set-id-v2,1788112230770036224,127,127,2049,16464,0771fa15df4bd751871156e18d2715fbda3eaf4a959d226de8a9b053df56cf44,12.176,
84,primary_genuine,79,1069,genuine,0,-298,79,1069,1,True,79,80,True,79,80,digiface-79-1069,False,,7.169,0.5,32840,e4c65d0e8d88abe43baddf4e59b0f828c6ca2063de5bda431d7ac51cf5bbf3e8,8548.221,8547.4,3655,exact-open-set-id-v2,1788112230770036224,127,127,2049,16464,ff91e3a65022550b326cd674300ee6649df30221688fe177060e0ed6b8599281,5.95,
85,primary_genuine,80,107,genuine,0,-428,80,107,1,True,80,81,True,80,81,digiface-80-107,False,,6.766,0.48,32840,3c342d359abc688214f52f2edb034fd17d1fc993856aac52ce2f3d38fca85ecd,8278.583,8277.7,3655,exact-open-set-id-v2,1788112230770036224,127,127,2049,16464,405ff3203380f91fd48e7d1016fc57e6fb152b32958322659dbb5d7fbf1cdaa5,6.578,
86,primary_genuine,81,1070,genuine,0,-357,81,1070,1,True,81,82,True,81,82,digiface-81-1070,False,,7.453,0.46,32840,b77e3fee01f55b28dbca3c677f9bdc32df2bf565951f7ab0c9bf2566555899fc,7574.905,7574.1,3655,exact-open-set-id-v2,1788112230770036224,127,127,2049,16464,74b62915024043e27d4915163b147b6172687b87b3ca03e582517cbab81c2aa4,7.949,
87,primary_genuine,82,1071,genuine,0,-291,82,1071,1,True,82,83,True,82,83,digiface-82-1071,False,,7.218,0.51,32840,395c5a9d136bc5863f44fc06ed235a69019efed80c2b1722d2ad91c32a7e78d1,8503.348,8502.2,3655,exact-open-set-id-v2,1788112230770036224,127,127,2049,16464,9abf88aa250d6e5be3554f36bcc8bed9bb767fe03c50cd4d12037f69fd8c857b,5.683,
88,primary_genuine,83,1072,genuine,0,-239,83,1072,1,True,83,84,True,83,84,digiface-83-1072,False,,5.914,0.52,32840,be0575d56f904f9ce45edfa42a20cc44c69d48d251d3373c4dd1f7e66b8d2542,8692.285,8690.8,3655,exact-open-set-id-v2,1788112230770036224,127,127,2049,16464,7328c1f3ba50a8d9570c5cd544dea66de807d7ac7abd263ac9133d246a7c3541,7.631,
89,primary_genuine,84,1073,genuine,0,-356,84,1073,1,True,84,85,True,84,85,digiface-84-1073,False,,8.928,0.59,32840,2955dfe99c86e6ceff067a9cb2d78d84cf29e1d3200c268afeeaeab6975943c3,8850.709,8849.2,3655,exact-open-set-id-v2,1788112230770036224,127,127,2049,16464,98ed14686a30afa083d7a8fc9647c7b7e1a8c0050b0785d044352d6befd25a50,7.007,
90,primary_genuine,85,1074,genuine,0,-228,85,1074,1,True,85,86,True,85,86,digiface-85-1074,False,,7.67,0.57,32840,5785c3505e72e094f04e3d697801a1320abae728330ad7a8e0d3ca6d36b83063,9096.482,9088.7,3655,exact-open-set-id-v2,1788112230770036224,127,127,2049,16464,a58162d62c3001cd9ff1514b45dec4e37fec0821c2fdf5abe4f9f3a04f9e5485,32.674,
91,primary_genuine,86,1075,genuine,0,-251,86,1075,1,True,86,87,True,86,87,digiface-86-1075,False,,17.74,1.0,32840,7c4e76e07a5473bfbeb17539253d3cec50830141ef1bed5c2d66dfc5697f5865,9907.097,9903.5,3655,exact-open-set-id-v2,1788112230770036224,127,127,2049,16464,aa7974cacee753d996007915b137fa379ee43e16eebbc7784792f2a0564bfcc6,7.175,
92,primary_genuine,87,1076,genuine,0,-269,87,1076,1,True,87,88,True,87,88,digiface-87-1076,False,,8.164,0.65,32840,2c638c11cffbbd8761ac1215bb71daba4d49a720ba0543b17689a86f8091f0a4,8997.01,8995.1,3655,exact-open-set-id-v2,1788112230770036224,127,127,2049,16464,94c47d0bf3a76df1f477590fe3501f791d248bac03ae91a61bd8a7a4ba180544,7.455,
93,primary_genuine,88,1077,genuine,0,-391,88,1077,1,True,88,89,True,88,89,digiface-88-1077,False,,6.714,0.48,32840,e97acb6231853115d6e4857cbfb70da7acaaed7ede39eac856a249f0e14ddbe7,7981.198,7979.8,3655,exact-open-set-id-v2,1788112230770036224,127,127,2049,16464,c7d9bafd2e8eea3ffaf3892aeb92dcf0ade5af8819388df16b43260592c91aaa,7.33,
94,primary_genuine,89,1078,genuine,0,-257,89,1078,1,True,89,90,True,89,90,digiface-89-1078,False,,6.789,0.46,32840,c0d26436a8327cf89ced9fbdfe491e68fc99992a7d500b960678922910659dff,7464.962,7463.7,3655,exact-open-set-id-v2,1788112230770036224,127,127,2049,16464,74318f7bdf24e13a0b4cd7a4c1d582c96e051557c89ec4ed89364c094b059895,5.798,
95,primary_genuine,90,1079,genuine,0,-266,90,1079,1,True,90,91,True,90,91,digiface-90-1079,False,,5.692,0.46,32840,87e09c289cf160a5932605a6fe4dfd178752c38e75640a769596015e82f56f1c,8197.99,8196.9,3655,exact-open-set-id-v2,1788112230770036224,127,127,2049,16464,82a66312bde7cb09127aa9b7ca7733ea679aae37e898cdd3400fe04697ca1be5,7.271,
96,primary_genuine,91,108,genuine,0,-329,91,108,1,True,91,92,True,91,92,digiface-91-108,False,,6.5,0.46,32840,709b2cd72be52e8a9b755b8465e2a3b9b817e467fb87c11c04ea5456dc955be8,7532.286,7531.5,3655,exact-open-set-id-v2,1788112230770036224,127,127,2049,16464,ccddc830ded8881e7cf888983fb78bb7b7614c0064f3761760e084f9bee0c2ff,5.676,
97,primary_genuine,92,1080,genuine,0,-306,92,1080,1,True,92,93,True,92,93,digiface-92-1080,False,,5.776,0.45,32840,5e441042f945a65256d2232b6590cd9c8869bdd8c811967ce07903a024e6378e,7583.628,7582.8,3655,exact-open-set-id-v2,1788112230770036224,127,127,2049,16464,4d32f8cf6bc048cbdd085be6c9f75fd3f765b2e58d3a3f296abfba3f5277f23b,7.465,
98,primary_genuine,93,1081,genuine,0,-316,93,1081,1,True,93,94,True,93,94,digiface-93-1081,False,,7.66,0.5,32840,6e4264120a92bf578cc22401799e59dc59260cae146d9bbda12a30a97d59bcec,7355.998,7354.6,3655,exact-open-set-id-v2,1788112230770036224,127,127,2049,16464,b455a93b7ce846ce598a7d84e1daaab651f76984f86b20ed6de104f515cbe422,5.533,
99,primary_genuine,94,1082,genuine,0,-116,94,1082,1,True,94,95,True,94,95,digiface-94-1082,False,,6.57,0.55,32840,11fdd0b885c8c8791863026c21fe31e303ab98e43d8f58b45f76bfc1595691d2,7863.019,7862.2,3655,exact-open-set-id-v2,1788112230770036224,127,127,2049,16464,ee6484f2c49ade495c895b788a0b061a02822957f8d3fa2d62001d71b5f7e5d5,5.989,
100,primary_genuine,95,1083,genuine,0,-367,95,1083,1,True,95,96,True,95,96,digiface-95-1083,False,,10.797,0.73,32840,b310ba20eff698b4c80728db4cc23edccd0ae549e9e2f0d5a414d61eeb46c72f,7408.829,7408.0,3655,exact-open-set-id-v2,1788112230770036224,127,127,2049,16464,8ca0ac231b98571eeb29c822a51963cd4b8f26ca6a0587f429668a117252ef7c,8.316,
101,primary_genuine,96,1084,genuine,0,-377,96,1084,1,True,96,97,True,96,97,digiface-96-1084,False,,5.241,0.52,32840,1741a1f4e34d9ad1eff553eebe0bda61e9827af389adcdcf8e53ff65b53d202b,6778.116,6777.4,3655,exact-open-set-id-v2,1788112230770036224,127,127,2049,16464,784f66d817aea5d6465128b63a72fe552b97bba543d112d8bbcdf6f7fbd76c85,6.056,
102,primary_genuine,97,1085,genuine,0,-322,97,1085,1,True,97,98,True,97,98,digiface-97-1085,False,,6.223,0.6,32840,0a68d63d1b6ca07e917182b7fbd6acaa27b629eaba147d9667bd2da50be6fcad,6797.097,6796.4,3655,exact-open-set-id-v2,1788112230770036224,127,127,2049,16464,16734d3393e45377cef90d74ec1d47e2061aacd34e35af2f6d6e45bb975a78d5,5.609,
103,primary_genuine,98,1086,genuine,0,-275,98,1086,1,True,98,99,True,98,99,digiface-98-1086,False,,4.795,0.45,32840,161607e54e867e3bbb697481d55f179d5cfb47e2536929c34cc6e25a711fdb60,7331.563,7330.7,3655,exact-open-set-id-v2,1788112230770036224,127,127,2049,16464,c9433fe3641e8288abf9c04e248464e7cfb75968264ad7c081133b75c37d05a6,7.064,
104,primary_genuine,99,1087,genuine,0,-450,99,1087,1,True,99,100,True,99,100,digiface-99-1087,False,,8.502,0.46,32840,71cb4643fa457375a0a12b592e2a612afaece645d4f2226aebd47069ce754940,7352.44,7351.7,3655,exact-open-set-id-v2,1788112230770036224,127,127,2049,16464,609220ab2d065b8670ac46eec8b4448d49b8c691add6c527923f2fd90932211d,6.044,
105,primary_genuine,100,1088,genuine,0,-328,100,1088,1,True,100,101,True,100,101,digiface-100-1088,False,,5.423,0.43,32840,f0e2ce46fc6932d47afe8d4a86928f875997aa121a5c86f49bc9e4a409b8c6db,6623.616,6623.0,3655,exact-open-set-id-v2,1788112230770036224,127,127,2049,16464,ce285576da68ddb5fe340616377ba5bda7c2ed92de32a6afe37e7ef6c63ffb50,5.279,
106,primary_genuine,101,1089,genuine,0,-388,101,1089,1,True,101,102,True,101,102,digiface-101-1089,False,,5.317,0.5,32840,0221cc8ee2141cf5259a9c80d4c80ab1b6391ee39a510949422dafe4e66f9be1,6365.992,6365.3,3655,exact-open-set-id-v2,1788112230770036224,127,127,2049,16464,dd1af3382ed9eb312d688e0ded437ad25b9f38ecf5e66acab045f23597852647,5.212,
107,primary_genuine,102,109,genuine,0,-348,102,109,1,True,102,103,True,102,103,digiface-102-109,False,,5.499,0.45,32840,6c5d9e16469ba0f577503001e4bd965fc3e1cf7d9508003072ccc3d704ea521b,6633.222,6632.5,3655,exact-open-set-id-v2,1788112230770036224,127,127,2049,16464,20718ee3aeec5c0cb1c8e25b7001580d400e0a07602189fb795f982e1a502b02,5.689,
108,primary_genuine,103,1090,genuine,0,-114,103,1090,1,True,103,104,True,103,104,digiface-103-1090,False,,6.39,0.49,32840,8fb55700b723ef674956d7ded438ec5cf85a8743b9eef20288d66d503dc6d8d1,7449.806,7448.5,3655,exact-open-set-id-v2,1788112230770036224,127,127,2049,16464,b159535cefccd2d8deb113544e6f7b9efae5d2f9e415ca61d3d1d63bbb602e4f,5.214,
109,primary_genuine,104,1091,genuine,0,-334,104,1091,1,True,104,105,True,104,105,digiface-104-1091,False,,5.378,0.51,32840,4da4559654cfc73c054e5e266fce7f1be3a3858cd712d9ec19e4c393ce433a4c,7078.858,7070.0,3655,exact-open-set-id-v2,1788112230770036224,127,127,2049,16464,3051b865ecd19fc481d6b90a001bb717e30c5179a95181c43105349ad21ae58a,16.557,
110,primary_genuine,105,1092,genuine,0,-354,105,1092,1,True,105,106,True,105,106,digiface-105-1092,False,,8.335,0.58,32840,92ec76ff9c1bc7142a0fa9f27ba56b301269546bf095d229d109757485f4d5d1,6605.965,6605.1,3655,exact-open-set-id-v2,1788112230770036224,127,127,2049,16464,00874efaa6f3670d85010142e3511c2adafeee9ce024a1b3fe362077f4f88363,5.887,
111,primary_genuine,106,1093,genuine,0,-229,106,1093,1,True,106,107,True,106,107,digiface-106-1093,False,,5.797,0.46,32840,d7a2bb7fe223cd32a42fc7ce24f4ab6a3a3a8af7226beb68802fb2cc8535be23,7457.15,7456.4,3655,exact-open-set-id-v2,1788112230770036224,127,127,2049,16464,cb9b7573f6df6921c3fcb7ebc46fc78e6ec0fcf3ee483fff9abb943108e41ce1,5.988,
112,primary_genuine,107,1094,genuine,0,-341,107,1094,1,True,107,108,True,107,108,digiface-107-1094,False,,6.422,0.5,32840,bf7d48ceed7447c37adff3beb48f4389bdbe83cf4a8d4bc46012209880fca731,6958.762,6958.0,3655,exact-open-set-id-v2,1788112230770036224,127,127,2049,16464,16b59e199a9229f5543f478e12468c3e97ea91ba48370f9dc1192a24fec2cbc0,5.426,
113,primary_genuine,108,1095,genuine,0,-217,108,1095,1,True,108,109,True,108,109,digiface-108-1095,False,,6.457,0.45,32840,77e14db4a15d5f9444420649ad03c0804b40d9ae713b446e0d3030d40b56dd6b,6891.571,6891.0,3655,exact-open-set-id-v2,1788112230770036224,127,127,2049,16464,36b4313573ffd84db0351014e3776f635143e5d0f8dc1731eac5a041288e6ed0,5.717,
114,primary_genuine,109,1096,genuine,0,-362,109,1096,1,True,109,110,True,109,110,digiface-109-1096,False,,6.017,0.49,32840,4d2737841c38dcc684fa9b183b9abd00aea4316e86cc0bd7f3980c59cfa4a261,6858.019,6857.2,3655,exact-open-set-id-v2,1788112230770036224,127,127,2049,16464,9146bd2d17d57a39df000b7a736c2ee1420222cec31491a728fb2528613a4c7e,5.656,
115,primary_genuine,110,1097,genuine,0,-340,110,1097,1,True,110,111,True,110,111,digiface-110-1097,False,,5.642,0.47,32840,1ed5e1de27dcc45616238f2ddb956c57efc98727bee8384ce253b0600b91005f,7702.302,7701.3,3655,exact-open-set-id-v2,1788112230770036224,127,127,2049,16464,531a859ce60a0510f5517e88bbb77aa42897a7e24a82cbce3d449df1344afec8,7.212,
116,primary_genuine,111,1098,genuine,0,-209,111,1098,1,True,111,112,True,111,112,digiface-111-1098,False,,6.168,0.46,32840,cecbb19517854f4252ca968581e466f3c23ea987cc2042cd919c1648db7991ab,7311.118,7310.4,3655,exact-open-set-id-v2,1788112230770036224,127,127,2049,16464,e768d07eef53fed089754b081afdedfa65e434d3fe785701609b9492ab2ba664,6.551,
117,primary_genuine,112,1099,genuine,0,-315,112,1099,1,True,112,113,True,112,113,digiface-112-1099,False,,6.778,0.47,32840,9d0136746462fdc220a3a6ce4a237da128d8ada602a3cf96fdfd3f662717d766,7779.579,7778.0,3655,exact-open-set-id-v2,1788112230770036224,127,127,2049,16464,30ec72452f87af40d39eb785379254804466953fc632dcdc89a4ec4c90ce5e30,9.244,
118,primary_genuine,113,11,genuine,0,-242,113,11,1,True,113,114,True,113,114,digiface-113-11,False,,10.616,0.74,32840,25c12bcb5b82dc2053f7cffe80d135a9f1d0900fc75f8da169785460c5879763,9045.63,9044.9,3655,exact-open-set-id-v2,1788112230770036224,127,127,2049,16464,748e3ff4c7c891ccebcfaad21ae2c110c3bd36edb9b5da88c40f40e3f1533854,6.154,
119,primary_genuine,114,110,genuine,0,-357,114,110,1,True,114,115,True,114,115,digiface-114-110,False,,5.671,0.46,32840,ffbdb6e75776dd750ae5856f2257c234a294b384a80cdfb355f6b083e81fdb74,7696.167,7695.3,3655,exact-open-set-id-v2,1788112230770036224,127,127,2049,16464,fa80316371ddad997479e7a97872d4dbd71faa9866c34d90e6a4c53714cafa56,5.62,
120,primary_genuine,115,1100,genuine,0,-298,115,1100,1,True,115,116,True,115,116,digiface-115-1100,False,,5.417,0.44,32840,489f0140d16c8e8757510974051e2723acbac11d9d28f3e31d94e0dc93b68b21,8681.039,8680.0,3655,exact-open-set-id-v2,1788112230770036224,127,127,2049,16464,ac39e957694c87146f09b4719f60fcffef5dab4162ea96d0cc4ed55bf9aff2dd,6.679,
121,primary_genuine,116,1101,genuine,0,-375,116,1101,1,True,116,117,True,116,117,digiface-116-1101,False,,6.511,0.58,32840,5fe9d24eb5f89952191e711f42193d93552b6e81b32c7dee4db3622a157ac061,8318.268,8317.0,3655,exact-open-set-id-v2,1788112230770036224,127,127,2049,16464,b8fc9eb49e66ec860c9fcb1e50fa7b3b5262765935fb2d9a561e5e77821871a3,7.908,
122,primary_genuine,117,1102,genuine,0,-260,117,1102,1,True,117,118,True,117,118,digiface-117-1102,False,,7.539,0.47,32840,090dfb973ff8d6e2f115e7f153eae26388998a172dc805b149269b0bfc4ca34f,8392.267,8391.4,3655,exact-open-set-id-v2,1788112230770036224,127,127,2049,16464,3a3c73bb97d797af8f6d4ce982b1111c57474fc4f7ef709145742df232f75303,6.558,
123,primary_genuine,118,1103,genuine,0,-441,118,1103,1,True,118,119,True,118,119,digiface-118-1103,False,,6.422,0.56,32840,6f6f4b6e55b0c11667cda96cde530196454f9270a59864fb7f098c14ef2ade05,7510.92,7510.1,3655,exact-open-set-id-v2,1788112230770036224,127,127,2049,16464,bccff6ef7546a950caed6948d7cc6188053c5ea1b300043dcdabe6a98a0c7c88,5.662,
124,primary_genuine,119,1104,genuine,0,-392,119,1104,1,True,119,120,True,119,120,digiface-119-1104,False,,6.468,0.52,32840,e88c9fed10b8714eed950929d1ae945651d7273a4740240af62d024581ed42f0,7710.746,7709.7,3655,exact-open-set-id-v2,1788112230770036224,127,127,2049,16464,c1c815fe178d164800d471982d3b6c806ec17c86eb776a6aed189473c7772995,7.38,
125,primary_genuine,120,1105,genuine,0,-141,120,1105,1,True,120,121,True,120,121,digiface-120-1105,False,,6.632,0.47,32840,2fc1ddfd3390e9302e89af550854417bb3492a944c4439c8ed9e5b8ab3b82758,8727.72,8691.8,3655,exact-open-set-id-v2,1788112230770036224,127,127,2049,16464,d924d406cb95d6c86211be6168a1bc4aa2e8527be7c8f6ac1ae5ccbb69b41217,83.939,
126,primary_genuine,121,1106,genuine,0,-398,121,1106,1,True,121,122,True,121,122,digiface-121-1106,False,,15.963,0.71,32840,ec7ed3398466bcec27bb5176cc95309213b922996b4c5777d6acb3ddd7a77076,10637.502,10636.2,3655,exact-open-set-id-v2,1788112230770036224,127,127,2049,16464,d5ea014fffde995efb13cf8b3860a26b1fc6389d670ee852df0e24256753c690,6.819,
127,primary_genuine,122,1107,genuine,0,-338,122,1107,1,True,122,123,True,122,123,digiface-122-1107,False,,7.668,0.51,32840,ad45c3a2ab0ef32431bda208beb91baea5a5be261f21e6584c166ed829c65043,11248.745,11247.6,3655,exact-open-set-id-v2,1788112230770036224,127,127,2049,16464,c93273ee60c3ae91563f6523d5e6574de4ff3b72b0d3cb333816f738baa439ec,8.122,
128,primary_genuine,123,1108,genuine,0,-268,123,1108,1,True,123,124,True,123,124,digiface-123-1108,False,,7.532,0.62,32840,47a186d88244bda5a5b068df900a691c3365c6f395d5cea1183a4c8676aa8af1,9330.584,9329.7,3655,exact-open-set-id-v2,1788112230770036224,127,127,2049,16464,0c44c622de45c0c2aa8496fd3aa9c4653ae81a5f97855f8235151d109ea6da81,8.964,
129,primary_genuine,124,1109,genuine,0,-318,124,1109,1,True,124,125,True,124,125,digiface-124-1109,False,,11.096,0.5,32840,acfcb99092e3ba8963fbe13b50505570e3b922230cf0b54f5301e9035943e052,9350.582,9349.3,3655,exact-open-set-id-v2,1788112230770036224,127,127,2049,16464,7454b9932ec4ee4e76ae2c51fb0fab5fc8376fe178ba7dde6c15056099fce399,6.86,
130,primary_genuine,125,111,genuine,0,-170,125,111,1,True,125,126,True,125,126,digiface-125-111,False,,7.402,0.47,32840,259f770ed40f703b8ef2eea96c5691b2221245d2603d19f93683cbce53202ece,7025.734,7024.4,3655,exact-open-set-id-v2,1788112230770036224,127,127,2049,16464,0fc6c2f038439ecd20192214ceaa7baa53728709a6b9941a2bf2695960f41899,5.977,
131,primary_genuine,126,1110,genuine,0,-338,126,1110,1,True,126,127,True,126,127,digiface-126-1110,False,,6.043,0.47,32840,b0fda806352e02598a9bc4a4886b56699a80c27905a09fa71837c160f7a48f5c,7091.044,7090.1,3655,exact-open-set-id-v2,1788112230770036224,127,127,2049,16464,d0a43a36275f974e247039ad5258ffb732b661a7533bd26863dd4a2fd27c39e2,6.401,
132,primary_test_impostor,627,1562,primary_test_impostor,0,29,64,1055,0,False,,0,False,,0,,False,,5.657,0.45,32840,f2b6889191af509b85804d6f145f316e94769d2ef04df9e7f6f79b6771d17d30,7383.568,7382.7,3655,exact-open-set-id-v2,1788112230770036224,127,127,2049,16464,b8a41b754f8e29f3891d0a0d15f51dc882d17f4aed36dcd9b004fe07d895babc,5.95,
133,primary_test_impostor,628,1563,primary_test_impostor,0,251,112,1099,0,False,,0,False,,0,,False,,6.66,0.51,32840,9d6bb8c8b4253458e0b0d177fbfdd6b45878a22d2d6ba29d4cd6d19c287aa13c,7139.634,7138.5,3655,exact-open-set-id-v2,1788112230770036224,127,127,2049,16464,05db3c83590a1d05668e89baf4bc37b6025897821973ddee121dbe28ed89f00a,6.985,
134,primary_test_impostor,629,1564,primary_test_impostor,0,234,77,1067,0,False,,0,False,,0,,False,,7.359,0.5,32840,1f955bc63714df6c6c37502c3039d6b4b665ec67dcb4074bebf3abc699b3233c,7638.76,7634.7,3655,exact-open-set-id-v2,1788112230770036224,127,127,2049,16464,3d0c4c1caf288537527166248fddd2fb4150762e6cedc71a4e4e5e86065cd034,25.507,
135,primary_test_impostor,630,1565,primary_test_impostor,0,146,61,1052,0,False,,0,False,,0,,False,,9.384,0.67,32840,2742a2f76a9b9d03eb643ba92d4bf937e96d26b6a1ca4cc13d08c01cbf921286,8402.386,8401.1,3655,exact-open-set-id-v2,1788112230770036224,127,127,2049,16464,38cad5f1c17f59c353f72716b65acb31df39c2e9f9bdd695c0e8a0e8a41c334b,6.659,
136,primary_test_impostor,631,1566,primary_test_impostor,0,178,97,1085,0,False,,0,False,,0,,False,,9.843,0.98,32840,fe3b8ebdc312ab1da0918942196769f234f8f072e06ddb68f7151d2b538320ef,8264.65,8261.6,3655,exact-open-set-id-v2,1788112230770036224,127,127,2049,16464,8e04e667938bebbe931c6aed9c47c68128c83a427b75e8197f31eefe9a3b96e4,8.968,
137,primary_test_impostor,632,1567,primary_test_impostor,0,183,98,1086,0,False,,0,False,,0,,False,,8.134,0.47,32840,de4dd3ebb0601c32c32a194c4df2b2b9ca7f66fc59665e714413ecc178afe4ec,7530.395,7529.4,3655,exact-open-set-id-v2,1788112230770036224,127,127,2049,16464,01b62b0b30e07fa8a7e6ac48c2439ae6581b398c10d8c3bc39ceb749bf860fa8,5.743,
138,primary_test_impostor,633,1568,primary_test_impostor,0,114,97,1085,0,False,,0,False,,0,,False,,5.76,0.49,32840,933e229cdbd9ade02771cbbd7f5f06b21d3534ca225f0b6f776cd0b2106b91e7,7667.348,7666.2,3655,exact-open-set-id-v2,1788112230770036224,127,127,2049,16464,43484bafafc8932f08ff7f2b0829253327b06987c05752b14c143398e86a9067,7.583,
139,primary_test_impostor,634,1569,primary_test_impostor,0,127,65,1056,0,False,,0,False,,0,,False,,5.326,0.45,32840,93cff38f05358c710852231fdfb98d723a1fe501437ffccf3773e243dddfeb1b,7354.225,7352.5,3655,exact-open-set-id-v2,1788112230770036224,127,127,2049,16464,f312c14a68737d444c0fbbe567cd56c3a61fe9f78f961b715941d4081e31c555,9.456,
140,primary_test_impostor,635,157,primary_test_impostor,0,162,102,109,0,False,,0,False,,0,,False,,13.531,1.31,32840,c2e53de305d985d1254618021966850872a8ca44f20d41be44a1c83de5d6c921,7373.591,7372.4,3655,exact-open-set-id-v2,1788112230770036224,127,127,2049,16464,1baba17946dd56330ff509b9616dec4c8b576dfb40c78216ab76e2467cf44147,5.857,
141,primary_test_impostor,636,1570,primary_test_impostor,0,230,16,1011,0,False,,0,False,,0,,False,,8.028,0.46,32840,d975adc513ace9e78fb68af5f562b5731d20a162b44d78899799498f6580e4e3,7486.258,7485.4,3655,exact-open-set-id-v2,1788112230770036224,127,127,2049,16464,6460fe3c02e7fd3fce24ef2cf384d588a8ca513a711dabd0e11bf30af93de7c7,5.317,
142,primary_test_impostor,637,1571,primary_test_impostor,0,194,10,1006,0,False,,0,False,,0,,False,,6.889,0.57,32840,c0dc4aaea52e08065bad28f6b8cd5ea39957eecb8c01c661a8e53ee10bef2c8c,7807.016,7806.1,3655,exact-open-set-id-v2,1788112230770036224,127,127,2049,16464,a102bc8318b2ee2c730f92f3856c1961370264fbba45a736005c8a2fc256a619,8.1,
143,primary_test_impostor,638,1572,primary_test_impostor,0,132,27,1021,0,False,,0,False,,0,,False,,6.42,0.48,32840,7cbc3806a95efc10306d7e662189a95386831163aa66bf695e5ee247ff5eb44d,7535.37,7534.2,3655,exact-open-set-id-v2,1788112230770036224,127,127,2049,16464,203aca6b88206c86fdd767ed5374e9e3d331fb45beb49e279852be38d9c39d21,6.297,
144,primary_test_impostor,639,1573,primary_test_impostor,0,119,34,1028,0,False,,0,False,,0,,False,,6.748,0.58,32840,ea347c27ac34c1ad3bcc613fc4bffce42555c1115efe35e77d9988132d36343e,7678.446,7677.2,3655,exact-open-set-id-v2,1788112230770036224,127,127,2049,16464,261db70d57dc4f1fe0741e6fe11777e5126e554b403882d13757ab786a03a7b0,6.123,
145,primary_test_impostor,640,1574,primary_test_impostor,0,151,75,1065,0,False,,0,False,,0,,False,,6.193,0.51,32840,24c1d378c1192c7ab1636727f6166bfa743ed75b11eb8665f02476ecad140016,7912.794,7911.7,3655,exact-open-set-id-v2,1788112230770036224,127,127,2049,16464,63d60ade05868c9e10846a7651e7512b92018d3ee6635885d865ca92f6a925df,7.454,
146,primary_test_impostor,641,1575,primary_test_impostor,0,226,11,1007,0,False,,0,False,,0,,False,,5.932,0.43,32840,caa4a4b2209da85fdc67d50b61b44200f5f3eb754b49d3a657578781ff4bcd89,9172.908,9171.4,3655,exact-open-set-id-v2,1788112230770036224,127,127,2049,16464,1c68cf918640edf67339b49b4086441f891da3469ad2805af7c7a528732090a5,7.636,
147,primary_test_impostor,642,1576,primary_test_impostor,0,176,93,1081,0,False,,0,False,,0,,False,,8.35,0.48,32840,21e8b39d66a9376b056a6f31abdac08aadc6883d34ae7012971b9f7f6c679bbb,7798.822,7797.9,3655,exact-open-set-id-v2,1788112230770036224,127,127,2049,16464,c6d1a0892a32849daf34fcb7ad710c3e51f1702f1a55a4c0c08b28357bbe3215,9.263,
148,primary_test_impostor,643,1577,primary_test_impostor,0,185,74,1064,0,False,,0,False,,0,,False,,7.157,0.51,32840,29b8e0613c633ab51f352c97c7144da521e429b19da75f7b84bf46215654cc4f,6848.655,6847.9,3655,exact-open-set-id-v2,1788112230770036224,127,127,2049,16464,1994410ed6b1bfc48e654a9c3a748ad131a744244e454920afc1c0d128e39772,5.966,
149,primary_test_impostor,644,1578,primary_test_impostor,0,237,76,1066,0,False,,0,False,,0,,False,,5.467,0.44,32840,d504d871ca2a0b0235f9a9b244633c80714ea35ca0f8888361c3a1f94b64a421,7207.438,7206.6,3655,exact-open-set-id-v2,1788112230770036224,127,127,2049,16464,724178948d6bd2c92f72c0a9f3a7510f638472f54d86d78b385850f07300d00a,10.018,
150,primary_test_impostor,645,1579,primary_test_impostor,0,159,107,1094,0,False,,0,False,,0,,False,,7.507,0.62,32840,b830b00451c4996e5f5d0f90f7fb6e493a04797510c069351d409bb56aa8eae7,9825.629,9824.4,3655,exact-open-set-id-v2,1788112230770036224,127,127,2049,16464,ea4cc3239292efbfa304b190be3dddcaab3db3d596d3474dfd5049a02c4e770f,8.001,
151,primary_test_impostor,646,158,primary_test_impostor,0,170,97,1085,0,False,,0,False,,0,,False,,6.426,0.48,32840,e6c37820e357e37bf9d76175e621afd4bf195afd130c3c80ee6d87619b5e4919,7529.663,7528.9,3655,exact-open-set-id-v2,1788112230770036224,127,127,2049,16464,79630f3bef36b45ccf77aa634af8ba24ffd9bc5a08aa72dc5732eb9a19ef14d8,6.237,
152,primary_test_impostor,647,1580,primary_test_impostor,0,216,77,1067,0,False,,0,False,,0,,False,,5.87,0.53,32840,8f28454006b5831e83293f1600e6e79bc0e256bf34b3f21161d6595f84bdbf66,7738.103,7737.1,3655,exact-open-set-id-v2,1788112230770036224,127,127,2049,16464,c4bbbb0bcf211a0feee25069c5c3d66e70d118c7a2b7ac762b3d47fc1d12b634,6.703,
153,primary_test_impostor,648,1581,primary_test_impostor,0,184,47,104,0,False,,0,False,,0,,False,,6.008,0.53,32840,6ef3625a0765c86b58e1c0b603d9cdb190c9573fe1533a26815b6c86371ffcdd,7217.064,7216.1,3655,exact-open-set-id-v2,1788112230770036224,127,127,2049,16464,61cea20bc1a347f9d4535c7687840b52d7015d05e2a43989d5dd54e574254efc,7.831,
154,primary_test_impostor,649,1582,primary_test_impostor,0,269,86,1075,0,False,,0,False,,0,,False,,6.057,0.47,32840,a0f1cfe1b9343dbfc52a47995c69c798f29f79c6a628629705628a1ea3e43c01,7860.888,7860.0,3655,exact-open-set-id-v2,1788112230770036224,127,127,2049,16464,f545759953184ae3be77b9ef726a1269b3bd5ecbd5132bc23ac038b62a9c2da1,8.989,
155,primary_test_impostor,650,1583,primary_test_impostor,0,46,17,1012,0,False,,0,False,,0,,False,,7.787,0.48,32840,0600eee21b0eb1ffe27386d0361a9f77815e6e13d03f80e0b4a529c57bd41f88,8646.581,8645.6,3655,exact-open-set-id-v2,1788112230770036224,127,127,2049,16464,e7defa3d547c35fda946acc52daaee53ed163354ccf575e4dd11752bd4749bc2,6.071,
156,primary_test_impostor,651,1584,primary_test_impostor,0,218,61,1052,0,False,,0,False,,0,,False,,7.789,0.51,32840,b007dda56947e5ae5427cf3e34fa9de70e507e60f590b26bb5c6483813eccbcb,8973.985,8973.1,3655,exact-open-set-id-v2,1788112230770036224,127,127,2049,16464,ae878f433973e6cee914eb40ed59b2e3b977261886888b45e507a1b6930e754a,11.522,
157,primary_test_impostor,652,1585,primary_test_impostor,0,149,12,1008,0,False,,0,False,,0,,False,,10.232,0.48,32840,df167818357bd96ab3bf5ec316192a93b1e4ba4b740ab2b297aa19e1704d4442,10344.811,10337.3,3655,exact-open-set-id-v2,1788112230770036224,127,127,2049,16464,a873f2be8aae7efaa56f8ac10c3de367183092a8065619299eb080d58a0f8bc8,9.03,
158,primary_test_impostor,653,1586,primary_test_impostor,0,132,42,1035,0,False,,0,False,,0,,False,,6.771,0.47,32840,49249f01f908b3d6985b18ef640d96a1e877b00c4a4b0532ec4a7322da287377,9968.592,9967.6,3655,exact-open-set-id-v2,1788112230770036224,127,127,2049,16464,2c968cdf0295a7e9449ac76d15b1f32f40b33ff09582f443e994ff23918171a1,7.575,
159,primary_test_impostor,654,1587,primary_test_impostor,0,200,93,1081,0,False,,0,False,,0,,False,,6.029,0.49,32840,453b5e80e41841b85a0352e245353f0355e9652453ae937213d89e98d1acc9ac,7990.959,7990.2,3655,exact-open-set-id-v2,1788112230770036224,127,127,2049,16464,d325171e87d6804612c4ab9f1bd3665d26e50b174e788baa0acc291ba807c222,6.591,
160,primary_test_impostor,655,1588,primary_test_impostor,0,208,105,1092,0,False,,0,False,,0,,False,,6.637,0.47,32840,6e1a7afda8bcc25c3c1f1d3224ced2583d4005d8bc4ca732138b238e86eb5d1a,8311.74,8310.9,3655,exact-open-set-id-v2,1788112230770036224,127,127,2049,16464,3b8689e764d92bcbda34a4dbcb2e0f83090b6503d133d64e7c2bd236ce8ef584,5.978,
161,primary_test_impostor,656,1589,primary_test_impostor,0,295,58,105,0,False,,0,False,,0,,False,,5.881,0.52,32840,22cb93c543b4ab0dfea65cdf7005fca07dccd808a068f109e53760d56b2cecb7,8255.251,8254.3,3655,exact-open-set-id-v2,1788112230770036224,127,127,2049,16464,bb21e55dc0121a4ad09bea3616e267c880c28dc107edba469766d341690dd637,6.481,
162,primary_test_impostor,657,159,primary_test_impostor,0,240,80,107,0,False,,0,False,,0,,False,,5.604,0.49,32840,efb64ad1a5972448149ce33c4ba385d10ce4cb11c9e9a26837236b7b7c037a98,9236.948,9236.0,3655,exact-open-set-id-v2,1788112230770036224,127,127,2049,16464,5b12d0e2e84a7f77486a8b6a1f31a639d7684519bd0562c0a6a60e681f0e8159,6.573,
163,primary_test_impostor,658,1590,primary_test_impostor,0,227,64,1055,0,False,,0,False,,0,,False,,6.011,0.45,32840,06870a4651fcf0559cf6c7d6597ca7b4129cc94cd741a51ab9444550e74e1ad4,8474.276,8473.1,3655,exact-open-set-id-v2,1788112230770036224,127,127,2049,16464,2735f40c792c7d664bc33cac326be0f73d996e9bc69e1974bb44d9cca23e119c,9.002,
164,primary_test_impostor,659,1591,primary_test_impostor,0,294,90,1079,0,False,,0,False,,0,,False,,5.662,0.46,32840,d500e8b1252d36165d31c68a6d96129f539cbb3c681507f04196f213c1409208,7726.35,7725.4,3655,exact-open-set-id-v2,1788112230770036224,127,127,2049,16464,d00ef929888c2d498d9fcb9110697316975a18ba967c7b1fc6e7b3e3842faa93,6.293,
165,primary_test_impostor,660,1592,primary_test_impostor,0,262,21,1016,0,False,,0,False,,0,,False,,6.238,0.52,32840,e0d68ad708847665112d4d098026fb73cfca9d1098590568935c248d59c44ba1,8153.837,8152.8,3655,exact-open-set-id-v2,1788112230770036224,127,127,2049,16464,79d84ff569d1641c1de682e0a65c6937bc0d245d9557357a0b197e292326f9ec,6.596,
166,primary_test_impostor,661,1593,primary_test_impostor,0,153,107,1094,0,False,,0,False,,0,,False,,6.523,0.49,32840,bd0226d7be2374b871677da4cc65c5e5b6d4f503de8016cb7e7d2c2c3af36a60,7556.023,7554.9,3655,exact-open-set-id-v2,1788112230770036224,127,127,2049,16464,90852e49117c71a349999c89f8c1d65204b739a2d4cda69a8a995a9bb8d98437,6.013,
167,primary_test_impostor,662,1594,primary_test_impostor,0,177,112,1099,0,False,,0,False,,0,,False,,6.578,0.49,32840,25aebc260c51274dd5644f1c32df88752c49db2aacf2b961bcf426516cbde2a5,8029.949,8028.7,3655,exact-open-set-id-v2,1788112230770036224,127,127,2049,16464,946bbac018be96ce51cb7cccc8a1b0dfcf59ab1b853af9a0889abeca7b5a1bdf,8.91,
168,primary_test_impostor,663,1595,primary_test_impostor,0,297,45,1038,0,False,,0,False,,0,,False,,7.437,0.49,32840,f9c490d51548c1899b9fc0f8feca465b3d3d5a9589e7841b44ed79bd944f773c,7403.602,7402.7,3655,exact-open-set-id-v2,1788112230770036224,127,127,2049,16464,47d0ec17b5ee1a547120da6369feee0f8761611eb8ec6b7f40365c42d56473f7,5.561,
169,primary_test_impostor,664,1596,primary_test_impostor,0,193,51,1043,0,False,,0,False,,0,,False,,5.682,0.56,32840,5c3255ca326b44d39497759fd2e37423d4c33ad3cd9d4ce03489d083aa6a9172,7322.387,7321.7,3655,exact-open-set-id-v2,1788112230770036224,127,127,2049,16464,79710c3e5192c2a320e8c68ea0b7aa11665e7bf0932a946a690315f0e4f3aef6,5.703,
170,primary_test_impostor,665,1597,primary_test_impostor,0,75,45,1038,0,False,,0,False,,0,,False,,5.763,0.47,32840,3fefeb423929c93f1e638acd7b25848f333cbef86b508a13805b6aed92e6d843,6867.609,6867.0,3655,exact-open-set-id-v2,1788112230770036224,127,127,2049,16464,dcaddf04075308b7d32186c47a2328e9ea84b038cd989908f5179e5208e4779c,6.155,
171,primary_test_impostor,666,1598,primary_test_impostor,0,112,2,10,0,False,,0,False,,0,,False,,6.198,0.5,32840,0192749824538ddbfbf6342e6b6e3e67dd8ba0865e6f0886a894e97bcce0373f,6927.389,6926.8,3655,exact-open-set-id-v2,1788112230770036224,127,127,2049,16464,ac8b7e58c333af73c4d85f1896319b8204c94c89931f035e17c30af304255545,5.822,
172,primary_test_impostor,667,1599,primary_test_impostor,0,175,86,1075,0,False,,0,False,,0,,False,,5.295,0.42,32840,891c8f567afac1a9ed60e305c03e11caeedbfe8fa75b54d0e0622803eee28bd8,7639.638,7638.7,3655,exact-open-set-id-v2,1788112230770036224,127,127,2049,16464,01517270da59fd6229b20028d2fa59d41955bb0701ebca46f3d7fcad238f72c6,5.786,
173,primary_test_impostor,668,16,primary_test_impostor,0,255,31,1025,0,False,,0,False,,0,,False,,5.978,0.47,32840,ac8484db82de12c733222871566385bfa8a1afb440d3be9a18e3279564870dc3,7293.114,7292.4,3655,exact-open-set-id-v2,1788112230770036224,127,127,2049,16464,6f4963c00cbe5b3d4759c5c3ed43738b5213ca6302bd54f7dccb2354da8c2e2d,5.922,
174,primary_test_impostor,669,160,primary_test_impostor,0,254,23,1018,0,False,,0,False,,0,,False,,6.065,0.45,32840,5b8843559fde489058afd8bca0dbe5bf3b9f245de403ab79f71e0cad3b9d9c04,6779.418,6778.7,3655,exact-open-set-id-v2,1788112230770036224,127,127,2049,16464,9e04f19a87e92145b95233525517376e13f0474535b6ae705130352b0ddce9c3,16.829,
175,primary_test_impostor,670,1600,primary_test_impostor,0,155,108,1095,0,False,,0,False,,0,,False,,39.583,0.83,32840,8af719da67fc7cd88cfc162780573c348226443f97c1550aff6bc5ad17709613,8691.636,8690.3,3655,exact-open-set-id-v2,1788112230770036224,127,127,2049,16464,506dc42bcf0f18ba54ac8ee121c04ab9290cb85265c5886c03cd3fc4cedac92a,6.278,
176,primary_test_impostor,671,1601,primary_test_impostor,0,267,32,1026,0,False,,0,False,,0,,False,,5.97,0.47,32840,d08343d2d17ee0538f257bf6b5b0dd1f272e03ffcb8d836fed491c5d9eeeb24b,8824.662,8823.6,3655,exact-open-set-id-v2,1788112230770036224,127,127,2049,16464,a344137f10e6d91dc4ce28e8eef449d17d8ee95739258b7a3752b1dc1888bddf,6.113,
177,primary_test_impostor,672,1602,primary_test_impostor,0,92,48,1040,0,False,,0,False,,0,,False,,5.822,0.45,32840,3e1d6f4ae1224795013077a962afbecd3961378887862d77397e8fdb15f91599,6962.24,6960.9,3655,exact-open-set-id-v2,1788112230770036224,127,127,2049,16464,591a3446a1ae0c3838be6462b3f330b09f1154f912f5959675ded62f19d7a7ec,6.676,
178,primary_test_impostor,673,1603,primary_test_impostor,0,118,99,1087,0,False,,0,False,,0,,False,,7.734,0.53,32840,6102ff8ce32d07c2a5558b6a6ad1fe861a1f110b4edee7a44d63390d8bc17570,7326.447,7325.2,3655,exact-open-set-id-v2,1788112230770036224,127,127,2049,16464,a5a4ad6b3f455e9ed9d3b7d1e1e1bfa7287eed1abeb4d42f693ecc873458abfc,6.098,
179,primary_test_impostor,674,1604,primary_test_impostor,0,218,6,1002,0,False,,0,False,,0,,False,,6.444,0.6,32840,2e9c2dda6a29f1edb102548381c726c2ca4d31567f1b51be121ac4d2b0be315c,9244.843,9243.7,3655,exact-open-set-id-v2,1788112230770036224,127,127,2049,16464,8417d44fcabc54a06227c329646fedda7500dd9acffef37c6414cb4e3fefdbea,6.75,
180,primary_test_impostor,675,1605,primary_test_impostor,0,259,45,1038,0,False,,0,False,,0,,False,,11.277,0.98,32840,e192c79bd6deeeef6d037659687deea14f5165bacb23cc5c037aece32d058ac5,9152.482,9151.3,3655,exact-open-set-id-v2,1788112230770036224,127,127,2049,16464,1aa4666d473f3d89b0f21af545a3a4f0ffbfef64c95b11606d1f813f49e92d5e,9.323,
181,primary_test_impostor,676,1606,primary_test_impostor,0,198,93,1081,0,False,,0,False,,0,,False,,10.221,0.5,32840,3ecc7eb65aaebe4af81dcc63eb69390ca6a9bfc6f7e99c7836b7d380aeb24c0f,8984.655,8983.0,3655,exact-open-set-id-v2,1788112230770036224,127,127,2049,16464,093e9e86820a7508f36a50b540e5ffc3b192135e0111638829ff88eb496d4a4b,7.727,
182,primary_test_impostor,677,1607,primary_test_impostor,0,220,119,1104,0,False,,0,False,,0,,False,,6.027,0.47,32840,a3887fe7003bcb46bff5c562a3a723047e42c656c0f17e6ac64b1f1cb9524977,8356.601,8355.6,3655,exact-open-set-id-v2,1788112230770036224,127,127,2049,16464,c5118a77d67ddb02388958408dc01ba28d2f21e30c39899c0f69e5dcea363275,7.45,
183,primary_test_impostor,678,1608,primary_test_impostor,0,200,105,1092,0,False,,0,False,,0,,False,,8.077,0.52,32840,2a42135331618f79b1b171f408ffd80b613440e9445c1a65eb892d6ebd20d88d,8221.398,8220.2,3655,exact-open-set-id-v2,1788112230770036224,127,127,2049,16464,dd3ad8eddd95e957bde52f99ee18fbebf81c3c0b36c5c9a2979eb3a9fc5973be,6.461,
184,primary_test_impostor,679,1609,primary_test_impostor,0,174,23,1018,0,False,,0,False,,0,,False,,7.423,0.6,32840,ceb7883d30b5deb7ad80d71a0a2a7abc68bb089c8847bc0c140853d7e6c055aa,8886.329,8884.5,3655,exact-open-set-id-v2,1788112230770036224,127,127,2049,16464,8ec4d465ea97d78031dfb8f4873d6d0b2368212679515e93bf23d9d92b697d96,6.731,
185,primary_test_impostor,680,161,primary_test_impostor,0,251,12,1008,0,False,,0,False,,0,,False,,6.309,0.5,32840,698f83d3f3c2e52e5a96e57613298ee12035f94e975a37013f187428e8b4463c,7627.043,7625.8,3655,exact-open-set-id-v2,1788112230770036224,127,127,2049,16464,f14ee5a38d82cb794b0e06e8f2aca9365c454b39018030318a5ce36048969a06,6.739,
186,primary_test_impostor,681,1610,primary_test_impostor,0,240,50,1042,0,False,,0,False,,0,,False,,5.763,0.45,32840,6bb0b6f7d49b1855d0ab4970ec6dabe37bca378f0f5ba3075cf738e69eb100ee,7858.688,7856.1,3655,exact-open-set-id-v2,1788112230770036224,127,127,2049,16464,09032e2e993d5e63c38869f70cb8770a75156e6914e8a21568d9a6f80e4f5450,14.096,
187,primary_test_impostor,682,1611,primary_test_impostor,0,192,48,1040,0,False,,0,False,,0,,False,,6.342,0.54,32840,fe0ec7b87e9fa6dd68c42b6b987b42c7ee09ac699171cbeb058c2c0b53fbac51,7810.134,7809.3,3655,exact-open-set-id-v2,1788112230770036224,127,127,2049,16464,dba09a89196cccae4f7a78868ef52fc8b28f9474bdbbf6b2bee3adef0525b90c,7.525,
188,primary_test_impostor,683,1612,primary_test_impostor,0,192,99,1087,0,False,,0,False,,0,,False,,5.845,0.46,32840,e9827edb5312e570d7acf3ea779520216fc69772170c075bc06a7cde8300c33d,7665.327,7664.6,3655,exact-open-set-id-v2,1788112230770036224,127,127,2049,16464,b682a165cb91b248178cd6796e332be9f74c7d6be53757bd4f33d53a0725e3a0,5.66,
189,primary_test_impostor,684,1613,primary_test_impostor,0,200,16,1011,0,False,,0,False,,0,,False,,5.791,0.46,32840,7d8c5f3e86867f8e3a5663939e7b13c1bc4198a76e1d28958cda48d488cc1931,6865.876,6865.3,3655,exact-open-set-id-v2,1788112230770036224,127,127,2049,16464,fe6a1c38e4eb7f818c558c8bd08befc32e0d713327d28de3f668d12388fac417,5.422,
190,primary_test_impostor,685,1614,primary_test_impostor,0,219,114,110,0,False,,0,False,,0,,False,,6.475,0.5,32840,f7da8cadf0f4ad74567b83ad86d2a7a5f8ebdb248c5284333b9a20b15c5bdc3c,6411.356,6410.7,3655,exact-open-set-id-v2,1788112230770036224,127,127,2049,16464,8297731c371e0db2a3974f763edd5418d354073a88d3b8af89ccf26a3537f9d0,6.294,
191,primary_test_impostor,686,1615,primary_test_impostor,0,71,107,1094,0,False,,0,False,,0,,False,,5.377,0.52,32840,2170129cd57c7c381ba4ba985475f2fbca18d958d9c1ef53c10b2e93d00902a7,6516.434,6515.5,3655,exact-open-set-id-v2,1788112230770036224,127,127,2049,16464,6b4d6563f722c12bd96064d9f527a2b27cff328dee2dac2a6316a4ecaf357054,6.121,
192,primary_test_impostor,687,1616,primary_test_impostor,0,96,17,1012,0,False,,0,False,,0,,False,,5.31,0.48,32840,8cb9c1cc1f0111b02028612f494e95673f3f4389ad6e88df321f11e10d0632e3,7973.39,7971.4,3655,exact-open-set-id-v2,1788112230770036224,127,127,2049,16464,1e7d54c96aae64c1ca8665c3f8a26afdc49e744a3c79ee83b46ea7b2edc48bb3,10.155,
193,primary_test_impostor,688,1617,primary_test_impostor,0,153,64,1055,0,False,,0,False,,0,,False,,6.545,0.46,32840,c4f6d3785c3dd72b78a12ca652813347b35c7f6abd5ace5c26db5b36ebf34298,7184.543,7183.8,3655,exact-open-set-id-v2,1788112230770036224,127,127,2049,16464,f250806a30dc01a982228c5fc2f90d8c0404e48ea067a85aa80b253bfabf875f,7.758,
194,primary_test_impostor,689,1618,primary_test_impostor,0,154,115,1100,0,False,,0,False,,0,,False,,7.538,0.6,32840,aaf80c5b3dc163a9feadcb4c5fa8c559d008f1024c98162dfbccd446fe1eee9f,7595.253,7592.5,3655,exact-open-set-id-v2,1788112230770036224,127,127,2049,16464,2cd283b0d61c095c8213193c463f21f6b1494a2a2f49132fda3e77d9b9b6f66a,9.443,
195,primary_test_impostor,690,1619,primary_test_impostor,0,96,99,1087,0,False,,0,False,,0,,False,,14.161,0.69,32840,c7bc995e61c87ebe8c7bb115688e5cfaaa77e5fbb44fd80b908903b3c9d08277,8755.103,8754.2,3655,exact-open-set-id-v2,1788112230770036224,127,127,2049,16464,791def2fe5e15256d4fa8318ec6ce51539af5ae0025013367934bddc28cb7d7a,6.006,
196,primary_test_impostor,691,162,primary_test_impostor,0,204,50,1042,0,False,,0,False,,0,,False,,5.69,0.48,32840,8e1b3ceb46ea79e454cd9080339c9abee64aa6685ea1832f07cc54446385697f,8020.613,8019.8,3655,exact-open-set-id-v2,1788112230770036224,127,127,2049,16464,3cebbeb907bfb8b09cb4b153a176a7d189aec49b813a8cfa616e844fc66edee6,5.91,
197,primary_test_impostor,692,1620,primary_test_impostor,0,245,98,1086,0,False,,0,False,,0,,False,,10.866,4.83,32840,4109b21355dbca8aba185b32219b7a39547964b0b96c6294a563c30596749494,7492.974,7492.2,3655,exact-open-set-id-v2,1788112230770036224,127,127,2049,16464,ee50140c66df62381ce290f8c434c57b1e4b45c22a1e1f0b2988baf9b67e83fc,6.297,
198,primary_test_impostor,693,1621,primary_test_impostor,0,146,115,1100,0,False,,0,False,,0,,False,,6.038,0.53,32840,cd3c49c33ceede69e28e9489756495644d1588629d83204b4a9b173e32c1b883,7277.629,7276.9,3655,exact-open-set-id-v2,1788112230770036224,127,127,2049,16464,02ccc5d85e559bcdaff126f132f94fc377e9a9a49d7b303bd91e332a9c83848b,7.918,
199,primary_test_impostor,694,1622,primary_test_impostor,0,273,87,1076,0,False,,0,False,,0,,False,,6.297,0.49,32840,6a4876c56cd997a5ff0db145bcd5d9df5939a7ef9b0f39b5e3281b667247d636,7802.207,7801.4,3655,exact-open-set-id-v2,1788112230770036224,127,127,2049,16464,037c76577979951607261ecda9fb5739321d95a95f604c3b6c86ee354cb1e26f,7.602,
200,primary_test_impostor,695,1623,primary_test_impostor,0,172,27,1021,0,False,,0,False,,0,,False,,6.527,0.51,32840,71933e9cd619c997ce2f71e67707e5d44f2ba514c0c3b969440aba738c482909,7889.325,7888.6,3655,exact-open-set-id-v2,1788112230770036224,127,127,2049,16464,da667744de87f337b824baff5dc18bd524d2f058974904eaf5a539f5ef9316ea,5.123,
201,primary_test_impostor,696,1624,primary_test_impostor,0,185,75,1065,0,False,,0,False,,0,,False,,5.987,0.48,32840,04afe7fc50a4aa73bcf59e7a9495db5a036ef0ec25922f8a5305759e6c50679d,6791.301,6790.6,3655,exact-open-set-id-v2,1788112230770036224,127,127,2049,16464,00db80008c2e5b13ab13173b1a27fa868ac919eafc926e7b1e911e1bae9cf092,5.88,
202,primary_test_impostor,697,1625,primary_test_impostor,0,122,99,1087,0,False,,0,False,,0,,False,,5.953,0.46,32840,030bb85bf6c73b93de43524b2fab07b96f04e263994ab64a287d6c4b39ade90a,6923.764,6922.9,3655,exact-open-set-id-v2,1788112230770036224,127,127,2049,16464,a7a26f2a1fddf04ab92d844254794859b806fa784e9a8f475bb92269c85555d4,5.616,
203,primary_test_impostor,698,1626,primary_test_impostor,0,126,102,109,0,False,,0,False,,0,,False,,6.492,0.43,32840,f44a2f1d4fb16c6aa62e4fa256f745ee93db6f9a6fcec1d0f2bbb0a8a498728b,6933.683,6933.0,3655,exact-open-set-id-v2,1788112230770036224,127,127,2049,16464,578ec6f45c9cca7da9f40fd07b992cffb3426f5c61013daf41e7ed5a9999a53d,5.721,
204,primary_test_impostor,699,1627,primary_test_impostor,0,263,75,1065,0,False,,0,False,,0,,False,,5.621,0.42,32840,973f75c6f6f1f70ce5ae01ee32e3cc89a151499b11183bc9da5d420a564baa77,7429.687,7428.9,3655,exact-open-set-id-v2,1788112230770036224,127,127,2049,16464,41a5b7377594f202153890a833e75d62461bcff82d4b3557f3d4a43f1fd48e17,5.731,
205,primary_test_impostor,700,1628,primary_test_impostor,0,198,2,10,0,False,,0,False,,0,,False,,5.85,0.54,32840,cff67d5d76e9622cee7fdad0615722b25a07da70e6bc5401ad06ca4ea35fd451,6659.501,6658.7,3655,exact-open-set-id-v2,1788112230770036224,127,127,2049,16464,68b5eef9631ef69de7511c05a29663341c0d84cacf517540d7d7272e8779829e,5.726,
206,primary_test_impostor,701,1629,primary_test_impostor,0,126,93,1081,0,False,,0,False,,0,,False,,6.081,0.44,32840,d74976c39ca9f9eb23bbaa3819e16edf975f1e99a92e2485e6a64c764b0301b3,6641.097,6640.4,3655,exact-open-set-id-v2,1788112230770036224,127,127,2049,16464,319bd223b1dfcae9851eca20b424f8f286ec3bb4d08a119dd6d4924ce19895b5,5.834,
207,primary_test_impostor,702,163,primary_test_impostor,0,131,45,1038,0,False,,0,False,,0,,False,,6.165,0.45,32840,e041105f1a09ce9bdcae71b6a21a200d57e1988a6d300ec292430d3305d2445a,6726.354,6725.7,3655,exact-open-set-id-v2,1788112230770036224,127,127,2049,16464,b2ef9ca770f29c7f9ba8d6fa9f4a3a0aea94df5628ddd70e9d196bd01c358f55,5.749,
208,primary_test_impostor,703,1630,primary_test_impostor,0,130,61,1052,0,False,,0,False,,0,,False,,5.935,0.44,32840,d12d8b5efe47c90bd8daa953d405ff1cc78758b9b1aa3b5a07c84e18ffea01d9,7286.288,7285.6,3655,exact-open-set-id-v2,1788112230770036224,127,127,2049,16464,58a25c423d75403e757e5e115949a0e25b73b72d5ed1feecaa8c849d4f4db32e,5.721,
209,primary_test_impostor,704,1631,primary_test_impostor,0,152,2,10,0,False,,0,False,,0,,False,,6.734,0.48,32840,8e0012476f2ba61ef10427c9bd921f751eb27532c2a8382702e78ae2547a7ce5,7129.341,7128.6,3655,exact-open-set-id-v2,1788112230770036224,127,127,2049,16464,a8aef3e1846af9bce9cb73272162f9a8f5388d8bd292bdf29339244d61cc54c5,5.686,
210,primary_test_impostor,705,1632,primary_test_impostor,0,234,124,1109,0,False,,0,False,,0,,False,,6.05,0.61,32840,4b0e307d66e0b4538a5acf86b7f9bcc22b186337a8598ea20db11670d96de078,7074.181,7073.5,3655,exact-open-set-id-v2,1788112230770036224,127,127,2049,16464,b1a0a98b722651a04255e358fd070f6bc801001405de8e99697652dd6b728af1,6.474,
211,primary_test_impostor,706,1633,primary_test_impostor,0,196,0,0,0,False,,0,False,,0,,False,,6.438,0.5,32840,9b2072caeeb9605819a656ebe8e6adcde24a051237b3ee57b3e7979650a6cf5e,9127.556,9124.5,3655,exact-open-set-id-v2,1788112230770036224,127,127,2049,16464,55eafd2ab0543cf4b341f17c059127d3d78125b575adad3e97431e0289303ad3,8.864,
212,primary_test_impostor,707,1634,primary_test_impostor,0,144,121,1106,0,False,,0,False,,0,,False,,8.404,0.67,32840,bc494162f3b921cf01ed89c8fdad11db155461b1656974a62857da2d75ba1af7,8488.139,8486.6,3655,exact-open-set-id-v2,1788112230770036224,127,127,2049,16464,b5a978792309d5600cf167bb2babd221f4c5aad48c9c4b63271bdb1f2953696d,6.397,
213,primary_test_impostor,708,1635,primary_test_impostor,0,123,25,102,0,False,,0,False,,0,,False,,6.936,0.51,32840,8521444c089212e59da7c22618b458898ee0db26ffce12c3060700a23ba5d0fb,8814.33,8813.3,3655,exact-open-set-id-v2,1788112230770036224,127,127,2049,16464,21b61718fa6e12020a26a639cb16d696baf67ed6885422e0fa6432c78f089b85,6.409,
214,primary_test_impostor,709,1636,primary_test_impostor,0,118,102,109,0,False,,0,False,,0,,False,,6.051,0.56,32840,273ce18a3f6a74647bebc8ea90e0f708d0fb0a423bfb2283631fbace0a9c5ef4,7557.384,7556.5,3655,exact-open-set-id-v2,1788112230770036224,127,127,2049,16464,cf897502a8e88e94b1e1c959d96eb3686525c49eb76495405cd233f4edc54856,7.424,
215,primary_test_impostor,710,1637,primary_test_impostor,0,289,81,1070,0,False,,0,False,,0,,False,,6.43,0.82,32840,51818f6e91b396e6e9159d3636b8ec15ecd1907bcf6a6ffdc6545785a9647882,7904.56,7903.7,3655,exact-open-set-id-v2,1788112230770036224,127,127,2049,16464,a55c395e6090fbf399d85286214ed3721459d71c53ddc058b1274341943147e6,5.474,
216,primary_test_impostor,711,1638,primary_test_impostor,0,146,60,1051,0,False,,0,False,,0,,False,,6.641,0.72,32840,5b06aa3c3029c3d8fd442fc756fa9821e6726ac39f59f1241306918d41e14deb,8065.929,8064.9,3655,exact-open-set-id-v2,1788112230770036224,127,127,2049,16464,60b970cb1c4bc00eb36536710d395b7ff71e8edb8c65a69731997f460148bd77,8.861,
217,primary_test_impostor,712,1639,primary_test_impostor,0,132,46,1039,0,False,,0,False,,0,,False,,6.58,0.45,32840,092ace28427e5b3daa9c3ff9af74d830eb507271298836de084b2eddab4add3d,7063.037,7062.4,3655,exact-open-set-id-v2,1788112230770036224,127,127,2049,16464,23ab3e153cfa0eaf045576c6fd3b04b98433a819495a36b95ee1b3e0c0a97ee4,6.655,
218,primary_test_impostor,713,164,primary_test_impostor,0,196,80,107,0,False,,0,False,,0,,False,,9.01,0.5,32840,56e7790c21c9ad0bbbef3bd2ba79e19776a7747ff6ba9ae1069b5b876ed3c2e8,7427.915,7426.8,3655,exact-open-set-id-v2,1788112230770036224,127,127,2049,16464,578b058e46ee6b522ac8f31e7456b8b1f3f21611b717725c8437bc555c260663,11.562,
219,primary_test_impostor,714,1640,primary_test_impostor,0,93,63,1054,0,False,,0,False,,0,,False,,14.771,0.63,32840,2cae5497761d02db13d23669a94696788df160ebc2810188f4319baded1b77c9,7652.91,7651.9,3655,exact-open-set-id-v2,1788112230770036224,127,127,2049,16464,5913abe3d80e4fbc112b0fc627eded8e533ac727cdd9945c83cc188c53138bb1,5.413,
220,primary_test_impostor,715,1641,primary_test_impostor,0,100,46,1039,0,False,,0,False,,0,,False,,5.755,0.48,32840,9b81ee64be3b3c710b1270fb2202fb445ab66a65e2c65531fb862345c9a80c4a,6767.252,6766.3,3655,exact-open-set-id-v2,1788112230770036224,127,127,2049,16464,d8ba81a9fe91ec278fa5d1364f0599acf255d6f709a2d20acbdfdffde6359166,5.685,
221,primary_test_impostor,716,1642,primary_test_impostor,0,227,120,1105,0,False,,0,False,,0,,False,,6.417,0.45,32840,28aa2f9952decf6a4351bfefc919518d9ecd0c12c779475ebf5eed7e67d32cf4,7357.378,7356.6,3655,exact-open-set-id-v2,1788112230770036224,127,127,2049,16464,e901b44463d0b26f3153fee95bbf10429ec3a32360eb4e57b33e41e0864b75d1,6.242,
222,primary_test_impostor,717,1643,primary_test_impostor,0,183,75,1065,0,False,,0,False,,0,,False,,10.814,0.66,32840,875b8694dc53c20f70ca1438acd9e458dd5d05c7a0a268cf9a3fb0edf289fa87,6836.733,6836.1,3655,exact-open-set-id-v2,1788112230770036224,127,127,2049,16464,1e9a921ea18c235fcaee859704a0318691828eced184ece2f864203eff5d4f6c,5.51,
223,primary_test_impostor,718,1644,primary_test_impostor,0,278,47,104,0,False,,0,False,,0,,False,,5.636,0.53,32840,c40167aa487f90965372f446aab1c3ac7a76526411a30f499d88caceff91cc57,6979.55,6978.7,3655,exact-open-set-id-v2,1788112230770036224,127,127,2049,16464,f1c1996ba273a3e86b00fcc38b2aeabef0d425d4ee60d1736cbddde82d609c8a,11.715,
224,primary_test_impostor,719,1645,primary_test_impostor,0,111,64,1055,0,False,,0,False,,0,,False,,5.996,0.48,32840,2741accea52b98a7dc728848677eb42106d9f74707c1632adc4b956a9c5c82ee,7003.56,7002.7,3655,exact-open-set-id-v2,1788112230770036224,127,127,2049,16464,f5a5fa0864bc50a6feace35cbeea2d07017451ced46ba1d20c6aeff3bab1c72a,5.304,
225,primary_test_impostor,720,1646,primary_test_impostor,0,223,86,1075,0,False,,0,False,,0,,False,,4.932,0.42,32840,64f9ba396528b998ec1f45c8a7689e7ffb09d213f5444bacf17c6ed2a8834462,6560.154,6559.5,3655,exact-open-set-id-v2,1788112230770036224,127,127,2049,16464,cafd4c362e6e7b6dbe663e9d7eeec53a00a541d3959154ace61e1ae4abc712a4,5.989,
226,primary_test_impostor,721,1647,primary_test_impostor,0,196,48,1040,0,False,,0,False,,0,,False,,5.374,0.46,32840,779bacaa3f820d0475d526778ae1c9477378592017d6a85300c1832fee4f9902,6938.976,6938.3,3655,exact-open-set-id-v2,1788112230770036224,127,127,2049,16464,bdf984f681a2f35a20e8b06044bf8dc803bccc5c83e640a70d2c91c59b23b1c3,5.386,
227,primary_test_impostor,722,1648,primary_test_impostor,0,89,81,1070,0,False,,0,False,,0,,False,,6.131,0.5,32840,bc093fc319cf0e5e53b87544270367888e0ab7188850c5b8c2f023de2a371684,7131.134,7130.2,3655,exact-open-set-id-v2,1788112230770036224,127,127,2049,16464,2d20129b9c75db7bf3ee42080d838276c7af9294398acbed63898522385bbc0d,7.388,
228,primary_test_impostor,723,1649,primary_test_impostor,0,175,112,1099,0,False,,0,False,,0,,False,,7.337,0.43,32840,479f99d1f9be8ee211778f92de6b846137038a39b151e26b13660ea4999277e6,6791.143,6790.4,3655,exact-open-set-id-v2,1788112230770036224,127,127,2049,16464,86fc130a034e9f8eb447b733452477932be4f3a9e3d8c66d45cd6240fe5a3add,6.05,
229,primary_test_impostor,724,165,primary_test_impostor,0,269,88,1077,0,False,,0,False,,0,,False,,5.999,0.52,32840,b8794d76a0346ce72bf48e0e5e739b049bfc987ee0168266c9868a0ae7113de8,6793.186,6792.5,3655,exact-open-set-id-v2,1788112230770036224,127,127,2049,16464,d5f72770987312d4fcc5201734fb92d46faf253b064db6a633e97b44690f7666,5.813,
230,primary_test_impostor,725,1650,primary_test_impostor,0,108,10,1006,0,False,,0,False,,0,,False,,5.563,0.52,32840,0bca4883793a9501f5be86a589260c3039511361f40ea6a66c64f1b4cc11779c,7835.377,7834.6,3655,exact-open-set-id-v2,1788112230770036224,127,127,2049,16464,c8176f3ccb18ee0ba5f9470fd723bb80d7acd3f762a00a989e845250a99f5dcc,6.979,
231,primary_test_impostor,726,1651,primary_test_impostor,0,254,46,1039,0,False,,0,False,,0,,False,,6.52,0.53,32840,18dec0d438dbe55d8e0f4c1fef7bb5e126be23052b4d25c4e578c7b1d99a5590,8258.979,8258.0,3655,exact-open-set-id-v2,1788112230770036224,127,127,2049,16464,371d45d425e311290fb97824dd04541caefd823ee33a8e6527455906e70e1d1f,5.891,
232,primary_test_impostor,727,1652,primary_test_impostor,0,164,17,1012,0,False,,0,False,,0,,False,,7.049,0.53,32840,19eee01685987d9c05c849cf4f966a6ec8a3314118de658f2aba24831f534b10,8769.331,8768.4,3655,exact-open-set-id-v2,1788112230770036224,127,127,2049,16464,b36034a95ab0679e819348366bb17e6d6fefc759da02913ef0e5885ac7d73206,5.812,
233,primary_test_impostor,728,1653,primary_test_impostor,0,225,88,1077,0,False,,0,False,,0,,False,,5.94,0.46,32840,88b34ebce7db2084c0bec4fb82476aa4865c703ca143497bdcfe612005f49e60,7921.057,7919.9,3655,exact-open-set-id-v2,1788112230770036224,127,127,2049,16464,9075c070a18851d35dcc35a9ceaa30528d8be91b6c6a472a5e88e7f908503bb8,9.793,
234,primary_test_impostor,729,1654,primary_test_impostor,0,152,92,1080,0,False,,0,False,,0,,False,,10.691,0.57,32840,baeb41263f9c7357e013df24f11d6470375bfe971c53c28b1c43389aed6d854d,8470.999,8466.3,3655,exact-open-set-id-v2,1788112230770036224,127,127,2049,16464,455f41ebb04eec6c1fa5d359c33afb494eb5bc02b388b733546c7981a8816a93,16.978,
235,primary_test_impostor,730,1655,primary_test_impostor,0,126,23,1018,0,False,,0,False,,0,,False,,18.986,0.94,32840,51847b4804f2c359dc4581af93865c72cde1fd57cfc5b4406db04f896cb91e28,9162.976,9161.0,3655,exact-open-set-id-v2,1788112230770036224,127,127,2049,16464,59ab97019f90d1a3def329aa43dad37e224371e0bebcc319192867322b7e538d,8.787,
236,primary_test_impostor,731,1656,primary_test_impostor,0,134,102,109,0,False,,0,False,,0,,False,,9.242,0.54,32840,263f4d459345de9a20a16ccd13d9d6484d01d91c6e84fa3e752bf107074545c6,8062.98,8061.9,3655,exact-open-set-id-v2,1788112230770036224,127,127,2049,16464,67fa3c49a78f47949de5384a3d07864492dd80b24abfbf1aabae43b9b6ea2787,6.192,
237,primary_test_impostor,732,1657,primary_test_impostor,0,158,46,1039,0,False,,0,False,,0,,False,,5.519,0.46,32840,a538a12eae52715e90d86f48bfa44bbc59ba1fd9fc2762e24214060cba699a0f,8230.684,8229.6,3655,exact-open-set-id-v2,1788112230770036224,127,127,2049,16464,575a76121364b1b1619f4e335a116bdc48ed127d745e2ab4cde855733f13588c,5.705,
238,primary_test_impostor,733,1658,primary_test_impostor,0,150,121,1106,0,False,,0,False,,0,,False,,5.793,0.48,32840,f024359ce0b4ab3370895631fe1b8e39e81525941f6dbed2fb78673b3a31a3a9,7844.79,7843.9,3655,exact-open-set-id-v2,1788112230770036224,127,127,2049,16464,8a88dd3e586d10a8893e10ba0fd2f037450839029e32ca4cab98d861b72f6983,5.888,
239,primary_test_impostor,734,1659,primary_test_impostor,0,188,61,1052,0,False,,0,False,,0,,False,,6.007,0.48,32840,aa7767beb61b6e6eb4b4f1ba83df9f46839bfeaaa5121d955530cf8018bef2cb,8414.31,8413.5,3655,exact-open-set-id-v2,1788112230770036224,127,127,2049,16464,ac42a63976fa9386967feba0b2a217203a8dcc76699d3d87788e6a215b6916e2,5.512,
240,primary_test_impostor,735,166,primary_test_impostor,0,214,2,10,0,False,,0,False,,0,,False,,6.105,0.45,32840,f3d1856cab75de88519bf6cf7b364341eb9bb26b0d8dd6ebcaa842a790e6a594,7270.462,7269.7,3655,exact-open-set-id-v2,1788112230770036224,127,127,2049,16464,e0487f2b783b6f3ee10b6ba0e0d536ea9018ca231788dd4f8362044e63537f1e,5.229,
241,primary_test_impostor,736,1660,primary_test_impostor,0,154,103,1090,0,False,,0,False,,0,,False,,5.812,0.51,32840,42cea184e457fbc3e71685465e62608387ef6b699d6704e38126dce82844043d,6874.489,6873.9,3655,exact-open-set-id-v2,1788112230770036224,127,127,2049,16464,edf7ad00f52d4f4d46d77d6336b2ceb481d8439cc5bcb317f3257fb05ceb8817,6.609,
242,primary_test_impostor,737,1661,primary_test_impostor,0,155,29,1023,0,False,,0,False,,0,,False,,5.351,0.45,32840,e06a686f0f0a1e039748cc0f0256e2d35105d43605ba0474dd70afe0f909433f,8923.199,8921.8,3655,exact-open-set-id-v2,1788112230770036224,127,127,2049,16464,e22812258b5433c68b43ac807a81e9119065bbaadc66dcb72ba5d44fd473fd7c,6.984,
243,primary_test_impostor,738,1662,primary_test_impostor,0,239,75,1065,0,False,,0,False,,0,,False,,6.586,0.52,32840,6867ca2a166005804352b5431a3cd15e3ff33d62d70d0d85a27b478b86360c65,8058.802,8057.8,3655,exact-open-set-id-v2,1788112230770036224,127,127,2049,16464,4abb6fe1d8d80aa98ffefed1083f1b73b217645ef84acaaac1b6f98ff0baa970,9.524,
244,primary_test_impostor,739,1663,primary_test_impostor,0,194,3,100,0,False,,0,False,,0,,False,,6.111,0.5,32840,32b08a2ca3481dd1be61fa59e4815f951efc823973160288141fdd971d0312ce,8663.332,8662.4,3655,exact-open-set-id-v2,1788112230770036224,127,127,2049,16464,100655105bb292c74824cccc7fa0a31ddd7074e21334d2c0b43b80c3caab660f,6.479,
245,primary_test_impostor,740,1664,primary_test_impostor,0,140,100,1088,0,False,,0,False,,0,,False,,9.035,0.5,32840,47119e1ce205fdf603beda3837b383d59a70ca0672cd742e4d4a4e1cb1a359c1,8016.116,8015.0,3655,exact-open-set-id-v2,1788112230770036224,127,127,2049,16464,51d9a1abdb2a11fe4d2035c3a4d146719d2cb050a01e691b275d45d9adb7e51b,5.925,
246,primary_test_impostor,741,1665,primary_test_impostor,0,243,51,1043,0,False,,0,False,,0,,False,,6.707,0.6,32840,10cc8cbb8366940eb649a6b04bade7ae587727eab6685deb3b6415ce161a5414,9151.932,9150.9,3655,exact-open-set-id-v2,1788112230770036224,127,127,2049,16464,f650d84a22668a202573a27d4aa59c078cd54db415192809d6e9f2b078463823,5.623,
247,primary_test_impostor,742,1666,primary_test_impostor,0,200,113,11,0,False,,0,False,,0,,False,,5.999,0.47,32840,df6a1442e3af7fca7a9947566d434c16499deaa86593ea3a5e95189760352b74,10176.204,10175.0,3655,exact-open-set-id-v2,1788112230770036224,127,127,2049,16464,b8dfd4b7d831e363af741f0cd1998639ead84067f963570b59d9efa85c0de680,6.166,
248,primary_test_impostor,743,1667,primary_test_impostor,0,134,80,107,0,False,,0,False,,0,,False,,7.259,0.51,32840,d01ec1e122829d6975334f32cea7449e6196447cae81a209d56da1f3390a469c,8751.158,8749.7,3655,exact-open-set-id-v2,1788112230770036224,127,127,2049,16464,c7181ac5062547ca7a6cf376c33625904639775a34b357a9b09924a2e4548bca,6.0,
249,primary_test_impostor,744,1668,primary_test_impostor,0,221,40,1033,0,False,,0,False,,0,,False,,6.806,0.49,32840,cad6f504a71774ad20bd69b461870d07490930be0a494ef8319beb9c9d13e0eb,8313.579,8312.2,3655,exact-open-set-id-v2,1788112230770036224,127,127,2049,16464,052fa250d82090b9f04e27355a7038bc6fb4d7be2de0a79c225414aed68000ff,9.075,
250,primary_test_impostor,745,1669,primary_test_impostor,0,136,62,1053,0,False,,0,False,,0,,False,,6.935,0.74,32840,3219df18364a33a0b562208f957c0813a981aabc7db7f317156c839b99f3484b,8443.433,8442.3,3655,exact-open-set-id-v2,1788112230770036224,127,127,2049,16464,7003141678d77e953b28eaaaf8bc82970cdf382e19bc3dbc62da9ab20d925df2,5.632,
251,primary_test_impostor,746,167,primary_test_impostor,0,143,86,1075,0,False,,0,False,,0,,False,,6.077,0.45,32840,4f3f4298c0267fa557beb56a9e068de71fab7980220f05f953f7345e09b51c01,8490.968,8489.9,3655,exact-open-set-id-v2,1788112230770036224,127,127,2049,16464,e938465e4cef8ab1ffa1eb274a33e1522cfbb2c8837e87761679dba534bf1479,6.542,
252,primary_test_impostor,747,1670,primary_test_impostor,0,44,102,109,0,False,,0,False,,0,,False,,5.455,0.47,32840,ca6e5ddcc592017ae486ef0be2bf12a154f9e2c07be0a43e836fe10f5041114b,7464.777,7463.9,3655,exact-open-set-id-v2,1788112230770036224,127,127,2049,16464,a214d80c23377443dfaf6c718bfba602f5606171c7c197b417170fcbd8bedacd,8.236,
253,primary_test_impostor,748,1671,primary_test_impostor,0,108,4,1000,0,False,,0,False,,0,,False,,6.29,0.6,32840,d81cd85adac554107d0788ab1fcca1873b788f4c81b460f7a00e03a46c69c783,7586.682,7582.7,3655,exact-open-set-id-v2,1788112230770036224,127,127,2049,16464,7201bd3bf64193f2eed4c8a0c7e15e884ef9a360186990d94cf2cc0ddee60542,7.479,
254,primary_test_impostor,749,1672,primary_test_impostor,0,122,2,10,0,False,,0,False,,0,,False,,5.907,0.49,32840,07c2211be878d28668f4d7227d4444a3a2d89ca51e27de5f080149aa46864c80,7820.668,7818.9,3655,exact-open-set-id-v2,1788112230770036224,127,127,2049,16464,314b55f1e3a60abaa7a6d3855cd6eee3101318a6bb30751748311f1d763b7c16,5.203,
255,primary_test_impostor,750,1673,primary_test_impostor,0,284,97,1085,0,False,,0,False,,0,,False,,6.773,0.55,32840,ef8903c3524d6b49755fd6127125299a10dd524a80d5a1104b0e00486c03f162,8362.759,8361.6,3655,exact-open-set-id-v2,1788112230770036224,127,127,2049,16464,62cfcb832d35be65c94f692fd467956b1971572cd5177057effebf7c02be3163,6.959,
256,primary_test_impostor,751,1674,primary_test_impostor,0,150,117,1102,0,False,,0,False,,0,,False,,6.598,0.45,32840,50ea878d10dd6d403dbf8cb665bc1fce1a2de48b9f667c79ecc520e7e1e6536e,8614.911,8613.8,3655,exact-open-set-id-v2,1788112230770036224,127,127,2049,16464,604b883d4266b67f716aec4de87383c970c977c8fdc4dbcd41430712642c5d45,6.291,
257,primary_test_impostor,752,1675,primary_test_impostor,0,65,34,1028,0,False,,0,False,,0,,False,,6.306,0.47,32840,7ee31947847eedaa11e46b38c3fe2e053ce01341f82b6f9a8a8b2d824d389422,7750.336,7749.6,3655,exact-open-set-id-v2,1788112230770036224,127,127,2049,16464,384202ff48447d199066ae1646b9abe458d733b544027c078966d1ea5e8d95a2,6.071,
258,primary_test_impostor,753,1676,primary_test_impostor,0,222,2,10,0,False,,0,False,,0,,False,,6.682,0.43,32840,6a15b8a99877212b334a5caab26a22a3aa741c110e58116f1132fde999bdf281,7527.198,7526.5,3655,exact-open-set-id-v2,1788112230770036224,127,127,2049,16464,35c2a639772908c57f9e65f46756bad8d27e3db9c4474e722f023c784e1130dd,6.16,
259,primary_test_impostor,754,1677,primary_test_impostor,0,222,21,1016,0,False,,0,False,,0,,False,,5.525,0.47,32840,8f37b5a395ef706b4e30affc2840cf1c3c7d2ec0ddcb0d0dc591e4426f836590,7446.147,7445.4,3655,exact-open-set-id-v2,1788112230770036224,127,127,2049,16464,81eb4abed7751dc37a69fee60f32e43bd11a28804233d19dcfd779b48df02ece,7.66,
260,primary_test_impostor,755,1678,primary_test_impostor,0,152,27,1021,0,False,,0,False,,0,,False,,6.981,0.51,32840,213fc3877de2123e583c48268a24ef30dcfe3f1145ef420b00fa6fa57140c6a1,7170.522,7169.8,3655,exact-open-set-id-v2,1788112230770036224,127,127,2049,16464,c97151c5f618b5800064ceaa6eb17ca51168da26117e5b355875614bd1a55bfd,6.278,
261,primary_test_impostor,756,1679,primary_test_impostor,0,239,9,1005,0,False,,0,False,,0,,False,,5.296,0.46,32840,3e312794c10f280c265236645adbc3110e326c1017555f5791424a025cf898e2,8331.87,8330.8,3655,exact-open-set-id-v2,1788112230770036224,127,127,2049,16464,bea3917bf9038d5839e530deab8a135b856699c57642fb384fcf25bfdf9c0eb6,6.19,
262,primary_test_impostor,757,168,primary_test_impostor,0,253,24,1019,0,False,,0,False,,0,,False,,8.287,0.5,32840,3d3a4ec87f5d04d303f346e962b36888aa80c49ece6afa7bac7a8428fe8c6f18,7728.556,7727.9,3655,exact-open-set-id-v2,1788112230770036224,127,127,2049,16464,a45b9711bf03599b57dc770e394c74769608b4a0ea9cb706ba86320e9c71329b,6.96,
263,primary_test_impostor,758,1680,primary_test_impostor,0,3,45,1038,1,True,45,46,True,45,46,digiface-45-1038,False,,5.284,0.43,32840,9b46eaf957c9de2e5a6b1be68b1b3d3a884d80bb72b62aefcaf1f13209c800cf,7210.871,7210.2,3655,exact-open-set-id-v2,1788112230770036224,127,127,2049,16464,7ed83d4c6d9c6844476ad5d6f19597be1a4336ea9b40ccc9f140714216c103ff,6.062,
264,primary_test_impostor,759,1681,primary_test_impostor,0,189,19,1014,0,False,,0,False,,0,,False,,5.494,0.43,32840,42c4317080e4084fcdf9b779d8e6d827a5e56e04759413c4395c7f6ec3d87365,7750.464,7749.5,3655,exact-open-set-id-v2,1788112230770036224,127,127,2049,16464,9e5194ae617e4764fa93f6e7430c1e6881f837d6a5752063ef4088bba6b5cffe,8.563,
265,primary_test_impostor,760,1682,primary_test_impostor,0,205,88,1077,0,False,,0,False,,0,,False,,28.817,2.3,32840,9a707cbd9ffec18084dd72510e0d0a7ddf91cbbb1fe4b4e2b18e89aaaabbeb43,9796.28,9795.5,3655,exact-open-set-id-v2,1788112230770036224,127,127,2049,16464,b151a18edba2a4b1e923553bf0311bb56c64ba94e4a406338eb5e0d730469617,6.358,
266,primary_test_impostor,761,1683,primary_test_impostor,0,223,108,1095,0,False,,0,False,,0,,False,,6.343,0.44,32840,ee664e46c4bb0fad0fcb4e713cdea67b615543c77e539a2a2556f2dcd84f0ae6,9763.993,9762.6,3655,exact-open-set-id-v2,1788112230770036224,127,127,2049,16464,39127879d930c7aa4ab28d562a0502937aa543c9f3653bf4a144a0a3e680dd96,7.512,
267,primary_test_impostor,762,1684,primary_test_impostor,0,181,24,1019,0,False,,0,False,,0,,False,,7.025,0.45,32840,832d416d6f4c0f470d07ac2db7eb08a6b85df0867cf37da50fa6b8fd8a909b0e,9760.509,9759.2,3655,exact-open-set-id-v2,1788112230770036224,127,127,2049,16464,b2a6218f4eb1b899d3053997e18ca81a1bcee3bf9311e1ab3a32bd36f4b80e63,6.749,
268,primary_test_impostor,763,1685,primary_test_impostor,0,183,116,1101,0,False,,0,False,,0,,False,,6.777,0.53,32840,6dd35e17b9b195481095b8dacfddf6961b3fcbb5a0598475ff8174a0a5abbe36,12198.831,12186.0,3655,exact-open-set-id-v2,1788112230770036224,127,127,2049,16464,c87159d01d49e5e791864e20dfff5e02cfb44bd460d4709e6de399545ca7d667,42.079,
269,primary_test_impostor,764,1686,primary_test_impostor,0,127,68,1059,0,False,,0,False,,0,,False,,28.137,0.71,32840,5fee09695ca20031e1760045a426c5ae807d9b9f53cc339e731fd20e517bff04,10498.205,10496.9,3655,exact-open-set-id-v2,1788112230770036224,127,127,2049,16464,d71bd4b60fd9d29a711cf024c956572694d4aa1fd99bab04b873fc66391715f0,11.036,
270,primary_test_impostor,765,1687,primary_test_impostor,0,89,81,1070,0,False,,0,False,,0,,False,,9.125,0.85,32840,2de440170bc5beb976b93ae80eac0a3dc6323d0255b30f71cba499b7d9f64080,10946.421,10944.4,3655,exact-open-set-id-v2,1788112230770036224,127,127,2049,16464,8347b74de3841dc091027e80e1ecc137d99467477489d87aefd135f03c0c6edb,11.206,
271,primary_test_impostor,766,1688,primary_test_impostor,0,177,32,1026,0,False,,0,False,,0,,False,,11.704,1.01,32840,97eecccea1b5d251ea2b5423efdf6e30e570a045dcfa00e2531c1768d486fea6,11103.527,11093.9,3655,exact-open-set-id-v2,1788112230770036224,127,127,2049,16464,6032cf162d61c21a26653128c978a1a0529a3873caa9549cb29d141b761bc3f2,30.301,
272,primary_test_impostor,767,1689,primary_test_impostor,0,119,81,1070,0,False,,0,False,,0,,False,,14.471,0.9,32840,5750d8603342b91d0b3dd45ee1a48b20c9c5e3b3a8c7e5666d4940730099a827,10214.515,10211.7,3655,exact-open-set-id-v2,1788112230770036224,127,127,2049,16464,5a4c400207fd84a021bf5297ec9c214115e3e30d4de88950764ed0a6928fdd72,6.998,
273,primary_test_impostor,768,169,primary_test_impostor,0,47,65,1056,0,False,,0,False,,0,,False,,7.403,0.53,32840,56264810097d340cd01e5e2b5348f713a89a875485228a8b4e49bcbe04bbe912,11362.481,11359.8,3655,exact-open-set-id-v2,1788112230770036224,127,127,2049,16464,3556bfd44316140d6ff8002cff3e97168bb485173c1c9d1fa970630c53ce9dbc,24.795,
274,primary_test_impostor,769,1690,primary_test_impostor,0,186,3,100,0,False,,0,False,,0,,False,,12.548,0.88,32840,c243197e2faacfe898d6310f08f5a4852368592528ed57d95f020d7f90797e6f,10019.009,10017.5,3655,exact-open-set-id-v2,1788112230770036224,127,127,2049,16464,b598ea7a97b2adc64e037e58a4464845bb0ece08aa132767029428e303c6e917,11.118,
275,primary_test_impostor,770,1691,primary_test_impostor,0,217,51,1043,0,False,,0,False,,0,,False,,13.366,0.5,32840,a22ee4785a67cae157044005605c1999e38370fd781f788002d2259943724cca,10761.824,10760.4,3655,exact-open-set-id-v2,1788112230770036224,127,127,2049,16464,5ae5d9d572be3df75bfbaf8bc71437c78b019b36265936c9501a67d7212b950b,9.918,
276,primary_test_impostor,771,1692,primary_test_impostor,0,154,61,1052,0,False,,0,False,,0,,False,,11.116,1.05,32840,9d8318d9ab46abc8e79d33e4b8e6e3fbadfe2a371c713d1c1149919fe0f6fc3c,9549.907,9548.5,3655,exact-open-set-id-v2,1788112230770036224,127,127,2049,16464,4cd85d68ef1f1ead814634a706d269e05255dfaebcd4d033aa07f1529acaafc7,6.33,
277,primary_test_impostor,772,1693,primary_test_impostor,0,252,125,111,0,False,,0,False,,0,,False,,6.46,0.45,32840,2d8d623a6740e95b68638749ee901df45aebb17e5bbe1597a6c57389115694fe,9853.719,9852.1,3655,exact-open-set-id-v2,1788112230770036224,127,127,2049,16464,6ff396ccb52ca1810abe34fc9f7ab5cdb13c5c4e18c85803d155ef7549bff85f,11.136,
278,primary_test_impostor,773,1694,primary_test_impostor,0,254,2,10,0,False,,0,False,,0,,False,,13.071,0.47,32840,98592f55ae40bf4960c49c970186e84ef01d4f093e150674e1e0de306d1f5960,10287.424,10285.8,3655,exact-open-set-id-v2,1788112230770036224,127,127,2049,16464,044ab965d333b80f2ba42b7f300621ca0a26c23bcac42390ce6be20c93730627,11.545,
279,primary_test_impostor,774,1695,primary_test_impostor,0,173,81,1070,0,False,,0,False,,0,,False,,8.107,0.49,32840,2c828a28e1c6c0142259e1262bc83e8f0b1c6638a8902c5e43fdc472ee3f7369,10070.28,10068.4,3655,exact-open-set-id-v2,1788112230770036224,127,127,2049,16464,e49cdfeae083632e80b9e9792ac4941e3977424b843afa612f88c1702c42b501,8.431,
280,primary_test_impostor,775,1696,primary_test_impostor,0,208,70,1060,0,False,,0,False,,0,,False,,9.773,0.55,32840,24eaa9116bcddff88446b1bc8b7f6c69b8e14aeaa449609b755aef3bacfe2e97,13055.716,13052.5,3655,exact-open-set-id-v2,1788112230770036224,127,127,2049,16464,d94631661e38ea6d4b41044476b9f043daeedcb58e1bb85eea7588553e32a892,7.825,
281,primary_test_impostor,776,1697,primary_test_impostor,0,254,85,1074,0,False,,0,False,,0,,False,,9.643,0.52,32840,f19498e1374a67e94ae6d48fa361069024a59d2472367d56939e9071d47a8ea0,9123.996,9118.7,3655,exact-open-set-id-v2,1788112230770036224,127,127,2049,16464,ec988c7026bf549a5b6b54fad17594d20f632bd90697fe2a00ea0047a55e56c4,6.603,
282,primary_test_impostor,777,1698,primary_test_impostor,0,146,46,1039,0,False,,0,False,,0,,False,,6.796,0.5,32840,5e8e789050ad522167014410827b7bcdfb6b2c768feb3303ec6a7f3ef5d27cb5,9628.108,9626.7,3655,exact-open-set-id-v2,1788112230770036224,127,127,2049,16464,da13fdf84b757d01c6eb23c6ea4dd1902eeb0c6400873af1ba7678771de71481,6.511,
283,primary_test_impostor,778,1699,primary_test_impostor,0,212,100,1088,0,False,,0,False,,0,,False,,7.076,0.57,32840,cda90fd26c61829d1302b351e51faa14d93bfbc96423deb874a9bb8070996dc9,8697.483,8696.5,3655,exact-open-set-id-v2,1788112230770036224,127,127,2049,16464,45054d9d971038cffaea985a9da1e4294e0e0f72272172a475e19a8a81bbc412,6.819,
284,primary_test_impostor,779,17,primary_test_impostor,0,281,29,1023,0,False,,0,False,,0,,False,,7.067,0.52,32840,d402f4ed401db8300afe11f9902b4792107dbe92612f79a91fae06e767b6d35e,8545.655,8544.8,3655,exact-open-set-id-v2,1788112230770036224,127,127,2049,16464,23a50f6357076d7ff8e75983abbaace2d5bbcf2756dc5fe642fb6a8a5f37a188,6.372,
285,primary_test_impostor,780,170,primary_test_impostor,0,178,20,1015,0,False,,0,False,,0,,False,,8.346,0.61,32840,b65bcd69b88d1a125fee2f90990c485fee6446f7cfae4867d82ca36c2d3338e2,8867.498,8866.7,3655,exact-open-set-id-v2,1788112230770036224,127,127,2049,16464,0642ffc6d9436a9972f95686fbaf1c5dbcadc169438600f7e62fbfbf466a713f,6.588,
286,primary_test_impostor,781,1700,primary_test_impostor,0,198,3,100,0,False,,0,False,,0,,False,,6.073,0.44,32840,f319f5c8c7f975066807af7e31ade5c5d0670cd30b8ecd27708cefb642342781,7964.215,7962.1,3655,exact-open-set-id-v2,1788112230770036224,127,127,2049,16464,d22e09263ed0cb79ac173213e732af11dc5f54dfa1192bf7298012fea9cff3a8,11.209,
287,primary_test_impostor,782,1701,primary_test_impostor,0,44,100,1088,0,False,,0,False,,0,,False,,10.412,0.55,32840,640f9f6e6613d671bcfec482a06cfdb715e6c640e4be8f1f46a2b1b51b4863a7,7861.196,7860.0,3655,exact-open-set-id-v2,1788112230770036224,127,127,2049,16464,0d1f60175d9f1da7eb69598dd9607c6c2d1d29ac0ec7dad06cfefdc17a3454ff,6.225,
288,primary_test_impostor,783,1702,primary_test_impostor,0,82,23,1018,0,False,,0,False,,0,,False,,6.055,0.48,32840,d6103f80f759e63216fead54b901caa0467fc2b420ca068337e391cbd658320c,8853.998,8852.8,3655,exact-open-set-id-v2,1788112230770036224,127,127,2049,16464,7e4b2cc19546af77d0c298793b2e46ccf0bd8d202743124b88d9c9cf7e760988,9.215,
289,primary_test_impostor,784,1703,primary_test_impostor,0,165,74,1064,0,False,,0,False,,0,,False,,5.847,0.48,32840,f12103534e6496fdae64e9b676d0abbeaee03af937d10ab84dd59fcc8e17bb2d,8528.179,8527.1,3655,exact-open-set-id-v2,1788112230770036224,127,127,2049,16464,e3f2b7c21adc8d12eaa00e25a4eb50c3a793337250c8f0cd5191fe0fcdaf8818,6.101,
290,primary_test_impostor,785,1704,primary_test_impostor,0,155,58,105,0,False,,0,False,,0,,False,,6.662,0.48,32840,fa7819ab7c51048effa4be4e551b8c7af7a9fa5eb9b69d18684d7e734d71d048,7821.7,7820.6,3655,exact-open-set-id-v2,1788112230770036224,127,127,2049,16464,a0e2466ffac250aa59e0ad6e6af076d98352404fc57fd7f082d99ccfa54ebef3,7.795,
291,primary_test_impostor,786,1705,primary_test_impostor,0,170,7,1003,0,False,,0,False,,0,,False,,6.16,0.48,32840,d8f4df42b81b8acf224b074dcb9fb2eaaa1f40194dd9bb5746a2594a3a3a6c1f,7378.492,7377.6,3655,exact-open-set-id-v2,1788112230770036224,127,127,2049,16464,b821d06de4f3347e42352b29a0633d13772d7ae8bb348a9ad1970c1b53998081,6.048,
292,primary_test_impostor,787,1706,primary_test_impostor,0,187,64,1055,0,False,,0,False,,0,,False,,6.267,0.45,32840,4a91fc8a7e99097e55b683090498549358697e6feea7ff1337c11ab56b8f770a,7661.516,7660.3,3655,exact-open-set-id-v2,1788112230770036224,127,127,2049,16464,431ae727ce63ac015d0d0aad838e10d5654504b95368425a3a1706380c4107fc,7.408,
293,primary_test_impostor,788,1707,primary_test_impostor,0,68,99,1087,0,False,,0,False,,0,,False,,8.441,0.54,32840,697185ff6f6afb0842240b6d9d8548e85e6ad7e4546290ffcc3e365fee9805fe,9015.351,9013.9,3655,exact-open-set-id-v2,1788112230770036224,127,127,2049,16464,e028fe9202769dfb3c1f15692a9195c8c826dd8e6f4a66349bdb46a1526d9a61,11.086,
294,primary_test_impostor,789,1708,primary_test_impostor,0,151,114,110,0,False,,0,False,,0,,False,,13.47,0.92,32840,ab5a6e07ee10981bacf77cd760289c5ed9b47572d56544b2315f3bff21368130,9028.423,9026.7,3655,exact-open-set-id-v2,1788112230770036224,127,127,2049,16464,51368174a6efd4e52f65e25162e6837a0d569de9d249800ec4f0b10c17125949,12.443,
295,primary_test_impostor,790,1709,primary_test_impostor,0,172,23,1018,0,False,,0,False,,0,,False,,9.456,0.48,32840,ba158ba427ea7141fbfca9d020f7fb2718893508357ee4fab4190cbb652004d7,9466.98,9465.6,3655,exact-open-set-id-v2,1788112230770036224,127,127,2049,16464,36380c464eaafcc35406fd023b99e8a4a5e9f780d0ebfcbc4403b9f6667ecfed,6.925,
296,primary_test_impostor,791,171,primary_test_impostor,0,159,63,1054,0,False,,0,False,,0,,False,,7.472,0.47,32840,1b355506470868f41b6af43081bc8b2a541507f1d3b2caf2977d1e10af9489ec,11396.252,11394.7,3655,exact-open-set-id-v2,1788112230770036224,127,127,2049,16464,5b452e4e1cef15e60ba7d3ecd7b02946bbb0a5de549fcf841ec4f9b335016226,7.31,
297,primary_test_impostor,792,1710,primary_test_impostor,0,89,111,1098,0,False,,0,False,,0,,False,,6.775,0.53,32840,9b9b21ae5ccad06dde2526d66dcf85602d2a22ae0d2a2ef239a08565903713f2,11145.912,11144.7,3655,exact-open-set-id-v2,1788112230770036224,127,127,2049,16464,a082dc3b60aaeb475eceb4f94048951074d20bb8d803f163e68f370f4113a225,7.848,
298,primary_test_impostor,793,1711,primary_test_impostor,0,255,86,1075,0,False,,0,False,,0,,False,,7.431,0.65,32840,264aa9e853e4bf797167eec4c6762fe305856598558588fb82d2944030f3887a,10785.871,10784.3,3655,exact-open-set-id-v2,1788112230770036224,127,127,2049,16464,fb96079ae0d0c3fadad6755680a0210d3bfd33ae57eb3055cea0764fb06ae370,9.108,
299,primary_test_impostor,794,1712,primary_test_impostor,0,288,18,1013,0,False,,0,False,,0,,False,,8.542,0.74,32840,052fa32ddde9d4611bb68852b8967f8683f3436664404c4e146c24bdd6182ecd,10483.174,10481.6,3655,exact-open-set-id-v2,1788112230770036224,127,127,2049,16464,b2daca1a6b11ec9f922b6e46c75fcfbec313dfb24f4f6de36b414e0cb41994e9,26.524,
300,primary_test_impostor,795,1713,primary_test_impostor,0,322,61,1052,0,False,,0,False,,0,,False,,18.343,1.66,32840,c5bebe9e3337ee7d12c62f95739e6374d3f661aa48446ff6b59d11049373ef62,9248.257,9246.5,3655,exact-open-set-id-v2,1788112230770036224,127,127,2049,16464,30d5d823ce355abff15eabfae25f7358d4af9443c731dbc692e5f044577e59cf,8.329,
301,primary_test_impostor,796,1714,primary_test_impostor,0,60,33,1027,0,False,,0,False,,0,,False,,7.891,0.49,32840,d4b74fb439151094a94616e54d36dc9c1588b12209769f261d92f25f135b6b0f,11706.557,11704.6,3655,exact-open-set-id-v2,1788112230770036224,127,127,2049,16464,e28f7bd1e8938b9dd4dfe483275aec6c44b392f73db8803cbdf4ae6b1422f298,9.736,
302,primary_test_impostor,797,1715,primary_test_impostor,0,68,3,100,0,False,,0,False,,0,,False,,7.08,0.73,32840,50fe994919a82acee8aec02ce1bae628fb930c45994ab45b25f57bae27ca4891,9785.719,9785.0,3655,exact-open-set-id-v2,1788112230770036224,127,127,2049,16464,b3b6190757a2b7fe27990f080d87ccf9811260fc3e229cd3ffe548c68db6ed7b,5.803,
303,primary_test_impostor,798,1716,primary_test_impostor,0,211,95,1083,0,False,,0,False,,0,,False,,6.56,0.56,32840,53e8ff10e482092bec1e8e9ee7416b3ba693918e6f82923c56bd431919ba6460,8176.393,8175.5,3655,exact-open-set-id-v2,1788112230770036224,127,127,2049,16464,a47b1bf01d98f02ed895b1686d37143976769e2e888e0cbf893d1796c10799ec,5.456,
304,primary_test_impostor,799,1717,primary_test_impostor,0,243,82,1071,0,False,,0,False,,0,,False,,6.074,0.5,32840,86a6dc4e01996a7e891f96493df279992753bda6a7ff7dcd27cd950848efa8d2,7764.972,7764.2,3655,exact-open-set-id-v2,1788112230770036224,127,127,2049,16464,f0fba940d0d0d828c36c8a0b9028997883732c693e77323fb585f015cef648f7,8.232,
305,primary_test_impostor,800,1718,primary_test_impostor,0,208,2,10,0,False,,0,False,,0,,False,,8.104,0.62,32840,b42529e05357aa9fef1485fd30d4205b070eebe51be3373374aae3a56ae565d8,9006.696,9005.9,3655,exact-open-set-id-v2,1788112230770036224,127,127,2049,16464,d8892d370f37abba84a78a5ab52a13f61c9f5a8029b881fe0e6a46c43dffe96a,5.263,
306,primary_test_impostor,801,1719,primary_test_impostor,0,159,59,1050,0,False,,0,False,,0,,False,,5.909,0.46,32840,252e591bf25a947cdcb3b9fb1042330ca2d4015508178ec6fcff0a6d01fc933f,8114.376,8113.5,3655,exact-open-set-id-v2,1788112230770036224,127,127,2049,16464,c182b84e4601f91a0819d25cb2a7ddeda4437b0b59a8e09cda64c25e1ced31e2,5.985,
307,primary_test_impostor,802,172,primary_test_impostor,0,237,29,1023,0,False,,0,False,,0,,False,,6.236,0.47,32840,2b9d29fc6cc54b303ce57acf1723dc617d77a4a5c9790f2310e9d92df3d8d57d,9246.606,9245.7,3655,exact-open-set-id-v2,1788112230770036224,127,127,2049,16464,d129d3e1e3a0d48ef1f1b90443a132bf3580401a2d6778f3843ba82272eaa716,7.198,
308,primary_test_impostor,803,1720,primary_test_impostor,0,248,17,1012,0,False,,0,False,,0,,False,,5.897,0.46,32840,03d6b97fdcec713f18521309d6c95ef323e7333dae72918c0da1e223834a0892,9987.75,9987.2,3655,exact-open-set-id-v2,1788112230770036224,127,127,2049,16464,eb246762c054ca651846ed4903b4cffe1f6e5cd05705ece38ecb1faab937a2a1,5.955,
309,primary_test_impostor,804,1721,primary_test_impostor,0,170,62,1053,0,False,,0,False,,0,,False,,5.692,0.47,32840,107defe35f01602dabe992356216390850be5bd2f109f4a09510491a2637ef4d,8814.564,8813.8,3655,exact-open-set-id-v2,1788112230770036224,127,127,2049,16464,14993d0c041fa690bd2e2a7e4c40f00df35ae95593bb9ac0444b172c39df535f,5.761,
310,primary_test_impostor,805,1722,primary_test_impostor,0,232,119,1104,0,False,,0,False,,0,,False,,6.204,0.49,32840,6977b2e8adf7e0529f343f364811e82c813ffe61614b933efc3e179e76fc982a,8628.808,8627.8,3655,exact-open-set-id-v2,1788112230770036224,127,127,2049,16464,c26997c6747b42d97a78fa06d717e684a8880bc4372e612256db6a4db669d655,5.361,
311,primary_test_impostor,806,1723,primary_test_impostor,0,101,32,1026,0,False,,0,False,,0,,False,,5.581,0.44,32840,0027bfb96bf5c657d2b16c084dd203a32e91d53b9163ddd6e7cc6654dd368382,8582.863,8581.9,3655,exact-open-set-id-v2,1788112230770036224,127,127,2049,16464,7415070aed3b8e4963a88f237672df1695df3eca4f64b62e347703531844ae37,7.313,
312,primary_test_impostor,807,1724,primary_test_impostor,0,176,6,1002,0,False,,0,False,,0,,False,,7.538,0.46,32840,bdafa3dc4dee16fabcae64ff17fe0b39fc4559712fa467272e71a95590d80c52,8702.238,8701.2,3655,exact-open-set-id-v2,1788112230770036224,127,127,2049,16464,e140346d34c55270e3aa7b2a71421a269960aac1edabb55d466a75a5e2ff2376,6.276,
313,primary_test_impostor,808,1725,primary_test_impostor,0,204,85,1074,0,False,,0,False,,0,,False,,5.912,0.44,32840,33eb99ea4a8a0fd7448bf7474dcb3f70e3762006230576626d437b7fa15eb907,7953.711,7953.1,3655,exact-open-set-id-v2,1788112230770036224,127,127,2049,16464,e931ac0444f2e251f5f3453a5304724e9e2c42c54eaf01002145e304b88d383a,7.077,
314,primary_test_impostor,809,1726,primary_test_impostor,0,36,54,1046,0,False,,0,False,,0,,False,,6.14,0.52,32840,fb5e0dd6ea2cb713d7a3a14ef465a93f0b3278087a60bf2e5449d6b963aa7e0c,8184.167,8183.4,3655,exact-open-set-id-v2,1788112230770036224,127,127,2049,16464,c7d34311faa2fa29a266f175d56044a077fc41641e99324ffd9a057721564c70,8.0,
315,primary_test_impostor,810,1727,primary_test_impostor,0,245,120,1105,0,False,,0,False,,0,,False,,5.821,0.47,32840,147d022675104293a7f46a74d40e43f12c3d19a06dcf945517d4023679636ad9,8426.313,8425.6,3655,exact-open-set-id-v2,1788112230770036224,127,127,2049,16464,693907febf0dece28ec6f1aaa1470a06701a50c7fce85fd62baa831ffb1c5d60,5.63,
316,primary_test_impostor,811,1728,primary_test_impostor,0,78,99,1087,0,False,,0,False,,0,,False,,5.562,0.53,32840,4d12b9e317139aac0e511edac2f494a2cede4aaaf96f4370ffba3851e331b223,8803.82,8802.8,3655,exact-open-set-id-v2,1788112230770036224,127,127,2049,16464,a784f36bc85a03a2076284c21ed38de18799837bdc63ddc65f8a5a37bb3619d2,6.957,
317,primary_test_impostor,812,1729,primary_test_impostor,0,211,120,1105,0,False,,0,False,,0,,False,,7.207,1.12,32840,c5b6dc01cb3a5c4c9a6a409e2ed5eb8da3bdd0d42f4e2f39cf750cd0ea2926f8,9298.482,9297.7,3655,exact-open-set-id-v2,1788112230770036224,127,127,2049,16464,237037489e91e1d155f9e41ad8d7dbd490dc3ad6b3db9b0e4bcfd9276a993c80,6.237,
318,primary_test_impostor,813,173,primary_test_impostor,0,123,53,1045,0,False,,0,False,,0,,False,,5.787,0.51,32840,b060dbc40297e6d62a6140cc3e837757d14ea529ce104d8e052034a4089b904c,7891.488,7890.4,3655,exact-open-set-id-v2,1788112230770036224,127,127,2049,16464,9e32c0e79406f24f667c98c9226bbaa05dfa59884ad4ace1a61029b76b4d3612,22.978,
319,primary_test_impostor,814,1730,primary_test_impostor,0,226,3,100,0,False,,0,False,,0,,False,,13.278,0.49,32840,62d4a126b816db375ce09aaf66247d7b31956b0dd5ba01e83eeaf75e14b71437,8523.941,8522.5,3655,exact-open-set-id-v2,1788112230770036224,127,127,2049,16464,0bb4cb9ae1565722f7d9c8b7e529c34d5ac41a0b1ed67467b60697e0a90e728e,10.346,
320,primary_test_impostor,815,1731,primary_test_impostor,0,238,119,1104,0,False,,0,False,,0,,False,,6.769,0.53,32840,fc1d56d8d828ce06a734126c1d64e3faa21db786968ceff33fb8cda4799d06f4,8553.045,8551.8,3655,exact-open-set-id-v2,1788112230770036224,127,127,2049,16464,8bbeb7e7fb752de29c05f27a3d78db0e23b3d88692ba70ad8a3b3d0e6f7b83e9,8.325,
321,primary_test_impostor,816,1732,primary_test_impostor,0,229,120,1105,0,False,,0,False,,0,,False,,6.596,0.52,32840,b5d09916fe8ddb06028227baa1122ea046daca28f5481a7f3cdfb5e5941ea0ce,11584.873,11583.5,3655,exact-open-set-id-v2,1788112230770036224,127,127,2049,16464,622da16f33965d8206ab46e378596aeac0aca7772ee38373726fa03b7457379c,12.592,
322,primary_test_impostor,817,1733,primary_test_impostor,0,208,119,1104,0,False,,0,False,,0,,False,,11.23,1.04,32840,a58fc42db14904d5356f0c9c279d41a0013608233ebfeaedc7b274745d114cad,16176.0,16174.7,3655,exact-open-set-id-v2,1788112230770036224,127,127,2049,16464,75add6948c6dca8d0813f05313aea6748fc6c41cabc5de2fb7dbdc186992dd64,11.398,
323,primary_test_impostor,818,1734,primary_test_impostor,0,90,102,109,0,False,,0,False,,0,,False,,13.784,0.52,32840,247fcd9299daa1bd68a917172f7f6de02c905b7e51d19a15018a34812f119bc8,14759.332,14757.8,3655,exact-open-set-id-v2,1788112230770036224,127,127,2049,16464,649a645d1865bcacb7fcc14d0cf85ded14bafc66e386b12933379225de97dde9,14.716,
324,primary_test_impostor,819,1735,primary_test_impostor,0,168,21,1016,0,False,,0,False,,0,,False,,21.679,0.49,32840,af87099c4d51f2e20667ab43a8f6d2ac75e4ce96d6bc0d5b4648eb7e2307b63c,16123.85,16122.1,3655,exact-open-set-id-v2,1788112230770036224,127,127,2049,16464,b048c51c6b07994b08757fdaf4f89ba7725f21bec4fad34af6e17a0725b4de94,11.137,
325,primary_test_impostor,820,1736,primary_test_impostor,0,80,80,107,0,False,,0,False,,0,,False,,16.33,0.93,32840,cd8a3a37b831a1044c83fade4b08f4d1b1342bfb7f56727c12c7d719e024593e,14721.388,14715.1,3655,exact-open-set-id-v2,1788112230770036224,127,127,2049,16464,2504ca7e95d000b283af76adbafe0658bef64ee3d8803cecc901bb4b0bae7913,10.343,
326,primary_test_impostor,821,1737,primary_test_impostor,0,183,19,1014,0,False,,0,False,,0,,False,,10.622,0.77,32840,0a4e3f76a6f682fe1d6d2a2d64291a8d14fc24cefe6b9f4da4504ddf801fff08,13238.495,13236.5,3655,exact-open-set-id-v2,1788112230770036224,127,127,2049,16464,a2fb74c27f86a460e953f0ada5e7a1e5f9bc56d7afe80bb304e5719f6794c666,13.434,
327,primary_test_impostor,822,1738,primary_test_impostor,0,267,24,1019,0,False,,0,False,,0,,False,,10.374,0.67,32840,d5c19086ae137208ed543f684871906e89551c8b0cc61992274e6dc862074118,10892.689,10890.4,3655,exact-open-set-id-v2,1788112230770036224,127,127,2049,16464,289dbc6fb489ef79553876fbe718f365e6d1b3541479abe5e0f0fd11a037278b,13.316,
328,primary_test_impostor,823,1739,primary_test_impostor,0,110,3,100,0,False,,0,False,,0,,False,,10.667,0.61,32840,3c61439cfe7a1105c8739a2deefe367f3f44b91895ff2477f2d885c6a7931f29,12214.819,12211.8,3655,exact-open-set-id-v2,1788112230770036224,127,127,2049,16464,031338463c8c18e7d878f4ca6c2515805eb38752f9956c20584bbbd3074937a6,17.765,
329,primary_test_impostor,824,174,primary_test_impostor,0,179,64,1055,0,False,,0,False,,0,,False,,12.986,0.53,32840,fc8aff85f059fe9831fc8f66d39e55a1129ccdd8fe577e15012b6c5b46ad4a8a,10466.181,10464.6,3655,exact-open-set-id-v2,1788112230770036224,127,127,2049,16464,d2032d24e206de86ef3da11cdc60f0a7787cb423a4ed16398bd2b2f2684d24b1,8.474,
330,primary_test_impostor,825,1740,primary_test_impostor,0,141,76,1066,0,False,,0,False,,0,,False,,9.8,0.45,32840,115d4ceedc3ae5f0298148a5a9348b769b9055238555e4f828d9d89057a930cb,9851.812,9850.5,3655,exact-open-set-id-v2,1788112230770036224,127,127,2049,16464,8737c14820b3ce7f35cb095eebcc007180f76c04c140b278cc92ecc13260f2f1,6.229,
331,primary_test_impostor,826,1741,primary_test_impostor,0,280,100,1088,0,False,,0,False,,0,,False,,6.107,0.45,32840,e60d9f437e7d0ec1de3a70eb48b7c742e7077d5f1fbc7823a649a1db4ca1318a,9725.285,9723.5,3655,exact-open-set-id-v2,1788112230770036224,127,127,2049,16464,913b6f7868e9b81662829488cac27b15c090fbde91e24c9e91dc772f1206a609,9.346,
332,primary_test_impostor,827,1742,primary_test_impostor,0,218,99,1087,0,False,,0,False,,0,,False,,11.862,0.67,32840,e197c99289e11446e6e50f566185bf00a09b60bb5e040fa6880cd7fb95980397,10373.437,10370.7,3655,exact-open-set-id-v2,1788112230770036224,127,127,2049,16464,d9958e4a13434686b1309b5a056b8a15f533b603c7e643e1fa320841f25a8a37,10.738,
333,primary_test_impostor,828,1743,primary_test_impostor,0,223,98,1086,0,False,,0,False,,0,,False,,6.43,0.44,32840,49e66f5c3aa9bba8c5159701fb5397c02ba5614185d8e09de8e4bd8e64d286ba,10637.786,10636.6,3655,exact-open-set-id-v2,1788112230770036224,127,127,2049,16464,7f3a2a38393d684395e059ab28ba37a5f52df47d21291c78684dd52e7d4d3d2f,11.741,
334,primary_test_impostor,829,1744,primary_test_impostor,0,120,93,1081,0,False,,0,False,,0,,False,,13.311,0.63,32840,125743880b238b34f9164ccbf98b41f9ffd9fa1566e632e87007b02727ef3809,11109.619,11106.8,3655,exact-open-set-id-v2,1788112230770036224,127,127,2049,16464,2efdd642f499c5e243216dd58622e3614d035a5a333d2ac3bca0dfa94ee6e921,7.166,
335,primary_test_impostor,830,1745,primary_test_impostor,0,240,122,1107,0,False,,0,False,,0,,False,,7.498,0.99,32840,f4102a012faa78785e5e034cb2ce43370a290fc611068083f8baa80c4dc1ecf0,9886.915,9883.1,3655,exact-open-set-id-v2,1788112230770036224,127,127,2049,16464,ffc6f19a39c5a4880b5e494c3903ef5fc50affb4faf1d37858523f043c35fb22,14.115,
336,primary_test_impostor,831,1746,primary_test_impostor,0,150,80,107,0,False,,0,False,,0,,False,,6.611,0.44,32840,9bf24cfa2ad42e8f5eb7b1830b383ff89e78e21822055828a77aff42afa8ff1d,10781.505,10780.5,3655,exact-open-set-id-v2,1788112230770036224,127,127,2049,16464,bb7b52ab7a201d628876b681d0e9b62432f4c6ccdad7dab57a48a440723e4af1,9.503,
337,primary_test_impostor,832,1747,primary_test_impostor,0,209,25,102,0,False,,0,False,,0,,False,,7.979,0.46,32840,401cfa3dbb45ae818cf665dc406af9d42fcab179864e446539fd267f4bc3de29,9978.891,9977.4,3655,exact-open-set-id-v2,1788112230770036224,127,127,2049,16464,8a4b38988905d2998edffee1becda5faa2148beec1c50606f4487f671622c212,7.201,
338,primary_test_impostor,833,1748,primary_test_impostor,0,242,33,1027,0,False,,0,False,,0,,False,,6.979,0.46,32840,b121b457bade276c493518878bdd00d637062aa26ce38ef98957f39e692dd3b8,10195.134,10193.6,3655,exact-open-set-id-v2,1788112230770036224,127,127,2049,16464,a6f4e2f27533d3fc6ef62bc9755c9c3a9544e8a31ef926d807d5a3ccbf2f2b55,8.375,
339,primary_test_impostor,834,1749,primary_test_impostor,0,175,98,1086,0,False,,0,False,,0,,False,,12.03,0.92,32840,f99b4ce731dc6b6fb1c1a75d17ff965530776ffb38a020cce4a690261d8398b1,10566.541,10564.7,3655,exact-open-set-id-v2,1788112230770036224,127,127,2049,16464,7480d73239e5a527b4b579d27fe5e406a4412f9a49782e4616b0da38b7f7a2e9,16.886,
340,primary_test_impostor,835,175,primary_test_impostor,0,156,10,1006,0,False,,0,False,,0,,False,,27.209,0.55,32840,540ece22f441cfe0ac7657e08ea87c8240f29a0041d048ca9e336e4ae0f64ea7,11227.363,11226.1,3655,exact-open-set-id-v2,1788112230770036224,127,127,2049,16464,6b3b58bf89017507ccf7672261ce6af13f0226d4bb2e9607a28bad2006b6dbf5,24.547,
341,primary_test_impostor,836,1750,primary_test_impostor,0,117,107,1094,0,False,,0,False,,0,,False,,16.864,1.07,32840,09c0c5e24e6dae339e3e3f0f9e14848470cc779d9daae0a2e07bdc8418de9235,9591.413,9588.9,3655,exact-open-set-id-v2,1788112230770036224,127,127,2049,16464,671c8011a223c9dac5c93c5079f38d79af6e4871a1ffd40a5cf71016515656c0,14.316,
342,primary_test_impostor,837,1751,primary_test_impostor,0,191,116,1101,0,False,,0,False,,0,,False,,12.984,0.58,32840,e9103c400418763a08ccb29e41aa0ee43a72fc0cab98991b8061f213be5b45c5,11132.055,11130.8,3655,exact-open-set-id-v2,1788112230770036224,127,127,2049,16464,0bdcc01ac085f58827aecd9c1f9dc9092666913d17ade39539f876915fcb530d,10.623,
343,primary_test_impostor,838,1752,primary_test_impostor,0,160,54,1046,0,False,,0,False,,0,,False,,8.913,0.64,32840,13cfce37c6367d366820a4e9f50268b90e111d5ecbcdea7b07ef62e4ac1c02c0,10552.492,10547.3,3655,exact-open-set-id-v2,1788112230770036224,127,127,2049,16464,985317c7dd3e3537ac14aed74ac0e4a9caeaaf56b0a9aea6bc42bbfb0575006e,66.352,
344,primary_test_impostor,839,1753,primary_test_impostor,0,212,8,1004,0,False,,0,False,,0,,False,,13.57,1.29,32840,ee341dfb46d9ad37e27120751703b7541fcd3c4c08cd41689df5eb8ddc2fd122,11247.176,11242.6,3655,exact-open-set-id-v2,1788112230770036224,127,127,2049,16464,12f169da4e6859b08502fd683095557cfe6f37cd79a3bfc3875b2e55556a6bc2,6.822,
345,primary_test_impostor,840,1754,primary_test_impostor,0,216,23,1018,0,False,,0,False,,0,,False,,7.818,0.46,32840,ccab7f52501cfd9bbc24099ee0f0fdc5ecf04205943cb8f5e02058926d3e6248,10235.207,10233.9,3655,exact-open-set-id-v2,1788112230770036224,127,127,2049,16464,c7ada67b021abce364d458787bd0953d31c6fac2620ff5d602cc65ca80594704,7.91,
346,primary_test_impostor,841,1755,primary_test_impostor,0,148,70,1060,0,False,,0,False,,0,,False,,7.566,0.46,32840,8694f7a59eb4adbc096d593a0d13e6e13b2694b531f6004ed4dae0b18de1ae30,10155.444,10153.4,3655,exact-open-set-id-v2,1788112230770036224,127,127,2049,16464,8a8f962d55f9521a69cd9d5e7cd55d1bd8c9aa678d8fa2c90a58e9ca06f7343e,13.759,
347,primary_test_impostor,842,1756,primary_test_impostor,0,257,95,1083,0,False,,0,False,,0,,False,,9.353,0.87,32840,5ba7723f72e102f830a577c6bf2fb9cc89e5cfc880528fddff634e9aac80ac56,10430.823,10429.4,3655,exact-open-set-id-v2,1788112230770036224,127,127,2049,16464,9d4b8de86f24b0f60591f9aa875c9a7c33bd0a656f93a7c1aac31c52f93e3891,6.751,
348,primary_test_impostor,843,1757,primary_test_impostor,0,134,93,1081,0,False,,0,False,,0,,False,,8.092,0.68,32840,0ac8e16bc85f4392ccf22cdf67992551417173bebc2874c33bfc3c14b882cbc4,9742.052,9740.3,3655,exact-open-set-id-v2,1788112230770036224,127,127,2049,16464,5a0ea16861350e5d53579b844702ff1425837ea3950c9cc7e6f0503b37970589,10.742,
349,primary_test_impostor,844,1758,primary_test_impostor,0,101,81,1070,0,False,,0,False,,0,,False,,9.902,0.8,32840,755615aab78685d7ceba132ef2f6739cc39a48c0c4fc9d08c3c30f43b9ae50c6,9290.256,9288.3,3655,exact-open-set-id-v2,1788112230770036224,127,127,2049,16464,d56f77717aa339d0a62088ef2a640bdaf5f13f2c0ae6f35a0d858e5af86221cd,25.501,
350,primary_test_impostor,845,1759,primary_test_impostor,0,144,18,1013,0,False,,0,False,,0,,False,,11.881,0.52,32840,fd2780b21a2f457c2d78142cc4f0d3718864edf79da2bd51154d818abfb5e3a5,11429.378,11424.9,3655,exact-open-set-id-v2,1788112230770036224,127,127,2049,16464,abbc4bcce1e85375992c07c904d8922e7f4a6a437aa76bffd6e74313bea2b9d8,11.736,
351,primary_test_impostor,846,176,primary_test_impostor,0,146,109,1096,0,False,,0,False,,0,,False,,7.297,0.53,32840,4f683b4665a55a04cd6fe73f3020c67bde7ffe625fbeb1f2021ca9f8d52008b1,10315.823,10314.3,3655,exact-open-set-id-v2,1788112230770036224,127,127,2049,16464,76dddfe87ddd51d09057da69abde3c4955b9c32a0edf5faa786427d6f6ce3187,8.193,
352,primary_test_impostor,847,1760,primary_test_impostor,0,228,80,107,0,False,,0,False,,0,,False,,9.226,0.7,32840,039bf18de90b5597689641a7b1c87926032605ca518d6e1159e0435c8c8fa67b,8550.6,8549.5,3655,exact-open-set-id-v2,1788112230770036224,127,127,2049,16464,208d5f48b0526e44a5fe8b272eb9aacd4650b383e76842ee827c10bcce1c2bef,7.875,
353,primary_test_impostor,848,1761,primary_test_impostor,0,219,51,1043,0,False,,0,False,,0,,False,,7.931,0.7,32840,95f62e5dbe1201b3ac312a83f6fb07107a50b1a686adfcbd28527b218be7979f,8410.184,8408.2,3655,exact-open-set-id-v2,1788112230770036224,127,127,2049,16464,e49db2039b58485430afbc796869dd628bef9dd7d56ad03b6c3825099c648cb5,8.806,
354,primary_test_impostor,849,1762,primary_test_impostor,0,149,118,1103,0,False,,0,False,,0,,False,,7.038,0.47,32840,0475df255fbe8dd46dbe2e8a961ae9f29a925922819bb6b4fb2d254920140576,10120.196,10119.1,3655,exact-open-set-id-v2,1788112230770036224,127,127,2049,16464,725d552315de151483e52ae62fdb21b0b5a5b39a394d2f59ca8416123f6830a6,9.657,
355,primary_test_impostor,850,1763,primary_test_impostor,0,138,124,1109,0,False,,0,False,,0,,False,,6.759,0.47,32840,db26be34cad9e72cc635fab38ae99c7acf1c4267a0c5c3e6f85c0051e733f8d8,9050.249,9049.1,3655,exact-open-set-id-v2,1788112230770036224,127,127,2049,16464,aedabe922adb2fbe1ed7a752ee3c236c4a5e092bad55125b45872259b84f65ec,6.424,
356,primary_test_impostor,851,1764,primary_test_impostor,0,122,3,100,0,False,,0,False,,0,,False,,6.144,0.46,32840,fee4713a68e7675d46542c7ca99bcefb86a12d401815a46149196dea2bb52253,9511.166,9510.1,3655,exact-open-set-id-v2,1788112230770036224,127,127,2049,16464,d70b1fcc2bec87d5042c7ddd9d30565a57bfbfbc8cf39dd9d7d03003c2145988,6.15,
357,primary_test_impostor,852,1765,primary_test_impostor,0,268,2,10,0,False,,0,False,,0,,False,,6.465,0.59,32840,3e3bdab103e3e5df4799a0db27765c9ee3a56b95bfda548ea0478c2e123da213,7853.099,7852.3,3655,exact-open-set-id-v2,1788112230770036224,127,127,2049,16464,da5cc2fa0eeb90bbdfd81b99b088a2754b922a1bc510421147302c291e3eb3c4,5.715,
358,primary_test_impostor,853,1766,primary_test_impostor,0,191,52,1044,0,False,,0,False,,0,,False,,6.186,0.56,32840,2f2726ab135a81cd98a54057367b9930beeffa6d8041700f3aa394dd56a8519a,9273.115,9272.0,3655,exact-open-set-id-v2,1788112230770036224,127,127,2049,16464,4a5d4b7e165764c61b4faa67b756b72db77139535cec3eec33881f2ce744080d,5.605,
359,primary_test_impostor,854,1767,primary_test_impostor,0,172,94,1082,0,False,,0,False,,0,,False,,6.197,0.45,32840,bb8e62cad2b323ec082985e3513ad6d0b832d545925944be2371c2f88c50444a,8701.297,8700.2,3655,exact-open-set-id-v2,1788112230770036224,127,127,2049,16464,31616ce2c37f25fc7345ab636c1909ac34cc216e43d94bb6e433fafc1bc73a6a,7.055,
360,primary_test_impostor,855,1768,primary_test_impostor,0,166,4,1000,0,False,,0,False,,0,,False,,6.399,0.52,32840,d0f0f4139d55a98ba99612ff57c817163257cd7648bf628841886ae370bc6bac,9775.877,9772.3,3655,exact-open-set-id-v2,1788112230770036224,127,127,2049,16464,73b2aa3eb559e73e82ff1846dadef491266e9817ec93e1ac2bade8a9744f8ad1,8.17,
361,primary_test_impostor,856,1769,primary_test_impostor,0,242,123,1108,0,False,,0,False,,0,,False,,10.749,1.13,32840,2b6ff9887fc8fcb242e74b964623884b573489d6d311576f3ddacf89ae8821fc,9785.629,9784.5,3655,exact-open-set-id-v2,1788112230770036224,127,127,2049,16464,b25c571fd50584367510d65dede3c744636db6a8adce6d4d582be5dd1f76b6ad,6.975,
362,primary_test_impostor,857,177,primary_test_impostor,0,92,2,10,0,False,,0,False,,0,,False,,6.501,0.44,32840,a5e15652bff641483fc5d01979f4255a3762a37e785cac1815ce042b72e13bec,9314.979,9313.9,3655,exact-open-set-id-v2,1788112230770036224,127,127,2049,16464,19b8ac56b630d52ebf1d2fb9e4235fd08364307334cbfc1c3d66c72fb7b5474a,5.731,
363,primary_test_impostor,858,1770,primary_test_impostor,0,172,110,1097,0,False,,0,False,,0,,False,,6.465,0.47,32840,cd96a21d67bc20cad885a137aa7bf7278a4acd1b7ff837e2e6fefd7acf6473ab,8685.853,8684.1,3655,exact-open-set-id-v2,1788112230770036224,127,127,2049,16464,5689f7949f7e30864dbb3f62aa4324053354d79c24ffbccb3c0260619fb3a1db,6.639,
364,primary_test_impostor,859,1771,primary_test_impostor,0,245,52,1044,0,False,,0,False,,0,,False,,10.28,0.96,32840,09d06ce22d7c4f71007b915f2212e2e24ff62e593dc02ac974ecd92ee3449f99,9407.863,9406.6,3655,exact-open-set-id-v2,1788112230770036224,127,127,2049,16464,3eab68b4c186ab41561695c972afabcc2433de86364b9bf27d2dc9d9c663e0c6,6.334,
365,primary_test_impostor,860,1772,primary_test_impostor,0,141,108,1095,0,False,,0,False,,0,,False,,7.041,0.45,32840,0a4446eff26cc8884694c81e89d86fe147a16f61276ecab126b53c6c8be3d42a,9604.146,9602.9,3655,exact-open-set-id-v2,1788112230770036224,127,127,2049,16464,0d11949c58d4942d0a48215d939b6dd1a2b291b5de9b2029d3c38f15a49a595b,7.675,
366,primary_test_impostor,861,1773,primary_test_impostor,0,203,24,1019,0,False,,0,False,,0,,False,,7.725,0.84,32840,a049f11542f8379e1fc2d39ecbf43075a9da78deeecef34bb59f76d9931fea3f,9428.705,9427.6,3655,exact-open-set-id-v2,1788112230770036224,127,127,2049,16464,ae7fcb9c29db1b40cff65fa43c1e61a7b9a6ac39d38f5837cbe577aff64aa200,11.223,
367,primary_test_impostor,862,1774,primary_test_impostor,0,164,46,1039,0,False,,0,False,,0,,False,,9.133,0.6,32840,ebe52e57e80638d9d20f52ea64886d2152dd6ced2ed0100c73f393df1e69c51c,10191.901,10190.3,3655,exact-open-set-id-v2,1788112230770036224,127,127,2049,16464,0a20dc0ecb9b8c1739ac4ded07dffe38c2ee619381e620c83ab1f447753c29a3,11.168,
368,primary_test_impostor,863,1775,primary_test_impostor,0,165,43,1036,0,False,,0,False,,0,,False,,7.532,0.45,32840,3f63d232dee508c81f49cc6f6031cb70a5e3c97166f4bd179f7beb375d28fbf2,10939.873,10937.4,3655,exact-open-set-id-v2,1788112230770036224,127,127,2049,16464,2de6b61bdac37b83661259927f794f9106bd5696458df202bf0d80b3d59273fe,9.038,
369,primary_test_impostor,864,1776,primary_test_impostor,0,190,11,1007,0,False,,0,False,,0,,False,,26.52,7.03,32840,ee5327eccc0c6f18f6837ace12b3f0bf7a8fd62b3143fb947631e3d42dc9415a,11885.69,11865.7,3655,exact-open-set-id-v2,1788112230770036224,127,127,2049,16464,65b17199d00bf8fa960507831543ab33e06b8a682a86dc7a6225214e2b920332,14.983,
370,primary_test_impostor,865,1777,primary_test_impostor,0,195,75,1065,0,False,,0,False,,0,,False,,6.989,0.48,32840,b84818752607c5f04ee0d072bcf3bb49f8d32929d5e7f0369366f5f103ebab33,10469.137,10467.8,3655,exact-open-set-id-v2,1788112230770036224,127,127,2049,16464,d54e10d991731c329bd2c8333077a36d66a81c4a72797a6fd81f63aa80b3bf99,11.585,
371,primary_test_impostor,866,1778,primary_test_impostor,0,144,20,1015,0,False,,0,False,,0,,False,,8.128,0.47,32840,d03440315cb92f8b466d113f1d7c01d6f3e81ebbd471c98745b6743df2ff78e1,9274.827,9273.8,3655,exact-open-set-id-v2,1788112230770036224,127,127,2049,16464,19441abca81587feeaa497cc36dc6347ac33cdade0726304e6a3632f4fbf8d4c,5.948,
372,primary_test_impostor,867,1779,primary_test_impostor,0,169,12,1008,0,False,,0,False,,0,,False,,7.417,0.47,32840,a61c1ac486d606e62de53c757d6279dcc64b25833d5530ceff476984a560cf9c,11219.279,11217.6,3655,exact-open-set-id-v2,1788112230770036224,127,127,2049,16464,928bcc2ef75132862dc0fbaf2e69bf086402e4ef3c6ed3b83da5a56133c16466,7.417,
373,primary_test_impostor,868,178,primary_test_impostor,0,80,2,10,0,False,,0,False,,0,,False,,7.616,0.44,32840,262003efeaeb488db58b0571e0a8f0cf00a5feedbe5d6a59e61fa12523146e21,10084.616,10083.3,3655,exact-open-set-id-v2,1788112230770036224,127,127,2049,16464,cd6b7911607c766d840870cb7d640bc9f16dd81f3e5ce413c080a580750db140,8.245,
374,primary_test_impostor,869,1780,primary_test_impostor,0,255,22,1017,0,False,,0,False,,0,,False,,6.252,0.56,32840,6cbe5216f7ada4f94b205719eb56ee4c64e12429c5d75a9d3b2f837a6f6248c2,9299.94,9299.0,3655,exact-open-set-id-v2,1788112230770036224,127,127,2049,16464,c23fd29122d76c6867a3826606a2951a6b7cc943739a2391ba379180b8d4d802,5.39,
375,primary_test_impostor,870,1781,primary_test_impostor,0,172,4,1000,0,False,,0,False,,0,,False,,6.559,0.44,32840,90a39e2667c234cc0eaa3c8df1dff656bb44c89c8bc9bce028570af3886a06a5,9367.33,9366.4,3655,exact-open-set-id-v2,1788112230770036224,127,127,2049,16464,ea1c26ffaedff1177173bb657397b4cbe2452d3503d864e7451c6516525ac462,6.264,
376,primary_test_impostor,871,1782,primary_test_impostor,0,188,16,1011,0,False,,0,False,,0,,False,,6.912,0.48,32840,eb8699b829c2e5cd70868a606249f53e458b1e4e8d5dcddf32f8595b0c7bea00,9221.085,9219.2,3655,exact-open-set-id-v2,1788112230770036224,127,127,2049,16464,4f5d579c0c95e18504c45653c47e1571a6b913a641f6c4430a9749d2be073750,8.163,
377,primary_test_impostor,872,1783,primary_test_impostor,0,200,2,10,0,False,,0,False,,0,,False,,6.773,0.45,32840,799b2a7e31598df8fe91c8262cbc49fdc39610e041700028c3eb96a936a678ba,8931.617,8930.6,3655,exact-open-set-id-v2,1788112230770036224,127,127,2049,16464,080482ea64179b87f78c18dd8f34454b2bed7b26e1ae256800b2689d7eaf9881,8.796,
378,primary_test_impostor,873,1784,primary_test_impostor,0,214,47,104,0,False,,0,False,,0,,False,,6.728,0.45,32840,2b900c9694fd27f8c4a954cec6aafc8c3bc35335097c4376fde1273ffa054402,8561.632,8560.7,3655,exact-open-set-id-v2,1788112230770036224,127,127,2049,16464,3ce6b44dc81a951a5e228abd5c575f898953e118da44de3673dd731d43475eb3,10.783,
379,primary_test_impostor,874,1785,primary_test_impostor,0,288,23,1018,0,False,,0,False,,0,,False,,13.323,0.48,32840,0f2bc4d04d63f6fd48c867f2594ca6058726b10e3550cbecb4d4df4249ea7990,10323.446,10322.3,3655,exact-open-set-id-v2,1788112230770036224,127,127,2049,16464,b6e91e972543c31f4e92622f7c701f4e40f629fc6312d7171fa7e15598babea3,6.785,
380,primary_test_impostor,875,1786,primary_test_impostor,0,170,80,107,0,False,,0,False,,0,,False,,6.417,0.46,32840,eb60456b587667f91b8aa2d072a9522e6550527963cbeb997f060790dbf2c77c,8387.997,8387.0,3655,exact-open-set-id-v2,1788112230770036224,127,127,2049,16464,2bd64a03b4a4684e775738264a29028f00e3e03d26725a6ea19248a9211dcfde,8.346,
381,primary_test_impostor,876,1787,primary_test_impostor,0,173,88,1077,0,False,,0,False,,0,,False,,6.678,0.47,32840,28c306c482a8436a54bcafc8c98fb1e0f9a23a2612be85e12c2bc6c217f1a7b0,8939.876,8939.0,3655,exact-open-set-id-v2,1788112230770036224,127,127,2049,16464,86c5443168dde3d114b09cfbd2982631ef5df5d7f645ac507d272205c31afe61,5.958,
382,primary_test_impostor,877,1788,primary_test_impostor,0,261,25,102,0,False,,0,False,,0,,False,,5.899,0.47,32840,7de435b768331a6d9ebe55843224a84b88f6f4e124ece79da958949a860bed73,8145.381,8143.7,3655,exact-open-set-id-v2,1788112230770036224,127,127,2049,16464,46426d1eaead61d38aeb3331dd7efcc7f2a4f5bd43af82884dfbf695b7703ab2,13.072,
383,primary_test_impostor,878,1789,primary_test_impostor,0,206,105,1092,0,False,,0,False,,0,,False,,11.101,1.35,32840,fe8a0e820beb607aa584f5b0277d3ff9320bbd15c5d709a1d94704189d087188,7796.193,7795.1,3655,exact-open-set-id-v2,1788112230770036224,127,127,2049,16464,9e2571084380250461109d93013c0af68a004616f6df76ca662f22b6256f40f7,5.422,
384,primary_test_impostor,879,179,primary_test_impostor,0,279,29,1023,0,False,,0,False,,0,,False,,5.262,0.42,32840,c48a81a3e725338fcc9dbbc6034e718ec0918dce4ea37f72b244fbc0154ad4cb,7027.977,7027.0,3655,exact-open-set-id-v2,1788112230770036224,127,127,2049,16464,f8b096b4094c548c581cf141a12a9e19016cbcfb1164ae5418578df3f5c0852c,6.012,
385,primary_test_impostor,880,1790,primary_test_impostor,0,93,107,1094,0,False,,0,False,,0,,False,,5.385,0.45,32840,7e745e482cf455f66c128b82b1bcd7a6421c3fb7aedaacca54351ff6fbfab50b,7385.488,7384.6,3655,exact-open-set-id-v2,1788112230770036224,127,127,2049,16464,f39ba4bab010ff5a347884b1081cabe381980f4dc00137567ddaa8b0f4b077da,6.106,
386,primary_test_impostor,881,1791,primary_test_impostor,0,138,4,1000,0,False,,0,False,,0,,False,,6.132,0.47,32840,52d62651316c91606d2e0f802636c3b726cbb5a4b7316d175daa45baf9d5d29b,7604.092,7603.3,3655,exact-open-set-id-v2,1788112230770036224,127,127,2049,16464,fffa69f32b52164e45493a843a4245ca91bc514986a9f8ce5f03eb5622449a48,6.492,
387,primary_test_impostor,882,1792,primary_test_impostor,0,155,81,1070,0,False,,0,False,,0,,False,,5.542,0.45,32840,5d47084d35ca7b600dd7d44b4ff83197d42664356f066f5c0684c10c24f4ce7d,7306.818,7306.1,3655,exact-open-set-id-v2,1788112230770036224,127,127,2049,16464,c3cc3345a8c7d35660543deec83e4bf77e891433cfd993f30e33a4bef057d6e2,4.984,
388,primary_test_impostor,883,1793,primary_test_impostor,0,114,23,1018,0,False,,0,False,,0,,False,,5.207,0.44,32840,60ff99cb368e13fb99907b50d07be6c16109e73de0f8f4fa5cc4323bc881b291,7134.728,7134.1,3655,exact-open-set-id-v2,1788112230770036224,127,127,2049,16464,9465ea442d58f0d988ca988bb13f70fb8eb08cc5e784c8c95726227f58da7236,6.732,
389,primary_test_impostor,884,1794,primary_test_impostor,0,197,34,1028,0,False,,0,False,,0,,False,,6.539,0.45,32840,97eefc73a305d2de9beee0ce2631d2b9df176871d83a8abfe0b47310fe4ba6cd,7219.488,7218.9,3655,exact-open-set-id-v2,1788112230770036224,127,127,2049,16464,b744732786df41b81849ae915dd85349a3f88ee4b6fb03915dda51a8326222ce,5.71,
390,primary_test_impostor,885,1795,primary_test_impostor,0,133,107,1094,0,False,,0,False,,0,,False,,5.814,0.49,32840,04772fa8087f0a7bf5348304525ebc1a49ab32439729f331edc0b5f2a01580d1,7929.172,7928.4,3655,exact-open-set-id-v2,1788112230770036224,127,127,2049,16464,cb6d863bb5ffbef6abdd4e442ff3827bd968bfa0481c9a331dfb97be007d33c0,5.839,
391,primary_test_impostor,886,1796,primary_test_impostor,0,143,75,1065,0,False,,0,False,,0,,False,,6.239,0.46,32840,0066beb69dc3f0654564eec0c0f32ce1b9933e4fd6cd8a3899baf9afbad1dd59,8442.872,8442.0,3655,exact-open-set-id-v2,1788112230770036224,127,127,2049,16464,918d70a6cfe4e8c61f1f3e23ed8df17dc6051340e3d092f41d2b42652b51e70b,8.41,
392,primary_test_impostor,887,1797,primary_test_impostor,0,229,63,1054,0,False,,0,False,,0,,False,,9.12,1.87,32840,8a0248b50b7745d5fc05751edce0608a29eeac5dbef347a5bff6bdc11a10393c,8898.833,8897.6,3655,exact-open-set-id-v2,1788112230770036224,127,127,2049,16464,f27ec2b13ed10f883a517f4ad1bebeda5607c29851db9d267e7c85da5b4109b9,6.45,
393,primary_test_impostor,888,1798,primary_test_impostor,0,112,60,1051,0,False,,0,False,,0,,False,,5.934,0.46,32840,2549176715c882c9cc41658e151fdaa84861b36fc446bd95643bf07390156f8e,9258.697,9257.3,3655,exact-open-set-id-v2,1788112230770036224,127,127,2049,16464,0eb11b06463cf5cd7e934ac4f56ef6b5bd0eaab7aad063423643e7fddc5505ad,10.421,
394,primary_test_impostor,889,1799,primary_test_impostor,0,164,30,1024,0,False,,0,False,,0,,False,,10.3,0.64,32840,20a23ba69d350fa6b172700b84dbe48115bebed68757310cae2276cda41b7f0b,11738.374,11736.5,3655,exact-open-set-id-v2,1788112230770036224,127,127,2049,16464,6ec5d9f3d42f83e89fbbdd6e9a7c4b0828dbd1a1b41bf6a187b9d9aeabdb486b,9.899,
395,primary_test_impostor,890,18,primary_test_impostor,0,236,50,1042,0,False,,0,False,,0,,False,,7.556,0.55,32840,a3167aa48f649ddf4a465a24e57ab1f702d83598c6f0c9b0b3fbc1998234bf79,10972.946,10971.3,3655,exact-open-set-id-v2,1788112230770036224,127,127,2049,16464,f29c6ad847fc42e09bec164573c88030a4ddb75d2e11015f6b0d92883410a7e6,7.361,
396,primary_test_impostor,891,180,primary_test_impostor,0,235,107,1094,0,False,,0,False,,0,,False,,6.656,0.54,32840,6d106a853239e1fd9b6a2ca5163871902426b99840385946743e5afef0b9d5a9,9924.103,9922.5,3655,exact-open-set-id-v2,1788112230770036224,127,127,2049,16464,b5161f9b4746c8bb6e8f824ef26eb3e9a6d45f7aa5a4dc6dbb001cf3fff1bc36,10.388,
397,primary_test_impostor,892,1800,primary_test_impostor,0,118,47,104,0,False,,0,False,,0,,False,,8.807,0.44,32840,b3745e91f7f318cb6aee472df631f30611ed52c076452b94f5fe76eea9ebaad8,10368.632,10367.1,3655,exact-open-set-id-v2,1788112230770036224,127,127,2049,16464,31549e443d9ea0b6821124e94b9055808f147b2f4ab0e3ecafd44625c739ea75,11.004,
398,primary_test_impostor,893,1801,primary_test_impostor,0,116,48,1040,0,False,,0,False,,0,,False,,12.344,0.67,32840,81b6b20c2ec7bc5ef1be86c15f7134ea4d5055e397be0267bff4c7c8d5033aee,8906.184,8905.2,3655,exact-open-set-id-v2,1788112230770036224,127,127,2049,16464,1d5102537267ed1e4881abcfcca39c8a35206d1e05099ac4cc57e9a288e283b9,7.097,
399,primary_test_impostor,894,1802,primary_test_impostor,0,223,67,1058,0,False,,0,False,,0,,False,,6.658,0.5,32840,7df26e81ad1dc76316c0bf7e683989297f394a6474d72bf12a3be05f44a68b9c,9191.268,9189.9,3655,exact-open-set-id-v2,1788112230770036224,127,127,2049,16464,def00d03cd8a10e1d78505fc4ef4ecacde920f1069ea60876284e51e13ae1b3b,8.316,
400,primary_test_impostor,895,1803,primary_test_impostor,0,294,101,1089,0,False,,0,False,,0,,False,,10.562,0.61,32840,20f491cf302b648993f3af60e72c55d417ec62acc06cdad71a4f533e06afc067,9303.381,9301.8,3655,exact-open-set-id-v2,1788112230770036224,127,127,2049,16464,57f546f68fc217727c82a9ac86bff29caf2ed961b07c13b8173e7dd225d8501a,7.697,
401,primary_test_impostor,896,1804,primary_test_impostor,0,143,67,1058,0,False,,0,False,,0,,False,,6.131,0.5,32840,eca7a05272e82226fd3373c33ab0da8d0750961b456c461c6cb7bc82a8f557ac,7479.644,7478.8,3655,exact-open-set-id-v2,1788112230770036224,127,127,2049,16464,d01652dd497d04cf818f1b9cb692e87a5033dda9796f357b18c057ccd4a290dd,5.856,
402,primary_test_impostor,897,1805,primary_test_impostor,0,208,102,109,0,False,,0,False,,0,,False,,5.702,0.44,32840,34b75914f9a8ea2d0d15519fe41da2113980a16275b75658b81f0d019da12cfa,7229.739,7228.9,3655,exact-open-set-id-v2,1788112230770036224,127,127,2049,16464,bfcaf291a8dcfc7111fe8511ff7003c1e4797ae94e4637f1b12aa91dd2fd394f,6.096,
403,primary_test_impostor,898,1806,primary_test_impostor,0,90,100,1088,0,False,,0,False,,0,,False,,6.175,0.46,32840,5adfb3ca4c6d1863dfa97b0eb1ba45fe0a0033ca50eebfcb070c15d3c3b3991d,7534.443,7533.5,3655,exact-open-set-id-v2,1788112230770036224,127,127,2049,16464,936bfff6c6c4c0d58ef41464c9f9f08024d29b158eed0a7d39d330c8349aaaa3,5.647,
404,primary_test_impostor,899,1807,primary_test_impostor,0,218,80,107,0,False,,0,False,,0,,False,,6.395,0.51,32840,7a712f4ad6b73bf550ad55775309f24b307e014ef5a4e5e92eefc32f203e0154,6865.9,6864.8,3655,exact-open-set-id-v2,1788112230770036224,127,127,2049,16464,2454097a469b38ee9e1b5523699611f01ed20a9a8c225a2d48fc6ddbb96ddef4,6.553,
405,primary_test_impostor,900,1808,primary_test_impostor,0,102,46,1039,0,False,,0,False,,0,,False,,5.445,0.54,32840,74c3cac1109ffe836cf66aa966b983d956a3da69c42a9a86e74758a49efc99ec,7051.994,7050.7,3655,exact-open-set-id-v2,1788112230770036224,127,127,2049,16464,78b512525bd2cb4e0997ad11475aa9a2b1036ba9935ec833126d45d91a582230,6.311,
406,primary_test_impostor,901,1809,primary_test_impostor,0,191,75,1065,0,False,,0,False,,0,,False,,6.324,0.47,32840,d1b124c0618401b26799ecd42962e618cb56ba86c3e11ec24a860eb0c2d7e849,7169.305,7168.5,3655,exact-open-set-id-v2,1788112230770036224,127,127,2049,16464,ab141f75e2729046abf365eab1d0bdeaf571a2acb2613e685b1faa676784b47e,5.705,
407,primary_test_impostor,902,181,primary_test_impostor,0,129,40,1033,0,False,,0,False,,0,,False,,7.825,0.59,32840,5cec46556e29b1ad306d8709def640422c997e35eb4632d8058e94a4a19861f7,7266.534,7265.5,3655,exact-open-set-id-v2,1788112230770036224,127,127,2049,16464,66fc8cdd65971b6cba95b9f9839b1224f33cf467e001fc8f8ce3c0287b45ea6c,6.059,
408,primary_test_impostor,903,1810,primary_test_impostor,0,180,80,107,0,False,,0,False,,0,,False,,5.413,0.47,32840,a2db381ac618d2269bff494cf5fbaab9d7ddca9845321d08c6a564c96c3f3708,8856.913,8855.9,3655,exact-open-set-id-v2,1788112230770036224,127,127,2049,16464,18cc13e8dca2fd81bd060266582a8a205c54c802d3e6eaa91fdb21418bc9dc81,45.599,
409,primary_test_impostor,904,1811,primary_test_impostor,0,237,29,1023,0,False,,0,False,,0,,False,,17.173,0.84,32840,bd7ed6fecd46ab535253d99c2f64233b3bef81a2dcd0292b349091cb7dcfa260,8890.973,8889.7,3655,exact-open-set-id-v2,1788112230770036224,127,127,2049,16464,b6585c0e735073d1772bac34425beccddc61b94f0a7cd840d52631b6db07fd9d,7.103,
410,primary_test_impostor,905,1812,primary_test_impostor,0,122,99,1087,0,False,,0,False,,0,,False,,6.948,0.5,32840,e218b8aeb76de420b456059a09319cd512314370559c47d253e36247a1567cbf,8533.218,8532.0,3655,exact-open-set-id-v2,1788112230770036224,127,127,2049,16464,076f61930488d96f4c443d9208e9a2225127f33e3dc487cefc82535b66e640f3,5.822,
411,primary_test_impostor,906,1813,primary_test_impostor,0,120,100,1088,0,False,,0,False,,0,,False,,6.727,0.54,32840,5b4be0a3ae6cb84816fd53197cb95beba2c1e4bd0b81dceb7e9809152871d37c,8752.437,8751.6,3655,exact-open-set-id-v2,1788112230770036224,127,127,2049,16464,b5ca5efeb2d46ec5ac962cfc2345df669a3013e4b70e06d1ecb467e2f7e6cc7d,8.26,
412,primary_test_impostor,907,1814,primary_test_impostor,0,33,81,1070,0,False,,0,False,,0,,False,,7.86,0.48,32840,9f2b01b9b4968845c972a6f140ed64fc902ca2178931d6c4310fdded168e96e8,8354.103,8353.4,3655,exact-open-set-id-v2,1788112230770036224,127,127,2049,16464,16d52cd3aac6e1dc8a3c499a6bcb9121ca9dcbac8248e06d56c0dc37617be0ae,6.215,
413,primary_test_impostor,908,1815,primary_test_impostor,0,112,2,10,0,False,,0,False,,0,,False,,18.879,0.48,32840,6709c6c664150adc9acb3d346c29df3bd2f449f417eef56a1e0b2370c11b92fe,7867.578,7866.8,3655,exact-open-set-id-v2,1788112230770036224,127,127,2049,16464,53d30e3399cbc995ea71e1d6b433f62c1167a4ca658764793a8947355f5ff4a8,5.76,
414,primary_test_impostor,909,1816,primary_test_impostor,0,166,90,1079,0,False,,0,False,,0,,False,,5.563,0.54,32840,6ceb17e975fc545257a4f507ed5ad80be1e38c72fff32d00c21a04daca1aa4c4,8660.838,8660.1,3655,exact-open-set-id-v2,1788112230770036224,127,127,2049,16464,1aafa94870810b75406a257f81bbabc87ffe420de34219991054b63f6cfaf732,10.559,
415,primary_test_impostor,910,1817,primary_test_impostor,0,222,10,1006,0,False,,0,False,,0,,False,,6.858,0.46,32840,4ca1adfcbc269e8f28fcfb4a19f14fc64fd561170d1a1ce0d684aeb981cf4615,7663.729,7663.0,3655,exact-open-set-id-v2,1788112230770036224,127,127,2049,16464,90b233a19fde6241be32a0c40df69521b8ee0a0898eb8ce8b65fc81d9c290bfd,5.913,
416,primary_test_impostor,911,1818,primary_test_impostor,0,164,117,1102,0,False,,0,False,,0,,False,,6.56,0.47,32840,7414cb2c82ebda4846eea93f1563755bc1bed9910c5c1f28bc29dfbc2a0acdf9,7073.002,7072.2,3655,exact-open-set-id-v2,1788112230770036224,127,127,2049,16464,37ac984d6cbce4e787d198c7b8a5e3dd50f1c9843f02a16f30ca254d57b923d6,5.747,
417,primary_test_impostor,912,1819,primary_test_impostor,0,152,18,1013,0,False,,0,False,,0,,False,,6.082,0.52,32840,6dc1bb362af146e5b6efdf0a9b0acf12d4d908ade8422d3f098920d52668af5e,7644.302,7643.7,3655,exact-open-set-id-v2,1788112230770036224,127,127,2049,16464,897ed193b164b71ac529eaf44628983d3f9ce0483228f4597c0fa8f142daca2c,6.346,
418,primary_test_impostor,913,182,primary_test_impostor,0,22,99,1087,0,False,,0,False,,0,,False,,6.839,0.53,32840,746fda0d5cfc17431165a91db9ebbc4d004f593a08b03766b7512f03dbf5681c,7159.601,7158.8,3655,exact-open-set-id-v2,1788112230770036224,127,127,2049,16464,0922d1d0b674504b8af64f8523f33d62cf6cfdc7eb4df50d220d1aad8ca9070d,6.165,
419,primary_test_impostor,914,1820,primary_test_impostor,0,229,86,1075,0,False,,0,False,,0,,False,,5.315,0.48,32840,0d8c190c8ec02a8c66e4a35cd04af2516b3479def879610f5b4ae18cc91e07e4,7360.167,7359.4,3655,exact-open-set-id-v2,1788112230770036224,127,127,2049,16464,723de1f4ceeb6fcbfd843cc468e531f673ce4b9442ebe77607ade84e3849c855,5.416,
420,primary_test_impostor,915,1821,primary_test_impostor,0,133,56,1048,0,False,,0,False,,0,,False,,5.855,0.5,32840,f5a595383f7c4761312bed5de324d42da6a93707853c8e9ab156fe5c4223a7b1,7137.915,7136.6,3655,exact-open-set-id-v2,1788112230770036224,127,127,2049,16464,f7a2a2fceae01f5b584abc6997d134e93155b9dcee6cc53b6831c7fee4e7e733,9.623,
421,primary_test_impostor,916,1822,primary_test_impostor,0,209,25,102,0,False,,0,False,,0,,False,,9.035,0.54,32840,000da4634aedff7cd123054dc2fcbd7adeff6ee5296fc2850cd0ddc5eb7e1df1,7105.647,7105.0,3655,exact-open-set-id-v2,1788112230770036224,127,127,2049,16464,136765745092a8212da53169fb5285c338ff015647044268e7c2b8da74d618ef,7.045,
422,primary_test_impostor,917,1823,primary_test_impostor,0,99,98,1086,0,False,,0,False,,0,,False,,5.948,0.58,32840,d00a5eba9742e81b6ddf0e323cbc9e820a4b22c843a643c50bb2131ad23c3c3d,8389.546,8388.7,3655,exact-open-set-id-v2,1788112230770036224,127,127,2049,16464,d71a701179b4736830ad2f88046afd96076ebe2df8d0fddeeb96a29604b15349,7.026,
423,primary_test_impostor,918,1824,primary_test_impostor,0,185,51,1043,0,False,,0,False,,0,,False,,7.802,1.02,32840,55d232afd29b61db91f687d30140a1f61dc46eb69378fd449081fdedc7cb5f59,8944.87,8943.8,3655,exact-open-set-id-v2,1788112230770036224,127,127,2049,16464,3fd5578a2a66994090373c80d1abda0f86b400ff7cba9d026ff1301ef2afb07d,6.73,
424,primary_test_impostor,919,1825,primary_test_impostor,0,173,112,1099,0,False,,0,False,,0,,False,,6.483,0.47,32840,d8555ffd81dac3f295ab8698c7c767c1116c9a553181520d9389695a3082d5ec,9267.225,9266.5,3655,exact-open-set-id-v2,1788112230770036224,127,127,2049,16464,4bf469b95d304ed57fe2c61d0e11837894af99c33139bfbe050c0105573bd61e,6.434,
425,primary_test_impostor,920,1826,primary_test_impostor,0,88,17,1012,0,False,,0,False,,0,,False,,6.7,0.52,32840,3244fc0629ef2378b856ebc0c917c5694af1fa07fce221a8bfd4fc5578903a45,8646.119,8645.2,3655,exact-open-set-id-v2,1788112230770036224,127,127,2049,16464,1e766e398123c63ad2c2c021880e47068cdb4d35758389038f839b0e7b790690,10.695,
426,primary_test_impostor,921,1827,primary_test_impostor,0,208,72,1062,0,False,,0,False,,0,,False,,7.832,0.52,32840,5380d44fc189e576f56f71419a9cadfd1db79b945ef565a6aecddc5554c73c9f,8660.952,8659.7,3655,exact-open-set-id-v2,1788112230770036224,127,127,2049,16464,ef8e7ab3ba4e1816d35fba1abfb75242e4dc84c6d6af70975ea772d94116b0df,5.497,
427,primary_test_impostor,922,1828,primary_test_impostor,0,213,73,1063,0,False,,0,False,,0,,False,,6.33,0.52,32840,60204691f38d7df9cfa06eda74dce369586da3a1e086a68f4830c4d4ae55c859,9056.888,9055.8,3655,exact-open-set-id-v2,1788112230770036224,127,127,2049,16464,e229d9c53fcb95d41c0b89be371c88db8580f3ab81c4f807b3a7c84e261e3ef6,8.663,
428,primary_test_impostor,923,1829,primary_test_impostor,0,202,93,1081,0,False,,0,False,,0,,False,,6.241,0.51,32840,2a97099e89ff56f9cae3b4729881d80f6a73f3562cb110e5a9dce85d184904cd,10152.601,10151.4,3655,exact-open-set-id-v2,1788112230770036224,127,127,2049,16464,8df52b7cf2afd1399e9526ed390b4cf5e6947af3d425fee344002a18c4c2a169,11.227,
429,primary_test_impostor,924,183,primary_test_impostor,0,141,67,1058,0,False,,0,False,,0,,False,,7.809,0.54,32840,f679c047a086159109be26e89311236b5c313d6426582a0dd3383df19c8631fb,10248.318,10246.4,3655,exact-open-set-id-v2,1788112230770036224,127,127,2049,16464,06fc7358728e04d820b70ce294c89223855b32d3b3f143c1aab3b54e9f12f883,6.436,
430,primary_test_impostor,925,1830,primary_test_impostor,0,179,108,1095,0,False,,0,False,,0,,False,,5.681,0.47,32840,ccf11c6329ed7d91e9fa41d972a49d4792c09dfb382faeafa859c9cf8050d7e3,11191.337,11188.4,3655,exact-open-set-id-v2,1788112230770036224,127,127,2049,16464,938af6804c865986414142876d06f057bf1482eab9417d335a8ca50487b0cdf2,12.291,
431,primary_test_impostor,926,1831,primary_test_impostor,0,218,115,1100,0,False,,0,False,,0,,False,,7.661,0.5,32840,77e470eb94c775eb12799b7ce48545d0338663f0db711892f395a6af7d034d5e,10770.378,10767.9,3655,exact-open-set-id-v2,1788112230770036224,127,127,2049,16464,18b2bb49ce6bd4570618b46a1fe89c6204206560eb69748c7d6be9edc7b7c1a9,24.941,
432,primary_test_impostor,927,1832,primary_test_impostor,0,248,70,1060,0,False,,0,False,,0,,False,,7.536,0.63,32840,d60c6c8a6cf80cdbf90a72502a2a97a6b0ef57e4d90ceec922a752990a36cedc,9490.363,9489.0,3655,exact-open-set-id-v2,1788112230770036224,127,127,2049,16464,e057933f34a9901f0e914458a8f3dc5f8943417557120a4f022852ca2138bc3f,7.689,
433,primary_test_impostor,928,1833,primary_test_impostor,0,174,46,1039,0,False,,0,False,,0,,False,,6.662,1.1,32840,ff44d4ed05fca7b69f30731f8a553964772e79decd2aa00efbd82441bb1cacba,8577.001,8576.0,3655,exact-open-set-id-v2,1788112230770036224,127,127,2049,16464,e246a43d698059f63f86dbd76fd95fd1dc74448710996cb60ac457517ae58f3e,9.434,
434,primary_test_impostor,929,1834,primary_test_impostor,0,157,65,1056,0,False,,0,False,,0,,False,,6.383,0.55,32840,e07efcaf8f7c4a857b4a1be4c271e84ea7a171a69d7ecceb3d0e9efce7569fc8,8306.353,8305.5,3655,exact-open-set-id-v2,1788112230770036224,127,127,2049,16464,5726b61c0d952cc65472b92eca9b9851cbe50b5503089a08522fdba28c1dae55,6.963,
435,primary_test_impostor,930,1835,primary_test_impostor,0,210,21,1016,0,False,,0,False,,0,,False,,6.089,0.54,32840,1dcc79e28e2f0999d0110a4f153ab282c89bb6663e3abd089b5629e319b417b3,7375.309,7374.5,3655,exact-open-set-id-v2,1788112230770036224,127,127,2049,16464,ed1522af1bb2727cd83111ef69c711b77405bc487a78aa2de78cad861b9bd954,5.661,
436,primary_test_impostor,931,1836,primary_test_impostor,0,245,9,1005,0,False,,0,False,,0,,False,,6.28,0.62,32840,99d26cf1e09581a010a29757d16af8fb6dc0daab96ffea001774c61ca8b27545,7311.459,7310.6,3655,exact-open-set-id-v2,1788112230770036224,127,127,2049,16464,c740a092bfe0f81db448c1327d1574ee1904f0ee9cc899afb05ef37ae49a456e,5.731,
437,primary_test_impostor,932,1837,primary_test_impostor,0,254,16,1011,0,False,,0,False,,0,,False,,5.34,0.47,32840,6455e50bc2385d8408a0ab5fc6bbc7ca16f983e5f451031722e04023381d74b9,7226.234,7225.5,3655,exact-open-set-id-v2,1788112230770036224,127,127,2049,16464,2b781466b30624807b952152724f420e128bfb63ede8f24a4712d6860dcc581d,5.856,
438,primary_test_impostor,933,1838,primary_test_impostor,0,221,108,1095,0,False,,0,False,,0,,False,,5.882,0.61,32840,6bb1140a4034fec193fefdd686188227ec7243d918b2e113e1b8c51053354357,7396.9,7396.0,3655,exact-open-set-id-v2,1788112230770036224,127,127,2049,16464,704b697297429acdd9ce36dbf1c2077aab9a1e7578763b33b87138ca47074879,5.997,
439,primary_test_impostor,934,1839,primary_test_impostor,0,180,102,109,0,False,,0,False,,0,,False,,5.472,0.53,32840,b1b680194c08e108cfd3aa72d83d5209877ec3944448cf27021d6fe592683d86,7106.925,7106.3,3655,exact-open-set-id-v2,1788112230770036224,127,127,2049,16464,0b9430d3ccff0aaf665ddab499e828b3d20ada13e25f6cb4ce94dbd8aae1e2f0,5.881,
440,primary_test_impostor,935,184,primary_test_impostor,0,207,88,1077,0,False,,0,False,,0,,False,,5.981,0.44,32840,b81050e09d66f7d92e1746fe64179b01822f11bdd5cc35f401972b794282266a,7149.236,7148.3,3655,exact-open-set-id-v2,1788112230770036224,127,127,2049,16464,408714af6e9e08591d2f676d3a7bfcd9bca3ae1d53f6e1a6de7de00704f16848,6.281,
441,primary_test_impostor,936,1840,primary_test_impostor,0,83,29,1023,0,False,,0,False,,0,,False,,6.063,0.47,32840,50c9c142874be9e0e4f191b8003185b2f8ff552f9f98a15d111ef96410d46b9c,7282.687,7281.6,3655,exact-open-set-id-v2,1788112230770036224,127,127,2049,16464,80abda90e203ae394694ee3f97d6efddc9c147e440fdd0fdbb29db29ae960889,8.508,
442,primary_test_impostor,937,1841,primary_test_impostor,0,142,123,1108,0,False,,0,False,,0,,False,,6.217,0.54,32840,73e7e29178be6be216426ab1791f016752d13ed4b13d1de6f23fab16d2027c06,6804.738,6804.0,3655,exact-open-set-id-v2,1788112230770036224,127,127,2049,16464,a3809ff409b60f633c6f6491ec04f7db4fec17f06aad2fdc861f00deef120deb,5.963,
443,primary_test_impostor,938,1842,primary_test_impostor,0,93,13,1009,0,False,,0,False,,0,,False,,5.203,0.47,32840,c27eaecf3c07280641856cab42078b76a216cee95b8b16696702581a496b4491,7017.669,7016.9,3655,exact-open-set-id-v2,1788112230770036224,127,127,2049,16464,c703ab51a61fe077238f19aa29b7b3817e6845479a45e98d345f5eb21bca3dcc,6.835,
444,primary_test_impostor,939,1843,primary_test_impostor,0,212,122,1107,0,False,,0,False,,0,,False,,7.181,0.46,32840,81e1a61938ace7ae513c75e6612a56832ca7cd6b9c7677b44facf3412dde4549,7422.334,7421.6,3655,exact-open-set-id-v2,1788112230770036224,127,127,2049,16464,aba0f0c76279d57cadbaa2f50404483ddc83bdd12d981687c81fd94095f07ad5,5.698,
445,primary_test_impostor,940,1844,primary_test_impostor,0,194,103,1090,0,False,,0,False,,0,,False,,5.847,0.47,32840,0cb51142dd95e0a75e3066bfdd1d9ebfaafc3c922509b24f9a3e46394b7e8384,7600.054,7599.4,3655,exact-open-set-id-v2,1788112230770036224,127,127,2049,16464,343f9c68169b1398c0b54ba1708df14092c9b9f933ed30a225907cd8387c89a6,7.633,
446,primary_test_impostor,941,1845,primary_test_impostor,0,208,84,1073,0,False,,0,False,,0,,False,,7.449,0.54,32840,24dca3eda003fea5fd663d678f233b8d01e8f086f0bf72546bc73ffbcde3e535,7508.612,7507.7,3655,exact-open-set-id-v2,1788112230770036224,127,127,2049,16464,e105816d3253ea9331372ab302cf9985ba5fabbc43c62aa0219c588960b13fb3,5.679,
447,primary_test_impostor,942,1846,primary_test_impostor,0,175,114,110,0,False,,0,False,,0,,False,,7.053,0.5,32840,a4c843868eb66ef02dee27432fe191c2054406f7000f26422a7fbccbe1815705,7928.096,7927.1,3655,exact-open-set-id-v2,1788112230770036224,127,127,2049,16464,b747b05ae8a3d97ae8635c9b821c9763405194a431e609aa0b4370b592f9657d,11.624,
448,primary_test_impostor,943,1847,primary_test_impostor,0,226,23,1018,0,False,,0,False,,0,,False,,33.295,3.24,32840,c4a4ee569bc133626d5bd9f203c29aa03948ff513972a3235938a20a49cf607b,8386.263,8384.4,3655,exact-open-set-id-v2,1788112230770036224,127,127,2049,16464,4d786270b6c7b25b0b7475db9fb72affb4577a9b49a30e1bf7edb21cf8dcafa1,9.026,
449,primary_test_impostor,944,1848,primary_test_impostor,0,220,23,1018,0,False,,0,False,,0,,False,,8.136,0.6,32840,4729ed745c37e51e15b0ac1042c823dd83f996470384465d898b6c26d11464a8,7965.577,7964.8,3655,exact-open-set-id-v2,1788112230770036224,127,127,2049,16464,fc26ab03b123e4e6b11b8eb14fe25a4a897022c57371fea5578178a9e69cab75,5.906,
450,primary_test_impostor,945,1849,primary_test_impostor,0,171,96,1084,0,False,,0,False,,0,,False,,5.966,0.52,32840,d48f14bb0ff8a91409276c9027b72d853ae34b5f72b86fc86bb285c312c77c10,6601.754,6601.0,3655,exact-open-set-id-v2,1788112230770036224,127,127,2049,16464,148036dbd9c1cee963887d2d62513ba466e5ba94dbcb035145ea64e43fec64c9,9.004,
451,primary_test_impostor,946,185,primary_test_impostor,0,206,125,111,0,False,,0,False,,0,,False,,9.789,0.48,32840,8440fd4c1c2bc47393ad49eafaacb99f50d3ea5aba8c088509271313aacf11b6,7638.929,7638.0,3655,exact-open-set-id-v2,1788112230770036224,127,127,2049,16464,d93e67fa27b55310be44fdb3b4360cba1fb78a9a87cf804201932869813d16e0,8.56,
452,primary_test_impostor,947,1850,primary_test_impostor,0,195,81,1070,0,False,,0,False,,0,,False,,7.8,0.49,32840,ecc5cdbac255424bc5c9da168e500a931579d5675c6a0396f708d0e88e2c72c9,9082.6,9081.5,3655,exact-open-set-id-v2,1788112230770036224,127,127,2049,16464,9b950f21548b14fd8c3e82979bbf5f6fd5cea95d2b2dd8acb2d506b1246d4dd2,8.718,
453,primary_test_impostor,948,1851,primary_test_impostor,0,202,55,1047,0,False,,0,False,,0,,False,,6.395,0.47,32840,35aa73f36378bd6194e356903f0b1b631dbae55938dd156a73a5dd5a4f623b43,8628.957,8628.2,3655,exact-open-set-id-v2,1788112230770036224,127,127,2049,16464,7388ffbe55bfd00dc2ddf3805b8e1a75a4f2630630fec65c825efa65cfaf2753,7.5,
454,primary_test_impostor,949,1852,primary_test_impostor,0,238,80,107,0,False,,0,False,,0,,False,,6.693,0.47,32840,64eacef5ee20891e6130ca760ad15e98b450726d733d2d9be67f6a971fc1d451,8163.846,8163.2,3655,exact-open-set-id-v2,1788112230770036224,127,127,2049,16464,bb3a92976cea28e7f9065627f0a809a351c7533cdfdeaf1ea5c66afaa718482a,5.667,
455,primary_test_impostor,950,1853,primary_test_impostor,0,154,124,1109,0,False,,0,False,,0,,False,,7.402,0.49,32840,81d8aa8efb93937adbda85e6a7bfba92555194f359fc8bc1c04b1b48ebd18271,8580.017,8579.3,3655,exact-open-set-id-v2,1788112230770036224,127,127,2049,16464,c5f6cc8ecfb0b70d75dffcf3872119c91ee37d876d0c283fd220766f65121974,7.893,
456,primary_test_impostor,951,1854,primary_test_impostor,0,240,61,1052,0,False,,0,False,,0,,False,,7.374,0.5,32840,c8a953f8edf4c3597444aa77f2cac96f6cc38cd9feeada2acbe8763252488d2d,7703.601,7702.5,3655,exact-open-set-id-v2,1788112230770036224,127,127,2049,16464,0cb698a90fab57bee9e695e538bf78f0eeba5700e03b61989c5e291627ff0cd0,6.096,
457,primary_test_impostor,952,1855,primary_test_impostor,0,208,2,10,0,False,,0,False,,0,,False,,7.751,0.51,32840,244c0a444859dfbdb3637f13d80af3a7b2b004da67682cbbb241e6c12a730f15,7143.514,7142.8,3655,exact-open-set-id-v2,1788112230770036224,127,127,2049,16464,50b945d0b943acad67b7bacb71b8d7e85e17ae1823e7f33bc11c3e07f67dd6ea,6.149,
458,primary_test_impostor,953,1856,primary_test_impostor,0,196,102,109,0,False,,0,False,,0,,False,,7.502,0.49,32840,2431698e87e68d6cce5b0c0c73aaa869ab106d1825f733429f1172d330f629eb,7428.674,7427.7,3655,exact-open-set-id-v2,1788112230770036224,127,127,2049,16464,37b40071ce4d26fe9c33f9cda69ddfc72b997eaa6fd0183fac69d30b3f70ae86,25.571,
459,primary_test_impostor,954,1857,primary_test_impostor,0,135,34,1028,0,False,,0,False,,0,,False,,17.808,6.46,32840,d8e22033c098b678ef64883d63637f68ac5286eb89f8b8deaaaeb2961f180d46,8042.417,8041.1,3655,exact-open-set-id-v2,1788112230770036224,127,127,2049,16464,cc6eb12bd4fa40f13c013c69d8e80a8d3bcc036a8396927dcc9771b3985d589d,5.941,
460,primary_test_impostor,955,1858,primary_test_impostor,0,260,119,1104,0,False,,0,False,,0,,False,,6.284,0.54,32840,382d486c5db8209a74543a07aa63dc8fd01609cc25bf83d5c2564857b0304f3b,7002.244,7001.4,3655,exact-open-set-id-v2,1788112230770036224,127,127,2049,16464,8b7c0606938c5262880dc45a9f7f136a8c32226f95456cb384a436984eedea02,5.874,
461,primary_test_impostor,956,1859,primary_test_impostor,0,131,108,1095,0,False,,0,False,,0,,False,,12.372,6.85,32840,e7355fa31ada109fecca071d2ad3163799f7262b7c5b11f80bc4b8bb5a05164f,6854.623,6853.8,3655,exact-open-set-id-v2,1788112230770036224,127,127,2049,16464,b84d2535419061a05b15a69eefee1c8c245bf84b4fdd78b9394b5eaa2df4604f,6.951,
462,primary_test_impostor,957,186,primary_test_impostor,0,127,58,105,0,False,,0,False,,0,,False,,6.229,0.48,32840,92069984e9b5aa60721a9b135987c698d7a4ac947783b4ae6ed8bcb27fd7f401,7107.132,7106.5,3655,exact-open-set-id-v2,1788112230770036224,127,127,2049,16464,f390c95f4a6ee516b007e0f4f7c3658b6728d890ffd891a694aea43722341fb2,6.284,
463,primary_test_impostor,958,1860,primary_test_impostor,0,233,24,1019,0,False,,0,False,,0,,False,,5.74,0.74,32840,0aac1bd530f3dca5e8aef4ba91b415bdf9490df74f2f2d974ffcc4875a0ba9d4,7619.996,7619.4,3655,exact-open-set-id-v2,1788112230770036224,127,127,2049,16464,e7244b0161ddbda0c09efc25cffe09e4244e08d17f6a78aff7404f3f7c3b56b9,6.193,
464,primary_test_impostor,959,1861,primary_test_impostor,0,242,23,1018,0,False,,0,False,,0,,False,,5.283,0.46,32840,9e0ff5b9de3d059e41be135fcaf9376cf512375164874fbdf17a6d774e4f32a9,10218.136,10217.4,3655,exact-open-set-id-v2,1788112230770036224,127,127,2049,16464,eec9ae6567d7c4b296de8047d1eaa132094e71d2ac2bcf8ea17906ef7d5d3f35,6.209,
465,primary_test_impostor,960,1862,primary_test_impostor,0,272,28,1022,0,False,,0,False,,0,,False,,6.356,0.48,32840,5dbb676859b4a28273052f0464e6e2ecd962ad5698b236d116aeade1776e7f31,8719.719,8707.1,3655,exact-open-set-id-v2,1788112230770036224,127,127,2049,16464,a8b76a68cbc07f740f5ada8a725618a2b9ac7132cf31f0c2e1b4690a15636980,75.867,
466,primary_test_impostor,961,1863,primary_test_impostor,0,176,105,1092,0,False,,0,False,,0,,False,,24.38,1.19,32840,f6d431dcbc2d1698f6c9db6973864d2959fad169a4e08a15f80b36b69cf99671,10685.09,10684.0,3655,exact-open-set-id-v2,1788112230770036224,127,127,2049,16464,950e04e2fb0f5bf867c92b3697067a93b5cc5b11ecdf4fef95cb0a4a595dd924,5.996,
467,primary_test_impostor,962,1864,primary_test_impostor,0,267,78,1068,0,False,,0,False,,0,,False,,6.262,0.49,32840,6d0faff81ab7c6a71152ce180248d134f3ea0c90aa8bbeca1a206b058a6dafb2,8928.932,8926.7,3655,exact-open-set-id-v2,1788112230770036224,127,127,2049,16464,1c48d880eb6b7a670c017518784a1d3b5c4122fc21d3bab79981e333871fb68a,8.224,
468,primary_test_impostor,963,1865,primary_test_impostor,0,182,20,1015,0,False,,0,False,,0,,False,,5.649,0.45,32840,ad683857e4352318df756f7a3aac01ecf2cb36e23ee24d24cd3591f2ce9f76ef,8129.565,8128.3,3655,exact-open-set-id-v2,1788112230770036224,127,127,2049,16464,71127b5eee4846da140a6404bba5e202e059ba185aca99b216e016e5b4678b09,10.868,
469,primary_test_impostor,964,1866,primary_test_impostor,0,230,23,1018,0,False,,0,False,,0,,False,,7.497,0.64,32840,4684b453e17c725ddea5e6d3c3c0e0ad524ab3f057ebbc5c752d1b5f99333c26,8969.622,8967.2,3655,exact-open-set-id-v2,1788112230770036224,127,127,2049,16464,2bd3a03fcfca63d8770ae0387e8d3853af47b5d602ec2bcf0f205d96851a8a7c,8.343,
470,primary_test_impostor,965,1867,primary_test_impostor,0,118,11,1007,0,False,,0,False,,0,,False,,5.748,0.48,32840,f78b7eba79494b8211a02e2f77c7c9489f00fddee3799c54d1b842271b05ba95,9032.477,9031.5,3655,exact-open-set-id-v2,1788112230770036224,127,127,2049,16464,110b2625e45d81b56b52c27f0a70d647f573b71f447e8e69d5ce5a799621c447,6.66,
471,primary_test_impostor,966,1868,primary_test_impostor,0,247,86,1075,0,False,,0,False,,0,,False,,6.568,0.5,32840,4b53894da38870bdf098d567a2ae4432978f83814a0b2a2b3b4e80020efcd7c4,8635.103,8633.3,3655,exact-open-set-id-v2,1788112230770036224,127,127,2049,16464,47b369114f9e9b01d258f1a5654ebc9ab189df3a2485871c78309f80e602f739,7.87,
472,primary_test_impostor,967,1869,primary_test_impostor,0,221,86,1075,0,False,,0,False,,0,,False,,8.162,0.56,32840,9fed5751a16916e761a5c2f1434fcc6eafbdfd488aead18255b69be95f3d80c8,8278.004,8276.9,3655,exact-open-set-id-v2,1788112230770036224,127,127,2049,16464,be2098359c464855e3ddc37901645c4b80bc5a30beb52a2b63f52968516ea68b,6.233,
473,primary_test_impostor,968,187,primary_test_impostor,0,136,119,1104,0,False,,0,False,,0,,False,,7.357,0.71,32840,323cc56a16060cb9d4c31f76f94a5f4fe0fb089354ff8ab0e68afc9351f72439,7984.915,7983.5,3655,exact-open-set-id-v2,1788112230770036224,127,127,2049,16464,fbee1d4da90305703f19af56149e30766add1285bdbd773b76fff01d98abb018,6.901,
474,primary_test_impostor,969,1870,primary_test_impostor,0,299,38,1031,0,False,,0,False,,0,,False,,5.989,0.55,32840,84d8ac6bd46d07db59804e954296874efd8da619b36969b50c805db7f28c82bb,8204.817,8203.5,3655,exact-open-set-id-v2,1788112230770036224,127,127,2049,16464,87315e1b886437a736ef07e8c163a4fd3c514e8c29518a2d08cc34dd11aeb68f,6.342,
475,primary_test_impostor,970,1871,primary_test_impostor,0,246,26,1020,0,False,,0,False,,0,,False,,5.71,0.49,32840,fae5e2da7d978c9e860bbdec25dff379f74db7ecb63afd3f3bd4934de492d00c,8383.01,8381.8,3655,exact-open-set-id-v2,1788112230770036224,127,127,2049,16464,fdc409666268dbe4a5f4ba43e7ac16edc4e92de76a40a60eaafc2ae2b3e1a558,16.155,
476,primary_test_impostor,971,1872,primary_test_impostor,0,168,99,1087,0,False,,0,False,,0,,False,,12.266,1.4,32840,236d79a77678b5f7f37957b4458744774e83fbb6e3e71be6842fc601838ff953,8551.246,8550.5,3655,exact-open-set-id-v2,1788112230770036224,127,127,2049,16464,0a1153d46d68af4b9315d13410fc2aa324ebd981dd5dbcb5e801e64fc427c762,8.249,
477,primary_test_impostor,972,1873,primary_test_impostor,0,135,88,1077,0,False,,0,False,,0,,False,,6.262,0.46,32840,d50f1c33a6b7005135b4a6818507afbbabcc11b4eff27fe329ca435ef029de30,8573.093,8571.8,3655,exact-open-set-id-v2,1788112230770036224,127,127,2049,16464,4eef0157ac87f031b1333cb082500dc4e3538c1188f0d090279e7f5cc6331ad8,7.255,
478,primary_test_impostor,973,1874,primary_test_impostor,0,255,81,1070,0,False,,0,False,,0,,False,,7.865,0.67,32840,b86663e5df10d228bdac13d822381f42730b0c193895522048c5e517145ab47b,8628.436,8627.6,3655,exact-open-set-id-v2,1788112230770036224,127,127,2049,16464,80df0e78f5e94a51be4127b27ff51926f68ce974090dc7a2570a752553a9b29c,5.476,
479,primary_test_impostor,974,1875,primary_test_impostor,0,221,12,1008,0,False,,0,False,,0,,False,,5.478,0.45,32840,793a31d48ee22bd6d60f8f2751f761c2679c00982fde4eaf1f7c554f2b2eba26,7042.382,7041.8,3655,exact-open-set-id-v2,1788112230770036224,127,127,2049,16464,444ed6fbcbceb94f72c0639ac68ef5c755d5221e61ba7931b14b5e77e87caeca,5.058,
480,primary_test_impostor,975,1876,primary_test_impostor,0,184,77,1067,0,False,,0,False,,0,,False,,6.14,0.44,32840,6a181961e2efb06a10cf53b09b85d31ea029d91b31581f0b6628144eb87b2c2d,10132.467,10131.0,3655,exact-open-set-id-v2,1788112230770036224,127,127,2049,16464,1f735d32f9b239344603950ad8cabfe4014006c1fa29091148d1303c0afebde8,10.454,
481,primary_test_impostor,976,1877,primary_test_impostor,0,94,119,1104,0,False,,0,False,,0,,False,,13.206,0.84,32840,9fe7bb88543c04a64952906807be4245feff6c63b5fe3f90d756dfc4b9cffc63,11784.421,11782.9,3655,exact-open-set-id-v2,1788112230770036224,127,127,2049,16464,7f94ebafc972b5483b91d77f7e705868e1beaf77fca4f8cc88eaf543855c3751,8.034,
482,primary_test_impostor,977,1878,primary_test_impostor,0,98,15,1010,0,False,,0,False,,0,,False,,18.682,2.23,32840,cabf7a6d2c27eb1035fe2dfb8f746fe4b42d1bae1154bb69718b5b99ecc27d4c,9214.979,9212.5,3655,exact-open-set-id-v2,1788112230770036224,127,127,2049,16464,5834710361a335dfe999198c2a02291086e35736cb21e5cede524a61b84dd342,8.787,
483,primary_test_impostor,978,1879,primary_test_impostor,0,212,80,107,0,False,,0,False,,0,,False,,9.934,0.52,32840,6f6153ffd6475be4ed05a4489b41890b81d0b1ce0b53ee083cccfaf321e5c398,8882.813,8881.4,3655,exact-open-set-id-v2,1788112230770036224,127,127,2049,16464,f06cce400f1a12a68a791fe3175ef07d14b1660f6677aeba33d739e8f2b9cb51,6.236,
484,primary_test_impostor,979,188,primary_test_impostor,0,359,1,1,0,False,,0,False,,0,,False,,6.568,0.46,32840,99ab180b745bc57a605f51fce8affd9f923f2ee6dd94043312564c1c51fd1e14,10383.978,10380.7,3655,exact-open-set-id-v2,1788112230770036224,127,127,2049,16464,5154f73c87afd4cb0edf0a84c0aef5bc29bfdec169aee92b91e9d37ef8db76cf,6.698,
485,primary_test_impostor,980,1880,primary_test_impostor,0,55,91,108,0,False,,0,False,,0,,False,,8.038,0.53,32840,2b5cf16425e8e0c9aa8de783b869ce2c880f7087a1af1fc00ae88ab7df4043d6,9025.338,9024.5,3655,exact-open-set-id-v2,1788112230770036224,127,127,2049,16464,e57700fd1452b6b130118a38ae793fb222a58cced69108ccd41844cb4fb3f77e,8.938,
486,primary_test_impostor,981,1881,primary_test_impostor,0,283,112,1099,0,False,,0,False,,0,,False,,7.022,0.53,32840,c4296f0642665a4f8afe4f4cca71694898f53083eefdcba0a8b2f0216ee77a2b,8793.96,8792.4,3655,exact-open-set-id-v2,1788112230770036224,127,127,2049,16464,9b708ca99ee66a909db5a827aba1fb989e19e91eb3752bd67922af3375076387,16.351,
487,primary_test_impostor,982,1882,primary_test_impostor,0,162,7,1003,0,False,,0,False,,0,,False,,18.207,0.75,32840,6162a1e476a75ed8f971feb1b845baae97890e87a4b8f1ee64d1b469070236d4,8283.99,8283.3,3655,exact-open-set-id-v2,1788112230770036224,127,127,2049,16464,05157085b194b32930f44d0895fc5a3837be0a16c2d7a799fa0304e72a4c2c49,6.123,
488,primary_test_impostor,983,1883,primary_test_impostor,0,237,12,1008,0,False,,0,False,,0,,False,,5.534,0.46,32840,ed65430ec15144ce7c3ff180f80c0a837d706ffc63d02061296ac0fa49ec4897,8132.974,8131.9,3655,exact-open-set-id-v2,1788112230770036224,127,127,2049,16464,4716d98e1527041988d13918154cacd472995f7f2e6b94e8d70969f640278279,5.27,
489,primary_test_impostor,984,1884,primary_test_impostor,0,90,26,1020,0,False,,0,False,,0,,False,,6.005,0.46,32840,83fa0c0b069e33ad9ad2d2f3ef75f27b19d728cc8fcb2a346ef4ff5bb1ea07aa,7473.178,7472.3,3655,exact-open-set-id-v2,1788112230770036224,127,127,2049,16464,b2067e5e2292dbe6de4b374a9b83131d88f26ca12be3c12595a75a11e2e136d1,7.221,
490,primary_test_impostor,985,1885,primary_test_impostor,0,307,95,1083,0,False,,0,False,,0,,False,,12.15,0.87,32840,e6980903490931faefa9e74db83624889bb6d83a35e1ff0383f1906420bec247,7839.942,7838.8,3655,exact-open-set-id-v2,1788112230770036224,127,127,2049,16464,b339b15da97077c1d9c76548439c3fbc82e2dcd61392c4a9d26aa1ae55cdd2b7,8.403,
491,primary_test_impostor,986,1886,primary_test_impostor,0,114,97,1085,0,False,,0,False,,0,,False,,11.454,0.47,32840,9b0c6b3a825bd984caf1ed577db65825bb6fa8750eb2cc019da03cfc91a31744,8969.806,8968.9,3655,exact-open-set-id-v2,1788112230770036224,127,127,2049,16464,783dd19f142c4bbdb8e241b024db306f346fd6d2029a4430d01fa5bf5d874901,13.388,
492,primary_test_impostor,987,1887,primary_test_impostor,0,388,46,1039,0,False,,0,False,,0,,False,,6.324,0.45,32840,4c4818ae0be41882a2aa9b6186b90877905456d4930c4f736bd881a4d6b55985,9029.207,9028.0,3655,exact-open-set-id-v2,1788112230770036224,127,127,2049,16464,719d94fd479c9af05d77525254dd5b8fda510bdd355a005efb70a69be371b71d,8.463,
493,primary_test_impostor,988,1888,primary_test_impostor,0,89,24,1019,0,False,,0,False,,0,,False,,5.869,0.58,32840,95bb873a7bb2c3e445a0f83ba02baad9eb8fa7238894f8ee6ff9fd44d30d9670,8328.74,8328.0,3655,exact-open-set-id-v2,1788112230770036224,127,127,2049,16464,a9ef55abb74b5eb39ad6ce0ff9cc09f14467e777c76487749f042ff88339106c,5.828,
494,primary_test_impostor,989,1889,primary_test_impostor,0,161,19,1014,0,False,,0,False,,0,,False,,9.01,0.52,32840,e20e7c62c3775ecfc83fcc7191713a18e99fedce52655da8fc21cda7a80fec9d,9066.38,9065.1,3655,exact-open-set-id-v2,1788112230770036224,127,127,2049,16464,20bedfe96b83255a98a92c86512d9e7d9ffbe6767b07de9578c35cf7ff5c38de,12.048,
495,primary_test_impostor,990,189,primary_test_impostor,0,212,92,1080,0,False,,0,False,,0,,False,,5.716,0.43,32840,54b19e5c97a21f1a3351c4065a187c36acbb2308732e841de7d044898d903bd0,7156.038,7155.4,3655,exact-open-set-id-v2,1788112230770036224,127,127,2049,16464,827e80f65c2f80c0b6867fbe705eb2cdf67f4fbd679af0c4aa7de14b384e3586,5.891,
496,primary_test_impostor,991,1890,primary_test_impostor,0,189,96,1084,0,False,,0,False,,0,,False,,5.954,0.5,32840,348306449c1dbab7c18dfba440d2ae6855e324947a4b84e59ecc31108a3905c7,6846.664,6846.0,3655,exact-open-set-id-v2,1788112230770036224,127,127,2049,16464,a07c37a8c5caaacd3bb57c673dea3bf25130b17940eac74fb59749dd1e839c49,6.719,
497,primary_test_impostor,992,1891,primary_test_impostor,0,106,17,1012,0,False,,0,False,,0,,False,,5.608,0.57,32840,f22894f4f249f4b2eced36dcf5d4e03dfcfaacbbb16717729ae489b9225e0be2,6996.304,6995.6,3655,exact-open-set-id-v2,1788112230770036224,127,127,2049,16464,56d70d1e4d91c9aecd5809ebfa72c597633e721582f61a7dbfa5598facf99bd1,5.672,
498,primary_test_impostor,993,1892,primary_test_impostor,0,142,115,1100,0,False,,0,False,,0,,False,,6.687,0.49,32840,b064640e19933b34c7db785ec0cbc373cef17ecf2814963b36cfc1a477159c68,7139.199,7138.4,3655,exact-open-set-id-v2,1788112230770036224,127,127,2049,16464,0cafbf18d3ee8e9a3f351e96136f1fb957180367aaca33a125557a5d3510ea3f,5.301,
499,primary_test_impostor,994,1893,primary_test_impostor,0,127,29,1023,0,False,,0,False,,0,,False,,5.846,0.46,32840,e1c600bab7782b5cca2c1beefebe48ec55f54e3927359cded85b0c3ed5d8560c,8384.277,8383.5,3655,exact-open-set-id-v2,1788112230770036224,127,127,2049,16464,9c69bcdef733660ed892e13def63b4bbfcc9e0fbf9ada293da5138c87112f087,7.492,
500,primary_test_impostor,995,1894,primary_test_impostor,0,179,116,1101,0,False,,0,False,,0,,False,,7.736,0.48,32840,adf8320b5b5680ebb9e9bc13c9fbdac68b300173ff49908b1f52afc65ef4ea36,9212.748,9211.7,3655,exact-open-set-id-v2,1788112230770036224,127,127,2049,16464,cd3360000ec47b5266da8f23d8ea8882a5241233e039533020ab584eb1e269ca,15.863,
501,primary_test_impostor,996,1895,primary_test_impostor,0,200,99,1087,0,False,,0,False,,0,,False,,6.921,0.49,32840,d4c520e47bded4117f46be80b6abde5b621c090d772c49cd4f71dcabc34b9194,9365.177,9363.0,3655,exact-open-set-id-v2,1788112230770036224,127,127,2049,16464,b2c8f559617b3005d740d7e91b4adeb9e572b179d51ffe94c973b452251746f7,7.152,
502,primary_test_impostor,997,1896,primary_test_impostor,0,227,31,1025,0,False,,0,False,,0,,False,,6.187,0.48,32840,abd478457f3bdd2c3560343a83819673537113093f36a7ef47adc439ecc2691e,8427.58,8426.3,3655,exact-open-set-id-v2,1788112230770036224,127,127,2049,16464,49ec72981d856cf5289abe26a4808a6756ec0d3fc099c8f3a2ada1899affb743,5.93,
503,primary_test_impostor,998,1897,primary_test_impostor,0,268,49,1041,0,False,,0,False,,0,,False,,6.417,0.69,32840,454b5f3d4f3ad0b7e08ffa739c9ce959e9d67da9851f8e02ba6a35fc11b13514,8032.199,8031.4,3655,exact-open-set-id-v2,1788112230770036224,127,127,2049,16464,d868ea229098d4ff3620682b541da01d9fb115d223439f2709defc53ac6e1c4e,7.954,
504,primary_test_impostor,999,1898,primary_test_impostor,0,195,66,1057,0,False,,0,False,,0,,False,,6.567,0.52,32840,447129a70e776af8df1c883c7b9a81c61defb0ae76f18d8a9d78cec8f01b4e6a,8992.526,8988.2,3655,exact-open-set-id-v2,1788112230770036224,127,127,2049,16464,c6a7a0d96b0d46d21e82b79a313593398de23b9854a7e9ae04aa6e4eb966d9d6,24.487,
505,primary_test_impostor,1000,1899,primary_test_impostor,0,204,57,1049,0,False,,0,False,,0,,False,,20.201,0.78,32840,29afbdf7105d671eb268cd0d2ff27781c956fc8b12c77720e5d95cc0745819f4,10033.219,10031.6,3655,exact-open-set-id-v2,1788112230770036224,127,127,2049,16464,9cd2345f0ac160b3a9626ee7ea1004ebe9ece823c3560f2811acfcb795743b98,12.056,
506,primary_test_impostor,1001,19,primary_test_impostor,0,121,24,1019,0,False,,0,False,,0,,False,,9.538,0.52,32840,0abf3d304063c337b94118d512732700c6cb3d1dedbba3a776c5cfe649b9b55b,8229.163,8228.2,3655,exact-open-set-id-v2,1788112230770036224,127,127,2049,16464,2b12ef3fbb0731d9d2cb9763a6f4c27a442ab7a466ee0171a13a308e8ad191a0,6.812,
507,primary_test_impostor,1002,190,primary_test_impostor,0,180,47,104,0,False,,0,False,,0,,False,,6.456,0.48,32840,217a9b42f90d3959599229a9da445eec6709e71404fc72bc9735ef5092aa2323,9698.82,9696.1,3655,exact-open-set-id-v2,1788112230770036224,127,127,2049,16464,77d779ff4fbe1f46caad3f3ad4ca71199685f6e51aea0a2c274f8d6c6a4c2cd2,66.056,
508,primary_test_impostor,1003,1900,primary_test_impostor,0,114,102,109,0,False,,0,False,,0,,False,,23.005,0.55,32840,4f7286a4dab921ddd99b37d43df0aad87ca912c985349de972395f15c506112b,9857.66,9856.3,3655,exact-open-set-id-v2,1788112230770036224,127,127,2049,16464,7eae8d034dca055d4454a166151d53f3ee9b63e8bbb6c2d908c3eacae5a2780d,6.998,
509,primary_test_impostor,1004,1901,primary_test_impostor,0,165,68,1059,0,False,,0,False,,0,,False,,8.362,0.59,32840,72ea20809189b78e6673b80583449b5c04e3bab4be0b5a364c4c98f29a08b51b,8885.389,8884.0,3655,exact-open-set-id-v2,1788112230770036224,127,127,2049,16464,491cf9357e3f1218ddf4f3bacc2a897fddc23b803fdb8b07098977f9893e3772,9.819,
510,primary_test_impostor,1005,1902,primary_test_impostor,0,63,116,1101,0,False,,0,False,,0,,False,,6.656,0.53,32840,2cf18900143061162316b20fbf459d66657b7352302ccede209a364b30c83729,8638.715,8637.7,3655,exact-open-set-id-v2,1788112230770036224,127,127,2049,16464,1a99d8a3a2086e2e61d5d43a1b70ae078f4f0ae53c6ed7004b57d8e7a808dfeb,8.396,
511,primary_test_impostor,1006,1903,primary_test_impostor,0,150,92,1080,0,False,,0,False,,0,,False,,6.902,0.46,32840,0d726883d86142b4c1fc4840663579f083ff5fa004d7dbaa002916002eca0be7,7646.879,7646.1,3655,exact-open-set-id-v2,1788112230770036224,127,127,2049,16464,73070e736133bbda06dd99b384ca99953b9965c56f9e84f429cd7f9eee2a1e6f,5.53,
512,primary_test_impostor,1007,1904,primary_test_impostor,0,171,75,1065,0,False,,0,False,,0,,False,,6.837,0.49,32840,e87ef9bd209a85962a594e242334fc728e3182f3a0042ebaa81c23e8b15c3bfc,8551.016,8550.1,3655,exact-open-set-id-v2,1788112230770036224,127,127,2049,16464,b60199d83876937abc70af6d9b4567c52c36c0a6f393ed525ab1042d222dddff,5.954,
513,primary_test_impostor,1008,1905,primary_test_impostor,0,244,115,1100,0,False,,0,False,,0,,False,,8.868,1.46,32840,3ef5b6a3472874edfd97d82dd03667119c7ee5370b46263763c725a77974a4fe,8995.905,8994.7,3655,exact-open-set-id-v2,1788112230770036224,127,127,2049,16464,aa050b5878184bba38e27134d715baa3aa3609c95a4b85d0f538adec90c97cac,5.971,
514,primary_test_impostor,1009,1906,primary_test_impostor,0,91,106,1093,0,False,,0,False,,0,,False,,7.721,0.66,32840,47f4ad8335dfaa604d2ae2f79a9229ea9623fcc350381e5c7a07c9ea963efa1e,7658.058,7657.0,3655,exact-open-set-id-v2,1788112230770036224,127,127,2049,16464,0db771d776e064b12a7347611e50f3b149a454d546bddeadbfcf20717951b84f,6.881,
515,primary_test_impostor,1010,1907,primary_test_impostor,0,136,17,1012,0,False,,0,False,,0,,False,,28.725,0.71,32840,f1c65e1012340ae02c21e7efd4098970bca07ce8bf7a6304f2e7a9dd0073aaee,7922.526,7921.7,3655,exact-open-set-id-v2,1788112230770036224,127,127,2049,16464,a635c53532e887e81c04ed649a7a344264d59252400eeeb3e5b172998bd062f6,5.871,
516,primary_test_impostor,1011,1908,primary_test_impostor,0,153,88,1077,0,False,,0,False,,0,,False,,5.934,0.44,32840,fb4f9803f0429d84e9973c8afaa75fafa223c8b774f58e3c5a22156898ef80bb,7936.686,7935.8,3655,exact-open-set-id-v2,1788112230770036224,127,127,2049,16464,db0c2962e1f2327cba3fd95691c812614c7fb71da46ec084e7357de4a44f4caf,8.481,
517,primary_test_impostor,1012,1909,primary_test_impostor,0,112,123,1108,0,False,,0,False,,0,,False,,15.489,0.63,32840,8e37542549e1c02fb0cf0f5b2725febf7989b31487bb4ded2bd57e638f14ba2c,8350.119,8348.9,3655,exact-open-set-id-v2,1788112230770036224,127,127,2049,16464,490f61bbb8826cd18200749ec5be19c0943855791cd9f08423671418b42e2c68,5.819,
518,primary_test_impostor,1013,191,primary_test_impostor,0,216,20,1015,0,False,,0,False,,0,,False,,5.42,0.46,32840,5186a21221f88d539e331baea247b62b4697a9d70a1097e6cec30c88e521cd82,8758.84,8757.4,3655,exact-open-set-id-v2,1788112230770036224,127,127,2049,16464,597f6c5eb9579b0d7834739dc23e575685d0524bab56109423632724b7510604,6.013,
519,primary_test_impostor,1014,1910,primary_test_impostor,0,157,78,1068,0,False,,0,False,,0,,False,,7.11,0.51,32840,375470ce97ec80d22b7e4757fbc93cf52df9b9995c5b188c52ddc126c2dd5a4d,8159.496,8158.5,3655,exact-open-set-id-v2,1788112230770036224,127,127,2049,16464,76daab19aac0cccf76bba16eaf21c28beb3bd6811e2391d0b6f587c5c433bfb6,6.191,
520,primary_test_impostor,1015,1911,primary_test_impostor,0,127,64,1055,0,False,,0,False,,0,,False,,5.422,0.45,32840,cea291ad517266e984c4ff6a37369e42c14ef97e3e47c20e5d5a95a4e8219e92,7670.578,7669.4,3655,exact-open-set-id-v2,1788112230770036224,127,127,2049,16464,acb2cf30787165231b578b611ab7189f95da5a68d6f96a7ac99437deb406f612,5.662,
521,primary_test_impostor,1016,1912,primary_test_impostor,0,239,86,1075,0,False,,0,False,,0,,False,,6.281,0.44,32840,2ece0595d6b84a627bb9d9cde62a134ab2b2f6b8a231deacde7692dd5abdbed3,7208.398,7207.6,3655,exact-open-set-id-v2,1788112230770036224,127,127,2049,16464,9f46a59f902e2841f54e68aacd26796e23f2218acc822e34838f68889631ba76,5.907,
522,primary_test_impostor,1017,1913,primary_test_impostor,0,231,88,1077,0,False,,0,False,,0,,False,,5.645,0.46,32840,58f6437dd81608c51df459d3f5d77e2f6906ea07725daf4c879316e1cfb306c5,7662.199,7661.5,3655,exact-open-set-id-v2,1788112230770036224,127,127,2049,16464,25a017617550cfdbd49431d325c59f441c0b8659dd6d76e120a6bd6e7ca25c59,6.609,
523,primary_test_impostor,1018,1914,primary_test_impostor,0,184,2,10,0,False,,0,False,,0,,False,,5.663,0.47,32840,4f0ec962582d662a34e0d97d7bd912c0fbe36017cffa523e291a49ff461539c6,8581.723,8580.7,3655,exact-open-set-id-v2,1788112230770036224,127,127,2049,16464,5e8408039a3268cbc3c1efc37c1ddb63bc02040bb97dd4319718c6b3be65d114,5.98,
524,primary_test_impostor,1019,1915,primary_test_impostor,0,160,3,100,0,False,,0,False,,0,,False,,6.605,0.51,32840,2f8c744626ef3638592ecc5bd628be4620c74372e8d1732bb270e13999f45c53,7495.157,7494.4,3655,exact-open-set-id-v2,1788112230770036224,127,127,2049,16464,138ea8708e8b60fe2ea89a51c8370a7986b280e0fdec9c9e87038f0e109ff454,7.603,
525,primary_test_impostor,1020,1916,primary_test_impostor,0,194,62,1053,0,False,,0,False,,0,,False,,9.206,0.44,32840,893024829936d012e0bd5b748d287f9145469a95f1cfcf4edddfaed01fb1d23c,8197.335,8196.4,3655,exact-open-set-id-v2,1788112230770036224,127,127,2049,16464,0b468a9a4cc01361cad7a3c3980b1ad5818cf83904ccc6a2c12b7bf956d95979,5.866,
526,primary_test_impostor,1021,1917,primary_test_impostor,0,246,110,1097,0,False,,0,False,,0,,False,,5.799,0.47,32840,2899ea89aff24a17b35f10229f792bbba9a32d2b323a06541d34a1cd1ad987fb,7568.763,7567.9,3655,exact-open-set-id-v2,1788112230770036224,127,127,2049,16464,da4c8abb3f170d80fbecbbc50c5bb4ded3c8aa0935bccb48f026e02b25537f6f,8.516,
527,primary_test_impostor,1022,1918,primary_test_impostor,0,202,80,107,0,False,,0,False,,0,,False,,8.329,0.51,32840,3eb865d8827275c18613231b1f79f6aebc18a9cfc131f4663a0e915df9e47f8d,8495.219,8494.5,3655,exact-open-set-id-v2,1788112230770036224,127,127,2049,16464,f7dff83aebbb86246a229f9399f4cad320dc13c5833c930d9f983a0334e481e9,5.332,
528,primary_test_impostor,1023,1919,primary_test_impostor,0,216,93,1081,0,False,,0,False,,0,,False,,6.236,0.52,32840,b4b1d1727086fbcc6c1b18d3fc522d18863c253a9bf1e1da45b514ef8294fb27,8126.663,8125.6,3655,exact-open-set-id-v2,1788112230770036224,127,127,2049,16464,5e58f9a9e274092cc061f6c8d61b49af28a9fd66a221170f55ff694c9b83777f,5.729,
529,primary_test_impostor,1024,192,primary_test_impostor,0,208,42,1035,0,False,,0,False,,0,,False,,5.978,0.49,32840,cafc062eb0625085d4d3bca0ef1c0c7a4afa9fdafbcd648e858835addc718a6f,7996.434,7995.6,3655,exact-open-set-id-v2,1788112230770036224,127,127,2049,16464,15fbc1b4194b515cf021e537f5436645eed447c4182f85088c842a6787bcb477,6.084,
530,primary_test_impostor,1025,1920,primary_test_impostor,0,135,91,108,0,False,,0,False,,0,,False,,5.929,0.45,32840,58007c92dba6f0ebedfd607a480e73566d463e02e7354dc4b17d859f2bd430dc,8300.048,8299.0,3655,exact-open-set-id-v2,1788112230770036224,127,127,2049,16464,daa30eb7cad27906fabbf89c4f7c77928d11bd6d7732d25930cd834174c94ae8,5.636,
531,primary_test_impostor,1026,1921,primary_test_impostor,0,206,80,107,0,False,,0,False,,0,,False,,5.892,0.46,32840,2e48b2bffd9e0e1a1531508510a2de24a0da697c802d52355bb509c7853d1ac5,8114.444,8113.3,3655,exact-open-set-id-v2,1788112230770036224,127,127,2049,16464,c9ad7841805f3bc824375066907956bf5075536d0fe8ae7e9d1c83a50e7ca827,5.837,
532,primary_test_impostor,1027,1922,primary_test_impostor,0,128,4,1000,0,False,,0,False,,0,,False,,5.51,0.5,32840,3ad9ce7a461799110dc5f2fb59624915b43f9c1d87a5c4171265b859d6327bc8,7618.048,7617.0,3655,exact-open-set-id-v2,1788112230770036224,127,127,2049,16464,ebc6d682dfa4ca7650d8c58952d1dc753d8b765dfbc9b6b9554383e5676df62d,7.75,
533,primary_test_impostor,1028,1923,primary_test_impostor,0,112,80,107,0,False,,0,False,,0,,False,,5.033,0.45,32840,f459f7b8c253d5214525124ca8aedc6566ea58d87bbe866946d8b07237f4652d,6908.985,6908.2,3655,exact-open-set-id-v2,1788112230770036224,127,127,2049,16464,082c710979a779ab36c2de8820f819dc494c27475aa612a8d6a60eaf4024ad2c,6.353,
534,primary_test_impostor,1029,1924,primary_test_impostor,0,273,45,1038,0,False,,0,False,,0,,False,,6.015,0.58,32840,64e20ebbcd676f2875ea55670bc10d401ba64674a9e018aefe75f12a41546fcc,7760.421,7759.5,3655,exact-open-set-id-v2,1788112230770036224,127,127,2049,16464,190586e004f694d5925a9b7294edb51766cea9fc2e3d2dfdc7d2b55648ee6305,6.388,
535,primary_test_impostor,1030,1925,primary_test_impostor,0,244,121,1106,0,False,,0,False,,0,,False,,5.498,0.46,32840,951bbdcba2cdeb8353f486414946ed6c74b62b86b9759ab7bd53776720130ad3,8083.348,8080.6,3655,exact-open-set-id-v2,1788112230770036224,127,127,2049,16464,d71999bd78451cd303a7ff4694ae1f99f9e656d6c6bf205db1ab7af743adc3e2,36.748,
536,primary_test_impostor,1031,1926,primary_test_impostor,0,194,61,1052,0,False,,0,False,,0,,False,,18.097,1.76,32840,02e59e4f3f699f84fd928684d9c2c15ef82917dc5fe1c8e49991bff5fdb87751,7711.168,7707.5,3655,exact-open-set-id-v2,1788112230770036224,127,127,2049,16464,9f6f50e00e0afa1ae7555975b4b58f829790eb905501735604b1de91324ee48d,5.605,
537,primary_test_impostor,1032,1927,primary_test_impostor,0,207,76,1066,0,False,,0,False,,0,,False,,6.437,0.55,32840,f2d178dd9cab10b1286fbd79198093309e746a52f28992b3b5fe77bfbf5fa8fe,9357.905,9356.3,3655,exact-open-set-id-v2,1788112230770036224,127,127,2049,16464,ee51029e9fd441ada28cde6d67f70f96132ea9f33b6546554d0ac4392e56687a,6.342,
538,primary_test_impostor,1033,1928,primary_test_impostor,0,184,30,1024,0,False,,0,False,,0,,False,,6.572,0.83,32840,e1c3509bde16a04590bd02932e9d8bea37db9a784e8855d6e4638e6d7487dc1d,9679.666,9678.5,3655,exact-open-set-id-v2,1788112230770036224,127,127,2049,16464,92dc78e3b3141b4968e7c595de82e0f0743bef44a73afc82161706990209b005,9.694,
539,primary_test_impostor,1034,1929,primary_test_impostor,0,115,29,1023,0,False,,0,False,,0,,False,,8.187,0.57,32840,f7feac1c2cd6b176b1183618f1a835f2099bc587a3fd58a1b87f9a1888dddf46,7980.949,7979.8,3655,exact-open-set-id-v2,1788112230770036224,127,127,2049,16464,82c5ddf23b4ebd8f463890af68cb34d427c6550f3f0fb1a7a46c5e134ff27b94,21.783,
540,primary_test_impostor,1035,193,primary_test_impostor,0,134,121,1106,0,False,,0,False,,0,,False,,21.548,2.81,32840,06a62b56d3d5c57f1aa72cc1620272e36601028e1c80d131e915fdb5509f63e1,8550.56,8549.0,3655,exact-open-set-id-v2,1788112230770036224,127,127,2049,16464,b0aad77524a28b851779f06c690a8a5d82422e0dace64c28ef086da1fc64edfb,6.343,
541,primary_test_impostor,1036,1930,primary_test_impostor,0,142,80,107,0,False,,0,False,,0,,False,,8.723,0.66,32840,3b577fc9360928ca0c6ff4c6157198e3d9f918dc3a6d7132d31d6c25dfa92eca,8048.399,8047.0,3655,exact-open-set-id-v2,1788112230770036224,127,127,2049,16464,db628ec42b82f5506a76894fe5f7b790bb8d080ac43d668fc69d12163bfdac56,6.297,
542,primary_test_impostor,1037,1931,primary_test_impostor,0,240,80,107,0,False,,0,False,,0,,False,,7.971,0.45,32840,f2164d2d2d1a89f861fa50dc2e4b3b1020a7c921d930b605f6d88f401150238c,10531.945,10530.0,3655,exact-open-set-id-v2,1788112230770036224,127,127,2049,16464,7292880a8df9afcc02d49d27a94ec3d7ca94d6e3feb4d7e488897822be52f874,6.753,
543,primary_test_impostor,1038,1932,primary_test_impostor,0,150,97,1085,0,False,,0,False,,0,,False,,7.447,0.47,32840,a4d8a336dfa05dcc516b817b18bfce60aa85272a6ab50774b9952ec726fb5ed0,9663.788,9662.9,3655,exact-open-set-id-v2,1788112230770036224,127,127,2049,16464,64729f486dcb1c15c34d87cdfacdf9daa89cbfb018d9a4c726c4f3fa422ab6ef,8.494,
544,primary_test_impostor,1039,1933,primary_test_impostor,0,48,93,1081,0,False,,0,False,,0,,False,,10.27,0.66,32840,8cb30b98b9cc31fdb7536511852f50a5623b1443cd786b1603947c0c9f749a5a,10385.643,10383.2,3655,exact-open-set-id-v2,1788112230770036224,127,127,2049,16464,918d125b3c9c350ceb47861be878fae0133be2e1a2e266a0d58da2aa7b504734,5.51,
545,primary_test_impostor,1040,1934,primary_test_impostor,0,126,115,1100,0,False,,0,False,,0,,False,,6.053,0.52,32840,22bab1501d8ad6477b203c38efe9cd8e5f165e8804e1e9d8efcfe32eb0ac1df9,8401.04,8400.1,3655,exact-open-set-id-v2,1788112230770036224,127,127,2049,16464,b5132018db50782816da596f12a2b5268678c8fe5b0a1e617f41d76afa862c95,6.136,
546,primary_test_impostor,1041,1935,primary_test_impostor,0,128,97,1085,0,False,,0,False,,0,,False,,6.514,0.65,32840,1be9ed55cfe733b81f65097e556bed9a4230a947e84550dd174c4fa3983a69b5,7821.562,7820.6,3655,exact-open-set-id-v2,1788112230770036224,127,127,2049,16464,e12b12267c524dd49322bb2585653f09762cf45cfe5fc7334c474221406a6044,5.526,
547,primary_test_impostor,1042,1936,primary_test_impostor,0,176,2,10,0,False,,0,False,,0,,False,,11.633,0.59,32840,45ec7f34650a410cee633249b361e10fbd60bdc5dc0884b915e1d4ea9ed84413,8302.686,8301.8,3655,exact-open-set-id-v2,1788112230770036224,127,127,2049,16464,8c1d9d2adbba3f6df3b4976ab875e97b470beae88b3bdee99b2413338583a8a1,5.959,
548,primary_test_impostor,1043,1937,primary_test_impostor,0,125,74,1064,0,False,,0,False,,0,,False,,6.23,0.62,32840,a8ade18ed8221cebcf1e4ac4d45088523c80292c5107059f629b710257c27dd9,8492.157,8491.0,3655,exact-open-set-id-v2,1788112230770036224,127,127,2049,16464,c91839f3188eb6cf6916496bbdbde721b8b725fecc2eeef438e6699c7e8cff66,10.059,
549,primary_test_impostor,1044,1938,primary_test_impostor,0,158,35,1029,0,False,,0,False,,0,,False,,6.804,0.48,32840,c8861c4f0bb149e920b583d33db976393b31152ee1ed64f84ab46b9f897daf84,8000.737,7999.8,3655,exact-open-set-id-v2,1788112230770036224,127,127,2049,16464,2d025e9b897a337741a44a959f9ab81b28363da98331f4ff4c960893ad56dd88,5.646,
550,primary_test_impostor,1045,1939,primary_test_impostor,0,168,3,100,0,False,,0,False,,0,,False,,5.905,0.52,32840,d9a5500e4e2ca2d99d24802b07f53f7db4421e2914ed94758bc77fec5a0943e3,7598.839,7597.9,3655,exact-open-set-id-v2,1788112230770036224,127,127,2049,16464,16114d4e1cd40f2faf79f1fabb0449e252cb4d70c17a1785471ca258b12e933f,7.406,
551,primary_test_impostor,1046,194,primary_test_impostor,0,180,72,1062,0,False,,0,False,,0,,False,,10.83,1.21,32840,b120abb43568ea77c2af154be63c112d92487f3fac79917f10955bc9d2ee4224,8540.4,8539.1,3655,exact-open-set-id-v2,1788112230770036224,127,127,2049,16464,3381079016ff5798a4f0a4b2d3fd0192d04cb8b8073a917e71da6c1dc2a3f6dc,10.153,
552,primary_test_impostor,1047,1940,primary_test_impostor,0,285,67,1058,0,False,,0,False,,0,,False,,6.244,0.59,32840,7e5f63e4fb529bfa393e47b7df24a2d9a5406ac9ba4029d985cde28bb4cb2317,9562.271,9561.0,3655,exact-open-set-id-v2,1788112230770036224,127,127,2049,16464,2121e8868487b43ee70260dbb1ea9706c701d6cc784269234f3635f76245e2b4,8.04,
553,primary_test_impostor,1048,1941,primary_test_impostor,0,159,76,1066,0,False,,0,False,,0,,False,,6.262,0.5,32840,5de711641df32b16e46912f52adec7a4fd2dfc502df2946bc972ddb3c140eef4,11273.285,11272.3,3655,exact-open-set-id-v2,1788112230770036224,127,127,2049,16464,bdbeef052a9402ebdd18090ee94133d94a6cedd4a8af97b8f664177d6ce5d593,6.404,
554,primary_test_impostor,1049,1942,primary_test_impostor,0,223,88,1077,0,False,,0,False,,0,,False,,5.999,0.5,32840,61018503d84ce6535cfb173ecc475e07a3b3b908f5bf2207e40c4673bcaa9787,8858.793,8857.6,3655,exact-open-set-id-v2,1788112230770036224,127,127,2049,16464,d52044664db90abb881eaf075622997f3ffd5b747220b9d33e5e8d22d839cbc1,6.415,
555,primary_test_impostor,1050,1943,primary_test_impostor,0,145,52,1044,0,False,,0,False,,0,,False,,8.653,0.47,32840,6074332aab04398592009a218edb583e1446702d2eb39e763a1a905363ea2c27,8132.19,8129.2,3655,exact-open-set-id-v2,1788112230770036224,127,127,2049,16464,2eeac606407562485b0877cd3b5f8696369855ed4bf5ff1b7e56ef38023e9b32,7.167,
556,primary_test_impostor,1051,1944,primary_test_impostor,0,230,16,1011,0,False,,0,False,,0,,False,,5.635,0.63,32840,c7b078ab76c24e0a88619b688e568c10d7885ace3a1d9841c984161741b2f02e,8200.914,8199.9,3655,exact-open-set-id-v2,1788112230770036224,127,127,2049,16464,c24d3a76a5f6594e299d6149b760734dc1a40238fda21932cdca85ecc9af8304,10.518,
557,primary_test_impostor,1052,1945,primary_test_impostor,0,263,22,1017,0,False,,0,False,,0,,False,,7.844,0.5,32840,b7b9e62badaa435a696b46fb248a7aeb4abd22c2572cf51c6233903a3f3f49c6,8043.221,8040.7,3655,exact-open-set-id-v2,1788112230770036224,127,127,2049,16464,5ecedaf9418117076d2973af845fc87fbe1c01877e10debc86de7f9ea8484696,5.886,
558,primary_test_impostor,1053,1946,primary_test_impostor,0,214,23,1018,0,False,,0,False,,0,,False,,6.6,0.5,32840,30a52f9130f18167e14788e88e99a4691bcc9086bc54ffbfbf6fd1fb163c9ea5,8025.38,8024.1,3655,exact-open-set-id-v2,1788112230770036224,127,127,2049,16464,84d703199814ecd977d5e9ab464e59f4b05f192bf026e2b21e9e3e917645a1f9,5.845,
559,primary_test_impostor,1054,1947,primary_test_impostor,0,174,92,1080,0,False,,0,False,,0,,False,,5.592,0.45,32840,2354daf0baa7ba835c110e2846da96a9cd2e87f9c571ddc0fb1a1d799cc4c078,7273.314,7272.5,3655,exact-open-set-id-v2,1788112230770036224,127,127,2049,16464,5e96149f96b73b37d6c7ff18493746cfdbda0003eef3a2d7cf83f551b9493c04,6.04,
560,primary_test_impostor,1055,1948,primary_test_impostor,0,176,57,1049,0,False,,0,False,,0,,False,,6.528,0.58,32840,84c2fdab05a5ecf424060365239e3dff33d41c206dd5910e126caa6a6dad04bc,7716.354,7715.0,3655,exact-open-set-id-v2,1788112230770036224,127,127,2049,16464,8928ebf26f4222aab47c7d9e2052d1fe78da2fe87f623da9ab0eea554b10fff1,11.559,
561,primary_test_impostor,1056,1949,primary_test_impostor,0,295,29,1023,0,False,,0,False,,0,,False,,9.573,0.55,32840,2deab6c8f265fdb1cb6eb771dccb771e51d4630cd9e6101ab01f3b546126c804,8328.626,8327.7,3655,exact-open-set-id-v2,1788112230770036224,127,127,2049,16464,44c0b1f1d6dd2ff2868769d777bae27b90889b0e0f21924bf98bcf99948f439d,5.66,
562,primary_test_impostor,1057,195,primary_test_impostor,0,159,98,1086,0,False,,0,False,,0,,False,,6.274,0.51,32840,823e5c58020c77d7f6d36d976cc8b069502fbe6053282d908574e03adabec24a,8318.83,8316.8,3655,exact-open-set-id-v2,1788112230770036224,127,127,2049,16464,1f90cf3d0d2192373ddde46d87d7fd265ad2d61c97d5d9ae3a760a8bf9bdc16c,6.485,
563,primary_test_impostor,1058,1950,primary_test_impostor,0,223,67,1058,0,False,,0,False,,0,,False,,7.766,0.56,32840,c5de6721d18d42bd238849d4853836dd91d85de1284bc6746daac377d7420605,9500.49,9499.3,3655,exact-open-set-id-v2,1788112230770036224,127,127,2049,16464,a76ec8bf370f34c973fad2d267dd70302b2697ff98415157c3fe9dcf271bfdcd,12.852,
564,primary_test_impostor,1059,1951,primary_test_impostor,0,235,112,1099,0,False,,0,False,,0,,False,,6.465,0.44,32840,481932660cb48dbf1033eabd4344da5506407f0cc794adc546d3b6dfb311c9bf,7988.896,7987.9,3655,exact-open-set-id-v2,1788112230770036224,127,127,2049,16464,fec63423f021964763ac8be1fb476420dc8fec26811022f79d696dbab237c220,5.586,
565,primary_test_impostor,1060,1952,primary_test_impostor,0,259,51,1043,0,False,,0,False,,0,,False,,5.668,0.5,32840,7a67513185c5978f6a79da37fb466b16a5b35a3c5faeb3da314fb7b3808c36cd,9660.105,9658.8,3655,exact-open-set-id-v2,1788112230770036224,127,127,2049,16464,9c15e2544c51527570ba5bb051e3a893b1246b5b41d27672ee57aa9c184db931,7.602,
566,primary_test_impostor,1061,1953,primary_test_impostor,0,157,29,1023,0,False,,0,False,,0,,False,,7.522,0.62,32840,9b3b4fdb0437c3be1b9182ba7ac623154056c2c89ca49251dc314d2b3d7a57e9,9898.608,9897.4,3655,exact-open-set-id-v2,1788112230770036224,127,127,2049,16464,a4e5c816a6c583192c0f59e6103f9d8add3f43e539e66a938a3b50a2748dbab8,15.296,
567,primary_test_impostor,1062,1954,primary_test_impostor,0,219,75,1065,0,False,,0,False,,0,,False,,9.583,0.49,32840,8b9f41b45372b7ed061625ef45a6b598a5e8b106190d10f535567d03f14ce51b,9675.894,9674.0,3655,exact-open-set-id-v2,1788112230770036224,127,127,2049,16464,3c51f72da7f1a90dea1989381e78a52b4e422dc73414d6dbf2cbd2caff18aa3f,8.704,
568,primary_test_impostor,1063,1955,primary_test_impostor,0,203,58,105,0,False,,0,False,,0,,False,,5.939,0.52,32840,af0fc4a3700cab2f5cdccfe438a7eaa48e790fb208e35dbcfe0f28b99a1ea28b,10138.404,10137.1,3655,exact-open-set-id-v2,1788112230770036224,127,127,2049,16464,48b87c15e3a6c2baeb50031aff0f3f114d1d9a29834d530bf6cc05b0831d1ba4,8.606,
569,primary_test_impostor,1064,1956,primary_test_impostor,0,225,68,1059,0,False,,0,False,,0,,False,,8.662,0.97,32840,035a84f5063cce777143ee4e2fa30cf3254e27b10e2ba5319ebadaf94d9f8022,10911.716,10910.4,3655,exact-open-set-id-v2,1788112230770036224,127,127,2049,16464,8afb29cc2f5483baaa557362a1fa7f006b94fff27045a36efcb7a4955be2c566,9.154,
570,primary_test_impostor,1065,1957,primary_test_impostor,0,184,46,1039,0,False,,0,False,,0,,False,,15.28,0.66,32840,354ea55785d3c44dbd82db7a17d3b0b42a3a38e3d1f6a6146ac0624924d29bab,10620.121,10618.6,3655,exact-open-set-id-v2,1788112230770036224,127,127,2049,16464,6e39fb63df4efb50bca543cd46badb7754df94a9fe279032113ae5c1c384d0de,14.655,
571,primary_test_impostor,1066,1958,primary_test_impostor,0,153,25,102,0,False,,0,False,,0,,False,,9.69,0.61,32840,78cb27e44f6851cce0c8981d187f41da3219841f1bdb93f8a1618a9eb542ca1f,11841.018,11840.0,3655,exact-open-set-id-v2,1788112230770036224,127,127,2049,16464,15db9092a4a9c9f93a41e2989334b1c267fc5c5b618aabed419a3dc993fe20a8,9.625,
572,primary_test_impostor,1067,1959,primary_test_impostor,0,211,118,1103,0,False,,0,False,,0,,False,,8.191,0.5,32840,08e845d968a7400a9fb956efd341290e90220efaec2bfcbe5a5891ce226c6c48,9150.386,9149.2,3655,exact-open-set-id-v2,1788112230770036224,127,127,2049,16464,50b5396149366e64071d0a308d8b99bad22a3994561419bba17a5c69fd05a171,7.006,
573,primary_test_impostor,1068,196,primary_test_impostor,0,95,19,1014,0,False,,0,False,,0,,False,,7.514,0.49,32840,4e939a44137b712ac15cf35f14be3faf6b6d401ca500c687ccdc90955cacf15e,9858.777,9857.6,3655,exact-open-set-id-v2,1788112230770036224,127,127,2049,16464,7cc02ca64a6b76c0f5f8c76a825d2250b87898771d225010e85cb4367c013de8,6.331,
574,primary_test_impostor,1069,1960,primary_test_impostor,0,156,17,1012,0,False,,0,False,,0,,False,,6.119,0.47,32840,acc2cd130f98c105ed27f434a2f2a78d64fa458919851f66fccba1d0ba031048,11011.542,11010.1,3655,exact-open-set-id-v2,1788112230770036224,127,127,2049,16464,2ef44dd3f2b50696265e6fc974f295750f54152e02fd3cca0526bcc5bba679ef,6.467,
575,primary_test_impostor,1070,1961,primary_test_impostor,0,326,47,104,0,False,,0,False,,0,,False,,9.355,0.53,32840,7f09ee291ccf08d33343fdd6829b94e51b0481863b1df3b67a36b254f5774125,9943.534,9941.6,3655,exact-open-set-id-v2,1788112230770036224,127,127,2049,16464,78560d87d910479808caddb1f43fbdb7938253060a9973918414714e65c06388,6.183,
576,primary_test_impostor,1071,1962,primary_test_impostor,0,199,51,1043,0,False,,0,False,,0,,False,,7.298,0.55,32840,26b214f03c8a28bb5f15174ee668c2a18b742488552838b4d314f91afde200a7,9591.16,9589.8,3655,exact-open-set-id-v2,1788112230770036224,127,127,2049,16464,e9cc6bd2456bf759d8df186ffefc6d815c4c9092339980bcf3567bd7bb40ba78,7.387,
577,primary_test_impostor,1072,1963,primary_test_impostor,0,217,19,1014,0,False,,0,False,,0,,False,,6.72,0.45,32840,aa32a51d1a70b7101d11f90180f418c3e275ecc58b4e1337d633055aa7bb575e,11041.021,11039.5,3655,exact-open-set-id-v2,1788112230770036224,127,127,2049,16464,783eb94a520870a2dbd3440d26ab43ce49b71bbd95711f0fd3e19b2cad9c7f0a,8.534,
578,primary_test_impostor,1073,1964,primary_test_impostor,0,295,86,1075,0,False,,0,False,,0,,False,,7.835,0.48,32840,72c41ba6210c277cbd420a09d19dae08fc7f1f1022dbf3c30105449bca43f364,10205.039,10203.1,3655,exact-open-set-id-v2,1788112230770036224,127,127,2049,16464,2b5bf15f076694f3ab7412e7438b5cf5d7a80684d9acc264cb65773f96478e0e,14.453,
579,primary_test_impostor,1074,1965,primary_test_impostor,0,139,59,1050,0,False,,0,False,,0,,False,,8.912,0.97,32840,ea153226783562c29f12195dd8578598f37dae7cb374c0ef0cdafd3c56913494,11266.233,11264.3,3655,exact-open-set-id-v2,1788112230770036224,127,127,2049,16464,e61c52ba289a24e8789a07a7593f9e3f6d6638fec0d2964af4983af3e38f0b4b,13.946,
580,primary_test_impostor,1075,1966,primary_test_impostor,0,188,122,1107,0,False,,0,False,,0,,False,,13.05,0.55,32840,8be6c71b74827abe861c98585029d8167c8208fdea5042b10e5fe0f1800bc2ec,9825.347,9823.1,3655,exact-open-set-id-v2,1788112230770036224,127,127,2049,16464,84022a3c4ede1f979bd1ffb5650d4336112748f85bc26138b89e41a870002126,9.506,
581,primary_test_impostor,1076,1967,primary_test_impostor,0,99,107,1094,0,False,,0,False,,0,,False,,11.849,1.07,32840,b65bc050a02f12c85947bff6396ba8c36aa8cdfb2fb7d0ff368c976267136d27,9031.547,9030.0,3655,exact-open-set-id-v2,1788112230770036224,127,127,2049,16464,b51d86f75d9a5f9c5f02ce5f8a7469ead5d87d24b383e74d3db9182bd6e41d74,7.029,
582,primary_test_impostor,1077,1968,primary_test_impostor,0,161,59,1050,0,False,,0,False,,0,,False,,6.574,0.5,32840,9cc22f1289e3ec023eb149da933a281b5ace8216b98000320b89f5c219d67ca2,8989.58,8988.6,3655,exact-open-set-id-v2,1788112230770036224,127,127,2049,16464,3dd5307ca0a74b67c74be010900b9c4d558e13f56bc503646a8b24794a472a36,8.742,
583,primary_test_impostor,1078,1969,primary_test_impostor,0,180,30,1024,0,False,,0,False,,0,,False,,6.135,0.49,32840,7e6fd9c4c5e43da31f19fcb31248f6512a1f80acd3fba0d405db0fca299794b1,9961.202,9959.1,3655,exact-open-set-id-v2,1788112230770036224,127,127,2049,16464,c6dca16b61f23b9392aa09dfe47b5f428dd3f929f62964d64f131b6af6867ee9,11.072,
584,primary_test_impostor,1079,197,primary_test_impostor,0,303,31,1025,0,False,,0,False,,0,,False,,19.423,0.54,32840,5dc999a463206d4f6d0d3198db29ab202804e4408312729841f78523a6e644ba,8239.445,8238.4,3655,exact-open-set-id-v2,1788112230770036224,127,127,2049,16464,fc48f7841ca5c14644ae8c9b3ffa4d7d722b3663c4bbc3fbd5d4129b69305f20,5.391,
585,primary_test_impostor,1080,1970,primary_test_impostor,0,194,102,109,0,False,,0,False,,0,,False,,5.911,0.52,32840,38ca1c1ac909669181fa9098a39eaf131b4dbb74d80211ec361c0b2b4ef0a887,7617.702,7616.6,3655,exact-open-set-id-v2,1788112230770036224,127,127,2049,16464,1b3842b54c7527a1b8bf7693827d8b82e021264e6db2a336f72c62ba39d8d7bc,5.57,
586,primary_test_impostor,1081,1971,primary_test_impostor,0,179,43,1036,0,False,,0,False,,0,,False,,5.855,0.48,32840,0040fa8d40cd22a14859c04f1151d90cb58d9e620cc749eb9a83d8dd9e3a2d52,7688.994,7688.0,3655,exact-open-set-id-v2,1788112230770036224,127,127,2049,16464,4c21378d41e32468501046a9e318a6be7efe9e305a2eeafa33a6f9e42f960cc8,7.042,
587,primary_test_impostor,1082,1972,primary_test_impostor,0,117,81,1070,0,False,,0,False,,0,,False,,7.434,0.46,32840,9e2762a1e3a001567f495b4642ea1ecdd33494653810885d29182a2b05e2b7bd,8305.93,8304.6,3655,exact-open-set-id-v2,1788112230770036224,127,127,2049,16464,7558e8d32560f8a1df1ed436e5ff4e36473e6d4a33c498003db378519dc8983d,11.152,
588,primary_test_impostor,1083,1973,primary_test_impostor,0,172,109,1096,0,False,,0,False,,0,,False,,18.724,4.45,32840,4b32c30e4900cc541cf98a7f4b9c5aafd5b8f68b83bbc66e687d899c0d5233cd,7608.857,7606.2,3655,exact-open-set-id-v2,1788112230770036224,127,127,2049,16464,ba760d60545d5397b31d5602fd07b5f690dd4883e0ffa1da6bf1511fb6249765,6.151,
589,primary_test_impostor,1084,1974,primary_test_impostor,0,152,7,1003,0,False,,0,False,,0,,False,,4.849,0.46,32840,72064199fb08620f9f89b12d375cfad67a07cdd6908cc1bb9f24b01edabb8494,7632.319,7631.3,3655,exact-open-set-id-v2,1788112230770036224,127,127,2049,16464,136f685d5b80cb69b3ccd75a572a87a4c8e312c7fe4e107a48c383d2c5fbea9a,5.012,
590,primary_test_impostor,1085,1975,primary_test_impostor,0,204,17,1012,0,False,,0,False,,0,,False,,5.698,0.44,32840,1c4c8173a53dec5be3856f81247b1a4b7af8f62c5a9b9c802f78c721186bdc83,10251.497,10249.9,3655,exact-open-set-id-v2,1788112230770036224,127,127,2049,16464,672099be935b9a452698f74f3addd7c6dd06dbb8655026eb04bacd9d397ff3bf,9.106,
591,primary_test_impostor,1086,1976,primary_test_impostor,0,55,51,1043,0,False,,0,False,,0,,False,,9.59,0.47,32840,389026663f73cfe2ed6a8331487a6d98f78dbb6817db616c09307cc73316ae3a,11288.22,11286.5,3655,exact-open-set-id-v2,1788112230770036224,127,127,2049,16464,cb3fa55d3c26a9cc588383d71a8d7758664c6ed397d09e7ebc6fe112f837d0dd,7.727,
592,primary_test_impostor,1087,1977,primary_test_impostor,0,189,111,1098,0,False,,0,False,,0,,False,,5.579,0.5,32840,6818075c12cc97dfa2b06ae16903ea63854d7d4483acb59f129dcc60cc73368e,9468.486,9467.2,3655,exact-open-set-id-v2,1788112230770036224,127,127,2049,16464,48b47dee4e171eb9f7d16e8238c773dbcbfceb334a3acd7103460bc88abc766c,5.815,
593,primary_test_impostor,1088,1978,primary_test_impostor,0,219,64,1055,0,False,,0,False,,0,,False,,5.989,0.44,32840,01f7937dd697dba9ca3b79322717bfdd7b519545ea3834039752cc325445811b,6364.286,6363.5,3655,exact-open-set-id-v2,1788112230770036224,127,127,2049,16464,6bcbe55964cd3f9569402aad1daad8bbd494f973ddbd79b635fe70ef46c630b4,5.533,
594,primary_test_impostor,1089,1979,primary_test_impostor,0,84,17,1012,0,False,,0,False,,0,,False,,5.681,0.46,32840,19a612c16c8b5024093dc8077cf4d0682cbda69fdac53601088a4f3c9e755551,7304.755,7304.1,3655,exact-open-set-id-v2,1788112230770036224,127,127,2049,16464,307d7e51d372b320d65a15a4846efae5f72e33a74ed96fd1725f862a6d517e9a,5.545,
595,primary_test_impostor,1090,198,primary_test_impostor,0,88,97,1085,0,False,,0,False,,0,,False,,5.425,0.43,32840,6aac886d6259dc0114cafd848729a3fa67f427a046e29625e7573409c71ed9b0,6435.336,6434.8,3655,exact-open-set-id-v2,1788112230770036224,127,127,2049,16464,815ffdff27c9e15129316b6ec70879310081997d18dfe2632dfccc85f52cc4ae,5.101,
596,primary_test_impostor,1091,1980,primary_test_impostor,0,77,114,110,0,False,,0,False,,0,,False,,5.285,0.49,32840,3e252cdb1930e6ebd23d0c6e336cd2cb2f720ce0047c11a8dfd9229013ba29ec,5664.994,5664.3,3655,exact-open-set-id-v2,1788112230770036224,127,127,2049,16464,17d2a66c301c3f9f6f333d8e24c70af3a7aff56ae5eb420f37201fb6d1621067,5.921,
597,primary_test_impostor,1092,1981,primary_test_impostor,0,130,80,107,0,False,,0,False,,0,,False,,5.646,0.46,32840,0f4eb283a0260cbb4c513b002dea5f4d5b7a9732b44bb0e98abec3fbedeccc50,12784.202,12782.6,3655,exact-open-set-id-v2,1788112230770036224,127,127,2049,16464,17a579fbd5ecf4ff1fe79ab22ba220e4854f8278f982d7b8dd397fa7154289c2,10.342,
598,primary_test_impostor,1093,1982,primary_test_impostor,0,233,95,1083,0,False,,0,False,,0,,False,,6.793,0.44,32840,0084401e9a97d5c7afa6eadacd3cf12925a1c817a3911bf4f6b4aea771c57497,10871.522,10868.0,3655,exact-open-set-id-v2,1788112230770036224,127,127,2049,16464,735f96c4718c0ca80c1aac524dad0bb90de298d6e2fccafdb526790f0a3e9ecc,6.74,
599,primary_test_impostor,1094,1983,primary_test_impostor,0,168,46,1039,0,False,,0,False,,0,,False,,17.028,0.65,32840,2cce8a74cce4971fcf6160da6ccaaf25ea8b9ae0d03825a75e933dba30778146,8100.5,8099.8,3655,exact-open-set-id-v2,1788112230770036224,127,127,2049,16464,436e08b5cd62b27a62879bfac59ef7f30403aa0666c90753f1ffb466d1ee0d2d,6.218,
600,primary_test_impostor,1095,1984,primary_test_impostor,0,219,75,1065,0,False,,0,False,,0,,False,,6.645,0.46,32840,fbfbe9b3ce439845fb4d7e898ecae836e9a3150d4fbd0c7397a8cad1a73a4223,8684.182,8683.5,3655,exact-open-set-id-v2,1788112230770036224,127,127,2049,16464,2eeb3dd3914430bc882ce951e59cb2bc407ff8ec40b63eb25e9e0d2559ed31b8,5.692,
601,primary_test_impostor,1096,1985,primary_test_impostor,0,98,21,1016,0,False,,0,False,,0,,False,,5.596,0.49,32840,8c776e86d7421f2d290d5d10b54cff419cb9898c6740967352a554df6bbe5ba0,9414.479,9410.4,3655,exact-open-set-id-v2,1788112230770036224,127,127,2049,16464,60fd3d3b71939c5cf960edb541aa01643254874c3ceee78915a38e5fd6180abb,21.665,
602,primary_test_impostor,1097,1986,primary_test_impostor,0,126,62,1053,0,False,,0,False,,0,,False,,26.075,1.42,32840,5cb070a1812c97a5b4d437dc90c344565d5274039eee8a2a76ebda3477a8335a,9048.926,9048.0,3655,exact-open-set-id-v2,1788112230770036224,127,127,2049,16464,c30d785cf1721b02e4f662f4cf6dabec738646448d6843a09e7782f297987895,6.252,
603,primary_test_impostor,1098,1987,primary_test_impostor,0,203,116,1101,0,False,,0,False,,0,,False,,5.684,0.48,32840,01281add718cfe9563762afe2267d9c697e4998530d678372a5b64e2bc858f6a,8932.88,8931.9,3655,exact-open-set-id-v2,1788112230770036224,127,127,2049,16464,87020f91d0fde178d40ba6a43fb108adf06f64df76fbe12e11e1911bf558c6e9,8.578,
604,primary_test_impostor,1099,1988,primary_test_impostor,0,218,5,1001,0,False,,0,False,,0,,False,,6.93,0.44,32840,54e9fa834afc715271c93b39759867e6a9b6c582cd53439358d9ecae2f170df3,9037.017,9035.9,3655,exact-open-set-id-v2,1788112230770036224,127,127,2049,16464,2dc75b68180aea8664be895138847f82713c86bd192b2bf82050a95d16cbfbb0,7.78,
605,primary_test_impostor,1100,1989,primary_test_impostor,0,111,98,1086,0,False,,0,False,,0,,False,,5.898,0.69,32840,76d677cc3c0bbe3f0bddfd3255c552047de211f5842961ad2d4cf8fc65282fe9,8800.657,8799.4,3655,exact-open-set-id-v2,1788112230770036224,127,127,2049,16464,aae545cf3339732bc487271cdc9aaabe157fe24df2b4493cda091d808da58477,6.196,
606,primary_test_impostor,1101,199,primary_test_impostor,0,199,63,1054,0,False,,0,False,,0,,False,,7.167,0.55,32840,1a1815981a234fc092937905be8392efa3ecca5c57c518dc12aa6ab769b4c90f,8100.91,8100.0,3655,exact-open-set-id-v2,1788112230770036224,127,127,2049,16464,a0ffaa2c2b5923c2063d1878657820c6c1abbc0bc497473982de603a59e093f2,7.108,
607,primary_test_impostor,1102,1990,primary_test_impostor,0,198,23,1018,0,False,,0,False,,0,,False,,6.652,0.45,32840,c73adff02564980919a58142b76fd092e178631406bea040deb5b10e779b3b13,9867.59,9866.7,3655,exact-open-set-id-v2,1788112230770036224,127,127,2049,16464,8dd180e65f4653994d6ef555f59cf20dc65bc2535782984c391268f6567c8727,8.065,
608,primary_test_impostor,1103,1991,primary_test_impostor,0,201,76,1066,0,False,,0,False,,0,,False,,6.585,0.52,32840,a74ada55a8d73cb38178289f8b1bfb9d3774125dbb79914b9be4ed3e0357d87e,8774.976,8774.2,3655,exact-open-set-id-v2,1788112230770036224,127,127,2049,16464,5977e975bc323431abe72f730572f18f8694bc5344f2a312b5a98364257696b2,5.825,
609,primary_test_impostor,1104,1992,primary_test_impostor,0,171,34,1028,0,False,,0,False,,0,,False,,6.264,0.47,32840,8adc5d14aced921f422cb523f90190be4e98af86b86af8535a35b928b631f3be,8087.895,8087.1,3655,exact-open-set-id-v2,1788112230770036224,127,127,2049,16464,efc1cfdfc0a50cd4b2df648384f9d267d8c2bf99e5d098cb83a32b645f97fdcf,5.113,
610,primary_test_impostor,1105,1993,primary_test_impostor,0,133,78,1068,0,False,,0,False,,0,,False,,6.394,0.47,32840,211d8defe6b593867b62b1d847a790f09599d49bfe7c1e35fe1715455e214c40,7883.727,7883.1,3655,exact-open-set-id-v2,1788112230770036224,127,127,2049,16464,5f1b21fe3d470ec4d73eccec8010926bfb96c0455deefa9f7517e560bec3deda,5.606,
611,primary_test_impostor,1106,1994,primary_test_impostor,0,214,2,10,0,False,,0,False,,0,,False,,5.949,0.48,32840,28b36577804987fb0907811a674caf4a19ddb4b05250013650759b814dd62511,7995.86,7994.9,3655,exact-open-set-id-v2,1788112230770036224,127,127,2049,16464,729e2cd9372a35a56bc34a10d59f3d911f405278749e5643f417ea521c3c7041,7.376,
612,primary_test_impostor,1107,1995,primary_test_impostor,0,212,20,1015,0,False,,0,False,,0,,False,,6.318,0.47,32840,2418f19cd518bc11632e7e8f81718b0cdec4d62d328e414af35f65b9de12acf2,8490.954,8490.2,3655,exact-open-set-id-v2,1788112230770036224,127,127,2049,16464,60b036dc6a335ae73cc36782beeaa9fea7303e5f99b8d02ffcae992c65604380,5.474,
613,primary_test_impostor,1108,1996,primary_test_impostor,0,222,2,10,0,False,,0,False,,0,,False,,6.591,0.62,32840,824f696db10a18c9ea25e62c2fa7d8e673c7a344e827c34185c02d2e712f3143,7966.961,7966.2,3655,exact-open-set-id-v2,1788112230770036224,127,127,2049,16464,43ec94418b242cfd85d37b47b8b5a13d2eadbd98dd0d0c284cdd0c01571a371c,5.382,
614,primary_test_impostor,1109,1997,primary_test_impostor,0,45,45,1038,0,False,,0,False,,0,,False,,5.271,0.44,32840,823e4f51e5aa40d2a76b4f041d87d74ffaa63991ba13aacc309ba5d2d78d4c4a,7714.422,7713.8,3655,exact-open-set-id-v2,1788112230770036224,127,127,2049,16464,8799630a0b0d75e4bc81865ce86954afdc685a0d55aa11f3b5d3183cefa00433,5.796,
615,primary_test_impostor,1110,1998,primary_test_impostor,0,203,1,1,0,False,,0,False,,0,,False,,5.22,0.47,32840,4bd5f042cb438e257c3772f99edb6d4d8e5f8d0480fca4602566df25727241b0,7904.551,7903.8,3655,exact-open-set-id-v2,1788112230770036224,127,127,2049,16464,6d97a6879153c90b242e2fdfb0094e49016aa6672a3d1f485306446f411cb389,6.489,
616,primary_test_impostor,1111,1999,primary_test_impostor,0,130,0,0,0,False,,0,False,,0,,False,,5.769,0.46,32840,b463a8e31de2012456f97ff6a4857560362dd160691c751533218be2f5573278,7822.808,7821.9,3655,exact-open-set-id-v2,1788112230770036224,127,127,2049,16464,bdf353c45d84707f25989dc9f4fc81b8993e9748b17921499a1f54e9755e8f1f,6.337,
617,primary_test_impostor,1112,2,primary_test_impostor,0,136,119,1104,0,False,,0,False,,0,,False,,5.679,0.58,32840,4f5412e43e20121246c977cf7be1782b9914cc743abbbb79da05898e1675cbfc,7367.045,7366.2,3655,exact-open-set-id-v2,1788112230770036224,127,127,2049,16464,8bc45160ab05f04133472a5d7006773fb2593cb0c48540859c8d0c95921bcc61,9.314,
618,primary_test_impostor,1113,20,primary_test_impostor,0,224,2,10,0,False,,0,False,,0,,False,,10.687,0.5,32840,21126fcee027f364dae7cc0b018e9b072072f9bc0157f5e5030f64c596e433d1,9868.21,9865.4,3655,exact-open-set-id-v2,1788112230770036224,127,127,2049,16464,21472277c380cbcdbd0bb15a39ec8087b95f1b11a03b005d459852a2ce8a0375,13.72,
619,primary_test_impostor,1114,200,primary_test_impostor,0,158,80,107,0,False,,0,False,,0,,False,,6.983,0.48,32840,4a1f5045183de5d726e5e8411b324bfeab1b615ccf2aa945a4d78f8a035afaa4,9047.181,9046.2,3655,exact-open-set-id-v2,1788112230770036224,127,127,2049,16464,46cf10586136f4bf40dd5205edf2d2a592f31d5547c18897b48a934c64b6499d,5.53,
620,primary_test_impostor,1115,201,primary_test_impostor,0,153,19,1014,0,False,,0,False,,0,,False,,6.621,0.52,32840,25c3222d00b2dbf28fc928862ddb6679c94528547f4b48f2574b9952404afd7a,8715.64,8713.6,3655,exact-open-set-id-v2,1788112230770036224,127,127,2049,16464,927eecad0e01b354ad248f4d3e885ca267828ab9dae0dce5f81f7add96a7dc03,10.373,
621,primary_test_impostor,1116,202,primary_test_impostor,0,269,32,1026,0,False,,0,False,,0,,False,,7.957,0.74,32840,a007936b9603b2eb76b1cba065c3101d4a8314a087273564dd19f86d63c53d98,8581.256,8580.2,3655,exact-open-set-id-v2,1788112230770036224,127,127,2049,16464,31f05b0940f454dc33b6ac1167c2107c721832f8b789b050d88d1c7637cdeb6d,5.82,
622,primary_test_impostor,1117,203,primary_test_impostor,0,144,48,1040,0,False,,0,False,,0,,False,,11.266,0.45,32840,17f2c97e0b911b57f6ab2575d60dee4aa24c57a3cb3e3aa43fba6e58d21d7aa5,9196.128,9194.9,3655,exact-open-set-id-v2,1788112230770036224,127,127,2049,16464,37a7bfc4ec7165dedc3d2a060ee80017e9be3a497d8548a7bc2b8540a8090078,5.815,
623,primary_test_impostor,1118,204,primary_test_impostor,0,154,17,1012,0,False,,0,False,,0,,False,,6.111,0.49,32840,62453153dbdb15da050d653deedf8885760868ecb71be9b098a6d830d7ba651e,8026.912,8025.8,3655,exact-open-set-id-v2,1788112230770036224,127,127,2049,16464,fa3ffd71097e099cffb1ddc16bdda300e7e00105f48bfecd32f000465b0aa978,10.71,
624,primary_test_impostor,1119,205,primary_test_impostor,0,142,72,1062,0,False,,0,False,,0,,False,,9.16,0.64,32840,a3f5eca52e5366016ea1bd059a3944c3dd148fabb02fc539c258d87a107906e9,9087.801,9086.6,3655,exact-open-set-id-v2,1788112230770036224,127,127,2049,16464,c664cee5f4f4f953710b19bfc44377d416fda7563ded991d25abf763856fbd7c,6.554,
625,primary_test_impostor,1120,206,primary_test_impostor,0,88,119,1104,0,False,,0,False,,0,,False,,7.404,0.51,32840,badc5230a594beeb2a453a9028e1601a5397ab28d1ffddf1b259331480b95e06,8480.472,8479.2,3655,exact-open-set-id-v2,1788112230770036224,127,127,2049,16464,f3af3d705d6334364306432686bcbb3d09d8183f38429bb7dc1737294af2b2d5,8.01,
626,primary_test_impostor,1121,207,primary_test_impostor,0,276,100,1088,0,False,,0,False,,0,,False,,10.416,0.56,32840,059cc2be4cec14deab54326db1102d96b1c721aefa1dc2245fef09212e550a03,9155.585,9154.4,3655,exact-open-set-id-v2,1788112230770036224,127,127,2049,16464,10fe12a027a21e03c28270bb7668981132e23a21fecb5ff3eb2bd99f7b1194f6,6.447,
627,primary_test_impostor,1122,208,primary_test_impostor,0,182,100,1088,0,False,,0,False,,0,,False,,7.26,0.46,32840,987009614840316ab65d80f168c371d7c13de111b42290bf29699df8302a5c56,8338.884,8327.8,3655,exact-open-set-id-v2,1788112230770036224,127,127,2049,16464,efebd152d008a2d571dd58436e25596d526c9a0c88cd6f96bd2be7ec610e3bf9,30.0,
628,primary_test_impostor,1123,209,primary_test_impostor,0,12,50,1042,0,False,,0,False,,0,,False,,15.895,0.61,32840,e7282e027063d0123d7830c8de1ab5a259a1fcd5c78ced4feebbd151152d4843,7437.878,7436.8,3655,exact-open-set-id-v2,1788112230770036224,127,127,2049,16464,df38c9ecbf9d50977b85cea1defc70cfd0db329cc77042fb6499ea925d00b9f5,6.779,
629,primary_test_impostor,1124,21,primary_test_impostor,0,124,125,111,0,False,,0,False,,0,,False,,7.206,0.46,32840,b307cfeb551c6bbd21f9090732d316a93844cf5d5066234cca42954e31d415b8,7843.246,7841.8,3655,exact-open-set-id-v2,1788112230770036224,127,127,2049,16464,943575cc226f862b555335d68998f2eed6d15483f13b2464dd350a100e82ac6d,8.586,
630,primary_test_impostor,1125,210,primary_test_impostor,0,174,21,1016,0,False,,0,False,,0,,False,,7.47,0.48,32840,8fc440604c259727cbb1177d0d48c677eca7eaaaa126f9e415ce1d69c05180b3,9016.063,9015.2,3655,exact-open-set-id-v2,1788112230770036224,127,127,2049,16464,0f7a4c3e503d26a2e5ab64fa21ca767f7f3e47a3f9cc968079e64e7871db0660,6.282,
631,primary_test_impostor,1126,211,primary_test_impostor,0,145,118,1103,0,False,,0,False,,0,,False,,10.594,0.53,32840,99926133941a958c00e4d7612bfffd995ad2ce79dfe4cca26899876ca1826550,7733.174,7732.2,3655,exact-open-set-id-v2,1788112230770036224,127,127,2049,16464,e88a3cf94284f4ae80502e71d79e71e141c69962b9584779e68640ce22d3545d,5.822,
