pair_sequence,stage,block,block_seed,phase,included_in_analysis,phase_position,probe_index,probe_name,cohort,repetition,pair_order,clear_min_score,clear_argmin_index,clear_argmin_name,clear_match_count,expected_authorized,expected_index,expected_code,probe_plaintext_sha256,probe_ciphertext_bytes,probe_ciphertext_sha256,encrypt_wall_ms,encrypt_reported_ms,a29_input_ciphertext_sha256,a29_http_wall_ms,a29_server_ms,a29_pbs,a29_contract,a29_output_epoch,a29_output_revision,a29_output_gallery_size,a29_output_lwe_size,a29_result_bytes,a29_result_sha256,a29_decrypt_wall_ms,a29_decrypt_reported_ms,a29_authorized,a29_index,a29_code,a29_name,a33_input_ciphertext_sha256,a33_http_wall_ms,a33_server_ms,a33_pbs,a33_contract,a33_output_epoch,a33_output_revision,a33_output_gallery_size,a33_output_lwe_size,a33_result_bytes,a33_result_sha256,a33_decrypt_wall_ms,a33_decrypt_reported_ms,a33_authorized,a33_index,a33_code,a33_name,byte_identical_input_ciphertext,same_exact_result,both_match_clear_oracle,semantic_discrepancy,server_delta_ms_a33_minus_a29,server_ratio_a33_over_a29,server_reduction_fraction,http_delta_ms_a33_minus_a29,http_ratio_a33_over_a29
0,initial,0,29092026,warmup,False,0,265,1236,tuning_impostor,0,A29_A33,2,17,1012,1,True,17,18,69e2ed1f0e5bc65ca7205dffd093679d61db0bae33cb69fc2a75a03e7e0b8cd0,32840,c2973fbd28b2091bd99082f8a02f8af2e3b2d2314bbfa853bbc690b1db7ddf89,6.419,0.57,c2973fbd28b2091bd99082f8a02f8af2e3b2d2314bbfa853bbc690b1db7ddf89,8966.312,8966.0,4965,exact-open-set-id-v2,1788254154596583328,127,127,2049,16464,2ba8e005d8f9f6d0309e6ce1b19468680799cf35b53eb2510eed214d58c45e0c,7.172,,True,17,18,digiface-17-1012,c2973fbd28b2091bd99082f8a02f8af2e3b2d2314bbfa853bbc690b1db7ddf89,8402.083,8401.5,4273,exact-open-set-id-v2,1788254167547558216,127,127,2049,16464,e434adb590147006baf1a968a940cf6c5a85cd130e7a911ebb95d361a1e20739,5.513,,True,17,18,digiface-17-1012,True,True,True,False,-564.5,0.9370399286192282,0.06296007138077175,-564.229,0.9370723436793188
1,initial,0,29092026,warmup,False,1,758,1680,primary_test_impostor,0,A33_A29,3,45,1038,1,True,45,46,1e7c9591e8ccd881198225f3dd1ca571b3cc88654f52c21ff2aec0b63e84e117,32840,66a3cb6c2d952c7c75d7eaab1f3bbe2677c87b18a6679eb566ed7ed3e18d08fd,5.423,0.34,66a3cb6c2d952c7c75d7eaab1f3bbe2677c87b18a6679eb566ed7ed3e18d08fd,9099.42,9098.8,4965,exact-open-set-id-v2,1788254154596583328,127,127,2049,16464,aabe46c70ea69f64bee218df402510bf385badbd5916382003a37d911f7a648c,5.967,,True,45,46,digiface-45-1038,66a3cb6c2d952c7c75d7eaab1f3bbe2677c87b18a6679eb566ed7ed3e18d08fd,7794.406,7793.9,4273,exact-open-set-id-v2,1788254167547558216,127,127,2049,16464,200545d15b7a55ba4f59a189cf829c496e9f25d78349dd08b7deb4e4370ad82f,5.886,,True,45,46,digiface-45-1038,True,True,True,False,-1304.9,0.8565854838000616,0.1434145161999384,-1305.014,0.8565827272507478
2,initial,0,29092026,warmup,False,2,211,1188,tuning_impostor,0,A29_A33,4,92,1080,1,True,92,93,e88524fbe5a2eb68f8ceeb77aacc14b6788fbc428b2e3445702f6e613663a082,32840,f0c04f16a1eff56ec5eb11db3c99a2eee59b88c3ed6e8befcbba8ee86c93ff3c,5.351,0.4,f0c04f16a1eff56ec5eb11db3c99a2eee59b88c3ed6e8befcbba8ee86c93ff3c,8862.887,8862.4,4965,exact-open-set-id-v2,1788254154596583328,127,127,2049,16464,72e567c914c472daff6b4139d481c1821933ce0d9c4f06ff491d3a726c88d572,5.449,,True,92,93,digiface-92-1080,f0c04f16a1eff56ec5eb11db3c99a2eee59b88c3ed6e8befcbba8ee86c93ff3c,7763.401,7762.9,4273,exact-open-set-id-v2,1788254167547558216,127,127,2049,16464,fa6a1d57cd151b1fffb4423c6d25414b5b170dbc50f336b8987bfb220b0a4cf7,5.442,,True,92,93,digiface-92-1080,True,True,True,False,-1099.5,0.8759365408918577,0.12406345910814232,-1099.486,0.8759449375807228
3,initial,0,29092026,warmup,False,3,1943,948,extended_holdout_non_tuning_impostor,0,A33_A29,5,82,1071,0,False,,0,add2ff51ca22b6e67272dea2a67a95ad527c0ad02a1ab15b9abea8f3a286c8a5,32840,d639ae9735f6605e58bc1c8bdaa2da492a186d43951bf06e854d60891ff234a2,5.654,0.38,d639ae9735f6605e58bc1c8bdaa2da492a186d43951bf06e854d60891ff234a2,9795.092,9794.3,4965,exact-open-set-id-v2,1788254154596583328,127,127,2049,16464,4d556f1db1b6a13eaa92424fa14d6c6cbf572db676ea23ad07a99c9f4887f0e6,11.022,,False,,0,,d639ae9735f6605e58bc1c8bdaa2da492a186d43951bf06e854d60891ff234a2,8902.844,8902.3,4273,exact-open-set-id-v2,1788254167547558216,127,127,2049,16464,8676fc50353f7a2a428b9b6d95a276ee566296666fe2541e116604b39b1fa083,8.732,,False,,0,,True,True,True,False,-892.0,0.9089266205854426,0.0910733794145574,-892.248,0.9089086656868561
4,initial,0,29092026,measured,True,0,1943,948,extended_holdout_non_tuning_impostor,0,A33_A29,5,82,1071,0,False,,0,add2ff51ca22b6e67272dea2a67a95ad527c0ad02a1ab15b9abea8f3a286c8a5,32840,d525cbc8a966a6753e6489844a4c60f3c5dad7118c99ba0a586e2345107683bd,6.013,0.41,d525cbc8a966a6753e6489844a4c60f3c5dad7118c99ba0a586e2345107683bd,9371.901,9371.1,4965,exact-open-set-id-v2,1788254154596583328,127,127,2049,16464,14b79653b625ea6ae85f5a6654e0397a458d7e6dc3452e9116bfbe238a408be2,10.167,,False,,0,,d525cbc8a966a6753e6489844a4c60f3c5dad7118c99ba0a586e2345107683bd,8129.382,8128.7,4273,exact-open-set-id-v2,1788254167547558216,127,127,2049,16464,5ffc54023f029e89cbf46e2f019a45294828c3a6d8002b27942f0096b9b4a1ca,5.89,,False,,0,,True,True,True,False,-1242.4,0.8674221809606129,0.13257781903938715,-1242.519,0.8674208146244823
5,initial,0,29092026,measured,True,1,265,1236,tuning_impostor,0,A29_A33,2,17,1012,1,True,17,18,69e2ed1f0e5bc65ca7205dffd093679d61db0bae33cb69fc2a75a03e7e0b8cd0,32840,0cce045221bd7dca212df636324b93289272f9c572ba877bd58391dbd7c1ce54,6.303,0.38,0cce045221bd7dca212df636324b93289272f9c572ba877bd58391dbd7c1ce54,9216.398,9215.7,4965,exact-open-set-id-v2,1788254154596583328,127,127,2049,16464,8c347427c444fe4dc0594cc2762f7a5b93804aafd63517d0ad8f5ad0156b3b34,8.731,,True,17,18,digiface-17-1012,0cce045221bd7dca212df636324b93289272f9c572ba877bd58391dbd7c1ce54,7827.974,7827.3,4273,exact-open-set-id-v2,1788254167547558216,127,127,2049,16464,cd0b1ba1218cfaac4e108c5bd0ea78e711803e5b638eafbac63ee2923f95c9fb,5.032,,True,17,18,digiface-17-1012,True,True,True,False,-1388.4,0.84934405416843,0.15065594583157005,-1388.424,0.8493528599784863
6,initial,0,29092026,measured,True,2,265,1236,tuning_impostor,3,A33_A29,2,17,1012,1,True,17,18,69e2ed1f0e5bc65ca7205dffd093679d61db0bae33cb69fc2a75a03e7e0b8cd0,32840,8000f7df0c0433d47caaed20e39ae248641eb747c807ae1a2b3f0b43e024a8e5,5.672,0.44,8000f7df0c0433d47caaed20e39ae248641eb747c807ae1a2b3f0b43e024a8e5,10475.825,10474.7,4965,exact-open-set-id-v2,1788254154596583328,127,127,2049,16464,77e142797a7ecdb249e9dfb9c6a9b0e7894904dabc146158e2aff83877b07108,5.473,,True,17,18,digiface-17-1012,8000f7df0c0433d47caaed20e39ae248641eb747c807ae1a2b3f0b43e024a8e5,9043.222,9042.7,4273,exact-open-set-id-v2,1788254167547558216,127,127,2049,16464,ce3758708b8692169202575765965663524be70948998ea04db27d40ddefd40b,5.34,,True,17,18,digiface-17-1012,True,True,True,False,-1432.0,0.8632896407534345,0.1367103592465655,-1432.603,0.8632467609949573
7,initial,0,29092026,measured,True,3,407,1364,tuning_impostor,3,A29_A33,7,81,1070,0,False,,0,31fba9477eb761f1177784dc65a9e1e7f00a6c87003afb8d4b505518110addf5,32840,44b0c0dca51f63adea712f901c4271e8a3237dcc368a1031aad8b28c880aef1f,6.971,0.36,44b0c0dca51f63adea712f901c4271e8a3237dcc368a1031aad8b28c880aef1f,12416.022,12415.3,4965,exact-open-set-id-v2,1788254154596583328,127,127,2049,16464,0aba00ed498229ea367d651c0b373733d3878f4bb74836dc332949b128d1eaf5,5.43,,False,,0,,44b0c0dca51f63adea712f901c4271e8a3237dcc368a1031aad8b28c880aef1f,10684.24,10683.5,4273,exact-open-set-id-v2,1788254167547558216,127,127,2049,16464,b357378219e37e1b84d424f9c33d47a8fd76087beb348ae09140218d0b0705c6,5.459,,False,,0,,True,True,True,False,-1731.8,0.8605108213253003,0.13948917867469968,-1731.782,0.8605203824542191
8,initial,0,29092026,measured,True,4,407,1364,tuning_impostor,0,A33_A29,7,81,1070,0,False,,0,31fba9477eb761f1177784dc65a9e1e7f00a6c87003afb8d4b505518110addf5,32840,1d71d1d3db308317a11d9f3a0b9c4b098a50da6582273119db5a36a6a0063ce5,5.696,0.38,1d71d1d3db308317a11d9f3a0b9c4b098a50da6582273119db5a36a6a0063ce5,10528.564,10527.1,4965,exact-open-set-id-v2,1788254154596583328,127,127,2049,16464,80cae4e00679efa8c1e7ffc8d85f4dfc3630af6732847564d173ae8423b3462f,4.747,,False,,0,,1d71d1d3db308317a11d9f3a0b9c4b098a50da6582273119db5a36a6a0063ce5,9917.202,9915.9,4273,exact-open-set-id-v2,1788254167547558216,127,127,2049,16464,83b8303afb8f45a3b4edf2a1989f71a020eb1e4a7dcfc9ea915b2b446400a1e1,5.251,,False,,0,,True,True,True,False,-611.2,0.9419403254457542,0.058059674554245766,-611.362,0.9419330119473082
9,initial,0,29092026,measured,True,5,211,1188,tuning_impostor,0,A33_A29,4,92,1080,1,True,92,93,e88524fbe5a2eb68f8ceeb77aacc14b6788fbc428b2e3445702f6e613663a082,32840,cb5cd6b464041f9286ab0e7cc861d80daa78386d143765d0b96a9a01b6b4f7dc,5.932,0.42,cb5cd6b464041f9286ab0e7cc861d80daa78386d143765d0b96a9a01b6b4f7dc,9637.436,9636.5,4965,exact-open-set-id-v2,1788254154596583328,127,127,2049,16464,93f3b91dcbb4b3bde7e22d87c74f748bc02f5bd47d7588ba370075a4e0d87ba7,5.133,,True,92,93,digiface-92-1080,cb5cd6b464041f9286ab0e7cc861d80daa78386d143765d0b96a9a01b6b4f7dc,9533.178,9532.3,4273,exact-open-set-id-v2,1788254167547558216,127,127,2049,16464,76e665c263565a5ecd7366cdd0702b13cc9204acd3228ce4615a765079595c89,5.07,,True,92,93,digiface-92-1080,True,True,True,False,-104.2,0.9891869454677528,0.010813054532247235,-104.258,0.9891819774471136
10,initial,0,29092026,measured,True,6,407,1364,tuning_impostor,2,A33_A29,7,81,1070,0,False,,0,31fba9477eb761f1177784dc65a9e1e7f00a6c87003afb8d4b505518110addf5,32840,938b28a91632a6007f3d78b744766ca5ebad91df03371e74b1d73aabc93614c2,6.107,0.44,938b28a91632a6007f3d78b744766ca5ebad91df03371e74b1d73aabc93614c2,9157.867,9157.2,4965,exact-open-set-id-v2,1788254154596583328,127,127,2049,16464,e85bbe1d4c695aad59870fe921766b23996114f7e06dea1b34fa8d6cb4a626d0,5.191,,False,,0,,938b28a91632a6007f3d78b744766ca5ebad91df03371e74b1d73aabc93614c2,8043.881,8043.2,4273,exact-open-set-id-v2,1788254167547558216,127,127,2049,16464,5c908ecc41257211e534962b78fd906a2af7e19b6fc218781f8dd64e61a80165,5.124,,False,,0,,True,True,True,False,-1114.0,0.8783470929978595,0.12165290700214049,-1113.986,0.8783574821516844
11,initial,0,29092026,measured,True,7,407,1364,tuning_impostor,1,A29_A33,7,81,1070,0,False,,0,31fba9477eb761f1177784dc65a9e1e7f00a6c87003afb8d4b505518110addf5,32840,e2d9f5f8d7dcb805859959fc1be9e025c65ff9a3d25632771c26495d1a291996,5.414,0.41,e2d9f5f8d7dcb805859959fc1be9e025c65ff9a3d25632771c26495d1a291996,8807.533,8807.0,4965,exact-open-set-id-v2,1788254154596583328,127,127,2049,16464,34c397fdff966dee95a67a002019eeb6db6e068849b423e0eef84e5f0c08134b,4.769,,False,,0,,e2d9f5f8d7dcb805859959fc1be9e025c65ff9a3d25632771c26495d1a291996,7671.043,7670.4,4273,exact-open-set-id-v2,1788254167547558216,127,127,2049,16464,af6cb7b6efd5cfb289b4e3f5e364c91f1cff5911818cf721243a4af8e8bd6d9a,5.085,,False,,0,,True,True,True,False,-1136.6,0.8709435676166685,0.12905643238333153,-1136.49,0.8709638669534363
12,initial,0,29092026,measured,True,8,211,1188,tuning_impostor,3,A29_A33,4,92,1080,1,True,92,93,e88524fbe5a2eb68f8ceeb77aacc14b6788fbc428b2e3445702f6e613663a082,32840,485c7166426e98741f9a8084d92ad4243d1b0c3f7c129c6c01812839aad69a91,5.725,0.4,485c7166426e98741f9a8084d92ad4243d1b0c3f7c129c6c01812839aad69a91,9133.768,9133.1,4965,exact-open-set-id-v2,1788254154596583328,127,127,2049,16464,5d99f1b5ced3641a2477464ab16b8d699cf3fda3322048330db41daa93ab9161,4.998,,True,92,93,digiface-92-1080,485c7166426e98741f9a8084d92ad4243d1b0c3f7c129c6c01812839aad69a91,7722.522,7721.8,4273,exact-open-set-id-v2,1788254167547558216,127,127,2049,16464,b155ef641fffa69766c15a827e6f5e515182617951c954bcdbf7dcd0058b30dc,5.267,,True,92,93,digiface-92-1080,True,True,True,False,-1411.3,0.8454741544492013,0.15452584555079873,-1411.246,0.8454913678560699
13,initial,0,29092026,measured,True,9,1943,948,extended_holdout_non_tuning_impostor,3,A29_A33,5,82,1071,0,False,,0,add2ff51ca22b6e67272dea2a67a95ad527c0ad02a1ab15b9abea8f3a286c8a5,32840,def257b6a87768c24abfa097f3161662f0368d58ff0732eb03c271a74a710082,5.743,0.43,def257b6a87768c24abfa097f3161662f0368d58ff0732eb03c271a74a710082,9515.657,9515.1,4965,exact-open-set-id-v2,1788254154596583328,127,127,2049,16464,248049fafbba1f9f3d43ef67940ac99c118cac2cb1fa587bf169f368152eaac7,4.907,,False,,0,,def257b6a87768c24abfa097f3161662f0368d58ff0732eb03c271a74a710082,8980.072,8979.3,4273,exact-open-set-id-v2,1788254167547558216,127,127,2049,16464,f7c091253c3617cfa9d4f55d2e2a83198044374e3662d6c89b2c7c56bc6bb826,4.988,,False,,0,,True,True,True,False,-535.8,0.9436895040514549,0.05631049594854509,-535.585,0.9437153945334517
14,initial,0,29092026,measured,True,10,211,1188,tuning_impostor,1,A33_A29,4,92,1080,1,True,92,93,e88524fbe5a2eb68f8ceeb77aacc14b6788fbc428b2e3445702f6e613663a082,32840,81a59a611717ab5f2fa1370f68074cd7de33df03c31461ef67628180ff38fd21,5.284,0.33,81a59a611717ab5f2fa1370f68074cd7de33df03c31461ef67628180ff38fd21,9518.78,9518.2,4965,exact-open-set-id-v2,1788254154596583328,127,127,2049,16464,d8ce4bcc075d786838ed9067aa3798c16b7f26c5ef9a1965add3493ef492fcad,5.294,,True,92,93,digiface-92-1080,81a59a611717ab5f2fa1370f68074cd7de33df03c31461ef67628180ff38fd21,7951.618,7950.9,4273,exact-open-set-id-v2,1788254167547558216,127,127,2049,16464,b8f8ace6d865dd336c767ab102ac346654879ca1b6d5c62b91af196fe5655cdc,4.324,,True,92,93,digiface-92-1080,True,True,True,False,-1567.3,0.8353365132062784,0.16466348679372156,-1567.162,0.8353610441674248
15,initial,0,29092026,measured,True,11,1943,948,extended_holdout_non_tuning_impostor,2,A29_A33,5,82,1071,0,False,,0,add2ff51ca22b6e67272dea2a67a95ad527c0ad02a1ab15b9abea8f3a286c8a5,32840,232e87cb1bf395f2e36602de031ecad27db336925079ca46b9b3724933f1d027,5.902,0.49,232e87cb1bf395f2e36602de031ecad27db336925079ca46b9b3724933f1d027,9199.94,9199.2,4965,exact-open-set-id-v2,1788254154596583328,127,127,2049,16464,2e1d78eeb7e013c306fc529be515e4f0516b6ed56c6092df55e67122101b6993,4.626,,False,,0,,232e87cb1bf395f2e36602de031ecad27db336925079ca46b9b3724933f1d027,7927.715,7927.0,4273,exact-open-set-id-v2,1788254167547558216,127,127,2049,16464,8ee377a7c469f6c32ed52201bb8f2cc988b3e666f001b35ee5fc399a9a36b2b5,5.416,,False,,0,,True,True,True,False,-1272.2,0.8617053656839725,0.1382946343160275,-1272.225,0.8617137720463394
16,initial,0,29092026,measured,True,12,758,1680,primary_test_impostor,3,A29_A33,3,45,1038,1,True,45,46,1e7c9591e8ccd881198225f3dd1ca571b3cc88654f52c21ff2aec0b63e84e117,32840,34b89dcfb0f4c094615ee1051311d69563c30a8656b9a86a215b5f8d7be514ce,5.301,0.38,34b89dcfb0f4c094615ee1051311d69563c30a8656b9a86a215b5f8d7be514ce,9357.266,9356.6,4965,exact-open-set-id-v2,1788254154596583328,127,127,2049,16464,f12cd3bcda0d232e3eeff1dc11190fb327775e8c605cde2e9d77512decbc53aa,4.401,,True,45,46,digiface-45-1038,34b89dcfb0f4c094615ee1051311d69563c30a8656b9a86a215b5f8d7be514ce,8843.621,8841.8,4273,exact-open-set-id-v2,1788254167547558216,127,127,2049,16464,c356509fd97f374e48e91604923c2069c260c9125a430720970f073f42790038,4.636,,True,45,46,digiface-45-1038,True,True,True,False,-514.8,0.9449800141076886,0.055019985892311385,-513.645,0.9451073636252298
17,initial,0,29092026,measured,True,13,211,1188,tuning_impostor,2,A29_A33,4,92,1080,1,True,92,93,e88524fbe5a2eb68f8ceeb77aacc14b6788fbc428b2e3445702f6e613663a082,32840,41a056a7e7b6b2a19df5bbe80a6d09d0708f5efb3ee5fdc77542ed3e1a300991,5.407,0.4,41a056a7e7b6b2a19df5bbe80a6d09d0708f5efb3ee5fdc77542ed3e1a300991,9822.261,9821.1,4965,exact-open-set-id-v2,1788254154596583328,127,127,2049,16464,39038a01147261f606ca7ac815b28fff3b385ec63b78f93453d60162691b7cbb,4.624,,True,92,93,digiface-92-1080,41a056a7e7b6b2a19df5bbe80a6d09d0708f5efb3ee5fdc77542ed3e1a300991,7645.754,7644.9,4273,exact-open-set-id-v2,1788254167547558216,127,127,2049,16464,259d8239351f13f504d7f2d58e8ec30cebfe100f991cc5390134cfe1890d0da8,5.141,,True,92,93,digiface-92-1080,True,True,True,False,-2176.2,0.77841585973058,0.22158414026941997,-2176.507,0.7784107956406371
18,initial,0,29092026,measured,True,14,1943,948,extended_holdout_non_tuning_impostor,1,A33_A29,5,82,1071,0,False,,0,add2ff51ca22b6e67272dea2a67a95ad527c0ad02a1ab15b9abea8f3a286c8a5,32840,e101b3b1db2dbd8a2c6a31750acc6ffb31afd42acde490b9baf351a3c983f4ce,6.204,0.37,e101b3b1db2dbd8a2c6a31750acc6ffb31afd42acde490b9baf351a3c983f4ce,8779.903,8779.4,4965,exact-open-set-id-v2,1788254154596583328,127,127,2049,16464,ef48568155600afdc7cc6d405744bbf54a9a3969dab1b6deb3f05198d74d5997,4.985,,False,,0,,e101b3b1db2dbd8a2c6a31750acc6ffb31afd42acde490b9baf351a3c983f4ce,7443.718,7443.2,4273,exact-open-set-id-v2,1788254167547558216,127,127,2049,16464,5ce4f38b99e1999cfd854d062df52971fa4ea4221518fa080a41b81f7dcb6d57,5.783,,False,,0,,True,True,True,False,-1336.2,0.847802811126045,0.15219718887395495,-1336.185,0.8478132389389723
19,initial,0,29092026,measured,True,15,758,1680,primary_test_impostor,0,A33_A29,3,45,1038,1,True,45,46,1e7c9591e8ccd881198225f3dd1ca571b3cc88654f52c21ff2aec0b63e84e117,32840,3353a461eaf4efe729807de4650b8be3e06743154e32ca635f0d45fb8353ad80,6.162,0.45,3353a461eaf4efe729807de4650b8be3e06743154e32ca635f0d45fb8353ad80,9406.508,9406.0,4965,exact-open-set-id-v2,1788254154596583328,127,127,2049,16464,f47d8feaedb3314e14a94db777475ff0e99a4da7cfe6b2e21a7e9a0ff38c30fa,5.519,,True,45,46,digiface-45-1038,3353a461eaf4efe729807de4650b8be3e06743154e32ca635f0d45fb8353ad80,7744.755,7744.2,4273,exact-open-set-id-v2,1788254167547558216,127,127,2049,16464,c5531be8b7a1927533df80152cd923ad2f8337e337e8ba4cd21d5f31f78485f0,5.084,,True,45,46,digiface-45-1038,True,True,True,False,-1661.8,0.8233255368913459,0.1766744631086541,-1661.753,0.8233400747652583
20,initial,0,29092026,measured,True,16,265,1236,tuning_impostor,1,A29_A33,2,17,1012,1,True,17,18,69e2ed1f0e5bc65ca7205dffd093679d61db0bae33cb69fc2a75a03e7e0b8cd0,32840,b6f1eed5c0fe2f344b6b66b351c010560c15804e0807f593f6b76d4092966d32,5.39,0.35,b6f1eed5c0fe2f344b6b66b351c010560c15804e0807f593f6b76d4092966d32,8736.285,8735.8,4965,exact-open-set-id-v2,1788254154596583328,127,127,2049,16464,393f069911f7a890daac8e76362ebd49a263b29b4731c0320a28d5ee2bcb8c1d,4.946,,True,17,18,digiface-17-1012,b6f1eed5c0fe2f344b6b66b351c010560c15804e0807f593f6b76d4092966d32,9567.117,9566.4,4273,exact-open-set-id-v2,1788254167547558216,127,127,2049,16464,c3d7f9e3d1ffba81771fd00e9a5032dc1509df19a385255ef59cdbf0bb60cc1e,4.709,,True,17,18,digiface-17-1012,True,True,True,False,830.6,1.095080015568122,-0.09508001556812196,830.832,1.0951012930553434
21,initial,0,29092026,measured,True,17,758,1680,primary_test_impostor,2,A33_A29,3,45,1038,1,True,45,46,1e7c9591e8ccd881198225f3dd1ca571b3cc88654f52c21ff2aec0b63e84e117,32840,963d22f0bd6a4da10ce4a96ac50c09af710d0fa0009eaf4a884aaf4081e11543,5.391,0.42,963d22f0bd6a4da10ce4a96ac50c09af710d0fa0009eaf4a884aaf4081e11543,11228.19,11227.6,4965,exact-open-set-id-v2,1788254154596583328,127,127,2049,16464,93972218a5a98f14a16357c6434120a9673a07e46d07f4cb431913251b3da2d9,4.576,,True,45,46,digiface-45-1038,963d22f0bd6a4da10ce4a96ac50c09af710d0fa0009eaf4a884aaf4081e11543,9227.701,9227.1,4273,exact-open-set-id-v2,1788254167547558216,127,127,2049,16464,1ccbbe40a7e86f539d31d7418c791cce0e5f96cc2e4d92f6965ca2d7a191c1fe,4.587,,True,45,46,digiface-45-1038,True,True,True,False,-2000.5,0.8218230075884427,0.17817699241155727,-2000.489,0.8218333498097199
22,initial,0,29092026,measured,True,18,265,1236,tuning_impostor,2,A33_A29,2,17,1012,1,True,17,18,69e2ed1f0e5bc65ca7205dffd093679d61db0bae33cb69fc2a75a03e7e0b8cd0,32840,e32ff6d1542bc1887f6f15184541c705dfc39e305096cfd1f88141bb08d4f865,6.015,0.41,e32ff6d1542bc1887f6f15184541c705dfc39e305096cfd1f88141bb08d4f865,10443.269,10441.9,4965,exact-open-set-id-v2,1788254154596583328,127,127,2049,16464,eef03eca7588fc35abaf5d9fe2f1a98fdbaaa172256c501ffeaaa7e5daab99bf,5.355,,True,17,18,digiface-17-1012,e32ff6d1542bc1887f6f15184541c705dfc39e305096cfd1f88141bb08d4f865,8201.092,8200.6,4273,exact-open-set-id-v2,1788254167547558216,127,127,2049,16464,f856fe4bb8e0449fe998c3266efe51d08284414aeaf89569fbfc1e1b96430467,4.849,,True,17,18,digiface-17-1012,True,True,True,False,-2241.3,0.7853551556709029,0.21464484432909714,-2242.177,0.7852993157602279
23,initial,0,29092026,measured,True,19,758,1680,primary_test_impostor,1,A29_A33,3,45,1038,1,True,45,46,1e7c9591e8ccd881198225f3dd1ca571b3cc88654f52c21ff2aec0b63e84e117,32840,d4d42216dfa4aae31f23b67ea3ddd48246cf39708fc47d18470e8b2f8c210c0e,6.122,0.45,d4d42216dfa4aae31f23b67ea3ddd48246cf39708fc47d18470e8b2f8c210c0e,12605.301,12604.0,4965,exact-open-set-id-v2,1788254154596583328,127,127,2049,16464,60f6c1b52977294e00ead12e20e0f83741f21ffdb9ca0677fa53b95080e4324d,5.063,,True,45,46,digiface-45-1038,d4d42216dfa4aae31f23b67ea3ddd48246cf39708fc47d18470e8b2f8c210c0e,8834.554,8833.4,4273,exact-open-set-id-v2,1788254167547558216,127,127,2049,16464,163a8be3447e03a7c19b3fb40e63f273fcd93c162e4f7d27a3786e6b34184170,5.234,,True,45,46,digiface-45-1038,True,True,True,False,-3770.6,0.7008410028562361,0.2991589971437639,-3770.747,0.7008602174593055
24,initial,1,30092029,warmup,False,0,265,1236,tuning_impostor,0,A33_A29,2,17,1012,1,True,17,18,69e2ed1f0e5bc65ca7205dffd093679d61db0bae33cb69fc2a75a03e7e0b8cd0,32840,5da8138c15e40fc5890c25aad0f04a8c98e1861057b5985087ca4c92fd4eaad4,6.488,0.47,5da8138c15e40fc5890c25aad0f04a8c98e1861057b5985087ca4c92fd4eaad4,11582.551,11582.0,4965,exact-open-set-id-v2,1788246893954383600,127,127,2049,16464,6ed326d48a87a17674bcd0fe906f4f79262c935f1f854b3d22c00200d0ca0ef6,4.848,,True,17,18,digiface-17-1012,5da8138c15e40fc5890c25aad0f04a8c98e1861057b5985087ca4c92fd4eaad4,8667.171,8666.8,4273,exact-open-set-id-v2,1788246941113621856,127,127,2049,16464,86513a477e513d10751b04d8f198916b5dafe6ee27ddcdd1eeeb053e6457e270,4.6,,True,17,18,digiface-17-1012,True,True,True,False,-2915.2,0.748299084786738,0.251700915213262,-2915.38,0.7482955179735449
25,initial,1,30092029,warmup,False,1,758,1680,primary_test_impostor,0,A29_A33,3,45,1038,1,True,45,46,1e7c9591e8ccd881198225f3dd1ca571b3cc88654f52c21ff2aec0b63e84e117,32840,927fd8cdb3b191832ecda441f21168f7b80bd9b359229bc69867a6bc95302e41,6.992,0.44,927fd8cdb3b191832ecda441f21168f7b80bd9b359229bc69867a6bc95302e41,11348.405,11347.8,4965,exact-open-set-id-v2,1788246893954383600,127,127,2049,16464,9483979554afb92bb0194532ff20b9d80a900592ad9d9183a683c5e395b55f13,4.779,,True,45,46,digiface-45-1038,927fd8cdb3b191832ecda441f21168f7b80bd9b359229bc69867a6bc95302e41,7974.93,7974.4,4273,exact-open-set-id-v2,1788246941113621856,127,127,2049,16464,7f2b1b963eb4f3e2f63a6e1881c920897151e6ddb66bf866adbe690f9edd7548,4.274,,True,45,46,digiface-45-1038,True,True,True,False,-3373.4,0.7027265196778231,0.29727348032217693,-3373.475,0.7027357589018016
26,initial,1,30092029,warmup,False,2,211,1188,tuning_impostor,0,A33_A29,4,92,1080,1,True,92,93,e88524fbe5a2eb68f8ceeb77aacc14b6788fbc428b2e3445702f6e613663a082,32840,25d570fbf6d5b3b579b21488a0d03879683577ae6777036a8e7b2ff6250db0b3,6.165,0.43,25d570fbf6d5b3b579b21488a0d03879683577ae6777036a8e7b2ff6250db0b3,10577.866,10575.6,4965,exact-open-set-id-v2,1788246893954383600,127,127,2049,16464,9b8f38eb596403cbcc0e6da8308c9e797bb29eb07c677df89d0c2f32a358e7eb,4.775,,True,92,93,digiface-92-1080,25d570fbf6d5b3b579b21488a0d03879683577ae6777036a8e7b2ff6250db0b3,9768.672,9767.9,4273,exact-open-set-id-v2,1788246941113621856,127,127,2049,16464,12d0e8a346e74400f4fc7aabf6e117b8e15ac0b6131b7edd20cc2c09df1020f6,4.952,,True,92,93,digiface-92-1080,True,True,True,False,-807.7,0.923626082680888,0.07637391731911203,-809.194,0.9235012052525529
27,initial,1,30092029,warmup,False,3,1943,948,extended_holdout_non_tuning_impostor,0,A29_A33,5,82,1071,0,False,,0,add2ff51ca22b6e67272dea2a67a95ad527c0ad02a1ab15b9abea8f3a286c8a5,32840,6070ca0206c7a8e7688afe8d3259f7306372a9fea572e6d5426201c13cb2c736,6.34,0.42,6070ca0206c7a8e7688afe8d3259f7306372a9fea572e6d5426201c13cb2c736,9991.742,9990.0,4965,exact-open-set-id-v2,1788246893954383600,127,127,2049,16464,623d70f316dfb56152786c8fa4bd4fe2c2e35529adf244441a88da6229e8823c,4.979,,False,,0,,6070ca0206c7a8e7688afe8d3259f7306372a9fea572e6d5426201c13cb2c736,8070.203,8069.6,4273,exact-open-set-id-v2,1788246941113621856,127,127,2049,16464,2cdff4575f7a049f74dc816e79512113c6177c85d52920c796f39185d68c96ea,4.854,,False,,0,,True,True,True,False,-1920.4,0.8077677677677678,0.19223223223223218,-1921.539,0.8076872881625646
28,initial,1,30092029,measured,True,0,265,1236,tuning_impostor,2,A29_A33,2,17,1012,1,True,17,18,69e2ed1f0e5bc65ca7205dffd093679d61db0bae33cb69fc2a75a03e7e0b8cd0,32840,96a66251d307427fac16f0314f925fa6f743f37e0c4e66ef3f354a28e1a62bf8,6.545,0.52,96a66251d307427fac16f0314f925fa6f743f37e0c4e66ef3f354a28e1a62bf8,9651.687,9649.9,4965,exact-open-set-id-v2,1788246893954383600,127,127,2049,16464,141cfe80595a46d2b2d24717613723b887cfb39b3fd26409c76a36d5a3b1f0d0,5.61,,True,17,18,digiface-17-1012,96a66251d307427fac16f0314f925fa6f743f37e0c4e66ef3f354a28e1a62bf8,8191.359,8190.5,4273,exact-open-set-id-v2,1788246941113621856,127,127,2049,16464,b2735cde1bc4399fbf196b9e276e21d38930b7a297331ce5c7713641c2824a1e,4.801,,True,17,18,digiface-17-1012,True,True,True,False,-1459.4,0.8487652721789863,0.15123472782101366,-1460.328,0.8486971241400597
29,initial,1,30092029,measured,True,1,1943,948,extended_holdout_non_tuning_impostor,2,A33_A29,5,82,1071,0,False,,0,add2ff51ca22b6e67272dea2a67a95ad527c0ad02a1ab15b9abea8f3a286c8a5,32840,9b80c694abe679ea35da11136fb18c98393bc1e2385b894b239041085ad98734,5.458,0.41,9b80c694abe679ea35da11136fb18c98393bc1e2385b894b239041085ad98734,10687.665,10687.1,4965,exact-open-set-id-v2,1788246893954383600,127,127,2049,16464,b08353100ba50dea040f35b1e836770bec529ab269a0e184dc2fed1da4ff142d,5.514,,False,,0,,9b80c694abe679ea35da11136fb18c98393bc1e2385b894b239041085ad98734,8307.22,8306.6,4273,exact-open-set-id-v2,1788246941113621856,127,127,2049,16464,ddf8d4a628af5b2a41e049087c1aa863d49dc1a65a226539f0dcaa1aa8f22761,5.231,,False,,0,,True,True,True,False,-2380.5,0.7772548212330754,0.22274517876692457,-2380.445,0.7772717427052587
30,initial,1,30092029,measured,True,2,407,1364,tuning_impostor,3,A33_A29,7,81,1070,0,False,,0,31fba9477eb761f1177784dc65a9e1e7f00a6c87003afb8d4b505518110addf5,32840,160ffb4d313c50292301de50d19a3e0a26dfc0ca93034358901541436236e397,5.524,0.43,160ffb4d313c50292301de50d19a3e0a26dfc0ca93034358901541436236e397,9269.601,9268.5,4965,exact-open-set-id-v2,1788246893954383600,127,127,2049,16464,3f4638af3a50cc0bdf04a60ad9ef36aa9f1b6e193aa4d6c3c5ca8bc96f155cf9,4.675,,False,,0,,160ffb4d313c50292301de50d19a3e0a26dfc0ca93034358901541436236e397,8036.06,8035.5,4273,exact-open-set-id-v2,1788246941113621856,127,127,2049,16464,a42ad28dd5d5e1ff58b3ee25cb62818aca1312718c20c5f7d05ac325955955e5,5.08,,False,,0,,True,True,True,False,-1233.0,0.866968765172358,0.133031234827642,-1233.541,0.8669262031882494
31,initial,1,30092029,measured,True,3,265,1236,tuning_impostor,1,A33_A29,2,17,1012,1,True,17,18,69e2ed1f0e5bc65ca7205dffd093679d61db0bae33cb69fc2a75a03e7e0b8cd0,32840,981071e1a610eb13f16303cde6ef972018e7ac61149838b4b0c3b27535d3d504,6.633,0.42,981071e1a610eb13f16303cde6ef972018e7ac61149838b4b0c3b27535d3d504,9722.118,9721.5,4965,exact-open-set-id-v2,1788246893954383600,127,127,2049,16464,97a22a6ada2ff9d65de84b47c12f06c70294509fd6c4cdac8c929c7d10c47dc7,5.198,,True,17,18,digiface-17-1012,981071e1a610eb13f16303cde6ef972018e7ac61149838b4b0c3b27535d3d504,7818.394,7817.9,4273,exact-open-set-id-v2,1788246941113621856,127,127,2049,16464,ec90fbeeff85b67173d5c07de2c1bae4df97ee8f594330f07dff2683649de99a,4.923,,True,17,18,digiface-17-1012,True,True,True,False,-1903.6,0.8041865967186134,0.19581340328138663,-1903.724,0.8041862894484515
32,initial,1,30092029,measured,True,4,211,1188,tuning_impostor,3,A29_A33,4,92,1080,1,True,92,93,e88524fbe5a2eb68f8ceeb77aacc14b6788fbc428b2e3445702f6e613663a082,32840,ceede95e9ac9ad27f841cf49c3deabcb41bdf2548cf7466386dc51be03a8ce76,6.089,0.43,ceede95e9ac9ad27f841cf49c3deabcb41bdf2548cf7466386dc51be03a8ce76,9635.142,9634.5,4965,exact-open-set-id-v2,1788246893954383600,127,127,2049,16464,c91fb2fdf9c1dffd0ce1214f593426898c8947054dafbbd570a4973030f90afb,4.475,,True,92,93,digiface-92-1080,ceede95e9ac9ad27f841cf49c3deabcb41bdf2548cf7466386dc51be03a8ce76,9365.425,9364.8,4273,exact-open-set-id-v2,1788246941113621856,127,127,2049,16464,c2785d61a38d6ee5e27b80d2c0888f936fff918111085585f83190a8417c8f4f,4.795,,True,92,93,digiface-92-1080,True,True,True,False,-269.7,0.9720068503814416,0.027993149618558366,-269.717,0.9720069512208538
33,initial,1,30092029,measured,True,5,211,1188,tuning_impostor,0,A33_A29,4,92,1080,1,True,92,93,e88524fbe5a2eb68f8ceeb77aacc14b6788fbc428b2e3445702f6e613663a082,32840,4d941da946f5aa82a50ca2d0fe843b89f76fd409e68bdc56fcc88550756e7629,5.904,0.45,4d941da946f5aa82a50ca2d0fe843b89f76fd409e68bdc56fcc88550756e7629,12157.592,12156.4,4965,exact-open-set-id-v2,1788246893954383600,127,127,2049,16464,b166cf709895e4b70e735666184d586e65f5e19fa23a02f3f6f3d03c97614568,4.9,,True,92,93,digiface-92-1080,4d941da946f5aa82a50ca2d0fe843b89f76fd409e68bdc56fcc88550756e7629,14396.348,14395.4,4273,exact-open-set-id-v2,1788246941113621856,127,127,2049,16464,f89b8e41be6d201033a0c145153dea9feeab48b9480591db5ed6901aa4be77d9,5.277,,True,92,93,digiface-92-1080,True,True,True,False,2239.0,1.184182817281432,-0.18418281728143193,2238.756,1.1841446891785807
34,initial,1,30092029,measured,True,6,211,1188,tuning_impostor,2,A29_A33,4,92,1080,1,True,92,93,e88524fbe5a2eb68f8ceeb77aacc14b6788fbc428b2e3445702f6e613663a082,32840,2d7116661e940f2110e6c83eed78d7b61413b87e98c9a72791603c848597fba1,6.221,0.56,2d7116661e940f2110e6c83eed78d7b61413b87e98c9a72791603c848597fba1,10457.313,10456.5,4965,exact-open-set-id-v2,1788246893954383600,127,127,2049,16464,1374261acfb0509a3da72e51aaad087b9e07e105d83cf2cf906f78bda5576b62,5.253,,True,92,93,digiface-92-1080,2d7116661e940f2110e6c83eed78d7b61413b87e98c9a72791603c848597fba1,8121.167,8120.5,4273,exact-open-set-id-v2,1788246941113621856,127,127,2049,16464,f485ad069f1fc8f7e4b81d8dd64a9143c39b9683a8375c480e635944ffe08840,5.037,,True,92,93,digiface-92-1080,True,True,True,False,-2336.0,0.7765982881461292,0.2234017118538708,-2336.146,0.7766016949095815
35,initial,1,30092029,measured,True,7,1943,948,extended_holdout_non_tuning_impostor,1,A29_A33,5,82,1071,0,False,,0,add2ff51ca22b6e67272dea2a67a95ad527c0ad02a1ab15b9abea8f3a286c8a5,32840,bc7a24bce9fb92df360e03d5ed717c3930424523f3574a5bcd630b7ce714c750,5.488,0.41,bc7a24bce9fb92df360e03d5ed717c3930424523f3574a5bcd630b7ce714c750,9497.536,9495.7,4965,exact-open-set-id-v2,1788246893954383600,127,127,2049,16464,b0da471be374b26aaca3a763e8be6ebe5101248041885228b3e5b52da8be0f6d,4.305,,False,,0,,bc7a24bce9fb92df360e03d5ed717c3930424523f3574a5bcd630b7ce714c750,9074.74,9074.2,4273,exact-open-set-id-v2,1788246941113621856,127,127,2049,16464,3bf004079216a82db3c917c2e38fd5d1324ca33fc51ddaf0e72a5b368a15c33c,4.198,,False,,0,,True,True,True,False,-421.5,0.9556114873047801,0.04438851269521993,-422.796,0.9554836117494053
36,initial,1,30092029,measured,True,8,1943,948,extended_holdout_non_tuning_impostor,3,A29_A33,5,82,1071,0,False,,0,add2ff51ca22b6e67272dea2a67a95ad527c0ad02a1ab15b9abea8f3a286c8a5,32840,c3c6210c70a1865916a38c8f5d8a7a4ff12f19ba7ceb5feaa58f12ac13495aa7,6.142,0.45,c3c6210c70a1865916a38c8f5d8a7a4ff12f19ba7ceb5feaa58f12ac13495aa7,11438.849,11438.4,4965,exact-open-set-id-v2,1788246893954383600,127,127,2049,16464,e30309834acff279bd561157c0aa7714570e908acc061426db14388245bef4e3,5.568,,False,,0,,c3c6210c70a1865916a38c8f5d8a7a4ff12f19ba7ceb5feaa58f12ac13495aa7,9737.0,9735.7,4273,exact-open-set-id-v2,1788246941113621856,127,127,2049,16464,122894eb451164a35606204d1c10256a5ad00d7c95ba00ed58ea7e1737f4ff83,4.945,,False,,0,,True,True,True,False,-1702.7,0.8511417680794517,0.14885823192054826,-1701.849,0.8512220066896591
37,initial,1,30092029,measured,True,9,758,1680,primary_test_impostor,1,A33_A29,3,45,1038,1,True,45,46,1e7c9591e8ccd881198225f3dd1ca571b3cc88654f52c21ff2aec0b63e84e117,32840,2fb9f222abcf4dc3a0643877fadc231b7d71c2f65a2880d1e8d6cbe7827bf0b7,5.589,0.43,2fb9f222abcf4dc3a0643877fadc231b7d71c2f65a2880d1e8d6cbe7827bf0b7,9882.67,9880.8,4965,exact-open-set-id-v2,1788246893954383600,127,127,2049,16464,da9c7ac84c8d92a84a48ed5d7e187848cb486f314be298edc0a33ff028ef1aee,5.428,,True,45,46,digiface-45-1038,2fb9f222abcf4dc3a0643877fadc231b7d71c2f65a2880d1e8d6cbe7827bf0b7,8199.018,8198.2,4273,exact-open-set-id-v2,1788246941113621856,127,127,2049,16464,48ceaf46a63df99773d55110d6425c4321b9565b9502271eab360e9bdcc9626f,4.938,,True,45,46,digiface-45-1038,True,True,True,False,-1682.6,0.8297101449275364,0.17028985507246364,-1683.652,0.8296359182285759
38,initial,1,30092029,measured,True,10,407,1364,tuning_impostor,1,A33_A29,7,81,1070,0,False,,0,31fba9477eb761f1177784dc65a9e1e7f00a6c87003afb8d4b505518110addf5,32840,7789967b05043c1f573ad5e197cd4c4c76ffec903fe26596ccce40a7a634d6fd,5.373,0.43,7789967b05043c1f573ad5e197cd4c4c76ffec903fe26596ccce40a7a634d6fd,12396.193,12395.0,4965,exact-open-set-id-v2,1788246893954383600,127,127,2049,16464,cb9d7118ec4a869aac4822b24b4f9d013833bc2a7b42c8a89412067cc72c3936,4.849,,False,,0,,7789967b05043c1f573ad5e197cd4c4c76ffec903fe26596ccce40a7a634d6fd,11406.201,11405.2,4273,exact-open-set-id-v2,1788246941113621856,127,127,2049,16464,416b29093055f857de082de9a86f2ec599bc67876641bfc951abbae22c0d6c73,4.333,,False,,0,,True,True,True,False,-989.8,0.9201452198467125,0.07985478015328751,-989.992,0.9201374163825942
39,initial,1,30092029,measured,True,11,1943,948,extended_holdout_non_tuning_impostor,0,A33_A29,5,82,1071,0,False,,0,add2ff51ca22b6e67272dea2a67a95ad527c0ad02a1ab15b9abea8f3a286c8a5,32840,3613e1730e0efe07318e3a0395f2e0226b2958af486bb172b23b6e196a4989b5,6.733,0.51,3613e1730e0efe07318e3a0395f2e0226b2958af486bb172b23b6e196a4989b5,10534.985,10532.9,4965,exact-open-set-id-v2,1788246893954383600,127,127,2049,16464,22821a4a92aaa5a32903c5f4bf8a3fcebdae058ec6dad8fe031c491a8b16d434,5.046,,False,,0,,3613e1730e0efe07318e3a0395f2e0226b2958af486bb172b23b6e196a4989b5,9167.061,9166.1,4273,exact-open-set-id-v2,1788246941113621856,127,127,2049,16464,ea9b8012232ee9831bcbdd9b1dcbe5d3312ad2aa951e496e663e0b094afed417,4.938,,False,,0,,True,True,True,False,-1366.8,0.870235167902477,0.129764832097523,-1367.924,0.8701541577894985
40,initial,1,30092029,measured,True,12,758,1680,primary_test_impostor,3,A29_A33,3,45,1038,1,True,45,46,1e7c9591e8ccd881198225f3dd1ca571b3cc88654f52c21ff2aec0b63e84e117,32840,55e4e5e5300ff5fa006587864d63ce57a0856972e7de587d88b665e229dc6bab,5.614,0.45,55e4e5e5300ff5fa006587864d63ce57a0856972e7de587d88b665e229dc6bab,10345.364,10344.9,4965,exact-open-set-id-v2,1788246893954383600,127,127,2049,16464,247349e93136a2322a7e113cda3866461ffbf212a7e254c952f1f97e9df376dc,5.054,,True,45,46,digiface-45-1038,55e4e5e5300ff5fa006587864d63ce57a0856972e7de587d88b665e229dc6bab,8051.138,8050.6,4273,exact-open-set-id-v2,1788246941113621856,127,127,2049,16464,8f74d76cd4feadeacfad04b2f05183b3869569e5b81b8db74f3070cb677262da,4.626,,True,45,46,digiface-45-1038,True,True,True,False,-2294.3,0.7782192191321328,0.22178078086786723,-2294.226,0.7782363191860625
41,initial,1,30092029,measured,True,13,211,1188,tuning_impostor,1,A33_A29,4,92,1080,1,True,92,93,e88524fbe5a2eb68f8ceeb77aacc14b6788fbc428b2e3445702f6e613663a082,32840,d97ba5b59082c773795dad3644107f6c986f9bd4c96827742f72d8ecf6c1854a,6.082,0.42,d97ba5b59082c773795dad3644107f6c986f9bd4c96827742f72d8ecf6c1854a,9400.344,9399.9,4965,exact-open-set-id-v2,1788246893954383600,127,127,2049,16464,6e0a72ca11c71d218f205c116b29663a466771c7988ae722a51635c2db72f53a,4.642,,True,92,93,digiface-92-1080,d97ba5b59082c773795dad3644107f6c986f9bd4c96827742f72d8ecf6c1854a,7908.919,7908.5,4273,exact-open-set-id-v2,1788246941113621856,127,127,2049,16464,7beca02338b20e88e709098610f7c5afbcc17eddc3c01c310b68022e0e93be22,5.085,,True,92,93,digiface-92-1080,True,True,True,False,-1491.4,0.8413387376461452,0.1586612623538548,-1491.425,0.841343572107574
42,initial,1,30092029,measured,True,14,265,1236,tuning_impostor,0,A29_A33,2,17,1012,1,True,17,18,69e2ed1f0e5bc65ca7205dffd093679d61db0bae33cb69fc2a75a03e7e0b8cd0,32840,52e49c53d2c1f543e8b8f661124952f5a8067e612b7d8b7dce01744f933c9ad4,8.531,0.49,52e49c53d2c1f543e8b8f661124952f5a8067e612b7d8b7dce01744f933c9ad4,9528.067,9527.6,4965,exact-open-set-id-v2,1788246893954383600,127,127,2049,16464,cb845e90cd0dd5fd31c99b26d82c3bc3538aa258cc23e32b86236ac690ee54fe,4.193,,True,17,18,digiface-17-1012,52e49c53d2c1f543e8b8f661124952f5a8067e612b7d8b7dce01744f933c9ad4,8064.783,8064.2,4273,exact-open-set-id-v2,1788246941113621856,127,127,2049,16464,df6f0501ecdb1b656df1feca0799fffdbda405fed4812c59e7d8c19174eab388,4.651,,True,17,18,digiface-17-1012,True,True,True,False,-1463.4,0.8464041311557999,0.15359586884420007,-1463.284,0.8464238339214031
43,initial,1,30092029,measured,True,15,758,1680,primary_test_impostor,0,A29_A33,3,45,1038,1,True,45,46,1e7c9591e8ccd881198225f3dd1ca571b3cc88654f52c21ff2aec0b63e84e117,32840,40b172c90dbdc503389fdb2219473c6651712f6f7d710bf1b3fef43167944623,12.049,0.59,40b172c90dbdc503389fdb2219473c6651712f6f7d710bf1b3fef43167944623,9582.39,9581.7,4965,exact-open-set-id-v2,1788246893954383600,127,127,2049,16464,a20d1fc041e4a2016161ba8456d1e02dd82eba87c07ca2f47fb62f876983057a,4.931,,True,45,46,digiface-45-1038,40b172c90dbdc503389fdb2219473c6651712f6f7d710bf1b3fef43167944623,8631.187,8630.3,4273,exact-open-set-id-v2,1788246941113621856,127,127,2049,16464,2316a64d098514fd8691b74cf0c1d7e07d322d8c1e4a8b00f5f7f739da39387f,4.96,,True,45,46,digiface-45-1038,True,True,True,False,-951.4,0.9007065552041912,0.09929344479580882,-951.203,0.9007342635814238
44,initial,1,30092029,measured,True,16,758,1680,primary_test_impostor,2,A33_A29,3,45,1038,1,True,45,46,1e7c9591e8ccd881198225f3dd1ca571b3cc88654f52c21ff2aec0b63e84e117,32840,515d129f189153bc4bc3d454ffc195b2b649141fdf62c8b7049cff991c67f90a,5.597,0.41,515d129f189153bc4bc3d454ffc195b2b649141fdf62c8b7049cff991c67f90a,9979.173,9978.7,4965,exact-open-set-id-v2,1788246893954383600,127,127,2049,16464,243075cc1b0811118b643669d3f500475bbc9badda6f3a68b4b7b9079a503f94,5.522,,True,45,46,digiface-45-1038,515d129f189153bc4bc3d454ffc195b2b649141fdf62c8b7049cff991c67f90a,8491.831,8491.3,4273,exact-open-set-id-v2,1788246941113621856,127,127,2049,16464,ab2dfa94df2db2a8b07142ebc91a53c2454adfd970ff08ac211afc6c63736e7f,5.32,,True,45,46,digiface-45-1038,True,True,True,False,-1487.4,0.8509425075410624,0.14905749245893762,-1487.342,0.850955384779881
45,initial,1,30092029,measured,True,17,407,1364,tuning_impostor,0,A29_A33,7,81,1070,0,False,,0,31fba9477eb761f1177784dc65a9e1e7f00a6c87003afb8d4b505518110addf5,32840,43242927bd9e391693ce3e500219603ff71068fe587bdae40452b6bc7cedebcb,5.438,0.42,43242927bd9e391693ce3e500219603ff71068fe587bdae40452b6bc7cedebcb,11603.238,11602.7,4965,exact-open-set-id-v2,1788246893954383600,127,127,2049,16464,2ef3cbfe5c51e2231e8530c403ebf7153cf90c13d2cb4775f6e8e9581471830b,5.415,,False,,0,,43242927bd9e391693ce3e500219603ff71068fe587bdae40452b6bc7cedebcb,12095.425,12093.7,4273,exact-open-set-id-v2,1788246941113621856,127,127,2049,16464,f4f3055a2968be434b57fdff8cdd4f6dda4083be1b55331e58a6cea5a109b80a,5.564,,False,,0,,True,True,True,False,491.0,1.042317736388944,-0.04231773638894398,492.187,1.042418073299884
46,initial,1,30092029,measured,True,18,265,1236,tuning_impostor,3,A33_A29,2,17,1012,1,True,17,18,69e2ed1f0e5bc65ca7205dffd093679d61db0bae33cb69fc2a75a03e7e0b8cd0,32840,2a7b6705dcb31dbae45ff889920c439ffb4678527e8d8cf9ec7f9000a5011834,10.675,0.41,2a7b6705dcb31dbae45ff889920c439ffb4678527e8d8cf9ec7f9000a5011834,12374.02,12371.9,4965,exact-open-set-id-v2,1788246893954383600,127,127,2049,16464,2e8925258058b446e8b982529c5bd8831bfdc58f9b4a0e825afc8754b87e2f0b,5.591,,True,17,18,digiface-17-1012,2a7b6705dcb31dbae45ff889920c439ffb4678527e8d8cf9ec7f9000a5011834,11650.422,11649.1,4273,exact-open-set-id-v2,1788246941113621856,127,127,2049,16464,121ceb064a40367b7246f8e0ffa0295a72ef6a3f288b640de196a1f96c1aab8a,5.179,,True,17,18,digiface-17-1012,True,True,True,False,-722.8,0.9415772840064986,0.05842271599350135,-723.598,0.9415228034220083
47,initial,1,30092029,measured,True,19,407,1364,tuning_impostor,2,A29_A33,7,81,1070,0,False,,0,31fba9477eb761f1177784dc65a9e1e7f00a6c87003afb8d4b505518110addf5,32840,6bed1a4175d11bbed8536f304e26cd0443486873c38161173a6316e8be856c1c,5.342,0.43,6bed1a4175d11bbed8536f304e26cd0443486873c38161173a6316e8be856c1c,11562.274,11560.9,4965,exact-open-set-id-v2,1788246893954383600,127,127,2049,16464,fffd50bcf9cfc9d185bb7265249942d553b530858b143e2eaa62c2887cbdbd4c,5.005,,False,,0,,6bed1a4175d11bbed8536f304e26cd0443486873c38161173a6316e8be856c1c,9193.327,9181.6,4273,exact-open-set-id-v2,1788246941113621856,127,127,2049,16464,b35876409cc10e55d49f08c1449faf95107c969c37a95748ccac7ebcd3eb58f1,4.74,,False,,0,,True,True,True,False,-2379.3,0.7941942236331082,0.2058057763668918,-2368.947,0.7951140926084264
48,initial,2,31092032,warmup,False,0,265,1236,tuning_impostor,0,A29_A33,2,17,1012,1,True,17,18,69e2ed1f0e5bc65ca7205dffd093679d61db0bae33cb69fc2a75a03e7e0b8cd0,32840,ee0c91f54eacea16c1e65b19a56f3486a4b3acb46fa72d0504e2abdebd5a1739,6.098,0.48,ee0c91f54eacea16c1e65b19a56f3486a4b3acb46fa72d0504e2abdebd5a1739,10918.723,10918.3,4965,exact-open-set-id-v2,1788240695385348616,127,127,2049,16464,50fa85903d255c28ea52616b7a1d3cbe236d137de5ca67cdecef0e534144bf89,5.263,,True,17,18,digiface-17-1012,ee0c91f54eacea16c1e65b19a56f3486a4b3acb46fa72d0504e2abdebd5a1739,8569.446,8568.9,4273,exact-open-set-id-v2,1788240716924159096,127,127,2049,16464,245485cb24ea1b0de15bb92b9cce05a8da83cc35fc6346fe73486c21ae72667b,4.811,,True,17,18,digiface-17-1012,True,True,True,False,-2349.4,0.7848199811325939,0.21518001886740612,-2349.277,0.7848395824310224
49,initial,2,31092032,warmup,False,1,758,1680,primary_test_impostor,0,A33_A29,3,45,1038,1,True,45,46,1e7c9591e8ccd881198225f3dd1ca571b3cc88654f52c21ff2aec0b63e84e117,32840,268ef5a5f985c0275b7fc238aef3885289c95028bfa82036cd5c8395651b96cd,6.11,0.46,268ef5a5f985c0275b7fc238aef3885289c95028bfa82036cd5c8395651b96cd,11636.229,11635.6,4965,exact-open-set-id-v2,1788240695385348616,127,127,2049,16464,cec118c16505554602570458daf651cee86551136bd91fd5bf035b201d9e3ff4,4.946,,True,45,46,digiface-45-1038,268ef5a5f985c0275b7fc238aef3885289c95028bfa82036cd5c8395651b96cd,10457.001,10456.2,4273,exact-open-set-id-v2,1788240716924159096,127,127,2049,16464,8bc87b5e46b89f42201be9ee0a807e6806ca6e9789427d04028400823e968bb9,4.588,,True,45,46,digiface-45-1038,True,True,True,False,-1179.4,0.898638660662106,0.10136133933789404,-1179.228,0.8986589212020493
50,initial,2,31092032,warmup,False,2,211,1188,tuning_impostor,0,A29_A33,4,92,1080,1,True,92,93,e88524fbe5a2eb68f8ceeb77aacc14b6788fbc428b2e3445702f6e613663a082,32840,7ed33716cd6b39cc43dc511f38306123da29f268b29fda294823d533f0ecdc69,6.292,0.45,7ed33716cd6b39cc43dc511f38306123da29f268b29fda294823d533f0ecdc69,15030.772,15029.0,4965,exact-open-set-id-v2,1788240695385348616,127,127,2049,16464,b35fe2aebb6b9e3ee170282154d8d07f8cb53464d250a1c5e039fe4f524377ad,4.607,,True,92,93,digiface-92-1080,7ed33716cd6b39cc43dc511f38306123da29f268b29fda294823d533f0ecdc69,10538.47,10537.4,4273,exact-open-set-id-v2,1788240716924159096,127,127,2049,16464,1e62f791d30719032b617ed2cdc2d5fd1648c9db2063ca7442fcf4069013178f,4.409,,True,92,93,digiface-92-1080,True,True,True,False,-4491.6,0.7011378002528444,0.29886219974715555,-4492.302,0.7011263293728358
51,initial,2,31092032,warmup,False,3,1943,948,extended_holdout_non_tuning_impostor,0,A33_A29,5,82,1071,0,False,,0,add2ff51ca22b6e67272dea2a67a95ad527c0ad02a1ab15b9abea8f3a286c8a5,32840,c0a642e6acaeea94bd2aae18a5df25304d0a4bb886f32e539110c1373e0e7c65,6.153,0.45,c0a642e6acaeea94bd2aae18a5df25304d0a4bb886f32e539110c1373e0e7c65,10773.231,10771.8,4965,exact-open-set-id-v2,1788240695385348616,127,127,2049,16464,776af0f575a534285ee7bb32067a67ee8641ec6fcaa9f4dc017c88fe3821b3c2,4.573,,False,,0,,c0a642e6acaeea94bd2aae18a5df25304d0a4bb886f32e539110c1373e0e7c65,8941.935,8941.0,4273,exact-open-set-id-v2,1788240716924159096,127,127,2049,16464,32a7249a421447ab589a047401bdc8604f405b3ecf44b0aa33b223d8da56362b,5.4,,False,,0,,True,True,True,False,-1830.8,0.8300376910080024,0.1699623089919976,-1831.296,0.8300142269296926
52,initial,2,31092032,measured,True,0,265,1236,tuning_impostor,2,A33_A29,2,17,1012,1,True,17,18,69e2ed1f0e5bc65ca7205dffd093679d61db0bae33cb69fc2a75a03e7e0b8cd0,32840,5cb1917b5388c99104a6ca02b3490af5b7a4db39b1b373d78570a7e8d2d689c2,5.522,0.42,5cb1917b5388c99104a6ca02b3490af5b7a4db39b1b373d78570a7e8d2d689c2,13413.92,13412.2,4965,exact-open-set-id-v2,1788240695385348616,127,127,2049,16464,fcfa07acc3ff2efa32d8dc59e1d391662cf3abcf95beb9382a78fa5f007f981d,4.998,,True,17,18,digiface-17-1012,5cb1917b5388c99104a6ca02b3490af5b7a4db39b1b373d78570a7e8d2d689c2,9332.767,9330.5,4273,exact-open-set-id-v2,1788240716924159096,127,127,2049,16464,659edc1d6af4259881dea6c218f55afd7fb86627b7cbb12235d20e0d5624021d,5.716,,True,17,18,digiface-17-1012,True,True,True,False,-4081.7,0.6956725965911632,0.3043274034088368,-4081.153,0.6957523975094528
53,initial,2,31092032,measured,True,1,758,1680,primary_test_impostor,1,A29_A33,3,45,1038,1,True,45,46,1e7c9591e8ccd881198225f3dd1ca571b3cc88654f52c21ff2aec0b63e84e117,32840,646a768734e51a39f4c46729b386e3da62e0c52ae9b06e41f45f3cc249c7957f,5.612,0.42,646a768734e51a39f4c46729b386e3da62e0c52ae9b06e41f45f3cc249c7957f,14091.041,14089.7,4965,exact-open-set-id-v2,1788240695385348616,127,127,2049,16464,359f26a84f2d6253b02f872da494ae9e3af372fff0bc8e0c8e8a3245be64b23c,5.135,,True,45,46,digiface-45-1038,646a768734e51a39f4c46729b386e3da62e0c52ae9b06e41f45f3cc249c7957f,10315.404,10314.2,4273,exact-open-set-id-v2,1788240716924159096,127,127,2049,16464,638605b24e56f87644f89ba2998251a94b20f2401f5e30831ea6dc675847708d,5.819,,True,45,46,digiface-45-1038,True,True,True,False,-3775.5,0.7320382974797193,0.26796170252028073,-3775.637,0.7320540760615203
54,initial,2,31092032,measured,True,2,265,1236,tuning_impostor,1,A29_A33,2,17,1012,1,True,17,18,69e2ed1f0e5bc65ca7205dffd093679d61db0bae33cb69fc2a75a03e7e0b8cd0,32840,0d9b2e9fa6d8503262a2bf1b60d3f1981e5035ecbcfd39bcff274d2fb20c40fa,5.247,0.41,0d9b2e9fa6d8503262a2bf1b60d3f1981e5035ecbcfd39bcff274d2fb20c40fa,12804.989,12803.8,4965,exact-open-set-id-v2,1788240695385348616,127,127,2049,16464,4861eeb32d67f6b15ef17a219b4cfe5b29688c761ab03a4d1cbedbb489c138c5,5.337,,True,17,18,digiface-17-1012,0d9b2e9fa6d8503262a2bf1b60d3f1981e5035ecbcfd39bcff274d2fb20c40fa,10449.596,10447.9,4273,exact-open-set-id-v2,1788240716924159096,127,127,2049,16464,0e8489acf5f92db680796bc8bf04ebddd7478ada6dbeb3469f0ff36a7cd0939b,5.309,,True,17,18,digiface-17-1012,True,True,True,False,-2355.9,0.8159999375185492,0.18400006248145084,-2355.393,0.8160566166827633
55,initial,2,31092032,measured,True,3,211,1188,tuning_impostor,0,A29_A33,4,92,1080,1,True,92,93,e88524fbe5a2eb68f8ceeb77aacc14b6788fbc428b2e3445702f6e613663a082,32840,67dc15551c1c14fccb4ad02832d421125217243cec0a160e31e23446f8be4aa0,5.895,0.51,67dc15551c1c14fccb4ad02832d421125217243cec0a160e31e23446f8be4aa0,11261.102,11259.8,4965,exact-open-set-id-v2,1788240695385348616,127,127,2049,16464,f73503c95fbdf22f11715482514d0ec46a55a746085d7baa7423621ca1795778,5.087,,True,92,93,digiface-92-1080,67dc15551c1c14fccb4ad02832d421125217243cec0a160e31e23446f8be4aa0,14125.741,14123.0,4273,exact-open-set-id-v2,1788240716924159096,127,127,2049,16464,e79bfa88304f294e9595a7c07015934a87ac8e3fd7021faa85292f8650dd9d65,5.049,,True,92,93,digiface-92-1080,True,True,True,False,2863.2,1.254285156041848,-0.254285156041848,2864.639,1.2543835407937873
56,initial,2,31092032,measured,True,4,211,1188,tuning_impostor,2,A33_A29,4,92,1080,1,True,92,93,e88524fbe5a2eb68f8ceeb77aacc14b6788fbc428b2e3445702f6e613663a082,32840,6a5c60b040e04ea7e83403182bcb7f2dccd2b49723a750d353ec783058e5730f,5.337,0.39,6a5c60b040e04ea7e83403182bcb7f2dccd2b49723a750d353ec783058e5730f,14731.988,14730.3,4965,exact-open-set-id-v2,1788240695385348616,127,127,2049,16464,38276af09664d1f1991d6035677f1be55ae7f3751cb381f07caede9142c5cea6,4.81,,True,92,93,digiface-92-1080,6a5c60b040e04ea7e83403182bcb7f2dccd2b49723a750d353ec783058e5730f,17541.877,17540.2,4273,exact-open-set-id-v2,1788240716924159096,127,127,2049,16464,04aac3888174e88ff82123ce78bded204d433540f304ac40ee35d1110daa165b,5.388,,True,92,93,digiface-92-1080,True,True,True,False,2809.9,1.1907564679605984,-0.19075646796059842,2809.889,1.1907338642958438
57,initial,2,31092032,measured,True,5,1943,948,extended_holdout_non_tuning_impostor,2,A33_A29,5,82,1071,0,False,,0,add2ff51ca22b6e67272dea2a67a95ad527c0ad02a1ab15b9abea8f3a286c8a5,32840,69567a376484f639cbf09ffd404fdaabe6d4668fa0fc3e2d2fb092739a553c35,5.705,0.41,69567a376484f639cbf09ffd404fdaabe6d4668fa0fc3e2d2fb092739a553c35,11975.846,11974.2,4965,exact-open-set-id-v2,1788240695385348616,127,127,2049,16464,c8e81ad2568af5df69953e6356e25b25fd71e1db87a59267f485462636b801b8,5.356,,False,,0,,69567a376484f639cbf09ffd404fdaabe6d4668fa0fc3e2d2fb092739a553c35,12375.103,12373.6,4273,exact-open-set-id-v2,1788240716924159096,127,127,2049,16464,2f0db494409b958770bfc544bee9e4dd2a16616676ad9aa60d55bf0856f909e3,4.65,,False,,0,,True,True,True,False,399.4,1.0333550466837034,-0.03335504668370337,399.257,1.0333385215541349
58,initial,2,31092032,measured,True,6,211,1188,tuning_impostor,3,A29_A33,4,92,1080,1,True,92,93,e88524fbe5a2eb68f8ceeb77aacc14b6788fbc428b2e3445702f6e613663a082,32840,1d46e6f66a726464a90d24329fd1bdb73d45d807099734087c03b4d1827c54ac,5.929,0.54,1d46e6f66a726464a90d24329fd1bdb73d45d807099734087c03b4d1827c54ac,10136.99,10135.7,4965,exact-open-set-id-v2,1788240695385348616,127,127,2049,16464,07e6b1aaa314a84318dc0f4b6986cb7f1a4b1795053aed300397fd571ab8ef19,4.376,,True,92,93,digiface-92-1080,1d46e6f66a726464a90d24329fd1bdb73d45d807099734087c03b4d1827c54ac,8424.938,8423.3,4273,exact-open-set-id-v2,1788240716924159096,127,127,2049,16464,97f9af280948e23ca9ba87161613f266e3d6a666241ccd2698bcd91d597286b5,4.628,,True,92,93,digiface-92-1080,True,True,True,False,-1712.4,0.8310526160008681,0.1689473839991319,-1712.052,0.8311084454063781
59,initial,2,31092032,measured,True,7,407,1364,tuning_impostor,1,A29_A33,7,81,1070,0,False,,0,31fba9477eb761f1177784dc65a9e1e7f00a6c87003afb8d4b505518110addf5,32840,39ed739fb58d82fee321373d51920b696e27c0bb38495501f01738a609c3c5bd,5.604,0.42,39ed739fb58d82fee321373d51920b696e27c0bb38495501f01738a609c3c5bd,10000.032,9998.8,4965,exact-open-set-id-v2,1788240695385348616,127,127,2049,16464,003b030c249f81bde87e596f091f0b8cd10db41cddd6528b45847ce8761efee7,4.512,,False,,0,,39ed739fb58d82fee321373d51920b696e27c0bb38495501f01738a609c3c5bd,8950.811,8950.3,4273,exact-open-set-id-v2,1788240716924159096,127,127,2049,16464,2268d6d05524dc932719e40beabb886fa9a63aef0486afeb27891c1cb57c3588,5.26,,False,,0,,True,True,True,False,-1048.5,0.8951374164899788,0.1048625835100212,-1049.221,0.8950782357496456
60,initial,2,31092032,measured,True,8,758,1680,primary_test_impostor,0,A33_A29,3,45,1038,1,True,45,46,1e7c9591e8ccd881198225f3dd1ca571b3cc88654f52c21ff2aec0b63e84e117,32840,40a4d5ca22ad3d502195e9b74fd622175cd03d3885aacfaf13aa32b338b369f2,5.682,0.39,40a4d5ca22ad3d502195e9b74fd622175cd03d3885aacfaf13aa32b338b369f2,10709.157,10708.4,4965,exact-open-set-id-v2,1788240695385348616,127,127,2049,16464,2d8c3b656a56a29a43596fea2c78d2a68d08c0b2269c7b0c036456bb31fec606,5.024,,True,45,46,digiface-45-1038,40a4d5ca22ad3d502195e9b74fd622175cd03d3885aacfaf13aa32b338b369f2,8727.995,8727.5,4273,exact-open-set-id-v2,1788240716924159096,127,127,2049,16464,97bbc775ad95d58d277f9ae7f648420af1fd9fd10c4aa5575d96cf4a2a84662c,4.508,,True,45,46,digiface-45-1038,True,True,True,False,-1980.9,0.8150143812334243,0.1849856187665757,-1981.162,0.8150029922990205
61,initial,2,31092032,measured,True,9,407,1364,tuning_impostor,0,A33_A29,7,81,1070,0,False,,0,31fba9477eb761f1177784dc65a9e1e7f00a6c87003afb8d4b505518110addf5,32840,f26bad3dd8e60cc4fe4c6de808467fc22092329881de812a1d6fe1ec6b8c2521,5.645,0.43,f26bad3dd8e60cc4fe4c6de808467fc22092329881de812a1d6fe1ec6b8c2521,10728.063,10727.5,4965,exact-open-set-id-v2,1788240695385348616,127,127,2049,16464,98611132be9c024fe1f2fe1abc2dd815c2ac3236c743ffc6c39274f5b51b79ab,4.482,,False,,0,,f26bad3dd8e60cc4fe4c6de808467fc22092329881de812a1d6fe1ec6b8c2521,9740.797,9740.1,4273,exact-open-set-id-v2,1788240716924159096,127,127,2049,16464,96b4a891aa4b1055675b1d7a8c3035e29fd3f6a98e9318100c2ee957ef2b6090,5.337,,False,,0,,True,True,True,False,-987.4,0.9079561873689117,0.0920438126310883,-987.266,0.9079735083584055
62,initial,2,31092032,measured,True,10,1943,948,extended_holdout_non_tuning_impostor,0,A29_A33,5,82,1071,0,False,,0,add2ff51ca22b6e67272dea2a67a95ad527c0ad02a1ab15b9abea8f3a286c8a5,32840,9513e369acdb5c9321f527b2bac4c6116108843497988bbef85e1b8975322ff1,4.965,0.38,9513e369acdb5c9321f527b2bac4c6116108843497988bbef85e1b8975322ff1,10026.969,10026.5,4965,exact-open-set-id-v2,1788240695385348616,127,127,2049,16464,207ee206dfcb21608a9bab2caa29866220c28bb751084feaff7562b03f877772,4.964,,False,,0,,9513e369acdb5c9321f527b2bac4c6116108843497988bbef85e1b8975322ff1,9800.74,9799.6,4273,exact-open-set-id-v2,1788240716924159096,127,127,2049,16464,93946f25dd9da33ec71cbace7a2ef30cb6ac9f4f94b03343d2912a15f738ce6c,5.16,,False,,0,,True,True,True,False,-226.9,0.9773699695806114,0.022630030419388603,-226.229,0.97743794759912
63,initial,2,31092032,measured,True,11,407,1364,tuning_impostor,3,A33_A29,7,81,1070,0,False,,0,31fba9477eb761f1177784dc65a9e1e7f00a6c87003afb8d4b505518110addf5,32840,7e8cf1032012470c5ecface60f238da14eb1c1457c841c0ab5244c5480a81356,5.541,0.4,7e8cf1032012470c5ecface60f238da14eb1c1457c841c0ab5244c5480a81356,10798.432,10797.0,4965,exact-open-set-id-v2,1788240695385348616,127,127,2049,16464,1ffa425b4756f7bcd8d7bd34f8156e0d0823a437bdc9a84f979493a8374009c9,4.876,,False,,0,,7e8cf1032012470c5ecface60f238da14eb1c1457c841c0ab5244c5480a81356,9450.265,9448.9,4273,exact-open-set-id-v2,1788240716924159096,127,127,2049,16464,4eb1290d6f2b7bc38608b51273399ef016ffcd82f735b7eff4136637843c718b,5.405,,False,,0,,True,True,True,False,-1348.1,0.8751412429378531,0.12485875706214689,-1348.167,0.8751515960835794
64,initial,2,31092032,measured,True,12,758,1680,primary_test_impostor,3,A29_A33,3,45,1038,1,True,45,46,1e7c9591e8ccd881198225f3dd1ca571b3cc88654f52c21ff2aec0b63e84e117,32840,b4878a37f1a0b72aad3ef53ed01da73718be288d188811e335352544e6eb8c31,5.398,0.4,b4878a37f1a0b72aad3ef53ed01da73718be288d188811e335352544e6eb8c31,11912.471,11911.1,4965,exact-open-set-id-v2,1788240695385348616,127,127,2049,16464,1802e04e42889fc945b2aa951bbf0bd6b4ff8195ca57b97bc0bfa2df4d96ca44,4.052,,True,45,46,digiface-45-1038,b4878a37f1a0b72aad3ef53ed01da73718be288d188811e335352544e6eb8c31,9449.041,9447.9,4273,exact-open-set-id-v2,1788240716924159096,127,127,2049,16464,9f1bafe08649fd9a5abe1e1e13f94b3dd8fc32994f919882490225ff5b0cfd00,4.791,,True,45,46,digiface-45-1038,True,True,True,False,-2463.2,0.793201299628078,0.20679870037192205,-2463.43,0.7932057924841958
65,initial,2,31092032,measured,True,13,211,1188,tuning_impostor,1,A33_A29,4,92,1080,1,True,92,93,e88524fbe5a2eb68f8ceeb77aacc14b6788fbc428b2e3445702f6e613663a082,32840,6fca195799d911b86b0abe189a8fd810d6e0c4d5bd66d7b8a58614b7fa6ce024,5.267,0.38,6fca195799d911b86b0abe189a8fd810d6e0c4d5bd66d7b8a58614b7fa6ce024,12781.941,12781.3,4965,exact-open-set-id-v2,1788240695385348616,127,127,2049,16464,e0a0baec2af85f3218957d2bc9f49ba29bc33692d57907f2fcf5369d6fb6e228,5.033,,True,92,93,digiface-92-1080,6fca195799d911b86b0abe189a8fd810d6e0c4d5bd66d7b8a58614b7fa6ce024,9306.178,9305.5,4273,exact-open-set-id-v2,1788240716924159096,127,127,2049,16464,ea096e2a2b51e74948a14eaa972c3daab2aded41bdb88a04c35e92baa279fa97,4.862,,True,92,93,digiface-92-1080,True,True,True,False,-3475.8,0.7280558315664292,0.27194416843357083,-3475.763,0.728072363970386
66,initial,2,31092032,measured,True,14,407,1364,tuning_impostor,2,A29_A33,7,81,1070,0,False,,0,31fba9477eb761f1177784dc65a9e1e7f00a6c87003afb8d4b505518110addf5,32840,3173f9f2baa8a587473107393b14bab6460ff8a8d4fe7b572c726185e2e5c6c4,6.182,0.39,3173f9f2baa8a587473107393b14bab6460ff8a8d4fe7b572c726185e2e5c6c4,14615.941,14614.5,4965,exact-open-set-id-v2,1788240695385348616,127,127,2049,16464,25ab25802449223fb761e12fa997a302052d183ef8c60a64847e720d467332d4,4.76,,False,,0,,3173f9f2baa8a587473107393b14bab6460ff8a8d4fe7b572c726185e2e5c6c4,15334.447,15332.4,4273,exact-open-set-id-v2,1788240716924159096,127,127,2049,16464,3b7a3c56bb9578c5508ab3987448a10619e49e809b1f8ffd943aaf2380a1904a,5.269,,False,,0,,True,True,True,False,717.9,1.049122446884943,-0.04912244688494294,718.506,1.0491590654341036
67,initial,2,31092032,measured,True,15,265,1236,tuning_impostor,0,A29_A33,2,17,1012,1,True,17,18,69e2ed1f0e5bc65ca7205dffd093679d61db0bae33cb69fc2a75a03e7e0b8cd0,32840,46053d70cc6bf1305410858912e4c43809cef5ac89555f94daedad22a1c4854d,6.396,0.39,46053d70cc6bf1305410858912e4c43809cef5ac89555f94daedad22a1c4854d,14109.562,14108.1,4965,exact-open-set-id-v2,1788240695385348616,127,127,2049,16464,0446e8ea817fc17340e44f3317a4282cdac405726df4d2517d52ccd6bb005a3f,4.391,,True,17,18,digiface-17-1012,46053d70cc6bf1305410858912e4c43809cef5ac89555f94daedad22a1c4854d,10156.613,10155.2,4273,exact-open-set-id-v2,1788240716924159096,127,127,2049,16464,8f9ca416e41176c3b73a613313be84c1a8db36473a2ed7da01d35b371cc12232,4.624,,True,17,18,digiface-17-1012,True,True,True,False,-3952.9,0.7198134405058088,0.28018655949419125,-3952.949,0.7198389999632873
68,initial,2,31092032,measured,True,16,265,1236,tuning_impostor,3,A33_A29,2,17,1012,1,True,17,18,69e2ed1f0e5bc65ca7205dffd093679d61db0bae33cb69fc2a75a03e7e0b8cd0,32840,8b9f7ee5453ba951e4e9ef911e35315249d3384bfec5373c0d2e122442f20074,6.103,0.45,8b9f7ee5453ba951e4e9ef911e35315249d3384bfec5373c0d2e122442f20074,12269.753,12268.1,4965,exact-open-set-id-v2,1788240695385348616,127,127,2049,16464,ce1a57601fb6cd61f88e19153e5ec1a6e4db33b402b1ee92c15d41840e399922,4.771,,True,17,18,digiface-17-1012,8b9f7ee5453ba951e4e9ef911e35315249d3384bfec5373c0d2e122442f20074,10104.587,10103.6,4273,exact-open-set-id-v2,1788240716924159096,127,127,2049,16464,142f11e5057423548e7927f8230d307aace5f642652d5076dfff5f8abbbe8ba3,5.578,,True,17,18,digiface-17-1012,True,True,True,False,-2164.5,0.8235668114867013,0.1764331885132987,-2165.166,0.8235363010160024
69,initial,2,31092032,measured,True,17,1943,948,extended_holdout_non_tuning_impostor,1,A33_A29,5,82,1071,0,False,,0,add2ff51ca22b6e67272dea2a67a95ad527c0ad02a1ab15b9abea8f3a286c8a5,32840,62ed99ec206c0a41356bfbb56154cb39bf562645ce41a7e573b1e3348721a6c8,5.907,0.49,62ed99ec206c0a41356bfbb56154cb39bf562645ce41a7e573b1e3348721a6c8,13013.911,13012.5,4965,exact-open-set-id-v2,1788240695385348616,127,127,2049,16464,24cecd7bdd816518432481c4306a708839710ecf37444ee1a824f89dee2ef94e,4.656,,False,,0,,62ed99ec206c0a41356bfbb56154cb39bf562645ce41a7e573b1e3348721a6c8,11127.479,11125.7,4273,exact-open-set-id-v2,1788240716924159096,127,127,2049,16464,54c54e569ddccf742a37144db901f665c62695d6efc3a043c233257809a6a2b5,5.151,,False,,0,,True,True,True,False,-1886.8,0.8550009606147935,0.14499903938520653,-1886.432,0.8550449591978921
70,initial,2,31092032,measured,True,18,758,1680,primary_test_impostor,2,A33_A29,3,45,1038,1,True,45,46,1e7c9591e8ccd881198225f3dd1ca571b3cc88654f52c21ff2aec0b63e84e117,32840,6dc41d4c32fd00ca4b4f750e927cfeaa286af95b850f7e31f2be4479644ffb8b,6.113,0.51,6dc41d4c32fd00ca4b4f750e927cfeaa286af95b850f7e31f2be4479644ffb8b,10631.135,10629.7,4965,exact-open-set-id-v2,1788240695385348616,127,127,2049,16464,9da17f609fba679418c8436751120fece3f0ab5a028248e8bdae748155599391,5.42,,True,45,46,digiface-45-1038,6dc41d4c32fd00ca4b4f750e927cfeaa286af95b850f7e31f2be4479644ffb8b,10570.386,10568.9,4273,exact-open-set-id-v2,1788240716924159096,127,127,2049,16464,960dd0c6acf5f1b83b224efd81188d8ca5d9fd3a5591c8b94db5ffa7f17e8348,4.682,,True,45,46,digiface-45-1038,True,True,True,False,-60.8,0.9942801772392447,0.005719822760755333,-60.749,0.9942857465360002
71,initial,2,31092032,measured,True,19,1943,948,extended_holdout_non_tuning_impostor,3,A29_A33,5,82,1071,0,False,,0,add2ff51ca22b6e67272dea2a67a95ad527c0ad02a1ab15b9abea8f3a286c8a5,32840,6aaca8121c3e5a1c4b9f9d6cab29e32a58f3ab563f39dd26bd4586263b6685a6,5.966,0.43,6aaca8121c3e5a1c4b9f9d6cab29e32a58f3ab563f39dd26bd4586263b6685a6,10773.31,10771.3,4965,exact-open-set-id-v2,1788240695385348616,127,127,2049,16464,98c5220f569d42f09926abc266418c6ab989efe66d00d385c6ad455a726c34ab,5.066,,False,,0,,6aaca8121c3e5a1c4b9f9d6cab29e32a58f3ab563f39dd26bd4586263b6685a6,8902.731,8901.8,4273,exact-open-set-id-v2,1788240716924159096,127,127,2049,16464,b9d42f03f34a8b2cecf611f3ded48299bc69b5a66093ba1f1f6c8fb3fbdd60a4,5.303,,False,,0,,True,True,True,False,-1869.5,0.8264369203345928,0.17356307966540718,-1870.579,0.8263691474579308
72,extension,3,32092035,warmup,False,0,265,1236,tuning_impostor,0,A33_A29,2,17,1012,1,True,17,18,69e2ed1f0e5bc65ca7205dffd093679d61db0bae33cb69fc2a75a03e7e0b8cd0,32840,3aeb841bf76ad2706171583992d63bcd0ad33df4ebe1faab79fd84ec1b1ab37a,6.667,0.46,3aeb841bf76ad2706171583992d63bcd0ad33df4ebe1faab79fd84ec1b1ab37a,11300.981,11300.1,4965,exact-open-set-id-v2,1788477394543114880,127,127,2049,16464,f65152f0e739ad495c5674b88fac03c183c8c3387f97e8666c20a168ca5eee40,5.625,,True,17,18,digiface-17-1012,3aeb841bf76ad2706171583992d63bcd0ad33df4ebe1faab79fd84ec1b1ab37a,9708.746,9708.3,4273,exact-open-set-id-v2,1788477205498139856,127,127,2049,16464,b39721224a2e69c3af06bc0797cdf14039ccfbdacb6d46200515025b8c4aa31a,5.05,,True,17,18,digiface-17-1012,True,True,True,False,-1591.8,0.8591339899646905,0.14086601003530952,-1592.235,0.8591064793401564
73,extension,3,32092035,warmup,False,1,758,1680,primary_test_impostor,0,A29_A33,3,45,1038,1,True,45,46,1e7c9591e8ccd881198225f3dd1ca571b3cc88654f52c21ff2aec0b63e84e117,32840,8ee07c22f6fbec462c9f2280e2397706d05fa89ab6e7c9d2a77f3ec4aee37435,5.654,0.62,8ee07c22f6fbec462c9f2280e2397706d05fa89ab6e7c9d2a77f3ec4aee37435,10933.87,10933.1,4965,exact-open-set-id-v2,1788477394543114880,127,127,2049,16464,7d33efe88ce976cb7b7001c1cf0d125dba1e88bf3c5f2e4428c8271b21b7b97c,4.94,,True,45,46,digiface-45-1038,8ee07c22f6fbec462c9f2280e2397706d05fa89ab6e7c9d2a77f3ec4aee37435,8839.709,8839.0,4273,exact-open-set-id-v2,1788477205498139856,127,127,2049,16464,0a371420db133d3f567897e087443522d163bd6301fb1d3735971745cedc6d82,4.449,,True,45,46,digiface-45-1038,True,True,True,False,-2094.1,0.8084623757214331,0.1915376242785669,-2094.161,0.8084702854524519
74,extension,3,32092035,warmup,False,2,211,1188,tuning_impostor,0,A33_A29,4,92,1080,1,True,92,93,e88524fbe5a2eb68f8ceeb77aacc14b6788fbc428b2e3445702f6e613663a082,32840,6359f1d8cde9753381736ac53a06b6dd349986d50131f9985e5fd23834bba3cf,5.908,0.46,6359f1d8cde9753381736ac53a06b6dd349986d50131f9985e5fd23834bba3cf,17287.542,17286.3,4965,exact-open-set-id-v2,1788477394543114880,127,127,2049,16464,fb6b340343ad508d2b0aaa14670be70a8dbfdd5443576babf991f76c5b5b4858,4.522,,True,92,93,digiface-92-1080,6359f1d8cde9753381736ac53a06b6dd349986d50131f9985e5fd23834bba3cf,8751.887,8751.3,4273,exact-open-set-id-v2,1788477205498139856,127,127,2049,16464,77a531c868c55f975481aa8bd8f928a38370f04f97c22b386ba6273c3b793ceb,4.448,,True,92,93,digiface-92-1080,True,True,True,False,-8535.0,0.5062563995765432,0.4937436004234568,-8535.655,0.5062539833598091
75,extension,3,32092035,warmup,False,3,1943,948,extended_holdout_non_tuning_impostor,0,A29_A33,5,82,1071,0,False,,0,add2ff51ca22b6e67272dea2a67a95ad527c0ad02a1ab15b9abea8f3a286c8a5,32840,4ca97bbf925bfad5596f0c357ba8fe6b908fc961884fb1b5e214409d0f78ed8a,5.577,0.41,4ca97bbf925bfad5596f0c357ba8fe6b908fc961884fb1b5e214409d0f78ed8a,11646.498,11645.4,4965,exact-open-set-id-v2,1788477394543114880,127,127,2049,16464,4d14d7c350b4f040559c5231e945b860795ee00af56ad46d16fdf94770baa406,4.608,,False,,0,,4ca97bbf925bfad5596f0c357ba8fe6b908fc961884fb1b5e214409d0f78ed8a,11464.334,11463.2,4273,exact-open-set-id-v2,1788477205498139856,127,127,2049,16464,83deb8f01ebc1a9e54d3f43415b8e78007affcf3a90d6cbc57baa5b16389c87c,5.491,,False,,0,,True,True,True,False,-182.2,0.9843543373349134,0.0156456626650866,-182.164,0.9843589034231579
76,extension,3,32092035,measured,True,0,407,1364,tuning_impostor,3,A33_A29,7,81,1070,0,False,,0,31fba9477eb761f1177784dc65a9e1e7f00a6c87003afb8d4b505518110addf5,32840,a869cbfd4f515ac330f61a40ed8156f09edc1b54eabc2a636e1bb9c3e0aa2464,5.759,0.46,a869cbfd4f515ac330f61a40ed8156f09edc1b54eabc2a636e1bb9c3e0aa2464,14795.28,14793.3,4965,exact-open-set-id-v2,1788477394543114880,127,127,2049,16464,d08e3898bbd8a65a374607aef41d5550bc026203e6d8f8625439615ed7965f60,5.156,,False,,0,,a869cbfd4f515ac330f61a40ed8156f09edc1b54eabc2a636e1bb9c3e0aa2464,10361.992,10360.9,4273,exact-open-set-id-v2,1788477205498139856,127,127,2049,16464,5c4667907192ee4fc41f2390eac57839f461abfa19ac6f8d3d8c3ab43ce7c1f6,4.17,,False,,0,,True,True,True,False,-4432.4,0.7003778737671784,0.2996221262328216,-4433.288,0.7003579519955012
77,extension,3,32092035,measured,True,1,265,1236,tuning_impostor,2,A33_A29,2,17,1012,1,True,17,18,69e2ed1f0e5bc65ca7205dffd093679d61db0bae33cb69fc2a75a03e7e0b8cd0,32840,37cd8cb7a8f140cfeb247ff754bebb1a243987c0c0fa130aee765212c979f574,5.525,0.46,37cd8cb7a8f140cfeb247ff754bebb1a243987c0c0fa130aee765212c979f574,13412.374,13410.7,4965,exact-open-set-id-v2,1788477394543114880,127,127,2049,16464,c31c5d18ac0c3ee7a4223d60f82f99f4da771f5bbb3f1ac285f273c42c8f5378,5.019,,True,17,18,digiface-17-1012,37cd8cb7a8f140cfeb247ff754bebb1a243987c0c0fa130aee765212c979f574,12076.509,12074.9,4273,exact-open-set-id-v2,1788477205498139856,127,127,2049,16464,c234b3dba146f39c4d51cecaf180cbe896bdcd0c8964a3b789ad90988ba5e193,4.618,,True,17,18,digiface-17-1012,True,True,True,False,-1335.8,0.9003929697927774,0.09960703020722261,-1335.865,0.900400555487045
78,extension,3,32092035,measured,True,2,211,1188,tuning_impostor,2,A33_A29,4,92,1080,1,True,92,93,e88524fbe5a2eb68f8ceeb77aacc14b6788fbc428b2e3445702f6e613663a082,32840,860da445a21ee3bfb03cb019e98d3d5af1093cc9fe5df8c5a51e2a6cff7931c8,6.429,0.44,860da445a21ee3bfb03cb019e98d3d5af1093cc9fe5df8c5a51e2a6cff7931c8,13012.526,13011.4,4965,exact-open-set-id-v2,1788477394543114880,127,127,2049,16464,af26fe003acfcdf8acac6edec1c2164df0e35a1e71265654e453a83576cb1979,5.539,,True,92,93,digiface-92-1080,860da445a21ee3bfb03cb019e98d3d5af1093cc9fe5df8c5a51e2a6cff7931c8,9946.958,9945.8,4273,exact-open-set-id-v2,1788477205498139856,127,127,2049,16464,b0617e792cf7ec3908f0d3a7bb142410781c476ae382e4b09b29a6c333e97c57,4.887,,True,92,93,digiface-92-1080,True,True,True,False,-3065.6,0.7643912261555251,0.23560877384447487,-3065.568,0.7644140730247149
79,extension,3,32092035,measured,True,3,407,1364,tuning_impostor,2,A33_A29,7,81,1070,0,False,,0,31fba9477eb761f1177784dc65a9e1e7f00a6c87003afb8d4b505518110addf5,32840,483d863dfd9b439e3134210b810a5445169600fc711bac8114291ca36eb5b5cb,6.475,0.46,483d863dfd9b439e3134210b810a5445169600fc711bac8114291ca36eb5b5cb,10616.718,10615.5,4965,exact-open-set-id-v2,1788477394543114880,127,127,2049,16464,861e6d3205a2fcf960d368cd3dd5a532838f000e2ed315dfb5320a58137e8134,6.729,,False,,0,,483d863dfd9b439e3134210b810a5445169600fc711bac8114291ca36eb5b5cb,10716.686,10715.4,4273,exact-open-set-id-v2,1788477205498139856,127,127,2049,16464,59a29e1fdacefca731e003c7e8088a400187ed1254849f377a50ce2fcdbb1e4a,4.451,,False,,0,,True,True,True,False,99.9,1.0094107672742687,-0.009410767274268705,99.968,1.0094160926192066
80,extension,3,32092035,measured,True,4,758,1680,primary_test_impostor,0,A29_A33,3,45,1038,1,True,45,46,1e7c9591e8ccd881198225f3dd1ca571b3cc88654f52c21ff2aec0b63e84e117,32840,5567f3203e49c2e3e2f1012790d78338d1c682b33f299ba8bef8fa8a8b777ff2,5.701,0.6,5567f3203e49c2e3e2f1012790d78338d1c682b33f299ba8bef8fa8a8b777ff2,10467.723,10466.8,4965,exact-open-set-id-v2,1788477394543114880,127,127,2049,16464,2c3f92da9b42b844607540825167f64470f71057622053b5b21148b80e8a24dc,5.79,,True,45,46,digiface-45-1038,5567f3203e49c2e3e2f1012790d78338d1c682b33f299ba8bef8fa8a8b777ff2,10051.169,10050.4,4273,exact-open-set-id-v2,1788477205498139856,127,127,2049,16464,d3dfdd3e46c4925919350a0c7d3e243d00e88d60e3262cc38bf5e136da9dc84b,5.58,,True,45,46,digiface-45-1038,True,True,True,False,-416.4,0.9602170672985058,0.039782932701494245,-416.554,0.9602058632999746
81,extension,3,32092035,measured,True,5,758,1680,primary_test_impostor,1,A29_A33,3,45,1038,1,True,45,46,1e7c9591e8ccd881198225f3dd1ca571b3cc88654f52c21ff2aec0b63e84e117,32840,1b2aa915eed23b5e6b0df7a001a18e3b22f0c08462a1280d7959834f6fe49d94,6.292,0.52,1b2aa915eed23b5e6b0df7a001a18e3b22f0c08462a1280d7959834f6fe49d94,12518.911,12518.0,4965,exact-open-set-id-v2,1788477394543114880,127,127,2049,16464,06252ea01b43ea1f7065bd4e8e26fc3ba85a9806ca0852ce520f12fbdff9cfff,5.054,,True,45,46,digiface-45-1038,1b2aa915eed23b5e6b0df7a001a18e3b22f0c08462a1280d7959834f6fe49d94,8429.426,8428.7,4273,exact-open-set-id-v2,1788477205498139856,127,127,2049,16464,939a789593b42aa7e2d59d204d8e6bfb2307dd3d633fa4809a3b7bfce29be35e,4.319,,True,45,46,digiface-45-1038,True,True,True,False,-4089.3,0.6733264099696438,0.32667359003035623,-4089.485,0.6733354043334919
82,extension,3,32092035,measured,True,6,211,1188,tuning_impostor,3,A29_A33,4,92,1080,1,True,92,93,e88524fbe5a2eb68f8ceeb77aacc14b6788fbc428b2e3445702f6e613663a082,32840,de247a12722a61a49b0c2e509bd0bcadedc3a843d88339811cc9cf7935231fd2,5.516,0.44,de247a12722a61a49b0c2e509bd0bcadedc3a843d88339811cc9cf7935231fd2,11157.15,11154.9,4965,exact-open-set-id-v2,1788477394543114880,127,127,2049,16464,f44d489d467848eec4111f38b591c60ff3a4609700995b7bc4387faccaf93584,4.56,,True,92,93,digiface-92-1080,de247a12722a61a49b0c2e509bd0bcadedc3a843d88339811cc9cf7935231fd2,9365.799,9364.5,4273,exact-open-set-id-v2,1788477205498139856,127,127,2049,16464,6801c10e37a7320a436c48ad9af7f77a5b73754c0aaf91d18c5b8f7cc7c18dfa,5.241,,True,92,93,digiface-92-1080,True,True,True,False,-1790.4,0.8394965441196246,0.1605034558803754,-1791.351,0.8394436751320903
83,extension,3,32092035,measured,True,7,211,1188,tuning_impostor,0,A33_A29,4,92,1080,1,True,92,93,e88524fbe5a2eb68f8ceeb77aacc14b6788fbc428b2e3445702f6e613663a082,32840,9aa06adf61e44a5fdb3e108f608a437778cc4fd21630f842b6d5957c72a961ae,5.0,0.38,9aa06adf61e44a5fdb3e108f608a437778cc4fd21630f842b6d5957c72a961ae,11864.052,11862.6,4965,exact-open-set-id-v2,1788477394543114880,127,127,2049,16464,c9a6868cdda5b873503f748e4ffef5aea60a8895c8d01de1e03098b9c9f83e36,4.516,,True,92,93,digiface-92-1080,9aa06adf61e44a5fdb3e108f608a437778cc4fd21630f842b6d5957c72a961ae,9444.876,9443.6,4273,exact-open-set-id-v2,1788477205498139856,127,127,2049,16464,bd410f041b9497afb6ab6f5708ddf612137399ff810f9dc3e535ac879b1e12bc,4.898,,True,92,93,digiface-92-1080,True,True,True,False,-2419.0,0.7960818033146191,0.20391819668538091,-2419.176,0.7960919254231186
84,extension,3,32092035,measured,True,8,265,1236,tuning_impostor,1,A33_A29,2,17,1012,1,True,17,18,69e2ed1f0e5bc65ca7205dffd093679d61db0bae33cb69fc2a75a03e7e0b8cd0,32840,0eeaa891d1ccd6d2802f07cd334a686f4a266db359601fed898d46e27e80e3dc,5.359,0.4,0eeaa891d1ccd6d2802f07cd334a686f4a266db359601fed898d46e27e80e3dc,10986.7,10985.6,4965,exact-open-set-id-v2,1788477394543114880,127,127,2049,16464,6d61b60e1d991a894b5c856137a16f7785813f29994d454ebac7e6f479ca1bd5,5.089,,True,17,18,digiface-17-1012,0eeaa891d1ccd6d2802f07cd334a686f4a266db359601fed898d46e27e80e3dc,10013.897,10012.5,4273,exact-open-set-id-v2,1788477205498139856,127,127,2049,16464,0ddef3fd0bc318879a0623402c9402144d38484ccd3f9226971303294d09779e,5.202,,True,17,18,digiface-17-1012,True,True,True,False,-973.1,0.9114204048936789,0.08857959510632107,-972.803,0.9114563062612068
85,extension,3,32092035,measured,True,9,1943,948,extended_holdout_non_tuning_impostor,1,A29_A33,5,82,1071,0,False,,0,add2ff51ca22b6e67272dea2a67a95ad527c0ad02a1ab15b9abea8f3a286c8a5,32840,1aa2b9ac99d821474327384a675511339d2a3b8b144d2f1690d2e48b9b0fecde,5.503,0.45,1aa2b9ac99d821474327384a675511339d2a3b8b144d2f1690d2e48b9b0fecde,10003.45,10002.2,4965,exact-open-set-id-v2,1788477394543114880,127,127,2049,16464,0009dc6799e0c67ad3db6de188917ee4e43d6a240fda0b0a03b437100dde9c56,4.744,,False,,0,,1aa2b9ac99d821474327384a675511339d2a3b8b144d2f1690d2e48b9b0fecde,8900.055,8899.0,4273,exact-open-set-id-v2,1788477205498139856,127,127,2049,16464,0eda60a94d7758a65c4f175a8301f9586dd8a8b55ef5f26cb3adfe8a81f178b4,5.111,,False,,0,,True,True,True,False,-1103.2,0.8897042650616863,0.11029573493831368,-1103.395,0.8896985539988703
86,extension,3,32092035,measured,True,10,265,1236,tuning_impostor,3,A29_A33,2,17,1012,1,True,17,18,69e2ed1f0e5bc65ca7205dffd093679d61db0bae33cb69fc2a75a03e7e0b8cd0,32840,38420eca88c8a95e30c9719e36a6298b24c8ccfc4479487b98c9f9c38732a48c,5.448,0.4,38420eca88c8a95e30c9719e36a6298b24c8ccfc4479487b98c9f9c38732a48c,9562.887,9561.5,4965,exact-open-set-id-v2,1788477394543114880,127,127,2049,16464,8969da2571cb8659ca7451c50d83c12ba6350c841ed0a306f38633adec4b2ead,4.236,,True,17,18,digiface-17-1012,38420eca88c8a95e30c9719e36a6298b24c8ccfc4479487b98c9f9c38732a48c,7926.88,7925.6,4273,exact-open-set-id-v2,1788477205498139856,127,127,2049,16464,1e30896845c1975352e2ac5bf27a499dd84a231bec98290de7d3ce5fbe4ad69e,4.856,,True,17,18,digiface-17-1012,True,True,True,False,-1635.9,0.8289075981802019,0.17109240181979812,-1636.007,0.8289212243122814
87,extension,3,32092035,measured,True,11,265,1236,tuning_impostor,0,A29_A33,2,17,1012,1,True,17,18,69e2ed1f0e5bc65ca7205dffd093679d61db0bae33cb69fc2a75a03e7e0b8cd0,32840,4fdf2a17575a62bee701153bc543ece4ee08afdc63dc199fece0f9e0a9c7b6ec,5.87,0.48,4fdf2a17575a62bee701153bc543ece4ee08afdc63dc199fece0f9e0a9c7b6ec,9280.816,9279.8,4965,exact-open-set-id-v2,1788477394543114880,127,127,2049,16464,02aad069becfc7dfa995d00e080924f256475d2a28578b3e199c930d44b64de5,4.948,,True,17,18,digiface-17-1012,4fdf2a17575a62bee701153bc543ece4ee08afdc63dc199fece0f9e0a9c7b6ec,7671.583,7670.5,4273,exact-open-set-id-v2,1788477205498139856,127,127,2049,16464,d44476b8547016ea4fe973c117c04a76c451ae60e9ee2d6c972fb49492a89026,5.234,,True,17,18,digiface-17-1012,True,True,True,False,-1609.3,0.8265803142309102,0.17341968576908984,-1609.233,0.8266065182199496
88,extension,3,32092035,measured,True,12,211,1188,tuning_impostor,1,A29_A33,4,92,1080,1,True,92,93,e88524fbe5a2eb68f8ceeb77aacc14b6788fbc428b2e3445702f6e613663a082,32840,cc21fccfb7cb135c221bde83cb7d0871738598c4dbf5627fc622bbfb5d0c24af,6.145,0.45,cc21fccfb7cb135c221bde83cb7d0871738598c4dbf5627fc622bbfb5d0c24af,12108.154,12106.3,4965,exact-open-set-id-v2,1788477394543114880,127,127,2049,16464,616ac78ebf922b1f044e386fed70a56a85751b4e5eaa78c74ddcdb7005e0b9f7,4.907,,True,92,93,digiface-92-1080,cc21fccfb7cb135c221bde83cb7d0871738598c4dbf5627fc622bbfb5d0c24af,12935.718,12933.9,4273,exact-open-set-id-v2,1788477205498139856,127,127,2049,16464,8ca6d64782edc07b8869fb7ce394e74f6ac18ce8a4e4e78cc66aa491e2122f2a,5.79,,True,92,93,digiface-92-1080,True,True,True,False,827.6,1.0683611012448064,-0.06836110124480643,827.564,1.0683476605930187
89,extension,3,32092035,measured,True,13,407,1364,tuning_impostor,0,A29_A33,7,81,1070,0,False,,0,31fba9477eb761f1177784dc65a9e1e7f00a6c87003afb8d4b505518110addf5,32840,6a49963f3883e39ab24755eb94c9956d9aa1143a67d3d07fd780cad53a3f34da,5.467,0.39,6a49963f3883e39ab24755eb94c9956d9aa1143a67d3d07fd780cad53a3f34da,12075.825,12074.4,4965,exact-open-set-id-v2,1788477394543114880,127,127,2049,16464,015eeb8a5ddcf343580d4d2cddaf3a4b3eb015696ec860f021899649acd293b3,5.09,,False,,0,,6a49963f3883e39ab24755eb94c9956d9aa1143a67d3d07fd780cad53a3f34da,9902.031,9900.1,4273,exact-open-set-id-v2,1788477205498139856,127,127,2049,16464,1e97dda86462fcaa42a50a76ff2f41f7e7aaf880fcdf900c97d06b4b981e0894,4.654,,False,,0,,True,True,True,False,-2174.3,0.8199247995759624,0.18007520042403757,-2173.794,0.8199879511337735
90,extension,3,32092035,measured,True,14,1943,948,extended_holdout_non_tuning_impostor,0,A33_A29,5,82,1071,0,False,,0,add2ff51ca22b6e67272dea2a67a95ad527c0ad02a1ab15b9abea8f3a286c8a5,32840,54754ce156429a4b607e9a8e77297000b486055bc3b3f500975704bede2b081a,5.492,0.42,54754ce156429a4b607e9a8e77297000b486055bc3b3f500975704bede2b081a,11075.89,11074.4,4965,exact-open-set-id-v2,1788477394543114880,127,127,2049,16464,ed301fe8546bcb7e1844dc38b48dcbee2a836480ea5964cc7f5e3395b5a67b91,4.777,,False,,0,,54754ce156429a4b607e9a8e77297000b486055bc3b3f500975704bede2b081a,9326.704,9324.8,4273,exact-open-set-id-v2,1788477205498139856,127,127,2049,16464,c590ef60f41da9d8d20373cb08e4416653dfe15e13aec810fd73ea6526a55893,4.579,,False,,0,,True,True,True,False,-1749.6,0.842014014303258,0.15798598569674205,-1749.186,0.8420726460808116
91,extension,3,32092035,measured,True,15,407,1364,tuning_impostor,1,A29_A33,7,81,1070,0,False,,0,31fba9477eb761f1177784dc65a9e1e7f00a6c87003afb8d4b505518110addf5,32840,d0155f73781a4c28b828b2d273d3e8eb723f0e65ba6445e366f33714793719d9,5.222,0.4,d0155f73781a4c28b828b2d273d3e8eb723f0e65ba6445e366f33714793719d9,10868.726,10867.4,4965,exact-open-set-id-v2,1788477394543114880,127,127,2049,16464,fac9b8140122688bf9e3c1e89e509a6b305fa42e845cfc1b72cad55ed6c5eee3,4.694,,False,,0,,d0155f73781a4c28b828b2d273d3e8eb723f0e65ba6445e366f33714793719d9,9233.801,9232.6,4273,exact-open-set-id-v2,1788477205498139856,127,127,2049,16464,cf0a6ac2db1891da6b51adc164ad0a4b60fd778015365fbcec3b15004c606900,5.499,,False,,0,,True,True,True,False,-1634.8,0.8495684340320593,0.15043156596794072,-1634.925,0.849575286008682
92,extension,3,32092035,measured,True,16,1943,948,extended_holdout_non_tuning_impostor,3,A29_A33,5,82,1071,0,False,,0,add2ff51ca22b6e67272dea2a67a95ad527c0ad02a1ab15b9abea8f3a286c8a5,32840,54f425cc62fb60dc3f6c79ca3fe2e1d8ceb6efae62301d27eefaddb251d3a9f9,5.74,0.44,54f425cc62fb60dc3f6c79ca3fe2e1d8ceb6efae62301d27eefaddb251d3a9f9,9574.885,9573.8,4965,exact-open-set-id-v2,1788477394543114880,127,127,2049,16464,c2f7a317dd0a48a1c659289a697aabe5503aee5d1736db8ee2d7c8677ef5ee27,5.572,,False,,0,,54f425cc62fb60dc3f6c79ca3fe2e1d8ceb6efae62301d27eefaddb251d3a9f9,8113.631,8112.5,4273,exact-open-set-id-v2,1788477205498139856,127,127,2049,16464,b83baf978184cba0e71d18d2f421befaab267e5955aea8f6e538417778f9219b,4.917,,False,,0,,True,True,True,False,-1461.3,0.8473646827800874,0.15263531721991264,-1461.254,0.8473867832355166
93,extension,3,32092035,measured,True,17,758,1680,primary_test_impostor,2,A33_A29,3,45,1038,1,True,45,46,1e7c9591e8ccd881198225f3dd1ca571b3cc88654f52c21ff2aec0b63e84e117,32840,44bf9251405c4b430ba80e71a5680bd27c7fd4d78e0382af91941bfb231b39c8,5.303,0.4,44bf9251405c4b430ba80e71a5680bd27c7fd4d78e0382af91941bfb231b39c8,14597.523,14596.1,4965,exact-open-set-id-v2,1788477394543114880,127,127,2049,16464,5a514fe2816c69be7ffdc4f41351dd73408803304c7ca0f5d80d7ab986bd354b,5.787,,True,45,46,digiface-45-1038,44bf9251405c4b430ba80e71a5680bd27c7fd4d78e0382af91941bfb231b39c8,11501.681,11499.6,4273,exact-open-set-id-v2,1788477205498139856,127,127,2049,16464,3001f2001929c48d9c010176f51f5f57e5e027d88e32fa5d26725bf6daa81f1b,5.038,,True,45,46,digiface-45-1038,True,True,True,False,-3096.5,0.7878542898445475,0.21214571015545247,-3095.842,0.7879200464352755
94,extension,3,32092035,measured,True,18,1943,948,extended_holdout_non_tuning_impostor,2,A33_A29,5,82,1071,0,False,,0,add2ff51ca22b6e67272dea2a67a95ad527c0ad02a1ab15b9abea8f3a286c8a5,32840,ce51b34c6390c08f92bfbe0eef3aeb71f6df294e9b6c02c54529750809f6c500,5.304,0.44,ce51b34c6390c08f92bfbe0eef3aeb71f6df294e9b6c02c54529750809f6c500,12136.759,12131.5,4965,exact-open-set-id-v2,1788477394543114880,127,127,2049,16464,c35b026c836fab69054a20a72bf8b42c281721d16a51f03090e574b29b53d3a4,5.754,,False,,0,,ce51b34c6390c08f92bfbe0eef3aeb71f6df294e9b6c02c54529750809f6c500,9279.508,9278.2,4273,exact-open-set-id-v2,1788477205498139856,127,127,2049,16464,6b9ffb97d71c2a8c982a0674d5651740444e2b68598b4f3e55049113bd7a9322,5.174,,False,,0,,True,True,True,False,-2853.3,0.7648023739850802,0.23519762601491978,-2857.251,0.7645787479177926
95,extension,3,32092035,measured,True,19,758,1680,primary_test_impostor,3,A33_A29,3,45,1038,1,True,45,46,1e7c9591e8ccd881198225f3dd1ca571b3cc88654f52c21ff2aec0b63e84e117,32840,22e7d4469df03b0494adba5fbfba37b9f84e88695221381ddcae2cdfd830c95c,6.189,0.53,22e7d4469df03b0494adba5fbfba37b9f84e88695221381ddcae2cdfd830c95c,11463.504,11462.5,4965,exact-open-set-id-v2,1788477394543114880,127,127,2049,16464,86c7ca76f7a7016a4a3a64fdcbb2eb26e387f145dfc7095c4391c4dcef9e8f3a,5.097,,True,45,46,digiface-45-1038,22e7d4469df03b0494adba5fbfba37b9f84e88695221381ddcae2cdfd830c95c,10034.89,10033.8,4273,exact-open-set-id-v2,1788477205498139856,127,127,2049,16464,f76b77d7f62785337894c4b011bd42e7a3f182c88f7df6145212480a9f5c1c3a,4.453,,True,45,46,digiface-45-1038,True,True,True,False,-1428.7,0.8753587786259541,0.12464122137404587,-1428.614,0.8753771970594679
96,extension,4,33092038,warmup,False,0,265,1236,tuning_impostor,0,A29_A33,2,17,1012,1,True,17,18,69e2ed1f0e5bc65ca7205dffd093679d61db0bae33cb69fc2a75a03e7e0b8cd0,32840,fefc7e6d3a706e2f5c7101868de013fc0d290a81515ab95055dfa6fa7304fd6c,6.767,0.78,fefc7e6d3a706e2f5c7101868de013fc0d290a81515ab95055dfa6fa7304fd6c,13059.457,13058.8,4965,exact-open-set-id-v2,1788216835236764928,127,127,2049,16464,ea0f596dd3c86be529e98fa77a6f67a44f146d458272da6c377bc0e06c5415f6,4.857,,True,17,18,digiface-17-1012,fefc7e6d3a706e2f5c7101868de013fc0d290a81515ab95055dfa6fa7304fd6c,10506.878,10504.5,4273,exact-open-set-id-v2,1788216822417395040,127,127,2049,16464,91a1ed1173033fad451f96601a6996e886e35f28f4be518a13f889b27aa55d55,4.347,,True,17,18,digiface-17-1012,True,True,True,False,-2554.3,0.8044000980181947,0.19559990198180532,-2552.579,0.8045417202261932
97,extension,4,33092038,warmup,False,1,758,1680,primary_test_impostor,0,A33_A29,3,45,1038,1,True,45,46,1e7c9591e8ccd881198225f3dd1ca571b3cc88654f52c21ff2aec0b63e84e117,32840,7dcc0558930eb66e7ca7d62e5e89725f59793fb024800e47f4ae1f9856d32c99,7.119,0.46,7dcc0558930eb66e7ca7d62e5e89725f59793fb024800e47f4ae1f9856d32c99,11075.189,11074.3,4965,exact-open-set-id-v2,1788216835236764928,127,127,2049,16464,940256a726ee8ee17b20e190198cf47d640f7db1d6c2207db0c125a4715dfec0,6.119,,True,45,46,digiface-45-1038,7dcc0558930eb66e7ca7d62e5e89725f59793fb024800e47f4ae1f9856d32c99,8770.557,8769.6,4273,exact-open-set-id-v2,1788216822417395040,127,127,2049,16464,260c7430956eb9178ebc2d95e215625be7f8847db79ff7acefb8ee38e675232e,5.17,,True,45,46,digiface-45-1038,True,True,True,False,-2304.7,0.791887523364908,0.20811247663509203,-2304.632,0.7919103683016154
98,extension,4,33092038,warmup,False,2,211,1188,tuning_impostor,0,A29_A33,4,92,1080,1,True,92,93,e88524fbe5a2eb68f8ceeb77aacc14b6788fbc428b2e3445702f6e613663a082,32840,5e94254f3b3228672a61f4d625f8f35c6faaeb66e52a9d385bfbed4e12f12db9,5.728,0.46,5e94254f3b3228672a61f4d625f8f35c6faaeb66e52a9d385bfbed4e12f12db9,11412.783,11411.7,4965,exact-open-set-id-v2,1788216835236764928,127,127,2049,16464,0793c1241bbfc8ec89de3de05cdd5b159a65d31fa9b356fd4fb5415e72cbca7e,5.273,,True,92,93,digiface-92-1080,5e94254f3b3228672a61f4d625f8f35c6faaeb66e52a9d385bfbed4e12f12db9,8997.168,8996.0,4273,exact-open-set-id-v2,1788216822417395040,127,127,2049,16464,27dbbf6fb17369828643da4bca3760e5c524c0ebdae8589e07c706f0f9b5a1cb,6.248,,True,92,93,digiface-92-1080,True,True,True,False,-2415.7,0.788313748170737,0.21168625182926304,-2415.615,0.7883412836290675
99,extension,4,33092038,warmup,False,3,1943,948,extended_holdout_non_tuning_impostor,0,A33_A29,5,82,1071,0,False,,0,add2ff51ca22b6e67272dea2a67a95ad527c0ad02a1ab15b9abea8f3a286c8a5,32840,bdabf1629d54827bd5169ff8e924c74d828e95c20fd20e2fcdd226748ab9be14,6.053,0.5,bdabf1629d54827bd5169ff8e924c74d828e95c20fd20e2fcdd226748ab9be14,16879.942,16878.3,4965,exact-open-set-id-v2,1788216835236764928,127,127,2049,16464,784533c8df7cce92bc8ec907efa944b2a584047686699a66eb1856d1dc9a6051,5.299,,False,,0,,bdabf1629d54827bd5169ff8e924c74d828e95c20fd20e2fcdd226748ab9be14,11628.602,11627.3,4273,exact-open-set-id-v2,1788216822417395040,127,127,2049,16464,32b172d1b3b6b7c04bf678bb4325121b907de44be9cee480977daa13d502fd8c,5.143,,False,,0,,True,True,True,False,-5251.0,0.6888904688268368,0.3111095311731632,-5251.34,0.6889005898243016
100,extension,4,33092038,measured,True,0,1943,948,extended_holdout_non_tuning_impostor,2,A29_A33,5,82,1071,0,False,,0,add2ff51ca22b6e67272dea2a67a95ad527c0ad02a1ab15b9abea8f3a286c8a5,32840,0c77d442ecba00d4fb1cd073f809d669845f503cc6ef2b8541589fd17ba6aa29,6.855,0.46,0c77d442ecba00d4fb1cd073f809d669845f503cc6ef2b8541589fd17ba6aa29,14612.647,14611.3,4965,exact-open-set-id-v2,1788216835236764928,127,127,2049,16464,5e8c0203e9a5bac82d41b9d259b6feb8feff883d7bb1dbc0d00c943ce9604b94,4.681,,False,,0,,0c77d442ecba00d4fb1cd073f809d669845f503cc6ef2b8541589fd17ba6aa29,12423.76,12422.2,4273,exact-open-set-id-v2,1788216822417395040,127,127,2049,16464,864406511a23c635463f0f8ee1d9b5cde35f64c60038ce56edc319367d9972b4,4.936,,False,,0,,True,True,True,False,-2189.1,0.8501776022667389,0.14982239773326111,-2188.887,0.8502059893734516
101,extension,4,33092038,measured,True,1,1943,948,extended_holdout_non_tuning_impostor,1,A33_A29,5,82,1071,0,False,,0,add2ff51ca22b6e67272dea2a67a95ad527c0ad02a1ab15b9abea8f3a286c8a5,32840,fae0e47d462271cc4d394c992fef46fcc2b2b1d91a75a386b16b235a33b6f484,7.645,0.52,fae0e47d462271cc4d394c992fef46fcc2b2b1d91a75a386b16b235a33b6f484,12139.118,12137.5,4965,exact-open-set-id-v2,1788216835236764928,127,127,2049,16464,29f30c3c2aca8f20f4dd45cd6339f76e980c3c940ae449204d0843ca023afbc4,4.702,,False,,0,,fae0e47d462271cc4d394c992fef46fcc2b2b1d91a75a386b16b235a33b6f484,9973.341,9971.7,4273,exact-open-set-id-v2,1788216822417395040,127,127,2049,16464,22e1064d716d6b3a32ca89ee0af263ae75f565e8f85052f92736593272f94be9,4.464,,False,,0,,True,True,True,False,-2165.8,0.8215612770339856,0.17843872296601437,-2165.777,0.8215869554938011
102,extension,4,33092038,measured,True,2,265,1236,tuning_impostor,2,A33_A29,2,17,1012,1,True,17,18,69e2ed1f0e5bc65ca7205dffd093679d61db0bae33cb69fc2a75a03e7e0b8cd0,32840,2a9e88d1c8b277a3c2cc6451063923eaa76c3a794094456881477086c4d705fe,7.142,0.56,2a9e88d1c8b277a3c2cc6451063923eaa76c3a794094456881477086c4d705fe,10097.731,10096.9,4965,exact-open-set-id-v2,1788216835236764928,127,127,2049,16464,090e7ab4969a7b23454cd165a9d0705d430a724e2a1470379ee5039db0d2b360,5.073,,True,17,18,digiface-17-1012,2a9e88d1c8b277a3c2cc6451063923eaa76c3a794094456881477086c4d705fe,8584.935,8584.0,4273,exact-open-set-id-v2,1788216822417395040,127,127,2049,16464,4fd4e964bb79937711ab4c0db220146e8f774396886c96bdeeb061f3e8c8fe70,4.603,,True,17,18,digiface-17-1012,True,True,True,False,-1512.9,0.8501619308896791,0.14983806911032094,-1512.796,0.8501845612643077
103,extension,4,33092038,measured,True,3,407,1364,tuning_impostor,0,A33_A29,7,81,1070,0,False,,0,31fba9477eb761f1177784dc65a9e1e7f00a6c87003afb8d4b505518110addf5,32840,477cf159deb19b8d6cbad5397a135fd10d673b83691d39f61de3ef7a539f6c98,7.254,0.47,477cf159deb19b8d6cbad5397a135fd10d673b83691d39f61de3ef7a539f6c98,9961.698,9960.8,4965,exact-open-set-id-v2,1788216835236764928,127,127,2049,16464,ce06bdb69d84645643f7914871ab89d92c737b40aaeb8e8a96cfef899d784f1e,5.287,,False,,0,,477cf159deb19b8d6cbad5397a135fd10d673b83691d39f61de3ef7a539f6c98,8489.194,8488.2,4273,exact-open-set-id-v2,1788216822417395040,127,127,2049,16464,1a04415376fd4021ddd85f9284dfeea10076a1991f7fb4cbc084298002366669,4.745,,False,,0,,True,True,True,False,-1472.6,0.8521604690386315,0.14783953096136848,-1472.504,0.8521834329850192
104,extension,4,33092038,measured,True,4,265,1236,tuning_impostor,0,A33_A29,2,17,1012,1,True,17,18,69e2ed1f0e5bc65ca7205dffd093679d61db0bae33cb69fc2a75a03e7e0b8cd0,32840,90fbc8003395acdd4935c2d05aaedd8fc44a746b13fbbc8a3ebbe896493a5458,6.127,0.46,90fbc8003395acdd4935c2d05aaedd8fc44a746b13fbbc8a3ebbe896493a5458,10877.698,10877.0,4965,exact-open-set-id-v2,1788216835236764928,127,127,2049,16464,7d1dba80482db37423637d3865500c3f4aa91ae85e6a42888274dd4d90e5377f,5.3,,True,17,18,digiface-17-1012,90fbc8003395acdd4935c2d05aaedd8fc44a746b13fbbc8a3ebbe896493a5458,8397.037,8396.2,4273,exact-open-set-id-v2,1788216822417395040,127,127,2049,16464,1d490c6010bca55986a6f001661d89ef81bf436a5a020a58af24a829a1680052,5.134,,True,17,18,digiface-17-1012,True,True,True,False,-2480.8,0.7719224050749288,0.22807759492507118,-2480.661,0.771949818794381
105,extension,4,33092038,measured,True,5,758,1680,primary_test_impostor,1,A29_A33,3,45,1038,1,True,45,46,1e7c9591e8ccd881198225f3dd1ca571b3cc88654f52c21ff2aec0b63e84e117,32840,15a12488f7d41041b9b68d9a4453d7a6b3264166c2048e15bd03c7169658fa03,6.843,0.44,15a12488f7d41041b9b68d9a4453d7a6b3264166c2048e15bd03c7169658fa03,10101.945,10101.2,4965,exact-open-set-id-v2,1788216835236764928,127,127,2049,16464,8292f32025a0980aca48f677ad6a59c3de51a69009d3824f87d53e71396cea65,5.017,,True,45,46,digiface-45-1038,15a12488f7d41041b9b68d9a4453d7a6b3264166c2048e15bd03c7169658fa03,12117.078,12112.6,4273,exact-open-set-id-v2,1788216822417395040,127,127,2049,16464,ce1ddef181db0e55405c300d5febe548f90a59ec8cc6bc841b5485d876e26298,5.152,,True,45,46,digiface-45-1038,True,True,True,False,2011.4,1.1991248564526986,-0.19912485645269862,2015.133,1.199479704155982
106,extension,4,33092038,measured,True,6,265,1236,tuning_impostor,1,A29_A33,2,17,1012,1,True,17,18,69e2ed1f0e5bc65ca7205dffd093679d61db0bae33cb69fc2a75a03e7e0b8cd0,32840,de17aa4e25b70bda5976dbec35c6819950a32952ff4500924e0ddd599d0eadea,5.6,0.41,de17aa4e25b70bda5976dbec35c6819950a32952ff4500924e0ddd599d0eadea,11614.697,11613.4,4965,exact-open-set-id-v2,1788216835236764928,127,127,2049,16464,a941a52111eb4d205eca9393fd45248230e1a77da16c8babca1ca33f6e50a384,4.834,,True,17,18,digiface-17-1012,de17aa4e25b70bda5976dbec35c6819950a32952ff4500924e0ddd599d0eadea,13302.137,13300.5,4273,exact-open-set-id-v2,1788216822417395040,127,127,2049,16464,aa19e984a3a902d35e7bdb282f62e5434cffce79b28d1ef01de786ce500bafbd,5.566,,True,17,18,digiface-17-1012,True,True,True,False,1687.1,1.1452718411490175,-0.14527184114901748,1687.44,1.1452848920639085
107,extension,4,33092038,measured,True,7,758,1680,primary_test_impostor,0,A29_A33,3,45,1038,1,True,45,46,1e7c9591e8ccd881198225f3dd1ca571b3cc88654f52c21ff2aec0b63e84e117,32840,b4371858fe149b8e395310fd2beae349f24c852b7d7456bb03626d81dfe585b6,5.971,0.41,b4371858fe149b8e395310fd2beae349f24c852b7d7456bb03626d81dfe585b6,16356.224,16354.8,4965,exact-open-set-id-v2,1788216835236764928,127,127,2049,16464,69efa01e70e3b0fb6868a3aca7f728a8a5b5359f25740b06136146e545a6ff50,5.151,,True,45,46,digiface-45-1038,b4371858fe149b8e395310fd2beae349f24c852b7d7456bb03626d81dfe585b6,11642.708,11641.2,4273,exact-open-set-id-v2,1788216822417395040,127,127,2049,16464,74ca76ea7d6398733eb0d5e07fe942f56c6a1ad12d13d49aca1a42cbfd08ec89,5.638,,True,45,46,digiface-45-1038,True,True,True,False,-4713.6,0.7117910338249323,0.28820896617506775,-4713.516,0.7118212614354023
108,extension,4,33092038,measured,True,8,407,1364,tuning_impostor,1,A29_A33,7,81,1070,0,False,,0,31fba9477eb761f1177784dc65a9e1e7f00a6c87003afb8d4b505518110addf5,32840,e4d65a7b5d5c01d3a8d58969b094eff659213208554acaac16f5cac613bf49a9,6.065,0.42,e4d65a7b5d5c01d3a8d58969b094eff659213208554acaac16f5cac613bf49a9,13635.303,13633.6,4965,exact-open-set-id-v2,1788216835236764928,127,127,2049,16464,7d2eee2a74f264be0e67f94347c0a5de0a6acd5a8521eea737ea4a7a696de4e1,5.226,,False,,0,,e4d65a7b5d5c01d3a8d58969b094eff659213208554acaac16f5cac613bf49a9,11139.215,11137.8,4273,exact-open-set-id-v2,1788216822417395040,127,127,2049,16464,908b2bde588100069bdeb42effd82afe13a2b30ad15230d367a630a3d733c0d4,5.129,,False,,0,,True,True,True,False,-2495.8,0.8169375660133786,0.18306243398662136,-2496.088,0.816939308206059
109,extension,4,33092038,measured,True,9,211,1188,tuning_impostor,2,A33_A29,4,92,1080,1,True,92,93,e88524fbe5a2eb68f8ceeb77aacc14b6788fbc428b2e3445702f6e613663a082,32840,3747ca6ac2e9859239865462103672697233f452bc81039c485961721ab24da6,5.669,0.43,3747ca6ac2e9859239865462103672697233f452bc81039c485961721ab24da6,17059.215,17057.0,4965,exact-open-set-id-v2,1788216835236764928,127,127,2049,16464,6a29d7a10c70533bb947f8a940068ac8f765a21a69408b8e5595902a0bf9d0bb,5.386,,True,92,93,digiface-92-1080,3747ca6ac2e9859239865462103672697233f452bc81039c485961721ab24da6,13324.998,13322.6,4273,exact-open-set-id-v2,1788216822417395040,127,127,2049,16464,5d63f37cd32e21176d3bf287c6e13269aff7e66492764ad8ca6c48795e970e94,4.98,,True,92,93,digiface-92-1080,True,True,True,False,-3734.4,0.7810634929940787,0.21893650700592127,-3734.217,0.7811026474547627
110,extension,4,33092038,measured,True,10,1943,948,extended_holdout_non_tuning_impostor,0,A33_A29,5,82,1071,0,False,,0,add2ff51ca22b6e67272dea2a67a95ad527c0ad02a1ab15b9abea8f3a286c8a5,32840,a791a2b30d61582f275e82cdae24302b4abd056faed363ae009ab01a7ed515f3,6.238,0.47,a791a2b30d61582f275e82cdae24302b4abd056faed363ae009ab01a7ed515f3,16924.34,16922.9,4965,exact-open-set-id-v2,1788216835236764928,127,127,2049,16464,81e93fbe18fe44e1cfd6ee8f208129a3c7a4ea4715afc8d384654d687d658774,5.439,,False,,0,,a791a2b30d61582f275e82cdae24302b4abd056faed363ae009ab01a7ed515f3,12615.428,12613.0,4273,exact-open-set-id-v2,1788216822417395040,127,127,2049,16464,55d0cb1c7149d244348e299fe5b15ebeb65e217c27c53b77e72d4d5391efe9c6,4.961,,False,,0,,True,True,True,False,-4309.9,0.7453214283603874,0.2546785716396126,-4308.912,0.7454014750353632
111,extension,4,33092038,measured,True,11,758,1680,primary_test_impostor,3,A33_A29,3,45,1038,1,True,45,46,1e7c9591e8ccd881198225f3dd1ca571b3cc88654f52c21ff2aec0b63e84e117,32840,f80c7a6112cde9b6e160d750ad256d7002f17428a380920844e3ac44ead7e34b,5.887,0.45,f80c7a6112cde9b6e160d750ad256d7002f17428a380920844e3ac44ead7e34b,14254.16,14252.7,4965,exact-open-set-id-v2,1788216835236764928,127,127,2049,16464,ef6a33e635ca08be69b2ffa4a0168e8133bc9b859b71be91c1014dfcf69bbe6b,5.487,,True,45,46,digiface-45-1038,f80c7a6112cde9b6e160d750ad256d7002f17428a380920844e3ac44ead7e34b,12552.606,12551.0,4273,exact-open-set-id-v2,1788216822417395040,127,127,2049,16464,05d388ad11402c011254659f0bbdf9a9e403693b44c6f5871eba0389b85da9ba,4.908,,True,45,46,digiface-45-1038,True,True,True,False,-1701.7,0.8806050783360345,0.11939492166396548,-1701.554,0.8806275501327332
112,extension,4,33092038,measured,True,12,758,1680,primary_test_impostor,2,A33_A29,3,45,1038,1,True,45,46,1e7c9591e8ccd881198225f3dd1ca571b3cc88654f52c21ff2aec0b63e84e117,32840,d64f99ddbcc5f1c7043aa08897ce839d19821102e7a8d5e965ac223760deeb84,6.986,0.47,d64f99ddbcc5f1c7043aa08897ce839d19821102e7a8d5e965ac223760deeb84,10831.374,10829.7,4965,exact-open-set-id-v2,1788216835236764928,127,127,2049,16464,de511677ab92672da5c7c82d27e56cc2956838f64b9a151ab69d81309ec1e30c,4.517,,True,45,46,digiface-45-1038,d64f99ddbcc5f1c7043aa08897ce839d19821102e7a8d5e965ac223760deeb84,11182.726,11181.1,4273,exact-open-set-id-v2,1788216822417395040,127,127,2049,16464,e2a5e994f8be2c55e1df5357b99502abd3022fb7628e39c942ddac9a4afce6f2,5.152,,True,45,46,digiface-45-1038,True,True,True,False,351.4,1.0324478055717148,-0.03244780557171478,351.352,1.032438359159235
113,extension,4,33092038,measured,True,13,211,1188,tuning_impostor,0,A29_A33,4,92,1080,1,True,92,93,e88524fbe5a2eb68f8ceeb77aacc14b6788fbc428b2e3445702f6e613663a082,32840,5ba3f7571e0761333e53aa6d7988f2001529d27d7f1649ee96f26432f92a33f3,13.657,0.92,5ba3f7571e0761333e53aa6d7988f2001529d27d7f1649ee96f26432f92a33f3,10323.166,10321.8,4965,exact-open-set-id-v2,1788216835236764928,127,127,2049,16464,88ce7a33deb88d5efdaee6a2bbce86f34db73d8f56a39c477d1c861f5ca00fb7,4.849,,True,92,93,digiface-92-1080,5ba3f7571e0761333e53aa6d7988f2001529d27d7f1649ee96f26432f92a33f3,10866.226,10854.1,4273,exact-open-set-id-v2,1788216822417395040,127,127,2049,16464,4fea506737b4255a81cbd9532b2abe32246478d55c449ca6ce3b51e5180e75fc,4.984,,True,92,93,digiface-92-1080,True,True,True,False,532.3,1.0515704625162279,-0.05157046251622788,543.06,1.0526059544135977
114,extension,4,33092038,measured,True,14,1943,948,extended_holdout_non_tuning_impostor,3,A29_A33,5,82,1071,0,False,,0,add2ff51ca22b6e67272dea2a67a95ad527c0ad02a1ab15b9abea8f3a286c8a5,32840,ccbe42ac7fd36ecc5fdd6bca60b75be52ef0c018c0f7710a5bfd7b87b763c85d,8.344,0.45,ccbe42ac7fd36ecc5fdd6bca60b75be52ef0c018c0f7710a5bfd7b87b763c85d,12742.489,12740.9,4965,exact-open-set-id-v2,1788216835236764928,127,127,2049,16464,9bb946aefd7ac9ca94cc2b849fd5bc9a2253e94ec45518934b1f283e98ad5795,5.401,,False,,0,,ccbe42ac7fd36ecc5fdd6bca60b75be52ef0c018c0f7710a5bfd7b87b763c85d,9085.743,9084.8,4273,exact-open-set-id-v2,1788216822417395040,127,127,2049,16464,cd958e3fda35b72253aa5b1ae0bf4a5e301bc574c0d9def0618015dbc25b0c0d,5.13,,False,,0,,True,True,True,False,-3656.1,0.7130422497625756,0.2869577502374244,-3656.746,0.7130273371238539
115,extension,4,33092038,measured,True,15,407,1364,tuning_impostor,3,A29_A33,7,81,1070,0,False,,0,31fba9477eb761f1177784dc65a9e1e7f00a6c87003afb8d4b505518110addf5,32840,d299f32826e7814288118e54e8ee03c82a37431be54a71002dd80f64b7dab26f,9.921,0.52,d299f32826e7814288118e54e8ee03c82a37431be54a71002dd80f64b7dab26f,10741.05,10740.4,4965,exact-open-set-id-v2,1788216835236764928,127,127,2049,16464,6fe152bc7ae37474507ca050f060809f907d0f4121ed2f404c99d4a650ebe582,5.005,,False,,0,,d299f32826e7814288118e54e8ee03c82a37431be54a71002dd80f64b7dab26f,8979.251,8978.6,4273,exact-open-set-id-v2,1788216822417395040,127,127,2049,16464,b8f6cde64163c0051363c8221343a1106f7d71bbe180629039ff01f0bafffdd3,5.324,,False,,0,,True,True,True,False,-1761.8,0.8359651409630927,0.1640348590369073,-1761.799,0.8359751607152002
116,extension,4,33092038,measured,True,16,211,1188,tuning_impostor,1,A33_A29,4,92,1080,1,True,92,93,e88524fbe5a2eb68f8ceeb77aacc14b6788fbc428b2e3445702f6e613663a082,32840,079f18b93e6f822960e193823ec6523cba9a8d9218a5f4ca0ea7b0585c952003,10.368,0.58,079f18b93e6f822960e193823ec6523cba9a8d9218a5f4ca0ea7b0585c952003,10144.405,10143.9,4965,exact-open-set-id-v2,1788216835236764928,127,127,2049,16464,c1fb113bb552fae32a164f948674dfc62445731e5feb3078b82c4b3fd04649be,4.741,,True,92,93,digiface-92-1080,079f18b93e6f822960e193823ec6523cba9a8d9218a5f4ca0ea7b0585c952003,9583.945,9583.3,4273,exact-open-set-id-v2,1788216822417395040,127,127,2049,16464,4ead8cc0723301db81a9a4819166e2bd5eecfc60cee89ba2b8392b895061fded,4.761,,True,92,93,digiface-92-1080,True,True,True,False,-560.6,0.9447352596141523,0.05526474038584772,-560.46,0.9447518114665177
117,extension,4,33092038,measured,True,17,265,1236,tuning_impostor,3,A29_A33,2,17,1012,1,True,17,18,69e2ed1f0e5bc65ca7205dffd093679d61db0bae33cb69fc2a75a03e7e0b8cd0,32840,3ac0625c61bd19052aca6cefaecb00caf94c209d16bb2350bbb508aea82645dc,9.731,0.54,3ac0625c61bd19052aca6cefaecb00caf94c209d16bb2350bbb508aea82645dc,11237.563,11236.3,4965,exact-open-set-id-v2,1788216835236764928,127,127,2049,16464,e367046a933acaee772764c6b4e9d8d448fa586088cbddd040ad3b089bce08ac,5.596,,True,17,18,digiface-17-1012,3ac0625c61bd19052aca6cefaecb00caf94c209d16bb2350bbb508aea82645dc,9535.078,9533.8,4273,exact-open-set-id-v2,1788216822417395040,127,127,2049,16464,ae3775a1aaa6e95829b32ce4244c016ccf94bebc912e41b72a8b71fa2e67893c,5.177,,True,17,18,digiface-17-1012,True,True,True,False,-1702.5,0.8484821515979459,0.15151784840205407,-1702.485,0.8485005156367087
118,extension,4,33092038,measured,True,18,211,1188,tuning_impostor,3,A29_A33,4,92,1080,1,True,92,93,e88524fbe5a2eb68f8ceeb77aacc14b6788fbc428b2e3445702f6e613663a082,32840,8662e2d5695d1e7d65cc9872c338a9d5ca21069e89ed57d03020f2b7c7f189db,8.589,0.57,8662e2d5695d1e7d65cc9872c338a9d5ca21069e89ed57d03020f2b7c7f189db,13050.474,13049.1,4965,exact-open-set-id-v2,1788216835236764928,127,127,2049,16464,3d01be1b692b09e65b73d5dc41c1f7f818d1e08596545902760cb7e52bab03fa,5.969,,True,92,93,digiface-92-1080,8662e2d5695d1e7d65cc9872c338a9d5ca21069e89ed57d03020f2b7c7f189db,8590.409,8589.1,4273,exact-open-set-id-v2,1788216822417395040,127,127,2049,16464,1d0e7468de5ab7f1396b7322e19bedd7102710af152e0cfea8ed5062674fa019,5.174,,True,92,93,digiface-92-1080,True,True,True,False,-4460.0,0.6582139764428199,0.34178602355718013,-4460.065,0.6582449802206417
119,extension,4,33092038,measured,True,19,407,1364,tuning_impostor,2,A33_A29,7,81,1070,0,False,,0,31fba9477eb761f1177784dc65a9e1e7f00a6c87003afb8d4b505518110addf5,32840,2ec92928793a19d374e3f033a467cadcda965c2b436ac5c342b26deb458502ab,7.679,0.47,2ec92928793a19d374e3f033a467cadcda965c2b436ac5c342b26deb458502ab,14924.631,14923.2,4965,exact-open-set-id-v2,1788216835236764928,127,127,2049,16464,c455e25e6ebec8b9b7d8a2ce62b8ce7d5ee7ac34d132550de5c5132b24a591f3,4.749,,False,,0,,2ec92928793a19d374e3f033a467cadcda965c2b436ac5c342b26deb458502ab,11141.852,11140.6,4273,exact-open-set-id-v2,1788216822417395040,127,127,2049,16464,cd7f83067604d2bd529a06add3188b6c1aaa6a5038355fd1928c51bd077d0501,5.245,,False,,0,,True,True,True,False,-3782.6,0.7465288946070547,0.25347110539294526,-3782.779,0.7465412042683
120,extension,5,34092041,warmup,False,0,265,1236,tuning_impostor,0,A33_A29,2,17,1012,1,True,17,18,69e2ed1f0e5bc65ca7205dffd093679d61db0bae33cb69fc2a75a03e7e0b8cd0,32840,35036ebc660961c59d8a4774ad59a04f1c5b977441d4cc41f373a1d4ac0ad378,8.486,0.54,35036ebc660961c59d8a4774ad59a04f1c5b977441d4cc41f373a1d4ac0ad378,13529.001,13528.2,4965,exact-open-set-id-v2,1788238101170522944,127,127,2049,16464,4d98c272debde98a278d7a7fd776f52b1fa5f293bae5ad0f15205b4ae1f81afd,5.23,,True,17,18,digiface-17-1012,35036ebc660961c59d8a4774ad59a04f1c5b977441d4cc41f373a1d4ac0ad378,10490.432,10490.1,4273,exact-open-set-id-v2,1788238088218924056,127,127,2049,16464,78875965ed5c9ae8b67c9745c41108c16699f7e6c30eda5c20696e125c539f40,4.505,,True,17,18,digiface-17-1012,True,True,True,False,-3038.1,0.7754246684703064,0.22457533152969356,-3038.569,0.7754032984401436
121,extension,5,34092041,warmup,False,1,758,1680,primary_test_impostor,0,A29_A33,3,45,1038,1,True,45,46,1e7c9591e8ccd881198225f3dd1ca571b3cc88654f52c21ff2aec0b63e84e117,32840,caf6dd36801ba00ea0ef96afd4931643bc6420ace40cad74d884315db731fe98,6.808,0.52,caf6dd36801ba00ea0ef96afd4931643bc6420ace40cad74d884315db731fe98,12431.788,12430.6,4965,exact-open-set-id-v2,1788238101170522944,127,127,2049,16464,84685dba74a19528ff96a29d2ca86cf244e50413126705aa871c5eaa48937d4d,5.165,,True,45,46,digiface-45-1038,caf6dd36801ba00ea0ef96afd4931643bc6420ace40cad74d884315db731fe98,9472.414,9470.9,4273,exact-open-set-id-v2,1788238088218924056,127,127,2049,16464,f32378ebf9e9ebf25dfd97f64ae97c7ffaf51835175f419f2e8aa1df04865513,4.443,,True,45,46,digiface-45-1038,True,True,True,False,-2959.7,0.7619020803501038,0.23809791964989624,-2959.374,0.7619510564369342
122,extension,5,34092041,warmup,False,2,211,1188,tuning_impostor,0,A33_A29,4,92,1080,1,True,92,93,e88524fbe5a2eb68f8ceeb77aacc14b6788fbc428b2e3445702f6e613663a082,32840,6856fc6889555007fcc659e0e55135d866687a3d9b8bc44424c6d04ed4814949,6.859,0.52,6856fc6889555007fcc659e0e55135d866687a3d9b8bc44424c6d04ed4814949,14294.0,14292.3,4965,exact-open-set-id-v2,1788238101170522944,127,127,2049,16464,45ef00a2477251c3caa3c7fd2f1f431885556881aa3948d9be98367bb484200b,4.986,,True,92,93,digiface-92-1080,6856fc6889555007fcc659e0e55135d866687a3d9b8bc44424c6d04ed4814949,11204.005,11203.0,4273,exact-open-set-id-v2,1788238088218924056,127,127,2049,16464,a484cd2d4a25d2a22644a0d0d0a171617e7d083090ff604427e6d0988bba48fe,5.351,,True,92,93,digiface-92-1080,True,True,True,False,-3089.3,0.7838486457742981,0.21615135422570186,-3089.995,0.7838257310759759
123,extension,5,34092041,warmup,False,3,1943,948,extended_holdout_non_tuning_impostor,0,A29_A33,5,82,1071,0,False,,0,add2ff51ca22b6e67272dea2a67a95ad527c0ad02a1ab15b9abea8f3a286c8a5,32840,965bbd336d77b6ab8242b7a007c2aa3e3e4f6c65c0f0be527a0bb8b4af1be451,6.407,0.51,965bbd336d77b6ab8242b7a007c2aa3e3e4f6c65c0f0be527a0bb8b4af1be451,11852.751,11851.6,4965,exact-open-set-id-v2,1788238101170522944,127,127,2049,16464,f0f35f7d6b0308868472ee3d1ca666de3a1666d19455e00d7272dc89e077ebb1,4.779,,False,,0,,965bbd336d77b6ab8242b7a007c2aa3e3e4f6c65c0f0be527a0bb8b4af1be451,8320.56,8319.1,4273,exact-open-set-id-v2,1788238088218924056,127,127,2049,16464,6e53bf6bec849dbe874c948506fc139d16c7f94cc289c6a736e034e7dd4fdb5d,4.672,,False,,0,,True,True,True,False,-3532.5,0.7019389787032975,0.29806102129670253,-3532.191,0.7019939927869909
124,extension,5,34092041,measured,True,0,758,1680,primary_test_impostor,3,A33_A29,3,45,1038,1,True,45,46,1e7c9591e8ccd881198225f3dd1ca571b3cc88654f52c21ff2aec0b63e84e117,32840,edb9e6045514ce0546fb324aa5fb9fa0fbfa2c35d1ecb3c5e0ae1a758f107562,7.414,0.79,edb9e6045514ce0546fb324aa5fb9fa0fbfa2c35d1ecb3c5e0ae1a758f107562,10908.043,10906.7,4965,exact-open-set-id-v2,1788238101170522944,127,127,2049,16464,353b9c8f858fdee7ebb3c99574b757d8ff56a0d5adadac8c4dbabb73d244ba83,4.377,,True,45,46,digiface-45-1038,edb9e6045514ce0546fb324aa5fb9fa0fbfa2c35d1ecb3c5e0ae1a758f107562,8556.07,8554.7,4273,exact-open-set-id-v2,1788238088218924056,127,127,2049,16464,7f93593c6592b52839fb17787ae02a06d01e2855570741f21c7c93cf7c9edbec,4.74,,True,45,46,digiface-45-1038,True,True,True,False,-2352.0,0.78435273730826,0.21564726269173995,-2351.973,0.7843817630715244
125,extension,5,34092041,measured,True,1,407,1364,tuning_impostor,0,A33_A29,7,81,1070,0,False,,0,31fba9477eb761f1177784dc65a9e1e7f00a6c87003afb8d4b505518110addf5,32840,4ef2dd782f10b6906c210071e70e6702505c070604b401b93c35013b0444050b,6.388,0.48,4ef2dd782f10b6906c210071e70e6702505c070604b401b93c35013b0444050b,11699.48,11698.1,4965,exact-open-set-id-v2,1788238101170522944,127,127,2049,16464,1c83e619a220166844db7a0c69420f2e3c80165b08d9787560f88840d79741e9,4.989,,False,,0,,4ef2dd782f10b6906c210071e70e6702505c070604b401b93c35013b0444050b,9953.135,9951.0,4273,exact-open-set-id-v2,1788238088218924056,127,127,2049,16464,4002b78075d3e48c82bb17d678f220e690205ccfe9313d4e1b9ddbcc666c1138,4.629,,False,,0,,True,True,True,False,-1747.1,0.8506509604123746,0.14934903958762535,-1746.345,0.8507331095057217
126,extension,5,34092041,measured,True,2,211,1188,tuning_impostor,1,A33_A29,4,92,1080,1,True,92,93,e88524fbe5a2eb68f8ceeb77aacc14b6788fbc428b2e3445702f6e613663a082,32840,fe1fc460c0a8b45580dd7028907c3b0bc6ec3c3fb17630f01190191ed95d694c,6.207,0.46,fe1fc460c0a8b45580dd7028907c3b0bc6ec3c3fb17630f01190191ed95d694c,10014.613,10013.1,4965,exact-open-set-id-v2,1788238101170522944,127,127,2049,16464,d62ab9b037416b546f7881d4bd9ba2bdf7e0b5da79ccd98c135a1fb168043fba,4.903,,True,92,93,digiface-92-1080,fe1fc460c0a8b45580dd7028907c3b0bc6ec3c3fb17630f01190191ed95d694c,7971.106,7970.0,4273,exact-open-set-id-v2,1788238088218924056,127,127,2049,16464,503ec0e3b0b6a8ee4e3a29d1dec2bc70f08a72f79cfd175241057c4bed229f21,5.436,,True,92,93,digiface-92-1080,True,True,True,False,-2043.1,0.7959572959423156,0.20404270405768443,-2043.507,0.7959474819446344
127,extension,5,34092041,measured,True,3,758,1680,primary_test_impostor,1,A29_A33,3,45,1038,1,True,45,46,1e7c9591e8ccd881198225f3dd1ca571b3cc88654f52c21ff2aec0b63e84e117,32840,3bff9afc0a280e23fc1135256732a2bad51bc71ce36ee5dd06d4848e74583e4c,5.693,0.45,3bff9afc0a280e23fc1135256732a2bad51bc71ce36ee5dd06d4848e74583e4c,12198.419,12197.4,4965,exact-open-set-id-v2,1788238101170522944,127,127,2049,16464,d69331bdb517c80e32aea61e1c745416e6fa9d083eac6b4e8cccd4e6e172597e,4.417,,True,45,46,digiface-45-1038,3bff9afc0a280e23fc1135256732a2bad51bc71ce36ee5dd06d4848e74583e4c,10041.312,10040.0,4273,exact-open-set-id-v2,1788238088218924056,127,127,2049,16464,4970daa7235ae3d19ebd6757013c6969ae8747e37d1da18c181d6b7cb3407522,4.371,,True,45,46,digiface-45-1038,True,True,True,False,-2157.4,0.8231262400183645,0.17687375998163546,-2157.107,0.8231650347475358
128,extension,5,34092041,measured,True,4,1943,948,extended_holdout_non_tuning_impostor,2,A33_A29,5,82,1071,0,False,,0,add2ff51ca22b6e67272dea2a67a95ad527c0ad02a1ab15b9abea8f3a286c8a5,32840,9f4e3459f69ea36cac0666460cdc8a8359049fab38c9e5be40b67b1ca8532ca4,5.917,0.49,9f4e3459f69ea36cac0666460cdc8a8359049fab38c9e5be40b67b1ca8532ca4,9750.015,9748.8,4965,exact-open-set-id-v2,1788238101170522944,127,127,2049,16464,486baa52daf75e4f3a624095c4d95cc5ac60aa2ae80d7ea97243697e2884cfed,4.852,,False,,0,,9f4e3459f69ea36cac0666460cdc8a8359049fab38c9e5be40b67b1ca8532ca4,9307.835,9306.6,4273,exact-open-set-id-v2,1788238088218924056,127,127,2049,16464,1f0ba20eed50f53f6876eb4f2681c04dd89f8db60772bf745f82b554fe9be675,4.842,,False,,0,,True,True,True,False,-442.2,0.9546405711472182,0.04535942885278177,-442.18,0.9546482749000899
129,extension,5,34092041,measured,True,5,265,1236,tuning_impostor,0,A29_A33,2,17,1012,1,True,17,18,69e2ed1f0e5bc65ca7205dffd093679d61db0bae33cb69fc2a75a03e7e0b8cd0,32840,56b6ac0e548cb58de96867f7ebc74e5d3c51579ffe2ee16b3716da81e1b92d71,6.69,0.54,56b6ac0e548cb58de96867f7ebc74e5d3c51579ffe2ee16b3716da81e1b92d71,10277.933,10276.4,4965,exact-open-set-id-v2,1788238101170522944,127,127,2049,16464,ed347a60d7bbc58fdbb286ae15c095be2a4b58feae187a376e2a7cf7749c8817,4.663,,True,17,18,digiface-17-1012,56b6ac0e548cb58de96867f7ebc74e5d3c51579ffe2ee16b3716da81e1b92d71,8826.3,8824.6,4273,exact-open-set-id-v2,1788238088218924056,127,127,2049,16464,87b26f19d20db2e6a5a416664e212f1214d91e8c31f5da7ebc0515ff7f898234,4.483,,True,17,18,digiface-17-1012,True,True,True,False,-1451.8,0.858724845276556,0.14127515472344399,-1451.633,0.858762165505457
130,extension,5,34092041,measured,True,6,211,1188,tuning_impostor,0,A33_A29,4,92,1080,1,True,92,93,e88524fbe5a2eb68f8ceeb77aacc14b6788fbc428b2e3445702f6e613663a082,32840,04adb9aa2a4f7a32f56a91e54c462f903cc8b5d0b05fb7c470a591863a5fa765,6.866,0.46,04adb9aa2a4f7a32f56a91e54c462f903cc8b5d0b05fb7c470a591863a5fa765,10192.491,10189.0,4965,exact-open-set-id-v2,1788238101170522944,127,127,2049,16464,9c40452ce7baefe510646fbc66f34e348079ac2099172973e4765116ebaf3721,4.349,,True,92,93,digiface-92-1080,04adb9aa2a4f7a32f56a91e54c462f903cc8b5d0b05fb7c470a591863a5fa765,10464.588,10461.4,4273,exact-open-set-id-v2,1788238088218924056,127,127,2049,16464,05b8b000049d25d0f0d5992b8254495bcb7f953d286c177a0566583d0326438c,4.084,,True,92,93,digiface-92-1080,True,True,True,False,272.4,1.0267347139071548,-0.02673471390715476,272.097,1.0266958293119905
131,extension,5,34092041,measured,True,7,265,1236,tuning_impostor,2,A29_A33,2,17,1012,1,True,17,18,69e2ed1f0e5bc65ca7205dffd093679d61db0bae33cb69fc2a75a03e7e0b8cd0,32840,a127d7dd5103c9f56ba3bbdd363ea9738f0dadaa1715941a1192cfc95d78ba01,6.105,0.41,a127d7dd5103c9f56ba3bbdd363ea9738f0dadaa1715941a1192cfc95d78ba01,15897.734,15895.5,4965,exact-open-set-id-v2,1788238101170522944,127,127,2049,16464,8b4679c203481f2cbcddb528485e0d27c273866fd329afdec52f1fafff627564,4.206,,True,17,18,digiface-17-1012,a127d7dd5103c9f56ba3bbdd363ea9738f0dadaa1715941a1192cfc95d78ba01,14803.002,14801.4,4273,exact-open-set-id-v2,1788238088218924056,127,127,2049,16464,be0bff10d76df59adaae59ca5c4a61fdbf4945dd468d2aa9185b559446aa85d2,5.767,,True,17,18,digiface-17-1012,True,True,True,False,-1094.1,0.9311691988298575,0.06883080117014251,-1094.732,0.9311391170590727
132,extension,5,34092041,measured,True,8,265,1236,tuning_impostor,1,A33_A29,2,17,1012,1,True,17,18,69e2ed1f0e5bc65ca7205dffd093679d61db0bae33cb69fc2a75a03e7e0b8cd0,32840,22335e56468ba0ab757af7bcdd7f999c1b079465d7c3667de8b52ea027232810,5.548,0.52,22335e56468ba0ab757af7bcdd7f999c1b079465d7c3667de8b52ea027232810,12193.761,12192.5,4965,exact-open-set-id-v2,1788238101170522944,127,127,2049,16464,7c82bb58f72e9fccd224ce9cb9f721694e154e10292de6846674bd7403801a24,4.781,,True,17,18,digiface-17-1012,22335e56468ba0ab757af7bcdd7f999c1b079465d7c3667de8b52ea027232810,12055.534,12053.5,4273,exact-open-set-id-v2,1788238088218924056,127,127,2049,16464,251b64ab4f17a9adec8a2d24a8daf7fea26c26c081089aa85b3e46158214c7ec,5.212,,True,17,18,digiface-17-1012,True,True,True,False,-139.0,0.9885995489030142,0.011400451096985842,-138.227,0.9886641209385685
133,extension,5,34092041,measured,True,9,1943,948,extended_holdout_non_tuning_impostor,1,A33_A29,5,82,1071,0,False,,0,add2ff51ca22b6e67272dea2a67a95ad527c0ad02a1ab15b9abea8f3a286c8a5,32840,5e02e705f52c83bf7c97d73a155683d3758b4fca22766435b74014a4b067a1ec,5.666,0.43,5e02e705f52c83bf7c97d73a155683d3758b4fca22766435b74014a4b067a1ec,10408.383,10406.8,4965,exact-open-set-id-v2,1788238101170522944,127,127,2049,16464,30b5cb82d4241b304b8bcf82ae8d48f66b28faa174504c7efb0a3c408626dc0c,4.456,,False,,0,,5e02e705f52c83bf7c97d73a155683d3758b4fca22766435b74014a4b067a1ec,10315.595,10314.2,4273,exact-open-set-id-v2,1788238088218924056,127,127,2049,16464,ca87aca9edcf4996e8f1ad4ddd7392a5be008d4e4e3dd8ad227df7d96669056c,4.535,,False,,0,,True,True,True,False,-92.6,0.9911019717876774,0.00889802821232255,-92.788,0.9910852627156398
134,extension,5,34092041,measured,True,10,265,1236,tuning_impostor,3,A33_A29,2,17,1012,1,True,17,18,69e2ed1f0e5bc65ca7205dffd093679d61db0bae33cb69fc2a75a03e7e0b8cd0,32840,dc2bfc4e9940f54ea1c3da3046b7bb340ef75b94462b01ca3dfc22b393927d8e,5.975,0.46,dc2bfc4e9940f54ea1c3da3046b7bb340ef75b94462b01ca3dfc22b393927d8e,10671.921,10670.6,4965,exact-open-set-id-v2,1788238101170522944,127,127,2049,16464,b833fff772870e2c612c6ecbda8233c21b28b64af12e550aa0a5c2f7a7f60ae4,4.339,,True,17,18,digiface-17-1012,dc2bfc4e9940f54ea1c3da3046b7bb340ef75b94462b01ca3dfc22b393927d8e,9292.767,9291.5,4273,exact-open-set-id-v2,1788238088218924056,127,127,2049,16464,a989de701b16f5cf341063bf1af713ff0617b73d196312098e418428efa99de3,4.98,,True,17,18,digiface-17-1012,True,True,True,False,-1379.1,0.8707570333439544,0.12924296665604562,-1379.154,0.8707679713895933
135,extension,5,34092041,measured,True,11,758,1680,primary_test_impostor,2,A29_A33,3,45,1038,1,True,45,46,1e7c9591e8ccd881198225f3dd1ca571b3cc88654f52c21ff2aec0b63e84e117,32840,1f64d3191bd0e2012784355bd5ead70c7a33b8ce41048dd4bc420fc4f1d38ff5,6.469,0.46,1f64d3191bd0e2012784355bd5ead70c7a33b8ce41048dd4bc420fc4f1d38ff5,11801.984,11800.6,4965,exact-open-set-id-v2,1788238101170522944,127,127,2049,16464,69b018bc56050dd768600bc50ab8ed7c37f8fe9c0d67536a22584fe9f5c4493c,4.902,,True,45,46,digiface-45-1038,1f64d3191bd0e2012784355bd5ead70c7a33b8ce41048dd4bc420fc4f1d38ff5,11023.484,11022.2,4273,exact-open-set-id-v2,1788238088218924056,127,127,2049,16464,d850f1abdfe9879fe7a76cf65d66717cb874e2d15cf66b6b72afba554167a85b,5.346,,True,45,46,digiface-45-1038,True,True,True,False,-778.4,0.9340372523431012,0.0659627476568988,-778.5,0.9340365145385725
136,extension,5,34092041,measured,True,12,407,1364,tuning_impostor,1,A29_A33,7,81,1070,0,False,,0,31fba9477eb761f1177784dc65a9e1e7f00a6c87003afb8d4b505518110addf5,32840,0deef4a1f5918e654a315bd39ee7da11742e7a4869c5c9076a1527e4033e1840,7.364,0.46,0deef4a1f5918e654a315bd39ee7da11742e7a4869c5c9076a1527e4033e1840,10868.482,10867.1,4965,exact-open-set-id-v2,1788238101170522944,127,127,2049,16464,e457b495b12ce86b71ad6a7094959b4897a9aa35a2f5f8d1f11c055e0226a633,4.667,,False,,0,,0deef4a1f5918e654a315bd39ee7da11742e7a4869c5c9076a1527e4033e1840,8584.615,8583.2,4273,exact-open-set-id-v2,1788238088218924056,127,127,2049,16464,1c40b78d76b8a591fbf0e227ebba18cc97432dc617d5c02c66d27f6a9d7534ca,5.275,,False,,0,,True,True,True,False,-2283.9,0.7898335342455669,0.2101664657544331,-2283.867,0.7898632946164883
137,extension,5,34092041,measured,True,13,407,1364,tuning_impostor,3,A29_A33,7,81,1070,0,False,,0,31fba9477eb761f1177784dc65a9e1e7f00a6c87003afb8d4b505518110addf5,32840,1f85e8d5135ff8f7b9d0800c568df1ed1d17c756f276177b88e609cac9b68987,5.589,0.43,1f85e8d5135ff8f7b9d0800c568df1ed1d17c756f276177b88e609cac9b68987,10314.342,10312.6,4965,exact-open-set-id-v2,1788238101170522944,127,127,2049,16464,ec9b14d4ba25e81b98f10a29b71b4ebf18978b58cf30e2984c8dd79c6cee0a65,5.236,,False,,0,,1f85e8d5135ff8f7b9d0800c568df1ed1d17c756f276177b88e609cac9b68987,9415.488,9414.0,4273,exact-open-set-id-v2,1788238088218924056,127,127,2049,16464,4dfd5d81797c5098b6799fbe900fb2b8d9c4d16d23294d418bbb62b6d8ff7596,5.368,,False,,0,,True,True,True,False,-898.6,0.9128638752593914,0.08713612474060861,-898.854,0.9128539658661695
138,extension,5,34092041,measured,True,14,211,1188,tuning_impostor,2,A29_A33,4,92,1080,1,True,92,93,e88524fbe5a2eb68f8ceeb77aacc14b6788fbc428b2e3445702f6e613663a082,32840,7382370bff0bad810de00f7e9e4ab1a9c4dfe968842e0cce9eac01ef88320159,5.941,0.43,7382370bff0bad810de00f7e9e4ab1a9c4dfe968842e0cce9eac01ef88320159,11242.332,11241.1,4965,exact-open-set-id-v2,1788238101170522944,127,127,2049,16464,f8dd4b1717d71fc2d3782b579bae158111c3b348cf6125d40c7d371e1efe39b0,5.002,,True,92,93,digiface-92-1080,7382370bff0bad810de00f7e9e4ab1a9c4dfe968842e0cce9eac01ef88320159,8674.117,8672.6,4273,exact-open-set-id-v2,1788238088218924056,127,127,2049,16464,823c357a42a377b6e9a34b5d36c812ff45e386a4384a643adbaa51a79e057576,4.934,,True,92,93,digiface-92-1080,True,True,True,False,-2568.5,0.7715081264289082,0.2284918735710918,-2568.215,0.7715585165070734
139,extension,5,34092041,measured,True,15,1943,948,extended_holdout_non_tuning_impostor,3,A29_A33,5,82,1071,0,False,,0,add2ff51ca22b6e67272dea2a67a95ad527c0ad02a1ab15b9abea8f3a286c8a5,32840,d671642cf2c798c1f1a6fd863bac3aae59ba13fbd03b4d10391705468c825c17,6.026,0.53,d671642cf2c798c1f1a6fd863bac3aae59ba13fbd03b4d10391705468c825c17,13216.546,13214.5,4965,exact-open-set-id-v2,1788238101170522944,127,127,2049,16464,a7a75ce3c9c311b9c42f8d4a441587fbdbb4727866707f3aac2acbee5683840f,4.877,,False,,0,,d671642cf2c798c1f1a6fd863bac3aae59ba13fbd03b4d10391705468c825c17,9694.876,9693.6,4273,exact-open-set-id-v2,1788238088218924056,127,127,2049,16464,4bf1cf515c8b2ec48b10255e548377fb809161287522f240459d89c15172e0b1,4.776,,False,,0,,True,True,True,False,-3520.9,0.7335578341972833,0.26644216580271674,-3521.67,0.7335408207257781
140,extension,5,34092041,measured,True,16,758,1680,primary_test_impostor,0,A33_A29,3,45,1038,1,True,45,46,1e7c9591e8ccd881198225f3dd1ca571b3cc88654f52c21ff2aec0b63e84e117,32840,2710675f69f265fd7573938d18ff84c540447079197925fdc8b47a6da31e0258,6.934,0.49,2710675f69f265fd7573938d18ff84c540447079197925fdc8b47a6da31e0258,10700.938,10699.8,4965,exact-open-set-id-v2,1788238101170522944,127,127,2049,16464,2ade5a49496935163acbee02cdad8120945072811ed3064ae11735513a28e203,5.141,,True,45,46,digiface-45-1038,2710675f69f265fd7573938d18ff84c540447079197925fdc8b47a6da31e0258,11526.014,11525.1,4273,exact-open-set-id-v2,1788238088218924056,127,127,2049,16464,e32d6151eb48e12fa02e259dc8bbff280a3c5e2ff9314caddd393baff2d82219,5.288,,True,45,46,digiface-45-1038,True,True,True,False,825.3,1.0771322828464085,-0.0771322828464085,825.076,1.0771031474063302
141,extension,5,34092041,measured,True,17,407,1364,tuning_impostor,2,A33_A29,7,81,1070,0,False,,0,31fba9477eb761f1177784dc65a9e1e7f00a6c87003afb8d4b505518110addf5,32840,bc4ff02eefa089f023a6f79fd4705b3c563aacce460bdc06e198775aad585f6f,6.236,0.45,bc4ff02eefa089f023a6f79fd4705b3c563aacce460bdc06e198775aad585f6f,11164.031,11162.0,4965,exact-open-set-id-v2,1788238101170522944,127,127,2049,16464,f5d2cbc746ea516544e959368cfff79ffad679d5f4892ec90860fe5290b64c22,4.855,,False,,0,,bc4ff02eefa089f023a6f79fd4705b3c563aacce460bdc06e198775aad585f6f,7887.856,7886.2,4273,exact-open-set-id-v2,1788238088218924056,127,127,2049,16464,2f70e9ca8b1a5cce0317734587cbe485bca85a05d527fff53297b9a8916fde04,5.066,,False,,0,,True,True,True,False,-3275.8,0.7065221286507795,0.29347787134922054,-3276.175,0.7065419291651912
142,extension,5,34092041,measured,True,18,1943,948,extended_holdout_non_tuning_impostor,0,A29_A33,5,82,1071,0,False,,0,add2ff51ca22b6e67272dea2a67a95ad527c0ad02a1ab15b9abea8f3a286c8a5,32840,4e9ec4b16ca388cc4cbaf0a4a6cf0ca473d3623f257984340070e88b528c7327,6.776,0.45,4e9ec4b16ca388cc4cbaf0a4a6cf0ca473d3623f257984340070e88b528c7327,14402.106,14400.2,4965,exact-open-set-id-v2,1788238101170522944,127,127,2049,16464,ffef209910cf0d3cd3c6846f11a6b708be90bf0844eefa91113243b21c54b0d0,5.226,,False,,0,,4e9ec4b16ca388cc4cbaf0a4a6cf0ca473d3623f257984340070e88b528c7327,9783.203,9782.2,4273,exact-open-set-id-v2,1788238088218924056,127,127,2049,16464,f749444001db2dca963cd4fd05c48954ab2abbd246e34b03aced6b6328870ba9,5.418,,False,,0,,True,True,True,False,-4618.0,0.6793100095832002,0.3206899904167998,-4618.903,0.6792897510961244
143,extension,5,34092041,measured,True,19,211,1188,tuning_impostor,3,A29_A33,4,92,1080,1,True,92,93,e88524fbe5a2eb68f8ceeb77aacc14b6788fbc428b2e3445702f6e613663a082,32840,db191405f9988347b13eb6462a012d147d430995ca05420fd33737dbaefc667c,8.775,0.43,db191405f9988347b13eb6462a012d147d430995ca05420fd33737dbaefc667c,10595.787,10588.5,4965,exact-open-set-id-v2,1788238101170522944,127,127,2049,16464,75e7be4d3b3b7393e557bce83995c1b839179e5787b6e45841a67bef05bb568b,5.505,,True,92,93,digiface-92-1080,db191405f9988347b13eb6462a012d147d430995ca05420fd33737dbaefc667c,8624.362,8623.9,4273,exact-open-set-id-v2,1788238088218924056,127,127,2049,16464,7b2fb77204b46b55f9ae838fab4a797fcdab8ab6eea59bcb1d054fb7e4341630,5.296,,True,92,93,digiface-92-1080,True,True,True,False,-1964.6,0.8144590829673702,0.18554091703262976,-1971.425,0.8139425603780067
