sequence,suite,probe_index,probe_name,cohort,repetition,clear_min_score,clear_argmin_index,clear_argmin_name,clear_match_count,expected_authorized,expected_index,expected_code,actual_authorized,actual_index,actual_code,actual_name,discrepancy,error,encrypt_wall_ms,encrypt_reported_ms,probe_ciphertext_bytes,probe_ciphertext_sha256,http_wall_ms,server_reported_ms,pbs,varco_contract,output_epoch,output_revision,output_gallery_size,output_lwe_size,result_ciphertext_bytes,result_ciphertext_sha256,decrypt_wall_ms,decrypt_reported_ms
0,historical_frontier,265,1236,tuning_impostor,0,2,17,1012,1,True,17,18,True,17,18,digiface-17-1012,False,,7.397,0.48,32840,2c430a90178110e18679ceb49a0b4831c19eb91efed53edb9161f09f9eca69fc,9538.209,9537.4,4273,exact-open-set-id-v2,1788205506004967144,127,127,2049,16464,6c9809e262653e55da0b945910c166bc5fb7d8aa217a52f59c9ac73e62825fac,6.607,
1,historical_frontier,758,1680,primary_test_impostor,0,3,45,1038,1,True,45,46,True,45,46,digiface-45-1038,False,,6.269,0.47,32840,b70d3a0738487384f68a7bca279e35c5949e1beb89387f3e61d179ee7c2ce083,9302.254,9301.6,4273,exact-open-set-id-v2,1788205506004967144,127,127,2049,16464,80ee9568ee4de4dd9979a247c155a6f209b84ae117c2fc211dd59b6441a10c68,6.458,
2,historical_frontier,211,1188,tuning_impostor,0,4,92,1080,1,True,92,93,True,92,93,digiface-92-1080,False,,5.995,0.44,32840,e49453f54ff34259ad3084c671550445bce666d94d3fe9fdc2a014d51108f77c,8911.627,8910.7,4273,exact-open-set-id-v2,1788205506004967144,127,127,2049,16464,159d2daf2652de261c08e729675a540da24addb81457926a90a5d8d0e1e473c6,6.05,
3,historical_frontier,1943,948,extended_holdout_non_tuning_impostor,0,5,82,1071,0,False,,0,False,,0,,False,,6.829,0.5,32840,9ac89706cdf809d65ed906c61728a43a9e387e3f0e5edef9206dfcafd33e7b9e,8736.362,8735.5,4273,exact-open-set-id-v2,1788205506004967144,127,127,2049,16464,a91c1b5103f0711b4319821e8c20f322c56e67b904f772beb73ccdde34b29d8a,5.516,
4,historical_frontier,407,1364,tuning_impostor,0,7,81,1070,0,False,,0,False,,0,,False,,6.269,0.47,32840,a03a195417ab3467753d4b4f79c0078d62edcae6121cb51ccbc0626e34bc1067,8433.296,8432.6,4273,exact-open-set-id-v2,1788205506004967144,127,127,2049,16464,508b9c320c034a80cee48cadbc134102ba3aa6a16a711f4b547edff14194c19a,6.538,
5,primary_genuine,0,0,genuine,0,-350,0,0,1,True,0,1,True,0,1,digiface-0-0,False,,6.532,0.44,32840,5df5cdce50c1293bbd8666180ccbe8c62cc7d654b1e3b0742de67ca6c6c6c8be,9786.482,9784.8,4273,exact-open-set-id-v2,1788205506004967144,127,127,2049,16464,342b63d65ba42013c6e4b826fc1b7b42a38d9c06c9292cb2e5b7e56ee14d17a6,10.672,
6,primary_genuine,1,1,genuine,0,-345,1,1,1,True,1,2,True,1,2,digiface-1-1,False,,12.646,0.58,32840,e8d6f26a5930ed54ce9296868912119fa2d42f14d8828ffb76286b22b2e1bfbf,17651.724,17647.8,4273,exact-open-set-id-v2,1788205506004967144,127,127,2049,16464,af842dc91a3ddc5f39032c583b3dcca4813f1132fe80023653d8eb21a31523f8,23.34,
7,primary_genuine,2,10,genuine,0,-352,2,10,1,True,2,3,True,2,3,digiface-2-10,False,,31.047,1.01,32840,fb25a229e56bbcee6f3663795868d9c15d1728011271695f11fa3a4c8672cf8e,13969.273,13965.2,4273,exact-open-set-id-v2,1788205506004967144,127,127,2049,16464,d9350a883377509df18d887735cad08a17ceeafcea221b3cb5c013fc2b3746b8,7.606,
8,primary_genuine,3,100,genuine,0,-310,3,100,1,True,3,4,True,3,4,digiface-3-100,False,,6.528,0.64,32840,939404217a3ac289f5e0ff455f50b2746ff0b392237aafc7be2cd4cd1c578a3c,12189.955,12188.6,4273,exact-open-set-id-v2,1788205506004967144,127,127,2049,16464,3288392ce3aa554407d82c9449c0713aaaeb2c5f9b4ec16c5f76c42f1f5d41a9,6.323,
9,primary_genuine,4,1000,genuine,0,-290,4,1000,1,True,4,5,True,4,5,digiface-4-1000,False,,6.128,0.51,32840,7d9726ccf4d86db57e011da4c561f1e8c1716b8fae1270a426d6a37bc1a9011d,12014.227,12011.9,4273,exact-open-set-id-v2,1788205506004967144,127,127,2049,16464,04b89a0e21c0917eddd8c427d3c294a140811b167107a9b7d625d3b1ead1c717,12.193,
10,primary_genuine,5,1001,genuine,0,-374,5,1001,1,True,5,6,True,5,6,digiface-5-1001,False,,8.879,1.23,32840,281ec56b23aa31838e329407efa97dcdabbbf70d6f40b809464830c124fdec60,9978.105,9976.9,4273,exact-open-set-id-v2,1788205506004967144,127,127,2049,16464,c42095d5e05f52642e0caf65b1c6e72b8684403015e9289dbb98dcffea346326,6.577,
11,primary_genuine,6,1002,genuine,0,-298,6,1002,1,True,6,7,True,6,7,digiface-6-1002,False,,5.491,0.46,32840,c5390bf2cf734b91c37dfe2a5c25a671f2738a6ec7403b0756f4091f9ba2d0fd,9296.157,9295.4,4273,exact-open-set-id-v2,1788205506004967144,127,127,2049,16464,a55cf93f579a7f7e6b24a40ce114ec708092c3719f5e1fa7c5650f600bf9ce59,6.726,
12,primary_genuine,7,1003,genuine,0,-234,7,1003,1,True,7,8,True,7,8,digiface-7-1003,False,,5.691,0.46,32840,045b23bbe73c4d8ca4d6538be5cc013e4c6b806e9465c31a541a92cc1e8441f1,13048.203,13047.3,4273,exact-open-set-id-v2,1788205506004967144,127,127,2049,16464,5b77bcff76014f08f4e5360fb2a8029809dd94d22533d96ada6b102758dcea46,9.596,
13,primary_genuine,8,1004,genuine,0,-310,8,1004,1,True,8,9,True,8,9,digiface-8-1004,False,,6.385,0.47,32840,54b0ccdb0a92869a9c82b20dc436a6b59e66a3e35573525ac28f4eb73b393a69,10795.184,10792.2,4273,exact-open-set-id-v2,1788205506004967144,127,127,2049,16464,f39bc673ca0b27825a6cd94cedf904bcab2a6cb7a106dc97564fbf496954982a,7.276,
14,primary_genuine,9,1005,genuine,0,-227,9,1005,1,True,9,10,True,9,10,digiface-9-1005,False,,5.919,0.45,32840,5bca5265a706d51176444bb68dd6aced3133b7a0e5253a5877548d69190c13a1,9016.086,9015.1,4273,exact-open-set-id-v2,1788205506004967144,127,127,2049,16464,55f482c456bcfa4d9aa2b2fe74a462ff2debcb4a15d7e2db000bb95931c7b890,5.95,
15,primary_genuine,10,1006,genuine,0,-234,10,1006,1,True,10,11,True,10,11,digiface-10-1006,False,,6.111,0.47,32840,8dc67b58d3149b6724117dca91d5786fcb9a7532ad8a452a105016dabf32028c,9293.503,9292.5,4273,exact-open-set-id-v2,1788205506004967144,127,127,2049,16464,1395755b65b6577b1b98bf7a4785ff2e6b8d9b25bef2ce8932d364a312e75aa7,6.223,
16,primary_genuine,11,1007,genuine,0,-282,11,1007,1,True,11,12,True,11,12,digiface-11-1007,False,,5.581,0.45,32840,d7e80452af4bf21ea4327098a27784fe0b7fa486d1efa366a04092f0aa6bad9c,8789.304,8788.0,4273,exact-open-set-id-v2,1788205506004967144,127,127,2049,16464,bf4c18c9194986a8121109241eb1e037be9959059124855a7ec589c9d2d9df95,12.699,
17,primary_genuine,12,1008,genuine,0,-319,12,1008,1,True,12,13,True,12,13,digiface-12-1008,False,,6.441,0.5,32840,82100486ba42235f54b219db9bcc45371933bebf7fd716352ec686fb1278f626,8306.504,8305.6,4273,exact-open-set-id-v2,1788205506004967144,127,127,2049,16464,7147e718e1ea28235a01129dc712479eacc48493cb9332592d03cb7fce446c09,6.0,
18,primary_genuine,13,1009,genuine,0,-243,13,1009,1,True,13,14,True,13,14,digiface-13-1009,False,,6.027,0.45,32840,f54030e737fbf4f6ed641ebcf74504222b4529d5a95d4f03053cf354ebdf9f09,8251.618,8250.8,4273,exact-open-set-id-v2,1788205506004967144,127,127,2049,16464,8c90c1703debe5af7b015783aa890825a2cb1f4d13a8652a5d8ecdc1e9120a70,5.67,
19,primary_genuine,14,101,genuine,0,-298,14,101,1,True,14,15,True,14,15,digiface-14-101,False,,5.76,0.44,32840,c80966bb05d1ecf23aa3c82562e75d80e85a125b16e84b6d2d883afc6116dd44,8140.916,8140.2,4273,exact-open-set-id-v2,1788205506004967144,127,127,2049,16464,324181c1f7540f6019ddded814d38caf9c7049766c2e3782a3c2c22431114828,6.653,
20,primary_genuine,15,1010,genuine,0,-156,15,1010,1,True,15,16,True,15,16,digiface-15-1010,False,,5.319,0.45,32840,eed61f540970369c5354b0b5914aa2c0bc21d8a1872b96bba1b4d1cac3ca370f,8278.631,8277.8,4273,exact-open-set-id-v2,1788205506004967144,127,127,2049,16464,24a5a04f954d51a8636adb39b98c493d3480ec556e3bcabb74b85d9054fbf3ec,5.893,
21,primary_genuine,16,1011,genuine,0,-408,16,1011,1,True,16,17,True,16,17,digiface-16-1011,False,,5.708,0.46,32840,3225733f3c938a97092102e2cb644845bf5ef6996bca1f44964e15e30114febd,8261.119,8260.4,4273,exact-open-set-id-v2,1788205506004967144,127,127,2049,16464,b36295c0704924270fc3a3b3f16202833b830379970b827e876ae0396f5eda83,5.699,
22,primary_genuine,17,1012,genuine,0,-104,17,1012,2,True,17,18,True,17,18,digiface-17-1012,False,,5.26,0.47,32840,bb26333b411fd9e0fd473762a88bb42120b18671d57bd8bfb1c0c0e878943945,8297.473,8296.8,4273,exact-open-set-id-v2,1788205506004967144,127,127,2049,16464,01755b06ea6cd905b91067b540c73516dcd73475d68c4f93e410792d8790739b,5.49,
23,primary_genuine,18,1013,genuine,0,-304,18,1013,1,True,18,19,True,18,19,digiface-18-1013,False,,5.441,0.44,32840,8651e866a0147504fc9fb85f6ef259dbb4053b6e12bfb8531092a182c50160c5,9369.484,9368.7,4273,exact-open-set-id-v2,1788205506004967144,127,127,2049,16464,0d10c565702dde975819620a66e251b0ce8bfc8c426173563070f9bfe6e8c062,6.681,
24,primary_genuine,19,1014,genuine,0,-281,19,1014,1,True,19,20,True,19,20,digiface-19-1014,False,,8.139,0.64,32840,ab72096e70036a4dcc206793557d7d16f544c01db45a5cea03b87996799b4853,8464.821,8464.0,4273,exact-open-set-id-v2,1788205506004967144,127,127,2049,16464,e906ffc8206bb7624833959f3d6a4b96c7705523f67394b2fe1a4f8d944ad66a,5.369,
25,primary_genuine,20,1015,genuine,0,-356,20,1015,1,True,20,21,True,20,21,digiface-20-1015,False,,6.166,0.78,32840,f31b5eb7c577717423b51ef00a096a98e38f39c6411da70c82bdc1c8c7e21629,8514.396,8513.6,4273,exact-open-set-id-v2,1788205506004967144,127,127,2049,16464,fc1feeb9e347b1189fc0a7a6b16b696bdcc6c70eaca9914d2158a7bbc0bb2168,5.682,
26,primary_genuine,21,1016,genuine,0,-342,21,1016,1,True,21,22,True,21,22,digiface-21-1016,False,,5.997,0.53,32840,c7aeeeb9d9e59e4584990ec9e6f0538622f2ec7d514966bc5c439659ff00e74b,7959.723,7959.1,4273,exact-open-set-id-v2,1788205506004967144,127,127,2049,16464,51172667c465441f35ebc444f97362b8d4d7447987828941b9635e590670cda8,5.486,
27,primary_genuine,22,1017,genuine,0,-99,22,1017,1,True,22,23,True,22,23,digiface-22-1017,False,,5.993,0.45,32840,f72c601e2638e1031bc36552086856e2ebc82fb5c2db12d1d819e1cc532b42fe,7811.124,7810.1,4273,exact-open-set-id-v2,1788205506004967144,127,127,2049,16464,31a6310fe27fef3f08c2ee1f7af59122690999c3c619e478ba2d3962fbf60b8b,5.76,
28,primary_genuine,23,1018,genuine,0,-246,23,1018,1,True,23,24,True,23,24,digiface-23-1018,False,,5.637,0.46,32840,c12e34a3d1008b9f09505ebc97189c4eb519b35007a824e022fe8ea823dcfeb1,7726.522,7725.8,4273,exact-open-set-id-v2,1788205506004967144,127,127,2049,16464,db9069ff343347e8929a9f6d38bc249da5c411fdde23d78f0089b57b5aa6b65c,5.477,
29,primary_genuine,24,1019,genuine,0,-367,24,1019,1,True,24,25,True,24,25,digiface-24-1019,False,,5.895,0.69,32840,a881dba8dd95369e4747108a2475f7b2c35cdfb180b46be1f8eb94cc6bb38173,7409.998,7409.3,4273,exact-open-set-id-v2,1788205506004967144,127,127,2049,16464,7c36f0248ec6561a1c0db6bcd10bc46847b449c4b2ca30e8e9c6b2d5aae575ac,6.143,
30,primary_genuine,25,102,genuine,0,-321,25,102,1,True,25,26,True,25,26,digiface-25-102,False,,4.957,0.4,32840,7d98877dfb4666c245b60a62f96f8bd0c4fadf89daafbce5b8c4f8c8992fed3f,10271.324,10270.1,4273,exact-open-set-id-v2,1788205506004967144,127,127,2049,16464,33440953ca59fb1ea72a785435421d4d2dd993f8798a72faafc777b175d4a755,6.891,
31,primary_genuine,26,1020,genuine,0,-410,26,1020,1,True,26,27,True,26,27,digiface-26-1020,False,,5.676,0.44,32840,2f4a4ab2297ee2d46e89136f69d780f0b9a316bbfd09dae2713f6bf0c6081de2,10690.323,10689.5,4273,exact-open-set-id-v2,1788205506004967144,127,127,2049,16464,6ec8bfb7a11054ccec9f13a59d7f56d00b7d21ff0653a0656e1fc0c23d9d0e1e,7.173,
32,primary_genuine,27,1021,genuine,0,-264,27,1021,1,True,27,28,True,27,28,digiface-27-1021,False,,6.988,0.45,32840,fd8678de823f5abe4de29835401561a7c364faf364b7389ebb313d97337a5900,10914.507,10913.6,4273,exact-open-set-id-v2,1788205506004967144,127,127,2049,16464,1a8a658ccf0c9016f92aa3e57f87b427b8f98913002e710dbc5daa165bc695a4,7.681,
33,primary_genuine,28,1022,genuine,0,-320,28,1022,1,True,28,29,True,28,29,digiface-28-1022,False,,9.662,0.67,32840,b8096f57a0bd4a98597c957a62ea8eb533bbf1ee424c21541c181c85cdb60469,9232.971,9232.2,4273,exact-open-set-id-v2,1788205506004967144,127,127,2049,16464,1c3b65ad7201b84d5ce4c721066e534df1aeda49c9b83af16d7b813ae1d26fb3,5.288,
34,primary_genuine,29,1023,genuine,0,-303,29,1023,1,True,29,30,True,29,30,digiface-29-1023,False,,5.561,0.47,32840,fc406cdd16d014337978e54175f3f2026fc5124a9ba9d96073cd73082aea6fcd,9175.356,9174.2,4273,exact-open-set-id-v2,1788205506004967144,127,127,2049,16464,b75d468d69a4d33c14bb2693b59f4a1f4c5bf25af87330c54bf9188a22d243d6,5.911,
35,primary_genuine,30,1024,genuine,0,-178,30,1024,1,True,30,31,True,30,31,digiface-30-1024,False,,5.851,0.49,32840,d17587a92e02514d9f7a47caa039d795ae58ed1a04ce34d2c1f6b624b91afe5b,7928.21,7927.3,4273,exact-open-set-id-v2,1788205506004967144,127,127,2049,16464,b4f0f34d3c88b0a960ea7c69f9b39ad09d0b58a233ad69514b1c904d2797d705,6.236,
36,primary_genuine,31,1025,genuine,0,-159,31,1025,1,True,31,32,True,31,32,digiface-31-1025,False,,6.967,0.71,32840,3889634fbb01dfebc55d0a53e969f048b326bfb5953d8edfbe9ad5b0775aa50a,7858.47,7857.7,4273,exact-open-set-id-v2,1788205506004967144,127,127,2049,16464,1844556d0ed84849485650aee37edb7586867e8fdf78909d4db6a3685844af9a,6.139,
37,primary_genuine,32,1026,genuine,0,-263,32,1026,1,True,32,33,True,32,33,digiface-32-1026,False,,11.662,0.5,32840,736679ec53dd1c49c910ac3d8cdc7e70aade7aec5faa2790dd6b86eb8ae5bea3,8494.671,8493.6,4273,exact-open-set-id-v2,1788205506004967144,127,127,2049,16464,2a4f87287c49cbb2099f1744bfe0777fcdba8282e91dcb4c42f86b670df319c7,5.424,
38,primary_genuine,33,1027,genuine,0,-270,33,1027,1,True,33,34,True,33,34,digiface-33-1027,False,,4.809,0.41,32840,37bc3f664f5d5b09e4ce6332b168bc35f332dfc036b5061221ed4ee7c9432478,7918.6,7917.8,4273,exact-open-set-id-v2,1788205506004967144,127,127,2049,16464,fea5ffca2a570cef7260e81a7fce64524ae54ada9cbb3d09781cd996a9243722,5.517,
39,primary_genuine,34,1028,genuine,0,-337,34,1028,1,True,34,35,True,34,35,digiface-34-1028,False,,5.497,0.47,32840,1f434ee22104748f29bc6faf88e4ca13aeafe7e2546324bc88749350df4f6476,7998.854,7998.2,4273,exact-open-set-id-v2,1788205506004967144,127,127,2049,16464,4e6ea4a8a735db0d6c7970bdbc44c99c80b7300828e485456f70c6bc4523086c,5.532,
40,primary_genuine,35,1029,genuine,0,-254,35,1029,1,True,35,36,True,35,36,digiface-35-1029,False,,5.817,0.5,32840,8a36872178f17374790ae465a90a961b56d64479143f9dcf35e457f1994f29e3,8089.835,8089.1,4273,exact-open-set-id-v2,1788205506004967144,127,127,2049,16464,89495e9c61aae0f014dd723118a2d80d4f9bf055d1e5ef3a48273be50ecc9142,5.86,
41,primary_genuine,36,103,genuine,0,-340,36,103,1,True,36,37,True,36,37,digiface-36-103,False,,5.922,0.68,32840,ae714cce65f7951837448bc5faba5a2f622719e171845aa6f3d61067376a8832,8349.672,8349.0,4273,exact-open-set-id-v2,1788205506004967144,127,127,2049,16464,2201b1a8fbdd5aadad2825bd2d90d4f0c1985759081ecc42120882a160876598,7.354,
42,primary_genuine,37,1030,genuine,0,-225,37,1030,1,True,37,38,True,37,38,digiface-37-1030,False,,7.667,0.49,32840,d1251a153a07b48514af09f1a462257688d3fa28f192ead840a6015dba5ff7ea,9073.197,9072.4,4273,exact-open-set-id-v2,1788205506004967144,127,127,2049,16464,f06a0f9d4cd9e41f276041717244879d018b2626bb21a545d9449286bf2436f3,6.155,
43,primary_genuine,38,1031,genuine,0,-261,38,1031,1,True,38,39,True,38,39,digiface-38-1031,False,,5.817,0.48,32840,c5a1a9349fcfe956c107bcc65115159b817ac593ef7e67fcb8266318d95a954f,9693.335,9692.1,4273,exact-open-set-id-v2,1788205506004967144,127,127,2049,16464,21a6c0ca18fc706ab2837876efd51101c4630abd6276f4d4473f571517d7ffcf,5.384,
44,primary_genuine,39,1032,genuine,0,-434,39,1032,1,True,39,40,True,39,40,digiface-39-1032,False,,5.952,0.45,32840,e795fcdb2be0e82387838f53bbc4d672ac7ac2d9edae59a348156e28921ab3ed,9225.519,9224.7,4273,exact-open-set-id-v2,1788205506004967144,127,127,2049,16464,039470687ec9062b3b5266a8993c24584a06c29876a62f801b03a50ee04299a1,6.436,
45,primary_genuine,40,1033,genuine,0,-291,40,1033,1,True,40,41,True,40,41,digiface-40-1033,False,,5.548,0.52,32840,b01c1d3b270429eb5800df9451723cc3bb564e166108f1bea94f83d1d9a641eb,8455.556,8454.8,4273,exact-open-set-id-v2,1788205506004967144,127,127,2049,16464,5f4311fcdcfcaf04667372ef51b6d106c3b76b526b3990e008754dcfb85e9c76,5.904,
46,primary_genuine,41,1034,genuine,0,-256,41,1034,1,True,41,42,True,41,42,digiface-41-1034,False,,6.564,0.46,32840,2c2c05163fa21b3bbbfa3cf3e24156cf843621c4d5a2691e5977333718eb4181,11019.238,11018.5,4273,exact-open-set-id-v2,1788205506004967144,127,127,2049,16464,26e75c2901ab719219be412e077decdfcd378c9ea2a81177874583f8226d6c1d,6.794,
47,primary_genuine,42,1035,genuine,0,-390,42,1035,1,True,42,43,True,42,43,digiface-42-1035,False,,5.558,0.48,32840,6ba676bc829f332dd3465b69fd24ea679f3c97a7b51e94b114963f2f485b8310,9398.375,9397.8,4273,exact-open-set-id-v2,1788205506004967144,127,127,2049,16464,f2f14fa968785e8a9a717eb02ce1030d58dbfee3ab69b6091b7ca77a2535718f,5.321,
48,primary_genuine,43,1036,genuine,0,-271,43,1036,1,True,43,44,True,43,44,digiface-43-1036,False,,5.593,0.5,32840,e0565fa6d81ec081b6e44df3f34fcb4f27cd9047144b0229ef5c9455c46c65f8,9069.407,9068.8,4273,exact-open-set-id-v2,1788205506004967144,127,127,2049,16464,7ce75f7ce427cacaf97ff81a681a016642abc673cf9da785a7d8244f1214879e,5.391,
49,primary_genuine,44,1037,genuine,0,-241,44,1037,1,True,44,45,True,44,45,digiface-44-1037,False,,6.09,0.48,32840,08aa7801cd7e4153a35bbc58879811a3b5adf8bd4831cce30b41608998dd172e,9060.214,9059.1,4273,exact-open-set-id-v2,1788205506004967144,127,127,2049,16464,bfc312a2e136064bd1027c890e9d7f94be308b0286bde566567f06cf3434919a,5.667,
50,primary_genuine,45,1038,genuine,0,-291,45,1038,1,True,45,46,True,45,46,digiface-45-1038,False,,5.394,0.5,32840,966f73b88c34e9e14282fdab3fae08601e32c00a799a594f3e1370f1f94b01bc,9565.184,9564.2,4273,exact-open-set-id-v2,1788205506004967144,127,127,2049,16464,48233ae65a67a9fad6c215a28dd3b66c7e555e1854c308d9e108ed23cfbced15,5.707,
51,primary_genuine,46,1039,genuine,0,-320,46,1039,1,True,46,47,True,46,47,digiface-46-1039,False,,5.434,0.39,32840,1bc34afa67331b55bc02a33fc8609798095700538b9aec25fd5cdcd00f9d017b,7986.926,7986.2,4273,exact-open-set-id-v2,1788205506004967144,127,127,2049,16464,c1ff07211e6984bc4bb4335fc3710b83a586dee35b0942ea8c1354496ffe2068,5.649,
52,primary_genuine,47,104,genuine,0,-320,47,104,1,True,47,48,True,47,48,digiface-47-104,False,,5.481,0.45,32840,6647b74ebfe8ec4e75eb0803564f051538576ee234830f943d007eb24a295f9c,8204.267,8203.6,4273,exact-open-set-id-v2,1788205506004967144,127,127,2049,16464,ab734e9685a57239c28abe08a1d11d90518610b57f9ceeddd514d87d5653d4e1,5.656,
53,primary_genuine,48,1040,genuine,0,-166,48,1040,1,True,48,49,True,48,49,digiface-48-1040,False,,5.731,0.5,32840,fe5646bcbaab59a02df735dce31b2bdd74943c8d0c1974f09895ef69575239bc,8725.34,8724.4,4273,exact-open-set-id-v2,1788205506004967144,127,127,2049,16464,c6d9100d9c8b33c0390347acf261556ccc9bcc52d41e5af6d40ce8268c59006b,5.751,
54,primary_genuine,49,1041,genuine,0,-14,49,1041,1,True,49,50,True,49,50,digiface-49-1041,False,,5.429,0.46,32840,fbe154bbdd173ed8e0b296668492d49ac4fc7326b81b518a95535d653d1b6c4f,9896.491,9895.8,4273,exact-open-set-id-v2,1788205506004967144,127,127,2049,16464,432da1394b52df5fff3d0bb63d2560a723a0f5572426e0701886fa64d379becf,6.0,
55,primary_genuine,50,1042,genuine,0,-372,50,1042,1,True,50,51,True,50,51,digiface-50-1042,False,,5.901,0.47,32840,c2d5abafd134ad5b5bdab0f510c34a09f563b5357b8fb0cb7f39ee5613649643,8582.379,8581.8,4273,exact-open-set-id-v2,1788205506004967144,127,127,2049,16464,cee745d4c78be9a175e59f8c3e6a90ec4fb6bbfa9512e8f64e3c9b41c75b8ac5,5.812,
56,primary_genuine,51,1043,genuine,0,-369,51,1043,1,True,51,52,True,51,52,digiface-51-1043,False,,7.535,0.64,32840,f38c7aec20f2f819ad0e19378972afb5cfda352cc09ab3fcc6fe9f566235a33f,8332.782,8331.8,4273,exact-open-set-id-v2,1788205506004967144,127,127,2049,16464,ced8244c3a719791f480a748431a1bd20f83914b967bf4f7a9a433a188ae9aed,5.574,
57,primary_genuine,52,1044,genuine,0,-301,52,1044,1,True,52,53,True,52,53,digiface-52-1044,False,,6.357,0.46,32840,dcf33eb997b5615d014b2444fc5824237d863cc57c16d609144ed24e152b564f,10511.205,10510.3,4273,exact-open-set-id-v2,1788205506004967144,127,127,2049,16464,2e1504e4550dd49dd75123998f54b6f040a3fac01fd1e9d865b9870ee3ce8fa4,6.23,
58,primary_genuine,53,1045,genuine,0,-305,53,1045,1,True,53,54,True,53,54,digiface-53-1045,False,,8.498,0.73,32840,d43b4d02ed6263c66eaf9d6af2015951c0ddf11ab23ff163b9a44cc8d9893127,10096.7,10094.7,4273,exact-open-set-id-v2,1788205506004967144,127,127,2049,16464,c9cdbec02ac748d5c49c46cb20fd7dc614ec73b1c3872e7f424fd41e9bc6f68e,8.286,
59,primary_genuine,54,1046,genuine,0,-376,54,1046,1,True,54,55,True,54,55,digiface-54-1046,False,,6.162,0.43,32840,2c518c32b5b896df52e7a6775b452ffccbba18d2a1c61668a92602439d705d19,9948.461,9947.8,4273,exact-open-set-id-v2,1788205506004967144,127,127,2049,16464,46262865a09bc06352e4f8ef5afc8204aff62c2a050745d3fce052c35ebf814c,8.327,
60,primary_genuine,55,1047,genuine,0,-374,55,1047,1,True,55,56,True,55,56,digiface-55-1047,False,,6.313,0.45,32840,a8bf42700a752bf743a1e28296523b768f2377886af81bd7a2f06e70b12a2d1a,9729.852,9729.2,4273,exact-open-set-id-v2,1788205506004967144,127,127,2049,16464,4f42e5dd08198a9dd95e66e45c9ff02282c60417ad554cb10b21aaecc2d5604e,5.326,
61,primary_genuine,56,1048,genuine,0,-373,56,1048,1,True,56,57,True,56,57,digiface-56-1048,False,,7.139,0.6,32840,f9991c6e5deb7441146def7c76eefae3da0018242fbd045c7bc2e7fbe2a6fc01,8924.492,8923.7,4273,exact-open-set-id-v2,1788205506004967144,127,127,2049,16464,ff1f06dae8d6f3546513854f7af9caa188002bb423f0509ae3e1bb14e7d58145,6.742,
62,primary_genuine,57,1049,genuine,0,-46,57,1049,1,True,57,58,True,57,58,digiface-57-1049,False,,5.911,0.46,32840,87447b674e55c5acfe6479511235a1903cdb3f50a3b11b85126e311878b47751,8543.548,8542.6,4273,exact-open-set-id-v2,1788205506004967144,127,127,2049,16464,ca2b0bb1a3dd2f70ef81db1b641652a5ec8832ecd11004e66c4e42d379585e87,6.614,
63,primary_genuine,58,105,genuine,0,-359,58,105,1,True,58,59,True,58,59,digiface-58-105,False,,7.654,0.98,32840,f03ac5c5cf4db9f36945c439f7cef59b0ea307b88ed65098060719fc3b0fa95e,9284.275,9283.2,4273,exact-open-set-id-v2,1788205506004967144,127,127,2049,16464,0506c265950f121265c2ac23af83643585410db68add318d2bdcec27a842fc29,5.513,
64,primary_genuine,59,1050,genuine,0,-299,59,1050,1,True,59,60,True,59,60,digiface-59-1050,False,,7.22,0.46,32840,6aabe41ec38a2f6cbf6bb1e70595bff69945290c4816b6406bb79644f0355929,8010.978,8010.1,4273,exact-open-set-id-v2,1788205506004967144,127,127,2049,16464,b288c967b1e487ee4b142b0ff2c628d8e173815a9f7f96b320aab3a3e24a6155,5.507,
65,primary_genuine,60,1051,genuine,0,-372,60,1051,1,True,60,61,True,60,61,digiface-60-1051,False,,6.006,0.44,32840,bb75d98ce1c3f5d36bb301f547ee1b4dde69569c6d9d9d81e9a8e49d3c50e311,8488.766,8488.1,4273,exact-open-set-id-v2,1788205506004967144,127,127,2049,16464,dec960ed9419ccbd54cacc7cbe8da8518df01edf1b5b78c937b939b275327a43,6.023,
66,primary_genuine,61,1052,genuine,0,-348,61,1052,1,True,61,62,True,61,62,digiface-61-1052,False,,5.501,0.46,32840,e5a63a1bc76c20ce71c184006f32c9332515bb9ea6a5ea3cfffac7bcf84b2487,7521.554,7520.7,4273,exact-open-set-id-v2,1788205506004967144,127,127,2049,16464,5562b50d46f1a9cc65ab0f935440b5c6f0dbcc78ea8d2409da7779c877d2abcb,6.25,
67,primary_genuine,62,1053,genuine,0,-392,62,1053,1,True,62,63,True,62,63,digiface-62-1053,False,,5.554,0.47,32840,91bf5aa0f3d086905c5c4c507e0f301bc10c1c0faf0884d67bf1e593874c3f4f,8290.641,8289.6,4273,exact-open-set-id-v2,1788205506004967144,127,127,2049,16464,10627dfe289421ac8f44e7be8e809f9d582627cca7e5541078242b024b49579c,5.523,
68,primary_genuine,63,1054,genuine,0,-281,63,1054,1,True,63,64,True,63,64,digiface-63-1054,False,,5.26,0.38,32840,fb5557e3be82f4c9ade03a2ccb902f4c156ba733916c1f61f3260aa849f8aa2a,7703.361,7702.8,4273,exact-open-set-id-v2,1788205506004967144,127,127,2049,16464,ab91ad2e01d0060f56bf3e11881a0e29b2f47e688b7c164c1eb31668be0b7e42,5.464,
69,primary_genuine,64,1055,genuine,0,-349,64,1055,1,True,64,65,True,64,65,digiface-64-1055,False,,6.834,0.49,32840,a1fc7104a23bf3a964f49c3db9ad4a7619cb7a4188e0dfdf4aad9a7f45a3f270,7716.638,7715.9,4273,exact-open-set-id-v2,1788205506004967144,127,127,2049,16464,ecb15b1fec18221e8c3b9eae2a360e0815d8237dc37042b65b7c48fb49ae0647,5.697,
70,primary_genuine,65,1056,genuine,0,-181,65,1056,1,True,65,66,True,65,66,digiface-65-1056,False,,4.915,0.45,32840,1bc069837709a9f720bf6eceec97184d328f21c818172119fb751d9f2027f59c,7623.569,7622.6,4273,exact-open-set-id-v2,1788205506004967144,127,127,2049,16464,c5e666d8004a6eee0c11ab3c66a0b77b99a893ce72e41630a7b08bc91182eff6,16.224,
71,primary_genuine,66,1057,genuine,0,-331,66,1057,1,True,66,67,True,66,67,digiface-66-1057,False,,10.43,1.18,32840,46e5360d7b0063b021dba7a8f52be68170d772af9224ba9b10a0fffb94d74c49,8163.268,8161.0,4273,exact-open-set-id-v2,1788205506004967144,127,127,2049,16464,6b87eae6d3eb6ecbffe10e4ba04740356407a2042da486d8c6ceb9e240a5ec76,6.206,
72,primary_genuine,67,1058,genuine,0,-233,67,1058,1,True,67,68,True,67,68,digiface-67-1058,False,,5.782,0.46,32840,76d3a91fd52e83265d0a0ceb66dba61e8ca387165ee8848a80f9039969fe47c1,7868.119,7867.2,4273,exact-open-set-id-v2,1788205506004967144,127,127,2049,16464,4c157f4f31600de607bc6501636667f7bdd49faba9288f574b4614225afaa34b,5.47,
73,primary_genuine,68,1059,genuine,0,-341,68,1059,1,True,68,69,True,68,69,digiface-68-1059,False,,5.528,0.42,32840,5dc6456501b686ee9b6f9f32f9ee0ca0bb090b3a0eed4861012e1db88b8cbb18,7525.954,7525.3,4273,exact-open-set-id-v2,1788205506004967144,127,127,2049,16464,98f99c73fa500838b9bd6cd6ce3b515b182dca299824d62688c0adc60c377aa1,5.544,
74,primary_genuine,69,106,genuine,0,-126,69,106,1,True,69,70,True,69,70,digiface-69-106,False,,5.592,0.46,32840,f044cdada9231a7dde32d75c5b220b157977a525b2915578839b357e6e06471f,7617.957,7617.2,4273,exact-open-set-id-v2,1788205506004967144,127,127,2049,16464,f1c149acfa86af8e89914cc0440af7199889fe4a8e913922a96e7c98aa830892,6.155,
75,primary_genuine,70,1060,genuine,0,-384,70,1060,1,True,70,71,True,70,71,digiface-70-1060,False,,5.51,0.44,32840,f62e0c511e1ee3fbd0e3a5555545265b3f3f019e347c999c6ff8efcdf39ac7ae,7366.741,7366.1,4273,exact-open-set-id-v2,1788205506004967144,127,127,2049,16464,061c038d87c8ce374c68c7757e8704f4e3c5743eea53ed8c9e56b387ac547d5d,5.184,
76,primary_genuine,71,1061,genuine,0,-294,71,1061,1,True,71,72,True,71,72,digiface-71-1061,False,,5.011,0.42,32840,c510449bc46c5c89ca2e6dd7e26932f0dd164914914bb9dbc87c62db6156a023,8465.71,8465.0,4273,exact-open-set-id-v2,1788205506004967144,127,127,2049,16464,bef1ae3e55ff1820db286e4791da183ee8e6f2208372a1bab51159e23e661401,6.017,
77,primary_genuine,72,1062,genuine,0,-242,72,1062,1,True,72,73,True,72,73,digiface-72-1062,False,,5.623,0.43,32840,8c34f9f99184de1442b466d7b19686055aea7b980cd1b2dbd1b7e91760849d77,9245.156,9244.3,4273,exact-open-set-id-v2,1788205506004967144,127,127,2049,16464,bfc775ee95d4592d85c4f8ab3775a315d7a95ab2da7d21f44ea867b64d767368,6.842,
78,primary_genuine,73,1063,genuine,0,-223,73,1063,1,True,73,74,True,73,74,digiface-73-1063,False,,5.983,0.46,32840,052e0402ffa836f7dfe9876fc9199f07e9eb6a0eca1bd3b942d6ac4f22781ad4,9716.699,9715.8,4273,exact-open-set-id-v2,1788205506004967144,127,127,2049,16464,7de88e9a368b662a6b711a04252ef9d528fd642cba3af8a6f0d69ab3f7254ac0,5.806,
79,primary_genuine,74,1064,genuine,0,-339,74,1064,1,True,74,75,True,74,75,digiface-74-1064,False,,6.122,0.51,32840,5fbcf0c2f8a01e1239863f6b345279e7e5bcc6a0be62411a1ded7169ea08fd7a,10329.951,10329.1,4273,exact-open-set-id-v2,1788205506004967144,127,127,2049,16464,c00087360c853ff86a2a2d329f332ab7696d6acebd46e27de7d48a817a0e96bb,6.131,
80,primary_genuine,75,1065,genuine,0,-89,75,1065,1,True,75,76,True,75,76,digiface-75-1065,False,,6.207,0.69,32840,5306160f4cb92db86049153b2145bf0c3bbcc32482fb8080bc0fe1bb51927822,8366.331,8365.6,4273,exact-open-set-id-v2,1788205506004967144,127,127,2049,16464,4d93beee315e2ad291da79e8fe36382884af8ecfc3595d0b7a63724ea8e9679a,5.78,
81,primary_genuine,76,1066,genuine,0,-311,76,1066,1,True,76,77,True,76,77,digiface-76-1066,False,,5.646,0.47,32840,26e8ddf871a60e4c8915655efafcb735577bbb095e9f19eead49b696e357b2cf,8867.073,8866.3,4273,exact-open-set-id-v2,1788205506004967144,127,127,2049,16464,2ad04fda269c5cb1e7c46084d05f3ae32c7473a96f0cac74c23413a856e54ad6,6.404,
82,primary_genuine,77,1067,genuine,0,-206,77,1067,1,True,77,78,True,77,78,digiface-77-1067,False,,5.648,0.46,32840,3aaa40540db4cb08dedee0c3fe3b1a71c85cafa4fa60f78fdb8863017d284a05,8338.77,8338.1,4273,exact-open-set-id-v2,1788205506004967144,127,127,2049,16464,8109a52e2d8722b69dba0c0be11776f4ee556f6ad60ed3e3739cd35389ce2f72,5.411,
83,primary_genuine,78,1068,genuine,0,-259,78,1068,1,True,78,79,True,78,79,digiface-78-1068,False,,5.53,0.47,32840,8b2c85f9e42726a1d142b60459512dada384238c43d63d1f648e3e796e0e0661,8575.184,8574.3,4273,exact-open-set-id-v2,1788205506004967144,127,127,2049,16464,0061bff60edfdbf406c4d0e9b6cc1f88ec6a38dc7c1c15c5ee4f44b9dc81aea3,5.383,
84,primary_genuine,79,1069,genuine,0,-298,79,1069,1,True,79,80,True,79,80,digiface-79-1069,False,,6.08,0.55,32840,4fd7eadd1fecc6b519054454dad99fe0c406a1df85d4488ccbdd4c6c725bbbfe,9400.969,9399.4,4273,exact-open-set-id-v2,1788205506004967144,127,127,2049,16464,ff226ba544b677d7d9156d6343f9b36a50eb63c286d45fb73ed589227bb59fc3,7.557,
85,primary_genuine,80,107,genuine,0,-428,80,107,1,True,80,81,True,80,81,digiface-80-107,False,,23.549,1.31,32840,199c51cfb9bdbe21ffed6b37986dad32cf3c258b2f9b838ff8fb0364c86e69e4,11100.221,11099.3,4273,exact-open-set-id-v2,1788205506004967144,127,127,2049,16464,31f5d047a66a55a571e705feb265dd4d98a492cf8fef216304d4dc42bf6cb6c1,6.962,
86,primary_genuine,81,1070,genuine,0,-357,81,1070,1,True,81,82,True,81,82,digiface-81-1070,False,,6.422,0.47,32840,f23ec85745e66604825ffefd9783d5d12a01fc267fe849e7b8a2585948cb9b71,10031.803,10030.9,4273,exact-open-set-id-v2,1788205506004967144,127,127,2049,16464,69741adaa305d69950174978a3667e0eabc532bbd1d84ed27e2db086b91e79b3,6.923,
87,primary_genuine,82,1071,genuine,0,-291,82,1071,1,True,82,83,True,82,83,digiface-82-1071,False,,8.349,0.49,32840,a2fbdbb5718da975a1e7eacb7259c04e39b55643027f4eb8adbc3609b84dc0d9,9005.952,9005.0,4273,exact-open-set-id-v2,1788205506004967144,127,127,2049,16464,b5ce0312278c90474efecb2dc9f75694feb1cb0a08cb9e3287ca88414aea4a72,6.386,
88,primary_genuine,83,1072,genuine,0,-239,83,1072,1,True,83,84,True,83,84,digiface-83-1072,False,,6.765,0.47,32840,69881a461b21aa0af8785eb4277a9a69133c170146be80cb48ab4956532ef041,8737.593,8736.7,4273,exact-open-set-id-v2,1788205506004967144,127,127,2049,16464,b6e7b2c36ca6a2cc3fa10bab1068611767802f608fccc061bfcee39cd2b8dcab,6.813,
89,primary_genuine,84,1073,genuine,0,-356,84,1073,1,True,84,85,True,84,85,digiface-84-1073,False,,6.233,0.46,32840,af424d179c51c8a26eb7701f8e2f7251ddc8c650c62982b0b22832a5279569e7,7861.106,7860.4,4273,exact-open-set-id-v2,1788205506004967144,127,127,2049,16464,08a48b060a116c8eab806030ee0fa80458421c0ac1b880850dee72fd5c3452c2,5.1,
90,primary_genuine,85,1074,genuine,0,-228,85,1074,1,True,85,86,True,85,86,digiface-85-1074,False,,5.317,0.42,32840,1960d5c4dac01d741f743cb5dff5ac2f46af8aedebe9c16660c5d51922ada0ac,7691.65,7691.0,4273,exact-open-set-id-v2,1788205506004967144,127,127,2049,16464,599177f2f0ec78c185ca0d0822577289a5a9365884c8049fa72364319a6b7515,5.492,
91,primary_genuine,86,1075,genuine,0,-251,86,1075,1,True,86,87,True,86,87,digiface-86-1075,False,,5.365,0.49,32840,3e43462add376e5f5921c32bcc5efa8cd4b0f92b46ce564d84b5858a25edd5f1,9354.576,9353.6,4273,exact-open-set-id-v2,1788205506004967144,127,127,2049,16464,d99d3245dcaf2d5d4ccf2c82f1d19bc3802dc3c45beafbce1d2208764333a95f,5.896,
92,primary_genuine,87,1076,genuine,0,-269,87,1076,1,True,87,88,True,87,88,digiface-87-1076,False,,7.082,1.72,32840,307bf87fefeb7626f0356bee5fac30b275e307dc861b02f18fb823de937df7c1,8071.884,8071.1,4273,exact-open-set-id-v2,1788205506004967144,127,127,2049,16464,0c7e0c293aca476980a9b46346b3e0a4f302de6f25626d1bc8fabdc3d4834d31,5.609,
93,primary_genuine,88,1077,genuine,0,-391,88,1077,1,True,88,89,True,88,89,digiface-88-1077,False,,5.574,0.46,32840,eddebe276a0aae60a34317425a8d2a9cd63d8aee4e315c3086831d70fc19372a,7388.765,7388.1,4273,exact-open-set-id-v2,1788205506004967144,127,127,2049,16464,18c72b795dc0802b9188f11def41c2ea0707457aaff034b81e9fffe21dde4c6d,6.244,
94,primary_genuine,89,1078,genuine,0,-257,89,1078,1,True,89,90,True,89,90,digiface-89-1078,False,,5.615,0.44,32840,a2cfa03f765dddf8a8b3ddff5287b9f5042f206c3f24b53a61d96c97db029543,7783.696,7782.9,4273,exact-open-set-id-v2,1788205506004967144,127,127,2049,16464,0dd45a935036d035c1e2301b249a04a1d4122b9d871649db1c3edf2c2a5ea148,5.728,
95,primary_genuine,90,1079,genuine,0,-266,90,1079,1,True,90,91,True,90,91,digiface-90-1079,False,,6.282,0.49,32840,712bf92bbb697cfd8b1a62c56a42a630e4fa936bb06b67728abd52d798763aeb,8964.342,8962.8,4273,exact-open-set-id-v2,1788205506004967144,127,127,2049,16464,4a52f94d954251ab4eb383c1267277474829cf5c6db92af83a4fab81f75ec517,14.308,
96,primary_genuine,91,108,genuine,0,-329,91,108,1,True,91,92,True,91,92,digiface-91-108,False,,14.156,2.86,32840,163df4d4f140ac851158887037e696ce51fd7069bdbe895b6afa61659ccca369,8698.185,8696.8,4273,exact-open-set-id-v2,1788205506004967144,127,127,2049,16464,93becc9e909b190a7e31adbea82275104fda21e578dbd818c45c9552075cef17,5.587,
97,primary_genuine,92,1080,genuine,0,-306,92,1080,1,True,92,93,True,92,93,digiface-92-1080,False,,5.508,0.44,32840,6422dbd1b4347afa0124745b62c8e1eca3d932232bca658b5504db8b6615f3b5,7960.103,7959.5,4273,exact-open-set-id-v2,1788205506004967144,127,127,2049,16464,3177fa73a70eb22d14ff2f95027b438605747df0c6e5c3be66f73e1cb6d45e15,11.831,
98,primary_genuine,93,1081,genuine,0,-316,93,1081,1,True,93,94,True,93,94,digiface-93-1081,False,,10.479,0.46,32840,092d6bbd3e2494c68c4ccda7dae00bb4d1e8d26b9f9921960387bcdf71c35eb7,8371.511,8370.6,4273,exact-open-set-id-v2,1788205506004967144,127,127,2049,16464,a76a82ba1c0c3e1004798f7817c21713f4d82f87e428b18499e40528e2ddb739,5.203,
99,primary_genuine,94,1082,genuine,0,-116,94,1082,1,True,94,95,True,94,95,digiface-94-1082,False,,5.562,0.51,32840,239b3d270f32444842180a858d656f69b8de9ac3407b3511e52358b5b0caf555,8156.975,8156.1,4273,exact-open-set-id-v2,1788205506004967144,127,127,2049,16464,6b203408b4ac1ad1093e58c0effa798e342f449da1adc103cf81c9234b4b7a27,6.246,
100,primary_genuine,95,1083,genuine,0,-367,95,1083,1,True,95,96,True,95,96,digiface-95-1083,False,,5.804,0.44,32840,363674f7eb4cea70bdb37aad3af1d37318b26bbb7b8caa9cf7b8e609a8cdaebb,7700.081,7699.2,4273,exact-open-set-id-v2,1788205506004967144,127,127,2049,16464,51cfd5438644fee1697726ba7331f7dc7cf089bb0793c4f695d4b128247ebc0c,5.401,
101,primary_genuine,96,1084,genuine,0,-377,96,1084,1,True,96,97,True,96,97,digiface-96-1084,False,,5.604,0.44,32840,c96d2521f1307b3e46d202b53e21cab59a685de9d1acf8618ee0a03385019b1c,7924.948,7924.2,4273,exact-open-set-id-v2,1788205506004967144,127,127,2049,16464,c0f26632bb9694f10a00ed03c47445b08de58acb2da00f3d7962dbcea57e284a,5.514,
102,primary_genuine,97,1085,genuine,0,-322,97,1085,1,True,97,98,True,97,98,digiface-97-1085,False,,5.923,0.43,32840,25b39862948695c3c70791c473457f9b4a5e49db6d72242695005a8eaf64a74a,7353.65,7353.0,4273,exact-open-set-id-v2,1788205506004967144,127,127,2049,16464,bcd0afd21856279739e9d670a87b21f2cb7a65d460d2e900398f5cee613f1717,5.574,
103,primary_genuine,98,1086,genuine,0,-275,98,1086,1,True,98,99,True,98,99,digiface-98-1086,False,,5.413,0.44,32840,b3756f3a2df413dbe68620dc1f25958a448c6ac0322225a90be0b4c97e7e3b9b,7400.885,7400.2,4273,exact-open-set-id-v2,1788205506004967144,127,127,2049,16464,b59b4c7547a4c955ba1f67b544511d0aa6ec4bd6095ead53334d81b319934796,5.319,
104,primary_genuine,99,1087,genuine,0,-450,99,1087,1,True,99,100,True,99,100,digiface-99-1087,False,,5.256,0.49,32840,2f16a8db990e5b4d653fa59b0b7f550bb38969bc0bd5d47bd69b1f5022f8b2ca,7335.951,7335.1,4273,exact-open-set-id-v2,1788205506004967144,127,127,2049,16464,3f6070710291647318a94413cc099f60d9e597fe9d869d50adc2368288eb0a23,5.082,
105,primary_genuine,100,1088,genuine,0,-328,100,1088,1,True,100,101,True,100,101,digiface-100-1088,False,,5.205,0.43,32840,657c7bad8e5d0b65c731ea7ef99b2d23d16518b8361300fd0d18c126e05edb26,7201.036,7200.2,4273,exact-open-set-id-v2,1788205506004967144,127,127,2049,16464,49406dcbe89ae83e71c365a53d9e7fd54e87861fab9c4a5af529dbdce6eb7c7d,5.693,
106,primary_genuine,101,1089,genuine,0,-388,101,1089,1,True,101,102,True,101,102,digiface-101-1089,False,,5.438,0.44,32840,bb131790d345a96c45b58755a25bd016fc1a98ecce2880c12e46776f0723e958,8151.108,8150.0,4273,exact-open-set-id-v2,1788205506004967144,127,127,2049,16464,296b65c08d3251bcbd2740b097a76ddf34598d6551b331b7ef5b5cad5e6d3354,5.752,
107,primary_genuine,102,109,genuine,0,-348,102,109,1,True,102,103,True,102,103,digiface-102-109,False,,5.741,0.51,32840,536c96e514d32f44f500c6f69319b97cc905db56f7d5c625cd2275fe6293b7ae,7425.437,7424.6,4273,exact-open-set-id-v2,1788205506004967144,127,127,2049,16464,8c73e56c39b57eabbc695b0e9a0dc0b5d8fe6c7c9cf2eb8415bd630996618c66,5.973,
108,primary_genuine,103,1090,genuine,0,-114,103,1090,1,True,103,104,True,103,104,digiface-103-1090,False,,14.302,0.47,32840,4e312e54db86120bef383e1a627d43e126f0f6d7e4fdcbff3331ed3bd5c54203,7738.246,7737.3,4273,exact-open-set-id-v2,1788205506004967144,127,127,2049,16464,15930964928e3b06a22a10ac3553a952797f96aebbd72854d8fe95f9847faf7d,5.841,
109,primary_genuine,104,1091,genuine,0,-334,104,1091,1,True,104,105,True,104,105,digiface-104-1091,False,,5.545,0.51,32840,274f1ddd29a77a71f5be35cf5d1cca15e4798e81eccaa2eea650c5c3e85541df,7272.355,7271.7,4273,exact-open-set-id-v2,1788205506004967144,127,127,2049,16464,36b3812fb7f4c15b9a1dfec7da1b5f81ba3d11b7cd0109459729c7e5f686f79a,6.37,
110,primary_genuine,105,1092,genuine,0,-354,105,1092,1,True,105,106,True,105,106,digiface-105-1092,False,,7.123,0.46,32840,b6b1d87018cce5287b35688a41c86bf9a36022ebba9b3cb04e6873609e4ed457,7165.902,7165.2,4273,exact-open-set-id-v2,1788205506004967144,127,127,2049,16464,f362a0f4fc90227edcbe55fb31255af6b9b4e8b7e833c3b45eb852f3c9faab68,6.57,
111,primary_genuine,106,1093,genuine,0,-229,106,1093,1,True,106,107,True,106,107,digiface-106-1093,False,,5.613,0.45,32840,86bb4776249c7efbdad944feefa1b9f454f79beda4aa2de93c90675b6fcd2d77,7449.785,7449.1,4273,exact-open-set-id-v2,1788205506004967144,127,127,2049,16464,12fe44f2f36a7ab3082fae006ad1a0bf2c8010ccfb0ae949cb394df245fac145,8.658,
112,primary_genuine,107,1094,genuine,0,-341,107,1094,1,True,107,108,True,107,108,digiface-107-1094,False,,6.582,0.46,32840,1202834398ed24adf9a9c2b1cc60f428f04638a65ce85b0fad98809483d40882,8539.918,8539.1,4273,exact-open-set-id-v2,1788205506004967144,127,127,2049,16464,a198d875ff1baecc4e3c1abfe19c24343df9436e942de42b742c93c068b14405,6.143,
113,primary_genuine,108,1095,genuine,0,-217,108,1095,1,True,108,109,True,108,109,digiface-108-1095,False,,5.727,0.44,32840,eace7d62dc466268120c10fba3fafa63e2cfaf18c0577cb4b34b50f2798777ec,7821.814,7820.7,4273,exact-open-set-id-v2,1788205506004967144,127,127,2049,16464,ec43d6c3c23abc178542e8ef37c2bedc75da24b42239b84db996639c32eb7c81,7.298,
114,primary_genuine,109,1096,genuine,0,-362,109,1096,1,True,109,110,True,109,110,digiface-109-1096,False,,6.054,0.55,32840,d302b754907ee76a828847e5e19b1803e130851498c0b0a43adc4648d8c27eb2,8978.822,8977.9,4273,exact-open-set-id-v2,1788205506004967144,127,127,2049,16464,5b58b970dc48268c5dac15fd34ba8aa803c414945a6384bd779cd91329f555f4,9.186,
115,primary_genuine,110,1097,genuine,0,-340,110,1097,1,True,110,111,True,110,111,digiface-110-1097,False,,7.03,0.49,32840,4e4a6ef921cad4a68ee5e02d1dd48a1b519fd8d2c86b1135fd2eebf799cb14a7,8697.404,8696.3,4273,exact-open-set-id-v2,1788205506004967144,127,127,2049,16464,a6b0da3ce5ab14d0a2c820de0caf3b1bc45b0ea0c3be6e051e2cc89ff7ccfe50,6.104,
116,primary_genuine,111,1098,genuine,0,-209,111,1098,1,True,111,112,True,111,112,digiface-111-1098,False,,7.738,0.53,32840,83b6b2d347f14eb0b2572197ae65326572b7defc721b6b42e6aa9d4ae8170f18,8337.674,8336.7,4273,exact-open-set-id-v2,1788205506004967144,127,127,2049,16464,dff80eb169e33fae6fa90e91a83396acf876a7b8bc0ee798698272e9df96cd13,6.777,
117,primary_genuine,112,1099,genuine,0,-315,112,1099,1,True,112,113,True,112,113,digiface-112-1099,False,,6.241,0.45,32840,56060ebf4166d8ddb718e63bd77a2374e4cd33440f0d620f5e6f07ba09ebae3e,8714.86,8713.8,4273,exact-open-set-id-v2,1788205506004967144,127,127,2049,16464,7d02e9ceaed66804e6ae22b95f56548701329266c8599f0d50334e75456e147d,5.975,
118,primary_genuine,113,11,genuine,0,-242,113,11,1,True,113,114,True,113,114,digiface-113-11,False,,6.405,0.44,32840,c7186c42fd019f1bfae7595ad06d8d0e674a38ff8bacbc53094e5b7d3af26c2f,8430.635,8429.4,4273,exact-open-set-id-v2,1788205506004967144,127,127,2049,16464,f7eeeb8da34ae66853794e7fe6d9f4df3fdf473307b02b0d22fc9414a781a9b0,5.722,
119,primary_genuine,114,110,genuine,0,-357,114,110,1,True,114,115,True,114,115,digiface-114-110,False,,6.514,0.47,32840,8046263bf62ccb7253124b5f65f4a4d77cc5aad1549cb5953015524eb6540462,8095.081,8094.1,4273,exact-open-set-id-v2,1788205506004967144,127,127,2049,16464,43d89b55a2b67d69ab0218961c040a580b42ba2618c4337bf6019fc2e82b1172,7.393,
120,primary_genuine,115,1100,genuine,0,-298,115,1100,1,True,115,116,True,115,116,digiface-115-1100,False,,5.828,0.5,32840,e5b886bba39a1cd485c024f12d827bf69bbaeebf6177020b67ef00ae77eb635c,7820.549,7819.6,4273,exact-open-set-id-v2,1788205506004967144,127,127,2049,16464,259a0001546d2604591303fdc708b50ed416401018e5b7da3871a757bca51786,5.555,
121,primary_genuine,116,1101,genuine,0,-375,116,1101,1,True,116,117,True,116,117,digiface-116-1101,False,,7.924,0.52,32840,d98e10dcca1530bc97a440f0f4a5a3818dfe15b379257f2b7f4cbc10949705b4,8580.587,8579.5,4273,exact-open-set-id-v2,1788205506004967144,127,127,2049,16464,c8b024a19475755b5d1924a23edc6f070cdbdefe1592a4b82efeb56a19589e02,6.732,
122,primary_genuine,117,1102,genuine,0,-260,117,1102,1,True,117,118,True,117,118,digiface-117-1102,False,,6.583,0.58,32840,c55b964bdf4292c4d028aa15f87c90c42a8f4a283e61e0f0369b9831f7c5142e,8231.534,8230.8,4273,exact-open-set-id-v2,1788205506004967144,127,127,2049,16464,74f7d6a47b75d836117939b5d3302161c4a813d6473dd8d55de715bb80cd14db,5.852,
123,primary_genuine,118,1103,genuine,0,-441,118,1103,1,True,118,119,True,118,119,digiface-118-1103,False,,5.755,0.46,32840,68e0576e129d779a9dc446b19c93609540225cdb791bf383bd0b248218e1e51d,7705.049,7704.3,4273,exact-open-set-id-v2,1788205506004967144,127,127,2049,16464,db85f76c4b8d770f4fbc55cd9ff876293f5f2c379679c7430e08b6e6b50e0ec2,6.588,
124,primary_genuine,119,1104,genuine,0,-392,119,1104,1,True,119,120,True,119,120,digiface-119-1104,False,,5.156,0.43,32840,553d5cbc6b17e57de68f1519584a53246afae56ce5f3fc33696ad68d962be239,7776.833,7776.0,4273,exact-open-set-id-v2,1788205506004967144,127,127,2049,16464,944bf1c52573a37a8b1ceb49c54ca0b5241800e46781fdd7f323d5a021141425,6.117,
125,primary_genuine,120,1105,genuine,0,-141,120,1105,1,True,120,121,True,120,121,digiface-120-1105,False,,6.15,0.42,32840,d6f95c32ff3b08be2f2b7d8993b59d234f4f6eadc03101b959e638042727a847,7404.693,7403.8,4273,exact-open-set-id-v2,1788205506004967144,127,127,2049,16464,2be2e03767e9e31ab7e68c9241a074b403aec8e4c8c6928512dcb9e8831500a7,5.479,
126,primary_genuine,121,1106,genuine,0,-398,121,1106,1,True,121,122,True,121,122,digiface-121-1106,False,,5.661,0.45,32840,2c898d1e6c719c78c532658c9629366fb7cef2372d9f0a5da1cc66b8823ec49e,7354.822,7354.1,4273,exact-open-set-id-v2,1788205506004967144,127,127,2049,16464,af2e562fb5137b3a2496ddbc15e71f0043c0db705f167e7a0b5db25157beb2ae,5.487,
127,primary_genuine,122,1107,genuine,0,-338,122,1107,1,True,122,123,True,122,123,digiface-122-1107,False,,5.217,0.45,32840,099ed4df13c1aa3cd06cdaba665eb7529ecf1035e091250a0a007c8c5001e519,7427.671,7426.7,4273,exact-open-set-id-v2,1788205506004967144,127,127,2049,16464,ea428beeb6ec8aff83dac40e6370f363fe4be74a4623bbc3f36913dc77df24e7,5.616,
128,primary_genuine,123,1108,genuine,0,-268,123,1108,1,True,123,124,True,123,124,digiface-123-1108,False,,6.059,0.42,32840,511a96e0fc60924a32ff3e88cd01f02b8bcd66728b9c15cfb03204deefb581a4,7697.721,7696.9,4273,exact-open-set-id-v2,1788205506004967144,127,127,2049,16464,99eea7b90c34d6a2c734e6e762cf5ff25abe1f66232dbd5f370af68272cb5f07,5.93,
129,primary_genuine,124,1109,genuine,0,-318,124,1109,1,True,124,125,True,124,125,digiface-124-1109,False,,6.333,0.47,32840,5525e0318e3a105b68a122faadbaa3817d48ae8accc9e12c43bbc51b6598cd42,7571.14,7570.4,4273,exact-open-set-id-v2,1788205506004967144,127,127,2049,16464,57b328d5b20b5eaab26093833d1682888d0bd74a5ee829f2486784bb0851e21b,5.397,
130,primary_genuine,125,111,genuine,0,-170,125,111,1,True,125,126,True,125,126,digiface-125-111,False,,7.252,0.42,32840,e456457ab8d1d6adc2817a83321dc8885320b0fa6d27a1f067a5bc89ed226ee1,7263.617,7262.9,4273,exact-open-set-id-v2,1788205506004967144,127,127,2049,16464,4918e0c706d51d91b39a91bbc32f47461c53b750fe40ba5e693d8818246a9d79,5.721,
131,primary_genuine,126,1110,genuine,0,-338,126,1110,1,True,126,127,True,126,127,digiface-126-1110,False,,6.017,0.47,32840,fce8313b5ccce8391499d95171190890e7d1a1661c965a71a781381306d728fd,7220.746,7220.1,4273,exact-open-set-id-v2,1788205506004967144,127,127,2049,16464,cf6f559ef2aa97711cf3a523f8928edc387f04225264b8f6e7bda7aff0ad9318,5.248,
132,primary_test_impostor,627,1562,primary_test_impostor,0,29,64,1055,0,False,,0,False,,0,,False,,5.749,0.52,32840,929caa03294acedeba23c96ca27adb61f277a43da88bdb6472fa01cab969578c,7236.977,7236.2,4273,exact-open-set-id-v2,1788205506004967144,127,127,2049,16464,37b55acaf9f47feee2428561a84985a05af5eaea4189f26f395e564822b82f28,6.21,
133,primary_test_impostor,628,1563,primary_test_impostor,0,251,112,1099,0,False,,0,False,,0,,False,,5.378,0.52,32840,a993ef252ef0f129d676dbed9223559ab9d59ae81735757a1a6eab81860d7e86,7224.283,7223.5,4273,exact-open-set-id-v2,1788205506004967144,127,127,2049,16464,a1e36e0348cf51d7a595c327cb40a9c2820981a06096b25552016820fb052535,5.611,
134,primary_test_impostor,629,1564,primary_test_impostor,0,234,77,1067,0,False,,0,False,,0,,False,,5.59,0.52,32840,0e3263d98a6b7c82447c2c1cefd10c65e360091b81e68b594bb958ca9f0c20d8,7308.801,7308.1,4273,exact-open-set-id-v2,1788205506004967144,127,127,2049,16464,647b22d79d317aa8b399f72beb9344140480f928b5e4f47cba4bbe19bb826f04,6.271,
135,primary_test_impostor,630,1565,primary_test_impostor,0,146,61,1052,0,False,,0,False,,0,,False,,5.613,0.43,32840,c9f50a339cb12fa1ee68e85a287b2849c9b7d41066c41fdd5ec39cc43777c870,7260.924,7260.2,4273,exact-open-set-id-v2,1788205506004967144,127,127,2049,16464,0cdd54c55f2b4d05f766185d8fd3d917a539c8bd19053bc52de1adf1d1f51c18,6.012,
136,primary_test_impostor,631,1566,primary_test_impostor,0,178,97,1085,0,False,,0,False,,0,,False,,5.055,0.38,32840,14ace333774b280f1b97d05a2441d6c9f0d0732f57191f0f492f879c644967c7,7371.956,7371.3,4273,exact-open-set-id-v2,1788205506004967144,127,127,2049,16464,9b680ebfc317bf20e8912b8db24bf99ea3b168822c955815fd07b6557fda5e7d,6.114,
137,primary_test_impostor,632,1567,primary_test_impostor,0,183,98,1086,0,False,,0,False,,0,,False,,5.586,0.44,32840,48e757004ea6adc30945f63baf153cf505398bc4d3b757706e1b28b3c1477247,7672.593,7671.9,4273,exact-open-set-id-v2,1788205506004967144,127,127,2049,16464,6c1a989543b8da31e8a5515bd91e5c4c50a68eccefc58cdce1855df214e6ce5a,5.244,
138,primary_test_impostor,633,1568,primary_test_impostor,0,114,97,1085,0,False,,0,False,,0,,False,,6.636,0.45,32840,d0facc3d9ea9321403338c6880b8776f93527c0ef06458ed75462348b6dda5a5,7451.188,7450.5,4273,exact-open-set-id-v2,1788205506004967144,127,127,2049,16464,6dc24f1bf668cc03a67b00f0a6df89c401618b2872d626c34cdebfbba835cee0,5.408,
139,primary_test_impostor,634,1569,primary_test_impostor,0,127,65,1056,0,False,,0,False,,0,,False,,5.975,0.52,32840,67f539cf6da368a1e0713a46b97bb50fe374a403f91bba7177e5ce2a8a02ac10,7307.0,7306.3,4273,exact-open-set-id-v2,1788205506004967144,127,127,2049,16464,47f2a99dd1863a2b1eeb3e622f62c1c577b86860e13ff76e9b22a1004fb3f80a,5.909,
140,primary_test_impostor,635,157,primary_test_impostor,0,162,102,109,0,False,,0,False,,0,,False,,5.908,0.45,32840,d01a7597e54dd5c4437494a32fb4a1483bbf861a09a3eca45ecb9899be6b8638,7271.315,7270.6,4273,exact-open-set-id-v2,1788205506004967144,127,127,2049,16464,f6259a2632a48f7e2f31a9925c01933622576e545a5bd0686f767c4a06e14c1f,6.325,
141,primary_test_impostor,636,1570,primary_test_impostor,0,230,16,1011,0,False,,0,False,,0,,False,,6.201,0.5,32840,00d6b6c6937d386058b70ed4b99dae7f4566774935525628d6e40119b0f8722c,7122.619,7121.7,4273,exact-open-set-id-v2,1788205506004967144,127,127,2049,16464,26de83deeeaee5855831512263069c2c249c59e2697b1bf8a5d1cec0db4a9b01,5.509,
142,primary_test_impostor,637,1571,primary_test_impostor,0,194,10,1006,0,False,,0,False,,0,,False,,6.252,0.53,32840,a78aa94fae02513e0e1cc0bb2c88a500cc2941b7d58a802897603bf340cd04d3,7473.769,7473.1,4273,exact-open-set-id-v2,1788205506004967144,127,127,2049,16464,6795f84824bcac2faae4454a6548903d67900215d4bdb556826d4c22b474414b,6.549,
143,primary_test_impostor,638,1572,primary_test_impostor,0,132,27,1021,0,False,,0,False,,0,,False,,6.426,0.43,32840,57e6b3b53ea696e06813a42b279351a2383969aa6db3a8b52c934c67d6d9f468,7430.186,7429.5,4273,exact-open-set-id-v2,1788205506004967144,127,127,2049,16464,09a6c8a325382aa54e6f872640e5d268b52c3aff793a03bd84b75a3352ac8a6d,5.034,
144,primary_test_impostor,639,1573,primary_test_impostor,0,119,34,1028,0,False,,0,False,,0,,False,,5.942,0.44,32840,c4e6cf95592c980cdb7fb4952e0874ddb6451afa2890f1e7a4f6e89c710edf14,7406.292,7405.6,4273,exact-open-set-id-v2,1788205506004967144,127,127,2049,16464,3b6f1f7b4fea03f73079c9c9d6740e8cde24ff5d62ed579dbff9b9882dc56759,5.413,
145,primary_test_impostor,640,1574,primary_test_impostor,0,151,75,1065,0,False,,0,False,,0,,False,,5.156,0.44,32840,a4abd9a520cfe670048b99a77ab90cc8e18229e850c3d0ace1888f3ea8956d5b,8569.255,8568.4,4273,exact-open-set-id-v2,1788205506004967144,127,127,2049,16464,948ceadca1a45d747a38a7eec57bdb3d1927e2868f55c4a100e5f75d7eb2a1e5,6.502,
146,primary_test_impostor,641,1575,primary_test_impostor,0,226,11,1007,0,False,,0,False,,0,,False,,7.741,0.53,32840,79314623e5e22651c2dd89c31b6f0528fe8260d7f07513d7d5c4728dd06f9437,8797.795,8797.0,4273,exact-open-set-id-v2,1788205506004967144,127,127,2049,16464,12535d0d44ec0f19e2f41942e396da8e3279c3e7a996a75e770f398f8c4d7676,7.711,
147,primary_test_impostor,642,1576,primary_test_impostor,0,176,93,1081,0,False,,0,False,,0,,False,,5.919,0.54,32840,adb0bf00e0c083de989913891728dac9ac3036c9d1dd7769ef9c626b52fefeda,8449.086,8447.9,4273,exact-open-set-id-v2,1788205506004967144,127,127,2049,16464,e2c8ea34c287db94a25c9533e97b8dbe8a2ac6661fcb13377c7fb26e94996fcd,5.734,
148,primary_test_impostor,643,1577,primary_test_impostor,0,185,74,1064,0,False,,0,False,,0,,False,,6.582,0.5,32840,f164fd4367f635d2d4a88d7d46078634e216e70925b205b660b7ce16e1a5bdf7,8352.12,8351.2,4273,exact-open-set-id-v2,1788205506004967144,127,127,2049,16464,00e7d2eeb37aca51c53b66f6420a5ff2c99acfa74d584ec4707822ad108c7832,6.484,
149,primary_test_impostor,644,1578,primary_test_impostor,0,237,76,1066,0,False,,0,False,,0,,False,,6.523,0.45,32840,d22196da2b1fd9cd04a201c7e25d2596da4da96954d7d2ca558ad9885a124b0a,8201.599,8200.9,4273,exact-open-set-id-v2,1788205506004967144,127,127,2049,16464,9e2ca03cd237e601f063345a26f5e94a063ae9dae9a6d0e6e3c222cdb4a826b7,6.259,
150,primary_test_impostor,645,1579,primary_test_impostor,0,159,107,1094,0,False,,0,False,,0,,False,,7.231,0.48,32840,39bb342785547f493a1fa538e43b3c32fcb33cb18847b996d99d91ddc88c53da,8311.03,8310.1,4273,exact-open-set-id-v2,1788205506004967144,127,127,2049,16464,bb8c365fe25e9f051d5214c63c1ec89dda16d723d2eac47c81b974dd34d4f87b,5.899,
151,primary_test_impostor,646,158,primary_test_impostor,0,170,97,1085,0,False,,0,False,,0,,False,,6.877,0.45,32840,cb15898a23902add6b2c21b690255fdba40c12b4789da94e0710a240af7c3363,7753.984,7753.0,4273,exact-open-set-id-v2,1788205506004967144,127,127,2049,16464,e5d409c1825c16707224b21bb972f19607b5fe3c21cc12b4d112d999b0317add,5.686,
152,primary_test_impostor,647,1580,primary_test_impostor,0,216,77,1067,0,False,,0,False,,0,,False,,5.786,0.44,32840,a23008cad68af6b260e2032cf30a301d1379d19ad82529523571c488fad7f68d,8735.353,8734.6,4273,exact-open-set-id-v2,1788205506004967144,127,127,2049,16464,d3267480cbfb35ff6beb3f31dae8bb3981d0fe704c2469e954331da861ae824b,6.518,
153,primary_test_impostor,648,1581,primary_test_impostor,0,184,47,104,0,False,,0,False,,0,,False,,6.398,0.46,32840,e0c221a46ec96aa606ed8071fb04fa9fa52dd6be5427a5fd03f957150c4de5f1,8220.218,8219.2,4273,exact-open-set-id-v2,1788205506004967144,127,127,2049,16464,f0b72dafee35c595c80d97b71533ebdff99005ff5f5f8e48cbc10b05c7617c1f,5.272,
154,primary_test_impostor,649,1582,primary_test_impostor,0,269,86,1075,0,False,,0,False,,0,,False,,5.571,0.66,32840,678e5c878c6505467d5e6ba78bf0b81666e0608c87e05f1210962d84190d642e,7846.661,7845.8,4273,exact-open-set-id-v2,1788205506004967144,127,127,2049,16464,56cafd74a58dbff180d89f3e84207c8b4b906cbd16101809c4e73fdc82f63d94,6.074,
155,primary_test_impostor,650,1583,primary_test_impostor,0,46,17,1012,0,False,,0,False,,0,,False,,7.041,0.45,32840,dee3661c2dcd777462d740104b84810cda3b634daaf6fa2187f8ee9f8622586b,7715.507,7714.8,4273,exact-open-set-id-v2,1788205506004967144,127,127,2049,16464,17b1b7b4b5f10e04299382085c610638b0d9010e86809170e5d6320798728b3a,5.275,
156,primary_test_impostor,651,1584,primary_test_impostor,0,218,61,1052,0,False,,0,False,,0,,False,,5.939,0.44,32840,364cac89d4bcff25b29452f9d1ba4dc94bef1aa0f1425c6acf581523d09cd573,7871.879,7871.2,4273,exact-open-set-id-v2,1788205506004967144,127,127,2049,16464,257411a0e8b8d58b76382634185eb1b3203be45798391a4c0702948e84afe34b,5.347,
157,primary_test_impostor,652,1585,primary_test_impostor,0,149,12,1008,0,False,,0,False,,0,,False,,5.968,0.47,32840,e18e6c59304a768dace6dbd07f7154a0ec4321229647c148ae90f54ad0af514b,7893.167,7892.5,4273,exact-open-set-id-v2,1788205506004967144,127,127,2049,16464,66d7095d1546dcf4fe52fcb3e4b90c755b3ab1ad9dccba5fbd0f4797762d0cbc,5.928,
158,primary_test_impostor,653,1586,primary_test_impostor,0,132,42,1035,0,False,,0,False,,0,,False,,5.182,0.47,32840,9170c189391ac1482904979afc427c3e9171da60dbdb0885e139dec10db6e723,8095.524,8094.5,4273,exact-open-set-id-v2,1788205506004967144,127,127,2049,16464,13aaa473ed1379867654afe38c343fd17a91b763d1c9a4b2fc70b40ed9d6e430,11.025,
159,primary_test_impostor,654,1587,primary_test_impostor,0,200,93,1081,0,False,,0,False,,0,,False,,6.201,0.42,32840,6cb7395373d0687456579a52312cc0809174b43aab886b74da9fc77f79b0d296,8424.14,8423.5,4273,exact-open-set-id-v2,1788205506004967144,127,127,2049,16464,894a1c9d287a42dd9c942763cc94f607257c036ad3df1be1ec5b391624229430,6.0,
160,primary_test_impostor,655,1588,primary_test_impostor,0,208,105,1092,0,False,,0,False,,0,,False,,6.021,0.46,32840,2468ee17024af1273660f2c401268dc19ad4b30049ff077f8741c7ca15438d85,8538.917,8537.9,4273,exact-open-set-id-v2,1788205506004967144,127,127,2049,16464,43680aeb76183b472a304fe890ab8da48336485943dd3fd9de329cf9878a9bfc,5.248,
161,primary_test_impostor,656,1589,primary_test_impostor,0,295,58,105,0,False,,0,False,,0,,False,,7.912,0.45,32840,d6a341013936ca2334ea69a66a2657ada6af95d0463400676ac7891be752c82e,7754.115,7753.4,4273,exact-open-set-id-v2,1788205506004967144,127,127,2049,16464,ff3570e011cd5280e92e7449659c10aa845f637f453f291b2b53429a5588629f,5.463,
162,primary_test_impostor,657,159,primary_test_impostor,0,240,80,107,0,False,,0,False,,0,,False,,5.671,0.48,32840,1cdc329d25b34d48bcf9b7b9ac689ebdeeed8f3d1a3d904b585c77e7f1859992,7432.374,7431.6,4273,exact-open-set-id-v2,1788205506004967144,127,127,2049,16464,f24d0552f6725bf3bde623b2cb89db341c79e6ca275ce3d1a5a81ecd1ef055d5,6.006,
163,primary_test_impostor,658,1590,primary_test_impostor,0,227,64,1055,0,False,,0,False,,0,,False,,5.468,0.46,32840,4d38ce0e3325c0193a5cb47bd643d3846d24f2ac93381ae17f5bacdcd6cdf76c,7420.148,7419.4,4273,exact-open-set-id-v2,1788205506004967144,127,127,2049,16464,7b4587ad63c78044a89ad36e18a0f2d338cd5254f9866fc8f89d24cc5ef6526b,7.301,
164,primary_test_impostor,659,1591,primary_test_impostor,0,294,90,1079,0,False,,0,False,,0,,False,,5.547,0.45,32840,8bf0177b062a12457a57e32cb575758ba313c1d09ce5d5e19de725f5fcac7420,7606.004,7605.1,4273,exact-open-set-id-v2,1788205506004967144,127,127,2049,16464,cfe12acbd309ceca26322a9f75db8cfb7647083a7bedf5c445aea49fa58652e5,5.968,
165,primary_test_impostor,660,1592,primary_test_impostor,0,262,21,1016,0,False,,0,False,,0,,False,,5.363,0.44,32840,8a56e4ea845f5dc4f2cbe4d2263966cdb3001788ac9fb2b4641587258b944425,7389.944,7389.3,4273,exact-open-set-id-v2,1788205506004967144,127,127,2049,16464,8890703329e1a1d4c5c3359b4fa22d2ab0d0cc97bbeeff548f5cc42bcdc8a224,5.265,
166,primary_test_impostor,661,1593,primary_test_impostor,0,153,107,1094,0,False,,0,False,,0,,False,,4.913,0.45,32840,1cd15a5c4e3c90a6a956afc37797482bf64d5944be7f390dcdb30a1b60dc9617,7371.491,7370.8,4273,exact-open-set-id-v2,1788205506004967144,127,127,2049,16464,6c4c9396dd036d42912a953eaf0472b0d8064e9204ba201db54c6227f6cbc6b4,5.554,
167,primary_test_impostor,662,1594,primary_test_impostor,0,177,112,1099,0,False,,0,False,,0,,False,,6.536,0.47,32840,4b2673fb7777ed08966b1b18cbefd783047fe5d3e05bc9e6e32a971eaa456ea1,8083.061,8082.3,4273,exact-open-set-id-v2,1788205506004967144,127,127,2049,16464,2b77baf6c8c0d775e1afd7874fb4911cd7a78cf77a44af83f436d1369ec1b814,5.592,
168,primary_test_impostor,663,1595,primary_test_impostor,0,297,45,1038,0,False,,0,False,,0,,False,,6.043,0.49,32840,b04dd3fbaacf12e1edeb5d225a03c555cc5c27b1f3bc3396e5163843d4c5dd06,7625.629,7624.8,4273,exact-open-set-id-v2,1788205506004967144,127,127,2049,16464,a499b197fb8ef7cb7681f12f80790be6cca45fd031ae9656894825b6e8fc2627,5.579,
169,primary_test_impostor,664,1596,primary_test_impostor,0,193,51,1043,0,False,,0,False,,0,,False,,5.757,0.46,32840,e05db15ff6e1da023e9adf103ad9eb27a2541df8d9b150bd1a307e4e1bcb9b81,7470.185,7469.5,4273,exact-open-set-id-v2,1788205506004967144,127,127,2049,16464,9f0d188155ce14d755814b13b942fec252e50aef7e04c04284340a71352d82e1,5.844,
170,primary_test_impostor,665,1597,primary_test_impostor,0,75,45,1038,0,False,,0,False,,0,,False,,5.6,0.45,32840,c184d84fab1dce0f2df011567498e068676de1202ca0224410c75e2256cb80a0,7648.775,7648.1,4273,exact-open-set-id-v2,1788205506004967144,127,127,2049,16464,a9a7ee2891a97dd65502da3cb7a0d20c99aa1dd0e1464f87dd505c258193a3e6,5.506,
171,primary_test_impostor,666,1598,primary_test_impostor,0,112,2,10,0,False,,0,False,,0,,False,,5.955,0.46,32840,85eb73d8391b48a18440bd7e70c97868b826ff12988f1cd55cfe38cebcfdc014,7636.181,7635.5,4273,exact-open-set-id-v2,1788205506004967144,127,127,2049,16464,977995962711b59ab79f7a45a5bf06e137d128df935601f173c7bc2758d0cf1b,5.23,
172,primary_test_impostor,667,1599,primary_test_impostor,0,175,86,1075,0,False,,0,False,,0,,False,,5.598,0.49,32840,56e7c4b867b4caaf5716740b0ff12c46f5cfcfc0a5e24d98fa82026a20eac2e6,7707.621,7706.9,4273,exact-open-set-id-v2,1788205506004967144,127,127,2049,16464,acbc65590f436edd1675a8092db3286d89dc07ac4b02b72ec5131c1879e31a12,7.461,
173,primary_test_impostor,668,16,primary_test_impostor,0,255,31,1025,0,False,,0,False,,0,,False,,5.872,0.47,32840,e044c720348c88d38dd2aa6bed795b6aa070500da7e419f20c86b22d332d649b,7566.071,7565.4,4273,exact-open-set-id-v2,1788205506004967144,127,127,2049,16464,f000c261f22c2a7f6460b908875bfad6cc5484d5d3edaa1b9ebfee23b531a2f9,6.426,
174,primary_test_impostor,669,160,primary_test_impostor,0,254,23,1018,0,False,,0,False,,0,,False,,5.69,0.48,32840,2f5e8b33edb5a8e2d6f9076164d4f28da8c5ff4607edd1450d305d9ec69a1750,7765.064,7764.3,4273,exact-open-set-id-v2,1788205506004967144,127,127,2049,16464,fcaa1d4d0964f7bc4970267a1eed6ad08eefe20171dc9201441ea84ae5734bbc,6.258,
175,primary_test_impostor,670,1600,primary_test_impostor,0,155,108,1095,0,False,,0,False,,0,,False,,5.594,0.41,32840,97078950b561046cdde2362757a39d61700187a386d4a638fd62e5ea8762f370,8635.952,8635.2,4273,exact-open-set-id-v2,1788205506004967144,127,127,2049,16464,d36a461f433085e71efed4a06949ca09dd9cc96d5419bb16e78fdfd4d152fe46,6.692,
176,primary_test_impostor,671,1601,primary_test_impostor,0,267,32,1026,0,False,,0,False,,0,,False,,6.278,0.44,32840,6e59f51930bc96ca6fd556dc5c75f159926b67e00a9617763f5daebb8930afe4,8957.624,8956.5,4273,exact-open-set-id-v2,1788205506004967144,127,127,2049,16464,34874c4d2e7f5396df7026c046fbaffa3d1ff1d2b55cbfbd0ce8f1c55aff31c2,6.716,
177,primary_test_impostor,672,1602,primary_test_impostor,0,92,48,1040,0,False,,0,False,,0,,False,,10.903,0.5,32840,29775585f1a1bd239765b7f0670c3a500a3b012179a94a66efc233c29441326d,8620.633,8619.4,4273,exact-open-set-id-v2,1788205506004967144,127,127,2049,16464,647b9c0cc8a716125c0b0909f9614afcaec1110caa0501515a487d8b088b4bfa,7.099,
178,primary_test_impostor,673,1603,primary_test_impostor,0,118,99,1087,0,False,,0,False,,0,,False,,5.663,0.45,32840,7dddf0c9b2ad53962c1856a961eb920ccc0e0137db33c837a503b5d874b5f729,8208.936,8208.1,4273,exact-open-set-id-v2,1788205506004967144,127,127,2049,16464,bed523c3f3099d62d11d4cf112f7dad3e740139b48c9f134c5a55e0402601e47,5.794,
179,primary_test_impostor,674,1604,primary_test_impostor,0,218,6,1002,0,False,,0,False,,0,,False,,5.58,0.44,32840,6bde0dd19b17f44743d9d5c4e6914020c7d37118efa7d4fe8003d90ff6c57413,8158.936,8158.1,4273,exact-open-set-id-v2,1788205506004967144,127,127,2049,16464,20c52cd73699bd5d41714aea763fff12f245a40d3e9b8c3adb6863488f758f4b,5.776,
180,primary_test_impostor,675,1605,primary_test_impostor,0,259,45,1038,0,False,,0,False,,0,,False,,7.322,0.55,32840,2c2116164754cd89dc3b165df8602bc9519e024d839b90c4b20301879a2e90cf,8242.537,8241.7,4273,exact-open-set-id-v2,1788205506004967144,127,127,2049,16464,6c7c1e7d59ed5d3f667e9da60187b784d1f0172891a6abba1da340c65126c9f6,5.521,
181,primary_test_impostor,676,1606,primary_test_impostor,0,198,93,1081,0,False,,0,False,,0,,False,,5.869,0.43,32840,b442f38e5d3f8c394e8c4a5a7130485b63c79465a891dde635f3f758c191d53f,7643.921,7643.3,4273,exact-open-set-id-v2,1788205506004967144,127,127,2049,16464,fbc81fc214aaa4e315cdfc532a1437987e22a9647101c296a7541a4f44495a30,5.189,
182,primary_test_impostor,677,1607,primary_test_impostor,0,220,119,1104,0,False,,0,False,,0,,False,,6.177,0.59,32840,a418d6cd9f3ba903473a67ecaedf19b7d30262a99dbbc1b817653776e53379c1,7799.533,7798.6,4273,exact-open-set-id-v2,1788205506004967144,127,127,2049,16464,674ed9668df6e7b7d2b30ffbfeddd863e56dffba4f29a9d98dccabbaee455c25,5.562,
183,primary_test_impostor,678,1608,primary_test_impostor,0,200,105,1092,0,False,,0,False,,0,,False,,5.334,0.44,32840,edb4a431d0732b0c5c11bb5c959aa611f13adbc26edb90268c18b462744dd002,7737.624,7736.8,4273,exact-open-set-id-v2,1788205506004967144,127,127,2049,16464,c69630af59ade4c32333d03ba4bfb18d932d017e0d9fe8026e7056dbe34b0bac,5.631,
184,primary_test_impostor,679,1609,primary_test_impostor,0,174,23,1018,0,False,,0,False,,0,,False,,6.931,0.52,32840,d34be7076b5aa88ead983fd67104c334d72741085025b68bbcc3d32d54b41e47,7247.965,7247.1,4273,exact-open-set-id-v2,1788205506004967144,127,127,2049,16464,aa8382960f7589183c27b824b7697e1123d4dd18b85de0ee8639d09345b6065c,5.318,
185,primary_test_impostor,680,161,primary_test_impostor,0,251,12,1008,0,False,,0,False,,0,,False,,6.211,0.5,32840,ad58fc1eea05f6757c42e25fc99cd3cb735ae3946507c940038151327aaefd3f,7827.027,7826.3,4273,exact-open-set-id-v2,1788205506004967144,127,127,2049,16464,be4e3fcc6757eff5a6fbdcd9328b37c445761dd06e86d85c5fac9b61d3c29295,5.705,
186,primary_test_impostor,681,1610,primary_test_impostor,0,240,50,1042,0,False,,0,False,,0,,False,,5.759,0.5,32840,509dfe7764e141e76a0d063f091c7380e79c11f7cc8c42caf3784b0908b537c0,7375.193,7374.5,4273,exact-open-set-id-v2,1788205506004967144,127,127,2049,16464,407c31fd0b68f129a7134cadadbdba9a1a876759787b9891d074e0d4021fa63d,5.658,
187,primary_test_impostor,682,1611,primary_test_impostor,0,192,48,1040,0,False,,0,False,,0,,False,,5.547,0.45,32840,df0eaa0c2f6d971eacca99599350fcd475b4fd562c777565c9a46b81fd067dd8,7501.917,7501.2,4273,exact-open-set-id-v2,1788205506004967144,127,127,2049,16464,0781156369f9c31fdd051a9d36beca85877fd1cd14aa48b82d95c79413b7f7f2,5.661,
188,primary_test_impostor,683,1612,primary_test_impostor,0,192,99,1087,0,False,,0,False,,0,,False,,5.461,0.5,32840,4c861bafdadff9b54832b505a233b3a456b8ce8b983017950b3f22a5a0ca232d,8327.187,8326.4,4273,exact-open-set-id-v2,1788205506004967144,127,127,2049,16464,74d08bb9e266f1190452263b8307b25b2a61c16af0a6b54ad245c256bc116847,6.256,
189,primary_test_impostor,684,1613,primary_test_impostor,0,200,16,1011,0,False,,0,False,,0,,False,,7.854,0.47,32840,8ce12e674f383ee6e83f99849ef62a8cc59550718f1e7b81feeba66f283dfc39,7863.386,7862.5,4273,exact-open-set-id-v2,1788205506004967144,127,127,2049,16464,29ba687ac0471d60897ee6099a9309ee5bc1d40ada1bdb3d755a51bdc5a8955e,6.608,
190,primary_test_impostor,685,1614,primary_test_impostor,0,219,114,110,0,False,,0,False,,0,,False,,6.701,0.5,32840,1533f307cf822b705937c6538de49100e29f241e78298b89414c2307812659c6,8249.239,8248.3,4273,exact-open-set-id-v2,1788205506004967144,127,127,2049,16464,159c539e181492052e8f4e4f6f3b267ca42861141355e7c59af501e093f5ac8d,6.695,
191,primary_test_impostor,686,1615,primary_test_impostor,0,71,107,1094,0,False,,0,False,,0,,False,,6.17,0.4,32840,e600cb8b7db67df5b003f89ebe282fd2c0a29e6279b64ed3a50349c0a415f9a1,9082.431,9081.6,4273,exact-open-set-id-v2,1788205506004967144,127,127,2049,16464,916dccd82c198a9848822724b1e2c84681e3ac9e71951f6e489935156964fd2e,5.887,
192,primary_test_impostor,687,1616,primary_test_impostor,0,96,17,1012,0,False,,0,False,,0,,False,,5.894,0.47,32840,51f841595183b923d5f53c4958f4e8cf7b8e86fbcc31a963f342fc087349d95d,8222.394,8221.7,4273,exact-open-set-id-v2,1788205506004967144,127,127,2049,16464,43e6c1a512feb34913098ded46cfac19be2b3f8430d8dffe00ad2e0e8bbead3f,6.057,
193,primary_test_impostor,688,1617,primary_test_impostor,0,153,64,1055,0,False,,0,False,,0,,False,,6.341,0.45,32840,cf84631e3a8a29706e7afe770e8496d657e0ae3c6aa6c3e0d7d7c9c87f5f48e1,7903.161,7902.4,4273,exact-open-set-id-v2,1788205506004967144,127,127,2049,16464,64dddb0ac2380e0a4dda8764c96423bbd2c922612a690200cf7ebdcb02c14e22,5.466,
194,primary_test_impostor,689,1618,primary_test_impostor,0,154,115,1100,0,False,,0,False,,0,,False,,5.942,0.46,32840,09aad6c61df783e4e748121fba4b19c87567a7dda428686d75c6d50c4f2501c1,7670.912,7670.1,4273,exact-open-set-id-v2,1788205506004967144,127,127,2049,16464,a96939b9063d22c85b5d34b1807011d1f6bfda0a57f1978e2ed1354752b4276f,12.853,
195,primary_test_impostor,690,1619,primary_test_impostor,0,96,99,1087,0,False,,0,False,,0,,False,,5.791,0.45,32840,44866e37c29e261e41875e1f63a8f7c01dd3eb2c59d77d070bbcadd19fb81bc6,9082.22,9081.5,4273,exact-open-set-id-v2,1788205506004967144,127,127,2049,16464,5ae57679e25e3a4cc5686249222e443439efb666fb1e305f2d1fc6d7e5c14126,7.675,
196,primary_test_impostor,691,162,primary_test_impostor,0,204,50,1042,0,False,,0,False,,0,,False,,7.129,0.49,32840,34f307b945e62a5496170701ad1c5908c3e4a4369154fbbc0ed7a818e77a6039,8182.174,8181.4,4273,exact-open-set-id-v2,1788205506004967144,127,127,2049,16464,f8e4bbda9ea86c87441d540b00dfb29dbf3b65ca2724e8af5dd6248753380e59,6.094,
197,primary_test_impostor,692,1620,primary_test_impostor,0,245,98,1086,0,False,,0,False,,0,,False,,5.778,0.43,32840,2fea30faff7fa4051ac11487de2cc43f1858a02684649324960379c78401116b,8355.122,8354.3,4273,exact-open-set-id-v2,1788205506004967144,127,127,2049,16464,701082ed1ab3d7e4dc01b2a98b29f5da6a297e5766b72c9f2377e5cd1d1adb72,7.957,
198,primary_test_impostor,693,1621,primary_test_impostor,0,146,115,1100,0,False,,0,False,,0,,False,,6.11,0.6,32840,ac9bd552130c2816fd03b4edf910ba565e49431b79aaf7a86402671988766b80,8107.857,8107.0,4273,exact-open-set-id-v2,1788205506004967144,127,127,2049,16464,a19a5f9daaa74bda64a83d55b172d38930b3895a2e06f40bd7221e0618c05639,6.987,
199,primary_test_impostor,694,1622,primary_test_impostor,0,273,87,1076,0,False,,0,False,,0,,False,,7.696,0.53,32840,3adaaf75851e9857fb440dc1e056a2c8a51e8b5757119e53dfbc9482f344862a,7813.569,7812.5,4273,exact-open-set-id-v2,1788205506004967144,127,127,2049,16464,3b4a64b42b884d6173d4f043acfe6a2e8f1ec9469f74827ba1ff741a62bba98d,5.395,
200,primary_test_impostor,695,1623,primary_test_impostor,0,172,27,1021,0,False,,0,False,,0,,False,,5.815,0.45,32840,6a6c4c4ceb1c075e3fa5968d45e276594defc053ff1ebe495fad5eee08b9e587,7400.302,7399.6,4273,exact-open-set-id-v2,1788205506004967144,127,127,2049,16464,2dd8e578b569cd787319669edea90e15e41955c56bc76979e01a651ea071ad12,5.819,
201,primary_test_impostor,696,1624,primary_test_impostor,0,185,75,1065,0,False,,0,False,,0,,False,,5.238,0.47,32840,dad2ff6bcf67511a98368d87b46bc480be0928306eb844a5c7dea1bd8a63cca0,7561.666,7560.7,4273,exact-open-set-id-v2,1788205506004967144,127,127,2049,16464,b8049871ed57426939954da4a3723bdce211a1bd580dd22cdb437fc49e27edcc,5.148,
202,primary_test_impostor,697,1625,primary_test_impostor,0,122,99,1087,0,False,,0,False,,0,,False,,5.636,0.46,32840,5413d45c9020ebb5c2637e064c3605e6063120ad6f23a6cabade71634a4fa095,8243.985,8243.2,4273,exact-open-set-id-v2,1788205506004967144,127,127,2049,16464,d10c49ccb16a807f8731fe86af0b2a089dfb0966eb2d795a2540af3ff4f33eb0,7.34,
203,primary_test_impostor,698,1626,primary_test_impostor,0,126,102,109,0,False,,0,False,,0,,False,,9.608,0.57,32840,216c825240d86a79d3125b479c58da575b869e63878a82ddc06f978fd582f001,8825.189,8824.5,4273,exact-open-set-id-v2,1788205506004967144,127,127,2049,16464,19f44bb53c12bcea22dc78b82817355966cbe1a0a784a39a6048adace5c05af3,6.276,
204,primary_test_impostor,699,1627,primary_test_impostor,0,263,75,1065,0,False,,0,False,,0,,False,,5.648,0.52,32840,8be2f6832344898f7cf8e276acba24fffb3f10868f7d255660e4685ec6d7ff6e,8092.204,8091.3,4273,exact-open-set-id-v2,1788205506004967144,127,127,2049,16464,f6e813cfec9cdd5a47e63ea9d42f7422ded510a47f4033225b73857ed7d20601,11.102,
205,primary_test_impostor,700,1628,primary_test_impostor,0,198,2,10,0,False,,0,False,,0,,False,,9.058,0.48,32840,ca5af467be4b3d8f901a8f78af75fad3b5b36cf4f8e4cfed55f6fecc8c619442,9992.095,9990.4,4273,exact-open-set-id-v2,1788205506004967144,127,127,2049,16464,585ad778692175946c6b573945006d45b272cd94caf4032fa8141b83709b208e,7.59,
206,primary_test_impostor,701,1629,primary_test_impostor,0,126,93,1081,0,False,,0,False,,0,,False,,8.915,0.55,32840,23c1658428c70a5595ca248542e7f5e5c011f9e3949309428e907257ba2024ca,8786.68,8785.5,4273,exact-open-set-id-v2,1788205506004967144,127,127,2049,16464,ea1efb756a7afd8583981cb8cd4a9925749a8520acbe82acaeb3a499e85f6d22,7.583,
207,primary_test_impostor,702,163,primary_test_impostor,0,131,45,1038,0,False,,0,False,,0,,False,,6.104,0.47,32840,dd98a58244c4b26831e1a1708ca6157b1e896c0219c63248a7f2c1db44c4a301,8816.014,8814.7,4273,exact-open-set-id-v2,1788205506004967144,127,127,2049,16464,24f02ea2a66ce955f8e13e1fd1c02369a2763fdb768b3756e3415b8b7f0464c6,6.125,
208,primary_test_impostor,703,1630,primary_test_impostor,0,130,61,1052,0,False,,0,False,,0,,False,,6.131,0.47,32840,c602e05f167e16608e1434cbcf686a68d62ff4906810f2a36e73a60d18b575c7,8604.752,8603.8,4273,exact-open-set-id-v2,1788205506004967144,127,127,2049,16464,58047da44fae26b741706405a5be2f60a003c70b2fb01fbd934878bd9ed0e326,5.752,
209,primary_test_impostor,704,1631,primary_test_impostor,0,152,2,10,0,False,,0,False,,0,,False,,5.705,0.47,32840,0101eb7a8fe15296dd2963f8821c6ad95f52c9d6290d25c2c4571c202005594f,8617.24,8616.2,4273,exact-open-set-id-v2,1788205506004967144,127,127,2049,16464,e4c4d0cea6e5d0ee4ed919895f317497a6c38975a528f1628adb1224e98effa4,6.745,
210,primary_test_impostor,705,1632,primary_test_impostor,0,234,124,1109,0,False,,0,False,,0,,False,,6.013,0.41,32840,e4f60f1dde72b90999022619679a2fb5b1d8a7f6a5f16819c4750e7e0f7092c5,8366.066,8365.2,4273,exact-open-set-id-v2,1788205506004967144,127,127,2049,16464,d64d4c4ebadd26362b71267a87363cfcc834556164273bb0cf01d09e2467109f,6.561,
211,primary_test_impostor,706,1633,primary_test_impostor,0,196,0,0,0,False,,0,False,,0,,False,,5.287,0.42,32840,b656375e38d162d4a565649366822169d05f0fed50548a6b6a089ec086bb8e2a,8644.581,8643.5,4273,exact-open-set-id-v2,1788205506004967144,127,127,2049,16464,105f403a332c16f6f0cc22123c22f13cf33cd2c4a32717ebfb9ddff0b5a59ca6,6.474,
212,primary_test_impostor,707,1634,primary_test_impostor,0,144,121,1106,0,False,,0,False,,0,,False,,6.055,0.61,32840,98519e901e6be960bbd112c54698d5ee7e719df8239913f860c1ff698c44a883,8426.674,8425.7,4273,exact-open-set-id-v2,1788205506004967144,127,127,2049,16464,260bda7266c8d7a98ce676fb1aae2f97008c745c5506a45897b7f6dc0bab0c0e,5.765,
213,primary_test_impostor,708,1635,primary_test_impostor,0,123,25,102,0,False,,0,False,,0,,False,,5.658,0.43,32840,4ba4b33626182e402f2c9a59d17f3ca01c51a284f9bf1901abac605b3d922990,8244.638,8242.8,4273,exact-open-set-id-v2,1788205506004967144,127,127,2049,16464,6c3632152a4e584df5de1b83787ff0716f69f43e270f7e5a17b20bd3c32192e1,5.439,
214,primary_test_impostor,709,1636,primary_test_impostor,0,118,102,109,0,False,,0,False,,0,,False,,5.899,0.47,32840,dafcd0aef8edbe9019b5e6a16101fd985188f315f30adc6047fda63be12f77ee,8831.867,8830.7,4273,exact-open-set-id-v2,1788205506004967144,127,127,2049,16464,5dc02b8c00dbe6509eb418ed5d3ca6c959e102e03c6273e540b3592f25983365,6.179,
215,primary_test_impostor,710,1637,primary_test_impostor,0,289,81,1070,0,False,,0,False,,0,,False,,5.309,0.44,32840,ddd5552d3ae6526d38d7b9e2eda8c1d4a28900784e66be2a5c8438f79f0bee30,7526.778,7525.4,4273,exact-open-set-id-v2,1788205506004967144,127,127,2049,16464,b866cafe3fd3ac80bfa2b0cd3dbb4285765649801d4a22a6f16784e789e07ad8,5.842,
216,primary_test_impostor,711,1638,primary_test_impostor,0,146,60,1051,0,False,,0,False,,0,,False,,5.963,0.49,32840,60ece4ec235e990c5968eec8d7ccee988f53a45b5c20066936416534ad89d244,8057.915,8056.7,4273,exact-open-set-id-v2,1788205506004967144,127,127,2049,16464,0eb30105a9845f4986c8eaf45302c6a49856e1ef4e6fdd1fb7eec1b8c5ec506f,6.342,
217,primary_test_impostor,712,1639,primary_test_impostor,0,132,46,1039,0,False,,0,False,,0,,False,,5.955,0.44,32840,84d545c12c3cc2b3fd377a9c6e8bfb541868314922b0bba29fa02003d19ddf3e,7803.075,7802.2,4273,exact-open-set-id-v2,1788205506004967144,127,127,2049,16464,b7c99abe85572a7e104c0224847028c0212185bc13be0e221a92cb948e4ff654,5.949,
218,primary_test_impostor,713,164,primary_test_impostor,0,196,80,107,0,False,,0,False,,0,,False,,6.087,0.48,32840,844afc8c0ec9991fdc618c22309221e2bf056f71bcac1578c1e8f53337d33205,7731.601,7730.9,4273,exact-open-set-id-v2,1788205506004967144,127,127,2049,16464,c82e0b2c583e86e133ead633bbce1d10abba91ed21f6e389d575a87586a033b0,5.665,
219,primary_test_impostor,714,1640,primary_test_impostor,0,93,63,1054,0,False,,0,False,,0,,False,,6.047,0.47,32840,e950668c20348284207d494e6f3497b7781976cd114a552d7f5d5d624d8fd57a,7820.778,7820.1,4273,exact-open-set-id-v2,1788205506004967144,127,127,2049,16464,f1030225fc61e8bba220043189be001569fc7a3f2b08011d46cd12b2ec57b97f,5.761,
220,primary_test_impostor,715,1641,primary_test_impostor,0,100,46,1039,0,False,,0,False,,0,,False,,6.031,0.5,32840,f4f4deb3f816e810e36bae2e67046cdca831022ed0747e631f2ef7fb74fa2c7d,7912.611,7911.9,4273,exact-open-set-id-v2,1788205506004967144,127,127,2049,16464,325c154b781ae36eaab7a447e84f71469c1f4d7438f8c2986cc87dded853c60d,5.813,
221,primary_test_impostor,716,1642,primary_test_impostor,0,227,120,1105,0,False,,0,False,,0,,False,,5.829,0.47,32840,d7f25bf6d1c0345f25c4364d2e6fcf87e5fad4dc0852d36ca79ef2417a591ebc,7859.664,7858.9,4273,exact-open-set-id-v2,1788205506004967144,127,127,2049,16464,a721a48f284ff418d8697d9b655793b4f83c5f6d0d96ce7d597c2484328dc80b,5.812,
222,primary_test_impostor,717,1643,primary_test_impostor,0,183,75,1065,0,False,,0,False,,0,,False,,5.954,0.47,32840,150892d624acf72576716550c6bb2160fc9ed63fadf3af30a683c8182d188fd7,7470.998,7470.3,4273,exact-open-set-id-v2,1788205506004967144,127,127,2049,16464,e13408c381d9e8ad16a17cf6900729082c6c4f51d1bcd2ab70ecc2afdc1b3551,5.734,
223,primary_test_impostor,718,1644,primary_test_impostor,0,278,47,104,0,False,,0,False,,0,,False,,6.005,0.43,32840,f824d21e835f53fffad0b3bb3d792bdfdc8821be694dd06e94b48a19ea903be4,7342.515,7341.8,4273,exact-open-set-id-v2,1788205506004967144,127,127,2049,16464,bd895697f285c5d04daf4e9a21a5bb64913c32200f4766b6af6e8ab5555e2c1a,6.692,
224,primary_test_impostor,719,1645,primary_test_impostor,0,111,64,1055,0,False,,0,False,,0,,False,,5.264,0.42,32840,af12007106a01298439a5566f4141fa58000d85e18c98e3bbf0309f815f2d48b,8288.525,8287.7,4273,exact-open-set-id-v2,1788205506004967144,127,127,2049,16464,745e75c4050733376e0bc75db36a1783463462f90bb7a0eec40dec4064ec4247,6.636,
225,primary_test_impostor,720,1646,primary_test_impostor,0,223,86,1075,0,False,,0,False,,0,,False,,6.599,0.53,32840,26348ac77984e57112b20bbbb49e795acfb20ccdb9dfaf0c868ef2f2ff1c669b,8462.548,8461.6,4273,exact-open-set-id-v2,1788205506004967144,127,127,2049,16464,a5cad6762d1329af882999bdf249bbbd31aa008d46fb0562173b8f3557e9c222,5.302,
226,primary_test_impostor,721,1647,primary_test_impostor,0,196,48,1040,0,False,,0,False,,0,,False,,6.446,0.72,32840,a9594ecf3adf06a765e958926e6d28c7f6a686ff783fe00a9070f764ed7c9e61,8446.667,8445.9,4273,exact-open-set-id-v2,1788205506004967144,127,127,2049,16464,155f1d0477562447badd673d681e3aadaf2253e180b51b91d32f9de38e846d0e,5.286,
227,primary_test_impostor,722,1648,primary_test_impostor,0,89,81,1070,0,False,,0,False,,0,,False,,6.355,0.55,32840,096fbae0824032ebe30b7a64ec079a5034f41298a594adf9928d384701e2a896,8848.279,8847.4,4273,exact-open-set-id-v2,1788205506004967144,127,127,2049,16464,4732a92aa3d232308b4c1ba84cd47d05b4e63976a8e38e6db9a86c6107c7bd07,7.696,
228,primary_test_impostor,723,1649,primary_test_impostor,0,175,112,1099,0,False,,0,False,,0,,False,,5.831,0.45,32840,1a83327c3be0e133980221cae8437932d96e3a9256e5474d4e4e2536e820e1bb,7784.213,7783.5,4273,exact-open-set-id-v2,1788205506004967144,127,127,2049,16464,f6bcb0006ca5b48fb4dbb763e8da8492a394542667b3128d955848170eb91192,5.945,
229,primary_test_impostor,724,165,primary_test_impostor,0,269,88,1077,0,False,,0,False,,0,,False,,5.272,0.44,32840,3233b41e5e3851d0e27518ba4a33a23340d863c5a8f1a5d45c4694d9a26bfc02,7939.975,7939.1,4273,exact-open-set-id-v2,1788205506004967144,127,127,2049,16464,e4fb9e56458fd3a70b38d6a851e40767feb51d49950325006831b1f320d5ab17,5.601,
230,primary_test_impostor,725,1650,primary_test_impostor,0,108,10,1006,0,False,,0,False,,0,,False,,5.695,0.46,32840,97765bb0cce034ffc202f4e5ba5568e19509d7ee260f15a29c92449a5dcf77ba,7691.32,7690.6,4273,exact-open-set-id-v2,1788205506004967144,127,127,2049,16464,da81c630046543ee636e7763ee3fded4417f5d39d87dc0e35a9a5e01284d3463,5.863,
231,primary_test_impostor,726,1651,primary_test_impostor,0,254,46,1039,0,False,,0,False,,0,,False,,6.258,0.55,32840,5b96b4f89e8ab748cc6030396f282e82c1a32fdf5bee8ff1ce538d0dd5cdfc9d,8020.156,8019.5,4273,exact-open-set-id-v2,1788205506004967144,127,127,2049,16464,b8e8c3b5913a52fd36f4f6c4760e27084e6d3d345808d3f2c4b37bde7019aac5,6.3,
232,primary_test_impostor,727,1652,primary_test_impostor,0,164,17,1012,0,False,,0,False,,0,,False,,5.828,0.52,32840,7ccaea72d0e1dfa9529e6e77c9eb16dbd548be0a6311384a2e3ce693d5d2bca5,8916.82,8915.6,4273,exact-open-set-id-v2,1788205506004967144,127,127,2049,16464,51f8d13f9878269d5e117e1648f920e7acea2cc223fafbe32d40f7bfe1c59894,5.733,
233,primary_test_impostor,728,1653,primary_test_impostor,0,225,88,1077,0,False,,0,False,,0,,False,,6.178,0.47,32840,00956608fd8950d5a5a2b3936b2b6e87a4efef65550430a7fccd58a9f6ccc95b,7818.712,7817.6,4273,exact-open-set-id-v2,1788205506004967144,127,127,2049,16464,d7b9530d12e342ac6a1d092fe3a2f92cd66760d1d45dfd46145ff25c9a9fc4f8,5.584,
234,primary_test_impostor,729,1654,primary_test_impostor,0,152,92,1080,0,False,,0,False,,0,,False,,5.545,0.45,32840,d8496fa43358c01ecbf5fd07f460337fc85256dd4c5fd1a2f655def7d72217dd,9122.62,9121.6,4273,exact-open-set-id-v2,1788205506004967144,127,127,2049,16464,a84b405ca1a7632a5b6cf4cc7aa5c898a30ac1f7397ff47840129dc59baae28e,6.15,
235,primary_test_impostor,730,1655,primary_test_impostor,0,126,23,1018,0,False,,0,False,,0,,False,,6.684,0.46,32840,bbfbbb66ecc49dfb9427cc9e8135056c9fbdf2f782b4cd7e3962c3997369b05b,8729.315,8728.4,4273,exact-open-set-id-v2,1788205506004967144,127,127,2049,16464,ac365c4b352eb0d31e5dee3741788fd9a98213556bb32f811331ef6ca0f192b5,6.254,
236,primary_test_impostor,731,1656,primary_test_impostor,0,134,102,109,0,False,,0,False,,0,,False,,5.61,0.45,32840,c17b45086e0dcabf8a5d5813b0af380f0008711751c3afb4e8375997c416818f,8734.061,8733.3,4273,exact-open-set-id-v2,1788205506004967144,127,127,2049,16464,62edb8ca1ea5578abd4d112a913296ec2f3514861f46b2cbb8adbb93955d47f0,6.206,
237,primary_test_impostor,732,1657,primary_test_impostor,0,158,46,1039,0,False,,0,False,,0,,False,,6.001,0.45,32840,4ca5d6d4b66b98c6821f1c5ff6d88534b7909c048d54c3db8a82da0641aafca6,10287.846,10286.5,4273,exact-open-set-id-v2,1788205506004967144,127,127,2049,16464,2c0d883a4ea7a70a4cd599d323e47411b138affab1b8d7adf45f7ba975bd1983,9.311,
238,primary_test_impostor,733,1658,primary_test_impostor,0,150,121,1106,0,False,,0,False,,0,,False,,7.656,0.65,32840,58b5e6f0df2695996891dbcaffcd301a4968e6113132d993ca131f66b0a5b802,9730.286,9729.3,4273,exact-open-set-id-v2,1788205506004967144,127,127,2049,16464,a44e421579035759a6a7982c93cf97faa47545164fc8f700076410f827a768b4,6.14,
239,primary_test_impostor,734,1659,primary_test_impostor,0,188,61,1052,0,False,,0,False,,0,,False,,5.587,0.46,32840,f70612f8c1c4da36b4901ff3daace536909af42459f6714bfd21426ad8106a15,7977.128,7976.2,4273,exact-open-set-id-v2,1788205506004967144,127,127,2049,16464,2af74dd5e0f430ca64e856e21640079da1acb0b61e8c60e1ff1b65dd720dc11a,5.656,
240,primary_test_impostor,735,166,primary_test_impostor,0,214,2,10,0,False,,0,False,,0,,False,,5.653,0.49,32840,9e5f27bb9890cd5619c2916123b7608e2af8802cf381bc27ba5ef0944bef7ce0,7920.272,7919.6,4273,exact-open-set-id-v2,1788205506004967144,127,127,2049,16464,89401acc1ad772ceec9f6c92554920ddd84775974e8c5f284e88ade513b6d36f,5.808,
241,primary_test_impostor,736,1660,primary_test_impostor,0,154,103,1090,0,False,,0,False,,0,,False,,6.181,0.44,32840,5294da65ad8a8effa5d092cb1d2dc4d908e1a88a3ec2e81738133d8f6c4084b7,8552.427,8551.5,4273,exact-open-set-id-v2,1788205506004967144,127,127,2049,16464,2c7fd8d82eb5d8c1c13ca49dd40a1a7d281c5fcdbc412dbe274ebd8d5933887f,5.209,
242,primary_test_impostor,737,1661,primary_test_impostor,0,155,29,1023,0,False,,0,False,,0,,False,,5.901,0.49,32840,71f8cb52cdd379bc80d5e1c3112937a43de951bf2a7dd8b107b926c8ead1793a,7571.878,7571.2,4273,exact-open-set-id-v2,1788205506004967144,127,127,2049,16464,c2c8325b496d0e388cc54d35ac7e003ba968040150843d22975ff997b4ae4f4b,5.56,
243,primary_test_impostor,738,1662,primary_test_impostor,0,239,75,1065,0,False,,0,False,,0,,False,,6.167,0.45,32840,9bbc798ae4349f420354fe6d5997a7cf748564e9ecba011aeb575a63f74e13a7,7519.171,7518.5,4273,exact-open-set-id-v2,1788205506004967144,127,127,2049,16464,aba2deb0c0af06c5e653e4eaeda77de20e4227f444316618f4b560dd2c373c36,5.922,
244,primary_test_impostor,739,1663,primary_test_impostor,0,194,3,100,0,False,,0,False,,0,,False,,6.147,0.53,32840,23db8585e0ebacc4f9ae76e3f97911f7eb0117e60ed9a2a7c6226daff8ab85eb,7930.089,7929.3,4273,exact-open-set-id-v2,1788205506004967144,127,127,2049,16464,cddaef68d86264768a96896f96890ebc4d51e566e365521f24c442981c1182ee,6.729,
245,primary_test_impostor,740,1664,primary_test_impostor,0,140,100,1088,0,False,,0,False,,0,,False,,5.627,0.49,32840,9c5dea52ca1fe57ad0e18fb2797424601b6370c08c306261e4c10c0aa0ecf0d7,8019.486,8018.7,4273,exact-open-set-id-v2,1788205506004967144,127,127,2049,16464,ed1b2fe77500f4018af7153de3b236da51f18444d1d855e6ac32997f79a23b3e,5.679,
246,primary_test_impostor,741,1665,primary_test_impostor,0,243,51,1043,0,False,,0,False,,0,,False,,5.65,0.46,32840,01b1883114dbcc7c7da6c18761ac836267c1027a146d01746bc7bfc49579497f,7757.299,7756.6,4273,exact-open-set-id-v2,1788205506004967144,127,127,2049,16464,07b94613fdb2cefc70e9d1fc6820e1878a6a4e6f54c1bcd7938d2536a7d2ba23,5.437,
247,primary_test_impostor,742,1666,primary_test_impostor,0,200,113,11,0,False,,0,False,,0,,False,,5.444,0.5,32840,b1cc3ef7faa9c6632144e78474896ee0be1135f72b92bc24450adc4a0ff891eb,7610.398,7609.7,4273,exact-open-set-id-v2,1788205506004967144,127,127,2049,16464,651ea861fec81b592d42739ea31c5982b65bb945c58cc286d4bd5d707cf0d619,5.819,
248,primary_test_impostor,743,1667,primary_test_impostor,0,134,80,107,0,False,,0,False,,0,,False,,5.642,0.44,32840,712af5fe021633ce3f4bf2b1f1eea4eb5ae246e45b7e1ac9a4fe87e8b19a0832,7760.467,7759.8,4273,exact-open-set-id-v2,1788205506004967144,127,127,2049,16464,07354d2d7212dc861d1d88a7ea2d794c0efec3d7a01aa8607cafbd2e324617d9,5.335,
249,primary_test_impostor,744,1668,primary_test_impostor,0,221,40,1033,0,False,,0,False,,0,,False,,5.529,0.44,32840,d9b58fe53301ecfaf843e0db4b7bbee0a6d0b871a103c25d58048a8976d85002,8136.195,8134.8,4273,exact-open-set-id-v2,1788205506004967144,127,127,2049,16464,1248cc7c354c7a97843a99c48a3ab110a753602298405853e13eb85976839431,5.799,
250,primary_test_impostor,745,1669,primary_test_impostor,0,136,62,1053,0,False,,0,False,,0,,False,,5.263,0.44,32840,5e49f929ff2943d431cd72e78c6d0a635733b59e5d7188fcedc7db2316303fe5,7681.001,7680.2,4273,exact-open-set-id-v2,1788205506004967144,127,127,2049,16464,f24be9c20379f396fd9b277806d0245b6a932a047c9f14a84fb1c2a28ded0188,6.005,
251,primary_test_impostor,746,167,primary_test_impostor,0,143,86,1075,0,False,,0,False,,0,,False,,5.912,0.55,32840,3fb1fb0c689d00e29218e59bbb7303d55f8cb87acf7dc29b84d0bd6a00179259,8380.013,8379.3,4273,exact-open-set-id-v2,1788205506004967144,127,127,2049,16464,bd1a903a051b1c4264bdd1d6587a8f00fa55fdc81122bfea476be9a1800cd43f,6.123,
252,primary_test_impostor,747,1670,primary_test_impostor,0,44,102,109,0,False,,0,False,,0,,False,,6.303,0.5,32840,0ef61b8ff1ae3756bbd5eece648b37d29671ed7807284aaf5d823ac456f361d5,7685.864,7685.2,4273,exact-open-set-id-v2,1788205506004967144,127,127,2049,16464,4ae20bc07ff516d2b23ab6c5fc40ffd502695e427307c66f3f0ecacdba472e22,5.187,
253,primary_test_impostor,748,1671,primary_test_impostor,0,108,4,1000,0,False,,0,False,,0,,False,,5.226,0.45,32840,4869ac5f446d789d50c5710f5f27f4482c7168b6a84ccbbe3e623e4bb2a0bbb4,8036.753,8035.9,4273,exact-open-set-id-v2,1788205506004967144,127,127,2049,16464,e0891f6d57279e7357298b0e7fcc90be46bd5d57252d7935443fddc5cb662ccc,5.454,
254,primary_test_impostor,749,1672,primary_test_impostor,0,122,2,10,0,False,,0,False,,0,,False,,6.466,0.48,32840,a3e505cf10e7287403d2c0862102edc5cbe7fc482ede2e0999495d9c22675a81,8529.225,8528.1,4273,exact-open-set-id-v2,1788205506004967144,127,127,2049,16464,6d05fdb1a3f48b80b2430697fd297562fbccfc12662ebc7cac1187e5143268a4,6.068,
255,primary_test_impostor,750,1673,primary_test_impostor,0,284,97,1085,0,False,,0,False,,0,,False,,5.141,0.44,32840,1cf4ffd2cd88c8f320159c54e32284e93a3d642499a5adfed82a3cfc444353b9,8475.791,8474.9,4273,exact-open-set-id-v2,1788205506004967144,127,127,2049,16464,a87da6798ecd6fb3865e7addeaa1f17a52dc1532856da58e58c4ac826f863ece,5.97,
256,primary_test_impostor,751,1674,primary_test_impostor,0,150,117,1102,0,False,,0,False,,0,,False,,5.857,0.47,32840,e147228c240ece0947f3d6dec1d6ba85197acff138dbfaef62faf46bd62ceb0e,8701.308,8700.3,4273,exact-open-set-id-v2,1788205506004967144,127,127,2049,16464,4ef8f77e008067f088d85abd064c2626a999f3d1c5065383be482d999e1143ba,6.403,
257,primary_test_impostor,752,1675,primary_test_impostor,0,65,34,1028,0,False,,0,False,,0,,False,,5.421,0.44,32840,ef134a9b7ed3360fbe8bafef5769fb625972ee419a6ff74d10f9bbd84a09d379,7786.639,7785.9,4273,exact-open-set-id-v2,1788205506004967144,127,127,2049,16464,4b4e34a6d621dfa17ffe01680d21a740af749810583ce2643ee96b6f2053995f,9.447,
258,primary_test_impostor,753,1676,primary_test_impostor,0,222,2,10,0,False,,0,False,,0,,False,,5.259,0.47,32840,d211d9e707b70b34af051d9470d990a54fae42e5f26f8b05985db57c8d5fa4ed,8606.211,8605.3,4273,exact-open-set-id-v2,1788205506004967144,127,127,2049,16464,9edbe685d1492689294bbb1a1cc0824519bdf4b5f6bfa5c8d75abf49a69f393b,5.929,
259,primary_test_impostor,754,1677,primary_test_impostor,0,222,21,1016,0,False,,0,False,,0,,False,,6.389,0.63,32840,819facc311bb882212b6307364d104d38f14b4784ca79055ceab1f73f1420b00,8152.746,8152.0,4273,exact-open-set-id-v2,1788205506004967144,127,127,2049,16464,5b0760cf6d3f80a9af9eb256018e2c28ea5377c2b1e9413c4d0d845b44208ba2,6.164,
260,primary_test_impostor,755,1678,primary_test_impostor,0,152,27,1021,0,False,,0,False,,0,,False,,5.566,0.43,32840,c6085228126da58899549a7b563dc1fcdf436b7572b4d3c50dc425dc790f4b55,8511.971,8511.2,4273,exact-open-set-id-v2,1788205506004967144,127,127,2049,16464,9978076436d8b22a10b2902b03acdafa52ef2962ea3b0fb53a1398a3970dd4ed,7.745,
261,primary_test_impostor,756,1679,primary_test_impostor,0,239,9,1005,0,False,,0,False,,0,,False,,6.557,0.47,32840,cfa546aa354b4849cae0c7adf9d4decb7c3933fd43aa2089af772c159b97720c,9409.001,9408.2,4273,exact-open-set-id-v2,1788205506004967144,127,127,2049,16464,f05bef51b45fada611465f0483d82bade2b4c06e543610411130d02a861ff300,5.932,
262,primary_test_impostor,757,168,primary_test_impostor,0,253,24,1019,0,False,,0,False,,0,,False,,6.287,0.44,32840,a1c06e27275c3e11af288e81fe135285734e45fdcb36c706a89a8ade980b54c8,9079.829,9078.7,4273,exact-open-set-id-v2,1788205506004967144,127,127,2049,16464,9fbb98224d6c9fa32ca60cff97fa9a29cfbbd8a5c131a2f359126f5581a0e64c,15.013,
263,primary_test_impostor,758,1680,primary_test_impostor,0,3,45,1038,1,True,45,46,True,45,46,digiface-45-1038,False,,26.925,2.89,32840,b8b84937a76fa6344af13ae897e842a581035024526efce88fe7d5ab7e59650f,10775.704,10774.2,4273,exact-open-set-id-v2,1788205506004967144,127,127,2049,16464,08e96c862c6b28a5169c011a6ce164ec684b2ea5a50e4236d2190a90ed0fc693,7.179,
264,primary_test_impostor,759,1681,primary_test_impostor,0,189,19,1014,0,False,,0,False,,0,,False,,7.094,0.48,32840,6a35f5bada32cb8720eb125eae77f3f71d85fcc9c344fa98a3af2fbe3d8a2424,9953.029,9951.5,4273,exact-open-set-id-v2,1788205506004967144,127,127,2049,16464,172053a2a3b94464860b88480ed0d400da1f42b0f93e729008f5331ee3a3f638,8.089,
265,primary_test_impostor,760,1682,primary_test_impostor,0,205,88,1077,0,False,,0,False,,0,,False,,10.23,0.84,32840,e0381598e3818d62bf6c3ce4fb4a8d75417425a83549385d54fa1305fd56ed26,9152.55,9151.5,4273,exact-open-set-id-v2,1788205506004967144,127,127,2049,16464,f50e5cb189c8bbf6c3c93dc220b0f649ffa6bf767c954c471dcb74f04b3f5b3e,7.283,
266,primary_test_impostor,761,1683,primary_test_impostor,0,223,108,1095,0,False,,0,False,,0,,False,,5.55,0.49,32840,1432690840367702de372a1970665c11300f4b32c19306d4a779b23683119d5b,8892.161,8891.3,4273,exact-open-set-id-v2,1788205506004967144,127,127,2049,16464,a2973a839c46c111dcbb2a3b701e5d1ab20d29f515675fa479ffc2c8593cc419,6.265,
267,primary_test_impostor,762,1684,primary_test_impostor,0,181,24,1019,0,False,,0,False,,0,,False,,6.53,0.52,32840,b314c883a661d46b8f865c44f297f889e3b87d77041cc298fe1e10449e22f0ba,8882.178,8881.3,4273,exact-open-set-id-v2,1788205506004967144,127,127,2049,16464,ae9fbb8df37bbe4ed879d6bf25e11f12bd90739a39dc19f2a3d24d750fedbb79,6.077,
268,primary_test_impostor,763,1685,primary_test_impostor,0,183,116,1101,0,False,,0,False,,0,,False,,5.334,0.48,32840,d0d2e88c150141e1c9bdb85a3c653f6d09dbc9e05a254f9f872b1f39ca9afb55,8850.127,8849.0,4273,exact-open-set-id-v2,1788205506004967144,127,127,2049,16464,e46529e0673e4c3bf74b547dfe3df23953b9fc38c83df8eb79665e1b0c40be3e,8.551,
269,primary_test_impostor,764,1686,primary_test_impostor,0,127,68,1059,0,False,,0,False,,0,,False,,6.024,0.49,32840,700cbe37b7d971afcd7905db18a214cc4c5cfe235640e80b863598b026fda14a,10192.482,10191.2,4273,exact-open-set-id-v2,1788205506004967144,127,127,2049,16464,a167a05ddb0764586824cebfa2fd38d3b1d4abc17c550dc917c7b99dec377c61,6.881,
270,primary_test_impostor,765,1687,primary_test_impostor,0,89,81,1070,0,False,,0,False,,0,,False,,5.519,0.48,32840,ae8bbd49e3bcdab950de5952d4821403be5cca33d9b8499ac4869d07fd6e8454,8496.118,8495.3,4273,exact-open-set-id-v2,1788205506004967144,127,127,2049,16464,75665315ef139b3736ced031fbc5459ce9fdcffb140d9c4ae89d32375b96b6b2,5.862,
271,primary_test_impostor,766,1688,primary_test_impostor,0,177,32,1026,0,False,,0,False,,0,,False,,6.529,0.48,32840,23010084002bd1bd136f83d6d4ea6b80f7682818ce7fdfdced9f2624629692d8,8566.325,8563.3,4273,exact-open-set-id-v2,1788205506004967144,127,127,2049,16464,9ecbe89c388a4d265c321d8036876a267997138d71a5e38e6bc9db2f7b69ecb2,9.458,
272,primary_test_impostor,767,1689,primary_test_impostor,0,119,81,1070,0,False,,0,False,,0,,False,,8.313,0.71,32840,766d175ce16ff1812bedb9bf29c276b228ca46c4f0c520a48a7633af603086e9,8223.126,8222.4,4273,exact-open-set-id-v2,1788205506004967144,127,127,2049,16464,57ad0994e6aadc67140076928f1f0a2f133468dab13819295a7e6239283c267d,5.962,
273,primary_test_impostor,768,169,primary_test_impostor,0,47,65,1056,0,False,,0,False,,0,,False,,5.788,0.47,32840,f5d0bde51c58598bcc7a3be0c16adc83d6526e0d10aa499d7b27024e3d0eb6ca,8626.997,8626.2,4273,exact-open-set-id-v2,1788205506004967144,127,127,2049,16464,ceed3e932c0fe532a855d9fb380ddcefee8000db44629c8608adf6fe07c4d9d7,5.655,
274,primary_test_impostor,769,1690,primary_test_impostor,0,186,3,100,0,False,,0,False,,0,,False,,6.43,0.54,32840,239a82f68a215293fdee5784421ededcb6748302535f92bfe670d1571984761b,8767.874,8767.2,4273,exact-open-set-id-v2,1788205506004967144,127,127,2049,16464,56850ac06761becb494f6548d0603e50a59850ad6f35f56e367a4ab8b3f7ce5d,6.33,
275,primary_test_impostor,770,1691,primary_test_impostor,0,217,51,1043,0,False,,0,False,,0,,False,,5.46,0.46,32840,8a17b0d194e08567c17b2674f1bb0be3626a249178d9179caf9b4ec33051603b,7953.591,7952.9,4273,exact-open-set-id-v2,1788205506004967144,127,127,2049,16464,4c7cc19d6bcfe4c195b11faefb007349f97f505917c0606eb5680055d139b185,6.303,
276,primary_test_impostor,771,1692,primary_test_impostor,0,154,61,1052,0,False,,0,False,,0,,False,,5.622,0.46,32840,de7759e2312849398358cfbd568e896fc0529face1b93340a34bf95732dee89c,7818.9,7818.2,4273,exact-open-set-id-v2,1788205506004967144,127,127,2049,16464,3a9df0c75204348b158abfa8c0ffafffd984770645edc074ddc81fd86b7e8c55,5.724,
277,primary_test_impostor,772,1693,primary_test_impostor,0,252,125,111,0,False,,0,False,,0,,False,,6.852,0.58,32840,2f340965e9b6709083a99fed1b2240b1f5c12b0d53665686d28db43c3171ea9a,8621.076,8619.8,4273,exact-open-set-id-v2,1788205506004967144,127,127,2049,16464,37042d2a6c4de9b9f61d416e2d0331aafb9de631e2b0f15aa2fbc41adfc2dd9a,6.03,
278,primary_test_impostor,773,1694,primary_test_impostor,0,254,2,10,0,False,,0,False,,0,,False,,5.276,0.47,32840,956f96a33ec30061fb3e73ace560bb92b292800606db674986453bae9dd12cf3,9684.642,9683.3,4273,exact-open-set-id-v2,1788205506004967144,127,127,2049,16464,4bf31844d07e85a85cff3aeb80c465a92808b2aeb0b7babbc991d903bd5fe988,5.746,
279,primary_test_impostor,774,1695,primary_test_impostor,0,173,81,1070,0,False,,0,False,,0,,False,,6.097,0.44,32840,c141ef7d39f1c63af3c24001c0da8be01551ba387384eebe2867eb7c39ea0fc7,9181.067,9169.8,4273,exact-open-set-id-v2,1788205506004967144,127,127,2049,16464,96ddfa910ef5be712da7a2bca127c6ceb348b3a13b7e430d497af02dda939caa,34.797,
280,primary_test_impostor,775,1696,primary_test_impostor,0,208,70,1060,0,False,,0,False,,0,,False,,28.277,0.5,32840,cf79b9a849070d89283669b46ce06ef25bba9e327e9e6e5877c8cd46cb6c7c44,8738.536,8736.8,4273,exact-open-set-id-v2,1788205506004967144,127,127,2049,16464,9ee2ee6b5a642121a71c5157deb405cbbdf1fe767d833fd72f0816b7bec7ccf8,6.771,
281,primary_test_impostor,776,1697,primary_test_impostor,0,254,85,1074,0,False,,0,False,,0,,False,,6.072,0.45,32840,3614f38c6ed5bd38553334fb161f9fea15d6bfe6c0788904cda7fa5001d1ff19,9828.953,9827.7,4273,exact-open-set-id-v2,1788205506004967144,127,127,2049,16464,4dd95712a0ead0f01a3cb6748b6e22505f972daa36bb52e5205f5677570106f2,8.358,
282,primary_test_impostor,777,1698,primary_test_impostor,0,146,46,1039,0,False,,0,False,,0,,False,,8.229,0.54,32840,a59eb64e80d03d4eb9bfac9f317842e5852907fdafed34c316d9c93d0cb68515,11672.745,11671.6,4273,exact-open-set-id-v2,1788205506004967144,127,127,2049,16464,84cbcc71242a860535d5449baf490f0934477aa4e2a4d1fa5fc8610d4eedc165,6.298,
283,primary_test_impostor,778,1699,primary_test_impostor,0,212,100,1088,0,False,,0,False,,0,,False,,5.874,0.54,32840,a4d31d395d360934cf7ad0d36551eee6387394608a5d046708121911dfb5eea6,8488.886,8487.8,4273,exact-open-set-id-v2,1788205506004967144,127,127,2049,16464,b53ba8a4ae0a8b22f44e4e3824a9f23f85420a537eb3aa24d9c205676503fbd4,5.668,
284,primary_test_impostor,779,17,primary_test_impostor,0,281,29,1023,0,False,,0,False,,0,,False,,4.969,0.45,32840,2b27e422e1ce37f97b355bbed82ccc54371d5b9c6c0f05867cbe0b45fec08c36,7490.097,7489.3,4273,exact-open-set-id-v2,1788205506004967144,127,127,2049,16464,8741585512cbb940530f6f2ad3eb23f7f995342920588019569db0ef2aa787d3,6.325,
285,primary_test_impostor,780,170,primary_test_impostor,0,178,20,1015,0,False,,0,False,,0,,False,,5.605,0.46,32840,9b46c983a8109978afd661a05a21201317fd29d341039258fd62708329f03662,7394.169,7393.5,4273,exact-open-set-id-v2,1788205506004967144,127,127,2049,16464,a5cf27131e67c2abdfd09748560b883a9689d74f81cba961897df3c6798f727c,5.598,
286,primary_test_impostor,781,1700,primary_test_impostor,0,198,3,100,0,False,,0,False,,0,,False,,5.061,0.45,32840,b72d3dc7e17007921b0cfeafa70403af863adbc248278386b0d7ae7d93167380,7383.412,7382.8,4273,exact-open-set-id-v2,1788205506004967144,127,127,2049,16464,cace8e2162c8278d44c7d07b0f4f80fe79937b36510cb89f225e6248e34832f9,5.666,
287,primary_test_impostor,782,1701,primary_test_impostor,0,44,100,1088,0,False,,0,False,,0,,False,,5.101,0.48,32840,6d87741bbb7bfc2cf4f24d6f4da03b09a1700bf77bd55426a0eab2576bca9e98,7552.089,7551.4,4273,exact-open-set-id-v2,1788205506004967144,127,127,2049,16464,65411df6e960a6ea976736b52610f8f63dec2228e9dcd0ac057418f610e766fd,5.483,
288,primary_test_impostor,783,1702,primary_test_impostor,0,82,23,1018,0,False,,0,False,,0,,False,,5.541,0.45,32840,e2294c9e7c9b92496f5ebd5970b26b65d13f5a5f64ab629ac8463ce4f2ed9b95,7570.24,7569.5,4273,exact-open-set-id-v2,1788205506004967144,127,127,2049,16464,c17bfbde481dd0cbf3ce015109ce553dbee1f302b2ec65fb6490f209b28da769,12.308,
289,primary_test_impostor,784,1703,primary_test_impostor,0,165,74,1064,0,False,,0,False,,0,,False,,7.849,0.6,32840,43f33228e6cc2faa3460db3090f594e11f9213de8ab45662bf6ceee3ec99cd0b,7960.014,7959.3,4273,exact-open-set-id-v2,1788205506004967144,127,127,2049,16464,88a094699e55d71236fbcebb1f731b8adbca5bb50f12ca1ebee0f9699873a96b,6.645,
290,primary_test_impostor,785,1704,primary_test_impostor,0,155,58,105,0,False,,0,False,,0,,False,,15.671,0.49,32840,5b2e83cb9103679e97acf24176b94b89fde581aebacf7194d82f0c4a536583b3,9077.636,9076.3,4273,exact-open-set-id-v2,1788205506004967144,127,127,2049,16464,684bf13891fa929ffd189ca07cde9fa655b7cc178912c316f7d5c4650bf75762,6.626,
291,primary_test_impostor,786,1705,primary_test_impostor,0,170,7,1003,0,False,,0,False,,0,,False,,5.861,0.45,32840,42ca97bc2ee10357d16b2c8ecf701d736f2888d1be10e9b9cc2205a11bc25295,8656.712,8655.7,4273,exact-open-set-id-v2,1788205506004967144,127,127,2049,16464,3fe4ae61238da353fbd1f1b43b70b9f49bbb045b0875c6e8a39318d852191356,7.732,
292,primary_test_impostor,787,1706,primary_test_impostor,0,187,64,1055,0,False,,0,False,,0,,False,,8.221,0.48,32840,e4019a74e9bc8fe82b3c5abe7c200e503a9c7b362cfb5aee6713bc7749bba5dc,8265.864,8264.9,4273,exact-open-set-id-v2,1788205506004967144,127,127,2049,16464,3150115495fd31b2848ba41051b4d206a07dba00edf416d111d7c43eacba5f5e,35.015,
293,primary_test_impostor,788,1707,primary_test_impostor,0,68,99,1087,0,False,,0,False,,0,,False,,30.247,2.44,32840,8f3d94b6a037f7f5fba8e9f43080dea6269f3fb6e4635e823557ef5f81c8e440,8212.382,8211.1,4273,exact-open-set-id-v2,1788205506004967144,127,127,2049,16464,e3430bdcfbfc1cd4c2724154439de648ccbd54afb72b5afca2578be7947e0058,6.329,
294,primary_test_impostor,789,1708,primary_test_impostor,0,151,114,110,0,False,,0,False,,0,,False,,6.209,0.42,32840,4e7aa038614d5bf2a37632da4c5e0d0e983af5ffb9fee998253e819603ba4cc6,8993.24,8992.3,4273,exact-open-set-id-v2,1788205506004967144,127,127,2049,16464,73ab801a1a99b498c3165c94cc30ef2f33d6917021b9006275cb3f825d2b434e,6.777,
295,primary_test_impostor,790,1709,primary_test_impostor,0,172,23,1018,0,False,,0,False,,0,,False,,6.5,0.47,32840,ac4200c0194ee0d6dfa0ee3e4b7b67a87d7878442e8395c991e3bf8e13c62c31,8975.615,8974.8,4273,exact-open-set-id-v2,1788205506004967144,127,127,2049,16464,e2953bc215ecb9e23d14a876eacdd92964fe50ddf3c2f7232696596996a5c660,6.182,
296,primary_test_impostor,791,171,primary_test_impostor,0,159,63,1054,0,False,,0,False,,0,,False,,6.137,0.44,32840,4154ab82dd363c725f22539754c108a0278cf52bfe5ec5cce70c6f1a58e88bff,8776.045,8775.3,4273,exact-open-set-id-v2,1788205506004967144,127,127,2049,16464,6f9c5e837f4f463358da1cb8aec76c8bfb6d55444e037fb40f63327996976ab1,5.935,
297,primary_test_impostor,792,1710,primary_test_impostor,0,89,111,1098,0,False,,0,False,,0,,False,,6.716,0.6,32840,d38460842ec202df976a0c9103bfc33db1d162a0f8a3f50f5c048a721e656aff,10057.772,10056.5,4273,exact-open-set-id-v2,1788205506004967144,127,127,2049,16464,e2be665f58fe8eb82ba9ac9cfc592c24b11db19f39ae50b95ce6b306f9df2c2a,8.97,
298,primary_test_impostor,793,1711,primary_test_impostor,0,255,86,1075,0,False,,0,False,,0,,False,,8.756,0.57,32840,e898cba6450f95397b236b5119db272f9a839cea9e9bd3c0704ad45f2162a04d,9334.992,9334.0,4273,exact-open-set-id-v2,1788205506004967144,127,127,2049,16464,cfc5ad980baee1f2f4aaa16b01d15a3fe78bd1495695c50e3ef8acf20c376da4,5.646,
299,primary_test_impostor,794,1712,primary_test_impostor,0,288,18,1013,0,False,,0,False,,0,,False,,6.391,0.48,32840,93ff23c3771352fe03d6ab6183317bf98bf8147126491850882663160e60d579,9324.467,9323.4,4273,exact-open-set-id-v2,1788205506004967144,127,127,2049,16464,73e193e90777e849e4c1fca68e655be0990f47e5d0b5997e6bd32f68f9aa61e5,6.007,
300,primary_test_impostor,795,1713,primary_test_impostor,0,322,61,1052,0,False,,0,False,,0,,False,,6.159,0.49,32840,a9e64a7034b484fb34cdce77faa7e9637ddeae603f49f7cbd41979db9dec3330,8913.455,8912.4,4273,exact-open-set-id-v2,1788205506004967144,127,127,2049,16464,d473632196b199bd856a79289048de9da1e9f93dd767f45488891e13020caa49,5.558,
301,primary_test_impostor,796,1714,primary_test_impostor,0,60,33,1027,0,False,,0,False,,0,,False,,6.441,0.44,32840,a48ce17d6a92bb4cf06b66f0ae35cde9b17f0a1623732a89c2a651f251c6c04a,9023.794,9022.8,4273,exact-open-set-id-v2,1788205506004967144,127,127,2049,16464,c6391cf5fc62ba79384fd9aeef92ec92dcc85d2d3b81a54a82e3e8ccf4a7020c,7.841,
302,primary_test_impostor,797,1715,primary_test_impostor,0,68,3,100,0,False,,0,False,,0,,False,,6.946,0.48,32840,e5a2faee140f65058e66da375c7e4f72bb4bb2b2fb9025568ac844b21bc23033,9472.092,9470.4,4273,exact-open-set-id-v2,1788205506004967144,127,127,2049,16464,abe5298edd41d0525ff1962a416b738814dfbd576fe4a43e5f23326da2fb5f6f,6.136,
303,primary_test_impostor,798,1716,primary_test_impostor,0,211,95,1083,0,False,,0,False,,0,,False,,5.695,0.46,32840,8ca83ab2482865d74d99a1bb5d106c5403b1ae9eda0aa352ddf201f0413c0d6f,8356.231,8355.1,4273,exact-open-set-id-v2,1788205506004967144,127,127,2049,16464,b8320379275da9a03f95482690bdda7186e20e4a93ee3ee08631fdfb69e7fcba,6.474,
304,primary_test_impostor,799,1717,primary_test_impostor,0,243,82,1071,0,False,,0,False,,0,,False,,5.364,0.51,32840,238e07316263e5ef3a3152f7b3d3ee6bf35b1ebdda606d43e2213f90823e3857,7771.987,7771.0,4273,exact-open-set-id-v2,1788205506004967144,127,127,2049,16464,1cb039eb7144b35a2597986b85a4a52c579f266d34b7d997ee12530e297c69d1,5.595,
305,primary_test_impostor,800,1718,primary_test_impostor,0,208,2,10,0,False,,0,False,,0,,False,,5.633,0.48,32840,221a2b20c00ce7fb8a325b87d25ef2b64c4cbce6d5820a833821bdf68db8882f,7575.488,7574.7,4273,exact-open-set-id-v2,1788205506004967144,127,127,2049,16464,199e84a3577fd133b6748b95b0ccffda6e6e5a24cbcb51586d767f3cc1903baf,6.062,
306,primary_test_impostor,801,1719,primary_test_impostor,0,159,59,1050,0,False,,0,False,,0,,False,,6.048,0.51,32840,1a0cd628ffd31ab291306e6d11fc3a858d653404b632cfe536868a5d5f77d6d8,8153.048,8152.2,4273,exact-open-set-id-v2,1788205506004967144,127,127,2049,16464,f06911626aff36ee4f7d5cdfe0ee226bb3f7838e44a494dbad01033ca4cc8a5c,5.741,
307,primary_test_impostor,802,172,primary_test_impostor,0,237,29,1023,0,False,,0,False,,0,,False,,5.597,0.47,32840,46b8df5081fdca6a4f59e5a9607dbd0dacc514064b417c6de5d878a356229b4b,7869.273,7868.5,4273,exact-open-set-id-v2,1788205506004967144,127,127,2049,16464,1eab0cd96c4ad1aea34ca0985c93a1a5030d092649851d23c6e98438fec25044,5.328,
308,primary_test_impostor,803,1720,primary_test_impostor,0,248,17,1012,0,False,,0,False,,0,,False,,5.617,0.46,32840,514edc7086396d5d014a7777c9277f608dcb6c190c6184e0a14de87ce493c6f8,7878.063,7877.3,4273,exact-open-set-id-v2,1788205506004967144,127,127,2049,16464,d7f6df67c8b03c55f741cb2ba115b73381b526f08a1035f60a12e7f3ee4ec2ed,6.972,
309,primary_test_impostor,804,1721,primary_test_impostor,0,170,62,1053,0,False,,0,False,,0,,False,,5.405,0.46,32840,f1a149f682cf568db1f4e7660728e577db77c5b3443e1475989078ca5011d2c4,8257.587,8256.8,4273,exact-open-set-id-v2,1788205506004967144,127,127,2049,16464,371662fca3e0655095c829b238dfc2d0ba0f8862b64b6ac1373348986cc19a4b,6.282,
310,primary_test_impostor,805,1722,primary_test_impostor,0,232,119,1104,0,False,,0,False,,0,,False,,5.365,0.43,32840,9df07a32731c99f3e85af2a1aa98796fa1266380493fa4921b6117de2d441a4b,7789.594,7788.9,4273,exact-open-set-id-v2,1788205506004967144,127,127,2049,16464,e1961d5b4528bc92c65dc9921ee64d467ab62743db5626d0a7684021a49dbac7,5.64,
311,primary_test_impostor,806,1723,primary_test_impostor,0,101,32,1026,0,False,,0,False,,0,,False,,5.647,0.44,32840,eba52383f0934e25b2e16a6e43172b10cc8c60c4a905a99dcdd3554848fffaee,8187.905,8187.0,4273,exact-open-set-id-v2,1788205506004967144,127,127,2049,16464,d8d81fd4eca88e7d503866a58bfc6d0daa920b0c85a709705e0b704daf94427f,6.135,
312,primary_test_impostor,807,1724,primary_test_impostor,0,176,6,1002,0,False,,0,False,,0,,False,,7.765,0.51,32840,b04a5a5af7c61f8a47c24c346b83dcdcd78d4e7cb5472db87ebf2063e93bcccf,7951.611,7950.9,4273,exact-open-set-id-v2,1788205506004967144,127,127,2049,16464,ef4c02e960c458c93cd9c4db5fd7a557c996769a906310c3ee07ffcd9b08e9e4,5.782,
313,primary_test_impostor,808,1725,primary_test_impostor,0,204,85,1074,0,False,,0,False,,0,,False,,6.186,0.48,32840,c68292ad455c82a85551f9fe923d4973408b9828935af2d54b884ebe6b08ca18,7536.245,7535.6,4273,exact-open-set-id-v2,1788205506004967144,127,127,2049,16464,8588802cf5813e31b3399bddd8dc3756d7b931f957d6099ead7056ab8146484a,6.145,
314,primary_test_impostor,809,1726,primary_test_impostor,0,36,54,1046,0,False,,0,False,,0,,False,,5.963,0.46,32840,355a4bfcf0762ae74c71f21cdf59f4bfaa2aeec78ca3d2e134faaa4f92b114cc,7775.421,7774.7,4273,exact-open-set-id-v2,1788205506004967144,127,127,2049,16464,27c06447b14a28664b673c858cbe512dc755ffbdccc493cdf81fe8000b26506a,13.094,
315,primary_test_impostor,810,1727,primary_test_impostor,0,245,120,1105,0,False,,0,False,,0,,False,,6.277,0.46,32840,aaeb3affd43e827155bc4e363dde39b61a0fa9a9e738ba03d623aa6bcd915cd3,8304.201,8303.5,4273,exact-open-set-id-v2,1788205506004967144,127,127,2049,16464,890007e434c91aee68bb7e0ecf60fd02330416261b46daa3bdc32440264dbc94,6.209,
316,primary_test_impostor,811,1728,primary_test_impostor,0,78,99,1087,0,False,,0,False,,0,,False,,7.027,0.43,32840,bbe2873cd7225a4b6162ddcacd9392d8f457d55709fbbb6420ec7ddb9637d30f,8498.468,8497.5,4273,exact-open-set-id-v2,1788205506004967144,127,127,2049,16464,a85e982fe0799b9c381f56c68dd5f826938c19a81a22a57b49b0c3cb5cc5e7e9,5.461,
317,primary_test_impostor,812,1729,primary_test_impostor,0,211,120,1105,0,False,,0,False,,0,,False,,5.214,0.46,32840,00c34265ba6efd13cb1ce8d8325372458edc1ea2ad321b289e5be4cf319eafd9,7347.782,7347.1,4273,exact-open-set-id-v2,1788205506004967144,127,127,2049,16464,3713897254894691a480eed109b19deec41138a6e09182a86c2edf1a5b29a478,5.846,
318,primary_test_impostor,813,173,primary_test_impostor,0,123,53,1045,0,False,,0,False,,0,,False,,6.589,0.52,32840,d6a0153301a63e9fdd913efdc62ea84910089592db653dc59daffa51eca60d3e,8672.835,8672.0,4273,exact-open-set-id-v2,1788205506004967144,127,127,2049,16464,a561c772796856e1a2ed8b6b9c876a8d1f33a7b3bc3c365018f339f867019871,5.951,
319,primary_test_impostor,814,1730,primary_test_impostor,0,226,3,100,0,False,,0,False,,0,,False,,5.998,0.46,32840,e98064b4548f2e4ae72048f3b405fb1241bfadc92619e21b18d9ace44dfda6ee,9905.972,9904.7,4273,exact-open-set-id-v2,1788205506004967144,127,127,2049,16464,69acdb4848a13e0840d09e62cd0e5e79a79124ff27a8ef91369151d7f93bcb0d,6.932,
320,primary_test_impostor,815,1731,primary_test_impostor,0,238,119,1104,0,False,,0,False,,0,,False,,6.638,0.47,32840,bb9279d7ae3c67ceaf2ac2a946bdc4d88e89bbe9e57f6dc125517703473da2e1,8796.202,8795.3,4273,exact-open-set-id-v2,1788205506004967144,127,127,2049,16464,68a915946c1d25c41e017661ac0d498500eaf1c7b97786b95391634e91b1a48b,6.886,
321,primary_test_impostor,816,1732,primary_test_impostor,0,229,120,1105,0,False,,0,False,,0,,False,,6.216,0.43,32840,bf5b1d6e3eaa6223e9572dc734fa10ad773a3269d98cd2df465ed62f7d964dcc,8627.369,8626.7,4273,exact-open-set-id-v2,1788205506004967144,127,127,2049,16464,85743c0e508922addcf9bf4c5b4c7acd3534951be6429a0b43afecc17b871aa9,10.148,
322,primary_test_impostor,817,1733,primary_test_impostor,0,208,119,1104,0,False,,0,False,,0,,False,,7.02,0.48,32840,9da04242c94f5864053ad89de0c14d1daaadbdfde267b9669160b7450045922e,8775.782,8774.9,4273,exact-open-set-id-v2,1788205506004967144,127,127,2049,16464,e34fe13db66979526a20074282a30ea7f2e9f7f9776b8da8d6d8da423f17618c,5.618,
323,primary_test_impostor,818,1734,primary_test_impostor,0,90,102,109,0,False,,0,False,,0,,False,,5.309,0.45,32840,05078bad5cd01cddd8995a36d0c2b891a7969385e12a36ea2f28855bae02f880,8261.247,8260.5,4273,exact-open-set-id-v2,1788205506004967144,127,127,2049,16464,e84aa789470ab8893c564e22d35594537fd1a6bf4fcc01acd12d6d0300bf3bbc,6.058,
324,primary_test_impostor,819,1735,primary_test_impostor,0,168,21,1016,0,False,,0,False,,0,,False,,5.889,0.46,32840,0b9c2743b9b91f21241cc7d3cca864c8bee73981eff0ed300047c1c7be23dc7c,7971.241,7970.4,4273,exact-open-set-id-v2,1788205506004967144,127,127,2049,16464,4ea3c29dea22466b424267f2043596861375426dc98ea967ca38e645cf6093b9,5.655,
325,primary_test_impostor,820,1736,primary_test_impostor,0,80,80,107,0,False,,0,False,,0,,False,,6.754,0.49,32840,f8a1ad99e7af8bfd60986dcb9430d52191c4d78396fda524a9462a0992bd69d5,7901.987,7901.4,4273,exact-open-set-id-v2,1788205506004967144,127,127,2049,16464,eb7f702d773ba5490c9124751728e2cdc519b31307191a41c24fc65403fca6c7,5.363,
326,primary_test_impostor,821,1737,primary_test_impostor,0,183,19,1014,0,False,,0,False,,0,,False,,5.829,0.49,32840,f3968c2416fa156834a24fb26fe838b0682d0899be24a35eb08838c29d16ede3,7530.296,7529.5,4273,exact-open-set-id-v2,1788205506004967144,127,127,2049,16464,cc0466fd932c31342f3b52bf451be542eb30479c1dcc47bbd826bfa60a9beca6,6.222,
327,primary_test_impostor,822,1738,primary_test_impostor,0,267,24,1019,0,False,,0,False,,0,,False,,5.327,0.5,32840,fb00a93899f441a7de10340f8074d6eb8da8c6d0c1ed696ff9a80cd5d4b843c2,8415.2,8414.5,4273,exact-open-set-id-v2,1788205506004967144,127,127,2049,16464,325a6e6f9dcabc7c9851516a3e28852f858d7d5e4ea93aa488c974e3de11b493,5.696,
328,primary_test_impostor,823,1739,primary_test_impostor,0,110,3,100,0,False,,0,False,,0,,False,,5.829,0.44,32840,1aa2d3daff087155e994a7631516b3bcfac20ad0cd1541894639dfca40595a0a,8067.81,8067.1,4273,exact-open-set-id-v2,1788205506004967144,127,127,2049,16464,7d0adeb3b4d9a557b69108b4716e08b34247a5f91ea46d5906ed04ac26aefeb7,5.877,
329,primary_test_impostor,824,174,primary_test_impostor,0,179,64,1055,0,False,,0,False,,0,,False,,5.979,0.43,32840,24abce9550df662a79b72b65f2f1d7a4b18d5de7f8f1d1fe06a02b81ea77d7dc,7883.582,7882.9,4273,exact-open-set-id-v2,1788205506004967144,127,127,2049,16464,0a1cd1dad2d77f691085f5c263fb61393219815567628da26e01b7448302f860,5.7,
330,primary_test_impostor,825,1740,primary_test_impostor,0,141,76,1066,0,False,,0,False,,0,,False,,5.753,0.4,32840,fa637a2005a597f08a765d610e0a0213c87edd74882e46f50f009499013b3f60,9740.488,9739.7,4273,exact-open-set-id-v2,1788205506004967144,127,127,2049,16464,9f0a600b56be49511f2731480631ce447a19af6f0580d7a9062025ad1581e1e1,6.098,
331,primary_test_impostor,826,1741,primary_test_impostor,0,280,100,1088,0,False,,0,False,,0,,False,,5.6,0.44,32840,1b3222ce288ecd28ddf222e1ea9a012d32fb3156142438e6e6a747a297126efd,10007.52,10006.4,4273,exact-open-set-id-v2,1788205506004967144,127,127,2049,16464,4e295645bb04f932061c95ed825552646a1b5edae408a933273e94d8d0cd4b35,6.808,
332,primary_test_impostor,827,1742,primary_test_impostor,0,218,99,1087,0,False,,0,False,,0,,False,,6.887,0.52,32840,39d89c4b1541cfabe9e41be18d9c467ea2340c490e040b0b73f70698e810a50d,10628.144,10626.7,4273,exact-open-set-id-v2,1788205506004967144,127,127,2049,16464,318b75528685b72f14c59684079801ff4b7309b3556b952a57d667df7b886835,9.19,
333,primary_test_impostor,828,1743,primary_test_impostor,0,223,98,1086,0,False,,0,False,,0,,False,,5.983,0.43,32840,70325d0046f0b3622232a9888e176bda85ee2c624ff1ad5fc4d41ae7c19a0f32,8876.011,8875.3,4273,exact-open-set-id-v2,1788205506004967144,127,127,2049,16464,5490c0bfc17174b3ca6928026d2dd248ffa2f4235ae1e52c6bf64eea58e32ee1,5.478,
334,primary_test_impostor,829,1744,primary_test_impostor,0,120,93,1081,0,False,,0,False,,0,,False,,5.91,0.53,32840,91acf93df5463c72d17ea7dfaf5221a65e2ec0dc31f09f6f7ff4e299b9022d32,8732.294,8731.6,4273,exact-open-set-id-v2,1788205506004967144,127,127,2049,16464,273816ed0d5dc57a5256acd52d5006ab70dc9eac8f15c910b14de441467aec9d,10.371,
335,primary_test_impostor,830,1745,primary_test_impostor,0,240,122,1107,0,False,,0,False,,0,,False,,5.86,0.44,32840,45ac75e1912a33b0c66ab99b20e0bb60bec780e08f90c63e1337199c60125b15,9133.099,9132.4,4273,exact-open-set-id-v2,1788205506004967144,127,127,2049,16464,0cfdb82eee4d27a47548cea364fabf2a56fedb13882a0b75405c79f7422e3048,6.396,
336,primary_test_impostor,831,1746,primary_test_impostor,0,150,80,107,0,False,,0,False,,0,,False,,6.76,0.42,32840,91407da9af38f662279bf67998bb9a86fe1749cc8300beee9a8087a178531f4c,9854.766,9853.8,4273,exact-open-set-id-v2,1788205506004967144,127,127,2049,16464,e20f638002de891b64a59b1abd7c9510982ebfd8558f3b40b84c1ce9a68cfb45,5.735,
337,primary_test_impostor,832,1747,primary_test_impostor,0,209,25,102,0,False,,0,False,,0,,False,,6.027,0.5,32840,14d91b7c0444cd562fd876be8f0c0c16d5d3d422d13ff71331e07897e7235680,8737.354,8736.2,4273,exact-open-set-id-v2,1788205506004967144,127,127,2049,16464,74ce32a780a988567a759203bfe7b5d151c5a759300af2dc0ad4d15942f355a0,5.035,
338,primary_test_impostor,833,1748,primary_test_impostor,0,242,33,1027,0,False,,0,False,,0,,False,,4.571,0.43,32840,79bdeedf7edc30ac13a13d2625cabb4d81222f204aa05c61739fd8e17631f739,8100.518,8099.5,4273,exact-open-set-id-v2,1788205506004967144,127,127,2049,16464,3bef33b177944e42687b756163b84e48bfa399c25895576312b12f6212e3497d,5.966,
339,primary_test_impostor,834,1749,primary_test_impostor,0,175,98,1086,0,False,,0,False,,0,,False,,6.069,0.43,32840,017be57d8c94a3b0c8f0b95412329b7652563379eee09c5b83bcc91eb734d2bc,8180.441,8179.5,4273,exact-open-set-id-v2,1788205506004967144,127,127,2049,16464,68e1ef5c88b4fd2d160641c2165b557f9f73c76e73fcf7d22cdebb400d328e46,5.535,
340,primary_test_impostor,835,175,primary_test_impostor,0,156,10,1006,0,False,,0,False,,0,,False,,5.529,0.45,32840,20bf63fb6636038f660f8299ca788cb2f1fbc3bbc45589084bd069300e833512,7865.286,7864.6,4273,exact-open-set-id-v2,1788205506004967144,127,127,2049,16464,efbd56b0b3655972e8d8d4aaff20459f62a4278db8056901789804f3f95089bb,5.744,
341,primary_test_impostor,836,1750,primary_test_impostor,0,117,107,1094,0,False,,0,False,,0,,False,,5.848,0.46,32840,10179a3625f11b8e6ad36ce5ef6c0c7f44ce693d436c973c911a3d5cf99a41f2,7885.376,7884.6,4273,exact-open-set-id-v2,1788205506004967144,127,127,2049,16464,916fb2abcda752d143a8d8063a232cad62f3c9d2a3ff9493babadec12e77f655,6.552,
342,primary_test_impostor,837,1751,primary_test_impostor,0,191,116,1101,0,False,,0,False,,0,,False,,5.589,0.45,32840,1e11f7528e3809001d33a35de0fd8ca4c806d7235e8fa7a1c1880c6dd7e26917,7681.566,7680.9,4273,exact-open-set-id-v2,1788205506004967144,127,127,2049,16464,e57b1223adeeaa40639522d06cd5cf072d60125020138d948f42f1c45ef165c2,6.564,
343,primary_test_impostor,838,1752,primary_test_impostor,0,160,54,1046,0,False,,0,False,,0,,False,,5.727,0.49,32840,464cfc696369710215f7bb8eff1551af76481c9da7fcc6c0d3e0f77cd47eabd6,7896.601,7895.8,4273,exact-open-set-id-v2,1788205506004967144,127,127,2049,16464,03e315072d9d1d8da589b4cfb63f8bfac35d572829081097af55fba19560b031,5.341,
344,primary_test_impostor,839,1753,primary_test_impostor,0,212,8,1004,0,False,,0,False,,0,,False,,5.793,0.52,32840,20770b4e69b566dc31facf1554e8995030e1a6f5badd00991a5f62854870ee49,7658.306,7657.7,4273,exact-open-set-id-v2,1788205506004967144,127,127,2049,16464,ddea717c65218baaf0010a336ae417aefc7116c2f34e6c25d8d0efead48b88da,5.724,
345,primary_test_impostor,840,1754,primary_test_impostor,0,216,23,1018,0,False,,0,False,,0,,False,,5.572,0.43,32840,9650d7d9b687daaac529b89fbdbccf1c8f1dcefeb4ee97f7dcc8518637ae4965,8013.158,8012.5,4273,exact-open-set-id-v2,1788205506004967144,127,127,2049,16464,6dcccbd89671337f3b716c197895053fce45e833b522ee5184094c4e7feb9ed5,5.58,
346,primary_test_impostor,841,1755,primary_test_impostor,0,148,70,1060,0,False,,0,False,,0,,False,,5.747,0.5,32840,5991d82b5e9b7e03f50c37dddc918d6642cfe2f661f8ccea30d05a521c9286f7,8562.597,8561.8,4273,exact-open-set-id-v2,1788205506004967144,127,127,2049,16464,a81e6d2119a66da9793249701ba58d7657462f53a94e26eacb4fbe2f2ba4164b,6.678,
347,primary_test_impostor,842,1756,primary_test_impostor,0,257,95,1083,0,False,,0,False,,0,,False,,6.061,0.47,32840,8bffdc9b5c759cedaaaa94e87cef091fe7f08c5efd97fd8aa9b8ba8c8faec151,8869.881,8867.7,4273,exact-open-set-id-v2,1788205506004967144,127,127,2049,16464,7576f1b1e32ebbc0db22150e3a4a880e8658b9d0fd3a3d92148c522190e16308,7.095,
348,primary_test_impostor,843,1757,primary_test_impostor,0,134,93,1081,0,False,,0,False,,0,,False,,6.101,0.42,32840,fe9806edd6da668ac996a62d27c94e10e1131a43d0bc4687a28f0f74052211ac,8956.128,8955.0,4273,exact-open-set-id-v2,1788205506004967144,127,127,2049,16464,27cc8a1d22453c9dee7032bbacac60db8e8f82b018272b8f10e77132b1d3b0cb,7.67,
349,primary_test_impostor,844,1758,primary_test_impostor,0,101,81,1070,0,False,,0,False,,0,,False,,9.223,0.47,32840,35a798e584fa5981e2bc1ef9da633c70554d3c37ee375682e8f338f41500643b,8721.301,8720.5,4273,exact-open-set-id-v2,1788205506004967144,127,127,2049,16464,921cb104cfc35571678da770651e7f41a3b6ae04cadac94afdd6bc688bdc9c12,8.308,
350,primary_test_impostor,845,1759,primary_test_impostor,0,144,18,1013,0,False,,0,False,,0,,False,,9.529,0.53,32840,b4df74dae43d8a0ce19772a3888a76e1e773058600dfc237d9abf7ab40388e3a,8645.421,8643.6,4273,exact-open-set-id-v2,1788205506004967144,127,127,2049,16464,5fbdf78557935fc2706fb0c5a449194d78d725bf297676d77c30fc1475591db3,6.524,
351,primary_test_impostor,846,176,primary_test_impostor,0,146,109,1096,0,False,,0,False,,0,,False,,6.254,0.46,32840,f768626813bc8330a17e59390296f73d780957e32cd71bea734932267f4fad94,7906.006,7905.3,4273,exact-open-set-id-v2,1788205506004967144,127,127,2049,16464,11cf431495ba96644041bc701b90ec5f08f0cc9969686793513e0dc950d335a2,5.973,
352,primary_test_impostor,847,1760,primary_test_impostor,0,228,80,107,0,False,,0,False,,0,,False,,5.348,0.45,32840,b6b3b90d1ee00ce3a302a2cf422b8410838d55a48ba426bc0f027b7164f3343e,7849.639,7849.0,4273,exact-open-set-id-v2,1788205506004967144,127,127,2049,16464,8a9f5d249e01c831de69288f8f546e1895d939745121e46083c5482f72a9a09a,5.706,
353,primary_test_impostor,848,1761,primary_test_impostor,0,219,51,1043,0,False,,0,False,,0,,False,,5.451,0.44,32840,6ac99de7ff4623c0d0ad6359731fe72266484c2de205c6a0b45bc5e8da56a781,7695.362,7694.7,4273,exact-open-set-id-v2,1788205506004967144,127,127,2049,16464,32f7fbce36ee069a14d752505ad668ac73674ec3ca3cd66644644962af73539f,5.508,
354,primary_test_impostor,849,1762,primary_test_impostor,0,149,118,1103,0,False,,0,False,,0,,False,,5.819,0.44,32840,33d30fc33e625bbed48fa57f1ab95b3f6fd2052bc95582a2748f629a9b66800e,8188.372,8187.4,4273,exact-open-set-id-v2,1788205506004967144,127,127,2049,16464,f61ff9d1a4045c217b1164ade82e1ac7944f5fc5dc3043d602b09017f4cc053d,5.915,
355,primary_test_impostor,850,1763,primary_test_impostor,0,138,124,1109,0,False,,0,False,,0,,False,,6.012,0.47,32840,63e673dfa7ff3480a6cc9d1b4d715d260527902c7bb20cbe4ea0c460d97adc4d,7882.429,7881.7,4273,exact-open-set-id-v2,1788205506004967144,127,127,2049,16464,9bdf436d52e654b7b05a4cca3018d278819bf03e4dd885e69a87299cbec9c43c,6.974,
356,primary_test_impostor,851,1764,primary_test_impostor,0,122,3,100,0,False,,0,False,,0,,False,,6.475,0.49,32840,16587dbbe9c5fe88200586c9f39dc59df781bc6233894a068b03aa174cee097a,7722.132,7721.3,4273,exact-open-set-id-v2,1788205506004967144,127,127,2049,16464,0596638e1db48eee0c668ca5565368cb39e776239261268a9fbca52931a0ede9,5.387,
357,primary_test_impostor,852,1765,primary_test_impostor,0,268,2,10,0,False,,0,False,,0,,False,,5.964,0.45,32840,56f2932579c9510b150b9ece7b10b04bf97a6362fc12986b1f1ba64ef74c1d2c,8133.553,8132.9,4273,exact-open-set-id-v2,1788205506004967144,127,127,2049,16464,6d5cedca664ea5b051071260f40c6797a5de70ac180f67ef22c86381d393f7ad,5.665,
358,primary_test_impostor,853,1766,primary_test_impostor,0,191,52,1044,0,False,,0,False,,0,,False,,5.404,0.47,32840,4a0d2d3474bafd3c48fd43c7994bc7a0af45f00dfc9eee698ee6bfc5d418f514,7914.981,7914.2,4273,exact-open-set-id-v2,1788205506004967144,127,127,2049,16464,a540f8899467e78191ad5f3c85595c6ffcac158423336463a2c438c96dcb1529,6.928,
359,primary_test_impostor,854,1767,primary_test_impostor,0,172,94,1082,0,False,,0,False,,0,,False,,7.089,0.84,32840,50eba873a9ef48acb944285f8ccce9d3c8b2ac7d7e069321258e0ca04e78fb6f,7851.615,7850.9,4273,exact-open-set-id-v2,1788205506004967144,127,127,2049,16464,b8abbf363565fa782a2ea0f953688188d2933dfff70e45780f369d5db13250a7,15.428,
360,primary_test_impostor,855,1768,primary_test_impostor,0,166,4,1000,0,False,,0,False,,0,,False,,11.981,0.46,32840,52cd02ec8b7575dbbb3faa961ea4a3a6c0bd4e377a8314896aff3c934bc6acae,7749.805,7749.1,4273,exact-open-set-id-v2,1788205506004967144,127,127,2049,16464,42a71398e867923ef80167be29399c8eeb87c1bbe0fd0fbe0dd9f7213c236a09,5.854,
361,primary_test_impostor,856,1769,primary_test_impostor,0,242,123,1108,0,False,,0,False,,0,,False,,5.569,0.42,32840,a127c421716d91ef551d7faec5adff1f5a9b1dd11cae672fd63e2c7a2e934579,8196.305,8195.5,4273,exact-open-set-id-v2,1788205506004967144,127,127,2049,16464,917122c05cbf74ec71845bb8231b73163933c1f84e07ba55b2b18856456d0c0f,5.507,
362,primary_test_impostor,857,177,primary_test_impostor,0,92,2,10,0,False,,0,False,,0,,False,,5.441,0.45,32840,81864bc916c339d9913602af069c3468f58d6c7d83fc5b0c2909e86969121945,8763.769,8763.0,4273,exact-open-set-id-v2,1788205506004967144,127,127,2049,16464,50c5c74b9e3e9edf391aa3b46429b722996408ae21fac1d6578ebfaf14392897,17.318,
363,primary_test_impostor,858,1770,primary_test_impostor,0,172,110,1097,0,False,,0,False,,0,,False,,19.275,0.67,32840,fee72106e641b0412f008926789b67b920352aa702207ccacc2fab560874e972,8796.147,8795.2,4273,exact-open-set-id-v2,1788205506004967144,127,127,2049,16464,dcc857af8595b0eaee8868a520b6acd5d0f5bcaa25555fa4eee088c92bc5c284,5.622,
364,primary_test_impostor,859,1771,primary_test_impostor,0,245,52,1044,0,False,,0,False,,0,,False,,6.87,0.55,32840,561970f9791c559e374f1af345b64c1146bb87a87f0b73f42eebc08c6a116b5b,8889.615,8888.8,4273,exact-open-set-id-v2,1788205506004967144,127,127,2049,16464,f7d666189883d2c6b80992f31ba3c77fd53204038a6d6db219583409611307b8,6.154,
365,primary_test_impostor,860,1772,primary_test_impostor,0,141,108,1095,0,False,,0,False,,0,,False,,5.498,0.46,32840,06c4d745833b1028baff7ff74cf8b413a2390239636f822f6da0d67ace7df768,7988.51,7987.7,4273,exact-open-set-id-v2,1788205506004967144,127,127,2049,16464,2de0610e536108b771f2d01d5e7f036565db79202a9b7e1352e9a0b9ff857b29,5.785,
366,primary_test_impostor,861,1773,primary_test_impostor,0,203,24,1019,0,False,,0,False,,0,,False,,5.352,0.54,32840,0c7ac8e1197a44061cab918398b827a4c168cdb4287881a6c0782236667ddadb,9162.901,9162.1,4273,exact-open-set-id-v2,1788205506004967144,127,127,2049,16464,b6312e93ba6e81653f83ae2b5dbe609c6c54313e35659f50f88ed77102ef75c5,6.679,
367,primary_test_impostor,862,1774,primary_test_impostor,0,164,46,1039,0,False,,0,False,,0,,False,,6.556,0.52,32840,a1b2ad2d20522845745d3fef3f26f50c4e9fe17af3a503f666a0038c8d400d55,8496.911,8496.2,4273,exact-open-set-id-v2,1788205506004967144,127,127,2049,16464,b20eef222a6aa6227c59bc33fab2c83061d03e6197b8ac3648c88a23d1dbccc5,5.919,
368,primary_test_impostor,863,1775,primary_test_impostor,0,165,43,1036,0,False,,0,False,,0,,False,,6.501,0.44,32840,0dac83c8cefcf9ed3dd963187fa21b50a172580cf1f0b4b65e37f315ab34f8ec,9304.21,9302.6,4273,exact-open-set-id-v2,1788205506004967144,127,127,2049,16464,be1975f2152b85a9e7bd06a80d5f2aacb9e9feedcf76712115967d63ae9d89da,9.346,
369,primary_test_impostor,864,1776,primary_test_impostor,0,190,11,1007,0,False,,0,False,,0,,False,,9.067,0.61,32840,44800398ee14a68ab5fb43c6ec54831bee7bb8ca3e22ebd0cab7b471ec6c1c4d,10626.032,10624.9,4273,exact-open-set-id-v2,1788205506004967144,127,127,2049,16464,f0995ccc8805a56bf7e1c94da5b31f551691e9bc8129528bf7da4dea228740f9,6.924,
370,primary_test_impostor,865,1777,primary_test_impostor,0,195,75,1065,0,False,,0,False,,0,,False,,6.586,0.46,32840,6996942b6f91a499fb008580e60c884b85d6b936ff31f88d60b5abb32ab7b420,10226.881,10225.6,4273,exact-open-set-id-v2,1788205506004967144,127,127,2049,16464,35ae7afe07d98e815356b220abb6c756b1f9c33d5e52abbb8970d7b2857f343c,8.794,
371,primary_test_impostor,866,1778,primary_test_impostor,0,144,20,1015,0,False,,0,False,,0,,False,,6.108,0.52,32840,cad8ce31de844d1060af4c8860b9c2c662f39b058519b3d255343ae0a428424d,8485.445,8484.7,4273,exact-open-set-id-v2,1788205506004967144,127,127,2049,16464,bcc845c73e1f6e5eb89da86d49b5a0ede69f60831e1993a82dc027142296cc3e,5.66,
372,primary_test_impostor,867,1779,primary_test_impostor,0,169,12,1008,0,False,,0,False,,0,,False,,6.598,0.5,32840,ed4a2862b885784023e20166b3a483d739ac8cd0db1a0be2cd7b4d6c4d6547d7,8922.354,8921.4,4273,exact-open-set-id-v2,1788205506004967144,127,127,2049,16464,fc75c7adf22d46ac3a655d26005ccf94d8b37241be282f069b12daf5c33adee2,6.904,
373,primary_test_impostor,868,178,primary_test_impostor,0,80,2,10,0,False,,0,False,,0,,False,,5.896,0.49,32840,67cc2230a1a7835baf77776911417ec563f717d548e99f7d40a96e8543031bdd,9163.533,9162.8,4273,exact-open-set-id-v2,1788205506004967144,127,127,2049,16464,efaa3015cdfc86e5c2082f165f356a1c3379ee3943cf059d8360fae5fc642b11,5.883,
374,primary_test_impostor,869,1780,primary_test_impostor,0,255,22,1017,0,False,,0,False,,0,,False,,7.538,0.72,32840,9be50806cfe5f2dc44d9b62f5f3742a085d9147d6ecf71fc09d5bb1619106701,9667.258,9666.5,4273,exact-open-set-id-v2,1788205506004967144,127,127,2049,16464,81ae3f595fec530e277be4e7dafecc2f868b7212af7b5a1295ca090fefc7671f,9.766,
375,primary_test_impostor,870,1781,primary_test_impostor,0,172,4,1000,0,False,,0,False,,0,,False,,6.782,0.51,32840,bc07c619779141eac3f12a659b5106d069676ea65857330316649fffa0ffe1d8,9884.365,9882.9,4273,exact-open-set-id-v2,1788205506004967144,127,127,2049,16464,08c69bf1f5e7ebbdac156e9b2c268e5c65a630054e8b7b2b7001a646e0fad2a2,7.231,
376,primary_test_impostor,871,1782,primary_test_impostor,0,188,16,1011,0,False,,0,False,,0,,False,,6.859,0.74,32840,1048b866068cf2586defede0079f5e120cb53af0a41bc8f40e0cd390d46b3fd7,9812.405,9810.2,4273,exact-open-set-id-v2,1788205506004967144,127,127,2049,16464,a94e9044e4ddc05627ebf551b9691d183d3c7df79dad8f2e639d411c3a332c11,21.313,
377,primary_test_impostor,872,1783,primary_test_impostor,0,200,2,10,0,False,,0,False,,0,,False,,16.088,1.46,32840,b242ee1497a5b7a911c3bfc5f04e0c0921e838d1ba69cebb7baff1213d1a5372,8998.685,8997.7,4273,exact-open-set-id-v2,1788205506004967144,127,127,2049,16464,c432ab3cfa1e59821cc946bdb1c3ddb569d97cc66b9ddcf6bfe95ecdc081350b,5.914,
378,primary_test_impostor,873,1784,primary_test_impostor,0,214,47,104,0,False,,0,False,,0,,False,,6.937,0.64,32840,6739e7ccd062b94dd22111728fa85d4fc402536421458af24fd061f8d3eea23f,9374.188,9373.3,4273,exact-open-set-id-v2,1788205506004967144,127,127,2049,16464,44e2c8ca5b9876505fd806b4ff1bfe3ce4d02f0a075d6e5593b1fe130aa0ce71,8.143,
379,primary_test_impostor,874,1785,primary_test_impostor,0,288,23,1018,0,False,,0,False,,0,,False,,12.149,1.41,32840,42c6c898757d696732fbcbe1ac5123d1620b6407604a1fc002b166e925f85042,9325.028,9324.0,4273,exact-open-set-id-v2,1788205506004967144,127,127,2049,16464,755b47fe4aa30acfc4c394e4b987a55fd8d7261e83d1e24c79023ff515fe4c52,6.267,
380,primary_test_impostor,875,1786,primary_test_impostor,0,170,80,107,0,False,,0,False,,0,,False,,5.614,0.42,32840,8bf4af6f8e2d997a039400f69003dce744e31fa82e77356a20d0574d4dfdfebd,8622.176,8621.3,4273,exact-open-set-id-v2,1788205506004967144,127,127,2049,16464,709c8c7be3c26440a4c44903223a8f7bd62c4d11511584c41a43c24b8bfde36b,7.916,
381,primary_test_impostor,876,1787,primary_test_impostor,0,173,88,1077,0,False,,0,False,,0,,False,,9.537,0.63,32840,dda155e6af7a5c54acdcbd40a6642ad8f8f5c1a79131e6baef0727dfe4e39ce0,8198.692,8197.6,4273,exact-open-set-id-v2,1788205506004967144,127,127,2049,16464,b8fe3602299c40be0a31c6aeaac4770539f8284f27b3ff416c667a5e5568734c,6.058,
382,primary_test_impostor,877,1788,primary_test_impostor,0,261,25,102,0,False,,0,False,,0,,False,,5.622,0.47,32840,def237d1402bf661f871f5db7947c673ca22b8960f99cbd85d4e8b4ed77a45dd,7605.095,7604.4,4273,exact-open-set-id-v2,1788205506004967144,127,127,2049,16464,5a8e9ce9a11da8f4fcffd5ab23f064278d648573d950820179a3f73e714f7efe,6.372,
383,primary_test_impostor,878,1789,primary_test_impostor,0,206,105,1092,0,False,,0,False,,0,,False,,6.045,0.46,32840,e196be2b27f1eb0322cd585c2b2cd6a56d7eb1f75ff3f85d87a818d9f9a43e13,7483.229,7482.6,4273,exact-open-set-id-v2,1788205506004967144,127,127,2049,16464,7b4d9bb00ee4a3c2fcf8ac0a71d660c27aac0757fd490a91df327599adbd3e5a,5.797,
384,primary_test_impostor,879,179,primary_test_impostor,0,279,29,1023,0,False,,0,False,,0,,False,,5.863,0.45,32840,bbbc3f1c2e17c3bea266bc03688778792e8e331d18f5c0255eae52b0b32f0e39,8344.692,8344.0,4273,exact-open-set-id-v2,1788205506004967144,127,127,2049,16464,5063448f50dcd1693940e2a1fca2b7cbc3be67176f8c0219a7ae8d69e91fb9a4,6.364,
385,primary_test_impostor,880,1790,primary_test_impostor,0,93,107,1094,0,False,,0,False,,0,,False,,7.971,0.45,32840,cf1d273614ed7d3d7de45cd42426a6115625b5a7535265e6b863ee45987a5b73,7875.755,7875.2,4273,exact-open-set-id-v2,1788205506004967144,127,127,2049,16464,18b011c0db45bb874942ab2fd2f504b4cdf2bb0dfeebe037851cc901e358e410,6.488,
386,primary_test_impostor,881,1791,primary_test_impostor,0,138,4,1000,0,False,,0,False,,0,,False,,5.482,0.42,32840,46a5e7384b1ec7e24ed22a6cafaf2109131f7943a56f9cb023dd2aa7d56e7b07,7713.51,7712.9,4273,exact-open-set-id-v2,1788205506004967144,127,127,2049,16464,93ae0e26c9893131a1d2eef5d5205e30b9700e1d004366ab65b69de09a897ea5,5.336,
387,primary_test_impostor,882,1792,primary_test_impostor,0,155,81,1070,0,False,,0,False,,0,,False,,5.784,0.45,32840,9efa1a3abf2512c45239df65900592244aba53abd0606bf4879631e4a03567f9,8248.028,8247.4,4273,exact-open-set-id-v2,1788205506004967144,127,127,2049,16464,869af89b627241cb0325b0b774b7a197fa9d02416c399c38b9dcaab9a9ad0ca1,5.313,
388,primary_test_impostor,883,1793,primary_test_impostor,0,114,23,1018,0,False,,0,False,,0,,False,,5.711,0.53,32840,49f774e5d0118f0738f4425083fc78da2889bf1d4c286fdcecdb7ffabf69c2f5,8796.412,8795.8,4273,exact-open-set-id-v2,1788205506004967144,127,127,2049,16464,da3023b1ac98077e46fc4ff431af849f5d651e970afa62f55bdd705f9a9dca41,5.399,
389,primary_test_impostor,884,1794,primary_test_impostor,0,197,34,1028,0,False,,0,False,,0,,False,,5.422,0.43,32840,11e3a3894e990a73db3237bc4d2e26d907d746b50168d6525b395706fe929a53,7936.058,7935.1,4273,exact-open-set-id-v2,1788205506004967144,127,127,2049,16464,626798e984818691a5101c1988fb2d2b43aa4a10ed467ada38bce4ee60619308,5.762,
390,primary_test_impostor,885,1795,primary_test_impostor,0,133,107,1094,0,False,,0,False,,0,,False,,5.83,0.46,32840,7a906150ae5423f1a61d65e25e0abca10a24c5d4845f905a8300c796002ade38,7759.535,7758.8,4273,exact-open-set-id-v2,1788205506004967144,127,127,2049,16464,2ee2f90021f681f63d183ecaedd536bba4c144b999b9dfc2c65c1ee6cc019d26,5.633,
391,primary_test_impostor,886,1796,primary_test_impostor,0,143,75,1065,0,False,,0,False,,0,,False,,6.83,0.43,32840,a284dcc2188f1b68dc2b96b4ab3e78f30e5aede82951f7fee3034a9be6d3db69,7696.457,7695.8,4273,exact-open-set-id-v2,1788205506004967144,127,127,2049,16464,54aba7f4cb2502efcd5c1caf2238e2f1948cd5ae076ed670468e569163dc0622,5.595,
392,primary_test_impostor,887,1797,primary_test_impostor,0,229,63,1054,0,False,,0,False,,0,,False,,5.588,0.51,32840,ff0e38eef953c1150c65c3769570b8e3165a85d73ab5d4342a8ea624badec079,8211.654,8210.9,4273,exact-open-set-id-v2,1788205506004967144,127,127,2049,16464,c9bc194b2ef303e53a9a75fb6538de3d619d26dad4fbdc726808e5855481f655,5.466,
393,primary_test_impostor,888,1798,primary_test_impostor,0,112,60,1051,0,False,,0,False,,0,,False,,5.563,0.44,32840,26e0a26bcb1f13edefd0d443bc8235657eb6a4b0f65c21845a3dc1d81b14b1e3,8249.622,8248.9,4273,exact-open-set-id-v2,1788205506004967144,127,127,2049,16464,79c30609c97bf3d404614d90a334dbe4b624c76caec75c3e6f70be8e4fbffb34,5.961,
394,primary_test_impostor,889,1799,primary_test_impostor,0,164,30,1024,0,False,,0,False,,0,,False,,5.752,0.45,32840,b29ba23f89b46b5ccf031e87afdf60c5771edaaf287bd66512f95f7361aa2f7d,8137.143,8136.5,4273,exact-open-set-id-v2,1788205506004967144,127,127,2049,16464,b6bacb82eacf9db889a1560fb952feda474653fad0dbd6200684ece5d14aebb2,5.645,
395,primary_test_impostor,890,18,primary_test_impostor,0,236,50,1042,0,False,,0,False,,0,,False,,5.595,0.48,32840,3a36cd31e6adced696280de520fd596b19aa53e9a2cb3550bdaee59f31138f29,7607.802,7607.0,4273,exact-open-set-id-v2,1788205506004967144,127,127,2049,16464,876d792e27d1082752d8e77af1c78e83f3d1bcf8aff08d7dd9151f07ab3ffce1,5.473,
396,primary_test_impostor,891,180,primary_test_impostor,0,235,107,1094,0,False,,0,False,,0,,False,,5.08,0.45,32840,c95266a5678a049c4aecdd70d32b568d7ac6a52b33deb5fe11eb000a98452536,7884.206,7883.6,4273,exact-open-set-id-v2,1788205506004967144,127,127,2049,16464,3610558ddb5ee3e1639aa8b8083c6a1f05ff0fae417a51f191f431d3bfd0d263,5.436,
397,primary_test_impostor,892,1800,primary_test_impostor,0,118,47,104,0,False,,0,False,,0,,False,,5.951,0.43,32840,cda13d0ae484f904e1e8daef321396eb3aa1f3246f78ed3bad32ad6a59875e5e,7564.56,7563.9,4273,exact-open-set-id-v2,1788205506004967144,127,127,2049,16464,e93e863e12035fbc6a4e9c8777ad6a43653603f011330b61861cbd3e8347a1d0,5.271,
398,primary_test_impostor,893,1801,primary_test_impostor,0,116,48,1040,0,False,,0,False,,0,,False,,5.594,0.46,32840,42944b2fe8364a224ced3f7d506b3e3e7ee5ba8a926f12061d33d27b55bb13fe,9616.109,9615.3,4273,exact-open-set-id-v2,1788205506004967144,127,127,2049,16464,947b3ef37d95009d460ee007a443cbd7df41447862dc492079ab60eb2ef0d9d2,6.283,
399,primary_test_impostor,894,1802,primary_test_impostor,0,223,67,1058,0,False,,0,False,,0,,False,,6.308,0.79,32840,35397c1c74fe34ec87eca8f4f4d0ab5ea7bd31943161649c50c6feb88ecf23c5,8699.268,8698.5,4273,exact-open-set-id-v2,1788205506004967144,127,127,2049,16464,b7e7375ad60613c45115c5f1d3e86b07310f2642781dd949745a2fbba0f921a6,5.945,
400,primary_test_impostor,895,1803,primary_test_impostor,0,294,101,1089,0,False,,0,False,,0,,False,,6.695,0.47,32840,50013ca5aa2edbccbe400c0c3c18df957c637d9b19fb5968c45ac939775058a3,9131.637,9130.8,4273,exact-open-set-id-v2,1788205506004967144,127,127,2049,16464,ed7480c914b6058afd0351768899d9b911bbe1e70ec6f53a3329a65530a6efc6,8.796,
401,primary_test_impostor,896,1804,primary_test_impostor,0,143,67,1058,0,False,,0,False,,0,,False,,6.314,0.46,32840,b43cf957ca2c1579cd5203d6732a69516b453606337753f059924ee091b81d75,9379.67,9378.9,4273,exact-open-set-id-v2,1788205506004967144,127,127,2049,16464,a6285f24e870f1718a817dad2c75a153b923cd2e986cc5c1cde6abc1d7d4f7c3,6.627,
402,primary_test_impostor,897,1805,primary_test_impostor,0,208,102,109,0,False,,0,False,,0,,False,,6.239,0.45,32840,b0ed22ed2617bad73c5bf414c13313d172c59f30b72054f62ede71fd05b0539e,10912.98,10889.8,4273,exact-open-set-id-v2,1788205506004967144,127,127,2049,16464,9a9194a46cc9250587d582743ce01c00281cdae692f33ca89613198e4299e155,47.483,
403,primary_test_impostor,898,1806,primary_test_impostor,0,90,100,1088,0,False,,0,False,,0,,False,,18.053,0.93,32840,87e18a9bd55e45549c91dbe88cebc180c4b87cef6577cafa279a8f709176ae69,10107.17,10105.8,4273,exact-open-set-id-v2,1788205506004967144,127,127,2049,16464,27d05edf49abbc8e7992a4c4592853351a7c2397e20436ca63ab1511c28de2ce,6.644,
404,primary_test_impostor,899,1807,primary_test_impostor,0,218,80,107,0,False,,0,False,,0,,False,,7.107,0.77,32840,a7bd48f8e8169165bc3bab2922282b5d1ceae0022d55ffc4ed9228c42fd629a9,9941.701,9940.8,4273,exact-open-set-id-v2,1788205506004967144,127,127,2049,16464,c938bf33c2bc08f3225f29c7c5a33b99797a5cc19035678351b248636ba5e219,5.834,
405,primary_test_impostor,900,1808,primary_test_impostor,0,102,46,1039,0,False,,0,False,,0,,False,,6.205,0.45,32840,277a649647f38a298a33fed3727793be8e8874bffb18a07fa3ddfbd6ce446160,9512.5,9511.6,4273,exact-open-set-id-v2,1788205506004967144,127,127,2049,16464,a25ddf56f8c7d787bfb60d4ed2d88c2af5ce3cf48ab77bfd36c9d2360e409415,6.0,
406,primary_test_impostor,901,1809,primary_test_impostor,0,191,75,1065,0,False,,0,False,,0,,False,,6.028,0.43,32840,e0cc29050ea1b82853dc8b2fa5ca287a6b60962a0b27ba1127962b6feb175840,8553.934,8553.2,4273,exact-open-set-id-v2,1788205506004967144,127,127,2049,16464,d89c5a578d3a5cad02d1b1a32c9402e2cc132d933c3db21a79f0096f5c47977b,5.753,
407,primary_test_impostor,902,181,primary_test_impostor,0,129,40,1033,0,False,,0,False,,0,,False,,5.685,0.53,32840,4665269e440d85e5033a6487ba9b34fe5a3eeb73b822060707334eaa5b0734ce,9587.659,9586.5,4273,exact-open-set-id-v2,1788205506004967144,127,127,2049,16464,299682f743ba4a5624a138daeabff015dbdf2e3192d5b8a63143c749b3f23abe,6.353,
408,primary_test_impostor,903,1810,primary_test_impostor,0,180,80,107,0,False,,0,False,,0,,False,,6.734,0.88,32840,7012ee1875c9f1f9203cce02a6014517fa2063155fed89e73f4bbd4b08576bc5,9426.011,9425.0,4273,exact-open-set-id-v2,1788205506004967144,127,127,2049,16464,0d77170d220becbf6f573be8e1abf33e5e2a5ac12a648f1b7940e3d73f3192fc,5.676,
409,primary_test_impostor,904,1811,primary_test_impostor,0,237,29,1023,0,False,,0,False,,0,,False,,6.254,0.86,32840,9cecfad88d878190ae4ece02562f676282255c2697531e673000e061403cabbd,8805.863,8805.1,4273,exact-open-set-id-v2,1788205506004967144,127,127,2049,16464,1e0cdb4443c7b9a83dc18d1ba2e2366cf1ec7c419ecc51f821356cc1a8905839,6.294,
410,primary_test_impostor,905,1812,primary_test_impostor,0,122,99,1087,0,False,,0,False,,0,,False,,7.657,0.51,32840,c83ab3ae4c6218b28700c39cd776ea8525ecd990338817123acd0905b0e3fa44,8497.364,8496.6,4273,exact-open-set-id-v2,1788205506004967144,127,127,2049,16464,15610857d31fcd7ef2b5c0ea92d8eeec0233f4e03e7b2a4711aecd5e9936df62,6.733,
411,primary_test_impostor,906,1813,primary_test_impostor,0,120,100,1088,0,False,,0,False,,0,,False,,5.412,0.45,32840,179a3c472f449196ce0922a4a43f9a03ab44a133f1601452e63b6bcf020f4db5,7758.103,7757.2,4273,exact-open-set-id-v2,1788205506004967144,127,127,2049,16464,177b63960373a1a72fd439c3b7a9230f2bda7c88a234d7f785014c78c9549d33,5.906,
412,primary_test_impostor,907,1814,primary_test_impostor,0,33,81,1070,0,False,,0,False,,0,,False,,5.688,0.44,32840,7658221cbea5cc9a53e5cc991cc8f6fa8e04735bcac8f0a93ca4eef0b2e807f5,7660.767,7660.0,4273,exact-open-set-id-v2,1788205506004967144,127,127,2049,16464,4afd536e92fbf7de2aac0ba69cd2918c716b44a32bd84b614d7389fbf4503a33,5.417,
413,primary_test_impostor,908,1815,primary_test_impostor,0,112,2,10,0,False,,0,False,,0,,False,,5.924,0.46,32840,dee90f766c2b09444b2017b3dc7690f36cabd247f88fe56aaed964c72d35f333,7678.099,7677.1,4273,exact-open-set-id-v2,1788205506004967144,127,127,2049,16464,b937484c7417e1f6f57d2fc28a3b5bceb4c393723dbfe044e02d4d93300011d8,5.655,
414,primary_test_impostor,909,1816,primary_test_impostor,0,166,90,1079,0,False,,0,False,,0,,False,,5.927,0.47,32840,dd81f7bc5e54aae08f37dcce00430439980e9f8b43d4ba1b5e5e3bdd4b15a186,8136.801,8136.0,4273,exact-open-set-id-v2,1788205506004967144,127,127,2049,16464,29bfa4173f5c3ac9e1f2649d0100daf17ef501539e89e7ec33a746ab750837cf,6.259,
415,primary_test_impostor,910,1817,primary_test_impostor,0,222,10,1006,0,False,,0,False,,0,,False,,6.047,0.47,32840,76f25b0d89b050d5a4f10833ea8a0138a78a6c41a04e93c037a8e3d0a6be7680,7549.595,7548.9,4273,exact-open-set-id-v2,1788205506004967144,127,127,2049,16464,86886e8814aa8008b8f022b35d0e5826df4cd2236597471ec785ab1b1f3220b3,6.037,
416,primary_test_impostor,911,1818,primary_test_impostor,0,164,117,1102,0,False,,0,False,,0,,False,,4.961,0.4,32840,6d157baee90b7bb899edfed17f12f3463e14278d05ae41baac3f3ceb2a4ee9b5,8224.169,8223.5,4273,exact-open-set-id-v2,1788205506004967144,127,127,2049,16464,9eeef12c65f05033090b23dbe1c023be93eecc2b6874fa7b12d6faa2fe5e9626,11.285,
417,primary_test_impostor,912,1819,primary_test_impostor,0,152,18,1013,0,False,,0,False,,0,,False,,8.711,0.52,32840,fcf3839c4a052e92512ed25f1c2de9ac5b41dd0e40bee8e56f23a984a5e99a95,8365.498,8364.8,4273,exact-open-set-id-v2,1788205506004967144,127,127,2049,16464,77308f576fa41f449eef2ee73155b5ddec9853f04ff8371b7178689eae4ceca2,7.998,
418,primary_test_impostor,913,182,primary_test_impostor,0,22,99,1087,0,False,,0,False,,0,,False,,5.98,0.47,32840,12162b95a4cded8beba62ccf4ad13f339a359cac2746e3b57bc9bf5ae7a55ab3,7697.828,7696.8,4273,exact-open-set-id-v2,1788205506004967144,127,127,2049,16464,59828b08df1c5c230a6b6adc137cb9a663541751c3465da9df1ce94656e8dd99,6.335,
419,primary_test_impostor,914,1820,primary_test_impostor,0,229,86,1075,0,False,,0,False,,0,,False,,6.123,0.48,32840,324381c17dcf54d5cd1cb6da4039d9f57c3247e871665f510742bea8416a537f,7813.453,7812.4,4273,exact-open-set-id-v2,1788205506004967144,127,127,2049,16464,28a4f3c6037e0a2603e168ee74bd85f82a37db371e0e87b24a803c180f443549,6.583,
420,primary_test_impostor,915,1821,primary_test_impostor,0,133,56,1048,0,False,,0,False,,0,,False,,5.155,0.43,32840,582f225f5c4ba0c509a6dcf4ee8794779a49196887d14a0eebe73e68c05688b7,7741.364,7740.5,4273,exact-open-set-id-v2,1788205506004967144,127,127,2049,16464,be4625e5ac0483058c486537db2df1b5ba494d8d88d00c52cd0bd06e27315124,5.989,
421,primary_test_impostor,916,1822,primary_test_impostor,0,209,25,102,0,False,,0,False,,0,,False,,5.705,0.51,32840,2193ec4550095f4153558a1c51b6b0a13e74ddfe6c0e37b8055b0dac6dc44728,8594.871,8594.1,4273,exact-open-set-id-v2,1788205506004967144,127,127,2049,16464,48ce0445b46cb8ad679561eac18f74d396afb57ee8cf3c550621225f5e01a17f,5.811,
422,primary_test_impostor,917,1823,primary_test_impostor,0,99,98,1086,0,False,,0,False,,0,,False,,5.175,0.43,32840,76845a26ae973cbcd0657f3a6ce735d28eeafc1a443427de17933fdce86eae50,8933.676,8932.8,4273,exact-open-set-id-v2,1788205506004967144,127,127,2049,16464,45ba4f72edee194315ca8e7e5288f19f03ddbb75e78504ed6ebb636491190b9a,8.482,
423,primary_test_impostor,918,1824,primary_test_impostor,0,185,51,1043,0,False,,0,False,,0,,False,,7.954,0.48,32840,fc0914afa12dab140994b4548d5e831c38fd854c4e55301ba06707c90f469850,9343.774,9343.0,4273,exact-open-set-id-v2,1788205506004967144,127,127,2049,16464,97753edd2f9ac2aef554c7a1e15e4429d234a953ea022e80bec1488f9b2398f1,5.589,
424,primary_test_impostor,919,1825,primary_test_impostor,0,173,112,1099,0,False,,0,False,,0,,False,,5.858,0.55,32840,033742f0b95301293d99d30b0f4fde5901e6f8d3350ba0e3c78b4bf4da944734,8069.643,8068.9,4273,exact-open-set-id-v2,1788205506004967144,127,127,2049,16464,ee512d1bc13cd34e7134d9d0729e32dbba5bf1896efad4589e2e7746233c2e03,6.207,
425,primary_test_impostor,920,1826,primary_test_impostor,0,88,17,1012,0,False,,0,False,,0,,False,,6.855,0.91,32840,f05eebf526966f219aaec89bba2d71bcebd028af24c35c73d86820d55caa3dae,8149.724,8149.0,4273,exact-open-set-id-v2,1788205506004967144,127,127,2049,16464,ac2ae118e3530006deaf8d19998a170b0157d9d791889f99a5fccaa4323d9516,5.614,
426,primary_test_impostor,921,1827,primary_test_impostor,0,208,72,1062,0,False,,0,False,,0,,False,,5.352,0.41,32840,b7475d1798f839131df37bd88e7768662e7aff57959b14c9eaec313b7f82abdc,7928.668,7928.0,4273,exact-open-set-id-v2,1788205506004967144,127,127,2049,16464,eec840dcecb57a547898bbadbc0a748b993fa897947f13ceda7f10bbe5c06416,5.441,
427,primary_test_impostor,922,1828,primary_test_impostor,0,213,73,1063,0,False,,0,False,,0,,False,,5.819,0.46,32840,850fb6993eed899978ce69454062ac6dec5351bc7f19f956dba933b3b630ab5a,9299.055,9297.9,4273,exact-open-set-id-v2,1788205506004967144,127,127,2049,16464,7dbb247292f185fde45fa3b765080bece5c0163c4da908c962d43bfa573d091e,6.183,
428,primary_test_impostor,923,1829,primary_test_impostor,0,202,93,1081,0,False,,0,False,,0,,False,,7.031,0.83,32840,68d32c811c40372d7989137f34ef8eb79079b03ba044c7938e69559777d036da,9300.618,9299.9,4273,exact-open-set-id-v2,1788205506004967144,127,127,2049,16464,20ed90e1a75a32382bf981d90f70b91579a49975c2bf0464c5a164f989ad65b4,5.86,
429,primary_test_impostor,924,183,primary_test_impostor,0,141,67,1058,0,False,,0,False,,0,,False,,7.565,0.46,32840,35a5b4e9e5f7261812ec8cf858774a7089e96dae5e65fefc72666ebc209cbe7f,9364.9,9364.2,4273,exact-open-set-id-v2,1788205506004967144,127,127,2049,16464,1bcaaec064f2e99b10c82f55b5459c0d0e4c53e872d1552326fdd600c930a9ec,6.215,
430,primary_test_impostor,925,1830,primary_test_impostor,0,179,108,1095,0,False,,0,False,,0,,False,,5.537,0.82,32840,dbfbbe2a7613a5328bc75928f3543ccad494d11cf64f3760c762636992e01f59,10342.277,10341.5,4273,exact-open-set-id-v2,1788205506004967144,127,127,2049,16464,907c602bc7c1b20fa526a4236b4f7f38957b98538deab41110ff378fd464b11d,6.053,
431,primary_test_impostor,926,1831,primary_test_impostor,0,218,115,1100,0,False,,0,False,,0,,False,,6.247,0.67,32840,bd3568ad45382b92e5af635a91d3382bde1d2a1ad64b070c0bf795c49281d3cd,9140.132,9139.4,4273,exact-open-set-id-v2,1788205506004967144,127,127,2049,16464,df65e68de9be3de619a18968900d683040ed877c07b5d75e703449299c92e1d6,9.163,
432,primary_test_impostor,927,1832,primary_test_impostor,0,248,70,1060,0,False,,0,False,,0,,False,,9.21,0.89,32840,aca4abdd45e81a9bfd1c3db75a4e405f953c4d4e128fcdef50ab9ee752463c50,8676.138,8675.3,4273,exact-open-set-id-v2,1788205506004967144,127,127,2049,16464,135915b92e25a1f0ebfcf26dee3fccb7d9a80135bf559d1a90f2404e7134cd1a,5.587,
433,primary_test_impostor,928,1833,primary_test_impostor,0,174,46,1039,0,False,,0,False,,0,,False,,7.283,0.5,32840,13d54fc64ec66e21adc6610b5b2d2f47752dc22a8cf3a4ad6851636b12a8ccd1,8418.94,8418.0,4273,exact-open-set-id-v2,1788205506004967144,127,127,2049,16464,a77deda5ee60f27a1b0f8299274457f26cfea122602abff0901fd0536749e6f8,5.808,
434,primary_test_impostor,929,1834,primary_test_impostor,0,157,65,1056,0,False,,0,False,,0,,False,,7.034,0.59,32840,51fdf0a66f07045b6ef4b0ab75e1bfeb507bd841685b2eca2fd0900fd02eb545,9330.681,9329.9,4273,exact-open-set-id-v2,1788205506004967144,127,127,2049,16464,b2008f852d63fd84dbafd5a34504c37a7d20dd46a4eda6383fb7a2cbbce54fa7,6.393,
435,primary_test_impostor,930,1835,primary_test_impostor,0,210,21,1016,0,False,,0,False,,0,,False,,6.721,0.95,32840,c70dc12119cfbbfb9f8089c446e7e9b2f79087699eff1dafcd988382b3099e49,9545.697,9544.8,4273,exact-open-set-id-v2,1788205506004967144,127,127,2049,16464,27736d712b95eec579d6d40bfb4c3f30b4023383241fde5d4122b1f4e8775b1b,8.726,
436,primary_test_impostor,931,1836,primary_test_impostor,0,245,9,1005,0,False,,0,False,,0,,False,,6.367,0.66,32840,a0f852bf6430f77cc12fc1f87f64a9a792e91fbb7f2f72f5d0a68810389c2eb7,9520.505,9519.6,4273,exact-open-set-id-v2,1788205506004967144,127,127,2049,16464,0b8f3cde62c1de4cc67f346dd8936826676359bc8039330e66e695a99268fbf9,5.947,
437,primary_test_impostor,932,1837,primary_test_impostor,0,254,16,1011,0,False,,0,False,,0,,False,,5.824,0.46,32840,a537d2b9add3c18e29b72650fb51f81db4d403a0c912924a73e291d7ea7d6300,8674.954,8674.1,4273,exact-open-set-id-v2,1788205506004967144,127,127,2049,16464,d96af214a41b7bed25d2c6a809be3bce7206833b9d49443fd1b18ab9f7abe706,5.94,
438,primary_test_impostor,933,1838,primary_test_impostor,0,221,108,1095,0,False,,0,False,,0,,False,,6.554,0.5,32840,dc779210b16dd48c755cfcd0f474cb2bc2823f731c7bfd87610e72ffe009e673,8624.507,8623.6,4273,exact-open-set-id-v2,1788205506004967144,127,127,2049,16464,dfb1261c82094affbe18592f791a5714f5b235a56073166f241bf0e740d96432,5.589,
439,primary_test_impostor,934,1839,primary_test_impostor,0,180,102,109,0,False,,0,False,,0,,False,,6.117,0.84,32840,76686a527a0b9c47bc5843c7e5bbb45f2e8d031af2cf602ca30b2f6f40601ae7,9142.142,9141.3,4273,exact-open-set-id-v2,1788205506004967144,127,127,2049,16464,7a4b978d22e24d58ffd5c8d8ece2abff4a9ded1aa34d3aea058d38c0836d8526,8.262,
440,primary_test_impostor,935,184,primary_test_impostor,0,207,88,1077,0,False,,0,False,,0,,False,,7.639,0.48,32840,43f1b112caf0f51f2d5a083bdbf3443e5264ca6db91132fe9cc1a99f1f192eb8,9994.187,9992.7,4273,exact-open-set-id-v2,1788205506004967144,127,127,2049,16464,e2151d01ea963e97bbb876762c4f2f669c61b50f80ff24dded214230ec8400b5,12.853,
441,primary_test_impostor,936,1840,primary_test_impostor,0,83,29,1023,0,False,,0,False,,0,,False,,9.333,0.5,32840,ec41fefd558c44df9586ea108900c4970592adfb4939ef5a0eda060f27606845,8953.295,8952.5,4273,exact-open-set-id-v2,1788205506004967144,127,127,2049,16464,51da181b388c6e0cd954f4266489a81af6c97270066dca24a97de0082232d677,6.69,
442,primary_test_impostor,937,1841,primary_test_impostor,0,142,123,1108,0,False,,0,False,,0,,False,,6.09,0.53,32840,5285b10b215dd6bd2f2d0c717ea9103dc0a8bc9a4a853b101d400350ee6d2719,7966.142,7965.5,4273,exact-open-set-id-v2,1788205506004967144,127,127,2049,16464,0d7ba435d3431734fd03df731a099a885ffc8a5d22e6a3b100ae946fadbf8d69,5.22,
443,primary_test_impostor,938,1842,primary_test_impostor,0,93,13,1009,0,False,,0,False,,0,,False,,5.804,0.47,32840,5afa404f1563ec9d0ad84c2b7078c54d04cb8820b228ea474726dfb4a27dafe9,7814.378,7813.7,4273,exact-open-set-id-v2,1788205506004967144,127,127,2049,16464,1d5d5a34906d43306aaf02ab163d54e5c075ac738947cc0c2c8ce24a6825a62a,7.62,
444,primary_test_impostor,939,1843,primary_test_impostor,0,212,122,1107,0,False,,0,False,,0,,False,,7.353,1.0,32840,9cec5ab8d6b7bf4997517f4ed7b9e4cac3194cd4d1609c444a80c913a802cc17,7973.038,7972.2,4273,exact-open-set-id-v2,1788205506004967144,127,127,2049,16464,1ef9c4e99625bb55de8dc823af4e1459cea4755028943d23d565958de78e682d,5.966,
445,primary_test_impostor,940,1844,primary_test_impostor,0,194,103,1090,0,False,,0,False,,0,,False,,5.784,0.51,32840,56a72e1b5d6a82fcdd648a41e8692d04750f6515e4cf7c6cd71f03cb208e7add,8056.947,8056.2,4273,exact-open-set-id-v2,1788205506004967144,127,127,2049,16464,f9942eff2ec920f013a3b1aecaffaf65864528dd50ed8009c6432da75fbad144,5.956,
446,primary_test_impostor,941,1845,primary_test_impostor,0,208,84,1073,0,False,,0,False,,0,,False,,5.35,0.76,32840,9fa86c9669595aa93f36cefaedf05b470945f405fbd7728cef329c27a3277fdf,7856.743,7855.9,4273,exact-open-set-id-v2,1788205506004967144,127,127,2049,16464,b2e80ae5ed91c55d7e7a30697c130487024f587d0b5826eec18f124b66a81167,6.246,
447,primary_test_impostor,942,1846,primary_test_impostor,0,175,114,110,0,False,,0,False,,0,,False,,6.079,0.43,32840,67d8db8ce05029d13d02c13fdadfccf2d65cc9b647d939f06cee375527b5edb0,7805.554,7804.9,4273,exact-open-set-id-v2,1788205506004967144,127,127,2049,16464,f9ba4a71bd75566d58c5e1b3b96c8dcba1215217a44d2b5bf1f2c330d0c9445f,4.932,
448,primary_test_impostor,943,1847,primary_test_impostor,0,226,23,1018,0,False,,0,False,,0,,False,,6.549,0.86,32840,7097a74f889d1855b03c06357f340891f50b797a2d941bd057501993160cecef,7778.819,7778.1,4273,exact-open-set-id-v2,1788205506004967144,127,127,2049,16464,51243bead3a7c6808bb1a296a71e453e0c2b96b57af81275506530e391256631,6.07,
449,primary_test_impostor,944,1848,primary_test_impostor,0,220,23,1018,0,False,,0,False,,0,,False,,6.179,0.75,32840,92b7b0eb631514559e1bd2de0e6fa4b720b87d2583975667268a69db327a679e,7480.709,7479.9,4273,exact-open-set-id-v2,1788205506004967144,127,127,2049,16464,a8b25484b5345399926327716a55e183bd508f95a95da356206c87d2913f61ab,5.632,
450,primary_test_impostor,945,1849,primary_test_impostor,0,171,96,1084,0,False,,0,False,,0,,False,,5.423,0.5,32840,09c91ea795567d72910491c025a3c0678ff002ee7c0f18fb3587141aee324d08,8030.302,8029.6,4273,exact-open-set-id-v2,1788205506004967144,127,127,2049,16464,bec27174dbdbdd299a4a39b0c5bea0c29536c751c97beedc58e6ff3aebb25216,15.691,
451,primary_test_impostor,946,185,primary_test_impostor,0,206,125,111,0,False,,0,False,,0,,False,,15.323,3.47,32840,b8a56527fbd090415a02d95ed74bf1812271470d15de8e10e13d05cccb8cb4b6,8700.559,8699.7,4273,exact-open-set-id-v2,1788205506004967144,127,127,2049,16464,9712fcebce430e8aaf60f4016a76d083603ec459cf9ef1f954c623eadbd205bb,7.796,
452,primary_test_impostor,947,1850,primary_test_impostor,0,195,81,1070,0,False,,0,False,,0,,False,,6.592,0.52,32840,6753631ab6d5a6f3ba9048c95ff697a4db828bd902a63490f99753a59e21ce97,8303.15,8302.3,4273,exact-open-set-id-v2,1788205506004967144,127,127,2049,16464,ce05cda341f10115f55da79d4e8b97bb80cf0aeb179b29471d6042d8a7b2ef8c,5.487,
453,primary_test_impostor,948,1851,primary_test_impostor,0,202,55,1047,0,False,,0,False,,0,,False,,6.531,0.49,32840,94aaa88ee87060179811f04ee97c5daf1b64f9f5161e60946f69552241daae1c,7740.745,7739.4,4273,exact-open-set-id-v2,1788205506004967144,127,127,2049,16464,ccbd7257f0468db5877c4b6e51a94489eb7236775ddb87d1a499100c7edd8e12,6.233,
454,primary_test_impostor,949,1852,primary_test_impostor,0,238,80,107,0,False,,0,False,,0,,False,,7.13,0.92,32840,3130856fd113fd6458df03d48f2bc37bfe64b2d20c903721cabbdb058b719bda,8035.988,8035.3,4273,exact-open-set-id-v2,1788205506004967144,127,127,2049,16464,dc7bfe43897b5c22cfaa93a57190a9b231a1ae0e09086bd4b07c7c5a67552a02,20.677,
455,primary_test_impostor,950,1853,primary_test_impostor,0,154,124,1109,0,False,,0,False,,0,,False,,12.87,3.26,32840,40f97f4e101bea408f5ef6ff6dcd53bd99597a402b408fb7c5701ea76c035dfd,8160.464,8159.6,4273,exact-open-set-id-v2,1788205506004967144,127,127,2049,16464,fc57e21c7a5469ac9e1ade463cc989d92978f13ae6a56dac4c29b3c6216e1315,4.88,
456,primary_test_impostor,951,1854,primary_test_impostor,0,240,61,1052,0,False,,0,False,,0,,False,,5.575,0.44,32840,5faf6dc703dafe2e27e45e1cb92ae183af5a9e058d3dd3b6b29a22b488ed5200,8236.343,8235.7,4273,exact-open-set-id-v2,1788205506004967144,127,127,2049,16464,e3c713d046702a6704eb6f1293e4d892ff23d3e54c792c3a1406c4b185ff1329,5.31,
457,primary_test_impostor,952,1855,primary_test_impostor,0,208,2,10,0,False,,0,False,,0,,False,,5.273,0.42,32840,5628c9435443e030f0caa4a1bbb4968ec8b8ed35bedb14bdd0f0ce4993e8af32,8119.549,8118.8,4273,exact-open-set-id-v2,1788205506004967144,127,127,2049,16464,2546708cb868a759ca5040e8e0e47824646f8269d0f6530d29eba9f0da282f21,6.301,
458,primary_test_impostor,953,1856,primary_test_impostor,0,196,102,109,0,False,,0,False,,0,,False,,6.023,0.85,32840,c9779499f794185af72edc1acb6fc0bf11f3e5766d7261fa8b91628f5401cfad,10263.549,10262.8,4273,exact-open-set-id-v2,1788205506004967144,127,127,2049,16464,63a4be3b0379871f174cb96b44f5296f7a70e19f71866bd50ae114876d9d7660,8.364,
459,primary_test_impostor,954,1857,primary_test_impostor,0,135,34,1028,0,False,,0,False,,0,,False,,8.695,0.89,32840,5366df0ec173afc36a5cff95a7599245370933010f3318b2cf72151c893d991b,10156.016,10155.0,4273,exact-open-set-id-v2,1788205506004967144,127,127,2049,16464,18189d23c03ec3c3bf344eae7d546b14204eb96cbc41601128fc00726a13d3d6,6.375,
460,primary_test_impostor,955,1858,primary_test_impostor,0,260,119,1104,0,False,,0,False,,0,,False,,6.322,0.53,32840,da5e10afe414a78b336e6b83c12cbf700c881494351854cb3193b6290650d91a,8838.203,8837.4,4273,exact-open-set-id-v2,1788205506004967144,127,127,2049,16464,994524428eb45c8e9e4d726aa484e7d27238fca1ad971645f227287f09f0f72a,6.917,
461,primary_test_impostor,956,1859,primary_test_impostor,0,131,108,1095,0,False,,0,False,,0,,False,,7.008,0.47,32840,8097fe25dbaed2b22a7ba44c4ecf77015f59adeb687b518ef0fa89984385e817,9223.964,9222.9,4273,exact-open-set-id-v2,1788205506004967144,127,127,2049,16464,71c2e4816c162869cf4a60b13f9b1dcb24be49e5cbcd4ff46065db67f10667d0,7.324,
462,primary_test_impostor,957,186,primary_test_impostor,0,127,58,105,0,False,,0,False,,0,,False,,6.882,0.48,32840,2fe9310a11468636fd2d128dd6f64679cc0dfab48caad76ae3555a64d10e63fd,9289.084,9287.8,4273,exact-open-set-id-v2,1788205506004967144,127,127,2049,16464,93f5d1c81e5ca62ce0b058769a7027518868b6812b042594a81da300be8f0e6a,5.067,
463,primary_test_impostor,958,1860,primary_test_impostor,0,233,24,1019,0,False,,0,False,,0,,False,,5.892,0.48,32840,544f9252df24eae866f35359962479f8a759b8ed7c51095878280c34f9606bd2,8641.175,8640.3,4273,exact-open-set-id-v2,1788205506004967144,127,127,2049,16464,b7efb035efe49d55e270eb7eecc851d0bc0cf915f1af63ad37bb1028ef0e7a51,5.419,
464,primary_test_impostor,959,1861,primary_test_impostor,0,242,23,1018,0,False,,0,False,,0,,False,,6.222,0.61,32840,be93c87264bcf8473de78e34ae50a8bf334a745877302ba99c286a2152174508,8991.87,8991.1,4273,exact-open-set-id-v2,1788205506004967144,127,127,2049,16464,626ecd4fca9abc1d8c1ce1e14b16d3352a47f6f24416d78fdb8675475bad86f4,6.954,
465,primary_test_impostor,960,1862,primary_test_impostor,0,272,28,1022,0,False,,0,False,,0,,False,,6.208,0.46,32840,660a3e65e77bc0c96c3416009d02c3f431e07cc199d1d8f52bf1b1cb126eedea,8177.253,8176.6,4273,exact-open-set-id-v2,1788205506004967144,127,127,2049,16464,33478b570e7eb21f7ed7760e063af43a9095987ea82338b3555649f94095e190,5.616,
466,primary_test_impostor,961,1863,primary_test_impostor,0,176,105,1092,0,False,,0,False,,0,,False,,6.492,0.73,32840,7b4a573cb57c489ffa50295db66765dc18421b202f6a514b5acdf4a420bb85e7,7765.972,7765.1,4273,exact-open-set-id-v2,1788205506004967144,127,127,2049,16464,530929692fb738edc29b3b9f50685c35f576cb25a712d9aba978d3c8995a5568,6.271,
467,primary_test_impostor,962,1864,primary_test_impostor,0,267,78,1068,0,False,,0,False,,0,,False,,6.11,0.5,32840,04608f37be298ce13770907bbc5b92afd4020594611a5335782e4e8ea4613f6f,8511.295,8510.4,4273,exact-open-set-id-v2,1788205506004967144,127,127,2049,16464,9888eebb4efc48af31b243c935f5134b94b1a5f6604644f052fe73d73f2000ec,5.995,
468,primary_test_impostor,963,1865,primary_test_impostor,0,182,20,1015,0,False,,0,False,,0,,False,,5.25,0.41,32840,a2081cec843d123f2c0c0d407f40acc1ab9c7714a2340736f7f4dba922505902,7752.419,7751.8,4273,exact-open-set-id-v2,1788205506004967144,127,127,2049,16464,cae51c3618226659a6cc7c6e0afa3104f67285683262654ec782c7cdbb56a3de,6.42,
469,primary_test_impostor,964,1866,primary_test_impostor,0,230,23,1018,0,False,,0,False,,0,,False,,6.193,0.86,32840,6d4698cb7b3bfc2e484ae0a546dffcd72f7eaf5d0a88ad15dd9497bab1fdf70a,8989.744,8988.1,4273,exact-open-set-id-v2,1788205506004967144,127,127,2049,16464,f6b10acf33de27eb5a8495af3bcfa68058518dff018729ecf60e12ebb0e69a61,7.288,
470,primary_test_impostor,965,1867,primary_test_impostor,0,118,11,1007,0,False,,0,False,,0,,False,,6.301,0.45,32840,b7ad95228bf3407ad2262db5e1496bf256f27a90ce502f8c9317f376cf1ccf2f,9537.929,9536.9,4273,exact-open-set-id-v2,1788205506004967144,127,127,2049,16464,578b6920cf5e19c4c4bc61847f4909664e6ade4bb9a6987f63683581ff154938,6.531,
471,primary_test_impostor,966,1868,primary_test_impostor,0,247,86,1075,0,False,,0,False,,0,,False,,5.946,0.54,32840,ba0e18491276be582ab461ead42f9a336ab5bb18b9c83d546212d0f69a1104e5,9773.635,9772.2,4273,exact-open-set-id-v2,1788205506004967144,127,127,2049,16464,7ac5853a016fda074c9a1ae39bc2a61f2d09028336a752cc8e8b370e97d8fd5f,10.898,
472,primary_test_impostor,967,1869,primary_test_impostor,0,221,86,1075,0,False,,0,False,,0,,False,,7.635,0.47,32840,47bae662fe09068bb532f371ba71ccb1ccc06ff27d400b30740d093c27a1d250,10068.46,10067.6,4273,exact-open-set-id-v2,1788205506004967144,127,127,2049,16464,38961366f1187c5e063e899366bdc5f54f043fd0f33cd6acbd64b28d52663465,6.526,
473,primary_test_impostor,968,187,primary_test_impostor,0,136,119,1104,0,False,,0,False,,0,,False,,6.581,0.42,32840,63a54516d516740b77264aaf6dbdc8ba813f67f62e4f00c266428f4256e5e8a8,9163.789,9163.2,4273,exact-open-set-id-v2,1788205506004967144,127,127,2049,16464,0716d314d6c114dc97f882cf4bdcbc7f539767353263366ee1809a0aa84c5ffd,6.236,
474,primary_test_impostor,969,1870,primary_test_impostor,0,299,38,1031,0,False,,0,False,,0,,False,,5.928,0.44,32840,10eb676c7a4b701c2ca5843376362356f66398a8387fd3cd6e74915334477a03,8947.644,8946.8,4273,exact-open-set-id-v2,1788205506004967144,127,127,2049,16464,f450c4cb25e6fbab161d529fec6fafea116577abed342f356c8ef0490a49d492,5.433,
475,primary_test_impostor,970,1871,primary_test_impostor,0,246,26,1020,0,False,,0,False,,0,,False,,6.652,0.51,32840,9665fc24a1601ee01b09ac023ca8fd380e61bad9592bc97f661c399c130cde85,9323.839,9323.0,4273,exact-open-set-id-v2,1788205506004967144,127,127,2049,16464,e3f3c60628fafd5e928f4270c5ae8526ab7d6e1bd6e070a55a6c0c274d018803,5.549,
476,primary_test_impostor,971,1872,primary_test_impostor,0,168,99,1087,0,False,,0,False,,0,,False,,5.768,0.53,32840,81c54c3fedfff22b7d3ed8b6c6520c5bd2852599d16a55c653f28f25107ac3d9,9287.268,9286.2,4273,exact-open-set-id-v2,1788205506004967144,127,127,2049,16464,e3c340ec710beeb8d252fd2f30e89dafad7f24b9f374fe487264cef1dade11d8,5.498,
477,primary_test_impostor,972,1873,primary_test_impostor,0,135,88,1077,0,False,,0,False,,0,,False,,5.653,0.47,32840,33e830049f24dc6affeb4444e56669ffd2857f7c34bb3c50c170e22bf94193b4,8845.561,8844.4,4273,exact-open-set-id-v2,1788205506004967144,127,127,2049,16464,3952e2d4bb821ae5713565e90dc876980dfa341b5a9637c102d54f9a43984708,5.272,
478,primary_test_impostor,973,1874,primary_test_impostor,0,255,81,1070,0,False,,0,False,,0,,False,,6.521,0.95,32840,aaacc9547155f46af74e812592c8c4886cfab19174712ca629d269c1dbfe2152,9286.289,9285.1,4273,exact-open-set-id-v2,1788205506004967144,127,127,2049,16464,fe8e5c33af42ee078c9954f15754a114044b9c86364dbca3ee6f85515bb95a1c,5.928,
479,primary_test_impostor,974,1875,primary_test_impostor,0,221,12,1008,0,False,,0,False,,0,,False,,5.262,0.47,32840,b16a7573900cb4ddcf69a2af4b9fa855598ba075c8faf45821fed51b59e9df25,8659.872,8658.9,4273,exact-open-set-id-v2,1788205506004967144,127,127,2049,16464,3721eba8e19c25ef8cb253640efbf2a6a017117e82d4048497a1a6b8f7b5144d,5.55,
480,primary_test_impostor,975,1876,primary_test_impostor,0,184,77,1067,0,False,,0,False,,0,,False,,5.923,0.72,32840,fb4e2158cbe000d16986486553f76c7cbcbcb1b1a1b0d2c864005ceafc062e62,7888.674,7887.8,4273,exact-open-set-id-v2,1788205506004967144,127,127,2049,16464,32f350aa93165a1d180278e2ba1d033367515f9da5ac140c854afac56704e5e4,12.677,
481,primary_test_impostor,976,1877,primary_test_impostor,0,94,119,1104,0,False,,0,False,,0,,False,,7.852,0.5,32840,203175c858bdc9d4e3883f1c6b61ebe7bdface914e3f4705c905a1f5afa84dca,8019.832,8019.1,4273,exact-open-set-id-v2,1788205506004967144,127,127,2049,16464,6e242bcb1743f2a447a2b62053ce5b05adfcbb8e0571a712aeb4cf0c5769c1ec,5.392,
482,primary_test_impostor,977,1878,primary_test_impostor,0,98,15,1010,0,False,,0,False,,0,,False,,5.807,0.47,32840,e99791dfbf6ad2e4264df58665b8cbaf9665b1603f4b87a962c351c67605b8d5,8574.532,8573.7,4273,exact-open-set-id-v2,1788205506004967144,127,127,2049,16464,91cc0dc4221b474a2d9f0761d156c3a03434890e7ad29c79384d6e9c81aff2a9,5.941,
483,primary_test_impostor,978,1879,primary_test_impostor,0,212,80,107,0,False,,0,False,,0,,False,,6.315,0.46,32840,95b895db257d42189e36e593ebfc5267bc29429ebe77265b853917ab422973a2,7874.077,7873.3,4273,exact-open-set-id-v2,1788205506004967144,127,127,2049,16464,8f406581d11dcfc05bae777dc6732097a88b379f64173ee7e1b76edbb92f39fe,5.573,
484,primary_test_impostor,979,188,primary_test_impostor,0,359,1,1,0,False,,0,False,,0,,False,,5.631,0.5,32840,01e2b1ddd5119865f6c116a581450a1b99ca19fc861932b10bcd0c7e764842d0,7522.199,7521.4,4273,exact-open-set-id-v2,1788205506004967144,127,127,2049,16464,565d3de1347cc16e00c28d3ece5fd95cf41a4053abb0b56ff781fd32622e0239,5.58,
485,primary_test_impostor,980,1880,primary_test_impostor,0,55,91,108,0,False,,0,False,,0,,False,,5.306,0.48,32840,b637d0381b456cfaf3e64e7c6545fd727173612566656381d5b613274335b0a2,9040.802,9040.0,4273,exact-open-set-id-v2,1788205506004967144,127,127,2049,16464,d95189a2545c4408b04121bcef496acc25c450264a2ab1748ad8d246d29ed8d4,6.287,
486,primary_test_impostor,981,1881,primary_test_impostor,0,283,112,1099,0,False,,0,False,,0,,False,,6.886,0.52,32840,aacf7d2cb4cf81b3667048db3d95c0a0ab4c68b9b5b8fb7545f8e49d63f015b4,10835.623,10832.1,4273,exact-open-set-id-v2,1788205506004967144,127,127,2049,16464,282cb2dd11c5db0ca1016f8a0aeb63104596fd32cee8da313a731430e5d6ddd6,14.319,
487,primary_test_impostor,982,1882,primary_test_impostor,0,162,7,1003,0,False,,0,False,,0,,False,,17.248,2.49,32840,dc793d6f9218c0944c0e468f72361f0cd41cf7011b7c5e6d776f252e6c75fd7a,10126.701,10118.3,4273,exact-open-set-id-v2,1788205506004967144,127,127,2049,16464,7638da1854177fb97262f8ee0df82e19c5b74c09bb280dfa6923aa6755022060,6.535,
488,primary_test_impostor,983,1883,primary_test_impostor,0,237,12,1008,0,False,,0,False,,0,,False,,8.371,0.88,32840,3704da47c0b79580e70acc7c84b19ae242eb7392b5e5ba80e07619eeb1006f9c,9256.738,9244.1,4273,exact-open-set-id-v2,1788205506004967144,127,127,2049,16464,57eadbaa333b8d3f9459b2e3df0d0f54b908c8e507212b7a5cd29f391bbb798f,16.115,
489,primary_test_impostor,984,1884,primary_test_impostor,0,90,26,1020,0,False,,0,False,,0,,False,,8.92,0.61,32840,ad4bba118055267cd10d7a8490a4feb24e62cb4a3a14c90f7338f150e7a202b9,8819.688,8818.9,4273,exact-open-set-id-v2,1788205506004967144,127,127,2049,16464,98daa7d28d9073d33237eadf5d031542a9a3b1c5fadd70d5c55982e4555a80fa,5.698,
490,primary_test_impostor,985,1885,primary_test_impostor,0,307,95,1083,0,False,,0,False,,0,,False,,6.144,0.47,32840,f7efd96506e13fc48cf422fb7438eb16ecfa50dd74077451b3f71f7841174f9c,8118.094,8117.4,4273,exact-open-set-id-v2,1788205506004967144,127,127,2049,16464,e7b3d7aa979c3c281f7636abcd16c1112952f279944a50c61ea3c4f17ae33174,6.143,
491,primary_test_impostor,986,1886,primary_test_impostor,0,114,97,1085,0,False,,0,False,,0,,False,,5.665,0.43,32840,03fcbb1e474e586beaa5f485544f063e82864bc747ca53f99f332bfaf2644013,8313.802,8313.1,4273,exact-open-set-id-v2,1788205506004967144,127,127,2049,16464,7e4ffad7a19f82a5dcd4365f4a47f5741242c71036c990e473ec52e4d6888482,6.048,
492,primary_test_impostor,987,1887,primary_test_impostor,0,388,46,1039,0,False,,0,False,,0,,False,,5.814,0.44,32840,cf9889362d16b19f5132b4d579df452cb7b8201713c3af678807c1284c1c7f1f,9078.984,9078.0,4273,exact-open-set-id-v2,1788205506004967144,127,127,2049,16464,b175f171fba1f4ed935194896103ba68678f2159d2f7b06cf8ffcffbc75508d3,6.659,
493,primary_test_impostor,988,1888,primary_test_impostor,0,89,24,1019,0,False,,0,False,,0,,False,,5.383,0.45,32840,dc447a414bff58ebc347febd56a6d3b61daba5f1b3c43d76e7c56e6c62533ebf,8101.232,8100.4,4273,exact-open-set-id-v2,1788205506004967144,127,127,2049,16464,3b0facf59865cfd1c07ddf73907c89dde5b311532f189c038549f30f4cf774f0,7.314,
494,primary_test_impostor,989,1889,primary_test_impostor,0,161,19,1014,0,False,,0,False,,0,,False,,5.44,0.44,32840,aad2dd312ba707ccd589163f951e260ad5edc11fbadf6bb982eed09b3d179237,7788.017,7787.2,4273,exact-open-set-id-v2,1788205506004967144,127,127,2049,16464,4897a21baffd4abdf29cf1bf723c60b5283fb1550d7fc2cf33ce225a85f84c3a,5.696,
495,primary_test_impostor,990,189,primary_test_impostor,0,212,92,1080,0,False,,0,False,,0,,False,,5.598,0.44,32840,070f32c653819e8dc12d20870cd2cb2a9bf338ad29abe85858c8b6cfa35b8b01,8067.246,8066.4,4273,exact-open-set-id-v2,1788205506004967144,127,127,2049,16464,212826084812e363c9591f24c50836697b51051164edfac267e4fcdc4e8f6cb5,6.437,
496,primary_test_impostor,991,1890,primary_test_impostor,0,189,96,1084,0,False,,0,False,,0,,False,,5.85,0.51,32840,173ed51369fca19baa4462540b7a6e7d3ad2673b981ff4fdda8645dd26b306f6,8277.92,8277.2,4273,exact-open-set-id-v2,1788205506004967144,127,127,2049,16464,4d1e50d02f0e6eb36c3ebc089ba62b33b16942942ca34c0c3c5c9dfe25f04fa0,5.583,
497,primary_test_impostor,992,1891,primary_test_impostor,0,106,17,1012,0,False,,0,False,,0,,False,,5.968,0.51,32840,b94479c95f3582222a0f27266e8231ce120ddd7a756c34b18ce1184399ca573a,9222.11,9221.3,4273,exact-open-set-id-v2,1788205506004967144,127,127,2049,16464,d6c33b219001d3cb46827f9743872913d65b7a17c9933e1d13bad367fde320e3,5.844,
498,primary_test_impostor,993,1892,primary_test_impostor,0,142,115,1100,0,False,,0,False,,0,,False,,6.785,0.76,32840,f8fe37ec4b04fad1b2503b49332bc5bdcbbffd51fc0593ac502d1732dea47df7,8364.177,8363.4,4273,exact-open-set-id-v2,1788205506004967144,127,127,2049,16464,39400032ab6634d10c579315bd189ace014f08246400e1e0fb461f7d2991c6cd,5.229,
499,primary_test_impostor,994,1893,primary_test_impostor,0,127,29,1023,0,False,,0,False,,0,,False,,5.582,0.64,32840,cc16b26dc02f5fbd857e4cdf0e73d0ec3332b4923a7c72341f9fe92207c645a6,8465.731,8464.9,4273,exact-open-set-id-v2,1788205506004967144,127,127,2049,16464,008ad94b568c7ce63ecee9f2104ec204111dc325087f4b3101fe3aa96fef641e,5.275,
500,primary_test_impostor,995,1894,primary_test_impostor,0,179,116,1101,0,False,,0,False,,0,,False,,5.412,0.45,32840,11f1114a5ddddde0f14646659d9aa331ffa40b4da0948045786ba7aa7412b4a8,7943.894,7943.2,4273,exact-open-set-id-v2,1788205506004967144,127,127,2049,16464,16e164e46cd816c2a54a55d105ed2e8aed302a6618a80606c5756471338b9aa5,5.421,
501,primary_test_impostor,996,1895,primary_test_impostor,0,200,99,1087,0,False,,0,False,,0,,False,,4.979,0.45,32840,ba619f124c0e26f6e1187968a7b9f9bf92f25312670c90fa508c11a4731ec1a7,7988.613,7987.9,4273,exact-open-set-id-v2,1788205506004967144,127,127,2049,16464,82c281f50d20199101615a230ad4635c73f42f36d10edd688ec8fd78a8263e98,5.685,
502,primary_test_impostor,997,1896,primary_test_impostor,0,227,31,1025,0,False,,0,False,,0,,False,,5.528,0.48,32840,ebcfb79f1fba400890220707de0385dffebce89e5e0ec3f86c3640e3cab0f189,8154.456,8153.6,4273,exact-open-set-id-v2,1788205506004967144,127,127,2049,16464,4b5059d346e4218faa09082083ac790a3123989aa84cd9511957dc97488aa003,6.399,
503,primary_test_impostor,998,1897,primary_test_impostor,0,268,49,1041,0,False,,0,False,,0,,False,,6.051,0.46,32840,4adcc9e21ab686ee91ea775d24a22b3dc5e866f31c14d0591fad630150d1d9f6,8053.04,8052.1,4273,exact-open-set-id-v2,1788205506004967144,127,127,2049,16464,f54a4362fcfc014cf2dd6ff2d9a7b5e32339dc55584811e7deb3d0dd0ec50096,5.482,
504,primary_test_impostor,999,1898,primary_test_impostor,0,195,66,1057,0,False,,0,False,,0,,False,,4.946,0.43,32840,a299347d11ea4da60992f1835b4f3cf637b0c57c332c816c4cdba4b5e6138f3f,9159.034,9157.9,4273,exact-open-set-id-v2,1788205506004967144,127,127,2049,16464,ad09aef06603aa98b43bf1aea87425c2492f1c23871de6e5dcf6fa02dd404bcc,8.121,
505,primary_test_impostor,1000,1899,primary_test_impostor,0,204,57,1049,0,False,,0,False,,0,,False,,7.103,0.44,32840,60c60160ae78cebf1b5c23d540accd8d870cb3c4ff67be3b73b0ec36e63f9273,8686.863,8686.0,4273,exact-open-set-id-v2,1788205506004967144,127,127,2049,16464,fbeaefe3aa747f114353a797cbf358d6f742e2c88888135dbd3a5948d38fcc32,5.83,
506,primary_test_impostor,1001,19,primary_test_impostor,0,121,24,1019,0,False,,0,False,,0,,False,,5.79,0.63,32840,e149c5f1c9c804af479efa17657044034cf02748ddd62d8852b3df1e37a10cba,9801.443,9800.3,4273,exact-open-set-id-v2,1788205506004967144,127,127,2049,16464,0f877c3a123aea00dd12149718c8f84155fd90db544b8e1c72dd92f8e36cf98d,7.624,
507,primary_test_impostor,1002,190,primary_test_impostor,0,180,47,104,0,False,,0,False,,0,,False,,6.001,0.51,32840,ded1a1ddf2e768b85ca500b6a6592cae08ddd1f6422edbd9f5e687e135e71c71,10414.851,10413.8,4273,exact-open-set-id-v2,1788205506004967144,127,127,2049,16464,99849186b85b0ee9739bdd842d9a6448221b548a0963c430ba6764474b896bd9,5.349,
508,primary_test_impostor,1003,1900,primary_test_impostor,0,114,102,109,0,False,,0,False,,0,,False,,6.888,0.8,32840,3c607b34c703f8c891949b4cab5735ad4548b9a294039ad08c82e4fcdc211601,9625.992,9625.3,4273,exact-open-set-id-v2,1788205506004967144,127,127,2049,16464,4aad15a4740c3dc8b1f36dd158e6b2b0078d2ed62afdfc3d7667bea22d27af7a,5.578,
509,primary_test_impostor,1004,1901,primary_test_impostor,0,165,68,1059,0,False,,0,False,,0,,False,,4.865,0.47,32840,7c78cd722af8f487818c68917d5b384b9ad8ff2e5d014d8a8c22b32980e0f884,9514.364,9513.5,4273,exact-open-set-id-v2,1788205506004967144,127,127,2049,16464,daeebf342ff1bd1773eccf7aab8b21a6c7fbd7fac38c4e25bc9c7c62cc909080,6.79,
510,primary_test_impostor,1005,1902,primary_test_impostor,0,63,116,1101,0,False,,0,False,,0,,False,,5.974,0.48,32840,a799cf0fc596e5b1602f966560316d085734cc888e0fbf4f510e03abea238a1e,10565.577,10564.3,4273,exact-open-set-id-v2,1788205506004967144,127,127,2049,16464,cedd7402ee433dbc709957115aca92bed019fe1010c2d85a515f6549dd5f8059,5.852,
511,primary_test_impostor,1006,1903,primary_test_impostor,0,150,92,1080,0,False,,0,False,,0,,False,,6.262,0.54,32840,d65a079c0aecd249cf89679b73fd177059d0beb389c1d63c6aa39b9cbadc29dd,8330.237,8329.1,4273,exact-open-set-id-v2,1788205506004967144,127,127,2049,16464,a7e1bfca789ead0d7a1ca2f4f17504cc615755fc7083e0be2120e5610892e420,8.945,
512,primary_test_impostor,1007,1904,primary_test_impostor,0,171,75,1065,0,False,,0,False,,0,,False,,5.212,0.44,32840,3ca0e4a43a5e52afef4c9dd6f29476991aef2ca8cefb7e4227547ae7ffd533d6,11117.054,11115.8,4273,exact-open-set-id-v2,1788205506004967144,127,127,2049,16464,5462e1deb59b7da42465c3f6a2da6fe672bee2e148905eb362d3412a6cb5042b,7.45,
513,primary_test_impostor,1008,1905,primary_test_impostor,0,244,115,1100,0,False,,0,False,,0,,False,,9.903,0.45,32840,d9a6234a344ef2452f56a5b91033ae7cd9ff53652ca41684a1dc72bef07baa5a,15179.485,15177.3,4273,exact-open-set-id-v2,1788205506004967144,127,127,2049,16464,ca9e22034db3b9bf08772010838ba05a8c7eec7d874d1be18185986f8c30f9c9,10.049,
514,primary_test_impostor,1009,1906,primary_test_impostor,0,91,106,1093,0,False,,0,False,,0,,False,,7.167,0.47,32840,19db224d63c4826f34f68fea7df4a3259e706085181e27a601edf5e4f862f3ca,12034.732,12032.4,4273,exact-open-set-id-v2,1788205506004967144,127,127,2049,16464,faffb59726e8fd15a5b7801ee6c14d795a1d7e9ffc285a5215d45d71910cbdd0,6.86,
515,primary_test_impostor,1010,1907,primary_test_impostor,0,136,17,1012,0,False,,0,False,,0,,False,,7.368,0.51,32840,83cabbabd2a38164870735581407e0b4c04fb2b0cda8b355878e836408ea5d25,9858.429,9857.4,4273,exact-open-set-id-v2,1788205506004967144,127,127,2049,16464,b79499028be331c731180bce0818f169569be6041e966fd0283e06b0bdb6e911,6.955,
516,primary_test_impostor,1011,1908,primary_test_impostor,0,153,88,1077,0,False,,0,False,,0,,False,,5.333,0.45,32840,7cc5424f6f8f6617fa468705e10626c3921bd8f95289ae8885da593515b347a0,13061.505,13060.1,4273,exact-open-set-id-v2,1788205506004967144,127,127,2049,16464,1b62d43be627428a805b98f2da0bdec36287cff33076e57bbfeb55366aacf5a8,7.018,
517,primary_test_impostor,1012,1909,primary_test_impostor,0,112,123,1108,0,False,,0,False,,0,,False,,7.217,0.44,32840,65574bff036d5b1d68c83879b8498431afad059074592355e7607a79c5d11e39,11354.924,11353.6,4273,exact-open-set-id-v2,1788205506004967144,127,127,2049,16464,6242c8f9885c20d91cb27cd073a566278c98ce3e5128e9df14739aea7a03314f,8.14,
518,primary_test_impostor,1013,191,primary_test_impostor,0,216,20,1015,0,False,,0,False,,0,,False,,6.387,0.83,32840,926fae5cca5790d5ea0fdc914dd1d47aa33c32b46d93314f71d25b202c557bd1,9929.997,9928.4,4273,exact-open-set-id-v2,1788205506004967144,127,127,2049,16464,59c9abcab809b4a2a2c1be91d861c0ca766f3cfdceb3949476aea9faa4e318c9,6.522,
519,primary_test_impostor,1014,1910,primary_test_impostor,0,157,78,1068,0,False,,0,False,,0,,False,,7.175,0.76,32840,122d66d25db48f364f3add4319315ff9c7526b77910ab7d433acd4a4863ec6d9,10415.673,10414.8,4273,exact-open-set-id-v2,1788205506004967144,127,127,2049,16464,6de283c8b38dcb2b3526b9d3ea40cb46f1173096c7113d65ae797553d674694e,6.247,
520,primary_test_impostor,1015,1911,primary_test_impostor,0,127,64,1055,0,False,,0,False,,0,,False,,6.657,0.49,32840,7414b31065ce80a5377383b8bacc5454f9d118827711485426f02df885da3c68,9825.474,9824.8,4273,exact-open-set-id-v2,1788205506004967144,127,127,2049,16464,1367a1924e62eb43b39f81b8840d7a74c769b60537575c1d32578c18e5f58d9a,6.279,
521,primary_test_impostor,1016,1912,primary_test_impostor,0,239,86,1075,0,False,,0,False,,0,,False,,6.564,0.45,32840,ec3b8f90c666a4973a7383a4f4a2614297d01366824af2cbc2b4d29909067a4f,9382.788,9381.7,4273,exact-open-set-id-v2,1788205506004967144,127,127,2049,16464,6a9d09815723c2ae8c6e7a5ea9d44e4ee6422d083905dc106e4a34620e264257,6.316,
522,primary_test_impostor,1017,1913,primary_test_impostor,0,231,88,1077,0,False,,0,False,,0,,False,,6.657,0.54,32840,3fc5541f3e537fb9327ba5479bf5c4b420c035156e9a8dfa6dd2dd4894a46d00,8398.589,8398.0,4273,exact-open-set-id-v2,1788205506004967144,127,127,2049,16464,a89bcb3046bdb0f265e7f01df2e944d083ae40fe7496743c097f35d026dff401,6.046,
523,primary_test_impostor,1018,1914,primary_test_impostor,0,184,2,10,0,False,,0,False,,0,,False,,6.358,0.52,32840,a736f4e0f298d63897e2f505e3bc9741622fda998a7abb290ef475029a714bbd,8863.046,8862.3,4273,exact-open-set-id-v2,1788205506004967144,127,127,2049,16464,56c1c5b5bc61b37061a1d6766b1ac4ad1281d6ea14ad4204f19abaac8c923bfb,7.625,
524,primary_test_impostor,1019,1915,primary_test_impostor,0,160,3,100,0,False,,0,False,,0,,False,,6.562,0.48,32840,7401fd31c7eb77543bce6d01ee684e3120ca63a42d57b63e33310992afe6c44f,8783.26,8782.3,4273,exact-open-set-id-v2,1788205506004967144,127,127,2049,16464,0d9e329d09b415ea6983185a4d232ac6518940f4de420a7662c1e60f84c8ff43,8.144,
525,primary_test_impostor,1020,1916,primary_test_impostor,0,194,62,1053,0,False,,0,False,,0,,False,,5.937,0.47,32840,56bbeedc1c0a0e383bc65a7525d42e217188d43e9265b921871e5081d9f24e00,8731.19,8730.4,4273,exact-open-set-id-v2,1788205506004967144,127,127,2049,16464,485b0db58ee9b81288e57c02ff6d2e44ca9f31f5db1ffc4eb08fea354ea41934,6.586,
526,primary_test_impostor,1021,1917,primary_test_impostor,0,246,110,1097,0,False,,0,False,,0,,False,,6.799,0.53,32840,116f874fa1a96c62b4fb067fa370769bfc12c4277c59b805fe26f3876937c430,8506.255,8505.2,4273,exact-open-set-id-v2,1788205506004967144,127,127,2049,16464,5a5b53a9009bd4203539195baf6ad607652432874afc2bf7a3bd67f951952cb4,7.307,
527,primary_test_impostor,1022,1918,primary_test_impostor,0,202,80,107,0,False,,0,False,,0,,False,,6.626,0.51,32840,f9c7043d7499ff8cb594ce94336cbb2844d662347bea36e392b4badcf414c88e,8265.604,8264.3,4273,exact-open-set-id-v2,1788205506004967144,127,127,2049,16464,7fc0cf6a97d889ed31431a53f1bcf42419489045e4586db2c69ecd2ba037bd0e,5.286,
528,primary_test_impostor,1023,1919,primary_test_impostor,0,216,93,1081,0,False,,0,False,,0,,False,,5.45,0.43,32840,49887ac490e1886380a19e54068280bb807d9b550dbb9e24970a1bbdc1c76447,7876.889,7876.1,4273,exact-open-set-id-v2,1788205506004967144,127,127,2049,16464,0569ca3d7634bdfcdb9406ae256b694b52bac76968801d77806b5e346855fb45,5.878,
529,primary_test_impostor,1024,192,primary_test_impostor,0,208,42,1035,0,False,,0,False,,0,,False,,6.143,0.47,32840,8d544b32c3f52b7933292e14a7797f82cf5c63a3172d652cdf8bc5a408a43dbc,8549.293,8548.5,4273,exact-open-set-id-v2,1788205506004967144,127,127,2049,16464,163ef8c1e8bbef7ac7c49f876d9664830f5a5b4be06e4ad79071e90088754ef0,6.08,
530,primary_test_impostor,1025,1920,primary_test_impostor,0,135,91,108,0,False,,0,False,,0,,False,,8.705,0.53,32840,d7b7cb6e473b96ec53e17c1085b16fa156524fc956fd0eca197602ffb3c9417f,8783.303,8779.6,4273,exact-open-set-id-v2,1788205506004967144,127,127,2049,16464,7d77dc37845c7d1f3a2475489cbf058a8b3be2b650e2d9f53a66762c73cc56e5,17.783,
531,primary_test_impostor,1026,1921,primary_test_impostor,0,206,80,107,0,False,,0,False,,0,,False,,13.246,0.78,32840,d4ba3e518da7b183255a9e970857a9fc80261382f7c97e3fd895dc7808d21b69,10307.434,10305.5,4273,exact-open-set-id-v2,1788205506004967144,127,127,2049,16464,69fd8a6c7b9ccf01046914c1e0d14ac15a78ec7608d50081a2ec8d4216716ba6,6.256,
532,primary_test_impostor,1027,1922,primary_test_impostor,0,128,4,1000,0,False,,0,False,,0,,False,,5.404,0.44,32840,11198366f856d558f9e5bcca68f0cba932ece7691d1cc990bb78ca66a8b8ba4c,9271.562,9270.8,4273,exact-open-set-id-v2,1788205506004967144,127,127,2049,16464,31d040afc98af8489cc7901fa472ac9232b28620b5e88cba329d840793cdee65,5.565,
533,primary_test_impostor,1028,1923,primary_test_impostor,0,112,80,107,0,False,,0,False,,0,,False,,5.663,0.54,32840,878e18dedc44fc36795d27d724fcc3adfa60786a5e2ed323c15662fdb3baa0c5,9621.363,9620.2,4273,exact-open-set-id-v2,1788205506004967144,127,127,2049,16464,4356f95e2f1f35a58301d6476fd3214481bac3645159e7dae85f31a9ab0432a7,6.344,
534,primary_test_impostor,1029,1924,primary_test_impostor,0,273,45,1038,0,False,,0,False,,0,,False,,5.468,0.41,32840,5d9dbc6ae0c9d1e54159d598fbb77e792a2f08a705bf45b747044008c6328f17,12924.164,12922.3,4273,exact-open-set-id-v2,1788205506004967144,127,127,2049,16464,e99617d97720ed25d5ab29253abd9365b6ad414b1e98752c27ed9d30ffbea400,7.145,
535,primary_test_impostor,1030,1925,primary_test_impostor,0,244,121,1106,0,False,,0,False,,0,,False,,11.643,0.5,32840,b21b413d624a52c783d2304e0d0e74ef527bdef95cce2ca66586dd98d9714a3c,11572.584,11571.5,4273,exact-open-set-id-v2,1788205506004967144,127,127,2049,16464,c8e3488593bddccc72b6c1243ba70797bcc79a5c544973cc1fa1b6cdea493687,7.704,
536,primary_test_impostor,1031,1926,primary_test_impostor,0,194,61,1052,0,False,,0,False,,0,,False,,6.024,0.47,32840,2896813a68b07a4e4218e7506e06cb580b42a4a8ffabfdd4e4a85301f9413fd3,11926.13,11923.8,4273,exact-open-set-id-v2,1788205506004967144,127,127,2049,16464,bf91d58f2b133447014804861ce810c7bc1bd162ea476249e9182ba7e416313e,23.988,
537,primary_test_impostor,1032,1927,primary_test_impostor,0,207,76,1066,0,False,,0,False,,0,,False,,16.925,0.79,32840,355e8b09ad3e463e8057c02aaa3300689b6234bb1a6e480201aee2820043c880,11091.834,11090.9,4273,exact-open-set-id-v2,1788205506004967144,127,127,2049,16464,5eff7119729653e8428d20b6838b3e6fb80725ef6d79710d11b02c80e9817e90,9.438,
538,primary_test_impostor,1033,1928,primary_test_impostor,0,184,30,1024,0,False,,0,False,,0,,False,,6.631,0.44,32840,7dedaf3a9d02b1021668321223e725fa07b02ff98e9fa7639a1c25a6968b9922,12966.789,12965.2,4273,exact-open-set-id-v2,1788205506004967144,127,127,2049,16464,3f3cedfc000bb329f140d8c464cc4a9f8653ecb4744d32b144a9848dfa034f33,12.341,
539,primary_test_impostor,1034,1929,primary_test_impostor,0,115,29,1023,0,False,,0,False,,0,,False,,12.4,1.99,32840,d12902b64e3ea4549e21cb7a1f9d89788e04714a016ffaf7a2a8fbc97298ac77,11695.987,11694.2,4273,exact-open-set-id-v2,1788205506004967144,127,127,2049,16464,f6ea750401909b367a10ffaebd19657f60b6964456d02513e11e478775100a20,13.857,
540,primary_test_impostor,1035,193,primary_test_impostor,0,134,121,1106,0,False,,0,False,,0,,False,,12.88,0.48,32840,6bb829ca7e8cdedaef4249c508829390599681dd869823d3578b67ebe07cfd40,10935.614,10934.0,4273,exact-open-set-id-v2,1788205506004967144,127,127,2049,16464,10c2a16dda338822bc48e561d42837939ed782f66b206f05fecccd57e346354f,8.407,
541,primary_test_impostor,1036,1930,primary_test_impostor,0,142,80,107,0,False,,0,False,,0,,False,,6.964,0.48,32840,5ac28224ae3ad59dc1711db3727512e847bebd8bbf7641af664d076c3b68084e,11994.218,11992.9,4273,exact-open-set-id-v2,1788205506004967144,127,127,2049,16464,f05a3597309ac411245d0cb7a6d79feaf9a55b3fefaa5370b40bd291f00f26f9,6.102,
542,primary_test_impostor,1037,1931,primary_test_impostor,0,240,80,107,0,False,,0,False,,0,,False,,5.953,0.46,32840,54455a7d2a70b378859242a64383b0df804bf2959d8bd637521c004bf61af128,11777.527,11776.3,4273,exact-open-set-id-v2,1788205506004967144,127,127,2049,16464,7fe6dfacc7e10d09cebb961c71419aa07625c064c2adb846db82b8d4e8de03dc,6.399,
543,primary_test_impostor,1038,1932,primary_test_impostor,0,150,97,1085,0,False,,0,False,,0,,False,,5.928,0.44,32840,ebf2840ae57dccc18a8f4cfa4b67cde78dc357bdbeb27ab4c06a7babd54a5753,9548.541,9547.7,4273,exact-open-set-id-v2,1788205506004967144,127,127,2049,16464,4c6c9300db05fa5873e3b0686125a22320ac374a4767e1122c065bdcde737906,5.961,
544,primary_test_impostor,1039,1933,primary_test_impostor,0,48,93,1081,0,False,,0,False,,0,,False,,8.828,0.57,32840,eece1f5d5824815a4cffd82cb7fdc7ea21994461a254089b535ae98f0e4eee59,9032.099,9031.4,4273,exact-open-set-id-v2,1788205506004967144,127,127,2049,16464,0369c9f95dc7d6edd47082c4a9253d6b4b6adbb92c04ddeb1e58164ba5f37af2,5.452,
545,primary_test_impostor,1040,1934,primary_test_impostor,0,126,115,1100,0,False,,0,False,,0,,False,,5.891,0.53,32840,1554de35ded6f3a429af120b422ae37df967e8923b39af3e8c713b839566ff1a,9090.66,9086.6,4273,exact-open-set-id-v2,1788205506004967144,127,127,2049,16464,0f7b9053ef665a00b7b8f0a970868baeb46b591bba2b4a62b9bdec579a50af54,29.131,
546,primary_test_impostor,1041,1935,primary_test_impostor,0,128,97,1085,0,False,,0,False,,0,,False,,9.427,0.51,32840,a199e0b03b731fea71bebb64131d23c110fc1c99301f7e26bc94a22aa20a87e2,9901.545,9898.7,4273,exact-open-set-id-v2,1788205506004967144,127,127,2049,16464,18271e5bf28a4e7dd40c9158c4ec46104456b825c0b6385f954a12c5e6c0c392,11.353,
547,primary_test_impostor,1042,1936,primary_test_impostor,0,176,2,10,0,False,,0,False,,0,,False,,9.466,0.6,32840,e92c36d43be55155c9e471bdc49a65807d1e5439150da30deeca140e2f0e635c,11076.223,11075.2,4273,exact-open-set-id-v2,1788205506004967144,127,127,2049,16464,cf66f4851aef2ef4d6726285acdb522002c617b57f4414d3274cc357d24ad1db,6.643,
548,primary_test_impostor,1043,1937,primary_test_impostor,0,125,74,1064,0,False,,0,False,,0,,False,,8.512,0.74,32840,c969a025efe8dacc34af500613687181ebd67c779ee1d603ca337a81588d4e67,9926.713,9925.7,4273,exact-open-set-id-v2,1788205506004967144,127,127,2049,16464,6036f8f1a7b9434140c896a9cd6dceadcd71d75bcd4bfe2bee7bbf4e7eb35799,6.65,
549,primary_test_impostor,1044,1938,primary_test_impostor,0,158,35,1029,0,False,,0,False,,0,,False,,5.276,0.43,32840,2c7413a24e75671810402fb2a722cb61fa49601fa114ec3b82772bff923fc4e3,9273.1,9272.1,4273,exact-open-set-id-v2,1788205506004967144,127,127,2049,16464,5161282929dc9c5f5ebee0e5240327f5784f460e2c35e68f201d986c2d3435c6,7.554,
550,primary_test_impostor,1045,1939,primary_test_impostor,0,168,3,100,0,False,,0,False,,0,,False,,7.266,0.45,32840,2d6a9aebb2a445b515de9f7f331500f7e7d0622b3bf4b2ed11a95f1621c5b662,9324.632,9323.7,4273,exact-open-set-id-v2,1788205506004967144,127,127,2049,16464,17a811badcd835e1223ec71584ec7861926cd45ddb950c9759fc7f4b8603d092,6.654,
551,primary_test_impostor,1046,194,primary_test_impostor,0,180,72,1062,0,False,,0,False,,0,,False,,6.273,0.43,32840,09aca9ff946427a1bc1e840eeb3513e073764d290089526135c0c5713f996edd,9059.691,9058.5,4273,exact-open-set-id-v2,1788205506004967144,127,127,2049,16464,29d854533ce0f6598b53a0636f13c9b78decd9c23cbaa4866784006445d61624,10.603,
552,primary_test_impostor,1047,1940,primary_test_impostor,0,285,67,1058,0,False,,0,False,,0,,False,,8.664,0.7,32840,426f95e9597b32478c59c52f97e25b65b0117575e74a5a577c8c115636cb3202,9423.039,9421.9,4273,exact-open-set-id-v2,1788205506004967144,127,127,2049,16464,c4fb96c38c51bb92a38f1ed0f5e1300e8e79ea60fca55c0314622bcd7e612f5e,6.087,
553,primary_test_impostor,1048,1941,primary_test_impostor,0,159,76,1066,0,False,,0,False,,0,,False,,6.268,0.64,32840,a3a4929b08ca0fb5fd40f8bc24ff8a89d80ea3f1ac7afcc72b5b42fc9e22007c,8736.35,8735.3,4273,exact-open-set-id-v2,1788205506004967144,127,127,2049,16464,3404290d41321fda348c0a8f16bf8dd8b2bf069a0c9b2f85fc28a95ed4800f8c,5.955,
554,primary_test_impostor,1049,1942,primary_test_impostor,0,223,88,1077,0,False,,0,False,,0,,False,,5.91,0.43,32840,7202cd9087825017ecb977d6fb2be18e2e8a751e69e69308f8bd0b0ebc572b6f,8630.342,8629.1,4273,exact-open-set-id-v2,1788205506004967144,127,127,2049,16464,c7ca96c66c4d3407b360c9025334ec68f6c286819a3ae0f90551045e94e6435d,5.741,
555,primary_test_impostor,1050,1943,primary_test_impostor,0,145,52,1044,0,False,,0,False,,0,,False,,6.275,0.65,32840,663322d9b5b57ab76f106e1852a949f11ed744533b352dd5f1cf99606cbd9c67,7909.27,7908.4,4273,exact-open-set-id-v2,1788205506004967144,127,127,2049,16464,f87ca79c84f0faf1774dcff7fe7cd20f4916b0320832c02030383104638a1eec,5.77,
556,primary_test_impostor,1051,1944,primary_test_impostor,0,230,16,1011,0,False,,0,False,,0,,False,,5.014,0.42,32840,2658240d72598a31938a808673707565612e7232c0af0d95dafd6335218b0185,8763.725,8762.9,4273,exact-open-set-id-v2,1788205506004967144,127,127,2049,16464,a9c762c6ba8a85f2cbab09d3f6c813c2362e7eefe55cdde476c31cd34fb71cc7,6.81,
557,primary_test_impostor,1052,1945,primary_test_impostor,0,263,22,1017,0,False,,0,False,,0,,False,,5.453,0.44,32840,00635e8af4a202eec82b3f7d10a5071bfcaf3217789aec06694389c06b526a1c,8992.839,8992.0,4273,exact-open-set-id-v2,1788205506004967144,127,127,2049,16464,2712745e188aa9a3b97010fc09ca1b18cd57048d6750d7f25088175613b8a9a4,7.776,
558,primary_test_impostor,1053,1946,primary_test_impostor,0,214,23,1018,0,False,,0,False,,0,,False,,5.784,0.47,32840,9792626957fd1d2d61098c422310bef6c742f5fa49b23e4b46c954150cd8f021,9432.04,9431.3,4273,exact-open-set-id-v2,1788205506004967144,127,127,2049,16464,5591902a6b2e3068383ec09ca43cf5d79f43afc3ca38bb2235244e0c890a46ea,7.08,
559,primary_test_impostor,1054,1947,primary_test_impostor,0,174,92,1080,0,False,,0,False,,0,,False,,6.19,0.55,32840,7dd7adfe79c8f989d225d39fa5f315dcab7738ca0b76b56b6d25d79eb4b57bf1,8768.012,8767.1,4273,exact-open-set-id-v2,1788205506004967144,127,127,2049,16464,023f0848a73c15a7e20ecb41d97af14886c0348814aa4a66508bf46d89657a27,5.885,
560,primary_test_impostor,1055,1948,primary_test_impostor,0,176,57,1049,0,False,,0,False,,0,,False,,6.148,0.45,32840,314ae90e25ff1cdb3e06e49f1759c69b2230c3e0ad8caa4b6e53bf5a9340c25b,10995.564,10994.6,4273,exact-open-set-id-v2,1788205506004967144,127,127,2049,16464,2f7df65e03f04496d688ceb8bc1ea99ac4a46f08bb04a2084d5697a3c66fb53e,8.952,
561,primary_test_impostor,1056,1949,primary_test_impostor,0,295,29,1023,0,False,,0,False,,0,,False,,6.184,0.62,32840,2ce7b013a6df1a41913998ee5ea4fb39c3644111630b8a0e063f7886a2f0c323,10674.137,10673.2,4273,exact-open-set-id-v2,1788205506004967144,127,127,2049,16464,b5a59887cf14a34d2701169d4836c9570c065edd4c4958ca7f9d66fb2ad2882a,9.343,
562,primary_test_impostor,1057,195,primary_test_impostor,0,159,98,1086,0,False,,0,False,,0,,False,,6.191,0.92,32840,c776f4c4016550734a71dfc8c8bd88a4e5a4511fb8b3202670d716c552c5e0d6,9991.297,9989.9,4273,exact-open-set-id-v2,1788205506004967144,127,127,2049,16464,e2ef0f09cdd468a75f3773089d00c2350ec840b92d2dc1a891deee9c9c82ec56,7.756,
563,primary_test_impostor,1058,1950,primary_test_impostor,0,223,67,1058,0,False,,0,False,,0,,False,,8.138,0.6,32840,f8d0867a1b6b9b0c81479a7d77a1aae5531a573e1cc713a731d62aef9b4b1170,9786.255,9785.3,4273,exact-open-set-id-v2,1788205506004967144,127,127,2049,16464,cd5af38f7acaa686fe412b1d617a9fcc20768a139f15995c9b5391eed7eaf2fb,7.235,
564,primary_test_impostor,1059,1951,primary_test_impostor,0,235,112,1099,0,False,,0,False,,0,,False,,7.259,0.47,32840,7bc1cc71c3ec6a6f7bea154050751aeb5b791120913b40f3dded2e91abf39cbf,9483.03,9482.1,4273,exact-open-set-id-v2,1788205506004967144,127,127,2049,16464,bc9cb521be78d5e3375849ed3215c576c3100cb38e116e69a3b923f89f36b6ff,6.833,
565,primary_test_impostor,1060,1952,primary_test_impostor,0,259,51,1043,0,False,,0,False,,0,,False,,7.251,0.51,32840,7381cd5b39d7c85b6f8148dbc980caa363bc78ec1bd1fed89b28a4f39c5d9ff8,9253.891,9252.8,4273,exact-open-set-id-v2,1788205506004967144,127,127,2049,16464,af291aaa920601256cd164f44dc73681cc8daa27b9c97ed0750523c08cb530c2,7.813,
566,primary_test_impostor,1061,1953,primary_test_impostor,0,157,29,1023,0,False,,0,False,,0,,False,,6.58,0.49,32840,ef8dab2c8e70ec6de5360fef8e5f8d8540c407d5f511c93dd02976e386fefe9d,10781.446,10780.1,4273,exact-open-set-id-v2,1788205506004967144,127,127,2049,16464,eaf6f6eaf90c332e57c7ed19c104b29956f4143ce77a9368ffe2bb129736dcdf,9.386,
567,primary_test_impostor,1062,1954,primary_test_impostor,0,219,75,1065,0,False,,0,False,,0,,False,,8.148,0.5,32840,a0dfd5cc4ae706f78532bbf4cc76b722457cdd38214da4556da011b6f5d3c378,8850.813,8849.4,4273,exact-open-set-id-v2,1788205506004967144,127,127,2049,16464,4b6b592914fe344e900c85af82799c687c5c033c71ae7684a83355176c17b06d,6.171,
568,primary_test_impostor,1063,1955,primary_test_impostor,0,203,58,105,0,False,,0,False,,0,,False,,6.396,0.47,32840,533d5c3a8f433995ebdc276207f41d32b7c9ba309f5f72ca0675bb801bec97fb,9294.262,9292.1,4273,exact-open-set-id-v2,1788205506004967144,127,127,2049,16464,611ba5881b23db627750056c483e72da32d56495a92263a02b7a325999b12e38,6.716,
569,primary_test_impostor,1064,1956,primary_test_impostor,0,225,68,1059,0,False,,0,False,,0,,False,,7.339,0.66,32840,dbdb3626af628f9bf858b181242fedb6ba30bc5ce0c502b145861bce82be387b,9887.407,9886.1,4273,exact-open-set-id-v2,1788205506004967144,127,127,2049,16464,5127bfe081f765a83434fdb357c0c368433a3a02d8abb8f4c539d19d62c393e3,6.176,
570,primary_test_impostor,1065,1957,primary_test_impostor,0,184,46,1039,0,False,,0,False,,0,,False,,5.819,0.46,32840,d45fa064d1947cf3a60f2ec8d29b029ad1172b41055c8395b5bce4dcc7bf5f88,8939.776,8938.1,4273,exact-open-set-id-v2,1788205506004967144,127,127,2049,16464,10a83ac49e0d3add551333994ecf9deed11c4b745cb32b7a35daa38ec3e0e8f9,7.448,
571,primary_test_impostor,1066,1958,primary_test_impostor,0,153,25,102,0,False,,0,False,,0,,False,,7.453,0.51,32840,d29a2075d9d915c57387442bc0f468012799338ba794de26bf44ddeeb45c7d01,8599.582,8598.4,4273,exact-open-set-id-v2,1788205506004967144,127,127,2049,16464,b0251e259b692093cf0dfb921c01d2b72c974c8cc54e040a148abc0bd012371e,8.365,
572,primary_test_impostor,1067,1959,primary_test_impostor,0,211,118,1103,0,False,,0,False,,0,,False,,6.941,0.46,32840,fc730f8291c65a975e840bac9faee0d59a3fef298a28a3188039ecb453431e0e,8230.561,8229.5,4273,exact-open-set-id-v2,1788205506004967144,127,127,2049,16464,1f20e8c37f1a6ee27939313a41972049ab71873a4f6fdef0e9490238ef17d002,6.125,
573,primary_test_impostor,1068,196,primary_test_impostor,0,95,19,1014,0,False,,0,False,,0,,False,,6.188,0.52,32840,186bf06dadd3b1ae249d4272500a981d91f36564a5a8fc8175fb129669d85415,7724.692,7724.0,4273,exact-open-set-id-v2,1788205506004967144,127,127,2049,16464,61e27e995a3a712740373c3f2a10df8a8dd06eae3bf7956b852bb2df22c3ad47,6.443,
574,primary_test_impostor,1069,1960,primary_test_impostor,0,156,17,1012,0,False,,0,False,,0,,False,,6.278,0.5,32840,625315cd9614135bc5da94481c572fdab01965c815d22b9f48415bb5649c203b,7731.792,7730.9,4273,exact-open-set-id-v2,1788205506004967144,127,127,2049,16464,334055ecba42ac9d09f5444e2df4b5addc8478c9505a3a9092156e77e4dd5af8,8.332,
575,primary_test_impostor,1070,1961,primary_test_impostor,0,326,47,104,0,False,,0,False,,0,,False,,5.791,0.44,32840,6a1e43bc55eb3b391e08aa9bc3ee20bd9f3fdaadb74790ec356b26c69582fdd5,7815.757,7815.0,4273,exact-open-set-id-v2,1788205506004967144,127,127,2049,16464,e3a60b3e7e5c98f5c345634840487da03428609c7abfee425217d12578bfa01f,5.882,
576,primary_test_impostor,1071,1962,primary_test_impostor,0,199,51,1043,0,False,,0,False,,0,,False,,5.688,0.46,32840,48291c64e49b30efaf46d2c25cb6d597837d10babc8656cbf7c5675b42ba07b1,8382.782,8381.9,4273,exact-open-set-id-v2,1788205506004967144,127,127,2049,16464,0b5ed3228dac62c3047d2e0ff8ef3fe4e791c2e4286c02cdc3ca494507e201e2,10.164,
577,primary_test_impostor,1072,1963,primary_test_impostor,0,217,19,1014,0,False,,0,False,,0,,False,,6.764,0.47,32840,802605f8f2f2da86017880de5f6ef74d147752fe6c7a49cb167608a7c2d9cf7f,8929.522,8928.8,4273,exact-open-set-id-v2,1788205506004967144,127,127,2049,16464,a58b739a44ad311c8599c759d8aadfd08ccd546260069d118b02a3c8a06aafea,5.868,
578,primary_test_impostor,1073,1964,primary_test_impostor,0,295,86,1075,0,False,,0,False,,0,,False,,6.466,0.46,32840,a89351e9f7a369bce019901be4a18065b38995391a0b52fcdb0c7a17c79e3b4f,7873.548,7872.9,4273,exact-open-set-id-v2,1788205506004967144,127,127,2049,16464,70dd03680554bae5b7b86a32c89e85192fb52bd425da0c1f8d9b2d074b3fcdaa,7.078,
579,primary_test_impostor,1074,1965,primary_test_impostor,0,139,59,1050,0,False,,0,False,,0,,False,,5.095,0.43,32840,0435bae1cbc805d776f40e003c22fef3caed51af01f1a158a9b5708d3bab9ca0,7771.834,7771.2,4273,exact-open-set-id-v2,1788205506004967144,127,127,2049,16464,98739117a7d892ae96bc56808adf6cad73d5d5b5056a04104965b972c8921e0a,5.763,
580,primary_test_impostor,1075,1966,primary_test_impostor,0,188,122,1107,0,False,,0,False,,0,,False,,5.813,0.62,32840,7699d4ae11f222117b17751c2a92378ef2cee92ad38ed9efbb870d2cdba1aeae,8671.864,8671.0,4273,exact-open-set-id-v2,1788205506004967144,127,127,2049,16464,f56966720bb2c576016fcca4244a48245f5dcf7a49d8aa2fe254f4c95f01cc01,5.941,
581,primary_test_impostor,1076,1967,primary_test_impostor,0,99,107,1094,0,False,,0,False,,0,,False,,5.9,0.56,32840,013ef1e45d6043b3d1e56c0a3a1a02a014593f7805be0362ffcdee4a4b5b2850,7796.572,7795.9,4273,exact-open-set-id-v2,1788205506004967144,127,127,2049,16464,63433ad40465d169a1ebcdab0ce8ca4b88ff561d5071c1496ae2b311dcaf1283,5.141,
582,primary_test_impostor,1077,1968,primary_test_impostor,0,161,59,1050,0,False,,0,False,,0,,False,,8.025,2.39,32840,53571ed350104b1dc04b39c48da65d7cf74b886ea782f6123241a7637909c3fc,7665.48,7664.8,4273,exact-open-set-id-v2,1788205506004967144,127,127,2049,16464,31e3774bd07862677d205357740433708c9eb1793a8a6f95593aa12eddff83b3,6.065,
583,primary_test_impostor,1078,1969,primary_test_impostor,0,180,30,1024,0,False,,0,False,,0,,False,,6.723,0.47,32840,810a9bfa6e27d7621eea4b8836304fd99e39f5170e2e01e09bb213a70ac7b541,7610.628,7609.6,4273,exact-open-set-id-v2,1788205506004967144,127,127,2049,16464,523628a705dfd4bf1763f823cb1ba71f0da04454a1f3f56ba3abdc77ca94f6f9,6.416,
584,primary_test_impostor,1079,197,primary_test_impostor,0,303,31,1025,0,False,,0,False,,0,,False,,5.601,0.51,32840,ea0f6c1649a90866fa68df660bd8374972419390b370e937f95d43e7e02a089d,7829.487,7828.6,4273,exact-open-set-id-v2,1788205506004967144,127,127,2049,16464,d3ce1c9f4f9fa3e13c7093e48b9c81fc27fad652add5ac5c0992a6519aaf93ce,6.029,
585,primary_test_impostor,1080,1970,primary_test_impostor,0,194,102,109,0,False,,0,False,,0,,False,,5.976,0.44,32840,366b29d2a51424a04852087db9188e7f369b2a71449376dea16748e645e17920,7628.753,7628.1,4273,exact-open-set-id-v2,1788205506004967144,127,127,2049,16464,de570151f01b4f7163749d8fc09f3ed22ac4236c8cf7d8ba35c4a5019cf16f29,5.293,
586,primary_test_impostor,1081,1971,primary_test_impostor,0,179,43,1036,0,False,,0,False,,0,,False,,5.626,0.48,32840,7144b7d5697e562832c8d72c8a71d648c06e45f02dd3e9238d8f6c74ad9891a9,7767.536,7766.8,4273,exact-open-set-id-v2,1788205506004967144,127,127,2049,16464,cae384aa60d4dc71373877970925fcd89dd053ddcfc10f61d8c559c7bba2ecb9,5.476,
587,primary_test_impostor,1082,1972,primary_test_impostor,0,117,81,1070,0,False,,0,False,,0,,False,,4.996,0.43,32840,565fb3d4c144e6fe7afaa210f8f208d5a136e2b3f8580886b8fc3fd30598a27e,8663.521,8662.6,4273,exact-open-set-id-v2,1788205506004967144,127,127,2049,16464,b252b3aa89c784e525a2d2acc98f3f3a93a4bc772f352c7fd6d85cef1ab1e4d2,5.807,
588,primary_test_impostor,1083,1973,primary_test_impostor,0,172,109,1096,0,False,,0,False,,0,,False,,8.027,0.48,32840,08849866dc321ed53fca6639e286f0702a44ae295813c02255a2f8e3d8f8a664,9233.159,9232.4,4273,exact-open-set-id-v2,1788205506004967144,127,127,2049,16464,a5fb8c73c0959b505b7f5c0a6bf72e2b3de5449226381ab6ca5c4fc23b0fd04f,6.262,
589,primary_test_impostor,1084,1974,primary_test_impostor,0,152,7,1003,0,False,,0,False,,0,,False,,8.23,0.75,32840,3801c2e21e052790e0b00c0934a5ab602df6378dbba3f3c162f430052fbfcdcc,8938.989,8937.6,4273,exact-open-set-id-v2,1788205506004967144,127,127,2049,16464,9036cbb56a3c0d5b890e67868e97618b4fb02c94a81cfcf0587485d6f825de61,6.88,
590,primary_test_impostor,1085,1975,primary_test_impostor,0,204,17,1012,0,False,,0,False,,0,,False,,5.903,0.45,32840,5a06f47829c86496687726fb0195390ce2ade90996df0b1e6985c9b5eda65392,9102.134,9100.9,4273,exact-open-set-id-v2,1788205506004967144,127,127,2049,16464,ab19e813012b260794d428c15f914df3fdb7252bd4ae8d2dbf31b83619d1d856,6.195,
591,primary_test_impostor,1086,1976,primary_test_impostor,0,55,51,1043,0,False,,0,False,,0,,False,,5.673,0.49,32840,d02f1b06b9a6770e3aaf784cc73f4428184dbc2f617b3ca2353878afaebc1651,8253.83,8252.4,4273,exact-open-set-id-v2,1788205506004967144,127,127,2049,16464,d872396a6e4454fe64afd6b84a5d6849427d37e6c0fb3dce3227c8a5dedc139d,8.784,
592,primary_test_impostor,1087,1977,primary_test_impostor,0,189,111,1098,0,False,,0,False,,0,,False,,7.336,0.42,32840,b2102d368f604888e112be060cba96007b4518f654dc4bffae7059e00734f8bd,8073.023,8071.9,4273,exact-open-set-id-v2,1788205506004967144,127,127,2049,16464,fe049064912d4da3436c0cbda67018dc97e12a52b3620847d1312cbc39a449fd,5.674,
593,primary_test_impostor,1088,1978,primary_test_impostor,0,219,64,1055,0,False,,0,False,,0,,False,,6.344,0.47,32840,2280f13c197924790d53f061e023bcc63ebbf9c4a0af6d1ff99b452a13ed3d71,7927.254,7926.5,4273,exact-open-set-id-v2,1788205506004967144,127,127,2049,16464,06656f9f3aac4ade0f3b4ec08d3d66f267c8eb653f801e59993fdf4c929c569d,6.23,
594,primary_test_impostor,1089,1979,primary_test_impostor,0,84,17,1012,0,False,,0,False,,0,,False,,4.685,0.43,32840,a76aa3e7dfde31723ab9c26c6893d2e91f5f40453926249dea2fcf02d5b90c22,7790.8,7790.1,4273,exact-open-set-id-v2,1788205506004967144,127,127,2049,16464,2604546d064ee133f5def4f7535788fe8d2ac0274f64d8395c61d4eedabd12c6,6.033,
595,primary_test_impostor,1090,198,primary_test_impostor,0,88,97,1085,0,False,,0,False,,0,,False,,5.258,0.42,32840,490d16c57345ae764647c46c62a994a6daa88430f6353ebb25c08397098af2c2,7949.885,7948.9,4273,exact-open-set-id-v2,1788205506004967144,127,127,2049,16464,0132211b77dafef03ee6ace68ba93614b9518922231d5ac215e24c9ba45cccd7,6.125,
596,primary_test_impostor,1091,1980,primary_test_impostor,0,77,114,110,0,False,,0,False,,0,,False,,5.507,0.43,32840,30c20a8ae0abc4099dbfeee51344184d3baaf72cbe479d08d83dbd86e93b8a8d,9433.496,9432.3,4273,exact-open-set-id-v2,1788205506004967144,127,127,2049,16464,82572ab5735398e6cf46d573b30f3d394b4fa1cab47841ec3baa2b531b61882b,28.742,
597,primary_test_impostor,1092,1981,primary_test_impostor,0,130,80,107,0,False,,0,False,,0,,False,,18.317,0.5,32840,3628f0c573a6a6f3ed7fd4fb06ae6025545725399b0051f92917341b82676948,10557.025,10555.8,4273,exact-open-set-id-v2,1788205506004967144,127,127,2049,16464,65e486456b4645bea5864b877127292e823632a108f8fe20b462a0a63382e309,6.283,
598,primary_test_impostor,1093,1982,primary_test_impostor,0,233,95,1083,0,False,,0,False,,0,,False,,5.517,0.44,32840,c454aaf2cd7deac73af5badc6c1d8ca2f33ba7c1f8887cd0c12d045b29a49333,8914.427,8913.4,4273,exact-open-set-id-v2,1788205506004967144,127,127,2049,16464,8e5069a0aa1868eef6998287a7191dcaefdccaa6eed0f0d3d32969cde603cc46,6.496,
599,primary_test_impostor,1094,1983,primary_test_impostor,0,168,46,1039,0,False,,0,False,,0,,False,,5.914,0.41,32840,2c18bee84d9b78ab4c82a12a7aa7de31f96723f6a601efee8394accb52828132,10604.068,10603.0,4273,exact-open-set-id-v2,1788205506004967144,127,127,2049,16464,bfc77322657a8fc7dbf80ce78be0d3d7ecec39cec39669d2d6658ff5f2eee016,6.455,
600,primary_test_impostor,1095,1984,primary_test_impostor,0,219,75,1065,0,False,,0,False,,0,,False,,6.672,0.55,32840,371ec2e882507d59390f9c6bd23fe890318254f0d031295ee322fa7c51f5d900,11782.134,11780.1,4273,exact-open-set-id-v2,1788205506004967144,127,127,2049,16464,0ade1d7426839d3533f34e5ca390955a0d051de5fcaadb18ebcd9f198c9ea6ca,11.148,
601,primary_test_impostor,1096,1985,primary_test_impostor,0,98,21,1016,0,False,,0,False,,0,,False,,6.566,0.47,32840,00b44271ec94f6a8ad34917255a16be9dc32fa65a34021c8b78114eeffb99535,11654.865,11653.2,4273,exact-open-set-id-v2,1788205506004967144,127,127,2049,16464,e7a85b7a57d53b2e3a0a8006cce25761207ac1228f938c1cd8c84d7530244297,6.25,
602,primary_test_impostor,1097,1986,primary_test_impostor,0,126,62,1053,0,False,,0,False,,0,,False,,6.359,0.53,32840,e6b496220fcc78f690835898ce15d6a2015687244e2e2f8d05fe850980d002ec,9137.23,9135.4,4273,exact-open-set-id-v2,1788205506004967144,127,127,2049,16464,66250c7cf8c5d34c2bf8345f2b7456459309118a417f122235db4c0f5a1f8509,6.112,
603,primary_test_impostor,1098,1987,primary_test_impostor,0,203,116,1101,0,False,,0,False,,0,,False,,5.863,0.46,32840,deeac2240fa3185f39d7e5e9119ceee6589742f88e462354fe4d60c40178a808,9372.983,9371.9,4273,exact-open-set-id-v2,1788205506004967144,127,127,2049,16464,1d7b7369c38fe96487ddd1e9b57a67884fda8f48045a16d3dcb6f1be18aebb37,6.297,
604,primary_test_impostor,1099,1988,primary_test_impostor,0,218,5,1001,0,False,,0,False,,0,,False,,7.745,0.48,32840,2173399d42963e27cbcdb9916cdf45f40c0416896f5aa4ea1efe5a4d91c23724,9537.852,9536.7,4273,exact-open-set-id-v2,1788205506004967144,127,127,2049,16464,b4840a800cf1ddcf88699b2d047454a60ffc12b769edfb677f50fe4e99c42b96,6.297,
605,primary_test_impostor,1100,1989,primary_test_impostor,0,111,98,1086,0,False,,0,False,,0,,False,,5.594,0.44,32840,f8ec4adeb385a1fb373e70fbbabc091538a8f03a79bf6b3e01e7d46cfa568806,9314.005,9312.7,4273,exact-open-set-id-v2,1788205506004967144,127,127,2049,16464,e19b70da7d7530203e4a845cd6e6a4bc38a0f4db65260bcb6a1d586c372e118c,11.385,
606,primary_test_impostor,1101,199,primary_test_impostor,0,199,63,1054,0,False,,0,False,,0,,False,,5.659,0.44,32840,ca87fed4b9e81f4ed47ebcd693173997423f2de4e2b8a74022135f3116d625b1,8992.388,8991.1,4273,exact-open-set-id-v2,1788205506004967144,127,127,2049,16464,c3c34bd5b3c0f7f2bc0c0d660fc2831e690d2e024fd41ee1e3fb0f50be87d4cd,6.903,
607,primary_test_impostor,1102,1990,primary_test_impostor,0,198,23,1018,0,False,,0,False,,0,,False,,6.324,0.49,32840,a0344e8739f179cb5f2e34eefcbdf2be70f8a061ee8f178da6c0477377e3758e,9396.548,9395.3,4273,exact-open-set-id-v2,1788205506004967144,127,127,2049,16464,def9fd06f1e06ace0094d48c48d810d1f48cf0efe1b47b4d8645c108faff09d8,6.12,
608,primary_test_impostor,1103,1991,primary_test_impostor,0,201,76,1066,0,False,,0,False,,0,,False,,5.464,0.45,32840,d627dc95b76c69058a4a2753cab4e03d37dae64f81b61f722ac5550cded64247,8810.928,8809.9,4273,exact-open-set-id-v2,1788205506004967144,127,127,2049,16464,167099132f148838828bfe96778543d69996401cdf53eaf01f1c8ba57d6bf515,6.41,
609,primary_test_impostor,1104,1992,primary_test_impostor,0,171,34,1028,0,False,,0,False,,0,,False,,6.417,0.46,32840,f5e8b681f25103f1193171deb6ed58ff0163a227f57ae4cffe77e65a7d56da32,8886.676,8885.7,4273,exact-open-set-id-v2,1788205506004967144,127,127,2049,16464,d07c8683bc82c3d65e75754725072384ccdc3b69b61de0afd585678370e1e3bf,5.306,
610,primary_test_impostor,1105,1993,primary_test_impostor,0,133,78,1068,0,False,,0,False,,0,,False,,6.232,0.47,32840,649bfd65da50c99913e6e420ede1bf11bb70c232f70085c4b35f4960bac3563e,9384.329,9383.3,4273,exact-open-set-id-v2,1788205506004967144,127,127,2049,16464,5865177529e99aeea49574c80ff9978a84e410dfb7bb33dd83f60ab4bc5992b7,5.845,
611,primary_test_impostor,1106,1994,primary_test_impostor,0,214,2,10,0,False,,0,False,,0,,False,,5.416,0.5,32840,16ab38aa801e4448017454ccf825bcd2d4f94dd24fed1f3faf9ee3888e92b5ed,8947.621,8946.3,4273,exact-open-set-id-v2,1788205506004967144,127,127,2049,16464,9646d2b65fc43cfaa0b2201cb2f55ecce5c15bb091968f7f760ee2cac0198caa,6.203,
612,primary_test_impostor,1107,1995,primary_test_impostor,0,212,20,1015,0,False,,0,False,,0,,False,,5.61,0.43,32840,6a40ad670856de577cfbd769bf02e5f7c69f66ee49347f33f65843f127fa287f,8321.612,8320.8,4273,exact-open-set-id-v2,1788205506004967144,127,127,2049,16464,07e8efe32e0cef7d3a79ab7b2fe692cfce6fa663071f388c8c10c97bd2f56b2b,5.535,
613,primary_test_impostor,1108,1996,primary_test_impostor,0,222,2,10,0,False,,0,False,,0,,False,,5.924,0.51,32840,958aec160940fb98c25f888855d38541b76cb20ece57b0ab17c4ec2d4c8e26a9,9116.694,9115.8,4273,exact-open-set-id-v2,1788205506004967144,127,127,2049,16464,943dd251f6e07808e3800359480828723b88243401034c29fceff2436fd637d5,9.337,
614,primary_test_impostor,1109,1997,primary_test_impostor,0,45,45,1038,0,False,,0,False,,0,,False,,6.571,0.73,32840,d6dd9a60468ff301c1f285ff2c15db4a2cf8fd73777fe0e8ff69ddd3e7c9900e,10698.355,10697.3,4273,exact-open-set-id-v2,1788205506004967144,127,127,2049,16464,3f34ca15c00cbcf237d5dff899e9fb74e90f3a8b275498a132625f5d443d95e6,6.81,
615,primary_test_impostor,1110,1998,primary_test_impostor,0,203,1,1,0,False,,0,False,,0,,False,,5.663,0.43,32840,27e5de52a1fb03499a0a690ae65688b58803faf3493ab0d1ccb87d1df2aecb1a,9988.152,9987.0,4273,exact-open-set-id-v2,1788205506004967144,127,127,2049,16464,f3c9532ee03f161b3b083d626d200ed16e9f550ad47ba19607e2790c8d6e0df4,6.125,
616,primary_test_impostor,1111,1999,primary_test_impostor,0,130,0,0,0,False,,0,False,,0,,False,,6.799,0.56,32840,685d88356d6ad0eaaf03a7aaf6e0eaacb8d479da1dd27e9a68381174976ad5bc,9372.981,9372.0,4273,exact-open-set-id-v2,1788205506004967144,127,127,2049,16464,8fed936b32e642735a99edab6a53daf102beb8dab253dd5c5bce05197b42c40d,5.916,
617,primary_test_impostor,1112,2,primary_test_impostor,0,136,119,1104,0,False,,0,False,,0,,False,,6.058,0.5,32840,664290c0f7b67825848d6106ee0956248a5c8127792b06edb858c2dee4ca4ddb,8747.04,8746.1,4273,exact-open-set-id-v2,1788205506004967144,127,127,2049,16464,6ba25d027bf83f0d974c574e64515b492f77dbe66c87ad5ffe5a1b00fa1232cd,5.876,
618,primary_test_impostor,1113,20,primary_test_impostor,0,224,2,10,0,False,,0,False,,0,,False,,5.766,0.44,32840,b2f346c6cc0d737a35e2740a3c0e3ca38357a50530de9ec8a1fc832eae27eae2,8479.66,8478.8,4273,exact-open-set-id-v2,1788205506004967144,127,127,2049,16464,e6326bd8346511e4943fa487012ceee9c04336c4d6133a97b5cd2febc6255274,5.361,
619,primary_test_impostor,1114,200,primary_test_impostor,0,158,80,107,0,False,,0,False,,0,,False,,6.966,0.47,32840,6a321e69cc26d9db3a3eef30d90fdb8b059653d42904722d11da1ac44fce210e,7672.699,7672.1,4273,exact-open-set-id-v2,1788205506004967144,127,127,2049,16464,892b4db88fecb236e8ef9f7e1afd485ead59250ba92f282fe5ba1636b7cf4385,5.366,
620,primary_test_impostor,1115,201,primary_test_impostor,0,153,19,1014,0,False,,0,False,,0,,False,,5.385,0.44,32840,c1e6745d41775c8eaecad253fdeeed4bc49b5af41c8066fa2b52e6b1a79bb928,9760.306,9759.2,4273,exact-open-set-id-v2,1788205506004967144,127,127,2049,16464,a7b56dd5b94b49aa186004591be7d0626ccadaa11b4a0c250dd4e77697232354,7.23,
621,primary_test_impostor,1116,202,primary_test_impostor,0,269,32,1026,0,False,,0,False,,0,,False,,6.16,0.48,32840,e99bc0dc03c274db7b73ef9c2e23a7d7d7b9d49a52769c888537ff153ae4920a,8967.841,8965.7,4273,exact-open-set-id-v2,1788205506004967144,127,127,2049,16464,7c08324af49b59d5fe494f5b9d97ff3be982b25784631ed0d90c28487d2dafef,55.599,
622,primary_test_impostor,1117,203,primary_test_impostor,0,144,48,1040,0,False,,0,False,,0,,False,,33.093,2.08,32840,a1f70e1d742852a282080758a3f75c08960cbb06f167e429873758c259096410,8675.854,8675.0,4273,exact-open-set-id-v2,1788205506004967144,127,127,2049,16464,4faf5375d34c312144615994a9e059188e485d45f99fbaab93307866cb6fa4d5,6.547,
623,primary_test_impostor,1118,204,primary_test_impostor,0,154,17,1012,0,False,,0,False,,0,,False,,6.247,0.45,32840,5d9c29858482e5939c4ffb144000ad5b6ce884a3008d97eee09a040eedbaa812,8184.556,8183.9,4273,exact-open-set-id-v2,1788205506004967144,127,127,2049,16464,6946c916a6876aabe31efea86aed316817021d8d71c3b8b67541da58b5ff6a62,5.874,
624,primary_test_impostor,1119,205,primary_test_impostor,0,142,72,1062,0,False,,0,False,,0,,False,,6.018,0.51,32840,c5574ad8760d5072adce6086a913b62c555ae2af2badfa5ee65df0003e430386,7970.917,7970.2,4273,exact-open-set-id-v2,1788205506004967144,127,127,2049,16464,1286fb9428afa84b60e7525efe77662f5ca78f0b0c7f09bded88f23eead7ff8c,5.634,
625,primary_test_impostor,1120,206,primary_test_impostor,0,88,119,1104,0,False,,0,False,,0,,False,,6.578,0.53,32840,b194d1a0744feacb9ee54b030952fd0fec7cc950cc89e1416dddac51378aeb19,7958.778,7958.1,4273,exact-open-set-id-v2,1788205506004967144,127,127,2049,16464,b958164706e8869a9c1109ecdefe9f41bc0aea435bb26cc87937a325fb0cd73f,6.162,
626,primary_test_impostor,1121,207,primary_test_impostor,0,276,100,1088,0,False,,0,False,,0,,False,,5.231,0.43,32840,b0958f5c07f7882b644db5151108a674c4ad481e0bae76e71762ff3de2ac89b4,8167.726,8166.6,4273,exact-open-set-id-v2,1788205506004967144,127,127,2049,16464,c5bf8fce0b00ae4f997d34e2b9f6c1ea26ed962220408109d087b204e0d43999,7.968,
627,primary_test_impostor,1122,208,primary_test_impostor,0,182,100,1088,0,False,,0,False,,0,,False,,5.831,0.46,32840,86b5b41cb67f44d3f03b5d656fce49e239d81adbd7654d454928ba40d8777622,8409.168,8408.3,4273,exact-open-set-id-v2,1788205506004967144,127,127,2049,16464,270a2165e2b27a530965e03a9798a022a92eaab79bd5276a1c89f902d33c6fae,5.797,
628,primary_test_impostor,1123,209,primary_test_impostor,0,12,50,1042,0,False,,0,False,,0,,False,,5.812,0.47,32840,8ae3a91aa94d11c266b4e416a92c71b21dab2aa3b0930eb154d4340a1e9accc0,8231.49,8230.7,4273,exact-open-set-id-v2,1788205506004967144,127,127,2049,16464,4fa0ea20366585e76126b3b48746bd5925b4bd485364fef4f524acf0e73a97ca,5.759,
629,primary_test_impostor,1124,21,primary_test_impostor,0,124,125,111,0,False,,0,False,,0,,False,,5.653,0.46,32840,4dccc3866c23d2b313e39a9f7dc6f42bbe31511f253efe970bd3d797d964624c,7976.7,7976.0,4273,exact-open-set-id-v2,1788205506004967144,127,127,2049,16464,14e0986ad59019ceb1dad4586f9b5c075461f853b5697fbf8a8640049074fa4b,5.606,
630,primary_test_impostor,1125,210,primary_test_impostor,0,174,21,1016,0,False,,0,False,,0,,False,,8.497,0.65,32840,bfc9473a5f192447b86a331949f9d2a33200153c61cf3cf64d481d02c8d2ea55,7865.853,7864.9,4273,exact-open-set-id-v2,1788205506004967144,127,127,2049,16464,dc299da2004de92ea2d99efbb4d12f947eff171a445a3f7d635cd804b2a2f64d,5.904,
631,primary_test_impostor,1126,211,primary_test_impostor,0,145,118,1103,0,False,,0,False,,0,,False,,5.895,0.48,32840,bcc4943ab4b0ad307d10d7a369c52f58de3fdadbaa77f42e7efc401495e790ae,7608.89,7608.1,4273,exact-open-set-id-v2,1788205506004967144,127,127,2049,16464,6845b04163f3ae1e1146ec0db614129e433d4543ac7ecfa7f4356fc72aef7399,5.82,
