sequence,suite,probe_index,probe_name,cohort,repetition,clear_min_score,clear_argmin_index,clear_argmin_name,clear_match_count,expected_authorized,expected_index,expected_code,actual_authorized,actual_index,actual_code,actual_name,discrepancy,error,encrypt_wall_ms,encrypt_reported_ms,probe_ciphertext_bytes,probe_ciphertext_sha256,http_wall_ms,server_reported_ms,pbs,varco_contract,output_epoch,output_revision,output_gallery_size,output_lwe_size,result_ciphertext_bytes,result_ciphertext_sha256,decrypt_wall_ms,decrypt_reported_ms
0,historical_frontier,265,1236,tuning_impostor,0,2,17,1012,1,True,17,18,True,17,18,digiface-17-1012,False,,6.379,0.43,32840,2a7b477c7f2db7fcf0f14518e658ff8faf29828a8d195dbfe1345a51dd03ec06,14515.629,14514.9,7804,exact-open-set-id-v2,1788212554096879136,127,127,2049,16464,8a30ca0813b39aebb45f1b2adcfa4b1b3ad12942fbe0a8b23705627802326494,7.628,
1,historical_frontier,758,1680,primary_test_impostor,0,3,45,1038,1,True,45,46,True,45,46,digiface-45-1038,False,,6.574,0.48,32840,2d11056a0b10dc4a046fd66eeadab62cd0ef30bd41ca1667586e1a9f694400c7,14699.1,14698.3,7804,exact-open-set-id-v2,1788212554096879136,127,127,2049,16464,131c455f913bf8b5df7eb06f52d0f866d93fec16d8c8c328e7f1a1098d3412fa,6.561,
2,historical_frontier,211,1188,tuning_impostor,0,4,92,1080,1,True,92,93,True,92,93,digiface-92-1080,False,,5.508,0.46,32840,2590ba4c3c9a0de863dec8c5c04736a4215b2bf9a50e09e100563927ca0d2623,14555.706,14555.0,7804,exact-open-set-id-v2,1788212554096879136,127,127,2049,16464,fdc0ab21cfbe8f3b7d5e9fa013cd9b23858f11955539227961911f34c281403b,6.043,
3,historical_frontier,1943,948,extended_holdout_non_tuning_impostor,0,5,82,1071,0,False,,0,False,,0,,False,,5.555,0.44,32840,0fe30b2649d41c2a5ef195541125ef89970412c760233b33ec90a0d778df4904,14355.888,14355.2,7804,exact-open-set-id-v2,1788212554096879136,127,127,2049,16464,546ef4da179f0328c07ef326d767d2dc943cd50dd544804bc83ce443a12c5b55,6.587,
4,historical_frontier,407,1364,tuning_impostor,0,7,81,1070,0,False,,0,False,,0,,False,,5.502,0.49,32840,4e3fcabe9dad95c82d0aa38d0a73ace933e1b743cf38df29a51a08747dfd6e92,14616.809,14615.8,7804,exact-open-set-id-v2,1788212554096879136,127,127,2049,16464,f6043f922e38fb3e88b27f9d115f38835c4e72285de0017660126a9e0a07cd86,6.425,
5,primary_genuine,0,0,genuine,0,-350,0,0,1,True,0,1,True,0,1,digiface-0-0,False,,6.136,0.5,32840,546dffe55bce8e837561d1d1968f1c2901cbc5ceaae95af8d0efcad814497cb7,20608.939,20607.7,7804,exact-open-set-id-v2,1788212554096879136,127,127,2049,16464,c8186f8c94020e764d2523416bcb6c4efdd46a1cc43a7f5f8e03e947037faff6,14.779,
6,primary_genuine,1,1,genuine,0,-345,1,1,1,True,1,2,True,1,2,digiface-1-1,False,,6.438,0.51,32840,29635c34b3cb4a1594d83c11d95255af5ab963f5dd3ca51214330b277a50a971,19781.136,19780.3,7804,exact-open-set-id-v2,1788212554096879136,127,127,2049,16464,35c4db08c8ce5ff013dea44f614da0a02b18de1dbfc2548ccbade6c395ed89fc,6.342,
7,primary_genuine,2,10,genuine,0,-352,2,10,1,True,2,3,True,2,3,digiface-2-10,False,,7.4,0.5,32840,ead4e855a0f502725334cbe51c3afcf55f1ba22d9259c98ae5d87c0aa7975e45,15279.677,15278.7,7804,exact-open-set-id-v2,1788212554096879136,127,127,2049,16464,a5ee7468ad403f1d78af22e735143eca511a8784794f627460ed38bbd31071a7,5.605,
8,primary_genuine,3,100,genuine,0,-310,3,100,1,True,3,4,True,3,4,digiface-3-100,False,,6.484,0.46,32840,c750aa1ce043a338330ef4dc59c044f5d772c17fdf295e6e4b048708f06829a0,16191.878,16190.5,7804,exact-open-set-id-v2,1788212554096879136,127,127,2049,16464,0c65bfa2e012a6e43e8f29b7f25ce4d3f46148042d21453a176323ff99c82ef6,6.072,
9,primary_genuine,4,1000,genuine,0,-290,4,1000,1,True,4,5,True,4,5,digiface-4-1000,False,,5.643,0.45,32840,ae7d635b339afcf92c1358e808a449ec2f05dab0d30c24ac7478c4b76d3b8a03,15307.96,15307.2,7804,exact-open-set-id-v2,1788212554096879136,127,127,2049,16464,f4a79fed4c72ea111f93f6a3f4309d9522b8eccc46f9366fe546d98c1474d9b1,6.216,
10,primary_genuine,5,1001,genuine,0,-374,5,1001,1,True,5,6,True,5,6,digiface-5-1001,False,,6.068,0.44,32840,8a71ef6b0d5f5f596dc4f73ada08ea32d92d7d02d345baca8cfa2218eedb2ab0,14705.583,14704.6,7804,exact-open-set-id-v2,1788212554096879136,127,127,2049,16464,82e65950796e1c90361b8eb56d137daed204fdb4de588fde3a47d7313b177244,6.849,
11,primary_genuine,6,1002,genuine,0,-298,6,1002,1,True,6,7,True,6,7,digiface-6-1002,False,,6.14,0.41,32840,da6c544a82baaf1c7f2749699c3386b227878f0f80d89624454fd935b8144f54,15648.115,15647.3,7804,exact-open-set-id-v2,1788212554096879136,127,127,2049,16464,4daa7741b9e717ee99b56a668061b03a04998da68fb08d4a927094ebaf252468,9.599,
12,primary_genuine,7,1003,genuine,0,-234,7,1003,1,True,7,8,True,7,8,digiface-7-1003,False,,6.096,0.53,32840,5e14e05db053dc5120290db6c55ec0147cd70e24d966d03dab10766ce90f7ee4,15876.877,15875.6,7804,exact-open-set-id-v2,1788212554096879136,127,127,2049,16464,8a8ccce0404af693b8fab01abc91eff719a85ea5103912d506c21a528e69e9c3,6.689,
13,primary_genuine,8,1004,genuine,0,-310,8,1004,1,True,8,9,True,8,9,digiface-8-1004,False,,9.444,0.53,32840,88aa45a0952c2ce2f5b998de8136829c7549ae6f05d25e73a4dbb3b2119764f0,15947.518,15946.6,7804,exact-open-set-id-v2,1788212554096879136,127,127,2049,16464,4c6e2461af8c052b618a20b405fbde757b9b551d914241fc627600ec25861ff1,6.16,
14,primary_genuine,9,1005,genuine,0,-227,9,1005,1,True,9,10,True,9,10,digiface-9-1005,False,,6.3,0.46,32840,514d31dc1d28c6b252b50ea078f0d2ab3e64f428b4fcddde4ec17e141c72a95d,18016.673,18015.9,7804,exact-open-set-id-v2,1788212554096879136,127,127,2049,16464,ae6ecd9c7f1559bc241bf075d61e860fc20e57dcaaf4b18494f195ffec5d6668,5.967,
15,primary_genuine,10,1006,genuine,0,-234,10,1006,1,True,10,11,True,10,11,digiface-10-1006,False,,5.243,0.44,32840,9d724abfab13d369bc19d3722dfc263db3f91f6ef037cedea765adf3ca776887,16736.172,16735.1,7804,exact-open-set-id-v2,1788212554096879136,127,127,2049,16464,f90b993aec22257cd131291fb03113ed70fc6576ab35e90d3f32f2e1c8bf05ae,6.854,
16,primary_genuine,11,1007,genuine,0,-282,11,1007,1,True,11,12,True,11,12,digiface-11-1007,False,,5.53,0.44,32840,52b5c381c893414eb4ca9d8e9024344277b18ce54eda09dc4ea3e29c33864920,15601.344,15600.5,7804,exact-open-set-id-v2,1788212554096879136,127,127,2049,16464,a3deb8d5d62f4a37cef4c42c2448e7b9cd912219453192ea1ac3d0dbfefb2d45,6.796,
17,primary_genuine,12,1008,genuine,0,-319,12,1008,1,True,12,13,True,12,13,digiface-12-1008,False,,5.148,0.42,32840,59e30871d274ce827249a0cbee5c4ed85a6c82412d62b94926c6032897fc7507,14637.685,14637.0,7804,exact-open-set-id-v2,1788212554096879136,127,127,2049,16464,9383c9c54a2a897bf987c6172ac26c13a3b6ccb4ca78ede8d5d7aef1a60e8594,6.53,
18,primary_genuine,13,1009,genuine,0,-243,13,1009,1,True,13,14,True,13,14,digiface-13-1009,False,,5.721,0.46,32840,1f130aa6f649b916834d191ed7d46c16ad66ccf0dfb54a3088bf33fa02634377,14738.097,14737.5,7804,exact-open-set-id-v2,1788212554096879136,127,127,2049,16464,127c6e979425e82a56475f303e7fe747630e92f2928afa846b5a4352bd812e1c,6.98,
19,primary_genuine,14,101,genuine,0,-298,14,101,1,True,14,15,True,14,15,digiface-14-101,False,,5.943,0.55,32840,1f3b6d8d7ba84e036172998698d38b4b178dcb31b6685bb5e826f73719f46f26,14884.6,14883.8,7804,exact-open-set-id-v2,1788212554096879136,127,127,2049,16464,1b46719b0f3e6d9e778b9d8dd0ee3c4bc1119e0240952821ecfea208ee2b62ac,5.943,
20,primary_genuine,15,1010,genuine,0,-156,15,1010,1,True,15,16,True,15,16,digiface-15-1010,False,,6.192,0.49,32840,87f29d07c1e40e65084dc7b43e386149dba43011270df66ad101eba0f53dd3a4,19140.75,19139.3,7804,exact-open-set-id-v2,1788212554096879136,127,127,2049,16464,4838a47aa654539af57fa2f3622ad92977d45f18bdb86c854803029d77a56d05,6.451,
21,primary_genuine,16,1011,genuine,0,-408,16,1011,1,True,16,17,True,16,17,digiface-16-1011,False,,6.094,0.49,32840,2e213f6b7016193d307b1c169f08cd64afe5e34c68d58026383557c4d9e8f79c,18471.064,18470.0,7804,exact-open-set-id-v2,1788212554096879136,127,127,2049,16464,770bfe5a505590e2e9f3fcbdb18e6b3a0aaad3184012d0b34067b3ba1728957a,6.318,
22,primary_genuine,17,1012,genuine,0,-104,17,1012,2,True,17,18,True,17,18,digiface-17-1012,False,,7.081,0.45,32840,d4c241574179cf47d390426f7c93189387cc5a6e343f6ffa40d24a43680467a6,15963.621,15962.7,7804,exact-open-set-id-v2,1788212554096879136,127,127,2049,16464,f388872965579d803915d5a9ec9c45f67540593daf8a6001474cacd309e04b6d,6.13,
23,primary_genuine,18,1013,genuine,0,-304,18,1013,1,True,18,19,True,18,19,digiface-18-1013,False,,6.046,0.44,32840,c178060b423158cfc7e0e46889227e98d67c7c5e2b1afeb447e6739a5709e32b,15176.302,15175.4,7804,exact-open-set-id-v2,1788212554096879136,127,127,2049,16464,7c6341e4b207672115efda379512d0e5b0c93e6cba5880281950c03b1ce11637,6.262,
24,primary_genuine,19,1014,genuine,0,-281,19,1014,1,True,19,20,True,19,20,digiface-19-1014,False,,6.667,0.55,32840,54ce1f0e97d59a996c581335b08804317352c70d93536d184658d86fe03381e7,15222.929,15222.1,7804,exact-open-set-id-v2,1788212554096879136,127,127,2049,16464,124ba590b4bd1ae8f3656c1a115f9446c0d98ef6b0882c3bcc4b53f5b1b76f8e,7.148,
25,primary_genuine,20,1015,genuine,0,-356,20,1015,1,True,20,21,True,20,21,digiface-20-1015,False,,5.85,0.48,32840,4b9805a46bda1a44d640c84ecbaa5106a18f9d81968f04a5eb17522dc4fe3a38,15568.714,15567.8,7804,exact-open-set-id-v2,1788212554096879136,127,127,2049,16464,2712609604eaf9a6898f33ed16aa1c768c445451bb66e5799a6f84a5253d6b55,6.389,
26,primary_genuine,21,1016,genuine,0,-342,21,1016,1,True,21,22,True,21,22,digiface-21-1016,False,,5.684,0.44,32840,334884900f76115edf2b58a20837dd9f78a3e7009183efe957d71786c9390d93,16214.867,16214.1,7804,exact-open-set-id-v2,1788212554096879136,127,127,2049,16464,ee56414e935da875203983b24d7326551ef15ba922caa5530d8aca2b64bab9fe,6.48,
27,primary_genuine,22,1017,genuine,0,-99,22,1017,1,True,22,23,True,22,23,digiface-22-1017,False,,5.42,0.48,32840,5956d99638943e2c8bc725eebc26dc7a58976ff4095db43d79d08d0c48b09fae,15848.368,15847.7,7804,exact-open-set-id-v2,1788212554096879136,127,127,2049,16464,23a26d58d96c9c4833ff2955a412d6fd154d12242edbae95d693dafbf7641be4,5.988,
28,primary_genuine,23,1018,genuine,0,-246,23,1018,1,True,23,24,True,23,24,digiface-23-1018,False,,6.455,0.5,32840,00693a2c70c7762f512a77b9b579f692bce5fc49a817c2cde8f138351a7b4aab,14942.262,14941.3,7804,exact-open-set-id-v2,1788212554096879136,127,127,2049,16464,4ba6ce5a90fa0111e05e3150206245adb277736c618ad0e05f3ebc5123cdc61a,6.257,
29,primary_genuine,24,1019,genuine,0,-367,24,1019,1,True,24,25,True,24,25,digiface-24-1019,False,,5.36,0.49,32840,b2b5843eb9e1b27ab543d9169b08b7e63bba3010d6aeac3b636404aecf8eb923,15348.109,15347.2,7804,exact-open-set-id-v2,1788212554096879136,127,127,2049,16464,a2c876d1c9d43f40f47302958f41e577268ade353848b17328ff3f0aee8ce5e2,5.931,
30,primary_genuine,25,102,genuine,0,-321,25,102,1,True,25,26,True,25,26,digiface-25-102,False,,5.465,0.45,32840,6ba855fb437e9d89c9596e0f5b90c70a31424e66469b6bbfaac9e0c96da163d3,14494.724,14493.9,7804,exact-open-set-id-v2,1788212554096879136,127,127,2049,16464,1ecedbe1874ed77e6616dc3619cc45cee3eca0533f75b6d3ef8352710347f2c1,6.715,
31,primary_genuine,26,1020,genuine,0,-410,26,1020,1,True,26,27,True,26,27,digiface-26-1020,False,,5.931,0.44,32840,898b03f4be148dbac7a2708616c4d1ea31216f4e0a3388ecfbfa9bf8280abe65,17792.756,17791.6,7804,exact-open-set-id-v2,1788212554096879136,127,127,2049,16464,c6af94fac437e688e1dd8562ab89948cc9d27b3f020e4beca28f8212d1380e54,5.743,
32,primary_genuine,27,1021,genuine,0,-264,27,1021,1,True,27,28,True,27,28,digiface-27-1021,False,,5.96,0.44,32840,2fa6054ab1c3ced9cf7c8f5228a2ba824b4bc23a75ff770e4a89a0f938471792,16303.448,16302.3,7804,exact-open-set-id-v2,1788212554096879136,127,127,2049,16464,4e0e7f3d2dadbaa3534dabd9cb9befa67fede1cb7f788a10ed89e7781d7102b2,6.584,
33,primary_genuine,28,1022,genuine,0,-320,28,1022,1,True,28,29,True,28,29,digiface-28-1022,False,,6.328,0.46,32840,9091f1c6a3ac49c25f238335dab7d40b9b4d1a653be5f6e345d71e2918ecda11,17754.803,17753.8,7804,exact-open-set-id-v2,1788212554096879136,127,127,2049,16464,7782a7b4c69fc137d35fbfeaf9d989b3b5d162547de6a15ba22a125f31cc51ca,17.709,
34,primary_genuine,29,1023,genuine,0,-303,29,1023,1,True,29,30,True,29,30,digiface-29-1023,False,,7.795,1.16,32840,8a1a74fb76ed322ff989b1fa60eb688f2739e6efb816039f84bcd34968595682,15975.003,15973.3,7804,exact-open-set-id-v2,1788212554096879136,127,127,2049,16464,8c781b3c78ba7056a236578a89e40ac3a200d47cbee523a8761aeab5d4fc7e07,10.772,
35,primary_genuine,30,1024,genuine,0,-178,30,1024,1,True,30,31,True,30,31,digiface-30-1024,False,,11.14,1.1,32840,2e192956a01c4b6b4b79328028966b033049844b361b418e2abeb72b1523c263,22268.09,22263.4,7804,exact-open-set-id-v2,1788212554096879136,127,127,2049,16464,dc67f935e2751bb6a408353df9e3a01c0677b325fba0a645025c9dbfc334ffd0,8.935,
36,primary_genuine,31,1025,genuine,0,-159,31,1025,1,True,31,32,True,31,32,digiface-31-1025,False,,6.078,0.44,32840,89a18afe8a1c6394a81604088f8a12fb0af9c89468a0b78a45b522efa51e773c,18391.756,18390.4,7804,exact-open-set-id-v2,1788212554096879136,127,127,2049,16464,cb7cf58a90acdf14d310bff564e5e2c4e3282dfccf4f3252549bd67f9ae7e44c,6.152,
37,primary_genuine,32,1026,genuine,0,-263,32,1026,1,True,32,33,True,32,33,digiface-32-1026,False,,5.829,0.46,32840,7e6bf5435038a8e10e62dba65607b02ddc1d7b56b3905fcf1cdcd0d5fdf391e3,16739.318,16737.8,7804,exact-open-set-id-v2,1788212554096879136,127,127,2049,16464,2c1a1df7db2bf3c30431888b7f961fc330993f08f978edc61419f528420f2131,6.044,
38,primary_genuine,33,1027,genuine,0,-270,33,1027,1,True,33,34,True,33,34,digiface-33-1027,False,,6.372,0.48,32840,d172d1583187a7b2f6cada27e23068ae054ac5943d844d28f8407668855245f1,16805.093,16803.8,7804,exact-open-set-id-v2,1788212554096879136,127,127,2049,16464,88cbd5b7a9f23241c706bcd0f38c15161582acb1ff21372cc41d346fc3fd69ba,8.439,
39,primary_genuine,34,1028,genuine,0,-337,34,1028,1,True,34,35,True,34,35,digiface-34-1028,False,,5.487,0.54,32840,62d0f8d5a6618039fc6e9591c8fb60c3609a6c5bb7a3cc875928d3cf1b5b1571,16044.333,16043.5,7804,exact-open-set-id-v2,1788212554096879136,127,127,2049,16464,1ae7bd19eafb4d834e5a6e066e744f40db75c25e7f24b08861ff4f8941cd04c6,6.817,
40,primary_genuine,35,1029,genuine,0,-254,35,1029,1,True,35,36,True,35,36,digiface-35-1029,False,,6.911,0.47,32840,61891762b67a637b5b7aa6458658874e45dc01fb66cb16d06230b64d919c425d,17621.15,17620.3,7804,exact-open-set-id-v2,1788212554096879136,127,127,2049,16464,0e5fef0aa3f24398f37e4a355d051df0ea020cb4e9327123eae550c5f05d8c36,6.047,
41,primary_genuine,36,103,genuine,0,-340,36,103,1,True,36,37,True,36,37,digiface-36-103,False,,6.149,0.44,32840,916888cbcdd7cbd5e782a185134674edd23b2226467c81ca57c548931a2850ea,19337.406,19336.1,7804,exact-open-set-id-v2,1788212554096879136,127,127,2049,16464,ca33bdfabbf32e973de92e1f67ce3c513fc2ba84745fe6655bf5347c9e52d600,7.418,
42,primary_genuine,37,1030,genuine,0,-225,37,1030,1,True,37,38,True,37,38,digiface-37-1030,False,,6.373,0.5,32840,27f8c9b9b1d2f965c0a5cfcf93ece640959f30df3583056ddf5dfacd4967f210,15822.989,15821.9,7804,exact-open-set-id-v2,1788212554096879136,127,127,2049,16464,1a192c31c223cdd82d8ab3394be49d8aa8da78594ad35c2e4d49cf85dab0fdc3,6.687,
43,primary_genuine,38,1031,genuine,0,-261,38,1031,1,True,38,39,True,38,39,digiface-38-1031,False,,5.344,0.43,32840,e7932196d422d857e95255186fc3ba82fe3fc65487eab4c4a247bdd82b3c4e11,16897.485,16896.5,7804,exact-open-set-id-v2,1788212554096879136,127,127,2049,16464,6f800b4e5943e240a3c0250f82e8525ff1a0f65e742a5f08d5948dd95d3535f5,7.498,
44,primary_genuine,39,1032,genuine,0,-434,39,1032,1,True,39,40,True,39,40,digiface-39-1032,False,,5.482,0.48,32840,37c5a92c9bad09c77d335ecfe639bf89034aaba8f85ef5aa3a985bf7ba3f353f,15211.266,15210.1,7804,exact-open-set-id-v2,1788212554096879136,127,127,2049,16464,7d3a88d9219a4c8bb00d751d7ddd0586e538963b7033ef29f86abba68b2898d0,6.711,
45,primary_genuine,40,1033,genuine,0,-291,40,1033,1,True,40,41,True,40,41,digiface-40-1033,False,,5.778,0.47,32840,f17d3fcd677313eb9cd0f0ff103a5e27f4e210630040b33d60d26e7e9bf68530,16624.313,16623.3,7804,exact-open-set-id-v2,1788212554096879136,127,127,2049,16464,dff973fd554f74501bd4ad5c0b5920cac678b0c27c666765c0075920a75389a4,6.506,
46,primary_genuine,41,1034,genuine,0,-256,41,1034,1,True,41,42,True,41,42,digiface-41-1034,False,,5.587,0.44,32840,598bab45be1f13ab0902137f94c9925a196c8173aecec7d39b56a5f852dee959,16791.77,16790.7,7804,exact-open-set-id-v2,1788212554096879136,127,127,2049,16464,83e2d047e77e171f593aa969e10fb2bc591e78100388e1ada623ed6e8e1ca39b,7.264,
47,primary_genuine,42,1035,genuine,0,-390,42,1035,1,True,42,43,True,42,43,digiface-42-1035,False,,5.977,0.45,32840,1977ae6a898f39bc6bd97840d2f18df2055dcc33d8202264a5da42b8596d96e2,17829.265,17828.4,7804,exact-open-set-id-v2,1788212554096879136,127,127,2049,16464,0282acc977899b0f345d1fd076e36051479c8daf66a19579d0d65823f39848e1,6.039,
48,primary_genuine,43,1036,genuine,0,-271,43,1036,1,True,43,44,True,43,44,digiface-43-1036,False,,6.358,0.51,32840,875b1fc22027cd09c16a4074c913d3133ac6e17484e97d78d45297621b15ced3,21279.62,21277.8,7804,exact-open-set-id-v2,1788212554096879136,127,127,2049,16464,784d214a6b7a98915bbf2e4f95c55bd457b32a1819bd3aad4cd7f50f8a1f23b6,7.078,
49,primary_genuine,44,1037,genuine,0,-241,44,1037,1,True,44,45,True,44,45,digiface-44-1037,False,,9.074,0.51,32840,b63d25624cf603082582c647ef30cf4cd7fc80d6147b2d5baf5a4e51d3d78786,19736.257,19734.9,7804,exact-open-set-id-v2,1788212554096879136,127,127,2049,16464,5eac69fe6c5fcffeb899d37aab2ed7c382c5b2bbcc929a159805b8c8c18761a8,8.478,
50,primary_genuine,45,1038,genuine,0,-291,45,1038,1,True,45,46,True,45,46,digiface-45-1038,False,,6.501,0.46,32840,d925a9192e56a88f4cc9427f2f042f9147c5c5c4b225afc1745e870d3f4289af,19235.758,19234.7,7804,exact-open-set-id-v2,1788212554096879136,127,127,2049,16464,a3d2a3349051c5db668124d60ce529eadbf2aff742dcb46c10a753f46e4feeb6,6.558,
51,primary_genuine,46,1039,genuine,0,-320,46,1039,1,True,46,47,True,46,47,digiface-46-1039,False,,6.552,0.61,32840,cce8215e9df7e3b10407c837b674f1d2cb90485a73a1cc46cc49840511752c71,19145.656,19144.5,7804,exact-open-set-id-v2,1788212554096879136,127,127,2049,16464,e6b71cfc1e6ce53aa134abbafdf18447cd5edc4b1b9ca2c1b6b80b39280526dc,6.917,
52,primary_genuine,47,104,genuine,0,-320,47,104,1,True,47,48,True,47,48,digiface-47-104,False,,8.937,0.48,32840,32654862a042cffe49d55e047f79d3106cbdc0cc24397912f2d0c279b34928ac,16813.638,16812.8,7804,exact-open-set-id-v2,1788212554096879136,127,127,2049,16464,8badde094f3107f2afbaeb1a91b33f74fa8ed47614ad11efdbd795504f1ecd74,11.724,
53,primary_genuine,48,1040,genuine,0,-166,48,1040,1,True,48,49,True,48,49,digiface-48-1040,False,,6.345,0.49,32840,a16f1b5705bc7833f84d86fac691f2f32761c8c56d2a91d0b48193bac91776dd,17236.022,17235.1,7804,exact-open-set-id-v2,1788212554096879136,127,127,2049,16464,441a88fee07d2cd90310a80a8bd86e60c5220c8425233e2651b3665fd8e64e97,5.933,
54,primary_genuine,49,1041,genuine,0,-14,49,1041,1,True,49,50,True,49,50,digiface-49-1041,False,,5.542,0.47,32840,1de69aeb75f3c3d2ab9599034de0a662734660f72acadbeb26a403a7dd864dbc,16594.485,16593.2,7804,exact-open-set-id-v2,1788212554096879136,127,127,2049,16464,470463f72a37af3823b4be195811151ba9588b254683839b1248b658a1d99603,7.283,
55,primary_genuine,50,1042,genuine,0,-372,50,1042,1,True,50,51,True,50,51,digiface-50-1042,False,,14.938,2.01,32840,355d529a26c520b79f2785dc1becfdfef642c2e850b08f823c8004f07c9462af,15239.913,15238.6,7804,exact-open-set-id-v2,1788212554096879136,127,127,2049,16464,4fa5f8370c697c844d8bc247dd1021d909e782b37bbb4e3619bad30ec4b1524b,5.939,
56,primary_genuine,51,1043,genuine,0,-369,51,1043,1,True,51,52,True,51,52,digiface-51-1043,False,,5.73,0.44,32840,686041b657c710b67f3737a78be9ca51ea946e0ff7e568b0d76cccc1ec2f6974,13639.611,13638.9,7804,exact-open-set-id-v2,1788212554096879136,127,127,2049,16464,b1b7dfb7ce4363114e9775a35a2df89bc44d26706afecdefb059a74a2733527d,6.427,
57,primary_genuine,52,1044,genuine,0,-301,52,1044,1,True,52,53,True,52,53,digiface-52-1044,False,,5.852,0.48,32840,b452738b1d7e931fd6dd0b116244722eddf404c1cf3bd98b982b11ed0afae2ec,13843.33,13842.6,7804,exact-open-set-id-v2,1788212554096879136,127,127,2049,16464,8936c6cda52a349f0041073f3a33ac6b83d11ba08c55cbfcf7ee8ff92d349b16,6.195,
58,primary_genuine,53,1045,genuine,0,-305,53,1045,1,True,53,54,True,53,54,digiface-53-1045,False,,5.607,0.42,32840,dc7485e82a75feed2ac6e61c0d1cd66b08afcbf9d45a90cacc2d42e47f4ab72d,13690.376,13689.7,7804,exact-open-set-id-v2,1788212554096879136,127,127,2049,16464,2f9efdc98ad36c93f4d87caa28039171cbf3a9e2b6828e72a0252d815284d7bd,5.545,
59,primary_genuine,54,1046,genuine,0,-376,54,1046,1,True,54,55,True,54,55,digiface-54-1046,False,,5.494,0.47,32840,ebf00ada2b9a5e45bbc1fc673f47f254ccbad47e4025534e0cc0183c5480d26f,14356.163,14355.4,7804,exact-open-set-id-v2,1788212554096879136,127,127,2049,16464,8b684de7bc1ae8b607d3cd47347940dfc13041d54972976b6f263d8aa13d8a47,5.601,
60,primary_genuine,55,1047,genuine,0,-374,55,1047,1,True,55,56,True,55,56,digiface-55-1047,False,,6.199,0.55,32840,d9143f7de2a1d7323e86d5089b351dc17d241cc10b4a4a6f25314b8f4df4311f,13763.471,13762.9,7804,exact-open-set-id-v2,1788212554096879136,127,127,2049,16464,dece63d34c72d0e2100a4b2455e8ff4d45205cf222999d040bfe1eeee5e1f0aa,6.166,
61,primary_genuine,56,1048,genuine,0,-373,56,1048,1,True,56,57,True,56,57,digiface-56-1048,False,,5.53,0.39,32840,90a62e2f86bc308007d17696620a2db15186faf67056b3455d4307363b9fb4f5,13639.3,13638.6,7804,exact-open-set-id-v2,1788212554096879136,127,127,2049,16464,67752ca6ec72b3f8712774cd8f567fffa92a6cd863b41e4d4c43bdebf729f018,9.249,
62,primary_genuine,57,1049,genuine,0,-46,57,1049,1,True,57,58,True,57,58,digiface-57-1049,False,,6.226,0.43,32840,1f1fc15a885f136d6033309f14559a39d4b68053c0019bda412e3aec9d30dc1c,14626.727,14626.1,7804,exact-open-set-id-v2,1788212554096879136,127,127,2049,16464,34be794b695ca5ed4a6ba6eb2e956f753736ce8fd87989c8bb22c1fd004e1422,5.819,
63,primary_genuine,58,105,genuine,0,-359,58,105,1,True,58,59,True,58,59,digiface-58-105,False,,5.719,0.44,32840,49fa610f466a936d7050b88c37657b9eda31a9517cb7b32255467d8e41cb94c2,15175.793,15174.6,7804,exact-open-set-id-v2,1788212554096879136,127,127,2049,16464,1b3eaa5f17e2280fc1b401dfe24acbd95bc4fe910a001ca46251e0a5cd8ae5f2,7.612,
64,primary_genuine,59,1050,genuine,0,-299,59,1050,1,True,59,60,True,59,60,digiface-59-1050,False,,8.195,0.56,32840,f060e40620a0d80b5e880bd3af738a851e99accc31344efe048655b2961274c5,15887.875,15886.9,7804,exact-open-set-id-v2,1788212554096879136,127,127,2049,16464,f388b53322de2a37d5ff16e3f3928cfd250078123577c00ec0fa4dcbdd0a4ed0,6.955,
65,primary_genuine,60,1051,genuine,0,-372,60,1051,1,True,60,61,True,60,61,digiface-60-1051,False,,6.056,0.45,32840,8be4532bcc547f49f477589bcc6579fdec55f9bc2dcb490aeee14a404f45d98c,15141.681,15140.4,7804,exact-open-set-id-v2,1788212554096879136,127,127,2049,16464,878bd3fbcc5980c6b466bccaec27efc0c5aecd57bf06eedda2bd0f1df9a96163,6.747,
66,primary_genuine,61,1052,genuine,0,-348,61,1052,1,True,61,62,True,61,62,digiface-61-1052,False,,6.465,0.46,32840,1af5274b8854ac73cb762124cfa193b8b7a3846b16a3e53fa30f290192c15f72,14520.292,14519.2,7804,exact-open-set-id-v2,1788212554096879136,127,127,2049,16464,e6bd071112db603b9908bbd1bea766eed50a911176b66b41f93a823a7b034ff8,5.772,
67,primary_genuine,62,1053,genuine,0,-392,62,1053,1,True,62,63,True,62,63,digiface-62-1053,False,,5.105,0.41,32840,f540a8408430b6a095bfaab5e2a2b2cb981559d0d49beeb3aa0eaddfa77c9af7,16649.348,16648.1,7804,exact-open-set-id-v2,1788212554096879136,127,127,2049,16464,9fc4c13f40a3189c7a50bd20883e7e91fea2eb5f77be07bc3234d595f39de5f4,11.069,
68,primary_genuine,63,1054,genuine,0,-281,63,1054,1,True,63,64,True,63,64,digiface-63-1054,False,,8.438,0.46,32840,bfac91baec66c7f820dd1104a0b44a6cc3f1e9c5e2e8c22a05a323d8b4101e5b,15353.44,15352.4,7804,exact-open-set-id-v2,1788212554096879136,127,127,2049,16464,7c06c462db100e3b0a8dbb7f6ef56e44fbd9ae4ede16f21750ddb622625843ef,5.982,
69,primary_genuine,64,1055,genuine,0,-349,64,1055,1,True,64,65,True,64,65,digiface-64-1055,False,,5.732,0.46,32840,94e432f9dd3e4c0ac1e7c1ac3cf75526577441e988a4fb537bd12641ea7f50e3,18249.446,18247.9,7804,exact-open-set-id-v2,1788212554096879136,127,127,2049,16464,52857f1f77ddd88e59263cdfcf92c6763618f1043558f5f7b26c61b99afddc37,5.652,
70,primary_genuine,65,1056,genuine,0,-181,65,1056,1,True,65,66,True,65,66,digiface-65-1056,False,,6.327,0.43,32840,9c0cc732509a10347cc2b20187e1dacf556da090f3fc92cc68c2cccf244c9f4f,18538.554,18537.4,7804,exact-open-set-id-v2,1788212554096879136,127,127,2049,16464,7f7528ba3aa0cce54cf1ac7a72dfb8f466cb3802c2f87a061b2a2fc51e65e855,7.112,
71,primary_genuine,66,1057,genuine,0,-331,66,1057,1,True,66,67,True,66,67,digiface-66-1057,False,,8.814,1.16,32840,7ba5065aba0309616a8b2f0e53f6761037774c95e2c16953f4adaa06e2a9d856,16963.294,16962.4,7804,exact-open-set-id-v2,1788212554096879136,127,127,2049,16464,2237989ef1c61b458215cef51226e1b82e25fe4041332bed8b5be7f8d2d18e1d,6.253,
72,primary_genuine,67,1058,genuine,0,-233,67,1058,1,True,67,68,True,67,68,digiface-67-1058,False,,6.377,0.5,32840,e1c0a6b047ad1285c3ae7da1c75bf31b39b83270bf9febb477f2c45bbff17bec,15948.82,15947.7,7804,exact-open-set-id-v2,1788212554096879136,127,127,2049,16464,dd6fb0a9d9582d94a5f581220986b9c5b382438b9f88e804444df146b4522423,6.076,
73,primary_genuine,68,1059,genuine,0,-341,68,1059,1,True,68,69,True,68,69,digiface-68-1059,False,,6.686,0.58,32840,815837d246b34a3ec135ebbff4a68b0e445af83e0d6e5df237c4868623be573c,18009.413,18008.3,7804,exact-open-set-id-v2,1788212554096879136,127,127,2049,16464,b83a3399143e104bb54a1543b4f058666b57de7c1e888ec77033e8c82789cb1b,5.801,
74,primary_genuine,69,106,genuine,0,-126,69,106,1,True,69,70,True,69,70,digiface-69-106,False,,5.626,0.45,32840,de26b6e816340bcf5fe5e0baef5a377d0f842cd37a67d67b261b35bc3f2249b0,16916.66,16915.6,7804,exact-open-set-id-v2,1788212554096879136,127,127,2049,16464,7d96714f8618da3cdce2e4efcad0ee5f49ec0156ad4f8a086d0ad1c5c20dddc4,5.748,
75,primary_genuine,70,1060,genuine,0,-384,70,1060,1,True,70,71,True,70,71,digiface-70-1060,False,,6.369,0.68,32840,b2b23ee53142edf38ceda38cfcae3a13c412e33a0c94d8f1744e55aebce17d35,16504.751,16503.5,7804,exact-open-set-id-v2,1788212554096879136,127,127,2049,16464,d57903ddd82bfb62e9e6bbe786a6f8fbb8c234f4147ebc0d3e383aef213996dd,6.806,
76,primary_genuine,71,1061,genuine,0,-294,71,1061,1,True,71,72,True,71,72,digiface-71-1061,False,,5.71,0.42,32840,938f4225cbffe6df4fad3032921cbc9ef3ddfa44c828394094a2a809d685fa73,16756.149,16755.3,7804,exact-open-set-id-v2,1788212554096879136,127,127,2049,16464,244dea681ee173751b2f7538b42f7b0f661e935973fc92dfc1351b0478fcf6b7,5.977,
77,primary_genuine,72,1062,genuine,0,-242,72,1062,1,True,72,73,True,72,73,digiface-72-1062,False,,5.369,0.42,32840,a4048767fb901248d754881fb854f76217296de56d9473eb55f82c5344a3d59b,17070.799,17070.0,7804,exact-open-set-id-v2,1788212554096879136,127,127,2049,16464,370be91c20552da6cd8abb0a01bbd320c3269c08e4e49fc5c93e5c1624331b9f,6.06,
78,primary_genuine,73,1063,genuine,0,-223,73,1063,1,True,73,74,True,73,74,digiface-73-1063,False,,6.613,0.96,32840,f0e79f78ed9067e993e89886015f73c3727f5aed68d3ded93d4d897b33f8ae09,21094.892,21093.9,7804,exact-open-set-id-v2,1788212554096879136,127,127,2049,16464,a5f614a428af72dd7bd843cb0136af05d61fb675a59681116c3f297058854743,6.827,
79,primary_genuine,74,1064,genuine,0,-339,74,1064,1,True,74,75,True,74,75,digiface-74-1064,False,,6.072,0.5,32840,0cb315c2b0abf9f93a804ebe4578a154107ef8cbe291fa310ab3cac751724466,15878.121,15876.9,7804,exact-open-set-id-v2,1788212554096879136,127,127,2049,16464,c4e741b26c2ea59ebb172735bf7576333023b39cb8635a0ae6abf98963bfa242,5.973,
80,primary_genuine,75,1065,genuine,0,-89,75,1065,1,True,75,76,True,75,76,digiface-75-1065,False,,8.685,0.53,32840,149ce80aa1938c3f22ab7eeaea1d045597cd3ad9188fac73c7d9b6f44a99bf82,17163.137,17162.3,7804,exact-open-set-id-v2,1788212554096879136,127,127,2049,16464,eb1a9640d81b77b94de186d07b3b3ff1774d254a08aecef9ee19b353409e0e1d,6.814,
81,primary_genuine,76,1066,genuine,0,-311,76,1066,1,True,76,77,True,76,77,digiface-76-1066,False,,5.926,0.47,32840,daa2808fb45641ef3fac289a1012d656253c976f7811c8792e7d856a863e3e18,14395.372,14394.5,7804,exact-open-set-id-v2,1788212554096879136,127,127,2049,16464,e9a2cdbcdfb17fb39bf6d05d3e9323021e58117e27b4d05acf0e99239bb0a771,5.864,
82,primary_genuine,77,1067,genuine,0,-206,77,1067,1,True,77,78,True,77,78,digiface-77-1067,False,,5.834,0.47,32840,4a0f7d70feae28b751e662130afb3687aae17d7391618dbed7423bd79074de24,14752.669,14751.8,7804,exact-open-set-id-v2,1788212554096879136,127,127,2049,16464,a9e9e220a7f0dddc372ba36d33b9bf6c198125e6c9490c8d36b1e80b2f8f5713,6.219,
83,primary_genuine,78,1068,genuine,0,-259,78,1068,1,True,78,79,True,78,79,digiface-78-1068,False,,6.051,0.43,32840,88cc9e859323d2ce42942cf61ff77b0557851c74ef6671262ef104c4087a1853,13675.126,13674.4,7804,exact-open-set-id-v2,1788212554096879136,127,127,2049,16464,f4bc0e998b95d1425bbe1e4125a94678fa54c45e517c4f18de50375ba49cb892,5.973,
84,primary_genuine,79,1069,genuine,0,-298,79,1069,1,True,79,80,True,79,80,digiface-79-1069,False,,5.492,0.42,32840,7922590b41d0fbdc8d0d17812a76ee3d97a93652849b790ba09cf6ca4fcdb175,14003.225,14002.6,7804,exact-open-set-id-v2,1788212554096879136,127,127,2049,16464,2daf25245ef8223f31310467b32cfb75048cef5a0e43c402e21a9df25d938b1c,6.386,
85,primary_genuine,80,107,genuine,0,-428,80,107,1,True,80,81,True,80,81,digiface-80-107,False,,6.569,0.46,32840,0b089f67e32817a098db216eba912dc118d8e7657c79e7c28a5c4463ed4541a7,15113.41,15112.6,7804,exact-open-set-id-v2,1788212554096879136,127,127,2049,16464,2c9c5e4959bafc18b479fcbf64c8f7869c1ac38870d7b5612b4f1fac478c0384,7.185,
86,primary_genuine,81,1070,genuine,0,-357,81,1070,1,True,81,82,True,81,82,digiface-81-1070,False,,8.517,0.47,32840,f8547a9cc8cc01ddea4397aa9cf3d6087d2cfe73dab6219ae9dd042918ff5ab2,14765.436,14764.6,7804,exact-open-set-id-v2,1788212554096879136,127,127,2049,16464,c83fda87ad8dac547149ea670bf44e1d716edfc66fb6210274be84b9080ec42c,5.999,
87,primary_genuine,82,1071,genuine,0,-291,82,1071,1,True,82,83,True,82,83,digiface-82-1071,False,,6.904,0.49,32840,179ee7a3a8701f5cd4f6deb9c4a0ceaa71602fbabcd434ded9d413e2b3465d28,14378.637,14377.8,7804,exact-open-set-id-v2,1788212554096879136,127,127,2049,16464,eb509417b1f9948638d4cfa0d66f7ea598769fdd5c230b8385bc0da5d7c581b1,6.033,
88,primary_genuine,83,1072,genuine,0,-239,83,1072,1,True,83,84,True,83,84,digiface-83-1072,False,,5.458,0.51,32840,99718eddeffd568f3781ae2ac55d198b32915ce76c63766f92020028e9996eb4,15744.753,15743.9,7804,exact-open-set-id-v2,1788212554096879136,127,127,2049,16464,9532a63b7e5bed9d2ea00f8f469955f5ceb9d101cde84d7a0f5bd322d5bd4117,7.145,
89,primary_genuine,84,1073,genuine,0,-356,84,1073,1,True,84,85,True,84,85,digiface-84-1073,False,,6.31,0.45,32840,e5cd8061c3d933f7664c0d3b25a7027eb82a38b45fc8635b3b77ee5d04f305cc,15355.217,15354.5,7804,exact-open-set-id-v2,1788212554096879136,127,127,2049,16464,977d46066109111111a2ef632e2762a4113a885c4fbaa77afe050f0ae4992dcc,6.943,
90,primary_genuine,85,1074,genuine,0,-228,85,1074,1,True,85,86,True,85,86,digiface-85-1074,False,,6.514,0.55,32840,b77e1557ffafab99358d95f0193c926f2ce0aef643318b77aaa86a8213ebe89c,15558.856,15557.9,7804,exact-open-set-id-v2,1788212554096879136,127,127,2049,16464,ca7f049ad329a117e1da914ce51b19929c7b7891fb5763098f9c0d1547f4abda,6.075,
91,primary_genuine,86,1075,genuine,0,-251,86,1075,1,True,86,87,True,86,87,digiface-86-1075,False,,6.154,0.46,32840,7f6a0756de319d9f7d2df6f6c9ae247e242f0c51cb2c621ced2bbb21a468ab7f,14866.96,14866.2,7804,exact-open-set-id-v2,1788212554096879136,127,127,2049,16464,afe0a1a6c858093002e5646c2831def10fa0351d52b324f634a8e0d6568922bc,6.381,
92,primary_genuine,87,1076,genuine,0,-269,87,1076,1,True,87,88,True,87,88,digiface-87-1076,False,,5.031,0.44,32840,fb91caac099dc8eda1e9382e54c09c538b47bff1fdcb75cb4fa25ef1d45d2550,13885.808,13884.8,7804,exact-open-set-id-v2,1788212554096879136,127,127,2049,16464,ce9817680352324933eb148e057fedd637163a6a24acf3ffa76f205426da35b7,6.166,
93,primary_genuine,88,1077,genuine,0,-391,88,1077,1,True,88,89,True,88,89,digiface-88-1077,False,,4.833,0.46,32840,8b5eca9070d520f4d9611e6c88755d7f50a830224f6528473eb8f08da3b172a2,14303.807,14302.8,7804,exact-open-set-id-v2,1788212554096879136,127,127,2049,16464,e52501b369e2034a709db3cd26e9376a68d7f5853dfa9752cc8d6d0b74de20ec,6.172,
94,primary_genuine,89,1078,genuine,0,-257,89,1078,1,True,89,90,True,89,90,digiface-89-1078,False,,6.393,0.46,32840,2395f1418d0ce60f7269272b53d3de0f86c5251c8c154a3b6e002fceb4d8530f,16911.991,16909.6,7804,exact-open-set-id-v2,1788212554096879136,127,127,2049,16464,c3b2f05de313044e6702796045b4973413959d4d49d4c18af5c9fe32f4ab97a3,8.984,
95,primary_genuine,90,1079,genuine,0,-266,90,1079,1,True,90,91,True,90,91,digiface-90-1079,False,,5.495,0.45,32840,1f8f4de826835688df6f4bcf20ad1f207da061cbfe82103d5853b91caa20e2e3,15102.708,15101.7,7804,exact-open-set-id-v2,1788212554096879136,127,127,2049,16464,64c77ed53c7125792c7f9f2587b20a7ba5c5ba2c741c9f8f3cbd85a55253a49b,5.496,
96,primary_genuine,91,108,genuine,0,-329,91,108,1,True,91,92,True,91,92,digiface-91-108,False,,6.614,0.47,32840,8809baf2173375065c9718541ca876a69264a1d1d390e9a7ba75e7c1dfad6b65,13857.172,13856.3,7804,exact-open-set-id-v2,1788212554096879136,127,127,2049,16464,abf0f428319eaea167c5b8c840d7f2725d4b06958721d3187668ce6e223d5fc5,7.051,
97,primary_genuine,92,1080,genuine,0,-306,92,1080,1,True,92,93,True,92,93,digiface-92-1080,False,,6.056,0.46,32840,ae355af41c1d4ffb3664175d9b33a5c59ae0707a74d3437a99fbfc154590c62e,13967.238,13966.6,7804,exact-open-set-id-v2,1788212554096879136,127,127,2049,16464,5daa299762213f8816562d97699482b86cd5892d4d5d038cfd161294f49b925b,6.53,
98,primary_genuine,93,1081,genuine,0,-316,93,1081,1,True,93,94,True,93,94,digiface-93-1081,False,,5.37,0.4,32840,408bf01d2230a5cf7ad3ffa89b57ab91edc48cf3e411f47c149ea130da22f575,13945.318,13944.5,7804,exact-open-set-id-v2,1788212554096879136,127,127,2049,16464,b82a832048c18d6753d86366a15e6fad440271458cde8049cf40cbbebd9bcae9,5.987,
99,primary_genuine,94,1082,genuine,0,-116,94,1082,1,True,94,95,True,94,95,digiface-94-1082,False,,6.477,0.47,32840,80a1d2dcb0d5cef4b4a37f968a20e95d0205c3cd9659aa6530351884dc2a0d42,14476.725,14476.0,7804,exact-open-set-id-v2,1788212554096879136,127,127,2049,16464,3ce7f17d73b0f6a570b68a43446a7aae8401dbba52c94944a9e25eae6be3b4b1,5.845,
100,primary_genuine,95,1083,genuine,0,-367,95,1083,1,True,95,96,True,95,96,digiface-95-1083,False,,5.624,0.54,32840,e9778939908d3a521c71a0bca8514c9f115d6892d5be9dbc22d0e582a42267b3,13774.441,13773.7,7804,exact-open-set-id-v2,1788212554096879136,127,127,2049,16464,aeaf69ec437772b7967c67e08d79059730f885e4dd0e9d2f869b56fe71f441f8,5.051,
101,primary_genuine,96,1084,genuine,0,-377,96,1084,1,True,96,97,True,96,97,digiface-96-1084,False,,5.589,0.46,32840,c3a4a8b719e4df39421c5e5c8e563c8413507fc94ea734811eaef41302664ec1,14007.589,14006.8,7804,exact-open-set-id-v2,1788212554096879136,127,127,2049,16464,c01d46bff0db32f8c978175fe59128d5e6111bd97b9ecf91f7d088e802eb84b9,5.101,
102,primary_genuine,97,1085,genuine,0,-322,97,1085,1,True,97,98,True,97,98,digiface-97-1085,False,,6.12,0.49,32840,f4bed333e5756ecef1b2a43996cff7ac11c6bf24fd51a67e066792ab2974c132,14248.943,14248.3,7804,exact-open-set-id-v2,1788212554096879136,127,127,2049,16464,939fb9f4439a21eff4e3f2c8cc257b5fe8756eeff08afbc304dc0808a6e8550f,6.263,
103,primary_genuine,98,1086,genuine,0,-275,98,1086,1,True,98,99,True,98,99,digiface-98-1086,False,,5.714,0.42,32840,069113bac131a978484f194b967eb363abb1e5aad933c1399525d0031dbe8f29,14448.889,14448.1,7804,exact-open-set-id-v2,1788212554096879136,127,127,2049,16464,a75d48343042e39f6129359a18e38ff99cee22f87b55f0e810f826947018b06e,6.13,
104,primary_genuine,99,1087,genuine,0,-450,99,1087,1,True,99,100,True,99,100,digiface-99-1087,False,,5.481,0.49,32840,900607d05972e297585042d23b086c107ee7143d906429230c493148ce22b9f3,14342.111,14341.0,7804,exact-open-set-id-v2,1788212554096879136,127,127,2049,16464,5759a136a0ed0a7d787ab31c7cadc341681dab715cf6a996a86c50e341206cf3,8.427,
105,primary_genuine,100,1088,genuine,0,-328,100,1088,1,True,100,101,True,100,101,digiface-100-1088,False,,6.251,0.47,32840,7e5f7650810a157993e4b98a9716332b4c326ac4bf484ae816ca4b2573b39f44,13995.551,13994.8,7804,exact-open-set-id-v2,1788212554096879136,127,127,2049,16464,bc87177df9dba684f353ce372f58c1dce5d11a5a9c69161c33ac601e85306d68,6.148,
106,primary_genuine,101,1089,genuine,0,-388,101,1089,1,True,101,102,True,101,102,digiface-101-1089,False,,5.607,0.43,32840,cde1ab186535a77dba9b4f50c328960ac0ca263cbe8b91c72abdf2334992ef94,15243.865,15243.3,7804,exact-open-set-id-v2,1788212554096879136,127,127,2049,16464,529471756fcf96b304f1842cba926b75bb125f0e7288b236efdf07629dd39b08,6.692,
107,primary_genuine,102,109,genuine,0,-348,102,109,1,True,102,103,True,102,103,digiface-102-109,False,,5.629,0.42,32840,47b7bfe75792b4726f831c83872d7ea679a761abdb2977e5bb97e1fb6aefbec9,13855.567,13854.8,7804,exact-open-set-id-v2,1788212554096879136,127,127,2049,16464,08fa0f951eab67d9909cee97bc1fbea00e36e4e5e97b7d94950e4d28570cac20,6.411,
108,primary_genuine,103,1090,genuine,0,-114,103,1090,1,True,103,104,True,103,104,digiface-103-1090,False,,5.801,0.48,32840,71ca460d46a874d008bd4c3e677b9915d7f79efcdd3d20e922b689dfbe5bac14,14045.752,14045.0,7804,exact-open-set-id-v2,1788212554096879136,127,127,2049,16464,1048f3bc75bf00ba7f80ffb7c669d161b0c5cdb9fcb88d33fdd98bd0705c5b99,5.719,
109,primary_genuine,104,1091,genuine,0,-334,104,1091,1,True,104,105,True,104,105,digiface-104-1091,False,,6.363,0.47,32840,42a098084a08a5ab9b54a00d106a93e34556cc4eb77fe20efe91ac87eeb95c74,13881.916,13881.3,7804,exact-open-set-id-v2,1788212554096879136,127,127,2049,16464,9b2012e395f207b7a63ff341034aa1e75d887dd79a7de401cf7b8fb754e1ab12,6.436,
110,primary_genuine,105,1092,genuine,0,-354,105,1092,1,True,105,106,True,105,106,digiface-105-1092,False,,5.694,0.55,32840,990caf8fecb380403d14b7f219393ec816aab091251c6fac0c68c8bb59cc66aa,15128.401,15127.3,7804,exact-open-set-id-v2,1788212554096879136,127,127,2049,16464,bd539a8ccdc06842fb5c6dd87d16e9510b15693565846bf4f7bdce7a672f6e6e,6.844,
111,primary_genuine,106,1093,genuine,0,-229,106,1093,1,True,106,107,True,106,107,digiface-106-1093,False,,5.716,0.49,32840,04c41dd06c9023dbb6632e5c96c5ad6039aae4d12bf978bb74565517a1503b80,14874.409,14873.4,7804,exact-open-set-id-v2,1788212554096879136,127,127,2049,16464,a42e79cb1cd6b23a3dd4a1d022689e2a9c5ad2ccd02c4cc172e9b2e92dc07080,7.51,
112,primary_genuine,107,1094,genuine,0,-341,107,1094,1,True,107,108,True,107,108,digiface-107-1094,False,,5.721,0.47,32840,e1e8faa172c672c74cc5343ab4be7671986d454959229fecb841ceed264c2d89,14324.798,14323.8,7804,exact-open-set-id-v2,1788212554096879136,127,127,2049,16464,035c5898980b611df43f94d5c055235875077437deefe0b96dbc854dc307662f,8.651,
113,primary_genuine,108,1095,genuine,0,-217,108,1095,1,True,108,109,True,108,109,digiface-108-1095,False,,6.274,0.48,32840,5ddc894a43ab6abcd2590002044e5331e64e5a3df5c86b1992028051159f8cf2,14323.373,14320.8,7804,exact-open-set-id-v2,1788212554096879136,127,127,2049,16464,c508e1fb7e1677577403ab9c22a6d5ca48dd426f79d05243b45e421b5cf5bdc3,5.89,
114,primary_genuine,109,1096,genuine,0,-362,109,1096,1,True,109,110,True,109,110,digiface-109-1096,False,,5.878,0.5,32840,d95d5437214e00423ef66eb4ac26f2224d60fca5d993ca3a2c017db193d97340,14418.461,14416.7,7804,exact-open-set-id-v2,1788212554096879136,127,127,2049,16464,4abfd8b3c0649cad862f67fad2cc45d2db841cd13ce03c8b7d5cf2adea50c839,35.286,
115,primary_genuine,110,1097,genuine,0,-340,110,1097,1,True,110,111,True,110,111,digiface-110-1097,False,,16.133,0.72,32840,20fddf86cbb6413772201ba2fe88230c1a8820bbf05cd48ec1b1ffb70fb2234a,14738.718,14737.2,7804,exact-open-set-id-v2,1788212554096879136,127,127,2049,16464,1d7fc561e7f57ff1202f56ec077869c79a01170a8e449f13644abe0dfbd83d34,7.146,
116,primary_genuine,111,1098,genuine,0,-209,111,1098,1,True,111,112,True,111,112,digiface-111-1098,False,,8.809,0.53,32840,eda3eef1bc2f30ee5215625c484d6f53512028a26040ec2c3d78361b3fabc7a5,14189.866,14188.2,7804,exact-open-set-id-v2,1788212554096879136,127,127,2049,16464,72a833211ddd2857b9e633effde05e0dfaa7449da6d95fea290e1717f29cbe4e,6.147,
117,primary_genuine,112,1099,genuine,0,-315,112,1099,1,True,112,113,True,112,113,digiface-112-1099,False,,5.512,0.46,32840,2d383be99ed230cf01cbf081777fd12cf62653aec6c77dff5250bd560adc13c9,13978.338,13977.5,7804,exact-open-set-id-v2,1788212554096879136,127,127,2049,16464,73ee1bb1f870cc141f5065315ca518c2a2423d81047bd519e0348db77b0c57ce,5.741,
118,primary_genuine,113,11,genuine,0,-242,113,11,1,True,113,114,True,113,114,digiface-113-11,False,,5.765,0.47,32840,84323751d1fd66cde2e75b34bd9a2d8ef1c54d2c13aede2f1198fb4fc40c19f7,15251.604,15250.7,7804,exact-open-set-id-v2,1788212554096879136,127,127,2049,16464,775edcd9fd3131e725c411f438424c365b04f78ccbd417bebf488d5667ae2576,6.465,
119,primary_genuine,114,110,genuine,0,-357,114,110,1,True,114,115,True,114,115,digiface-114-110,False,,5.723,0.49,32840,0c5149bb0529612353a99496f139d7f249b681c804cffe07e8268e602951ba94,16088.25,16086.9,7804,exact-open-set-id-v2,1788212554096879136,127,127,2049,16464,261dbe2062922a629efcff05ba18bf98e2f140e1ebb520b1a5e45e44c5f7221a,7.319,
120,primary_genuine,115,1100,genuine,0,-298,115,1100,1,True,115,116,True,115,116,digiface-115-1100,False,,5.807,0.48,32840,635ef1ca05d5f75a1b5bea035fb94bcc64e0b2c44cf791c508aac723a1d5410e,19511.5,19509.8,7804,exact-open-set-id-v2,1788212554096879136,127,127,2049,16464,d7290dbdb271e5b9792aed75002409b75a7c7321be854d9990e04754a62bce99,6.189,
121,primary_genuine,116,1101,genuine,0,-375,116,1101,1,True,116,117,True,116,117,digiface-116-1101,False,,9.935,0.51,32840,14988a58dbb3019c2d4eadedac30b3aba510ec2387d3ec707e290f589b4f0324,16806.14,16805.3,7804,exact-open-set-id-v2,1788212554096879136,127,127,2049,16464,9e5060d0ac1b75115222ff0988b7e77585b906091675c2fd39e6df2ba74953bb,5.988,
122,primary_genuine,117,1102,genuine,0,-260,117,1102,1,True,117,118,True,117,118,digiface-117-1102,False,,5.476,0.46,32840,8f697070aac056f2ce1bb6ec7dec8c648f09f38bf07e511d3e1f3f031b8ba62e,17937.868,17937.0,7804,exact-open-set-id-v2,1788212554096879136,127,127,2049,16464,ed612c03c8fa5e47150ddb994608502ddf866ef005bd44ef3de23e9952d2cc7a,6.374,
123,primary_genuine,118,1103,genuine,0,-441,118,1103,1,True,118,119,True,118,119,digiface-118-1103,False,,5.38,0.49,32840,df25860a8044fe5e54713fabc6f77323ff90259fae30da12dffc05908799da2d,14687.824,14686.6,7804,exact-open-set-id-v2,1788212554096879136,127,127,2049,16464,a32d85b480dad422b6ae86ec8314cbbd6c6e253c49322730d6cdb82cdf8fdf5e,8.526,
124,primary_genuine,119,1104,genuine,0,-392,119,1104,1,True,119,120,True,119,120,digiface-119-1104,False,,6.138,0.44,32840,b2e5a7a73d3f55e747d3d7d60404c1dddb09375aed96e1b4f460419e7810b413,15506.572,15505.4,7804,exact-open-set-id-v2,1788212554096879136,127,127,2049,16464,c6ac51353b243bbfc1bf517592135631f11a1b5819a400ccfe918f7e2afe394f,6.113,
125,primary_genuine,120,1105,genuine,0,-141,120,1105,1,True,120,121,True,120,121,digiface-120-1105,False,,6.128,0.49,32840,855eed40f8a7b47f7699007ffff892492be24e88fa437d7aab4a9e05596a183e,15509.574,15508.5,7804,exact-open-set-id-v2,1788212554096879136,127,127,2049,16464,25f65c330c43c49b4d77a4bb6ca724e022a22ffcbb07d85bead119bdd6718a88,6.828,
126,primary_genuine,121,1106,genuine,0,-398,121,1106,1,True,121,122,True,121,122,digiface-121-1106,False,,6.162,0.49,32840,fa40de06e76e011d35eb8483299b371a7df9286739d01f8ea63e375b19d05c50,16999.953,16998.9,7804,exact-open-set-id-v2,1788212554096879136,127,127,2049,16464,465f4bcf8b08951623985e6fa0eb929b1ffa92ecd774a46731abd8a25ff32907,7.885,
127,primary_genuine,122,1107,genuine,0,-338,122,1107,1,True,122,123,True,122,123,digiface-122-1107,False,,5.832,0.43,32840,a072543331221cbdd29eb5f1ffc0887ad44863f195aca137ee4830070e99aea0,15257.959,15257.0,7804,exact-open-set-id-v2,1788212554096879136,127,127,2049,16464,f34c6d3b0b71270ddf69b48f61a0b7c7a995d98e06e9ba3066730c47a127e947,7.358,
128,primary_genuine,123,1108,genuine,0,-268,123,1108,1,True,123,124,True,123,124,digiface-123-1108,False,,6.088,0.45,32840,7e8de67d10464d3a47df923c7247477dfa5872f1029e15d9589c7ce62fc885d1,16885.778,16884.0,7804,exact-open-set-id-v2,1788212554096879136,127,127,2049,16464,293d6f7d8b0ac1c55840594543e71cb03e6ecefc2009dd0f8991e133a15779b4,13.083,
129,primary_genuine,124,1109,genuine,0,-318,124,1109,1,True,124,125,True,124,125,digiface-124-1109,False,,14.157,0.71,32840,2950bcb5339ac51ffe334d91ba93d320601ca00faee56c490263dc64e6958cba,20371.687,20370.3,7804,exact-open-set-id-v2,1788212554096879136,127,127,2049,16464,48636ea211a11ef4076fb3cdb7c3765accc1bbc51f211781a17c61cb4b08c6e9,7.579,
130,primary_genuine,125,111,genuine,0,-170,125,111,1,True,125,126,True,125,126,digiface-125-111,False,,6.016,0.48,32840,88819e43d187fd2dca48f5946b3da4a17ddc0d7e32d654ace80bbd0558381acd,18338.121,18336.9,7804,exact-open-set-id-v2,1788212554096879136,127,127,2049,16464,73aad62012c72b1345e6e2d8b5ec8825985d270a6dcaee6abaf60fdfcd24ed2d,5.915,
131,primary_genuine,126,1110,genuine,0,-338,126,1110,1,True,126,127,True,126,127,digiface-126-1110,False,,5.779,0.46,32840,3f178e2ca001c66d22ab0da66efbc7c5045e7f30867885a32ac335807f645c0e,17081.848,17080.8,7804,exact-open-set-id-v2,1788212554096879136,127,127,2049,16464,4dab601eaf5790dafcc62182baa7fc41e3745d307ddbb948de53fcbfd80d17ea,5.347,
132,primary_test_impostor,627,1562,primary_test_impostor,0,29,64,1055,0,False,,0,False,,0,,False,,4.555,0.43,32840,a5afcb8fbc898e33083e8ac87a6bf8ab8b685277004942fc985744a7874942c6,12928.564,12927.8,7804,exact-open-set-id-v2,1788212554096879136,127,127,2049,16464,7e3de83de7b05f8a5bfd0f23b94386daad4df38bc5f2877db261bf0b53a94ed0,5.505,
133,primary_test_impostor,628,1563,primary_test_impostor,0,251,112,1099,0,False,,0,False,,0,,False,,5.153,0.47,32840,e7d7cdd8ce959a5a5f4c6ced69b8ad668851e1d6e872386be2bc8c9dc93954ab,12334.949,12334.1,7804,exact-open-set-id-v2,1788212554096879136,127,127,2049,16464,ee300f63862fdc96034edc6b006025cc7fee2b9a58a699221fedcbd7928a05e2,5.308,
134,primary_test_impostor,629,1564,primary_test_impostor,0,234,77,1067,0,False,,0,False,,0,,False,,5.235,0.44,32840,875aa8c5fa1eea3dd4d92bc3a082de1db7f03b5e5a7bdf08e62a7550426c686e,11412.508,11411.8,7804,exact-open-set-id-v2,1788212554096879136,127,127,2049,16464,4cfb1df98196bdde2bc30c4711ba82452d75aaf7e1f3ceda24016bcd0c838b70,4.865,
135,primary_test_impostor,630,1565,primary_test_impostor,0,146,61,1052,0,False,,0,False,,0,,False,,4.702,0.41,32840,4b4466640eff93524190c1a12e1cfde64a9cbb5af45cc6b4dcf76160e5e86b06,10999.333,10998.7,7804,exact-open-set-id-v2,1788212554096879136,127,127,2049,16464,7b2eaf6fb24e98f19450a834c7bd1a3a970198650902e6caacd05ce1a531d528,5.227,
136,primary_test_impostor,631,1566,primary_test_impostor,0,178,97,1085,0,False,,0,False,,0,,False,,4.742,0.42,32840,6ac60720013f22d3e30ad244d641b305143e050214126787c847333f877ab88a,12485.169,12484.4,7804,exact-open-set-id-v2,1788212554096879136,127,127,2049,16464,9f7c8d3cb886dbd7e8450a1b63ba51f804717c286321cd8d1048b3414e52d6c7,5.464,
137,primary_test_impostor,632,1567,primary_test_impostor,0,183,98,1086,0,False,,0,False,,0,,False,,4.908,0.45,32840,436e5b5b57091845be9794aa7317fb49ae9346a6274306d893e53ad27562670f,12022.391,12021.7,7804,exact-open-set-id-v2,1788212554096879136,127,127,2049,16464,4de24691e1c41c5756aaa135a04f4e7cb7f2b953da5521021a8e5f1a05595ab4,5.287,
138,primary_test_impostor,633,1568,primary_test_impostor,0,114,97,1085,0,False,,0,False,,0,,False,,5.687,0.47,32840,e7e1576bbd131af49bb8d21abba78a7ce5382cfe267ea55e192dc9ad3531abf0,11885.088,11884.4,7804,exact-open-set-id-v2,1788212554096879136,127,127,2049,16464,69a121bbda75bbb3f6f7a1e9fb9bf16b51a41ed6ce013bca0605479f8b180887,5.245,
139,primary_test_impostor,634,1569,primary_test_impostor,0,127,65,1056,0,False,,0,False,,0,,False,,4.563,0.4,32840,c9d17d0c0e0d9935fd873a3586218031708193abf8384e01171fb9806b31ace8,11525.571,11524.9,7804,exact-open-set-id-v2,1788212554096879136,127,127,2049,16464,7f275bd2c6ce88d44e20bd85c93c977fb19c922480f75320684547fa011fecc2,5.358,
140,primary_test_impostor,635,157,primary_test_impostor,0,162,102,109,0,False,,0,False,,0,,False,,4.654,0.41,32840,cb806765d32ec6e18a6b258f00cfc0501b5f88b369653d33bcc9bf951a2319cf,11741.823,11741.1,7804,exact-open-set-id-v2,1788212554096879136,127,127,2049,16464,b72685acedb92faa407b6f372cb7b4ed3fe002eddc62de770216842853d883d2,5.166,
141,primary_test_impostor,636,1570,primary_test_impostor,0,230,16,1011,0,False,,0,False,,0,,False,,5.4,0.48,32840,625febf9ab7198ae037816255ea9f842612d66811c5ea512d927f2f650d986a7,11979.591,11978.9,7804,exact-open-set-id-v2,1788212554096879136,127,127,2049,16464,84214e95e2612fd2212951bd7bededc2c173bb35b6cfbba65a5ef90ad4098525,5.104,
142,primary_test_impostor,637,1571,primary_test_impostor,0,194,10,1006,0,False,,0,False,,0,,False,,4.747,0.43,32840,7352229fd208bd40b5c544b72c5f3a1b0726daae7e09aeaa75ec39e8543eb5f5,11603.48,11602.9,7804,exact-open-set-id-v2,1788212554096879136,127,127,2049,16464,fa72239b3d221ff51ab56d09c3a7eea68e0c27279a90c40292549603e37cbb8e,5.355,
143,primary_test_impostor,638,1572,primary_test_impostor,0,132,27,1021,0,False,,0,False,,0,,False,,4.575,0.43,32840,0c9fc77bd2adc6ea1f523722469a445e1ec9fa569c2ee18bdb6b25e55ec68925,12710.85,12710.1,7804,exact-open-set-id-v2,1788212554096879136,127,127,2049,16464,e159f9c8a9a50c20791a3bef45bf13a8ed762c22ded50034b0617e26b44e9b9f,6.022,
144,primary_test_impostor,639,1573,primary_test_impostor,0,119,34,1028,0,False,,0,False,,0,,False,,5.372,0.44,32840,57457b8e4cf7ab4f13d2929bc9ab9b9d1d03d70bb807b214bc4e15c529b1df61,13357.387,13356.6,7804,exact-open-set-id-v2,1788212554096879136,127,127,2049,16464,d4ce784d8186b6d2499710ad9892e88caa45ed4c252de07762c9f003c36e7588,5.988,
145,primary_test_impostor,640,1574,primary_test_impostor,0,151,75,1065,0,False,,0,False,,0,,False,,5.679,0.44,32840,6ad9168ff7e1bd65d0e7309ffde1ba745c18839acd3d70f1db8b00a6c7649173,11608.783,11608.0,7804,exact-open-set-id-v2,1788212554096879136,127,127,2049,16464,9d844ce107d327089182f9bee9b27e37bd770d40ac0c7e599e51e9801c2d65ff,5.501,
146,primary_test_impostor,641,1575,primary_test_impostor,0,226,11,1007,0,False,,0,False,,0,,False,,5.344,0.5,32840,063087ec77a8c263767ea570bc77aa657d1eaf0a2c691c2423c355680a285187,11808.88,11808.1,7804,exact-open-set-id-v2,1788212554096879136,127,127,2049,16464,095a977526069e8b4e0eee074873a2585ca4515636aa667894ca15d2d08a3a7a,5.452,
147,primary_test_impostor,642,1576,primary_test_impostor,0,176,93,1081,0,False,,0,False,,0,,False,,4.654,0.4,32840,6ef28514a55e0c6cd5b8c6bedabe46cf9dcdf76c4f939527fd42d3152db3ae25,11853.221,11852.6,7804,exact-open-set-id-v2,1788212554096879136,127,127,2049,16464,929c514f0df8fd543f6ebaadf97f150cd27dca47c94d93fd4dbd48f87f371585,5.29,
148,primary_test_impostor,643,1577,primary_test_impostor,0,185,74,1064,0,False,,0,False,,0,,False,,4.519,0.42,32840,f9e112140dadade834dd5932d38713190ebc14f1a2ea4fba0edec6ab6ec0d76c,11658.53,11657.9,7804,exact-open-set-id-v2,1788212554096879136,127,127,2049,16464,5cc25e1598f16e59ed4ba5c58094f7a741554f82ca882ae24a47dbe4e9fbfc95,4.861,
149,primary_test_impostor,644,1578,primary_test_impostor,0,237,76,1066,0,False,,0,False,,0,,False,,4.387,0.43,32840,f83fd9a64b885f76e71d956e45198c5bee939814b0402ffde5e0c54410c695be,11376.133,11375.5,7804,exact-open-set-id-v2,1788212554096879136,127,127,2049,16464,0be2b4043268a5e75f2bbca1f57a3f901f957bf05d46a2bc291ec59f04af02bb,5.092,
150,primary_test_impostor,645,1579,primary_test_impostor,0,159,107,1094,0,False,,0,False,,0,,False,,4.675,0.4,32840,d94f25456eca36634a1537f5ebc842e28ef59e3aeedfc539f5baefa881e76bef,11314.757,11313.6,7804,exact-open-set-id-v2,1788212554096879136,127,127,2049,16464,411bedadbe98c67a292808e216fb78a50ac86007c47387df9be6aaa2349cc978,6.327,
151,primary_test_impostor,646,158,primary_test_impostor,0,170,97,1085,0,False,,0,False,,0,,False,,5.093,0.48,32840,f706466b9062051a88dd4c8cda28b65af41f682f3564d9e6be6389a160a13829,11433.942,11433.4,7804,exact-open-set-id-v2,1788212554096879136,127,127,2049,16464,fc80461fa6ea923d9e29a0a603a31d6f5cc026677c0383fe33bb847b23da7099,5.137,
152,primary_test_impostor,647,1580,primary_test_impostor,0,216,77,1067,0,False,,0,False,,0,,False,,4.363,0.42,32840,c0eba4d6a02500bbbccde977e30b8d789813b74856f614a7d91233d53732507f,12048.435,12047.7,7804,exact-open-set-id-v2,1788212554096879136,127,127,2049,16464,69af8489fc2f47063de72dda6fc044e644392a5d9bed2685cee70fcd66df864e,6.149,
153,primary_test_impostor,648,1581,primary_test_impostor,0,184,47,104,0,False,,0,False,,0,,False,,6.552,0.42,32840,996c793e731b0945cd8614edc497a770ebe76760a41d1f98a37a942a075c219e,10893.193,10892.5,7804,exact-open-set-id-v2,1788212554096879136,127,127,2049,16464,fd403c79e0f549f45594f5205a4d4c5588e9f991aabc6e9a75d0cc012ce8a08d,5.258,
154,primary_test_impostor,649,1582,primary_test_impostor,0,269,86,1075,0,False,,0,False,,0,,False,,5.588,0.43,32840,8944a4d35d255633cda9e32da67cc66926906c3e3404eefe296d3254ac3fc067,11312.063,11311.4,7804,exact-open-set-id-v2,1788212554096879136,127,127,2049,16464,89ffbbd13fa9a7f5e5bd8f34201df5bbbb693ae37aa436e7792a888ea671d953,4.69,
155,primary_test_impostor,650,1583,primary_test_impostor,0,46,17,1012,0,False,,0,False,,0,,False,,4.302,0.42,32840,2debb6da008e08367af13584bdc4de02a08dfbcb9bdb99058649c8e2163e36d8,11214.868,11214.0,7804,exact-open-set-id-v2,1788212554096879136,127,127,2049,16464,211dbe837fdf0f4a4bacf890f3c7e37d73a020b5e86a0a70df41012705e85927,6.086,
156,primary_test_impostor,651,1584,primary_test_impostor,0,218,61,1052,0,False,,0,False,,0,,False,,5.109,0.42,32840,0b2a19517fab9fad3f26c80225f923d8ba110d57716d1f399a477ab4864529e7,11518.877,11518.3,7804,exact-open-set-id-v2,1788212554096879136,127,127,2049,16464,641b9f2078fcf28740d5a7564e42db9ddcf0edb34aae1a580b0e416652608d0a,5.29,
157,primary_test_impostor,652,1585,primary_test_impostor,0,149,12,1008,0,False,,0,False,,0,,False,,5.448,0.45,32840,4a6eb939f5594baa768d7fe139de8159711950598816a7353bb65352bbc6e54a,11152.272,11151.7,7804,exact-open-set-id-v2,1788212554096879136,127,127,2049,16464,f9641a9e69f67cfbf520e57d7f349f02a36a94cea6ec842c3a152ad1612e7463,4.669,
158,primary_test_impostor,653,1586,primary_test_impostor,0,132,42,1035,0,False,,0,False,,0,,False,,4.24,0.38,32840,54d32b0d9ddf687911b2d82d25e7f6d2eb6efeec25a1020e4a13e62aed1e1336,11375.478,11374.8,7804,exact-open-set-id-v2,1788212554096879136,127,127,2049,16464,52831e098fa7b76ce35358896a62405ce9795742791789ed9f3dd753584ab5af,5.231,
159,primary_test_impostor,654,1587,primary_test_impostor,0,200,93,1081,0,False,,0,False,,0,,False,,4.481,0.43,32840,bc3bcf27811b3219ed581e0d145936c94d6016a6473b6fc325347b84f379e298,11194.094,11193.4,7804,exact-open-set-id-v2,1788212554096879136,127,127,2049,16464,653a65f31d4ffbd90d1a56afcba24e9e6bebda516457ea8418463732f4dfe5f6,5.864,
160,primary_test_impostor,655,1588,primary_test_impostor,0,208,105,1092,0,False,,0,False,,0,,False,,5.486,0.46,32840,c8c17ad704b1b053de25502ecda3a6939d13092205157af4d69b19c50a94e638,11120.517,11119.9,7804,exact-open-set-id-v2,1788212554096879136,127,127,2049,16464,de9b43f8b206a656706aca8488399796b04dbae8a6f044b75a14ebc5c833a9c8,5.717,
161,primary_test_impostor,656,1589,primary_test_impostor,0,295,58,105,0,False,,0,False,,0,,False,,5.041,0.47,32840,fe8093c6ba825111bf4aca217c6600b8d65f5309dc3e54bd8ab7e19cabb7d9f7,11265.653,11265.1,7804,exact-open-set-id-v2,1788212554096879136,127,127,2049,16464,07c5674c72f1bfed6c4524050b2d83eaaec5ff86d7a569ca99d39aad954bbfb5,4.574,
162,primary_test_impostor,657,159,primary_test_impostor,0,240,80,107,0,False,,0,False,,0,,False,,5.449,0.44,32840,bbf124d664f5823a89650f82ecf824ce944b1290d819439838c39ecf03875d90,11560.366,11559.8,7804,exact-open-set-id-v2,1788212554096879136,127,127,2049,16464,4bace4e2027f70931720c17563863af3f1d8b1da38305059fe1ea20c3484fa01,4.764,
163,primary_test_impostor,658,1590,primary_test_impostor,0,227,64,1055,0,False,,0,False,,0,,False,,4.463,0.43,32840,00aaa4a95ae8f0580695626352197da53fdf9a3f63956e0dbf85ab02c3d3164f,11233.783,11233.2,7804,exact-open-set-id-v2,1788212554096879136,127,127,2049,16464,27713d4df276a48d419189274824c744898ec19ef1979776d848ca6c02e18ebe,5.862,
164,primary_test_impostor,659,1591,primary_test_impostor,0,294,90,1079,0,False,,0,False,,0,,False,,5.077,0.43,32840,967d51f0faffb3306fa9e21a9907c8c4550d7572023c563335b5db77c43d2271,12245.039,12244.0,7804,exact-open-set-id-v2,1788212554096879136,127,127,2049,16464,cde7c4c9aebcfc999fabe5a9f0314c75ba29440dcae8586ff4d0c5d3c1255083,6.482,
165,primary_test_impostor,660,1592,primary_test_impostor,0,262,21,1016,0,False,,0,False,,0,,False,,5.55,0.45,32840,0d0b48ac01eb477c87daf3d1c3fd0e4b363e32ba95cd539497af1381757cb294,11541.574,11540.9,7804,exact-open-set-id-v2,1788212554096879136,127,127,2049,16464,63b71064e9db9271e14a3c699e66a33bdc0a1deeae50e08b7f47e9977fccb1ab,7.101,
166,primary_test_impostor,661,1593,primary_test_impostor,0,153,107,1094,0,False,,0,False,,0,,False,,6.095,0.46,32840,4008d7f05ae642b189fe027f3a1dffdb97dd0e00fac93a79069798de61a652fd,11246.215,11245.6,7804,exact-open-set-id-v2,1788212554096879136,127,127,2049,16464,c20efe1a0d9bacbaa0a279b700b92568f2abd005740c245c71c559093dfef972,5.476,
167,primary_test_impostor,662,1594,primary_test_impostor,0,177,112,1099,0,False,,0,False,,0,,False,,4.973,0.44,32840,61c35137596c1ae3f11e9f374fa3db2463593ffb7f647ef5015ba61547b9c23d,11330.259,11329.5,7804,exact-open-set-id-v2,1788212554096879136,127,127,2049,16464,32e7413c51d74cbe10e220483f79dbd9b16622b7e385f1a2ef77806da01799f0,5.372,
168,primary_test_impostor,663,1595,primary_test_impostor,0,297,45,1038,0,False,,0,False,,0,,False,,4.627,0.4,32840,321e7bb8cdc5f70a558c3d32ddc826c72b519fc1523d9ee8bb452c8985124d6c,11038.07,11037.5,7804,exact-open-set-id-v2,1788212554096879136,127,127,2049,16464,317701f5204d9577818456930de7d0ed5a9d26fa51b421b0771f4a1b34f39d43,5.161,
169,primary_test_impostor,664,1596,primary_test_impostor,0,193,51,1043,0,False,,0,False,,0,,False,,4.464,0.41,32840,f7ce4c3e86cc21e54852bdf06316f8ca1923c7dd285129a563db0cd7299d82a4,11362.667,11362.0,7804,exact-open-set-id-v2,1788212554096879136,127,127,2049,16464,6c78560d1cd35df2743ea5f884c4d8652302ac7523762368e3a6ce290e7827c9,5.155,
170,primary_test_impostor,665,1597,primary_test_impostor,0,75,45,1038,0,False,,0,False,,0,,False,,4.262,0.41,32840,dacbd178ee1f0cc9b8ad48d5b2d9814b6b5a69dba7d996b6c4b9519755ac46b6,11552.219,11551.6,7804,exact-open-set-id-v2,1788212554096879136,127,127,2049,16464,9c8999c4b64ea41b2c36dbb37cd125c8ecca8e91003994bef1fdbc32c9e1ee50,5.552,
171,primary_test_impostor,666,1598,primary_test_impostor,0,112,2,10,0,False,,0,False,,0,,False,,4.373,0.4,32840,279fb925318f8cc42901c8e9e8bb0c7dda2f43130ba0d1c87a4f77429ef36947,11447.979,11447.3,7804,exact-open-set-id-v2,1788212554096879136,127,127,2049,16464,16d0995a9fd5683be4deb814b3df9326597517e9e9c7bacd42a3da9805bc9fcf,5.278,
172,primary_test_impostor,667,1599,primary_test_impostor,0,175,86,1075,0,False,,0,False,,0,,False,,5.026,0.44,32840,45442853b4c9a8f88890d6aa5ac29adb1ef5520d668957dcef85dc0168bc51bf,11098.882,11098.0,7804,exact-open-set-id-v2,1788212554096879136,127,127,2049,16464,25c94dd2061fc4bf3491e1841c1f09bbd184ece20f730f22ab250ed5027cd833,5.216,
173,primary_test_impostor,668,16,primary_test_impostor,0,255,31,1025,0,False,,0,False,,0,,False,,4.86,0.45,32840,319c30a1b3c11c5d9d86185959dee65ca90c4eae08ddcc9e5c6f77a31544f696,10830.061,10829.5,7804,exact-open-set-id-v2,1788212554096879136,127,127,2049,16464,35b0da02cfa8749857b2fbe6dbb089024fbb0a26ee08cf3f106a3f98ba7e538f,5.339,
174,primary_test_impostor,669,160,primary_test_impostor,0,254,23,1018,0,False,,0,False,,0,,False,,4.38,0.4,32840,61dd01a424b88cbbe7ca3459c9d4635c1c1c429360840d3d9e65f028651657de,10994.973,10994.4,7804,exact-open-set-id-v2,1788212554096879136,127,127,2049,16464,79736eb85627d03c95585e64fdd0ec7390f61584badf0b3cdcced90a2a927d9d,5.196,
175,primary_test_impostor,670,1600,primary_test_impostor,0,155,108,1095,0,False,,0,False,,0,,False,,4.731,0.41,32840,089a466ec055001a11f97c561764e846465e8e3755911b9ec9a4de3970949d51,10794.102,10793.5,7804,exact-open-set-id-v2,1788212554096879136,127,127,2049,16464,ff50cdf6daec85db01fc800472213edf04b248841f76588e4ab7738f6874c7d1,6.438,
176,primary_test_impostor,671,1601,primary_test_impostor,0,267,32,1026,0,False,,0,False,,0,,False,,4.988,0.4,32840,02f195cb297587f559fd39782b35bbb45f330bb6a6b574d801b1b3862a2f584f,11149.569,11148.9,7804,exact-open-set-id-v2,1788212554096879136,127,127,2049,16464,afc759617bf7c8b54c18b0db5c7ed4c239c1f305bf3d57756950de178c2be581,5.957,
177,primary_test_impostor,672,1602,primary_test_impostor,0,92,48,1040,0,False,,0,False,,0,,False,,4.103,0.38,32840,b28641530ada4730be393bad2381936075e24bd3c3a5264f8dce9a797a71b27a,11278.893,11278.2,7804,exact-open-set-id-v2,1788212554096879136,127,127,2049,16464,86347c794cfca728471864b1ec777a6358d5a84bed2c0e9e9526c4f4f5410d0c,5.143,
178,primary_test_impostor,673,1603,primary_test_impostor,0,118,99,1087,0,False,,0,False,,0,,False,,4.355,0.41,32840,ad9b351f8661c5ed9123262103f7b49cae802b5fca78f0f87e4de8968b5f3000,18003.548,18002.7,7804,exact-open-set-id-v2,1788212554096879136,127,127,2049,16464,b60db3ba31616eb4c9fa764ea66d0ceec74df78d687ab85913cc0864716811c0,6.171,
179,primary_test_impostor,674,1604,primary_test_impostor,0,218,6,1002,0,False,,0,False,,0,,False,,5.584,0.46,32840,1c55d8535062648e08316408d32e6c9f5bbda1dc575fd343a2288e5a523db0eb,16011.991,16011.4,7804,exact-open-set-id-v2,1788212554096879136,127,127,2049,16464,33df30f55a57895f7def228ebc1ccd69405d3fbfd0a5f294fb40bb8cded035af,6.021,
180,primary_test_impostor,675,1605,primary_test_impostor,0,259,45,1038,0,False,,0,False,,0,,False,,5.833,0.47,32840,d956f851d7a887ee34802c7da2e79e15a14af197805cedf3c4b32a13dc7cc93d,15221.753,15221.1,7804,exact-open-set-id-v2,1788212554096879136,127,127,2049,16464,2afebd15af25cdc1c0a3cb7fb11d329fd30f5ae84ba3af5d2a5b712aaaeea7d5,6.403,
181,primary_test_impostor,676,1606,primary_test_impostor,0,198,93,1081,0,False,,0,False,,0,,False,,6.448,0.62,32840,da6b5644e2bc7f4f850b97a1b5ce480e182c4e0d1e4e65a6cc91a78bafeeac08,15044.499,15043.3,7804,exact-open-set-id-v2,1788212554096879136,127,127,2049,16464,8388a1ef645c0e53d176e88b819f51069c81c25f4b9e61f1d869fe878b054de4,6.787,
182,primary_test_impostor,677,1607,primary_test_impostor,0,220,119,1104,0,False,,0,False,,0,,False,,6.031,0.51,32840,6faeb921305fc640135785cde09028489a4bdafad7f962de8bb93fb2442c0d5d,15340.093,15339.5,7804,exact-open-set-id-v2,1788212554096879136,127,127,2049,16464,c0ed27d8ffef2e94b2b317bdd62da533f4528fd4e1707d7a271e86c6eaea4c2a,6.638,
183,primary_test_impostor,678,1608,primary_test_impostor,0,200,105,1092,0,False,,0,False,,0,,False,,5.927,0.46,32840,2d3c16070b3ac818a50f95d08017e44c265008266b2c8813207b38262741b5bd,17783.296,17782.5,7804,exact-open-set-id-v2,1788212554096879136,127,127,2049,16464,13f48846955c8925770fa6ffdf652dfb53a2b26f3df2cfe7ff0878ee7e8ac426,6.999,
184,primary_test_impostor,679,1609,primary_test_impostor,0,174,23,1018,0,False,,0,False,,0,,False,,6.496,0.45,32840,c6b58fbdcd96a1c66ae6ca2856b0a1da1294679d51912dd021dd252e6e9eff12,17198.989,17197.8,7804,exact-open-set-id-v2,1788212554096879136,127,127,2049,16464,61d8368af3f9caffd21d627d6b37dbf3b7575bccad2fe7383f1315fb57801307,6.18,
185,primary_test_impostor,680,161,primary_test_impostor,0,251,12,1008,0,False,,0,False,,0,,False,,5.771,0.49,32840,cd964d34bf6dcbc49159ec377e705bc2a2503a67516b795d0e624407c1e59258,16508.983,16508.2,7804,exact-open-set-id-v2,1788212554096879136,127,127,2049,16464,e773a327ef7fc0e7c955dd6d923b2f2997ac9ccb4c8ec44ad8faf24515929c0b,6.059,
186,primary_test_impostor,681,1610,primary_test_impostor,0,240,50,1042,0,False,,0,False,,0,,False,,6.097,0.45,32840,58b9077c6ab3753662f8615060f8081c1673515302192d9a19b24e177e3de769,16646.426,16645.6,7804,exact-open-set-id-v2,1788212554096879136,127,127,2049,16464,e20835083cbe1909d93a87065ee1bffcbd684d0015200fd55a4959c8086be730,6.29,
187,primary_test_impostor,682,1611,primary_test_impostor,0,192,48,1040,0,False,,0,False,,0,,False,,6.381,0.48,32840,8e403d6963e51f9515f1fa5e2d2b571d1cb307bd521aa1bfafc33d5ba6c9c9cc,15868.643,15867.7,7804,exact-open-set-id-v2,1788212554096879136,127,127,2049,16464,8f53b574c0b12f301aff791c3f11add20e59665919da46bdc9db39fb8adfaa85,6.891,
188,primary_test_impostor,683,1612,primary_test_impostor,0,192,99,1087,0,False,,0,False,,0,,False,,5.656,0.46,32840,0efc2520c04f7c7f45e1d2132432e2a76a3d1764ccda353f72467453b5a3b300,17734.832,17734.1,7804,exact-open-set-id-v2,1788212554096879136,127,127,2049,16464,2b5f14731ce65eb940514c1c42c713ba79704fa3d7c5a8235c7315cec10f3ea3,6.527,
189,primary_test_impostor,684,1613,primary_test_impostor,0,200,16,1011,0,False,,0,False,,0,,False,,5.615,0.53,32840,5877a7ba066bfb6da003092ef1291e980a3797067a36bb771294774313caa7de,16667.201,16666.4,7804,exact-open-set-id-v2,1788212554096879136,127,127,2049,16464,c6f98155b469460cadfc025fa4de6d4cef2b4696c3466c0944ed8a2e6504418e,6.741,
190,primary_test_impostor,685,1614,primary_test_impostor,0,219,114,110,0,False,,0,False,,0,,False,,6.056,0.46,32840,92c10b53321512a1471e4fff7d659cb90e3c7777ce6e0cc29162b1d46e4b90eb,17092.813,17091.7,7804,exact-open-set-id-v2,1788212554096879136,127,127,2049,16464,ffe32d67e2a9e51b9d903977d542442820b55dab0c98b0fe408fed3fadca9a27,5.774,
191,primary_test_impostor,686,1615,primary_test_impostor,0,71,107,1094,0,False,,0,False,,0,,False,,6.172,0.49,32840,917f292131d5b7881f6b3ed25906ab9be8faf9b6496260bdfb7853433953af45,15599.369,15598.3,7804,exact-open-set-id-v2,1788212554096879136,127,127,2049,16464,695dad2097ae6c422241945cf0a687e62cfd6d88dc4172fe74c8327226283df6,6.616,
192,primary_test_impostor,687,1616,primary_test_impostor,0,96,17,1012,0,False,,0,False,,0,,False,,5.649,0.51,32840,bc2e8d0e2d07fb489e917b2a413a024218501a6c68d3ea76aab07221c6d5f708,15421.269,15420.4,7804,exact-open-set-id-v2,1788212554096879136,127,127,2049,16464,aebd77df242f8c56d315d63681391e830591aa0380bd4201924ae25511617285,6.755,
193,primary_test_impostor,688,1617,primary_test_impostor,0,153,64,1055,0,False,,0,False,,0,,False,,5.979,0.44,32840,218b393f257b498642cfb6263cb3f19f8028afa41dec237ba002ec3bac5282a5,15618.675,15618.0,7804,exact-open-set-id-v2,1788212554096879136,127,127,2049,16464,c866636bb0a8e0f904461fb1d1660bded1a5adad8ca8321e01d508d1b2651aa0,6.041,
194,primary_test_impostor,689,1618,primary_test_impostor,0,154,115,1100,0,False,,0,False,,0,,False,,5.963,0.46,32840,e0a1f205b3045321733ee3a3d79be5a1ed9a966d81b043d6fbb9702af75494fe,14901.307,14900.6,7804,exact-open-set-id-v2,1788212554096879136,127,127,2049,16464,09a156ef4ab9c203c268c5eb739d74e11f34fdb24954413e44fcba80e217019b,6.767,
195,primary_test_impostor,690,1619,primary_test_impostor,0,96,99,1087,0,False,,0,False,,0,,False,,8.454,0.47,32840,bc852fe9cbd89f509bb2480dc034109b687726f3a556c7f5e4b930fdb4d1d40a,14614.267,14613.6,7804,exact-open-set-id-v2,1788212554096879136,127,127,2049,16464,0be53b636c84b3330539e88e5c41c9ac3d48a011b1ed5a0d8b651d00e62fbe06,6.142,
196,primary_test_impostor,691,162,primary_test_impostor,0,204,50,1042,0,False,,0,False,,0,,False,,6.123,0.45,32840,d1eb97dec7f1ff223529e7f2f2fe64450ecedb77f2142656617d960a5ebe2a2e,15110.509,15109.6,7804,exact-open-set-id-v2,1788212554096879136,127,127,2049,16464,50de11fa13f6c3f348434d4cdfaa324377c63de3c6309746861a7d371bb6f3bf,8.297,
197,primary_test_impostor,692,1620,primary_test_impostor,0,245,98,1086,0,False,,0,False,,0,,False,,5.752,0.46,32840,9551fac6c5305a182921496ee98669cb82b51804382edb0eb5dc205956117e23,16753.205,16752.2,7804,exact-open-set-id-v2,1788212554096879136,127,127,2049,16464,01bca6513708343d771903839f407d1da3aa1dbfe2aab575118edb354642aae0,9.069,
198,primary_test_impostor,693,1621,primary_test_impostor,0,146,115,1100,0,False,,0,False,,0,,False,,7.68,0.85,32840,6537737aafc74b5e3a300316ffa63239ecedd3991f4b07f701cd8b02e6f84e82,18601.954,18601.0,7804,exact-open-set-id-v2,1788212554096879136,127,127,2049,16464,2766ab2f497ec5bd0382ba3e7fe3cdd691121416fe87161597f4e609c006aad9,5.651,
199,primary_test_impostor,694,1622,primary_test_impostor,0,273,87,1076,0,False,,0,False,,0,,False,,7.398,0.47,32840,0511c81b29ad37f3f2bb52c1de94703554fcbd2e68f189edbd40b518316cbea1,17524.303,17523.4,7804,exact-open-set-id-v2,1788212554096879136,127,127,2049,16464,d1356879225d771d44d671c38f27427ddcae8974c6c8776c128c19aef0533bbc,16.261,
200,primary_test_impostor,695,1623,primary_test_impostor,0,172,27,1021,0,False,,0,False,,0,,False,,10.123,0.49,32840,0d08465633d5e35e6099bd704d367a797758377688e19a66c7a373f55eae828e,17141.943,17140.9,7804,exact-open-set-id-v2,1788212554096879136,127,127,2049,16464,9bff760e117fd4a7dfbb35df4e68c8e750b002068203577ecd1460ab44789684,7.439,
201,primary_test_impostor,696,1624,primary_test_impostor,0,185,75,1065,0,False,,0,False,,0,,False,,6.105,0.79,32840,952b04ec0998f30bd052746d5eac6429cfa505e1214918b5b1c4c38f974a7d77,15754.851,15753.9,7804,exact-open-set-id-v2,1788212554096879136,127,127,2049,16464,102509ad20122c5e25f9561c332a80d7d94ee102c8f1a02fab15868b9052fba9,5.533,
202,primary_test_impostor,697,1625,primary_test_impostor,0,122,99,1087,0,False,,0,False,,0,,False,,6.428,0.48,32840,184e725d18d0dbe10f59fbd9dc57be0c5eaf8acaa62866a61dbef6dbb3b1c946,15022.141,15021.4,7804,exact-open-set-id-v2,1788212554096879136,127,127,2049,16464,b0e6448329dd16bdf07a4ae73b265dadb1e1b981d9ed8f278cc1780570001132,6.238,
203,primary_test_impostor,698,1626,primary_test_impostor,0,126,102,109,0,False,,0,False,,0,,False,,5.916,0.46,32840,779d2ee55fd1ed8e04761dae56430b49370e2dac8b71a964ae579179c86eb8a9,14490.827,14489.8,7804,exact-open-set-id-v2,1788212554096879136,127,127,2049,16464,860018f47a9b74454814f630a488d227c286cedbb197d0e16b3c8982fb50f2ca,13.104,
204,primary_test_impostor,699,1627,primary_test_impostor,0,263,75,1065,0,False,,0,False,,0,,False,,11.433,0.56,32840,f288a707708cf03c2a4c33a106007637274ef634b33c3400e5c136815ea7e52a,15570.248,15569.5,7804,exact-open-set-id-v2,1788212554096879136,127,127,2049,16464,69b3526a0d83af699854ecd744ef4e5a01d88ea5b0be5750d24b0c2e7325bd74,5.989,
205,primary_test_impostor,700,1628,primary_test_impostor,0,198,2,10,0,False,,0,False,,0,,False,,6.206,0.55,32840,4912c6ceac5bbf0dad50d376a8ce3c6f37b1d43073fd03b678e545112db1824d,17507.72,17506.6,7804,exact-open-set-id-v2,1788212554096879136,127,127,2049,16464,27c49ff7f89299bc044f2ad8055ac69026709539171b86a908a9211055bbbaf9,6.194,
206,primary_test_impostor,701,1629,primary_test_impostor,0,126,93,1081,0,False,,0,False,,0,,False,,6.141,0.5,32840,50ddc8892a8d5d729666d7daa6afd5dc25ddf190850e00327a861e82929709ce,16736.331,16735.5,7804,exact-open-set-id-v2,1788212554096879136,127,127,2049,16464,18661a6cceb2739dcaca209b88583b252d7c38d255287ea167652e0870226c2a,6.161,
207,primary_test_impostor,702,163,primary_test_impostor,0,131,45,1038,0,False,,0,False,,0,,False,,6.451,0.79,32840,5b875a88aeaad4179c4f145121a8c1ef189434d0a4173af874a1ec290a5bc3a4,16960.094,16959.3,7804,exact-open-set-id-v2,1788212554096879136,127,127,2049,16464,650170d016b7bdab5b34616de3b7cefa6d2343686fddcdacd22a9bf230568f15,6.078,
208,primary_test_impostor,703,1630,primary_test_impostor,0,130,61,1052,0,False,,0,False,,0,,False,,6.962,0.82,32840,3d16d1bb8555faf730229ae00ba5819bffbc1c7a8eb72e2ad5f34791bf6bae0e,17148.045,17147.0,7804,exact-open-set-id-v2,1788212554096879136,127,127,2049,16464,b6c408905568c9f932e950ba817b6e020cf93729df99201c2f62e75b081b9f43,8.134,
209,primary_test_impostor,704,1631,primary_test_impostor,0,152,2,10,0,False,,0,False,,0,,False,,7.036,0.75,32840,490de7cc25474761b77fac5e02762409b26f6d9e64e73424e34f10bca6617f54,16703.922,16702.8,7804,exact-open-set-id-v2,1788212554096879136,127,127,2049,16464,01af78169708dbe7ded4b6c5cac1df458653b34b5cfbe76925882ea782ed767a,9.291,
210,primary_test_impostor,705,1632,primary_test_impostor,0,234,124,1109,0,False,,0,False,,0,,False,,6.011,0.57,32840,6211f8393514b4b482c3de966c8818f3b212a646062aca267ae2f5899942a8e9,18891.087,18880.5,7804,exact-open-set-id-v2,1788212554096879136,127,127,2049,16464,657d521f9dceb1a3e9f70fd64328ebf015ff50e9ed390cf7baaef922b6b37004,64.03,
211,primary_test_impostor,706,1633,primary_test_impostor,0,196,0,0,0,False,,0,False,,0,,False,,17.119,1.06,32840,9c47b43114819fc240feb994ab5b749d72c84fbfda651ce5d59162c5d11538c2,18086.241,18085.0,7804,exact-open-set-id-v2,1788212554096879136,127,127,2049,16464,5366bb255656afc97add0fc2cd83436c58117b0eff25f51038d84e94ec9da9c4,6.478,
212,primary_test_impostor,707,1634,primary_test_impostor,0,144,121,1106,0,False,,0,False,,0,,False,,6.056,0.45,32840,ebe24e337fe43ce15f7671fd6195ce2044b8aeecd43565967d8aa82805c38a3f,19904.314,19903.5,7804,exact-open-set-id-v2,1788212554096879136,127,127,2049,16464,c3c27eb7725eefb723594ecec1852bebc27efed05d80572fc7f68e2daf0ce404,17.492,
213,primary_test_impostor,708,1635,primary_test_impostor,0,123,25,102,0,False,,0,False,,0,,False,,8.195,0.59,32840,30b09e37c79149f94fe72fb5ee12c72e0b6c9218c01a851f63b439f4665c0ff7,17348.745,17347.7,7804,exact-open-set-id-v2,1788212554096879136,127,127,2049,16464,5ba41984f99998af728744ba7fe50d9e0ac27dd07ee11a5e21c730ea6c19f00d,6.792,
214,primary_test_impostor,709,1636,primary_test_impostor,0,118,102,109,0,False,,0,False,,0,,False,,6.455,0.48,32840,145f2067302a2cef07b335f5ed1a5077f830ffafee9a9fdc0c9c88a73adb7a68,19815.136,19814.2,7804,exact-open-set-id-v2,1788212554096879136,127,127,2049,16464,efe6843df0f3f8912212ce7b18a86906dcfcb9fa9c10acdb61c38da2102c8c07,5.851,
215,primary_test_impostor,710,1637,primary_test_impostor,0,289,81,1070,0,False,,0,False,,0,,False,,5.704,0.43,32840,1a3d96a76f7fae080a2c585941ba77bc39a93a0fe0c20b5c7d30b63ffffc5670,17147.868,17147.0,7804,exact-open-set-id-v2,1788212554096879136,127,127,2049,16464,9acb67c49e21fa3f365cbddceeb4095ec7df874f53f4196fa26dc29727d763c3,6.478,
216,primary_test_impostor,711,1638,primary_test_impostor,0,146,60,1051,0,False,,0,False,,0,,False,,5.418,0.41,32840,20a47dfcb6880f37b2b9f33a0e3ce3ae39e632adfc429ad188d1bc24a821de65,15339.007,15338.0,7804,exact-open-set-id-v2,1788212554096879136,127,127,2049,16464,5f64967bdcdc165914acf34afa6276a7cc2fa3ca4f2145491ebd28fb1c59237a,6.906,
217,primary_test_impostor,712,1639,primary_test_impostor,0,132,46,1039,0,False,,0,False,,0,,False,,5.997,0.51,32840,ecb15fab7252df5585958984e6ec34e4eb55e994af788d46f2adffc6b8204102,15076.354,15075.4,7804,exact-open-set-id-v2,1788212554096879136,127,127,2049,16464,0118c895948af95ded12ed9c30cbcfdbb9304057957745f366241d437631e660,5.491,
218,primary_test_impostor,713,164,primary_test_impostor,0,196,80,107,0,False,,0,False,,0,,False,,6.274,0.94,32840,38f661ecabcc4002dfef4ade3054c5cd19602dcb2d307f3717966e2dc8d3e9d1,14932.911,14932.2,7804,exact-open-set-id-v2,1788212554096879136,127,127,2049,16464,c499fd023b6be2b663e6b6db81c89ba03e348d866a10bb90eb652c3347ea784f,6.236,
219,primary_test_impostor,714,1640,primary_test_impostor,0,93,63,1054,0,False,,0,False,,0,,False,,5.979,0.44,32840,07e4ad91f567afe4ffac81e481a766d5307cd3d3ccff7e6a920bac7f113c8c2b,14389.001,14388.5,7804,exact-open-set-id-v2,1788212554096879136,127,127,2049,16464,b24dba8db99695f2fd6e749d733e6419d2cc73939a6f556eedc7fdeb6d629cd8,5.816,
220,primary_test_impostor,715,1641,primary_test_impostor,0,100,46,1039,0,False,,0,False,,0,,False,,5.522,0.44,32840,df1fc134c56b468b17d2df042e95ce4e39d82c83d08c8206ca2627da9c44180a,14775.949,14775.2,7804,exact-open-set-id-v2,1788212554096879136,127,127,2049,16464,5b59c740c6d286ec17cedf2b47d79fbe7ba36ec3e2926155c5ae69624cf57421,6.25,
221,primary_test_impostor,716,1642,primary_test_impostor,0,227,120,1105,0,False,,0,False,,0,,False,,5.754,0.44,32840,1108ecc55fbc3cab818e299342b9f1ca49259391f4062cfd974532334d3ff60a,16413.776,16413.1,7804,exact-open-set-id-v2,1788212554096879136,127,127,2049,16464,fbd8fb0640321d4e18c6916db8ce37e2ada9ef542a81aa55debeb8e7b013b7ba,7.153,
222,primary_test_impostor,717,1643,primary_test_impostor,0,183,75,1065,0,False,,0,False,,0,,False,,10.069,0.65,32840,441481d464748b685308b0844a54502adb53abc083de86361f21ca195ce42402,19058.345,19057.2,7804,exact-open-set-id-v2,1788212554096879136,127,127,2049,16464,b96a5fd006ae2fe55deba4b2bf296917b8903aaf21c31a868b29428f716665c5,6.851,
223,primary_test_impostor,718,1644,primary_test_impostor,0,278,47,104,0,False,,0,False,,0,,False,,5.744,0.49,32840,ccd6df19a5889e2726add141fadc743f0dcadb91b5e5913a66a5b82a4c158d0b,15849.537,15848.3,7804,exact-open-set-id-v2,1788212554096879136,127,127,2049,16464,e125bc6d2a8619450f717c104b484a23cd241472035b3a25ccc812d321e71752,8.234,
224,primary_test_impostor,719,1645,primary_test_impostor,0,111,64,1055,0,False,,0,False,,0,,False,,5.858,0.49,32840,19d75ab0b7b1d0ff2c5bdb729e8e129fe5c57b31e7ba48c758ae977bfe427033,15867.368,15866.5,7804,exact-open-set-id-v2,1788212554096879136,127,127,2049,16464,32f950acbb5290bec4dda0fabbb399a2ed150b394b6116974a6ad17cd4a5602f,6.23,
225,primary_test_impostor,720,1646,primary_test_impostor,0,223,86,1075,0,False,,0,False,,0,,False,,6.183,0.71,32840,37b15fdacfe4ad328b0c36856c313f8b59f64c04d13c2f985d9fa7bee9b005a2,15377.53,15376.9,7804,exact-open-set-id-v2,1788212554096879136,127,127,2049,16464,876640c08f2b944015c4dc6929268d4ad92db12fd4b5a463206f3487058646bd,5.399,
226,primary_test_impostor,721,1647,primary_test_impostor,0,196,48,1040,0,False,,0,False,,0,,False,,4.853,0.42,32840,f5196818853ac99483a7216cb1d3748d5de06808095b7621cadfb45d39f7593b,15184.903,15184.3,7804,exact-open-set-id-v2,1788212554096879136,127,127,2049,16464,203308dd58fbe2f41fef9b2611159188f7f26819cd64bc0c8b8d4a8a74995fac,7.227,
227,primary_test_impostor,722,1648,primary_test_impostor,0,89,81,1070,0,False,,0,False,,0,,False,,6.068,0.48,32840,9e26e911e84273ada3f63d4da28b88936c392c3949d00bd164ddf58e2bba40ad,16971.495,16970.7,7804,exact-open-set-id-v2,1788212554096879136,127,127,2049,16464,2118619a353fce6259c90aaeeae58224b0e6541990d9b9ed339181a38ef9b920,6.105,
228,primary_test_impostor,723,1649,primary_test_impostor,0,175,112,1099,0,False,,0,False,,0,,False,,7.63,0.83,32840,a29826fe22b6ce8217005ee8e1cfd0bf2acb8efdd524569c818796cd070c85dd,19319.791,19318.7,7804,exact-open-set-id-v2,1788212554096879136,127,127,2049,16464,7674de408d25c450708a4fffb25ee2dc2f846ce6ef4bb12ef6261040b698c655,6.004,
229,primary_test_impostor,724,165,primary_test_impostor,0,269,88,1077,0,False,,0,False,,0,,False,,5.612,0.41,32840,5bd1553e179fadf8db78cd57f11fe8514a1d4a886a5094bed2017e1412143590,18272.034,18271.1,7804,exact-open-set-id-v2,1788212554096879136,127,127,2049,16464,200e6df4a6c38992faebb6cf7ffc619f7882583eb44ed1c41e35683a95f945d9,5.702,
230,primary_test_impostor,725,1650,primary_test_impostor,0,108,10,1006,0,False,,0,False,,0,,False,,5.828,0.73,32840,46fab5a8bd62401d2ecf527885f29c12741174582b30c3ef3c1436e3799a52ec,14241.587,14240.9,7804,exact-open-set-id-v2,1788212554096879136,127,127,2049,16464,cc66fae75d4294ab22577ad7ab5b4c673283a7c26223d5331011126f634b8f03,5.968,
231,primary_test_impostor,726,1651,primary_test_impostor,0,254,46,1039,0,False,,0,False,,0,,False,,5.216,0.44,32840,f9c58ea0de895331f5ade19432cf92cf7ca2a5dc17987e65c37254986570114d,13736.661,13736.0,7804,exact-open-set-id-v2,1788212554096879136,127,127,2049,16464,2c940817617931051ff7434feacc62fc7a5cd2b4046cdb67749422908ce569e7,5.844,
232,primary_test_impostor,727,1652,primary_test_impostor,0,164,17,1012,0,False,,0,False,,0,,False,,5.612,0.46,32840,1925f4e08ccca16d070e912bc0ec3b251bffb6bb2061aea24560ec1efb560589,15336.182,15335.3,7804,exact-open-set-id-v2,1788212554096879136,127,127,2049,16464,d13d3d47d0c88fe0803291757bbb531a5447b37e52a9257376ba393ca5b7af82,5.658,
233,primary_test_impostor,728,1653,primary_test_impostor,0,225,88,1077,0,False,,0,False,,0,,False,,5.415,0.41,32840,1ef3cc04b10d8780e07ecc51713affdb531c95a099bd88e8adf41e00029021e2,15021.846,15021.1,7804,exact-open-set-id-v2,1788212554096879136,127,127,2049,16464,92daaa847706ee91c0debb578b014ff99c6aa94cd429d6bcdd522de0d3042f53,5.711,
234,primary_test_impostor,729,1654,primary_test_impostor,0,152,92,1080,0,False,,0,False,,0,,False,,5.967,0.67,32840,dd18a66613d1979048822c32cb286cb4f35d2a09f2017c2dfdb712871d79d828,17760.092,17759.3,7804,exact-open-set-id-v2,1788212554096879136,127,127,2049,16464,50e0190e915943ad7b5f95b056924ef05e4c7d18f69b70c67c56dfbfeba936c6,5.767,
235,primary_test_impostor,730,1655,primary_test_impostor,0,126,23,1018,0,False,,0,False,,0,,False,,5.936,0.68,32840,6c72bad407da1cad065a48314ab53c268baf7c58163c178ed5c503bdae8ce3b5,16527.314,16526.5,7804,exact-open-set-id-v2,1788212554096879136,127,127,2049,16464,855a753d00c16a9d1966e214d5badb7280907cb0ae12ccadc415f2121e3a2298,6.436,
236,primary_test_impostor,731,1656,primary_test_impostor,0,134,102,109,0,False,,0,False,,0,,False,,7.171,0.53,32840,4656fa3f937f29d1cae944fdc331cf58c4ccdac77545db733113b13392592f53,21583.273,21581.9,7804,exact-open-set-id-v2,1788212554096879136,127,127,2049,16464,695193f17266099c9ade843ac0b27214f2c3131ead17011a881d592a8c7801be,6.198,
237,primary_test_impostor,732,1657,primary_test_impostor,0,158,46,1039,0,False,,0,False,,0,,False,,6.223,0.46,32840,f3fc264b30feaf33710dd424157c827baa54dddf1857b07595c6ce09ff113c27,17007.107,17006.2,7804,exact-open-set-id-v2,1788212554096879136,127,127,2049,16464,f50d5ce35f5c443c72fde87112d2151ce3ff94f80a334731c9e938131dc4d59e,6.376,
238,primary_test_impostor,733,1658,primary_test_impostor,0,150,121,1106,0,False,,0,False,,0,,False,,6.085,0.71,32840,25ad198e6673cb56cdcf29bbb569f9c5e243f46cabe72fcc413869d87a35f074,15639.253,15638.1,7804,exact-open-set-id-v2,1788212554096879136,127,127,2049,16464,7c094e8aa0c7e4d1bd56008e31295fa3c0288d0a78d3a1d3b78c556d7624e686,5.706,
239,primary_test_impostor,734,1659,primary_test_impostor,0,188,61,1052,0,False,,0,False,,0,,False,,6.359,0.66,32840,c98b39d0627c866ebdc3f39d5a7a0a794a39ea01e0b8e22340dceab1a89c308c,14078.937,14078.3,7804,exact-open-set-id-v2,1788212554096879136,127,127,2049,16464,37a9ff0d728157a076e85013ea41e06db345b019c8ad83a71001dbd4f9a2fda1,6.524,
240,primary_test_impostor,735,166,primary_test_impostor,0,214,2,10,0,False,,0,False,,0,,False,,5.382,0.45,32840,072a52748109beb83e12d80852c35c8ddf9da9c4f5a3a6cd5d736f6ec233c788,18625.433,18624.4,7804,exact-open-set-id-v2,1788212554096879136,127,127,2049,16464,8402e6ab3ac6d3148b586a7523827e9182f0ca7ade71101f25b02f1a0bcc106f,6.153,
241,primary_test_impostor,736,1660,primary_test_impostor,0,154,103,1090,0,False,,0,False,,0,,False,,6.184,0.46,32840,fe1a417d5c6e83f372c18bdd4d6354f26493413c7d68c407005e2e7f1e9b0525,19734.662,19733.3,7804,exact-open-set-id-v2,1788212554096879136,127,127,2049,16464,40b7161bad2556902f9212724af7573413e3b00f584a4360bb720ee38623afc6,8.364,
242,primary_test_impostor,737,1661,primary_test_impostor,0,155,29,1023,0,False,,0,False,,0,,False,,7.018,0.46,32840,b7f4a6153c348a0b87d8c9080e13e339df1c3f33e01a56f170b2e4d57c60b601,18852.953,18851.3,7804,exact-open-set-id-v2,1788212554096879136,127,127,2049,16464,ee5c6cc5418fd36ba9a967880c4c4521977d428dcf98d0f02d1725aae40ddcea,8.512,
243,primary_test_impostor,738,1662,primary_test_impostor,0,239,75,1065,0,False,,0,False,,0,,False,,10.182,0.48,32840,f757d977b4b36b23f901ec5bcedbfab2646278b2881daf322fe04d06226d5598,19420.805,19418.1,7804,exact-open-set-id-v2,1788212554096879136,127,127,2049,16464,5a8b1dbef703edae68ec34873fc83e1c83bd7d5a720ad31b63bee38f79eda373,5.981,
244,primary_test_impostor,739,1663,primary_test_impostor,0,194,3,100,0,False,,0,False,,0,,False,,6.252,0.76,32840,b9bfd43a8fcf92ab534861af183b64f357eccdb272d0e1f72211836582f67d32,17540.819,17540.0,7804,exact-open-set-id-v2,1788212554096879136,127,127,2049,16464,e5da23d36d586f6b56497edb5033f1cc73fb69305252c34d30579e653efe9bc4,6.461,
245,primary_test_impostor,740,1664,primary_test_impostor,0,140,100,1088,0,False,,0,False,,0,,False,,6.656,0.45,32840,9b1a8620030540a2ea64c2cfd815d78126835274529fb6fd2b59488ea8876d8c,16728.291,16727.3,7804,exact-open-set-id-v2,1788212554096879136,127,127,2049,16464,22ebac53051464e1e848168d4b830760be40d9c6d0e0b7a03e0b388b9de86e8a,6.499,
246,primary_test_impostor,741,1665,primary_test_impostor,0,243,51,1043,0,False,,0,False,,0,,False,,6.43,0.55,32840,bbfe7707fb68e9cd78329c8666d6cc5fdf124a3023995852e79cd2a84867b684,15841.404,15840.6,7804,exact-open-set-id-v2,1788212554096879136,127,127,2049,16464,5eb4137be8653e0949bbccc7a2271efd0c019cd2bb7df9cb69e6f93f072da5c6,6.502,
247,primary_test_impostor,742,1666,primary_test_impostor,0,200,113,11,0,False,,0,False,,0,,False,,6.581,0.5,32840,f5aafa4301483f54ee00567271c96b1809d0110ff493d1bad44d1dd21cd4324c,15965.734,15965.0,7804,exact-open-set-id-v2,1788212554096879136,127,127,2049,16464,fadab90c5314c1150248cd7187619bf3ccc45457737de4ecf399d0d94905deb8,5.645,
248,primary_test_impostor,743,1667,primary_test_impostor,0,134,80,107,0,False,,0,False,,0,,False,,5.667,0.66,32840,9025f806208d940dc295a0417e293c200937f03c0572ada8056e4431ee172098,15472.825,15472.1,7804,exact-open-set-id-v2,1788212554096879136,127,127,2049,16464,247e8199559326047715c6aedc9c3ac9d9f8d6dfecf793a54e6a47427a177841,6.411,
249,primary_test_impostor,744,1668,primary_test_impostor,0,221,40,1033,0,False,,0,False,,0,,False,,5.316,0.42,32840,fabf2151473894586ee0380417733a3bce11fbb4bff589047ff23d177758de6e,16980.946,16980.2,7804,exact-open-set-id-v2,1788212554096879136,127,127,2049,16464,40a2cfb651e68cf7370639fcc229b7d08b9131f75cb0f458d2726a7fb4183d25,6.784,
250,primary_test_impostor,745,1669,primary_test_impostor,0,136,62,1053,0,False,,0,False,,0,,False,,6.313,0.7,32840,98a0a87fa892e031ba5b1cbe789fef6df1f115d3dfa76b0c4b8f530c27528014,16921.971,16921.2,7804,exact-open-set-id-v2,1788212554096879136,127,127,2049,16464,0fd59c15dec03a6f0a9a4fd34370c89e3769dce7dccc05079d598fea8e209eda,19.571,
251,primary_test_impostor,746,167,primary_test_impostor,0,143,86,1075,0,False,,0,False,,0,,False,,9.727,0.49,32840,c7efaacb9e2c44aeabb7f1e5cc86e7b812afcec99dadd3fd4f40c87c708b83d4,16688.147,16687.5,7804,exact-open-set-id-v2,1788212554096879136,127,127,2049,16464,47236c4c09ab7823993014654f11ab4596fac96d02bfdc23a94832a3c076d167,5.761,
252,primary_test_impostor,747,1670,primary_test_impostor,0,44,102,109,0,False,,0,False,,0,,False,,5.602,0.51,32840,3ae3c25ce9bc5b44f08d1c24775a1c24192cc3153513c57f8b8d08c2be2fe055,15881.434,15880.8,7804,exact-open-set-id-v2,1788212554096879136,127,127,2049,16464,a17c970cc53a21bd6d6f6ce7af661775764927fd6e788ee1ebdfd38ac5cd6306,6.0,
253,primary_test_impostor,748,1671,primary_test_impostor,0,108,4,1000,0,False,,0,False,,0,,False,,5.781,0.45,32840,02b3210b7cc2e2a92469fd8aaa9cfc9ab07f4bb82098384791cfc7024ea2c837,15435.966,15435.2,7804,exact-open-set-id-v2,1788212554096879136,127,127,2049,16464,c05eecc5a5bc9bbe1601cb5a74b9673e0693f6a122b0ec55f6ad9671219aa73e,6.299,
254,primary_test_impostor,749,1672,primary_test_impostor,0,122,2,10,0,False,,0,False,,0,,False,,5.729,0.47,32840,ef59245af06f39cec720023b3ecfbff6c98cd4f8c603118a92cdd74c4f5ddaf4,16901.01,16900.2,7804,exact-open-set-id-v2,1788212554096879136,127,127,2049,16464,9ddceb9da51b030a06fc1e86ae77603e02ead34da86de7df30d18eaa1ca6fe57,5.987,
255,primary_test_impostor,750,1673,primary_test_impostor,0,284,97,1085,0,False,,0,False,,0,,False,,6.414,0.49,32840,0afcc17674603550420223926eae0710334aea064de59d8e5aeea0f76b62a2ce,17796.485,17795.4,7804,exact-open-set-id-v2,1788212554096879136,127,127,2049,16464,736159bfe7bf8c34e02c625fe1df0328f720325d40231e8da521734949c68365,6.987,
256,primary_test_impostor,751,1674,primary_test_impostor,0,150,117,1102,0,False,,0,False,,0,,False,,8.706,1.48,32840,7d2f990463b93beca53d2466079be79739d9ec2606208e8fb62026d00443707f,20785.142,20783.3,7804,exact-open-set-id-v2,1788212554096879136,127,127,2049,16464,2bffaa58fe97519ed3eb62b1a38c2717ae89e021b8f395b2906e75f9af6fb0c5,7.447,
257,primary_test_impostor,752,1675,primary_test_impostor,0,65,34,1028,0,False,,0,False,,0,,False,,7.472,0.5,32840,2b92fa79b56e05d7b89756bf17f1531e5bead2149c03081787a1955d87953136,17955.16,17954.0,7804,exact-open-set-id-v2,1788212554096879136,127,127,2049,16464,8cfd3047affe52fa98e12160c562090b1bfcceff11bbbc519d1dd62488a50dc7,7.455,
258,primary_test_impostor,753,1676,primary_test_impostor,0,222,2,10,0,False,,0,False,,0,,False,,6.442,0.56,32840,46fc07ea641040214d5842d4587c7a67332ab218581cc1a37591b736b8b4b163,16479.09,16478.1,7804,exact-open-set-id-v2,1788212554096879136,127,127,2049,16464,6e8963fe8ec6e7fab5327424a5ea8fde69aca02abe0f64d0907d31cf9bf7fbde,6.536,
259,primary_test_impostor,754,1677,primary_test_impostor,0,222,21,1016,0,False,,0,False,,0,,False,,6.567,0.55,32840,db099357a8956a3babdc3627cf6f912564fb20e7cd5f566f73d2605e146a59ac,14418.145,14416.9,7804,exact-open-set-id-v2,1788212554096879136,127,127,2049,16464,c567119e24a192f6f9590864a0bc34daa1cfbf2e7338db78cbbb6fdb0bf7ba08,5.974,
260,primary_test_impostor,755,1678,primary_test_impostor,0,152,27,1021,0,False,,0,False,,0,,False,,6.136,0.43,32840,d1eb597321f377b31b123c770b3f0971bead5d577d751e4b5396649529a32793,17835.477,17834.2,7804,exact-open-set-id-v2,1788212554096879136,127,127,2049,16464,b21935cf85394baa57a7142a5ac2f1fc6cbdf663a5cd3dd88514866fe9ddd59e,10.919,
261,primary_test_impostor,756,1679,primary_test_impostor,0,239,9,1005,0,False,,0,False,,0,,False,,17.759,3.15,32840,7ff46ca212492132a764bdae850828ddc78a397398ebbd34798404d46fc6b4d1,15635.321,15633.6,7804,exact-open-set-id-v2,1788212554096879136,127,127,2049,16464,a81026e5696a0f1c7fd3b6ee1077342803258170cf19d520d391304e84094ed9,8.114,
262,primary_test_impostor,757,168,primary_test_impostor,0,253,24,1019,0,False,,0,False,,0,,False,,10.801,0.48,32840,79b1a937094a69f0ca68ef1cbd80b2c3a3d0647cbe3735fa3055bc801b518bf8,14649.021,14648.2,7804,exact-open-set-id-v2,1788212554096879136,127,127,2049,16464,0213bb82925274e34668f9bfca12fc6fb1572dea7716406a551ee21ad8927ae3,8.116,
263,primary_test_impostor,758,1680,primary_test_impostor,0,3,45,1038,1,True,45,46,True,45,46,digiface-45-1038,False,,6.075,0.45,32840,35c3c9a389550d09a22928c9887284a2a72c224f979bb93855f5cde16bf241a4,16638.185,16637.1,7804,exact-open-set-id-v2,1788212554096879136,127,127,2049,16464,7d76d2d11aef2f4ed2e224805995c30ee83b72631b4620f5b4e828211c552e66,6.09,
264,primary_test_impostor,759,1681,primary_test_impostor,0,189,19,1014,0,False,,0,False,,0,,False,,5.749,0.49,32840,7b1a2d9a24417601db32ffe6e9f795710a7d679cb3d02b84cf583d76cdeb87c6,17507.261,17506.2,7804,exact-open-set-id-v2,1788212554096879136,127,127,2049,16464,7c4a96fa0fb92a500e2aa83f30ee4fb895d88fb3fc111e668842aa399a81527f,5.91,
265,primary_test_impostor,760,1682,primary_test_impostor,0,205,88,1077,0,False,,0,False,,0,,False,,5.516,0.44,32840,36aa67a7889b17f01f81539de136adca067717b5b9f1d99c513976990c4fb92c,21403.188,21401.9,7804,exact-open-set-id-v2,1788212554096879136,127,127,2049,16464,fcbdf9e30e353d6b4ec0e367a66742dec9c36dfd809bf378a8fb41cbd13f018a,5.716,
266,primary_test_impostor,761,1683,primary_test_impostor,0,223,108,1095,0,False,,0,False,,0,,False,,6.251,0.43,32840,74b1fa91df060a3b665e84dac3c7de6c20b8f4f0ff1f25fecf620d88ac25b16d,19503.493,19502.5,7804,exact-open-set-id-v2,1788212554096879136,127,127,2049,16464,c2b5735c5bd478c624bbcac9133d2d07932c437529fb0a04a938bb0c2a706e23,9.47,
267,primary_test_impostor,762,1684,primary_test_impostor,0,181,24,1019,0,False,,0,False,,0,,False,,7.134,0.46,32840,81d2af0b824619fda7788a51d8fafc46db3a92d2e0d2037eaa2d42abd5dd51a6,16646.78,16645.8,7804,exact-open-set-id-v2,1788212554096879136,127,127,2049,16464,11a2da9d1c00868f504706ec4031db0c79dedc45da45fcf4228a7a56aa13197f,7.691,
268,primary_test_impostor,763,1685,primary_test_impostor,0,183,116,1101,0,False,,0,False,,0,,False,,6.225,0.55,32840,99e3a51d8ef29e37bd6182ca69d4e9ed657739cc659769d62d2716177589fdac,16457.178,16456.4,7804,exact-open-set-id-v2,1788212554096879136,127,127,2049,16464,d764aa0230d057a416f4e152a77ad949d327435334341c751a7ec1bdf43d5de2,6.803,
269,primary_test_impostor,764,1686,primary_test_impostor,0,127,68,1059,0,False,,0,False,,0,,False,,6.473,0.51,32840,42f785c2cbe7c54e450ef48ed3dd6d7adca17722c48f7f481cb48d0064f33b3f,21628.216,21626.8,7804,exact-open-set-id-v2,1788212554096879136,127,127,2049,16464,362ac2800301d60f1a00a1395f0af1ec28cb126eb242528f51d5860ba6b210a1,8.446,
270,primary_test_impostor,765,1687,primary_test_impostor,0,89,81,1070,0,False,,0,False,,0,,False,,6.424,0.79,32840,475f3b6442907aad12e8caa8b6151f75744b47b3c2fd0fa94a78ca455f945f7f,19375.573,19374.7,7804,exact-open-set-id-v2,1788212554096879136,127,127,2049,16464,0658d790950c378c0c03573da4b33b11310810d913b9cac8e2c142df227971c6,6.272,
271,primary_test_impostor,766,1688,primary_test_impostor,0,177,32,1026,0,False,,0,False,,0,,False,,6.302,0.48,32840,19b4e353f5077b0c5b18f3e2852066138d38dc9716e69329faf9caa65d4da50e,17975.188,17973.6,7804,exact-open-set-id-v2,1788212554096879136,127,127,2049,16464,686d435183091ab04e9e021d78ec652fa6350c15467721d0f3a5dedfcd18ab74,6.04,
272,primary_test_impostor,767,1689,primary_test_impostor,0,119,81,1070,0,False,,0,False,,0,,False,,5.705,0.44,32840,0b491dba26c97ad11511330882b45e94dba69b59be1b0d20cd812c2cdfd13a43,15344.776,15343.8,7804,exact-open-set-id-v2,1788212554096879136,127,127,2049,16464,4fa14f08aa8ac719ca93a1ab8271fb3ae955c4aa76c716248a2c0a4445e2ddb3,5.981,
273,primary_test_impostor,768,169,primary_test_impostor,0,47,65,1056,0,False,,0,False,,0,,False,,6.119,0.46,32840,26f0795fa53efc3a5d06b4d19f14982e4692a1a24da21674e3519de85c311ada,15332.707,15331.9,7804,exact-open-set-id-v2,1788212554096879136,127,127,2049,16464,cef873d39d3fc271493e676fb311ec3ddf23c632e1aff8e5137b7dde112bdd6a,6.316,
274,primary_test_impostor,769,1690,primary_test_impostor,0,186,3,100,0,False,,0,False,,0,,False,,5.629,0.49,32840,0a395852338c943b4a3fcb0625845c3476390875bba50df2feb39c8672357fd3,15862.021,15861.2,7804,exact-open-set-id-v2,1788212554096879136,127,127,2049,16464,6236e44058d42e390b2e0fc4faa6107311e8f0058be36db4ba33cad6a5eb5075,7.15,
275,primary_test_impostor,770,1691,primary_test_impostor,0,217,51,1043,0,False,,0,False,,0,,False,,5.711,0.43,32840,200b78de3d24be8b96768d448c8da9c7660cc1c200e0df481fee9fd3df1bb81d,21784.013,21773.8,7804,exact-open-set-id-v2,1788212554096879136,127,127,2049,16464,be28834fc11ccf217c7920e42d9e75d6475810e21ca90ae9abb2434d1fb89c64,9.41,
276,primary_test_impostor,771,1692,primary_test_impostor,0,154,61,1052,0,False,,0,False,,0,,False,,6.69,0.51,32840,a66e0929db69e41b829f88bafa8e908593cce647f1dcda4b79ef81ff9c097bc8,17779.714,17778.5,7804,exact-open-set-id-v2,1788212554096879136,127,127,2049,16464,63a205bae655694a5771ad231c428892ae0cbe918f15e27377bf6090851c0e87,6.267,
277,primary_test_impostor,772,1693,primary_test_impostor,0,252,125,111,0,False,,0,False,,0,,False,,6.33,0.44,32840,3e2ea4f9e890e1e3bfd58609646aa011973eeb15723b6a90c6fc4551d9d4555d,15807.084,15806.1,7804,exact-open-set-id-v2,1788212554096879136,127,127,2049,16464,ab3ab3f17fb00b9729a04efd7e8369bc5383037347ebdd3a0c111a04385188ca,6.879,
278,primary_test_impostor,773,1694,primary_test_impostor,0,254,2,10,0,False,,0,False,,0,,False,,6.072,0.49,32840,ac8878241f88e8ca220285d0dddf1f28ca8aca5e0ae3447734ed0475ad05af3c,17008.236,17006.8,7804,exact-open-set-id-v2,1788212554096879136,127,127,2049,16464,15f13ce19671ac6afd595e915141775f76133334b2a72b552f991ae2e31eeedf,6.472,
279,primary_test_impostor,774,1695,primary_test_impostor,0,173,81,1070,0,False,,0,False,,0,,False,,6.583,0.47,32840,af5eec9a7c4e75d9760c773d18ab0f0e7809a7e80add24e7ccc05c43bc6d3602,16167.41,16166.1,7804,exact-open-set-id-v2,1788212554096879136,127,127,2049,16464,bcecd6d7c0fb44a644ebb216cca4f5dde25a9ef85adc4a4d1bad58fcf387d568,12.888,
280,primary_test_impostor,775,1696,primary_test_impostor,0,208,70,1060,0,False,,0,False,,0,,False,,5.779,0.49,32840,276c1e845ce088e76f4414afd8acb9cbf0630fb428e5bd0d2f43896c9daf56d2,15156.546,15155.5,7804,exact-open-set-id-v2,1788212554096879136,127,127,2049,16464,9d89aaf314f0a1ac55820b8dc063f6ac9ed49d7b4b6b355d0d8365d0d1b53163,12.347,
281,primary_test_impostor,776,1697,primary_test_impostor,0,254,85,1074,0,False,,0,False,,0,,False,,11.404,0.55,32840,1d169cdee14b82f8c9d220e27a62931b6ef03817fcf11a45c255a0d410a71106,15107.98,15107.0,7804,exact-open-set-id-v2,1788212554096879136,127,127,2049,16464,533ff8609a7096f2a5251b6ecf66049e9f048ff81d2201d263d08df736047bae,6.266,
282,primary_test_impostor,777,1698,primary_test_impostor,0,146,46,1039,0,False,,0,False,,0,,False,,6.602,0.47,32840,7cd06d9ae76b3e4c34a6be5f22cd678d857dfd5ae0c685fb4e02f6de60007979,18112.392,18110.5,7804,exact-open-set-id-v2,1788212554096879136,127,127,2049,16464,280e473c61b58873ad969320a67e2ef4dd4e75529dc8291c8fe315b23a3ca6a4,10.38,
283,primary_test_impostor,778,1699,primary_test_impostor,0,212,100,1088,0,False,,0,False,,0,,False,,9.905,0.47,32840,a0c8e811924500eab55faf96384c5f89ad32d2f4b1f9aaf6baa3e232de185902,19781.659,19780.5,7804,exact-open-set-id-v2,1788212554096879136,127,127,2049,16464,30794b628fdb1cf0af093a8f6280c2f5becd30c1b67951fbacedb2809edc44e2,6.273,
284,primary_test_impostor,779,17,primary_test_impostor,0,281,29,1023,0,False,,0,False,,0,,False,,6.531,0.58,32840,cc216c0daf81232c49327fb1da507c57b0c8bd4cc481ae178099298ec0ebb237,19370.976,19369.4,7804,exact-open-set-id-v2,1788212554096879136,127,127,2049,16464,4a195cb1736cd1f1041c08cfdabf88514a870a62930063ec3624b7fa20c46c21,9.51,
285,primary_test_impostor,780,170,primary_test_impostor,0,178,20,1015,0,False,,0,False,,0,,False,,9.061,0.54,32840,6a2cffd18adb8505ba1d913cb8bcc4a4ad77c93ef8ff04ff27c13989c3404f32,16540.403,16539.3,7804,exact-open-set-id-v2,1788212554096879136,127,127,2049,16464,13fcff4981bc29015193c6f6f14da0c369f87557e43d7101fa58392662b3a386,7.606,
286,primary_test_impostor,781,1700,primary_test_impostor,0,198,3,100,0,False,,0,False,,0,,False,,6.257,0.49,32840,f7a726ae8b71bd58b2fe13559d4adafffcfa5df0af4557f1c2bae326a00c3f0c,14863.274,14861.9,7804,exact-open-set-id-v2,1788212554096879136,127,127,2049,16464,00d4670ba23e5825f51c0f120adcc0705cc297a5a2bc76523a8bd5395270853f,5.999,
287,primary_test_impostor,782,1701,primary_test_impostor,0,44,100,1088,0,False,,0,False,,0,,False,,5.982,0.47,32840,81033faed1a4d001b993ab6f05fde015dd1b743079ca71b818934c830e542886,15418.439,15417.6,7804,exact-open-set-id-v2,1788212554096879136,127,127,2049,16464,b3e5a425e6122f31f3eaeed9db654898c6db93d0f2d245ca39bacbcdb4767850,6.435,
288,primary_test_impostor,783,1702,primary_test_impostor,0,82,23,1018,0,False,,0,False,,0,,False,,5.855,0.43,32840,f99c77312566fed1bd2835e69ebd1411fd857c5598257f9008ca54b1d4aa6f5c,16815.334,16814.3,7804,exact-open-set-id-v2,1788212554096879136,127,127,2049,16464,63dd052f957888c8892b997ddfa862ff0028d5d117da11674cc20c4334632f50,12.377,
289,primary_test_impostor,784,1703,primary_test_impostor,0,165,74,1064,0,False,,0,False,,0,,False,,7.599,0.49,32840,d3bd945fb4768f12fdd1c5cb737df0b036cd5bc11c91108b8ca5df64320fb07c,20773.012,20771.5,7804,exact-open-set-id-v2,1788212554096879136,127,127,2049,16464,954832c7d57657f003241046926755f38c2c692d2a128b555db2507cd28eca77,10.332,
290,primary_test_impostor,785,1704,primary_test_impostor,0,155,58,105,0,False,,0,False,,0,,False,,12.414,0.76,32840,1656209d75b4bd3451b3370e8ef2a2230591524f5dcefeaa5b336a5ae940e9ef,18180.777,18179.4,7804,exact-open-set-id-v2,1788212554096879136,127,127,2049,16464,b96e11f2a3b49f2112cc2d2e8059114e8acf7ea68bffaa5c3d15530107ea7542,6.198,
291,primary_test_impostor,786,1705,primary_test_impostor,0,170,7,1003,0,False,,0,False,,0,,False,,6.295,0.48,32840,4939f8ad413b374b7ea842d8ec5f2b161fd9703eedca8547b9fcc77f6ae83dc5,15726.036,15725.3,7804,exact-open-set-id-v2,1788212554096879136,127,127,2049,16464,5b839d36bc9a52327d4f1f0a9ae7e41d29b95eed032b2ebbf34a018489fbfbb3,6.398,
292,primary_test_impostor,787,1706,primary_test_impostor,0,187,64,1055,0,False,,0,False,,0,,False,,5.251,0.43,32840,f5f0bb071272d44174a87188a91ad5d06115fddff42770f476df24aaa3f2a452,20453.744,20452.5,7804,exact-open-set-id-v2,1788212554096879136,127,127,2049,16464,8f76c4091937b179099a6dace632139a04ce034e01e9686a8bfd486ab2868ad1,6.021,
293,primary_test_impostor,788,1707,primary_test_impostor,0,68,99,1087,0,False,,0,False,,0,,False,,5.414,0.44,32840,057e5b5cb7751db50cd64e479ffd7a0e371e2cf3e5d50f5894c2ed86a16cd206,18536.31,18535.1,7804,exact-open-set-id-v2,1788212554096879136,127,127,2049,16464,90ca85855f2240a06da75fe1430093cdaf657d701ab402b881812bae13ba1692,5.889,
294,primary_test_impostor,789,1708,primary_test_impostor,0,151,114,110,0,False,,0,False,,0,,False,,6.041,0.45,32840,803c8346898976d2bce1dac888b9073798719b3dabae509fdd7b1948b7338de2,15040.539,15039.3,7804,exact-open-set-id-v2,1788212554096879136,127,127,2049,16464,e5dae399a7149ce46ccf8e18bfc05d31df2bdd0fb5394ab95457fc951b73f30c,6.351,
295,primary_test_impostor,790,1709,primary_test_impostor,0,172,23,1018,0,False,,0,False,,0,,False,,5.056,0.43,32840,e515194c87146924877a993a28bb994ec52f3eba024deb96b14194ebabbaf9f8,15681.788,15680.6,7804,exact-open-set-id-v2,1788212554096879136,127,127,2049,16464,2a81f4138c9542bf49fabb27dc034aa9600dfc409e6d312da7d89ad2047a44b7,6.862,
296,primary_test_impostor,791,171,primary_test_impostor,0,159,63,1054,0,False,,0,False,,0,,False,,5.608,0.48,32840,a5033a96a65b3f911d95f6a7b2982e74fd2a78f4b58689186fc73438757807c3,16185.713,16184.8,7804,exact-open-set-id-v2,1788212554096879136,127,127,2049,16464,9bf69f08073b5047af663643e16bef8efb228c4c69bd51ef159f38f356c12292,6.496,
297,primary_test_impostor,792,1710,primary_test_impostor,0,89,111,1098,0,False,,0,False,,0,,False,,6.807,0.47,32840,0ff7c01f7bcd55cc0df83da1962bfe450a9f670f1bb92a24414576b7e4077923,15831.62,15830.6,7804,exact-open-set-id-v2,1788212554096879136,127,127,2049,16464,8805dc8d0653d4f474ab22b558669731e3672efe299e47a3e89775efdddd26cb,7.4,
298,primary_test_impostor,793,1711,primary_test_impostor,0,255,86,1075,0,False,,0,False,,0,,False,,7.702,0.47,32840,c1909cb2635c75592e0b80369582cdd7e240bf9936d49db966663cadbee5fe64,19865.799,19864.6,7804,exact-open-set-id-v2,1788212554096879136,127,127,2049,16464,a0b828ebb2a8061048e4fc9fe132f558b4f9d19385e2c09d4572ea1c2e791c46,7.159,
299,primary_test_impostor,794,1712,primary_test_impostor,0,288,18,1013,0,False,,0,False,,0,,False,,6.191,0.5,32840,83f0e3d93d1e4d53dd452a73c0a559d3c232eb4333d8ffbf2f4b3049c8e512cd,16869.011,16868.1,7804,exact-open-set-id-v2,1788212554096879136,127,127,2049,16464,058483aaf54e0f004886b57fabff58f5499dbf4993f3ad01f23427200f79ff4e,6.215,
300,primary_test_impostor,795,1713,primary_test_impostor,0,322,61,1052,0,False,,0,False,,0,,False,,5.869,0.47,32840,911aa922e2789d108c0d1432e51093802c387d12def3f4a959bdc97a8fe04419,14636.281,14635.4,7804,exact-open-set-id-v2,1788212554096879136,127,127,2049,16464,410cf40e4fa674e82c16bea268af245820e49828d92d31b34a4c420c5fb99437,6.105,
301,primary_test_impostor,796,1714,primary_test_impostor,0,60,33,1027,0,False,,0,False,,0,,False,,5.636,0.46,32840,5e0ec9a3efa6b59363d6b14c567d5518c22a231f91ae27ff0f5c805c3485d289,14458.085,14457.2,7804,exact-open-set-id-v2,1788212554096879136,127,127,2049,16464,4f423307002e7b1fa0b22825051a740ad703f286be8521944cd6bbfe38c996dc,5.968,
302,primary_test_impostor,797,1715,primary_test_impostor,0,68,3,100,0,False,,0,False,,0,,False,,5.53,0.46,32840,0eb3791d1725a48c01acb32bc51e4b4753ba67e0c0381f46883676a75820cb52,14601.498,14600.6,7804,exact-open-set-id-v2,1788212554096879136,127,127,2049,16464,c062cad0414c29061a1abff5910dce34dcfaf3ae10c1f3c063c5c257267eb165,5.627,
303,primary_test_impostor,798,1716,primary_test_impostor,0,211,95,1083,0,False,,0,False,,0,,False,,5.834,0.46,32840,cfb199fa70eead1bab9cfebfddd950e33437195278406243179ad857f9e8f176,14590.718,14589.7,7804,exact-open-set-id-v2,1788212554096879136,127,127,2049,16464,a8039fcf9fc47c3f7b08a3194b103f2724a349ed58dc9f93c94f944d7045346b,5.324,
304,primary_test_impostor,799,1717,primary_test_impostor,0,243,82,1071,0,False,,0,False,,0,,False,,6.056,0.49,32840,4ec36e23695758970bfea5453fd78ef18665bd7ffb531179efbf583dc6ba4fa4,15472.929,15472.1,7804,exact-open-set-id-v2,1788212554096879136,127,127,2049,16464,4466b3af459fc46ec4a259e51b0c467c58c3ec7dcec715e80cd81b4e30623c83,6.178,
305,primary_test_impostor,800,1718,primary_test_impostor,0,208,2,10,0,False,,0,False,,0,,False,,6.701,0.46,32840,7bd9704a8d71febb56e2e84c2f43b401de85290dc877ed778ca00a1d11477f7e,14942.191,14941.5,7804,exact-open-set-id-v2,1788212554096879136,127,127,2049,16464,38760a301068512c7c14e4294b03d4942d987d593c94528fd94ec51d7555e5fd,5.918,
306,primary_test_impostor,801,1719,primary_test_impostor,0,159,59,1050,0,False,,0,False,,0,,False,,5.615,0.42,32840,2ea7a24a1b761bdc75660b2c177477bc95b093164d88aede871f7533c80f9312,14992.895,14992.1,7804,exact-open-set-id-v2,1788212554096879136,127,127,2049,16464,1daa5e9b3865b25b04c6c5cd1ba2c58057ca0b726ed83c9bcd3d69d2ea8d7a4c,5.936,
307,primary_test_impostor,802,172,primary_test_impostor,0,237,29,1023,0,False,,0,False,,0,,False,,5.736,0.42,32840,240f34e90ff981450ea3a46ad7e82643b9cbc98752dfce958eff1fe1a386d391,14683.931,14683.2,7804,exact-open-set-id-v2,1788212554096879136,127,127,2049,16464,5421b83b7edb0a8378ccddd1962f5db1422ae05c56f67f409500a08d74b9343d,5.771,
308,primary_test_impostor,803,1720,primary_test_impostor,0,248,17,1012,0,False,,0,False,,0,,False,,6.057,0.56,32840,faead5ff507403466f58f9062deaf91be4e2b9e2a414ec1b6325b78a528788c5,14583.623,14582.7,7804,exact-open-set-id-v2,1788212554096879136,127,127,2049,16464,9ce44c44411132a40099370e9e0bc0fb437a085d4c4773fd6b3799c22f051cfd,5.999,
309,primary_test_impostor,804,1721,primary_test_impostor,0,170,62,1053,0,False,,0,False,,0,,False,,4.958,0.39,32840,60b2f58503f2b46dd9a44941d053e0e32593f3c1d694d35580bb603145aa4c8f,16112.662,16111.8,7804,exact-open-set-id-v2,1788212554096879136,127,127,2049,16464,19bbe4249d008af2ef11081aaa3c48ba610284daab5cba12b50b6d5b8116cb79,6.14,
310,primary_test_impostor,805,1722,primary_test_impostor,0,232,119,1104,0,False,,0,False,,0,,False,,7.394,0.55,32840,0ed95d39199016ebd107a6afb35d885d5bb4f1e4c63de047e1ff938682934906,16938.901,16937.9,7804,exact-open-set-id-v2,1788212554096879136,127,127,2049,16464,afe54656db334f025ec06254c70d8f44acd8e4eaa83c4dc1e296c1103da60158,6.761,
311,primary_test_impostor,806,1723,primary_test_impostor,0,101,32,1026,0,False,,0,False,,0,,False,,8.879,0.48,32840,31400115dbbd8c16e846cecc240282ca3bec99080ae094c839b7e5ac61d92994,19169.292,19167.7,7804,exact-open-set-id-v2,1788212554096879136,127,127,2049,16464,d7a21e8e811b70fbf39db4e9409caceae1160d7e08ef76e7045b83d938d19a99,7.65,
312,primary_test_impostor,807,1724,primary_test_impostor,0,176,6,1002,0,False,,0,False,,0,,False,,10.154,0.71,32840,3bb07aa8482a2f4c345930be99fa624815be31f54788cf7c786ae698cb0d0e99,19011.363,19008.9,7804,exact-open-set-id-v2,1788212554096879136,127,127,2049,16464,6a7c3eb712d2743287e14b75e3c4ec953238c6cc9a879d7f9ce99602dce8d329,8.955,
313,primary_test_impostor,808,1725,primary_test_impostor,0,204,85,1074,0,False,,0,False,,0,,False,,7.293,0.48,32840,6d7f009615fcd6af4dcab186c1d70c7328c0657182ff3965c4392c4133006361,19226.677,19225.8,7804,exact-open-set-id-v2,1788212554096879136,127,127,2049,16464,92a849661a5367da75a83785687e861ab2cbac656c00d16c2e55b2715d22e9e9,7.696,
314,primary_test_impostor,809,1726,primary_test_impostor,0,36,54,1046,0,False,,0,False,,0,,False,,6.008,0.61,32840,81e50f2575279b53a9ac326a41d3614d16fed48bc03915e23f69bdb0bf541afc,17511.583,17510.7,7804,exact-open-set-id-v2,1788212554096879136,127,127,2049,16464,c881e2e2217fc97bfad0f4595330ecbdd17e7681453b283807e311f2f52f3e3e,5.835,
315,primary_test_impostor,810,1727,primary_test_impostor,0,245,120,1105,0,False,,0,False,,0,,False,,7.149,2.0,32840,b0df904583936e47d8e7e91b3a0c3c50c8605a29720b3e4fd650f76a04b72e4d,16859.247,16858.2,7804,exact-open-set-id-v2,1788212554096879136,127,127,2049,16464,465fb2ea49e33ed8f47fa12f5851eb44d1857114ef84787ab5c5e01c018f0ec0,6.657,
316,primary_test_impostor,811,1728,primary_test_impostor,0,78,99,1087,0,False,,0,False,,0,,False,,5.426,0.43,32840,cd5613dea79eeb9909f5ccfc2b9b0c035d1c9c325583b50bd377666422fa9547,14937.472,14936.4,7804,exact-open-set-id-v2,1788212554096879136,127,127,2049,16464,405a66fa64e4098891a54b3c5cf6fe7fe80478ef07850f5d976a1f0d8903d06d,6.653,
317,primary_test_impostor,812,1729,primary_test_impostor,0,211,120,1105,0,False,,0,False,,0,,False,,5.189,0.53,32840,27816cb1608586f8f44c06ed21e59c070afb2a5e710d2c62def5aeabdc6bc1d6,16325.82,16324.7,7804,exact-open-set-id-v2,1788212554096879136,127,127,2049,16464,a1e7eeceb53ccac9b4a7e86a817ef631b56cfc3e4fa5b767aab648014bd73e7b,6.097,
318,primary_test_impostor,813,173,primary_test_impostor,0,123,53,1045,0,False,,0,False,,0,,False,,7.455,0.86,32840,4bc7e326220073c91da75faafb2fae7593a08954324ac66de6246fb63d70e471,15385.494,15384.5,7804,exact-open-set-id-v2,1788212554096879136,127,127,2049,16464,ec86e65e8386410746dc9d93c96f097d21e75183fe42ee138711a1b49cb57c64,7.091,
319,primary_test_impostor,814,1730,primary_test_impostor,0,226,3,100,0,False,,0,False,,0,,False,,6.037,0.46,32840,77ac1382916ca1ae0ffd62c3283aec53e656cd6091985bb37c6a9d0989d5c0fb,15831.438,15830.3,7804,exact-open-set-id-v2,1788212554096879136,127,127,2049,16464,3e532045dec1f58835cb9122cb7d4fa63b5bfde592be6afd6aefd3155498a615,9.33,
320,primary_test_impostor,815,1731,primary_test_impostor,0,238,119,1104,0,False,,0,False,,0,,False,,6.074,0.44,32840,86d2021b2a6cd2a5ca77d50fa99a2913e88cda8ada5d8c577dc36236e9127096,14857.363,14856.3,7804,exact-open-set-id-v2,1788212554096879136,127,127,2049,16464,6fec80cd9dad9727ef4609c0ee680c2ead9d2bcdd8fcfc5405d411220c80d7d2,6.364,
321,primary_test_impostor,816,1732,primary_test_impostor,0,229,120,1105,0,False,,0,False,,0,,False,,6.488,0.55,32840,5978b19c4c657ab37dac2e61ad843980c261a19a96cded8db48867b4172111dc,15319.18,15318.1,7804,exact-open-set-id-v2,1788212554096879136,127,127,2049,16464,87e99936cfa6804a1c44ac2b6228cf20d6f6c1a44d5a7c976f355238c89abc0f,7.159,
322,primary_test_impostor,817,1733,primary_test_impostor,0,208,119,1104,0,False,,0,False,,0,,False,,5.924,0.5,32840,d73c821b61223fa6999d51320e6d02b19139ca5876bcf7f37f5edf986e0df6b4,15425.782,15422.7,7804,exact-open-set-id-v2,1788212554096879136,127,127,2049,16464,a8252a3ebee8cdb66b91aae936f15400ad7ab632dde636f4db11def970a63425,6.993,
323,primary_test_impostor,818,1734,primary_test_impostor,0,90,102,109,0,False,,0,False,,0,,False,,5.959,0.51,32840,25ef85583271ee524669069b85b9c24df81ec4977869eb2c2d9b8340abcd2fd0,16234.357,16233.2,7804,exact-open-set-id-v2,1788212554096879136,127,127,2049,16464,fd3dacd5c8a4ccc9e0027cf01b7dbeb2459f8e8bd10a3b2a856c100f76f3e0bf,6.108,
324,primary_test_impostor,819,1735,primary_test_impostor,0,168,21,1016,0,False,,0,False,,0,,False,,7.775,0.45,32840,99d8bb2b98197a597e9e7a315ca7401e0bd343aa8568562b188b9012925733b5,15376.05,15374.9,7804,exact-open-set-id-v2,1788212554096879136,127,127,2049,16464,2a0c50a1c7eb374ba5c2efb7df3f03647d48230a29395151d56c067bb8f2295d,5.721,
325,primary_test_impostor,820,1736,primary_test_impostor,0,80,80,107,0,False,,0,False,,0,,False,,5.608,0.44,32840,8af7963fd8a1434a0d33afeae5b609b7407d2e2b9b7d2be6fafdb8a79e4f3c97,15148.886,15147.7,7804,exact-open-set-id-v2,1788212554096879136,127,127,2049,16464,837d819c830d79aeeb73ee680dc7e6303f0f04d76062ec8b3ee36b6f393a516f,6.275,
326,primary_test_impostor,821,1737,primary_test_impostor,0,183,19,1014,0,False,,0,False,,0,,False,,6.276,0.44,32840,1b90906d67bfc130833c56036f41da2133fa186da579f3b30b5369e6415045c0,19087.484,19086.3,7804,exact-open-set-id-v2,1788212554096879136,127,127,2049,16464,e8797ba8f2ebe44547474fa6d5184a0e2d1d95e3010a0c9884834053d27e562c,13.177,
327,primary_test_impostor,822,1738,primary_test_impostor,0,267,24,1019,0,False,,0,False,,0,,False,,12.452,1.95,32840,0378e34611e03d26245696f466c1dd656ee151da825b7b7a2cf23fc625a625f8,18868.071,18866.8,7804,exact-open-set-id-v2,1788212554096879136,127,127,2049,16464,762c71ebdca2aeb2578ea4d60581695e5b1194de47da15c51516c4c7d18017ba,8.008,
328,primary_test_impostor,823,1739,primary_test_impostor,0,110,3,100,0,False,,0,False,,0,,False,,7.795,0.54,32840,e46d6927aea0ecda0c951ebb63e0eb5693b2995d2aa50abd23346e297c5b5872,17298.458,17297.0,7804,exact-open-set-id-v2,1788212554096879136,127,127,2049,16464,78dcf4ffa90641a872e91307bfe5b45b2f7e3b39e36879a1ce4ad047131ad2a6,6.889,
329,primary_test_impostor,824,174,primary_test_impostor,0,179,64,1055,0,False,,0,False,,0,,False,,6.117,0.52,32840,32ec3235acd91c3558d6c4e7856d08a6d83eeb710847ae1d76d0f0df36785f51,17609.865,17608.6,7804,exact-open-set-id-v2,1788212554096879136,127,127,2049,16464,16a4ff5b35fba95e14b38c56aaa2a2f89c6ee957e0d331c4fa4058e88aca70ec,8.156,
330,primary_test_impostor,825,1740,primary_test_impostor,0,141,76,1066,0,False,,0,False,,0,,False,,7.08,0.63,32840,2fda27b5155d1257b9f0435bcc66be37a14942c9daf9209880c72066d6ab171e,16473.539,16472.4,7804,exact-open-set-id-v2,1788212554096879136,127,127,2049,16464,61fb2df0f27e930c9e1799b918dd4f129e3b1a2c65fb5aebaf6d61a15f5c6af6,5.57,
331,primary_test_impostor,826,1741,primary_test_impostor,0,280,100,1088,0,False,,0,False,,0,,False,,6.292,0.47,32840,4356ea8fb68dbd2bdfd2169242ab9367cfaef29e06bf44c904a0726cfb480c41,16136.076,16134.8,7804,exact-open-set-id-v2,1788212554096879136,127,127,2049,16464,4f03124d6641f56b7ee4e21d62e39cbc0160fd457954c2c1dd4ebab14f8e3685,9.725,
332,primary_test_impostor,827,1742,primary_test_impostor,0,218,99,1087,0,False,,0,False,,0,,False,,5.733,0.45,32840,71034331f74f8aea26402e2595fc57d4331b1ce7baa4d13c499d4b1c0916e7ed,15887.036,15884.1,7804,exact-open-set-id-v2,1788212554096879136,127,127,2049,16464,9dfc8c7ab8321bab0b11780b624dc718ec6259aba8a1542ceba6b5ee9704db7a,8.888,
333,primary_test_impostor,828,1743,primary_test_impostor,0,223,98,1086,0,False,,0,False,,0,,False,,12.305,0.5,32840,4abc7abd7e7822cfd3064b3e0d06e0080b71d56c22f9b5bbe6bfc0059c226f81,15830.416,15829.2,7804,exact-open-set-id-v2,1788212554096879136,127,127,2049,16464,3b69adca38ea546d7344a54d3a761bad1d35f0691ab3a2b62991e496eae0455e,5.947,
334,primary_test_impostor,829,1744,primary_test_impostor,0,120,93,1081,0,False,,0,False,,0,,False,,5.627,0.47,32840,49a5c9ccaefe55c5f08082ecc68191ab96658b0582f73b272eecc4271240f416,14844.776,14843.8,7804,exact-open-set-id-v2,1788212554096879136,127,127,2049,16464,5f5116c8024b369b09488fae1e598ea98e20a4adcda389370712b72b936085c4,6.968,
335,primary_test_impostor,830,1745,primary_test_impostor,0,240,122,1107,0,False,,0,False,,0,,False,,6.442,0.5,32840,a8a9df26a0b9104055ef12a6f786810dfe7e164a750f16971fe04086c3f9f20f,15860.675,15859.9,7804,exact-open-set-id-v2,1788212554096879136,127,127,2049,16464,b3b30e72eda31df2e36b1be1022680d64324bc754cb8c890307acb37157a88ed,6.95,
336,primary_test_impostor,831,1746,primary_test_impostor,0,150,80,107,0,False,,0,False,,0,,False,,5.378,0.45,32840,5525b0ce6a3a0c22cda2e2a678b223834618b3e6a6f42d8cb1306ea80da539e2,15556.213,15555.4,7804,exact-open-set-id-v2,1788212554096879136,127,127,2049,16464,bab94ac12c6405bd8b738b23678d8f86b0ac561ab1ba17679f044c30fc8f0a6c,6.412,
337,primary_test_impostor,832,1747,primary_test_impostor,0,209,25,102,0,False,,0,False,,0,,False,,6.321,0.8,32840,bd316819cf6c7aef5adb121c48769640ade161588c7a6aa45fc6a21b61464097,16580.43,16579.5,7804,exact-open-set-id-v2,1788212554096879136,127,127,2049,16464,cf41c340d6f3ad99ed28f9537e7636bb2f0310ca23a2a82f8a243cc767cf03f1,7.129,
338,primary_test_impostor,833,1748,primary_test_impostor,0,242,33,1027,0,False,,0,False,,0,,False,,5.543,0.46,32840,26b4e90c9d2a1ddcee17cc47093db87ace8be5ccf2c6913ef947ec1f55206185,15652.195,15651.2,7804,exact-open-set-id-v2,1788212554096879136,127,127,2049,16464,a6db5dabd4d5dddc4b798cf3993b494895061de264f9d5c0615ea6ea6143caea,6.514,
339,primary_test_impostor,834,1749,primary_test_impostor,0,175,98,1086,0,False,,0,False,,0,,False,,5.295,0.47,32840,fb987e5f2f246dfa5112ec7702326bb6fd0070f7534a49fc766f9302c9cfd832,16886.199,16885.2,7804,exact-open-set-id-v2,1788212554096879136,127,127,2049,16464,3519f016f3cd82df6f29f89012495a3799ccf1b4badf63e3000ea5dce76990f0,6.706,
340,primary_test_impostor,835,175,primary_test_impostor,0,156,10,1006,0,False,,0,False,,0,,False,,5.754,0.51,32840,7b06a644aac2d26e9132d2ff323e0167dc9be13b643a730062aca185740b36c0,14711.422,14710.4,7804,exact-open-set-id-v2,1788212554096879136,127,127,2049,16464,1ced018218726d6385ec5c01eb4756d91334796130791060169a8f5f09abd101,6.956,
341,primary_test_impostor,836,1750,primary_test_impostor,0,117,107,1094,0,False,,0,False,,0,,False,,27.629,2.15,32840,5a07edee33043793018871adaea53440fe95f8dd3a09f03f92cdaa9665d05d4b,19728.248,19725.4,7804,exact-open-set-id-v2,1788212554096879136,127,127,2049,16464,213ac7ee81e778c6edf1407d1acaa294651624a75f73023762bbedf8817ee093,8.069,
342,primary_test_impostor,837,1751,primary_test_impostor,0,191,116,1101,0,False,,0,False,,0,,False,,6.077,0.45,32840,b555ba828163e2f1bec19b264c2901d3bf5e2e146923bbf4e19ef7df4fc36e40,17531.275,17530.0,7804,exact-open-set-id-v2,1788212554096879136,127,127,2049,16464,4ebc8bfac859a9c0c1cd792da25a2e80747daf65163bc3c06d24b6aff5bcd544,6.548,
343,primary_test_impostor,838,1752,primary_test_impostor,0,160,54,1046,0,False,,0,False,,0,,False,,6.847,0.53,32840,d0f672b6a792fda3901eff27d11d1582ded7f790fb3da06462132921e3830b23,17054.421,17053.2,7804,exact-open-set-id-v2,1788212554096879136,127,127,2049,16464,54304aa22bd4272f31bff79df9fa28901f3c9c709ddcc528c4393f08d3acd7a6,7.741,
344,primary_test_impostor,839,1753,primary_test_impostor,0,212,8,1004,0,False,,0,False,,0,,False,,7.235,0.48,32840,8a520c3cfce28f4e6f3dd35cf91a6858e9c860408624bf6a60a3afc9c2c0e49d,15593.343,15592.2,7804,exact-open-set-id-v2,1788212554096879136,127,127,2049,16464,eb8fedac343beddc416ddb03d1dce7ef816e903d843c536f9e316427da898001,6.937,
345,primary_test_impostor,840,1754,primary_test_impostor,0,216,23,1018,0,False,,0,False,,0,,False,,10.656,0.59,32840,0f9253440b9d1f0d5d393a9eaa2608a5d169894eb284c9006706ca7f94eba5b2,14331.34,14330.3,7804,exact-open-set-id-v2,1788212554096879136,127,127,2049,16464,917a47b674b9d4f035290d97b9ecc5b7eb80db2dcf92679dfa4a6d9ff7e50be9,6.474,
346,primary_test_impostor,841,1755,primary_test_impostor,0,148,70,1060,0,False,,0,False,,0,,False,,5.487,0.49,32840,20c1d84d659e9d716cc909857e37a194a7d6f9832a817f50c7a733f87da55bc5,16836.78,16835.9,7804,exact-open-set-id-v2,1788212554096879136,127,127,2049,16464,c35d498e975beb1350fdf283dbbc26038d4434e72b719875d318fa05d597911c,5.973,
347,primary_test_impostor,842,1756,primary_test_impostor,0,257,95,1083,0,False,,0,False,,0,,False,,7.084,0.54,32840,87823db5c7f4f732be28fcad635f2ccb2b557ef78425fb41658af017cadc969b,18761.539,18760.5,7804,exact-open-set-id-v2,1788212554096879136,127,127,2049,16464,c95fd46cb297f4afee60de13068072c84de5b1a07ea6e4bfa329cd46553654da,6.879,
348,primary_test_impostor,843,1757,primary_test_impostor,0,134,93,1081,0,False,,0,False,,0,,False,,7.728,0.64,32840,6cd87e64e54a31f69a3fc22bc42f2d41c633b3f66ce2f134ed5bc1b3291d0543,17309.569,17308.3,7804,exact-open-set-id-v2,1788212554096879136,127,127,2049,16464,cda00dcc93740901242062ca47f432d61e4c82292bd7390ecd4a03004e5577bf,6.26,
349,primary_test_impostor,844,1758,primary_test_impostor,0,101,81,1070,0,False,,0,False,,0,,False,,5.235,0.45,32840,ace956221ba94e87a38a9af7125b6eefaaf194e4a846d6b8045965651975629e,15738.582,15737.7,7804,exact-open-set-id-v2,1788212554096879136,127,127,2049,16464,375e27c380c091200aae4e3c2bbcf86e12dde25ecfa62d693f15481cba58d0a7,8.752,
350,primary_test_impostor,845,1759,primary_test_impostor,0,144,18,1013,0,False,,0,False,,0,,False,,6.535,0.51,32840,d96dc1d1c2fb2abbc4ff8c0044dd42828c1502922555c5c9a8d28830fb20843e,17510.96,17510.1,7804,exact-open-set-id-v2,1788212554096879136,127,127,2049,16464,609bd73fc154fa47c38df724fb9bed9e89dcab3f5372d0230535aacdd881b9bd,5.884,
351,primary_test_impostor,846,176,primary_test_impostor,0,146,109,1096,0,False,,0,False,,0,,False,,5.421,0.54,32840,f2f88f09a21cf549dd45177e5618b91f88dbf80a060b64b5cb4e8ccfada0cbde,15453.763,15452.6,7804,exact-open-set-id-v2,1788212554096879136,127,127,2049,16464,40cf1156a428a4e239a6dfb0609070829c26d369e1486b2da7caecf71df0eb2d,7.512,
352,primary_test_impostor,847,1760,primary_test_impostor,0,228,80,107,0,False,,0,False,,0,,False,,5.941,0.52,32840,fcdb05c6c9421e27bfd32ad3a696c00039309f61363fa69679358277f16b3046,15036.661,15035.8,7804,exact-open-set-id-v2,1788212554096879136,127,127,2049,16464,8d43da2278a80f8ded3c1ba78fa6e5be50fbe7c4f0c86b102af82f99b7b178de,6.209,
353,primary_test_impostor,848,1761,primary_test_impostor,0,219,51,1043,0,False,,0,False,,0,,False,,5.425,0.46,32840,63e5f7414ee88c2d464a308c9e386bd372ca61af53d246fdc89c2624a6e3a7f6,14819.2,14818.2,7804,exact-open-set-id-v2,1788212554096879136,127,127,2049,16464,7578b3384677b4a02729a023c22d2b6420bb42f5e483c655f42e498fc3f6f5bd,5.195,
354,primary_test_impostor,849,1762,primary_test_impostor,0,149,118,1103,0,False,,0,False,,0,,False,,5.258,0.49,32840,5c37eb055e7468d3e1b07b42bf0f7570250ecf70ea45ace93ce3f278175badde,15099.285,15098.2,7804,exact-open-set-id-v2,1788212554096879136,127,127,2049,16464,b16793b92ca0c90afb83e4f080e284c30b9822665d1134fb69f3561f561f0d5d,7.18,
355,primary_test_impostor,850,1763,primary_test_impostor,0,138,124,1109,0,False,,0,False,,0,,False,,6.13,0.5,32840,4a2e83ed3eb7e1a7f2b842bd20ac14112f52876c3e816750f65a26ba9ec31436,17625.247,17624.1,7804,exact-open-set-id-v2,1788212554096879136,127,127,2049,16464,f1166bd5eefdf1651f7a0dcd6350255d7d93e5438e2467fee71644e8ea0692c9,6.201,
356,primary_test_impostor,851,1764,primary_test_impostor,0,122,3,100,0,False,,0,False,,0,,False,,6.241,0.49,32840,a4b71ee559dceba6d7a95556c8711bfc5f21ce5f2d784d9579566a89ce56736c,20708.08,20706.8,7804,exact-open-set-id-v2,1788212554096879136,127,127,2049,16464,1db72de93afc5977fab9d1bc509f8a528c7b6f9b2d702d3a3eee4ea52569227d,8.172,
357,primary_test_impostor,852,1765,primary_test_impostor,0,268,2,10,0,False,,0,False,,0,,False,,6.071,0.46,32840,885d3f1b7aed92f54d6702e5e9195616f93a04280a0a4af2a09077c5b9cb147f,17991.636,17990.3,7804,exact-open-set-id-v2,1788212554096879136,127,127,2049,16464,3fc1444c85edb10d6e7ca45fac61fd9fbc8fbb6387d72d1cb595233a34ab435b,6.042,
358,primary_test_impostor,853,1766,primary_test_impostor,0,191,52,1044,0,False,,0,False,,0,,False,,6.096,0.46,32840,a99d5cc6558a08bbf9239bd6156dd2c4bac3a4496fae4eda4008449ff3be82b1,18350.737,18349.6,7804,exact-open-set-id-v2,1788212554096879136,127,127,2049,16464,6c02fc809ebb06170a9f9168a2212a801ea9a1f7de8e19202c5c595796389aab,7.428,
359,primary_test_impostor,854,1767,primary_test_impostor,0,172,94,1082,0,False,,0,False,,0,,False,,5.835,0.42,32840,d98fd1a169f899540d68e0bfa94bf996f26d074af8291f3bbc1bc0cdf8fc0d36,16663.374,16662.3,7804,exact-open-set-id-v2,1788212554096879136,127,127,2049,16464,14835d63495f602b86198ebd8d24c05163a9295ca0e4d483972841e38bf26186,6.175,
360,primary_test_impostor,855,1768,primary_test_impostor,0,166,4,1000,0,False,,0,False,,0,,False,,5.607,0.46,32840,30359f7c831fe9f73d0eb7c0d536dc8cc4aaa77c491e87c2990ae6cee157c715,15361.763,15360.8,7804,exact-open-set-id-v2,1788212554096879136,127,127,2049,16464,d8bc430a6564aea5842059250cf7a71935607834609c359c7536dd856cb997d7,5.577,
361,primary_test_impostor,856,1769,primary_test_impostor,0,242,123,1108,0,False,,0,False,,0,,False,,6.884,0.76,32840,ffdde4a496d1b49dbeba048ad702dfd0e1dfccbbaee51e0b8a65c7a47823706d,16626.616,16625.8,7804,exact-open-set-id-v2,1788212554096879136,127,127,2049,16464,e5a3a3417c7868520a8d88d7c95b00820aa0b1efeaf58da40fa89bea0ad6ccd4,6.786,
362,primary_test_impostor,857,177,primary_test_impostor,0,92,2,10,0,False,,0,False,,0,,False,,5.678,0.56,32840,a5752e6505fb01d4a14a4084ac0d087ce3a77a74230c20e0ace64bb424ce58c7,14925.253,14924.2,7804,exact-open-set-id-v2,1788212554096879136,127,127,2049,16464,fd6ca2c013c30ddf3247bb00bb1a07dd37a89447e4d4cfce2a98fd62986f94d3,6.068,
363,primary_test_impostor,858,1770,primary_test_impostor,0,172,110,1097,0,False,,0,False,,0,,False,,5.869,0.51,32840,4f2d946de0c651f6b5073039453124ad38662b5fd35d7b5d5697a5ffd056d5a0,14903.403,14902.5,7804,exact-open-set-id-v2,1788212554096879136,127,127,2049,16464,b045884cf773b343654406c4f7600bb4167cf368a5a5e599e014005af654fd54,6.276,
364,primary_test_impostor,859,1771,primary_test_impostor,0,245,52,1044,0,False,,0,False,,0,,False,,4.963,0.43,32840,7fdc895a274da360a327dcf7f7a4a12e6afd5a3d78a88cff0132f59db086071d,15612.746,15611.9,7804,exact-open-set-id-v2,1788212554096879136,127,127,2049,16464,f93c77109718fceafc648d5acb157c917e7e57bfd3b895642be6c179dd4df8a6,6.571,
365,primary_test_impostor,860,1772,primary_test_impostor,0,141,108,1095,0,False,,0,False,,0,,False,,5.308,0.46,32840,2bfe607bf2cecc3986430728e93d6241883989d3c2c562d1203df35f8e7dd50d,16616.076,16614.9,7804,exact-open-set-id-v2,1788212554096879136,127,127,2049,16464,499499e1e93c42015377d5936007ec9b294198c4cb24b1674add265d339f3e30,9.624,
366,primary_test_impostor,861,1773,primary_test_impostor,0,203,24,1019,0,False,,0,False,,0,,False,,6.167,0.54,32840,50e5b4a1f0c88a1155d8ae5a970f68b01fadb1d87356804dde05c1709e88851f,17018.447,17017.1,7804,exact-open-set-id-v2,1788212554096879136,127,127,2049,16464,88f6fe6f675f16b8cb33fa09d7dc543a70d429b428d062447c391fcb66ca1576,7.9,
367,primary_test_impostor,862,1774,primary_test_impostor,0,164,46,1039,0,False,,0,False,,0,,False,,7.272,0.5,32840,bf72cda1d3489170328b01b1bcf114fd821d10583c86c00f175ef207a2c8c0cf,15517.806,15516.7,7804,exact-open-set-id-v2,1788212554096879136,127,127,2049,16464,0ba7ba576bdd6de3e5e6847b13b3217a651130c647066ba943edffe4d78f726f,5.813,
368,primary_test_impostor,863,1775,primary_test_impostor,0,165,43,1036,0,False,,0,False,,0,,False,,5.527,0.45,32840,f80ae94d722ba4a1316a64cb2d9936b814be0f9ee7faecd36c7904135774b312,15556.321,15555.3,7804,exact-open-set-id-v2,1788212554096879136,127,127,2049,16464,f6f40f31e92cbcba310d7b53ebd9e1f8749a57c7bd9155b592799576cb31359a,6.244,
369,primary_test_impostor,864,1776,primary_test_impostor,0,190,11,1007,0,False,,0,False,,0,,False,,5.647,0.43,32840,32a10e4046da7deb7b229a08a650da7cafa2dfab473f2124746be8270ad9dbd3,16825.191,16823.9,7804,exact-open-set-id-v2,1788212554096879136,127,127,2049,16464,4b867f9d91d63a14007c8d4bd7a83785e3b6aaa0f9ec9ecc606198a52601128c,9.507,
370,primary_test_impostor,865,1777,primary_test_impostor,0,195,75,1065,0,False,,0,False,,0,,False,,10.351,0.98,32840,4f59f7ff2ac780b64b28f58337d927a4498dcdcf402e1d577515668fc41a09be,19106.508,19104.7,7804,exact-open-set-id-v2,1788212554096879136,127,127,2049,16464,5e662cf9ffbd7bcfe8d57db9340e1aa7a639313c215f0fe440755f28e5b9d1b4,7.882,
371,primary_test_impostor,866,1778,primary_test_impostor,0,144,20,1015,0,False,,0,False,,0,,False,,17.391,2.08,32840,57cbbfd87f1fc1efc0dff39e59564a12b96bd3b2bceba99a8407ad029b417be9,17212.258,17209.0,7804,exact-open-set-id-v2,1788212554096879136,127,127,2049,16464,d0920dd8e18f769fc97aecb1e183c843059c684e7db6e1a8373ae1402a6e6327,5.766,
372,primary_test_impostor,867,1779,primary_test_impostor,0,169,12,1008,0,False,,0,False,,0,,False,,6.709,0.45,32840,4eb6cfa997783ed1acf15ac8f9e015508bea8ed5bc0eb118e7221fbe9f6f6856,16211.829,16210.7,7804,exact-open-set-id-v2,1788212554096879136,127,127,2049,16464,50e705cb7dd266b3a1bf8be24ec50c34f142c760e1f8c27b8a577ef7a4c03514,5.677,
373,primary_test_impostor,868,178,primary_test_impostor,0,80,2,10,0,False,,0,False,,0,,False,,5.726,0.47,32840,d61cae136fd80e0c7a375b57a94956d5cbb09791fcef6bc33936dd2170e4ea2f,16103.502,16102.3,7804,exact-open-set-id-v2,1788212554096879136,127,127,2049,16464,700544296bbb2d37c55180d0cd4b22f62ac8671281097eb06cb8174c57cffdef,6.264,
374,primary_test_impostor,869,1780,primary_test_impostor,0,255,22,1017,0,False,,0,False,,0,,False,,6.132,0.46,32840,a9fbd78454b2bab22a6a49f3a5520c4401891536f31851cfb3776ea53450f64f,15235.427,15234.4,7804,exact-open-set-id-v2,1788212554096879136,127,127,2049,16464,4c2d6734a3d47aaed5f424025f6875cf49038ddbbc1d3eb89eb264d2e64e7643,5.965,
375,primary_test_impostor,870,1781,primary_test_impostor,0,172,4,1000,0,False,,0,False,,0,,False,,5.887,0.5,32840,f9cf775d6750150c61f76e032d15dcb04a4fc4562405820fd190cb3d5b6a2645,15381.928,15380.9,7804,exact-open-set-id-v2,1788212554096879136,127,127,2049,16464,bac5d7a4fb5544f2aa2ebea0e4f9cb13e9f6dd624edf5cf30138482ecc1a145d,5.678,
376,primary_test_impostor,871,1782,primary_test_impostor,0,188,16,1011,0,False,,0,False,,0,,False,,5.587,0.47,32840,fd35a264e269be1509d1936ce461a0c0caa169b2cf8cae35abb78c28ccee48f2,14707.168,14706.3,7804,exact-open-set-id-v2,1788212554096879136,127,127,2049,16464,47aab7847852f226f65c9d64ef956b1856a21744d72f7932e12e227e7707e1b3,6.017,
377,primary_test_impostor,872,1783,primary_test_impostor,0,200,2,10,0,False,,0,False,,0,,False,,5.421,0.43,32840,45d7119333d34a9971a59ab4392d128226ea2065357854684557af7b65c27824,15478.912,15477.9,7804,exact-open-set-id-v2,1788212554096879136,127,127,2049,16464,64dcd84b1f33cee16c1f89b266acc93df4bb3115d99756aa16794920bc221148,5.995,
378,primary_test_impostor,873,1784,primary_test_impostor,0,214,47,104,0,False,,0,False,,0,,False,,5.503,0.44,32840,74ae87f7c46c2b561bfee7de3dbef7963eaa6e88ff71390de4b46e111bf51e48,14521.211,14520.1,7804,exact-open-set-id-v2,1788212554096879136,127,127,2049,16464,1e6a8a771f544190d842eaa58538925db22e953886081f4917fe6cf43bcebf86,6.632,
379,primary_test_impostor,874,1785,primary_test_impostor,0,288,23,1018,0,False,,0,False,,0,,False,,5.1,0.38,32840,4538961739d3a02fa63bcc544d2ccc105cade1ddfdab5633e6873bafb943e614,14609.857,14609.1,7804,exact-open-set-id-v2,1788212554096879136,127,127,2049,16464,2df19c63247b22f60178e48b4d7edfbff5904fcd9479d8907c45eb445bcaca18,6.113,
380,primary_test_impostor,875,1786,primary_test_impostor,0,170,80,107,0,False,,0,False,,0,,False,,5.872,0.43,32840,7ddf34a1614740180f0fe95ef837e2d38a0d8493379fd40d181d9b3162f0201b,15538.841,15534.8,7804,exact-open-set-id-v2,1788212554096879136,127,127,2049,16464,e6d9239417a826c5d29099bfdffc991ac17f7548313acc1bc8a515d8d2fc1f50,23.089,
381,primary_test_impostor,876,1787,primary_test_impostor,0,173,88,1077,0,False,,0,False,,0,,False,,8.539,0.62,32840,767653907c2dd813055959b824d746fcbba4cc1976d34b5246141d5a75747161,16504.355,16502.0,7804,exact-open-set-id-v2,1788212554096879136,127,127,2049,16464,b87b0fe91ad0a8050784ebe2debbf40cb089f4cca2874c24098a0d1a71a591fa,6.225,
382,primary_test_impostor,877,1788,primary_test_impostor,0,261,25,102,0,False,,0,False,,0,,False,,6.121,0.43,32840,495966692f8ebcca43971d3f0d8754863859c8a523ec3f9b4d99c8acbad8b201,17772.161,17771.1,7804,exact-open-set-id-v2,1788212554096879136,127,127,2049,16464,2e66299263288381b1287909c703dbd85d2dcfec83bfee0166583b8d8f3a6561,6.914,
383,primary_test_impostor,878,1789,primary_test_impostor,0,206,105,1092,0,False,,0,False,,0,,False,,6.517,0.46,32840,925247aea74a5e0a8fb8a31125c60b82a7cd5da44992f1d54113c30b1b806031,18141.124,18139.7,7804,exact-open-set-id-v2,1788212554096879136,127,127,2049,16464,7d02ac75fe8a8651e080257a19deb6c5156421235d506b5933bddd85ed9d1844,10.266,
384,primary_test_impostor,879,179,primary_test_impostor,0,279,29,1023,0,False,,0,False,,0,,False,,8.168,0.55,32840,bcaf7844bf7e1f5b70b95de85df681ddc36f9f321f3d62c95877454629a8f4dd,20551.074,20549.8,7804,exact-open-set-id-v2,1788212554096879136,127,127,2049,16464,681ac1fcc31fc676265580959787ab2d382b722c27efa5965f76f7f8857eba79,7.369,
385,primary_test_impostor,880,1790,primary_test_impostor,0,93,107,1094,0,False,,0,False,,0,,False,,7.868,0.51,32840,d52b2ffb018bce180621e6be46c217f7342c8fc93420c485111f5769913dc9b3,22256.75,22255.6,7804,exact-open-set-id-v2,1788212554096879136,127,127,2049,16464,bfd1c20344b9f6f9ff14115cf708ff7fa8ddd3183d64cc337c014f8f07ed4d4e,8.19,
386,primary_test_impostor,881,1791,primary_test_impostor,0,138,4,1000,0,False,,0,False,,0,,False,,7.188,0.52,32840,8ea323a433db434d7e89e5d70a8bb6e5e3b6360f4d26632d72b4afcbac587e42,20115.993,20114.7,7804,exact-open-set-id-v2,1788212554096879136,127,127,2049,16464,cd631d085478903feb3e8b3ed88005dd4e58f85b122c3f2e7695d4d0781a43ad,7.386,
387,primary_test_impostor,882,1792,primary_test_impostor,0,155,81,1070,0,False,,0,False,,0,,False,,5.887,0.49,32840,34d8a341843505dc49b58bfbe323776de14045ff9491a20f0ff1f43a5e4dc9b9,21211.761,21210.9,7804,exact-open-set-id-v2,1788212554096879136,127,127,2049,16464,75b6d28604e2ab899a208ed0bd1874af27cf0612f62d9402412792f2831bd940,6.773,
388,primary_test_impostor,883,1793,primary_test_impostor,0,114,23,1018,0,False,,0,False,,0,,False,,5.966,0.45,32840,1fd30308ced200e4eaca218f35fa26ee1550502249807fa57ec28bb59ae3f37f,18233.63,18232.5,7804,exact-open-set-id-v2,1788212554096879136,127,127,2049,16464,52123e1a4620645640344fc1dec724c4a8b275fffc7eac41c6d581e2f1402780,7.505,
389,primary_test_impostor,884,1794,primary_test_impostor,0,197,34,1028,0,False,,0,False,,0,,False,,6.011,0.62,32840,2010469fdcf3337892ba7d433eeb24c7ad99f55ddceab556e54b660e3adb453d,17461.913,17460.4,7804,exact-open-set-id-v2,1788212554096879136,127,127,2049,16464,aa6326a4e838297a449bf31c8028a03ada3c21e9e8c2773c46117d4d917bf50f,6.493,
390,primary_test_impostor,885,1795,primary_test_impostor,0,133,107,1094,0,False,,0,False,,0,,False,,5.803,0.52,32840,fc8015b99f38c627335245ecde341190b74c20be11dc89286fd56154e858c54e,17164.626,17163.6,7804,exact-open-set-id-v2,1788212554096879136,127,127,2049,16464,aff5de62fbf67821990bb2528bf727a44df46005f9d53fddd457eeb6451223df,6.282,
391,primary_test_impostor,886,1796,primary_test_impostor,0,143,75,1065,0,False,,0,False,,0,,False,,6.704,0.67,32840,320cee4dbaae56c32f6ee5a41278a1e48f5bbed1a2a178cb4c4694b1e835a3c1,17389.741,17388.6,7804,exact-open-set-id-v2,1788212554096879136,127,127,2049,16464,fae63580498427ea07806de1446a61349a363cae2eed747d0f2467e97b1511aa,5.969,
392,primary_test_impostor,887,1797,primary_test_impostor,0,229,63,1054,0,False,,0,False,,0,,False,,6.019,0.43,32840,3e9599ddeabbcd200a288f5790d998a672b6d4dd3200af188499001a17c4ba92,14859.775,14858.6,7804,exact-open-set-id-v2,1788212554096879136,127,127,2049,16464,4c7e28b95aa35fc04829f555c49239eed540e8cbd505a21b8aa74351147dd672,6.265,
393,primary_test_impostor,888,1798,primary_test_impostor,0,112,60,1051,0,False,,0,False,,0,,False,,5.456,0.44,32840,c1f2fde19d8f64838acc207f2b5738b888c8901cdf2866fc5620a14583915674,16620.577,16619.2,7804,exact-open-set-id-v2,1788212554096879136,127,127,2049,16464,99bdfe9e339846ebb5ea05edb908c5c87b4a6bd209de144136cf33a73085b21b,18.09,
394,primary_test_impostor,889,1799,primary_test_impostor,0,164,30,1024,0,False,,0,False,,0,,False,,36.995,2.62,32840,04df25a002cafe3d808f14744ab25ac33680d2db46f1775dacbf15281d800e33,18583.826,18579.5,7804,exact-open-set-id-v2,1788212554096879136,127,127,2049,16464,69106035e0d3e944ccc24297a93c588c42e52c0957203cd6a1d54f062dd51c4f,6.134,
395,primary_test_impostor,890,18,primary_test_impostor,0,236,50,1042,0,False,,0,False,,0,,False,,5.875,0.56,32840,91618029925c94515783cd87d7da4c9c55b15ec86e420c8329b2f6ca843255f8,15921.436,15920.4,7804,exact-open-set-id-v2,1788212554096879136,127,127,2049,16464,80a9875879bc508220ffb93a9fdf5c62142761fb9549b3a502f5c354dc3a68ff,6.279,
396,primary_test_impostor,891,180,primary_test_impostor,0,235,107,1094,0,False,,0,False,,0,,False,,5.262,0.45,32840,f64f96ffc8efc84182f6b7ea5e15601cb8133690cc4dc65e02137dc92b3f52aa,14085.678,14084.9,7804,exact-open-set-id-v2,1788212554096879136,127,127,2049,16464,f0a405eb49c4bc9899ba2626713f9604bb8219aa72cda51febc1784157d095e8,5.327,
397,primary_test_impostor,892,1800,primary_test_impostor,0,118,47,104,0,False,,0,False,,0,,False,,6.356,0.7,32840,21fc622db71348240378532741e9310d25c797923f673a8efe3a2788601371ae,14922.021,14921.0,7804,exact-open-set-id-v2,1788212554096879136,127,127,2049,16464,9f97989e69909f7a9bad7a277af58d596b3c4c37e314f65476c2237dcb5cf3cc,6.581,
398,primary_test_impostor,893,1801,primary_test_impostor,0,116,48,1040,0,False,,0,False,,0,,False,,9.858,0.45,32840,d021be765859f927e9179ecd39988fd8f57c5a4da0458dce93f4516b04f59842,17219.967,17219.2,7804,exact-open-set-id-v2,1788212554096879136,127,127,2049,16464,dce4aafeb43f63b80f58d324c4995f5a0a65aa87b61315df3c3dffae78a7b569,6.229,
399,primary_test_impostor,894,1802,primary_test_impostor,0,223,67,1058,0,False,,0,False,,0,,False,,5.992,0.47,32840,7c2c00b8d37fe05a771cd8ede0a960e10911fa4b3c4c5b4a90a33a3ab00f67bd,15856.482,15855.5,7804,exact-open-set-id-v2,1788212554096879136,127,127,2049,16464,a924f7b112e6be04262bd577b6aef813c10e254fc727bb748746c7a0c01db037,6.794,
400,primary_test_impostor,895,1803,primary_test_impostor,0,294,101,1089,0,False,,0,False,,0,,False,,6.308,0.69,32840,22c69af21c4fb86434c2280576123cccd0fb96fa4297450bc75897fe01edf57d,15826.765,15826.0,7804,exact-open-set-id-v2,1788212554096879136,127,127,2049,16464,6493d99151fc953ac32c716dbb03063462a25a158307b28551d51d8a2200136c,6.933,
401,primary_test_impostor,896,1804,primary_test_impostor,0,143,67,1058,0,False,,0,False,,0,,False,,5.949,0.48,32840,4454f571b983133eec244f47fc12c96367b710e46cc84379a849309134c518ff,15352.499,15351.4,7804,exact-open-set-id-v2,1788212554096879136,127,127,2049,16464,28f79c62fad11afcf5c3f340fcabde4b7e43dd3321e62769c19eabc98ff685fe,6.57,
402,primary_test_impostor,897,1805,primary_test_impostor,0,208,102,109,0,False,,0,False,,0,,False,,5.887,0.43,32840,3e90b9c252ff4a5c7ece5b08203efead3966475db9bc5ab5b2a7c68d5672309c,15022.698,15021.7,7804,exact-open-set-id-v2,1788212554096879136,127,127,2049,16464,17fd7391ae46df40b084dd6e41d0a63e246e348f92a65916c5d2faa30f4b34b6,5.463,
403,primary_test_impostor,898,1806,primary_test_impostor,0,90,100,1088,0,False,,0,False,,0,,False,,8.01,0.43,32840,c0f61d105704a88833a1588c1186e79cf2f87e5c0dc9bbcb92b87d571e467525,14410.593,14409.9,7804,exact-open-set-id-v2,1788212554096879136,127,127,2049,16464,2eef52c7b53ea7ea5df9c5c6f17120496cfae5b0480e6eb5716050b998ee201e,6.267,
404,primary_test_impostor,899,1807,primary_test_impostor,0,218,80,107,0,False,,0,False,,0,,False,,5.858,0.71,32840,1b73aec35f74d8e6804e011e17c32874b8b0cce777be2973d566e064da0f96fe,15578.255,15577.2,7804,exact-open-set-id-v2,1788212554096879136,127,127,2049,16464,fe5b3d1c392479c01a817cbd1ea5d8ec598167713b67943e3fe2cd42a9758f93,7.858,
405,primary_test_impostor,900,1808,primary_test_impostor,0,102,46,1039,0,False,,0,False,,0,,False,,6.09,0.46,32840,0ccba8ad1765bd37c414814414b5946f9f88614f34a8c5421cc93df12b76525e,14908.051,14907.1,7804,exact-open-set-id-v2,1788212554096879136,127,127,2049,16464,b4eac29b2e2cc20f0a54f1978572e8e8e37ab258345d48e47ab5334850dc1875,6.719,
406,primary_test_impostor,901,1809,primary_test_impostor,0,191,75,1065,0,False,,0,False,,0,,False,,6.074,0.45,32840,e4b4a30cc1d3b587730684a377d06038b9e09c9f597b1b7e8a97f441710413b1,15060.382,15059.5,7804,exact-open-set-id-v2,1788212554096879136,127,127,2049,16464,bfcbbffea85b0ecadd17930c56982c0e1d788768752e548e8a289b28122ba516,5.715,
407,primary_test_impostor,902,181,primary_test_impostor,0,129,40,1033,0,False,,0,False,,0,,False,,5.542,0.52,32840,f4b4cabad3398995e5f2f2c416a7de6082334d946ed3f69eac233df72ba7c45e,14421.209,14420.3,7804,exact-open-set-id-v2,1788212554096879136,127,127,2049,16464,9e204941ca117b7aa8bf64e66c698cfa11706f093148cbede88cd758ed252e66,5.866,
408,primary_test_impostor,903,1810,primary_test_impostor,0,180,80,107,0,False,,0,False,,0,,False,,6.277,0.8,32840,0852fe17bc1cfeafb43ea4068a7761c93db11cb10b9a4a03deebb0fdcba12650,14415.642,14414.8,7804,exact-open-set-id-v2,1788212554096879136,127,127,2049,16464,2fa48f63d7abd3c310efeeb45544ccff71874f58281e4f5556f943c1c003c303,5.821,
409,primary_test_impostor,904,1811,primary_test_impostor,0,237,29,1023,0,False,,0,False,,0,,False,,6.148,0.85,32840,ccd3b076b9ed5c0313f1175912353f09bf8809755ae4effc6f998ad919ac2745,16193.35,16192.3,7804,exact-open-set-id-v2,1788212554096879136,127,127,2049,16464,4c80865f2b55c310a1496b63754505eb76f415dde27bcb1cfce8d719d3b9ddf7,6.984,
410,primary_test_impostor,905,1812,primary_test_impostor,0,122,99,1087,0,False,,0,False,,0,,False,,9.273,0.49,32840,fc631f8f4b8da42cf277059f57dd0e0ea2d37f45d2142b61c670ea5338954e25,16289.053,16287.0,7804,exact-open-set-id-v2,1788212554096879136,127,127,2049,16464,01f22d27da37836362d9cc669a883a8f18842af28bdece02b7ffd21ae5977687,17.321,
411,primary_test_impostor,906,1813,primary_test_impostor,0,120,100,1088,0,False,,0,False,,0,,False,,9.983,0.73,32840,5f96475d81e6383e7d94e2ef91fcbfc1a29454d7076e768ed61d5d124014b343,14565.351,14561.9,7804,exact-open-set-id-v2,1788212554096879136,127,127,2049,16464,985bffaa96aaf91414ee828682c1b574a9441ccb27cad76983d99896584931b4,16.018,
412,primary_test_impostor,907,1814,primary_test_impostor,0,33,81,1070,0,False,,0,False,,0,,False,,10.112,0.49,32840,3ae91a7cab032bca4ecbec01e8385f5dfa8506cf796400b91bbf24454d95ed62,15740.085,15739.2,7804,exact-open-set-id-v2,1788212554096879136,127,127,2049,16464,0f08cbd3adfd06e3ef44fd9a6579885093b4295a1afaa80a942ad9b922510c51,6.428,
413,primary_test_impostor,908,1815,primary_test_impostor,0,112,2,10,0,False,,0,False,,0,,False,,6.457,0.61,32840,cfefad1798a835bcdc5ac4556bb632bec6e807369c06e4d304de324290840846,18749.249,18748.2,7804,exact-open-set-id-v2,1788212554096879136,127,127,2049,16464,92e348cb2b4acec770de600151d553fb2e35847b19113c1ec4656799b2e9be33,7.129,
414,primary_test_impostor,909,1816,primary_test_impostor,0,166,90,1079,0,False,,0,False,,0,,False,,7.271,0.77,32840,48bf3049548e1ba46a6afe066efe1adb535ac671a660df40bf9b0c6524c0d5d3,18868.731,18867.6,7804,exact-open-set-id-v2,1788212554096879136,127,127,2049,16464,c0ead8cbfe56daf24b771decafc4d6d3b949ab82f4212952125493511f08d8bc,9.313,
415,primary_test_impostor,910,1817,primary_test_impostor,0,222,10,1006,0,False,,0,False,,0,,False,,9.533,0.69,32840,e7b632e7e8aa0a4c1109a8660217f35fe714d61140241a4c5e39f7eda9f59840,17704.5,17702.0,7804,exact-open-set-id-v2,1788212554096879136,127,127,2049,16464,d1ef1fceb181f674877b902a64df460a872be782119b64268609c4ea067a9862,23.796,
416,primary_test_impostor,911,1818,primary_test_impostor,0,164,117,1102,0,False,,0,False,,0,,False,,17.041,0.59,32840,5df1d13f2ac8a3cf8b06cbd71a59286f190d7b607377173ec5c73e2508408c47,18312.104,18310.7,7804,exact-open-set-id-v2,1788212554096879136,127,127,2049,16464,27968671e85e744cf5b7f2e06b5d7c5ebb369f3e1033f07cd3d9333c3c788073,8.913,
417,primary_test_impostor,912,1819,primary_test_impostor,0,152,18,1013,0,False,,0,False,,0,,False,,6.76,0.67,32840,c1ab6ebcc3df4bf9192419e2dc9c7fbd0257c61764823d8a5c02f9b27d4d5ce9,15815.662,15814.4,7804,exact-open-set-id-v2,1788212554096879136,127,127,2049,16464,b4dc716bf208c80edeec268873cf86e87093ae7d8a2a91a6ffa4c5a779eef608,6.69,
418,primary_test_impostor,913,182,primary_test_impostor,0,22,99,1087,0,False,,0,False,,0,,False,,7.213,1.07,32840,ad9235864cd47765ca6076924da2a111e1b8b2126b9e5538d57b3dd215523e98,14634.259,14633.6,7804,exact-open-set-id-v2,1788212554096879136,127,127,2049,16464,63ae1ecd022b2bfeb0fd129a63028ad19ad4525ece3b21b11a3b25bf33c383d1,6.182,
419,primary_test_impostor,914,1820,primary_test_impostor,0,229,86,1075,0,False,,0,False,,0,,False,,5.409,0.42,32840,19223c802fcfa159cc63fb9360bbbfb7f5f3cb5adca07b04b36b9e87aa98e962,15537.836,15537.0,7804,exact-open-set-id-v2,1788212554096879136,127,127,2049,16464,46cdd9c99c4ecf44e22c22c71114153e49fcc8bbda4bd2ea3fcaf397b8e43db9,6.278,
420,primary_test_impostor,915,1821,primary_test_impostor,0,133,56,1048,0,False,,0,False,,0,,False,,6.452,0.57,32840,1437a7121591b2e0e07bb1f7a3f43852a6f4baefb908388e8b2283b12028e80a,15983.645,15982.3,7804,exact-open-set-id-v2,1788212554096879136,127,127,2049,16464,ff2c1a526340adc3ec16640949711170b8a297509f34af59e41bd2a149d0a740,7.321,
421,primary_test_impostor,916,1822,primary_test_impostor,0,209,25,102,0,False,,0,False,,0,,False,,5.612,0.45,32840,a858f7b1215d1c8de584d1c318438b04b6fdcffac1ec6e3a1f08c685479fbe6a,18817.997,18816.8,7804,exact-open-set-id-v2,1788212554096879136,127,127,2049,16464,5ef38e3681d0b6511864410664a180d091a48accc6acfc3016ce341f17ee7c75,6.252,
422,primary_test_impostor,917,1823,primary_test_impostor,0,99,98,1086,0,False,,0,False,,0,,False,,11.617,0.53,32840,bcea5956af092f163bd1e88c6943d37df4a77ade76b93f0f176724a71514ae3f,16128.49,16127.5,7804,exact-open-set-id-v2,1788212554096879136,127,127,2049,16464,93003d6dc241d433c22be66b133e61990562e99c7f2f85164909256ade318d7e,6.743,
423,primary_test_impostor,918,1824,primary_test_impostor,0,185,51,1043,0,False,,0,False,,0,,False,,6.794,0.74,32840,e40eab327f47b5227c8c51074d35596f69af6b5bdc322cda40220c38ef7a03f2,17004.623,17003.8,7804,exact-open-set-id-v2,1788212554096879136,127,127,2049,16464,00e55bcaeed59eafa3ebff93095e698c94a97245414c3801a26886e6104150a9,6.523,
424,primary_test_impostor,919,1825,primary_test_impostor,0,173,112,1099,0,False,,0,False,,0,,False,,6.464,0.46,32840,f6ff77af9a370b2c20aa218f6ffe150a17737c32dcd93c3b8d362c0c71d6deed,16093.715,16092.8,7804,exact-open-set-id-v2,1788212554096879136,127,127,2049,16464,dac578baae0deb890bbee8d87e88890e72be196ae6eb695fa1775080a58dbb70,6.286,
425,primary_test_impostor,920,1826,primary_test_impostor,0,88,17,1012,0,False,,0,False,,0,,False,,6.17,0.67,32840,091fac4551c7443284404f726c434140819249c77af05c7f9b14f44bcdc73b74,15534.002,15532.6,7804,exact-open-set-id-v2,1788212554096879136,127,127,2049,16464,16b6623a8e93b4c91f4323712dad329a01c49284b6c81bc55fb2aa6b2c9ec7b5,5.969,
426,primary_test_impostor,921,1827,primary_test_impostor,0,208,72,1062,0,False,,0,False,,0,,False,,7.111,0.54,32840,09b37d317fddc47129afc748f8c33abc62e489451162a292ece6ab93d05d745b,14839.838,14838.7,7804,exact-open-set-id-v2,1788212554096879136,127,127,2049,16464,40e8670d27fdb8ff816f7fe5dfe4e39449444b7f2e17b0aaa13cf98a5ad9d452,6.165,
427,primary_test_impostor,922,1828,primary_test_impostor,0,213,73,1063,0,False,,0,False,,0,,False,,5.821,0.48,32840,d3718191bd4981d6fdafa1cf26c925093f85890ce4fe74106a18b9a592122b4a,14380.394,14379.6,7804,exact-open-set-id-v2,1788212554096879136,127,127,2049,16464,122ff24f2ec6e26219d2023035a3417b6accae96331dd2484e6d0976bd6a4273,6.243,
428,primary_test_impostor,923,1829,primary_test_impostor,0,202,93,1081,0,False,,0,False,,0,,False,,6.184,0.69,32840,f976f1cccc3975203ed9a03d86374ef6ada2d9037a4287848a6f9c4a227bb38b,18419.85,18418.7,7804,exact-open-set-id-v2,1788212554096879136,127,127,2049,16464,844a5d9e98e5c96b1b6c9028a1b5c1547fddb197613ebd72666e50713f6683ff,7.373,
429,primary_test_impostor,924,183,primary_test_impostor,0,141,67,1058,0,False,,0,False,,0,,False,,8.788,1.08,32840,6d5da98066be6b0572337292f9f7649e507aa0769d24ab148fecb691e5ea7146,17168.818,17167.8,7804,exact-open-set-id-v2,1788212554096879136,127,127,2049,16464,a2ad3e1b48e50b042fb2dcd1aff3aee59c4e62f3ec2bf1b100e75ab72f9a8234,6.898,
430,primary_test_impostor,925,1830,primary_test_impostor,0,179,108,1095,0,False,,0,False,,0,,False,,8.448,0.88,32840,706573a669556e25133d56048f656c09ecad7dc98e6964b3be140e59b4a6a7c9,18880.279,18879.0,7804,exact-open-set-id-v2,1788212554096879136,127,127,2049,16464,da8b4e95aeed0535e44346e988e27ac139c61e0045c39dc1d487c2de1787f4a6,7.098,
431,primary_test_impostor,926,1831,primary_test_impostor,0,218,115,1100,0,False,,0,False,,0,,False,,8.243,0.71,32840,42f10a96ab51a8b486feb0c213d6a74fb5a65104a25de575bceac351fa670013,16675.472,16674.3,7804,exact-open-set-id-v2,1788212554096879136,127,127,2049,16464,28e19144314456475ca3b251784ecdd5af43bddb49ed4169484f92d689e0abe7,13.75,
432,primary_test_impostor,927,1832,primary_test_impostor,0,248,70,1060,0,False,,0,False,,0,,False,,6.171,0.5,32840,592e9371edce857dcee57fa3435d3657995daa53b2e87bcf27ced212bda5fc43,15388.68,15387.8,7804,exact-open-set-id-v2,1788212554096879136,127,127,2049,16464,7a47e7ae4731a26074842f35ecda5f78df40c96437b953075f3f208f4d1cfe16,7.173,
433,primary_test_impostor,928,1833,primary_test_impostor,0,174,46,1039,0,False,,0,False,,0,,False,,5.801,0.43,32840,64ea51d41827bf26a9083cafca314d1c7ddbd3ac4e795f03b863102f76af958a,15153.783,15152.6,7804,exact-open-set-id-v2,1788212554096879136,127,127,2049,16464,61d2ab46ed77d7cb7a0cc9a61d3926aa7a94e02312512fcb3a6693ce29233c96,5.763,
434,primary_test_impostor,929,1834,primary_test_impostor,0,157,65,1056,0,False,,0,False,,0,,False,,5.62,0.46,32840,7e5ce7c29720e6862df8cee52d1c04a87cb887db23c0b0d55dac2a3d1de43f9a,14400.653,14399.5,7804,exact-open-set-id-v2,1788212554096879136,127,127,2049,16464,58c340d1d83ca64f9357ef39520e1371c27a2da70cf08ed36d814eaa248cc0bb,6.765,
435,primary_test_impostor,930,1835,primary_test_impostor,0,210,21,1016,0,False,,0,False,,0,,False,,7.025,0.68,32840,3167c4832a6f3a47f8b33a95b83017cb3675ab0b3a75c48fb0df8d3ef99c22ba,15005.997,15005.1,7804,exact-open-set-id-v2,1788212554096879136,127,127,2049,16464,689434ff295be84cfb6f99441031f96df08af7256955064516a14339765c8a94,6.831,
436,primary_test_impostor,931,1836,primary_test_impostor,0,245,9,1005,0,False,,0,False,,0,,False,,4.973,0.45,32840,6fe539877b0c6d892a55136dbf99a972f201f9f4d198cd53bfa21963d37c3456,14896.351,14895.4,7804,exact-open-set-id-v2,1788212554096879136,127,127,2049,16464,ece2980626ee62a11264d98d0f5514071999fce5e5dda5011437e5d98eee167b,6.508,
437,primary_test_impostor,932,1837,primary_test_impostor,0,254,16,1011,0,False,,0,False,,0,,False,,5.432,0.43,32840,4a8800f9368c10b44985732b67ab6839d25b6f836523cef915645814da808aaa,15949.606,15948.4,7804,exact-open-set-id-v2,1788212554096879136,127,127,2049,16464,e1ec299ff61307c6cb9fef7806df2701930400c90922484f0bfd6770ae362d66,7.517,
438,primary_test_impostor,933,1838,primary_test_impostor,0,221,108,1095,0,False,,0,False,,0,,False,,9.858,0.48,32840,bb8bced0cc6a962f0d9940f4b0dc673504d4cb45e8214cc47e2619f19f2098cb,18966.926,18965.7,7804,exact-open-set-id-v2,1788212554096879136,127,127,2049,16464,82ca5bc4ef4da99c49cdff22666f3a6658306d4b2b687f1634247f930819678d,7.227,
439,primary_test_impostor,934,1839,primary_test_impostor,0,180,102,109,0,False,,0,False,,0,,False,,7.453,0.8,32840,31bfd14a2d6a7b1ce79edff534e00e9877280226377976006f2077deb1bdf672,17400.327,17398.8,7804,exact-open-set-id-v2,1788212554096879136,127,127,2049,16464,036e26d31e32fd342887014ef673cb16de2fde4bff224ba36b7679d1df487e10,9.0,
440,primary_test_impostor,935,184,primary_test_impostor,0,207,88,1077,0,False,,0,False,,0,,False,,10.051,0.51,32840,0e21bbca0a7bdba829967a00c44979d4ab109025db31ba3aa2b3a9ff57f61870,17504.284,17503.3,7804,exact-open-set-id-v2,1788212554096879136,127,127,2049,16464,4cdc049de87b24d5a627ef903ab442029358519ae2a9fead4eab3215f6438a33,8.761,
441,primary_test_impostor,936,1840,primary_test_impostor,0,83,29,1023,0,False,,0,False,,0,,False,,6.306,0.45,32840,3ba1d79322e96bd58d82fb5e9e98f0237579e53bba1de983e9fb3bb8fdc42f6e,17814.426,17813.6,7804,exact-open-set-id-v2,1788212554096879136,127,127,2049,16464,526ae2b51b22b4082f51e74c0f2e2f186a4b3e4929a5d42c1ae469e9f0e5ab17,6.315,
442,primary_test_impostor,937,1841,primary_test_impostor,0,142,123,1108,0,False,,0,False,,0,,False,,6.748,0.43,32840,5f61391ca9b027c690832c49eef1eade6ba39b93ec66047ff26435a277ca45f6,17998.696,17997.5,7804,exact-open-set-id-v2,1788212554096879136,127,127,2049,16464,84f6bb7882801c0862819bdf9c31315ee5f7e4864a26339eec915ef62e81f271,6.381,
443,primary_test_impostor,938,1842,primary_test_impostor,0,93,13,1009,0,False,,0,False,,0,,False,,6.353,0.46,32840,424cddafb9b0566c968a451d0e2eb413179c35bdcd6cacd38808d3626c6efe2d,19958.008,19956.7,7804,exact-open-set-id-v2,1788212554096879136,127,127,2049,16464,08f587a197cfd2517ab4bddf3b617290a6ab49489925e01a07646efcd62a4f1b,8.322,
444,primary_test_impostor,939,1843,primary_test_impostor,0,212,122,1107,0,False,,0,False,,0,,False,,9.107,0.47,32840,890284c3eff7df0ea323a2c13da93eeb2e4516ccfc4b7dc19d1ea270de9b8760,17852.875,17851.8,7804,exact-open-set-id-v2,1788212554096879136,127,127,2049,16464,d14efa9ecfdaa6132edddc001736b962778b2f1fc437cc8ea69a888752b41977,40.578,
445,primary_test_impostor,940,1844,primary_test_impostor,0,194,103,1090,0,False,,0,False,,0,,False,,18.66,0.9,32840,17448c06e0610a13d132457fd9eb615175ba3b8fc4fb73b65bf6285669b750e6,18255.247,18252.7,7804,exact-open-set-id-v2,1788212554096879136,127,127,2049,16464,0868019cb16ea5fa82fdcb1ac0afdfc605c0aae76687d9ff0c5dfb2ae4f1e509,6.167,
446,primary_test_impostor,941,1845,primary_test_impostor,0,208,84,1073,0,False,,0,False,,0,,False,,6.738,0.48,32840,8c21d8a317612f08433b31930d1bc41c58bb6a92ec942b84f54c9a160f228d00,14727.662,14726.9,7804,exact-open-set-id-v2,1788212554096879136,127,127,2049,16464,c52ffe5a01adf8fe4339f04e09a7341afc8c69d262aa3d8f5a03725d9433e354,6.414,
447,primary_test_impostor,942,1846,primary_test_impostor,0,175,114,110,0,False,,0,False,,0,,False,,8.594,0.47,32840,be916a290da84ce2f34d54072a071c1fb0a3e81a7306d9694bf9e06466039f18,16152.195,16151.3,7804,exact-open-set-id-v2,1788212554096879136,127,127,2049,16464,3452286683c9e0fa17b2113e82047cc0805fc94748ff322dd6d7909d4a2925d8,5.776,
448,primary_test_impostor,943,1847,primary_test_impostor,0,226,23,1018,0,False,,0,False,,0,,False,,6.521,0.77,32840,cf559b22350409c7c591e50b49ac9570a92c29f47ed6495d592ba76547a8c710,15131.571,15130.5,7804,exact-open-set-id-v2,1788212554096879136,127,127,2049,16464,5e6b0c00b1d810b9ebd2c467c01d9bda201bf2691b57122f26b40bbb101873a8,6.159,
449,primary_test_impostor,944,1848,primary_test_impostor,0,220,23,1018,0,False,,0,False,,0,,False,,5.979,0.61,32840,71d105ebe5a78581653637efb7da5b029ef5d3e684178f2100eabb3b71e9a35e,15741.202,15740.2,7804,exact-open-set-id-v2,1788212554096879136,127,127,2049,16464,734d8bf768663d36056635b07155fac246569e81a59a950cd02a4dfa10247eef,5.775,
450,primary_test_impostor,945,1849,primary_test_impostor,0,171,96,1084,0,False,,0,False,,0,,False,,5.455,0.44,32840,4897e7f327807ee0a7f412c90e13bef6974595d9f16d6895852d0dd35784a5ae,15205.541,15204.7,7804,exact-open-set-id-v2,1788212554096879136,127,127,2049,16464,29fd7b26a7d1d48600072c5be29999eec86963f71b39c32e10e90a271edd51fd,6.767,
451,primary_test_impostor,946,185,primary_test_impostor,0,206,125,111,0,False,,0,False,,0,,False,,5.767,0.46,32840,457e9af7577f0cf6c3dbd7b96091fa4f7aee50bd846c70699532f70a66f2e00d,14753.399,14752.7,7804,exact-open-set-id-v2,1788212554096879136,127,127,2049,16464,baa0874ff1d2c9979c8f1b04bba3b08ae11aec5b088187b8d7dc8712fa097fa0,5.92,
452,primary_test_impostor,947,1850,primary_test_impostor,0,195,81,1070,0,False,,0,False,,0,,False,,5.579,0.42,32840,30d7a0177e42dadaff11787f718d39873b23f760c4e48361c6e4505eeebb2f1e,14184.954,14184.3,7804,exact-open-set-id-v2,1788212554096879136,127,127,2049,16464,8c579502d1ef26dfc3b5e8276ae7d56b1cd37a9227d6eec915c4af76295751c5,6.11,
453,primary_test_impostor,948,1851,primary_test_impostor,0,202,55,1047,0,False,,0,False,,0,,False,,5.848,0.47,32840,e6167a2c78d57f29c0117088b8d954f2762244b1164f95414bb38f0f26db4913,16018.302,16017.3,7804,exact-open-set-id-v2,1788212554096879136,127,127,2049,16464,2d983d43ec52e2d3ece98f4604599b4bdf25a025d6fe1fcba4119972a8c7b8f2,6.126,
454,primary_test_impostor,949,1852,primary_test_impostor,0,238,80,107,0,False,,0,False,,0,,False,,5.346,0.46,32840,d09cdfb5ccc12bd7e344aea6c1746901394408d53c798e27d545df8edd878823,14404.525,14403.8,7804,exact-open-set-id-v2,1788212554096879136,127,127,2049,16464,9ecbd5c391cd31a491c9b03f53b71374ab0df87e0290379bfe986333f41c1eee,6.105,
455,primary_test_impostor,950,1853,primary_test_impostor,0,154,124,1109,0,False,,0,False,,0,,False,,5.932,0.45,32840,8ad69a4b5b9775c15ee841e39c1f0fcb4f56837e674ad8c494c95aeae65f1aaa,14741.764,14741.1,7804,exact-open-set-id-v2,1788212554096879136,127,127,2049,16464,9ef2ea2227667e597327db97ea626fca68c4c4358da413c3791981545aeb1914,23.453,
456,primary_test_impostor,951,1854,primary_test_impostor,0,240,61,1052,0,False,,0,False,,0,,False,,5.309,0.45,32840,9c44fcfa1b9115ccb95acea05aac0107fceebfbb9d93a686425ad7d9aa0d4b66,16612.753,16612.0,7804,exact-open-set-id-v2,1788212554096879136,127,127,2049,16464,3b1242db54305ae9bcb10a14855fa1bd36c374d0931a451136869274874d33ef,6.598,
457,primary_test_impostor,952,1855,primary_test_impostor,0,208,2,10,0,False,,0,False,,0,,False,,7.147,0.48,32840,1e200a468645113ef3643ac642770dae45d529c42fa1b015b136b9b8afd33e20,18324.617,18322.6,7804,exact-open-set-id-v2,1788212554096879136,127,127,2049,16464,37c7af22ae0733f5b992b38d8fb66484b0e79bab436b9cc5a12756c0a394261f,7.302,
458,primary_test_impostor,953,1856,primary_test_impostor,0,196,102,109,0,False,,0,False,,0,,False,,10.961,0.95,32840,7622a73608417f73e2c42d137d0840eb8e156c1772250b40c128246ff062cb79,19849.226,19847.4,7804,exact-open-set-id-v2,1788212554096879136,127,127,2049,16464,692b2a23a6cd86ea74d4ff3877b1b7fdd059e8e68dd8d3c1328b1768df5eb5b9,20.889,
459,primary_test_impostor,954,1857,primary_test_impostor,0,135,34,1028,0,False,,0,False,,0,,False,,6.117,0.53,32840,1b78881f14b03364f2b0d623e19bc6ca32fd1e0c50d8b5fb7beb6907b2f89acd,17738.17,17736.9,7804,exact-open-set-id-v2,1788212554096879136,127,127,2049,16464,36f301d84fa1478bcc38b23a99c947242a27a9577134502d7b4c39a9e2d0e3c9,9.679,
460,primary_test_impostor,955,1858,primary_test_impostor,0,260,119,1104,0,False,,0,False,,0,,False,,6.956,0.49,32840,25f40a1792fa7be6312100b8270e01cb97b810ad630f96f2a7d112fefc06a74a,17611.349,17610.6,7804,exact-open-set-id-v2,1788212554096879136,127,127,2049,16464,ff45fe2aa5419087c48ef892780dedf5b3fccef0967065e8dc71e079933a9241,5.673,
461,primary_test_impostor,956,1859,primary_test_impostor,0,131,108,1095,0,False,,0,False,,0,,False,,6.457,0.97,32840,5f5681e9739add07b7c8f1d050830f1ba8e38b011f97a18b3fb1f0d0e59c956e,16408.297,16407.2,7804,exact-open-set-id-v2,1788212554096879136,127,127,2049,16464,ec9ec1fdb0b3214b7565a54632a7daecf8c792886aa9016e408d6821150cfe9b,6.465,
462,primary_test_impostor,957,186,primary_test_impostor,0,127,58,105,0,False,,0,False,,0,,False,,6.211,0.79,32840,a1f85e5263ad3acb70fd0c461c83547671e42f60f99dfb7e785f2a3c009ea05d,15679.018,15677.8,7804,exact-open-set-id-v2,1788212554096879136,127,127,2049,16464,94477462b24a9091580e2d4ab1b708a8947bdce1825f58f9f2a75a36719b0ca3,7.806,
463,primary_test_impostor,958,1860,primary_test_impostor,0,233,24,1019,0,False,,0,False,,0,,False,,6.942,0.46,32840,c2412e5b2ee3d70220bb421588c8819c056786096c8c9884c390ebb9a1cd518f,16284.098,16283.3,7804,exact-open-set-id-v2,1788212554096879136,127,127,2049,16464,cefd16e60ca8f75cc2a9711e25572a1b6bc8bb51ec7db88d858fef9a832d916f,5.889,
464,primary_test_impostor,959,1861,primary_test_impostor,0,242,23,1018,0,False,,0,False,,0,,False,,5.345,0.45,32840,7d96ec450b16bca28c11d6c2ac291584350bf9f3ebf5949e1600f6a68dee5e0c,15951.07,15950.3,7804,exact-open-set-id-v2,1788212554096879136,127,127,2049,16464,1e1530f309410462b13633039601e5b2261deb8d49a5be74111b87495852d098,7.809,
465,primary_test_impostor,960,1862,primary_test_impostor,0,272,28,1022,0,False,,0,False,,0,,False,,5.647,0.45,32840,ca2f761812e225657a2052feedc1125b514eb9766aed12fd28c2bd9f5feac56a,16313.434,16312.7,7804,exact-open-set-id-v2,1788212554096879136,127,127,2049,16464,5ca85e94244c5b95948c1ab3f9062bf679f234b7bfe8540d8749949103f788a9,6.867,
466,primary_test_impostor,961,1863,primary_test_impostor,0,176,105,1092,0,False,,0,False,,0,,False,,6.035,0.43,32840,95a48df96deb824c5d200ed6e38f3b77112cdc5fbebc6e1ed66b512429414651,16928.95,16928.1,7804,exact-open-set-id-v2,1788212554096879136,127,127,2049,16464,196cf1a2a57117c4d422ca1f3a1b730fc9bfc108de79d674869e675500c59a74,5.795,
467,primary_test_impostor,962,1864,primary_test_impostor,0,267,78,1068,0,False,,0,False,,0,,False,,6.152,0.53,32840,d1cb0d6c0f722f35fd619c42afa72708a69f8f0532ea6deccf09f16936104b56,16452.141,16451.2,7804,exact-open-set-id-v2,1788212554096879136,127,127,2049,16464,fb2fe82d88f7e9d59a5bde17f14f9e04fe025eeff9f25d7250540a3af098e8bb,6.794,
468,primary_test_impostor,963,1865,primary_test_impostor,0,182,20,1015,0,False,,0,False,,0,,False,,6.306,0.54,32840,c65df5fbc1736c83998a18a2826a3ab7024ffa3e32e640515faf0d640aa322fa,16156.751,16156.0,7804,exact-open-set-id-v2,1788212554096879136,127,127,2049,16464,9696433a39653ea9f45fcd439a4752f430694ac507d421e60e2b78450372f368,7.631,
469,primary_test_impostor,964,1866,primary_test_impostor,0,230,23,1018,0,False,,0,False,,0,,False,,5.704,0.47,32840,a83af02b4ea1a1e3babdbb27e97c2a94853bb913fcf9d8e66bb956c939024949,14824.344,14823.8,7804,exact-open-set-id-v2,1788212554096879136,127,127,2049,16464,bf7aed547f6d742378da1fa68ee2eb56409e6f3d5c7e1705d2f0d95c8c6990bf,5.809,
470,primary_test_impostor,965,1867,primary_test_impostor,0,118,11,1007,0,False,,0,False,,0,,False,,6.395,0.52,32840,9daef5968b5158f300c89480ea9bfae7f69fbd96afba0c3d6dae2fbb751809c2,14812.591,14811.9,7804,exact-open-set-id-v2,1788212554096879136,127,127,2049,16464,46b55fc1f17bf16f48075e8b8b2e05da8ec0628eb0fd119c768251aeb1d49021,5.923,
471,primary_test_impostor,966,1868,primary_test_impostor,0,247,86,1075,0,False,,0,False,,0,,False,,5.571,0.45,32840,84018899e81d5a4585f49c63044f1ec46abc7512edb373d3d09e13afb96bb1e9,17318.518,17317.1,7804,exact-open-set-id-v2,1788212554096879136,127,127,2049,16464,91d4a4f42bcbc083e0885794297cc48b1f623f2f36e1211586d5009018c89d58,15.776,
472,primary_test_impostor,967,1869,primary_test_impostor,0,221,86,1075,0,False,,0,False,,0,,False,,8.737,0.44,32840,1445d6b1de92924d99a5c75352be0c2a5a70fef5731faf4d76196a5933faa23a,18694.908,18693.9,7804,exact-open-set-id-v2,1788212554096879136,127,127,2049,16464,2bad5e3ebd541f1a89ea5f3aef765cfe1d0d9a8a15910738e8e8ac9f5eda0de2,6.382,
473,primary_test_impostor,968,187,primary_test_impostor,0,136,119,1104,0,False,,0,False,,0,,False,,6.048,0.45,32840,4dd152cd0d9f8d46b2b63a2e5c5e93906546471cdc6c0c06c70130a1415a941e,16367.332,16366.5,7804,exact-open-set-id-v2,1788212554096879136,127,127,2049,16464,bfedee47ac3bf098abcfb2ee1573337600210f85f611ebe7f1cf235c89152e9d,5.979,
474,primary_test_impostor,969,1870,primary_test_impostor,0,299,38,1031,0,False,,0,False,,0,,False,,5.9,0.47,32840,4af14854a7c9074652daf1effa48c837f952d0caaac0458c660b24bdeab03778,17174.935,17173.7,7804,exact-open-set-id-v2,1788212554096879136,127,127,2049,16464,4617690c457db606d7473609d2e4236205b95987128d22d55469bfd2d68b4b12,7.639,
475,primary_test_impostor,970,1871,primary_test_impostor,0,246,26,1020,0,False,,0,False,,0,,False,,9.086,0.46,32840,e8cc74eded95030140b78e2e56df754971c57e5015cc7a18a2cdc146b5707c4e,17040.489,17039.6,7804,exact-open-set-id-v2,1788212554096879136,127,127,2049,16464,278c4122a4c2824490f9ec98bc6497f054be351c23cae54c1983ba25ab50cdbc,5.973,
476,primary_test_impostor,971,1872,primary_test_impostor,0,168,99,1087,0,False,,0,False,,0,,False,,5.851,0.43,32840,f26c2e277b7e79f47415916d580be702222d5661016ec0f755169be31bfdd42a,16931.222,16930.5,7804,exact-open-set-id-v2,1788212554096879136,127,127,2049,16464,943f846526063a9c44fe2099b79a696ad73012238f75a25f7e16c2cb4c132d33,5.352,
477,primary_test_impostor,972,1873,primary_test_impostor,0,135,88,1077,0,False,,0,False,,0,,False,,6.12,0.44,32840,f2325e0c58db47fc0adf48ae5a09b065e1a2e3ee569e04a8e3b5bf9943ff9aad,18975.913,18974.8,7804,exact-open-set-id-v2,1788212554096879136,127,127,2049,16464,21f108f70b389f457a1ece0e7349e15a4889590e4690608c60d08981b15593d9,6.047,
478,primary_test_impostor,973,1874,primary_test_impostor,0,255,81,1070,0,False,,0,False,,0,,False,,5.648,0.67,32840,4ed8be79f2347fd30ec00fcf446f41989e1feac9f6f54c81bdd845269d447ca6,16580.508,16579.7,7804,exact-open-set-id-v2,1788212554096879136,127,127,2049,16464,bfeb58e743cc63db9465d64e9a285a22b2e78e7461d24589f3f8cdf04fad5f4d,7.533,
479,primary_test_impostor,974,1875,primary_test_impostor,0,221,12,1008,0,False,,0,False,,0,,False,,6.671,0.62,32840,961c79b92d5db2f5c9d7a5944a9bd1088348065277b954e96422f85dd004f22b,17005.62,17005.0,7804,exact-open-set-id-v2,1788212554096879136,127,127,2049,16464,f19cc5bb239e9e06d5535fb24908b92a2059bfbf3d7bc9f3918061db1838c0a4,7.935,
480,primary_test_impostor,975,1876,primary_test_impostor,0,184,77,1067,0,False,,0,False,,0,,False,,5.749,0.61,32840,dfc23ed99dfa916453414ad1b519c2da1f9616c81855b9ae95c9c251e032480c,17878.008,17877.2,7804,exact-open-set-id-v2,1788212554096879136,127,127,2049,16464,0c79f2aaac9c1e064445eff2a636b540d74cae02b5a6f973cd7f1f0ea7dae2ea,11.406,
481,primary_test_impostor,976,1877,primary_test_impostor,0,94,119,1104,0,False,,0,False,,0,,False,,6.05,0.51,32840,d09e981fded39cb63e45ec280003a22de89a3cc57b52c502b3ee67dabc3f9843,16685.968,16685.1,7804,exact-open-set-id-v2,1788212554096879136,127,127,2049,16464,eeb315be890f3d89dc33396592f498ca1c5cfe471c020e74f662ff10a91ffa96,6.086,
482,primary_test_impostor,977,1878,primary_test_impostor,0,98,15,1010,0,False,,0,False,,0,,False,,5.861,0.47,32840,0f8aef376236cde18eb298bf258408a0ebc24045617cf850618336bbba6865dd,17345.633,17344.9,7804,exact-open-set-id-v2,1788212554096879136,127,127,2049,16464,b4a5b7dfd830b5daaf00f302e0af10bb7b19a1ad282b50b6f5a42bc37bfcdb04,5.644,
483,primary_test_impostor,978,1879,primary_test_impostor,0,212,80,107,0,False,,0,False,,0,,False,,5.897,0.58,32840,8c5ea84e320e7140063a414f934b29a6fad8eb926fe1e2193ffa508d1ff8d136,15177.365,15176.7,7804,exact-open-set-id-v2,1788212554096879136,127,127,2049,16464,81d9021104352b1060a5d0fbdd81f9a25a5d0f1ca391c438a4f8c301daa49912,5.595,
484,primary_test_impostor,979,188,primary_test_impostor,0,359,1,1,0,False,,0,False,,0,,False,,6.723,0.57,32840,f0255a0b6d48d9ae35640ed8a11436ab3cf5b359b0d798685d799b099b5707e3,15611.618,15610.9,7804,exact-open-set-id-v2,1788212554096879136,127,127,2049,16464,54cccf0e29ac6d0efc3ca0d795330350ebb178f703b66d7f420163361a472f25,5.313,
485,primary_test_impostor,980,1880,primary_test_impostor,0,55,91,108,0,False,,0,False,,0,,False,,5.157,0.45,32840,7dd07f80c3416d35858fbed8173e4cd5ea6fff41a204add65ba544849d7dd156,16691.495,16682.0,7804,exact-open-set-id-v2,1788212554096879136,127,127,2049,16464,c4120e39949470f03964c1d4833b6929964656a70700d75e6a43d9dedc00ad6d,305.77,
486,primary_test_impostor,981,1881,primary_test_impostor,0,283,112,1099,0,False,,0,False,,0,,False,,125.712,3.63,32840,3cf7d25128b993de79e04138e78e46884975a9957c04ae5c5a98304c03f56dbe,20380.328,20379.0,7804,exact-open-set-id-v2,1788212554096879136,127,127,2049,16464,2bb8138bcef613454f0b6272ccc86b81b00ca5345bfc92ba63f43eee7a95eb20,5.804,
487,primary_test_impostor,982,1882,primary_test_impostor,0,162,7,1003,0,False,,0,False,,0,,False,,6.778,0.48,32840,4599b00ead283b86c3fd0badb903110913719e5b8ab6b520c2b416cba3c1caf8,18372.36,18371.3,7804,exact-open-set-id-v2,1788212554096879136,127,127,2049,16464,c9bea29d8449f4005ef1cdc5c33ebef3e274731692bceefaa5cb89cb3d63e68b,6.564,
488,primary_test_impostor,983,1883,primary_test_impostor,0,237,12,1008,0,False,,0,False,,0,,False,,6.938,0.51,32840,b436593af5ba60d8f3467bcf6e730e6941a2980ccc4564196274a67d62336c99,16990.629,16989.7,7804,exact-open-set-id-v2,1788212554096879136,127,127,2049,16464,643c750280f0ac3658c868eaa5554bf533d941ea82a59a76c7aa986bb79e33b9,7.798,
489,primary_test_impostor,984,1884,primary_test_impostor,0,90,26,1020,0,False,,0,False,,0,,False,,6.904,0.49,32840,b0183c56232731c58ec20e54ae84891a5e4de7e480b86255bcf789589a5643a4,17189.555,17188.5,7804,exact-open-set-id-v2,1788212554096879136,127,127,2049,16464,d53f355a835974ac96adbf53077c762e6027d0d0d68387f54d6fa5469592a66d,12.11,
490,primary_test_impostor,985,1885,primary_test_impostor,0,307,95,1083,0,False,,0,False,,0,,False,,7.783,0.51,32840,c6f9caef5a592944b15c1c192a768684a2d13eeb9fdb8b891e1aba4b10b8a475,15920.193,15919.5,7804,exact-open-set-id-v2,1788212554096879136,127,127,2049,16464,721ef52784c047bc231be2968f132070762c422b90428ee754cac5d44ac8e0ba,7.97,
491,primary_test_impostor,986,1886,primary_test_impostor,0,114,97,1085,0,False,,0,False,,0,,False,,5.947,0.48,32840,175a47347efa6b87cf57701cb81adaa35c9483e27082656c366ada2d2ae945de,16300.437,16299.8,7804,exact-open-set-id-v2,1788212554096879136,127,127,2049,16464,ba445e6ed178561d0592c24b83c05b398a4b17a385ef84356dce4924655478df,6.609,
492,primary_test_impostor,987,1887,primary_test_impostor,0,388,46,1039,0,False,,0,False,,0,,False,,6.381,0.46,32840,cd6a6be920a3c7e9e2e1663934a53ba342a7ab4753987211c69445cd4ec082a1,17898.89,17897.8,7804,exact-open-set-id-v2,1788212554096879136,127,127,2049,16464,ab5b355f1d9eb2997f272a03b68df958a0f3ef913143644d9ecf62a6db8b03bf,6.571,
493,primary_test_impostor,988,1888,primary_test_impostor,0,89,24,1019,0,False,,0,False,,0,,False,,6.41,0.5,32840,5933fe1f1d7b5dff0ecbcd42b051c4882b303c1a54ba83c330d63657cc99f1a7,18121.004,18120.1,7804,exact-open-set-id-v2,1788212554096879136,127,127,2049,16464,5a89dc28dba25cd6efba2b93632e4f143bb090e00c3a20cdbab24db0da88c6a6,6.161,
494,primary_test_impostor,989,1889,primary_test_impostor,0,161,19,1014,0,False,,0,False,,0,,False,,6.276,0.48,32840,27a74dd4dbc14b84a0d10c8f22fe7ac6aa018db2eab24554f0d54780c18e481a,16976.601,16975.7,7804,exact-open-set-id-v2,1788212554096879136,127,127,2049,16464,468c6cc46a499b1357be0db42a394ecf9d0dcfba6e3f4fa92e76e1109f836790,5.936,
495,primary_test_impostor,990,189,primary_test_impostor,0,212,92,1080,0,False,,0,False,,0,,False,,6.563,0.46,32840,3eb779610299c638df2b801df5da241a7c1a65a57612e6c8775855a5d2a4334d,15855.888,15855.0,7804,exact-open-set-id-v2,1788212554096879136,127,127,2049,16464,f8488bff7b976959d429ae02b0d9ce054c85b2118be84ee6fd4d24d88737c10b,6.451,
496,primary_test_impostor,991,1890,primary_test_impostor,0,189,96,1084,0,False,,0,False,,0,,False,,5.705,0.46,32840,dba2c57f7337843c0e6ee78e40f98ddbad3a4d0a0207e95633374d825495aaae,15558.355,15557.5,7804,exact-open-set-id-v2,1788212554096879136,127,127,2049,16464,028bf8b33b23b9eb0585954c8ae708c2be2cba6812dcc7ffd8a6248a3a63c389,6.257,
497,primary_test_impostor,992,1891,primary_test_impostor,0,106,17,1012,0,False,,0,False,,0,,False,,6.075,0.5,32840,019f35020ed047cba457c692690ae3c354827de537a37d5007579964b8ba803e,15486.98,15486.3,7804,exact-open-set-id-v2,1788212554096879136,127,127,2049,16464,e3ce40a0b00e5f3de029c31c9949ec0925ac7f5a2861400c1b3dcc97ebcfbe7d,5.457,
498,primary_test_impostor,993,1892,primary_test_impostor,0,142,115,1100,0,False,,0,False,,0,,False,,4.918,0.46,32840,409835b865103cfa768aaf7282697696a4e4ef7f6a8cf2ffd796264f569b16b7,16011.617,16010.9,7804,exact-open-set-id-v2,1788212554096879136,127,127,2049,16464,9b6ea4a3726e6ee7eebf6b47964a8b32219395fff6b51d92d30c39f2a616688f,6.135,
499,primary_test_impostor,994,1893,primary_test_impostor,0,127,29,1023,0,False,,0,False,,0,,False,,6.949,0.79,32840,c78032fc0840f727ced98daf8eb67337c0e9781dd268b849bf4157e2613bd962,18141.421,18139.8,7804,exact-open-set-id-v2,1788212554096879136,127,127,2049,16464,345fad9196ab8159840c7ac300cfa6e94c63b8c083f880335bb4f16d6f375a65,11.243,
500,primary_test_impostor,995,1894,primary_test_impostor,0,179,116,1101,0,False,,0,False,,0,,False,,10.958,0.49,32840,ba00359bbc32de89991df4a4ef2aeac5920448cda6332fb66f4e5997c4777eb8,20022.482,20021.0,7804,exact-open-set-id-v2,1788212554096879136,127,127,2049,16464,cd6a6862757eb55a6be0bd4a25eadcea32431f0d35375e75de46b3530bb4e6ce,8.292,
501,primary_test_impostor,996,1895,primary_test_impostor,0,200,99,1087,0,False,,0,False,,0,,False,,8.006,0.53,32840,4a7150e18cf5f3758efa12767d8e39e81891abe66ff0723ad8bcf2bdc18ffea4,17654.906,17653.9,7804,exact-open-set-id-v2,1788212554096879136,127,127,2049,16464,285de7ef5d3c9d6bfd9face21e950c428e22b2069d12d3ca34b1a1dfced22ae6,6.383,
502,primary_test_impostor,997,1896,primary_test_impostor,0,227,31,1025,0,False,,0,False,,0,,False,,5.901,0.44,32840,61a41d3948bea4650d801b52ad0abf688eff7d92f2aba292dfd2171cb808e103,16444.445,16442.8,7804,exact-open-set-id-v2,1788212554096879136,127,127,2049,16464,ba009dac6f613a372f0b7d57bfcc2fab71ee7a88ebe958ffaf537a53d97d1157,5.801,
503,primary_test_impostor,998,1897,primary_test_impostor,0,268,49,1041,0,False,,0,False,,0,,False,,6.453,0.57,32840,ce9a9ef5fb7d3072b7a7ac859d4360935c89fa9253d2f8ebda3884dce4da34c9,17963.474,17962.0,7804,exact-open-set-id-v2,1788212554096879136,127,127,2049,16464,03d940913b7dd6341c959ff6253294295cfe64a9cb24336def7594dc4ba9af97,8.023,
504,primary_test_impostor,999,1898,primary_test_impostor,0,195,66,1057,0,False,,0,False,,0,,False,,6.747,0.59,32840,d1d76d1c485e0d188f76d523d565071f2f1a4a2cf27c0a1049354ffebc1a0b5b,15635.27,15634.3,7804,exact-open-set-id-v2,1788212554096879136,127,127,2049,16464,7f02d3a7891afe2e77152783ffdf0cd5965ca75e872da6329a93b65da4740300,6.085,
505,primary_test_impostor,1000,1899,primary_test_impostor,0,204,57,1049,0,False,,0,False,,0,,False,,6.282,0.46,32840,1be41f459fe1f4e6366ead4342f2dd5eb2bb9f0f9d172dae046edcb43c884998,16848.904,16848.0,7804,exact-open-set-id-v2,1788212554096879136,127,127,2049,16464,b1708943e7aaec315f64e6e2957c14919379a677f3d4ae50d17808a7276e0e30,14.309,
506,primary_test_impostor,1001,19,primary_test_impostor,0,121,24,1019,0,False,,0,False,,0,,False,,11.964,0.57,32840,02cd678370d24dc59fad2b7da3ddc771f96a418676a046b4eca76a280163fffa,17345.265,17343.8,7804,exact-open-set-id-v2,1788212554096879136,127,127,2049,16464,b724fde1704fad95048ef937d8d1a27fe1c326005370e6f0f2c19ef56e4ace7d,5.929,
507,primary_test_impostor,1002,190,primary_test_impostor,0,180,47,104,0,False,,0,False,,0,,False,,5.515,0.43,32840,5662c161c39b82b3daa3d1b7dc901d296be114be71c7e601b2701541468b16d4,17269.341,17268.2,7804,exact-open-set-id-v2,1788212554096879136,127,127,2049,16464,ea230c6e0e9f290228fbe94eca605b9b50e0ffb6e19901ca68dfd9b47e0bfcba,13.842,
508,primary_test_impostor,1003,1900,primary_test_impostor,0,114,102,109,0,False,,0,False,,0,,False,,6.675,0.76,32840,34faac560a604a17082a26a7a3ebdb25bcd046c040633c6b0b389898c5acc884,18310.653,18309.4,7804,exact-open-set-id-v2,1788212554096879136,127,127,2049,16464,6811c2a28ef36a685d212de4062cc9d953241ce975026bea59eb43e8736ed1a2,6.979,
509,primary_test_impostor,1004,1901,primary_test_impostor,0,165,68,1059,0,False,,0,False,,0,,False,,5.669,0.75,32840,57a3a27b31e5f00faac7312432e646e995f043beb7f1183c063c52ff0804b25f,19141.319,19140.5,7804,exact-open-set-id-v2,1788212554096879136,127,127,2049,16464,c9be3303a2f3f8311372363e1abf1d11e0d9fcb041e876b63e678ed525ceb546,6.172,
510,primary_test_impostor,1005,1902,primary_test_impostor,0,63,116,1101,0,False,,0,False,,0,,False,,7.002,0.44,32840,09518f61a8591e244dc3a5267303004944997c9b38d1b5b5fc59260f8a1f0071,18670.915,18669.9,7804,exact-open-set-id-v2,1788212554096879136,127,127,2049,16464,94cff4ff2d8f6b619e3ec4a66a4754217dea0412ffc2729095ae2efb61d7ae7c,6.676,
511,primary_test_impostor,1006,1903,primary_test_impostor,0,150,92,1080,0,False,,0,False,,0,,False,,5.89,0.61,32840,7c4d3672ac99266e7095f5580ee3d576acd24b08a60dce25365917e3c14d7157,18827.135,18826.1,7804,exact-open-set-id-v2,1788212554096879136,127,127,2049,16464,58b1402f4677b9da81b6d4845e34fbcde032dbd2a17b519f3708c7d7f682f4be,6.138,
512,primary_test_impostor,1007,1904,primary_test_impostor,0,171,75,1065,0,False,,0,False,,0,,False,,6.267,0.49,32840,b3c6e0b612ff2b0bdbbf72c0c74fe987597e8afc0671efd181cb1a447d62079f,18127.088,18126.3,7804,exact-open-set-id-v2,1788212554096879136,127,127,2049,16464,5ed60f07ae63b7539725136d2cf6b6eaf8bbfed289fbd21d7db77aa26674be1e,6.562,
513,primary_test_impostor,1008,1905,primary_test_impostor,0,244,115,1100,0,False,,0,False,,0,,False,,10.979,0.5,32840,db54ab11f704b411fdf6b6dde6c1c961529f2fc36bbc7232f8c7e17cda6dc11f,20706.271,20704.8,7804,exact-open-set-id-v2,1788212554096879136,127,127,2049,16464,110c1e26c2e72989bb8ddf4a60d8e4a74def31299a5f3e7cb2e1d2620f8db886,6.357,
514,primary_test_impostor,1009,1906,primary_test_impostor,0,91,106,1093,0,False,,0,False,,0,,False,,6.4,0.47,32840,09f0799c5fe2219e534e02b561445ead182c052dc3e77eb99566572d47a625e2,19241.651,19240.4,7804,exact-open-set-id-v2,1788212554096879136,127,127,2049,16464,3570e1b8c20bf2239ee6fba7021b529a13944e3381e0582b568bbaa16e1de562,7.721,
515,primary_test_impostor,1010,1907,primary_test_impostor,0,136,17,1012,0,False,,0,False,,0,,False,,6.728,0.48,32840,9ea88a9ea6a67b279ccc859d688d427e58c2b542335fb4e0c322d0f874cc7c0d,18508.901,18507.6,7804,exact-open-set-id-v2,1788212554096879136,127,127,2049,16464,842d3f459232a6ff3ce412ac6000ac5c0638e3eb61bd71db89e8010c334788a4,6.702,
516,primary_test_impostor,1011,1908,primary_test_impostor,0,153,88,1077,0,False,,0,False,,0,,False,,6.554,0.48,32840,6aeebfde321d5a51dd970ba22767d2b0bd73236349ace2445eea5673e7aeb7b6,16628.095,16627.3,7804,exact-open-set-id-v2,1788212554096879136,127,127,2049,16464,0de4f225471a79b4b9e840131d26f02c7724f112063af6dc82f1389182225510,7.839,
517,primary_test_impostor,1012,1909,primary_test_impostor,0,112,123,1108,0,False,,0,False,,0,,False,,6.246,0.55,32840,280d35ff840bd82f7a0190e7641047565b80252406ff821999b5bde100956413,15348.365,15347.4,7804,exact-open-set-id-v2,1788212554096879136,127,127,2049,16464,740d4cde63dd0b83bf24fdda7526e81e06940cfca87c54020d0ed56483ad6e90,6.429,
518,primary_test_impostor,1013,191,primary_test_impostor,0,216,20,1015,0,False,,0,False,,0,,False,,5.715,0.78,32840,0450d3845a4c804cb9ac995f89c8a06b78af354f33ffecaf33a4272322e2da04,15338.834,15337.9,7804,exact-open-set-id-v2,1788212554096879136,127,127,2049,16464,ee45e83d416f947d67a1ee3078d620c5f514a44a712235f6f0d49458bd2fe5ca,6.402,
519,primary_test_impostor,1014,1910,primary_test_impostor,0,157,78,1068,0,False,,0,False,,0,,False,,6.138,0.48,32840,5471859e346911307070aeb289ec24ac08eb920d3726700a4bd2ebf4ca3c4c11,16794.818,16788.7,7804,exact-open-set-id-v2,1788212554096879136,127,127,2049,16464,77f5073f08db11fb116fbd9753d0be372b5311dce22fbee566065b7c81f384c5,19.333,
520,primary_test_impostor,1015,1911,primary_test_impostor,0,127,64,1055,0,False,,0,False,,0,,False,,15.268,0.93,32840,7c735806aae62bab2158f062584b4d34a7134e48e630e4581e94b0f5df61413b,16398.154,16396.2,7804,exact-open-set-id-v2,1788212554096879136,127,127,2049,16464,ca5c660377eb4494400c2d94ffd1667b3448126ae88df79c3e26e259c416f0df,6.094,
521,primary_test_impostor,1016,1912,primary_test_impostor,0,239,86,1075,0,False,,0,False,,0,,False,,5.346,0.46,32840,0a350bb7e70ebef99228a5881dcc1c2efb258385500ba13bca86953699f5415d,15409.281,15408.4,7804,exact-open-set-id-v2,1788212554096879136,127,127,2049,16464,6c51f3fe1c4fab1851140f5186e06b8334d931b98dfe7f86dc5a0e962c09654b,6.323,
522,primary_test_impostor,1017,1913,primary_test_impostor,0,231,88,1077,0,False,,0,False,,0,,False,,6.88,0.71,32840,0bcb3b121049fe184ede15b9e48709b71fbac79b3e3f33f2601a7e20063f5139,15625.999,15624.8,7804,exact-open-set-id-v2,1788212554096879136,127,127,2049,16464,7720a3d5033d1566635cfba9de44e2919c2641590a1608a4dbc6c3740a50a237,6.01,
523,primary_test_impostor,1018,1914,primary_test_impostor,0,184,2,10,0,False,,0,False,,0,,False,,5.815,0.52,32840,d5c82553b326bd0df6ed3a562a35dc4bf39d7dc4a63ccd94fc4c4a8fd2c37476,16688.965,16687.3,7804,exact-open-set-id-v2,1788212554096879136,127,127,2049,16464,9f8f81e24a31074705857a4e56675f6876a1fcc19bcc6e4274ae0fda1ebea3e3,7.148,
524,primary_test_impostor,1019,1915,primary_test_impostor,0,160,3,100,0,False,,0,False,,0,,False,,6.472,0.51,32840,a078f42c6fad9cce216960b034066514f49fa7e3a3aca012ee9361507e571a11,15603.894,15602.5,7804,exact-open-set-id-v2,1788212554096879136,127,127,2049,16464,b963f1aed78433aca63a9a5edf4ad3590091b73d2d7e235ad193b6bdd3679c2c,7.33,
525,primary_test_impostor,1020,1916,primary_test_impostor,0,194,62,1053,0,False,,0,False,,0,,False,,6.155,0.44,32840,09e645fe7fd3d20411b0f10b8f19e7d81a3e3f742d6fe0f72097c6cf419b7290,15481.517,15480.2,7804,exact-open-set-id-v2,1788212554096879136,127,127,2049,16464,4ff885f4ea8ee4a039afca936766e7a03ad88e4101197ccde5a72aefe5462b47,7.181,
526,primary_test_impostor,1021,1917,primary_test_impostor,0,246,110,1097,0,False,,0,False,,0,,False,,5.978,0.49,32840,e46010af8f1ec8afd8850cc728c776421fdd9518c8b69d1f355d320643fa9cf9,17262.365,17261.1,7804,exact-open-set-id-v2,1788212554096879136,127,127,2049,16464,69faa20b72fd47cd3063ca5971903e5a8a54735f1521402e4ad1030cb3fd89b0,7.381,
527,primary_test_impostor,1022,1918,primary_test_impostor,0,202,80,107,0,False,,0,False,,0,,False,,5.671,0.44,32840,cc23d95215e516b703cbc29f2dc4727322fc2d92bedb1b5cede2dde6fcb2c0ec,19548.534,19546.6,7804,exact-open-set-id-v2,1788212554096879136,127,127,2049,16464,6c8e79db7d3cb1def81b002d75e78da9fd5690a985c49b2980dbe02fea9c6d5a,8.913,
528,primary_test_impostor,1023,1919,primary_test_impostor,0,216,93,1081,0,False,,0,False,,0,,False,,8.414,0.5,32840,30aac52fcd44452b3c62e7bf4cdc0e426107131619530fb8de86be64062d0af6,18405.04,18404.1,7804,exact-open-set-id-v2,1788212554096879136,127,127,2049,16464,874267aed74c740651cbc2ea597fa7d8c3e6c62c20984c94f134c4dfe793c980,9.844,
529,primary_test_impostor,1024,192,primary_test_impostor,0,208,42,1035,0,False,,0,False,,0,,False,,7.233,0.66,32840,09486ac3afe6db6e1e76c5023a68ef30f9fade6c79a243207e67ce9b80fff265,16912.268,16911.1,7804,exact-open-set-id-v2,1788212554096879136,127,127,2049,16464,66418d2953a62255456392b0164961f1d36c47d60dd664a6c6afc99096229971,6.541,
530,primary_test_impostor,1025,1920,primary_test_impostor,0,135,91,108,0,False,,0,False,,0,,False,,6.365,0.5,32840,ec50733e83f6fecc653c89ccec9017ad74c0aefea9a3519608aafd5c4b109252,18776.429,18775.6,7804,exact-open-set-id-v2,1788212554096879136,127,127,2049,16464,42809c4c161a9426681f60053c14ae96513ca17923cbdd08603cd78b98c76cc0,7.969,
531,primary_test_impostor,1026,1921,primary_test_impostor,0,206,80,107,0,False,,0,False,,0,,False,,6.723,0.47,32840,88ec602be98edc86e40b57009d26e440004e386ccb7ebf5c2a6608a8d17be2a8,17532.256,17531.0,7804,exact-open-set-id-v2,1788212554096879136,127,127,2049,16464,31cfa709541f8a8a2a733f074eb3cc1d23fcc843e601d4835cf440668921cb8a,7.54,
532,primary_test_impostor,1027,1922,primary_test_impostor,0,128,4,1000,0,False,,0,False,,0,,False,,7.069,0.52,32840,bf87de21547dc99d3d2331a3d59ea780ca055bb33eca2d90babdaa546a8e46d1,15249.52,15248.6,7804,exact-open-set-id-v2,1788212554096879136,127,127,2049,16464,56210ccba8447cd09c124eeec4028877530c41d56646dc0b231f6c4a141d85f6,5.912,
533,primary_test_impostor,1028,1923,primary_test_impostor,0,112,80,107,0,False,,0,False,,0,,False,,6.76,0.5,32840,5ea10d95b3a41304250341d8a2ab6e96f35e48b54e1378f473df1cb09831daa2,16134.744,16133.7,7804,exact-open-set-id-v2,1788212554096879136,127,127,2049,16464,e1c83ae533c48157db463a8327aab4d85fd8c296541b4cec9e5d9202def33000,7.078,
534,primary_test_impostor,1029,1924,primary_test_impostor,0,273,45,1038,0,False,,0,False,,0,,False,,6.036,0.73,32840,49c3395a4fd24803f19d82a5dd4a207b2257cb68c6f063bab60cc1074cddba8a,16391.05,16390.0,7804,exact-open-set-id-v2,1788212554096879136,127,127,2049,16464,9c64852daebd6ca6f78f697a674c680ad8804918fa0e9c1cae26238e7df46e85,5.514,
535,primary_test_impostor,1030,1925,primary_test_impostor,0,244,121,1106,0,False,,0,False,,0,,False,,4.956,0.45,32840,5e5b356ee1038bee7ef274bbf6ab3d9ce3c2b1df7181f42a2c6d37ca86adfdb5,15252.431,15251.6,7804,exact-open-set-id-v2,1788212554096879136,127,127,2049,16464,57e9d238214f1f18a9d0f94a5ee2820d9e6d21a4787020ed4cc041abca5d107d,8.335,
536,primary_test_impostor,1031,1926,primary_test_impostor,0,194,61,1052,0,False,,0,False,,0,,False,,5.776,0.47,32840,f720ff872447d2a022fc98eceff0b2bc0c2cf3b7d32f074edb05520069d69472,14959.08,14958.3,7804,exact-open-set-id-v2,1788212554096879136,127,127,2049,16464,2ac73cd7ec3cf87d443da4f184d68e95cc860c616b4475e4f74a95504070acc7,6.147,
537,primary_test_impostor,1032,1927,primary_test_impostor,0,207,76,1066,0,False,,0,False,,0,,False,,6.692,0.58,32840,013e4c817c130ef8389c47b7a515d68bf4d4e198aaeb281b8514db0974f05817,15770.49,15769.6,7804,exact-open-set-id-v2,1788212554096879136,127,127,2049,16464,2a260207706cd696af77d9e5bd54d8a312fbbd2fb29231f827c951aea1597f02,6.562,
538,primary_test_impostor,1033,1928,primary_test_impostor,0,184,30,1024,0,False,,0,False,,0,,False,,5.67,0.47,32840,ee41efca463f523de48d9c20bf9565d621a1a22e77fbc76d3931bdc58aa28aef,15553.184,15552.1,7804,exact-open-set-id-v2,1788212554096879136,127,127,2049,16464,a78cc1f3a05dca2995a6c3febbf2f878c1147e38542af45d065db80543b797d6,6.882,
539,primary_test_impostor,1034,1929,primary_test_impostor,0,115,29,1023,0,False,,0,False,,0,,False,,5.689,0.67,32840,ecf25fb95962309987b6ff41e23adfc80921f5e9234d4fab2c320e0b30725b90,13909.557,13908.8,7804,exact-open-set-id-v2,1788212554096879136,127,127,2049,16464,f9af55ff47c1fe810d7151a78ff487f11aeeb6f5ebc733fe8e2739abb0fc6d0c,5.358,
540,primary_test_impostor,1035,193,primary_test_impostor,0,134,121,1106,0,False,,0,False,,0,,False,,5.535,0.4,32840,c0d9a000bdf6413a6dd62736cc909d77db68b4af711894035dc669abfb23ce5f,14327.903,14327.2,7804,exact-open-set-id-v2,1788212554096879136,127,127,2049,16464,d79c3e3e6167e15e49168a35a0e33d26b7d207984b6514e47ce55cb712a80e4a,6.162,
541,primary_test_impostor,1036,1930,primary_test_impostor,0,142,80,107,0,False,,0,False,,0,,False,,5.723,0.5,32840,36c4f4b780ed2bc196a2acc998062f4c81b034a6017cff4166ffb65edd84f419,15702.866,15702.2,7804,exact-open-set-id-v2,1788212554096879136,127,127,2049,16464,c5880405548a2534e0e5616625848715b688b7fcd3acea03b2e136420405f614,12.596,
542,primary_test_impostor,1037,1931,primary_test_impostor,0,240,80,107,0,False,,0,False,,0,,False,,5.975,0.51,32840,07cbe4b1c9ce385051732c0aff644ea697a7caaf0e7a819724eed804da17f6f2,18473.909,18472.8,7804,exact-open-set-id-v2,1788212554096879136,127,127,2049,16464,b3f9d216afd870cdc6d2f8aff57e4fbb62b208017c07b75167dd5d6f6e86c8a4,7.563,
543,primary_test_impostor,1038,1932,primary_test_impostor,0,150,97,1085,0,False,,0,False,,0,,False,,10.027,0.78,32840,0c3b83f8088720f05777de6c555900694f8d7d99bcf585e39ea90c9bc00772e6,17499.272,17498.2,7804,exact-open-set-id-v2,1788212554096879136,127,127,2049,16464,6f4cbd6a78480b6d7797d673a1c28da2f064f073f73ca461e7cdc043e83b7422,9.457,
544,primary_test_impostor,1039,1933,primary_test_impostor,0,48,93,1081,0,False,,0,False,,0,,False,,5.753,0.45,32840,9f0de816f0c775dc4165e2623e7f63b5b53587199224d36295599df148194668,16680.105,16679.0,7804,exact-open-set-id-v2,1788212554096879136,127,127,2049,16464,65df24650bc443ebc3756eacc048a2b520fbb6fbf61c70818e49127adea36fb7,6.474,
545,primary_test_impostor,1040,1934,primary_test_impostor,0,126,115,1100,0,False,,0,False,,0,,False,,6.443,0.48,32840,9e8a9474abdfd50a357bac343b9d65258dcfc9940fdc603e5d4985651629bc06,17659.969,17658.7,7804,exact-open-set-id-v2,1788212554096879136,127,127,2049,16464,e6500d6284e0793054c915d7435a30d9df246963d8ac0fbc20c24cfd0ae90d03,6.242,
546,primary_test_impostor,1041,1935,primary_test_impostor,0,128,97,1085,0,False,,0,False,,0,,False,,4.872,0.44,32840,4843e68c0d2de12f610d37b85eff3627343c394dd78b6a7929f497ec58666b58,15910.325,15909.4,7804,exact-open-set-id-v2,1788212554096879136,127,127,2049,16464,d44056670733b0ef22209c6666fcfeac62cb502c96d8ccc4434811076c6f5294,6.296,
547,primary_test_impostor,1042,1936,primary_test_impostor,0,176,2,10,0,False,,0,False,,0,,False,,5.948,0.47,32840,32642addf15fdafb83d7a4245118d491c094c7891000baf90a3fbdacf37fad42,15765.098,15764.3,7804,exact-open-set-id-v2,1788212554096879136,127,127,2049,16464,4fd59dc32440bbcd8709b955224c03ad2f852dd940419ff8aef55baf084af0b8,5.845,
548,primary_test_impostor,1043,1937,primary_test_impostor,0,125,74,1064,0,False,,0,False,,0,,False,,9.055,0.49,32840,7c167a9efad5a8d0d2c7ab4fb1b0ca0dda9a48332d8262bd8d612902e0c666d6,17716.109,17713.8,7804,exact-open-set-id-v2,1788212554096879136,127,127,2049,16464,114dcd0665781e4b08120a7894d1738c24fe44c7188277ae0034869c8a0d7d3f,8.722,
549,primary_test_impostor,1044,1938,primary_test_impostor,0,158,35,1029,0,False,,0,False,,0,,False,,13.759,0.61,32840,380c2e857d1249c0b200f65ece5bd74b93e43fa6af500bafc3a385b3cd337ff9,16082.076,16080.8,7804,exact-open-set-id-v2,1788212554096879136,127,127,2049,16464,954652262bc9445ef4544054dd31ba47a8704abd58f353a132812ab23284541f,6.504,
550,primary_test_impostor,1045,1939,primary_test_impostor,0,168,3,100,0,False,,0,False,,0,,False,,6.216,0.42,32840,568c4677af068cb6302721c47313828ed376633dbfaa28deddf3e629369e5739,14369.2,14368.3,7804,exact-open-set-id-v2,1788212554096879136,127,127,2049,16464,450b63da18318b62e654032993018f517168d1bc1ad188a747e3bf3a4c3eed04,7.466,
551,primary_test_impostor,1046,194,primary_test_impostor,0,180,72,1062,0,False,,0,False,,0,,False,,5.837,0.48,32840,b7a385610f08fc0ce9a47fa1876e3f9361485e9d0041c604b1830c7c1efc0658,15100.219,15099.4,7804,exact-open-set-id-v2,1788212554096879136,127,127,2049,16464,d8ecf340661d82828267826832af52d1057575396304d15ffe514c5b72944ff2,6.655,
552,primary_test_impostor,1047,1940,primary_test_impostor,0,285,67,1058,0,False,,0,False,,0,,False,,6.165,0.43,32840,2efb74fe0234681d94a725c6ea8910aea34b626034d9b1c1dface5a0c0f70e39,16582.674,16581.8,7804,exact-open-set-id-v2,1788212554096879136,127,127,2049,16464,950c2a0f060e3da5fa090095da4520145c9adbd016ed26c99ed8171f7a1d725d,7.351,
553,primary_test_impostor,1048,1941,primary_test_impostor,0,159,76,1066,0,False,,0,False,,0,,False,,6.952,0.6,32840,cf55ea8d75a37bba5f302f349621b076623ed8bd42fce80a392a73b4393cf8d0,15936.864,15935.9,7804,exact-open-set-id-v2,1788212554096879136,127,127,2049,16464,954b8f6271fa0a34341f2801d09f49f25ab3c2f42006b91a52caf1c996e257b4,5.505,
554,primary_test_impostor,1049,1942,primary_test_impostor,0,223,88,1077,0,False,,0,False,,0,,False,,6.095,0.46,32840,1c5d3bbc3145b98483a4a6baedf6b7be958cdc2cd11cfef7f180e311f29487cc,15443.636,15442.6,7804,exact-open-set-id-v2,1788212554096879136,127,127,2049,16464,7187c5bdf0a8a141dc1bbaa4249a38a7ea3878997d3f84cd736fe329e034500c,6.409,
555,primary_test_impostor,1050,1943,primary_test_impostor,0,145,52,1044,0,False,,0,False,,0,,False,,5.821,0.46,32840,8f1b8bb39e7f2c5279ea4cb0e9ee9b4eb6c7a6c56b03cc19e79c3984e9277249,15683.024,15682.0,7804,exact-open-set-id-v2,1788212554096879136,127,127,2049,16464,fdfc1e4ff156caf9f0f022402281f7cc7a5ec8d17fa90cec35b89fcb63cb6027,5.938,
556,primary_test_impostor,1051,1944,primary_test_impostor,0,230,16,1011,0,False,,0,False,,0,,False,,5.85,0.47,32840,fcf28eef2dcf98d142beb4bbe22d298a503a9169267909b096560fa004e633ba,18099.499,18097.9,7804,exact-open-set-id-v2,1788212554096879136,127,127,2049,16464,8bfcfc1e7df775cbf198ac9c7b05577b0cc40979c1f1646ab5d67530f642b5ee,20.985,
557,primary_test_impostor,1052,1945,primary_test_impostor,0,263,22,1017,0,False,,0,False,,0,,False,,8.656,0.55,32840,fcf057348b04284fb9a8980589f237da0b23d15d27649c00f9c784b608f0f35d,17563.493,17562.3,7804,exact-open-set-id-v2,1788212554096879136,127,127,2049,16464,6d8f598b6427448969b33df21f8b9e2850747786e337f6f0958bcc46421a6feb,6.314,
558,primary_test_impostor,1053,1946,primary_test_impostor,0,214,23,1018,0,False,,0,False,,0,,False,,6.445,0.44,32840,b6232cdd8c0257006b93e0a4c4b55efc9c14513f89495a7e241158b6a99f0b95,16441.619,16440.4,7804,exact-open-set-id-v2,1788212554096879136,127,127,2049,16464,cc365e0c24c344c462faed70839daafd0557af702426d6b955e734ba5baf27f0,7.452,
559,primary_test_impostor,1054,1947,primary_test_impostor,0,174,92,1080,0,False,,0,False,,0,,False,,6.265,0.46,32840,4e001bb33fa422e78bd414374a9719c77db4158ee2806b7bc5af1cde2eb8cc4b,16502.233,16500.4,7804,exact-open-set-id-v2,1788212554096879136,127,127,2049,16464,8f9954367341528f28aedeb8a8683d81b3377f38efa02198adc5ca71303c73d4,10.272,
560,primary_test_impostor,1055,1948,primary_test_impostor,0,176,57,1049,0,False,,0,False,,0,,False,,11.925,0.5,32840,d9c75acb9d8be0be7b8819a8ef1cd6ff7e7638abbeec3d30a5b41e992234bae7,16042.617,16041.2,7804,exact-open-set-id-v2,1788212554096879136,127,127,2049,16464,1a1fd6afc8634511d23f2ae89e00f59c416055f5063ed689f9c13b560ae00d02,7.564,
561,primary_test_impostor,1056,1949,primary_test_impostor,0,295,29,1023,0,False,,0,False,,0,,False,,5.38,0.46,32840,8f830b719ace291e468f77d60e557ed5e584cefa670e3753baa949252d793441,14837.866,14837.0,7804,exact-open-set-id-v2,1788212554096879136,127,127,2049,16464,f1376ae984a367915d1aebc4dbc554d53d1e6ae362ef82d3b2bcd82071a901df,8.266,
562,primary_test_impostor,1057,195,primary_test_impostor,0,159,98,1086,0,False,,0,False,,0,,False,,5.375,0.4,32840,1ec92914fd2abe9ec29697d359b4b2c4f10fd812282c7ed9f169e12d003a274b,14578.094,14577.3,7804,exact-open-set-id-v2,1788212554096879136,127,127,2049,16464,fe751781507d2167462c7e69f0efc4c9e5b8cfdd487d2b8bede6dd2584522629,5.603,
563,primary_test_impostor,1058,1950,primary_test_impostor,0,223,67,1058,0,False,,0,False,,0,,False,,5.539,0.42,32840,2a4f1122c3a9b1d109e854537555214b11387f2ef24d9fb579cfbf30fde6a7dc,16854.551,16853.4,7804,exact-open-set-id-v2,1788212554096879136,127,127,2049,16464,9781d7851852fe7f6d06e960306f13862c27a531357f2119d1cf4dbe55619246,7.304,
564,primary_test_impostor,1059,1951,primary_test_impostor,0,235,112,1099,0,False,,0,False,,0,,False,,5.145,0.45,32840,814334b496141298e34ce34593e0794eb87d0e8f29f52eda9f6bd6c708c98f58,16628.629,16627.8,7804,exact-open-set-id-v2,1788212554096879136,127,127,2049,16464,c6c08f4d20567aa7d24a92acdef57c562ada89942d9082ad5e3a501e137b9203,6.653,
565,primary_test_impostor,1060,1952,primary_test_impostor,0,259,51,1043,0,False,,0,False,,0,,False,,5.958,0.51,32840,080f085de969bdf58739e5b8029459d96b854007f4ac8cae06273247234bb69d,15961.978,15961.0,7804,exact-open-set-id-v2,1788212554096879136,127,127,2049,16464,4c350a324ab7c8162bdccada10f5e0a91e2cbfb0ecdbdf35e5c697610238fe9e,6.41,
566,primary_test_impostor,1061,1953,primary_test_impostor,0,157,29,1023,0,False,,0,False,,0,,False,,5.831,0.49,32840,0e54675141580f17a609515dadc9d5626db2cd80722ab74b4733c3232a3b3e5b,17215.366,17214.2,7804,exact-open-set-id-v2,1788212554096879136,127,127,2049,16464,f9345f67ef42d725b0289787ddf7608bbf2872fb66de50b7fc325644a814639a,6.608,
567,primary_test_impostor,1062,1954,primary_test_impostor,0,219,75,1065,0,False,,0,False,,0,,False,,5.888,0.54,32840,e8b58f860b177e5d2c022da93e2800c761871fe8b6a51812df91ab976c05795a,16144.415,16143.2,7804,exact-open-set-id-v2,1788212554096879136,127,127,2049,16464,65a19b9fcb2c29251068ccb50130e355b9e1c80ded49a4bd2c3ec787d8e55058,5.948,
568,primary_test_impostor,1063,1955,primary_test_impostor,0,203,58,105,0,False,,0,False,,0,,False,,6.186,0.58,32840,ecb7eb09594fcc6c3cf42c5e33ca24eeab782715fc8553fc4d5ede2b9474f6df,15752.2,15750.3,7804,exact-open-set-id-v2,1788212554096879136,127,127,2049,16464,c3ca999eb0be8ab5fc262e2781b9f88e4d037ff9b66e8a1aec5c95a11dce53fc,16.043,
569,primary_test_impostor,1064,1956,primary_test_impostor,0,225,68,1059,0,False,,0,False,,0,,False,,13.728,1.2,32840,234fabe4e2c9a16e127328c48fe362d626dfbf5b3b86ab02c43e0a84e6c3d62e,14975.744,14974.6,7804,exact-open-set-id-v2,1788212554096879136,127,127,2049,16464,5af8743cb464180148b2db9f3eba2999b51a97e455094c65a1a1c04e22614b42,5.616,
570,primary_test_impostor,1065,1957,primary_test_impostor,0,184,46,1039,0,False,,0,False,,0,,False,,6.133,0.51,32840,624b0cd6dc90f3b89e9738e49030048e721529abf4021eadf22e5414ea4af0ea,16926.266,16925.3,7804,exact-open-set-id-v2,1788212554096879136,127,127,2049,16464,26d6c237c138c9ec55b5d98c680878fd43fc546f9f7ae89005635a3108ba2c3b,7.224,
571,primary_test_impostor,1066,1958,primary_test_impostor,0,153,25,102,0,False,,0,False,,0,,False,,7.305,0.45,32840,559f98b9e9d37a07e0c7332b21b98e4c6491bbb53b6b3b5fc1469fd04d0df241,17851.776,17850.8,7804,exact-open-set-id-v2,1788212554096879136,127,127,2049,16464,a3712d54920ea29ce9e97a98bf0ada791781230beea34eb57e124377d328a39a,7.309,
572,primary_test_impostor,1067,1959,primary_test_impostor,0,211,118,1103,0,False,,0,False,,0,,False,,7.869,0.53,32840,59030decec8a32bf1f340a94d87d275760668cb9e9c7941ab1255771257f3c7c,19154.531,19152.3,7804,exact-open-set-id-v2,1788212554096879136,127,127,2049,16464,b3a5110a9bb3f76948d27c8e873871d77691e295fd4c7d103ffd892957878cba,6.934,
573,primary_test_impostor,1068,196,primary_test_impostor,0,95,19,1014,0,False,,0,False,,0,,False,,6.226,0.47,32840,dc7b4c487b88fed02a25338dc08501d257042effbcd997fac905ac145d82e143,18140.681,18139.7,7804,exact-open-set-id-v2,1788212554096879136,127,127,2049,16464,a6bd84fe8168e8055ad5f8f6c00be5260318dc0a2d77e2a08e6836e92bd854c5,6.582,
574,primary_test_impostor,1069,1960,primary_test_impostor,0,156,17,1012,0,False,,0,False,,0,,False,,5.839,0.45,32840,7c9f046c9cbd6948f788890fa40d8eb43cdcd0aef9080b61134876bdaa03ccbd,15651.814,15650.9,7804,exact-open-set-id-v2,1788212554096879136,127,127,2049,16464,eb97baf449caa841be462bd50931d4e6aa034a99daa7f46422e11741b97134f2,5.991,
575,primary_test_impostor,1070,1961,primary_test_impostor,0,326,47,104,0,False,,0,False,,0,,False,,5.624,0.44,32840,b2b426aa03ccaeb317894d584063dbaabcaf0c708eb2178f6c15d7567aceb3e4,14630.379,14629.3,7804,exact-open-set-id-v2,1788212554096879136,127,127,2049,16464,2e01781cc689e40466aa4a04a7a04fc6840ae03b1da8446424f2ee090b9cb401,10.473,
576,primary_test_impostor,1071,1962,primary_test_impostor,0,199,51,1043,0,False,,0,False,,0,,False,,6.22,0.51,32840,05fb14b222e5e0c13489cbf5c087041182b4cbf9865f3b34768e00bcf9fbb939,14867.95,14867.0,7804,exact-open-set-id-v2,1788212554096879136,127,127,2049,16464,7fbff236436df4224eb65a1f303f0a399e38742d4f06d615e7f9a866d271d97d,6.572,
577,primary_test_impostor,1072,1963,primary_test_impostor,0,217,19,1014,0,False,,0,False,,0,,False,,6.377,0.48,32840,c2202a315e1c95bbbce1b1d3ead237d4d1dff83e527d4f395b8086ca2be9008f,14471.901,14471.1,7804,exact-open-set-id-v2,1788212554096879136,127,127,2049,16464,3d4c800c0e78739aacfeff9ddffd51f99bbb882aefd5ee4e44ac148173e193d6,6.093,
578,primary_test_impostor,1073,1964,primary_test_impostor,0,295,86,1075,0,False,,0,False,,0,,False,,6.022,0.45,32840,b5825bad38c288edf740eedc97334da921f5148cfa5ad19b1a90def0a65699ff,14846.06,14845.3,7804,exact-open-set-id-v2,1788212554096879136,127,127,2049,16464,4e9dde67106ba9a40373ec3f8c0ee7bd18e0254324144e87d9bbb26efd7b360c,5.9,
579,primary_test_impostor,1074,1965,primary_test_impostor,0,139,59,1050,0,False,,0,False,,0,,False,,5.28,0.45,32840,46a0e8a72ebd28e8375cdf42d248bec5b61e764f61f06a188bb10869d8035a31,15334.198,15333.2,7804,exact-open-set-id-v2,1788212554096879136,127,127,2049,16464,2a512c0102035ab10c058279807f9c0b8cb11dee0b327e14a585c9775e5414a5,6.477,
580,primary_test_impostor,1075,1966,primary_test_impostor,0,188,122,1107,0,False,,0,False,,0,,False,,5.862,0.47,32840,9139f9fd5da1316914504e15571e1a39605f7f903e42dd51e9aa6759e7301016,15503.717,15502.5,7804,exact-open-set-id-v2,1788212554096879136,127,127,2049,16464,fe4c8022e976da5c06915c058950576e7f5ff5056ea85552cc9fe2eefafdfd8a,8.083,
581,primary_test_impostor,1076,1967,primary_test_impostor,0,99,107,1094,0,False,,0,False,,0,,False,,5.969,0.61,32840,778399bfea7da8bf72ca0d6869e1bbc3cf8a6de035c3ee55c08b27f27bf62e2c,15443.929,15442.9,7804,exact-open-set-id-v2,1788212554096879136,127,127,2049,16464,87de3010476a7650caf1de53c4dc895bfeb5e420aeedf4528a219343f39027dd,7.403,
582,primary_test_impostor,1077,1968,primary_test_impostor,0,161,59,1050,0,False,,0,False,,0,,False,,7.314,0.51,32840,6c5ec2dd252c7e7606ec100428ffeda0e8c48f8f6b044cfa85c65140c375dad4,15925.862,15924.9,7804,exact-open-set-id-v2,1788212554096879136,127,127,2049,16464,3ef179f7050579a020ec4ec14ce5b4cc6ca5863af2b3da32c5c74c677d49eac5,6.092,
583,primary_test_impostor,1078,1969,primary_test_impostor,0,180,30,1024,0,False,,0,False,,0,,False,,6.718,0.46,32840,416ef813df07bca9f548610dbd50e2adbbae9d0cb54f99a307f1c3d743252215,16089.667,16088.7,7804,exact-open-set-id-v2,1788212554096879136,127,127,2049,16464,f2826c7c4d1d9babb7f925a7a7236d23844dcb9f04f263fbab2dbbb20d332c1e,5.874,
584,primary_test_impostor,1079,197,primary_test_impostor,0,303,31,1025,0,False,,0,False,,0,,False,,5.655,0.45,32840,dd8eff2498d1cff4717b1761bebc4c85cda4645ac9a464860d63cdd3aa5e5fbe,15180.84,15180.1,7804,exact-open-set-id-v2,1788212554096879136,127,127,2049,16464,d699c2a63fc4d709a495820d9c66bd4af80f317fad17fffd6c0845337f38c822,6.417,
585,primary_test_impostor,1080,1970,primary_test_impostor,0,194,102,109,0,False,,0,False,,0,,False,,6.231,0.48,32840,b038abc8e7b088260ef723d9064c304bff52eab73c9a1da89daad231d9553250,15934.758,15933.6,7804,exact-open-set-id-v2,1788212554096879136,127,127,2049,16464,c0dd1eb80ae297c5329a1533b0035b11ed6d463b9baa44541548de5be08f990b,6.108,
586,primary_test_impostor,1081,1971,primary_test_impostor,0,179,43,1036,0,False,,0,False,,0,,False,,5.959,0.58,32840,ddee2f0539176eaeb3b12903647b7cc633beaddd5ea445d5aa6e47bd81b780c9,16238.7,16237.8,7804,exact-open-set-id-v2,1788212554096879136,127,127,2049,16464,4927b2ff66aebfdf1cffcfed6c790a3391c5d0d2f765788405a8f9efdc7bd762,6.304,
587,primary_test_impostor,1082,1972,primary_test_impostor,0,117,81,1070,0,False,,0,False,,0,,False,,6.044,0.46,32840,fc3514c3c0602136de184fad9669b4f4e55959e084d7abc95935f482e5ded732,17428.263,17427.3,7804,exact-open-set-id-v2,1788212554096879136,127,127,2049,16464,9925067249dd4d6533282a88f79ed179f9c6eba5b6cad8aaa5338245b7408087,6.835,
588,primary_test_impostor,1083,1973,primary_test_impostor,0,172,109,1096,0,False,,0,False,,0,,False,,6.644,0.46,32840,25e52b3f3820eea356622ba84970cf7e080da5198a6e467edaae06ac061d9445,17057.972,17056.9,7804,exact-open-set-id-v2,1788212554096879136,127,127,2049,16464,a2eef0d03e7632eedff4469169b5e27e167ceb439557dcc9e5994762bce2f578,5.913,
589,primary_test_impostor,1084,1974,primary_test_impostor,0,152,7,1003,0,False,,0,False,,0,,False,,5.219,0.42,32840,5495dc986dfe5c5502cfaad6f6706a1b4602becea92323184abf52fec5984c67,15965.602,15964.7,7804,exact-open-set-id-v2,1788212554096879136,127,127,2049,16464,9a0514387476168b88bdd182d97a5ba8fb401347d3d5aeba30ea9370ab3ac319,7.551,
590,primary_test_impostor,1085,1975,primary_test_impostor,0,204,17,1012,0,False,,0,False,,0,,False,,6.388,0.52,32840,d508459e55744b42472351355333525c85586da630b5efc91a98e4ee3502a47a,15753.727,15753.0,7804,exact-open-set-id-v2,1788212554096879136,127,127,2049,16464,e63b15daff3c784055bd0184d6dbaa85cce5d4066e06fa903631f8a384480130,6.206,
591,primary_test_impostor,1086,1976,primary_test_impostor,0,55,51,1043,0,False,,0,False,,0,,False,,6.237,0.48,32840,ff9539a3053c5ea1bab7b20f7d0b53efd08ff1417081e64fc61e025d0cd13990,14842.324,14841.6,7804,exact-open-set-id-v2,1788212554096879136,127,127,2049,16464,cea820a25b2c4b0237b95da188deb80d4fcd360d287482fef5b870499e8ad2f6,6.314,
592,primary_test_impostor,1087,1977,primary_test_impostor,0,189,111,1098,0,False,,0,False,,0,,False,,5.455,0.47,32840,a4c6df1669502ab1c1c925262c43d187889d618e06593d9e84d71fd7fa71ae64,14592.2,14591.5,7804,exact-open-set-id-v2,1788212554096879136,127,127,2049,16464,d889cf71b0a7ef50460e871f6ee6eb028eb1d7c8c4bdce53d17f4e8b106dfde4,5.784,
593,primary_test_impostor,1088,1978,primary_test_impostor,0,219,64,1055,0,False,,0,False,,0,,False,,5.367,0.44,32840,9fb642eb9e28222c20b271612c592889911f29be60660813e6811ebe050aca93,15000.429,14999.3,7804,exact-open-set-id-v2,1788212554096879136,127,127,2049,16464,6479dd4a4c270a0189a3fc492098022f2d470d2b08f5d56f98a59e3f1ae546b2,6.368,
594,primary_test_impostor,1089,1979,primary_test_impostor,0,84,17,1012,0,False,,0,False,,0,,False,,5.432,0.51,32840,57939b2506f1070d99fab322fcbf3951c72f8f0f7e2b71f0cd8f7cc95c5870bf,15815.567,15814.6,7804,exact-open-set-id-v2,1788212554096879136,127,127,2049,16464,7abae1bcc58878d036720a90b34895938ad428bcdb559b1bb7fa25a90e9898d3,9.448,
595,primary_test_impostor,1090,198,primary_test_impostor,0,88,97,1085,0,False,,0,False,,0,,False,,5.88,0.46,32840,95b8ae7830f296581d7856f25a00ecc25f903cba2003c53b8e695af75e198409,14358.318,14357.5,7804,exact-open-set-id-v2,1788212554096879136,127,127,2049,16464,e89566878649d0b26fe3d76a96815af2c46547aae765e71ba74261461b1b7a32,6.46,
596,primary_test_impostor,1091,1980,primary_test_impostor,0,77,114,110,0,False,,0,False,,0,,False,,5.554,0.45,32840,309115517f80a408a3fd60250c6327b37241a3d5143b180cb1398bae3855bdd9,15254.033,15253.2,7804,exact-open-set-id-v2,1788212554096879136,127,127,2049,16464,9bbabb217ea2e1a1f3f711603616610c3dbd3f7a997fde2c7a3f8f90ca682317,6.822,
597,primary_test_impostor,1092,1981,primary_test_impostor,0,130,80,107,0,False,,0,False,,0,,False,,6.939,0.52,32840,6d84d5ee8d752e1796ee39c5f1a43b307cb0de91c6d31ea2e5b8067fff2ada1c,15633.57,15632.7,7804,exact-open-set-id-v2,1788212554096879136,127,127,2049,16464,eacd7c496692e1b7460eb39979870e807c67fbc0edf41d23391b7ac20b71f172,5.873,
598,primary_test_impostor,1093,1982,primary_test_impostor,0,233,95,1083,0,False,,0,False,,0,,False,,5.832,0.47,32840,659c0bc180744f220ad4aeb41e9f472fa853ce27c440c773434e67c875d192da,15364.342,15363.4,7804,exact-open-set-id-v2,1788212554096879136,127,127,2049,16464,273b01bbf773135e76afa9d835191ff102b897eaf49cb017cc2e992676816771,6.664,
599,primary_test_impostor,1094,1983,primary_test_impostor,0,168,46,1039,0,False,,0,False,,0,,False,,5.66,0.65,32840,1aa5519fd8c94460dd03efb9bcb79596a875da91e3932e079d7c5c09186d1351,14534.704,14533.7,7804,exact-open-set-id-v2,1788212554096879136,127,127,2049,16464,3ff4b37bd438b8ecde6c148eb7c47e74aa82a5171b5119e9505097e862a81b70,6.113,
600,primary_test_impostor,1095,1984,primary_test_impostor,0,219,75,1065,0,False,,0,False,,0,,False,,5.623,0.44,32840,baef923a8397388a02714df357d3f6ceff366a8d4e6b506d1e61c8ff8b5b7c6a,15023.525,15022.5,7804,exact-open-set-id-v2,1788212554096879136,127,127,2049,16464,638e7d5cd5548ddb2451831e1b52c53c6104d4edbe3684081f363785af795f1d,6.44,
601,primary_test_impostor,1096,1985,primary_test_impostor,0,98,21,1016,0,False,,0,False,,0,,False,,5.487,0.41,32840,10f7049215e1a9a72875d0c624503113143dcd661dbfae1ee760b1b30458b3c8,18087.112,18085.8,7804,exact-open-set-id-v2,1788212554096879136,127,127,2049,16464,f7f13fedd1d9e799c9dd5355b29b544242522d31f7eb3e28ce9e54c3cbe27451,6.569,
602,primary_test_impostor,1097,1986,primary_test_impostor,0,126,62,1053,0,False,,0,False,,0,,False,,5.964,0.47,32840,8e50f9cec1f9796e1e5bb7d422f17377b3cb0209cca37703025221c613d007cb,18523.04,18521.1,7804,exact-open-set-id-v2,1788212554096879136,127,127,2049,16464,9de97a430408e3c927d0c96601a61e00e8fb8d4d15a191caf1b59b23ed04f68c,9.237,
603,primary_test_impostor,1098,1987,primary_test_impostor,0,203,116,1101,0,False,,0,False,,0,,False,,7.063,0.47,32840,cc3b1885e4caa333e4eae4962c8f068476a7f3794b28717a2547d2208702cd19,19831.319,19830.0,7804,exact-open-set-id-v2,1788212554096879136,127,127,2049,16464,86db7bfe686392bfb17b44ca82915f0b0a8ce7dc5cecfcbbacaee7ff8768b1a3,6.615,
604,primary_test_impostor,1099,1988,primary_test_impostor,0,218,5,1001,0,False,,0,False,,0,,False,,7.909,0.68,32840,7a051b9322149186da69bdd61c630e2d58adacac929d9414993a9cb0b3d582a0,18602.348,18601.3,7804,exact-open-set-id-v2,1788212554096879136,127,127,2049,16464,76aa1af3d3943308a51b18f001510d90c0d49152065b467d40d369c79fac3002,5.699,
605,primary_test_impostor,1100,1989,primary_test_impostor,0,111,98,1086,0,False,,0,False,,0,,False,,9.357,1.18,32840,6b454ea507676f41728bc5909f0c49bfe6fa6f441eb5abbec086be5b4f8dae6c,17219.737,17216.8,7804,exact-open-set-id-v2,1788212554096879136,127,127,2049,16464,5500096380713a1ee8287c31c9a7de83cdecc3e78a4466df0d86de45ca656593,6.848,
606,primary_test_impostor,1101,199,primary_test_impostor,0,199,63,1054,0,False,,0,False,,0,,False,,6.727,0.86,32840,2ceec79b010c366bb4237ff06d2d981072c67ca3942b0dfc3f39bc5e4c5f429b,16457.488,16456.6,7804,exact-open-set-id-v2,1788212554096879136,127,127,2049,16464,d0f331ae365ceba112fb7b986b5c22996621f885797fcb9a5e03d14af99e8acf,7.782,
607,primary_test_impostor,1102,1990,primary_test_impostor,0,198,23,1018,0,False,,0,False,,0,,False,,6.346,0.79,32840,ecd8c096f5d0e75b7148243f2111cfcf7bb6bf6fc1f5833d8ae1d38631f64347,14892.081,14891.1,7804,exact-open-set-id-v2,1788212554096879136,127,127,2049,16464,f1625add12018b437c03143e31d662ac418f654ef1e167dbe94254b8cc74a337,6.28,
608,primary_test_impostor,1103,1991,primary_test_impostor,0,201,76,1066,0,False,,0,False,,0,,False,,6.6,0.86,32840,b06e4c164c54863bc2a86858dcab810383a84f923d3e95963f41f4912571bbaf,15882.225,15881.2,7804,exact-open-set-id-v2,1788212554096879136,127,127,2049,16464,beabcc6a73833fe66737391cd2b72d40daaacb88ec917ef4d1c1fd943f4b7d7f,9.167,
609,primary_test_impostor,1104,1992,primary_test_impostor,0,171,34,1028,0,False,,0,False,,0,,False,,7.68,0.56,32840,dd23f6690285437534f24d5e17d1d1258bb2b77d1030ca0cf6cba1232922e577,15531.575,15530.6,7804,exact-open-set-id-v2,1788212554096879136,127,127,2049,16464,0c768bb6fdcc583ad5b40557636e6fb30abf3891b365249f5679879725037b45,6.131,
610,primary_test_impostor,1105,1993,primary_test_impostor,0,133,78,1068,0,False,,0,False,,0,,False,,6.181,0.92,32840,5fed7886d6b257ece1845bde3edbba495dc60a3fae4266a2c582835f8faf258f,14285.055,14284.2,7804,exact-open-set-id-v2,1788212554096879136,127,127,2049,16464,a7980ba0a01f5c265300fe483cec2354d4b54dd9f9abf3fdc4756f3dfe221a68,6.727,
611,primary_test_impostor,1106,1994,primary_test_impostor,0,214,2,10,0,False,,0,False,,0,,False,,6.274,0.9,32840,bd11dfcdb6720fc9c1c66e16ba3e150dd6e5e6851649fa674ce7a3dca6a37d3a,15184.734,15184.1,7804,exact-open-set-id-v2,1788212554096879136,127,127,2049,16464,f22ee7d24b6c0c541359e4abab8046c167b21e8219ac0ad7b87a35a51d567a05,5.529,
612,primary_test_impostor,1107,1995,primary_test_impostor,0,212,20,1015,0,False,,0,False,,0,,False,,5.265,0.42,32840,f6150fad60bfcc680dcdc77fb56b0b22ba54fa120c81fb60284d6cf7336a479a,14910.446,14909.8,7804,exact-open-set-id-v2,1788212554096879136,127,127,2049,16464,ea80eb50e7fc21ad7189c582b01cc6d8ee02476e5ec8741bd82058fa1f3ce176,6.405,
613,primary_test_impostor,1108,1996,primary_test_impostor,0,222,2,10,0,False,,0,False,,0,,False,,6.485,0.74,32840,5ac0cdca0022f1f70336c95c45c6ba58d62a8428a4da310096ddc9f46c0d1732,14573.04,14572.5,7804,exact-open-set-id-v2,1788212554096879136,127,127,2049,16464,3a4518dce377968c91f2cb35d3331de602f7b24e2a5e0ed04b407a9e26c47371,5.92,
614,primary_test_impostor,1109,1997,primary_test_impostor,0,45,45,1038,0,False,,0,False,,0,,False,,4.848,0.43,32840,ea9c59a47e94947f993226732e15fda5bf716f1dc80b53b2539fe14dc7a213ea,14546.83,14546.2,7804,exact-open-set-id-v2,1788212554096879136,127,127,2049,16464,7eda34b1abcab4fb874ece274ce117292beec581b2d13eacab3a5150a28d7971,5.798,
615,primary_test_impostor,1110,1998,primary_test_impostor,0,203,1,1,0,False,,0,False,,0,,False,,7.477,0.84,32840,c69d3b579a0fef0c4de5ca1a0c92cb9dccfeb02a0a982683c8249ddd0bc7b00e,14359.08,14358.5,7804,exact-open-set-id-v2,1788212554096879136,127,127,2049,16464,865aa2b7cccd19a6c2732099585f438ea43a16de0bc48f72b021d54e26ba78d0,6.46,
616,primary_test_impostor,1111,1999,primary_test_impostor,0,130,0,0,0,False,,0,False,,0,,False,,5.49,0.47,32840,14a1c23cc48f0c7658a1ba5b62694b05f7e446109a79e53f084d6a1a100681e5,15889.615,15884.5,7804,exact-open-set-id-v2,1788212554096879136,127,127,2049,16464,c00848be0c69dec8d6f97895ec11a27886f11347bfb36405cf3e472d52673b0c,36.751,
617,primary_test_impostor,1112,2,primary_test_impostor,0,136,119,1104,0,False,,0,False,,0,,False,,20.641,2.03,32840,f010b74841595526b05b1d5c4f518af6f3ea0fdbcf9463495ea9178b62e66799,17352.251,17351.3,7804,exact-open-set-id-v2,1788212554096879136,127,127,2049,16464,1a7299fda509df7524d80e4e31113dea6c8d13eb7abdabad11b87bd128e3f329,6.301,
618,primary_test_impostor,1113,20,primary_test_impostor,0,224,2,10,0,False,,0,False,,0,,False,,5.635,0.48,32840,66c4c70d34e850a68afda39976b0783af8d439ac651d82bc0851fa820be0f970,18311.547,18310.0,7804,exact-open-set-id-v2,1788212554096879136,127,127,2049,16464,66e7758f5e87339f32d4548a1c466f748d4acd2ac0ccae3ad4e7d0bc08a6f380,13.584,
619,primary_test_impostor,1114,200,primary_test_impostor,0,158,80,107,0,False,,0,False,,0,,False,,8.257,0.98,32840,2ea958e4dc44420bcceb1bfc732c3c08eb300a7186988e24947aa10a59ae7d08,18309.609,18308.4,7804,exact-open-set-id-v2,1788212554096879136,127,127,2049,16464,50c4fb0bfb4afa4e01ef97ff85ffcea2b5a04505974001575432d136ec489beb,6.591,
620,primary_test_impostor,1115,201,primary_test_impostor,0,153,19,1014,0,False,,0,False,,0,,False,,6.81,0.76,32840,abf048a660fdf0d85912abdfac96bf31fd4e25e870d76bcbb96927b1cd23f387,17550.421,17549.2,7804,exact-open-set-id-v2,1788212554096879136,127,127,2049,16464,e5c4aa1354035b24f122acec70ed63f477282d97c0a6013ca56e4cbe84e8db7c,5.979,
621,primary_test_impostor,1116,202,primary_test_impostor,0,269,32,1026,0,False,,0,False,,0,,False,,5.88,0.84,32840,6d5955781419e1f089315b7a90c4ed24e46b697b31e41ae2e86eb7c1df7c2828,16508.992,16508.3,7804,exact-open-set-id-v2,1788212554096879136,127,127,2049,16464,4b8444af98d92ddd8ff35deba17673c84ae41ce8e73093d5bf4bd49883e3f1b8,6.08,
622,primary_test_impostor,1117,203,primary_test_impostor,0,144,48,1040,0,False,,0,False,,0,,False,,5.808,0.49,32840,e036710e0808ad19165f64de8b9d48a30e681567c949374ab33ef620b4fae7b9,16254.711,16254.0,7804,exact-open-set-id-v2,1788212554096879136,127,127,2049,16464,fddc93905b9fffa8e04f9005252d605868cca7e1160d67633d4529056b0162d7,7.005,
623,primary_test_impostor,1118,204,primary_test_impostor,0,154,17,1012,0,False,,0,False,,0,,False,,6.228,0.57,32840,e145093fcf092ca1cf31a80fa62002196cc1552d300aee34a65a943666941c50,16059.632,16058.9,7804,exact-open-set-id-v2,1788212554096879136,127,127,2049,16464,ed4041294d1f2e05398be0461a74acf4fe41c0b834bb20f576e788215f551f32,6.146,
624,primary_test_impostor,1119,205,primary_test_impostor,0,142,72,1062,0,False,,0,False,,0,,False,,5.964,0.86,32840,48e17eceacb2ce6c7e07b0e2dc559fdc421044034235e3e62e06c331a38bda33,15108.158,15107.5,7804,exact-open-set-id-v2,1788212554096879136,127,127,2049,16464,00c865603fa6bda7ea8492b6c79ecfc97b5e9b781747a426a9850bae76714d11,5.851,
625,primary_test_impostor,1120,206,primary_test_impostor,0,88,119,1104,0,False,,0,False,,0,,False,,5.55,0.88,32840,14d711b71173dc05b0363d292c413ba9fcb9a96db5e2042f8e0c0f2788034855,15086.787,15086.0,7804,exact-open-set-id-v2,1788212554096879136,127,127,2049,16464,bffdd993892506e80902c08d9f7a7f0b0b858ff8358ee89bac3d764bd74eaf80,6.162,
626,primary_test_impostor,1121,207,primary_test_impostor,0,276,100,1088,0,False,,0,False,,0,,False,,6.397,0.44,32840,7a410b4a8a7ad4a9d206d10bbd7068c59b7a83f873c1357344e541915609a526,15717.123,15716.4,7804,exact-open-set-id-v2,1788212554096879136,127,127,2049,16464,cf5cfc621a7ac3d4ee32d85e9753e7f199691255238760f758f2826b5924774d,5.855,
627,primary_test_impostor,1122,208,primary_test_impostor,0,182,100,1088,0,False,,0,False,,0,,False,,5.839,0.49,32840,468b4cc7a81534c7ef5c1bcd77d93681e25c309895035a441bbf460f13ee3263,14456.137,14455.4,7804,exact-open-set-id-v2,1788212554096879136,127,127,2049,16464,87caaf9e134719ca496374f396c7ecf6453f195a73d808e9bea0f4bed5f36131,5.729,
628,primary_test_impostor,1123,209,primary_test_impostor,0,12,50,1042,0,False,,0,False,,0,,False,,6.506,0.76,32840,3d4fc8f79bff2b18332a96d667d16e652fa070775515666789e2c7af0029d51b,15162.374,15161.4,7804,exact-open-set-id-v2,1788212554096879136,127,127,2049,16464,9e711bfab78f0891726039bbbfcabe7446680e7c6c96ff90cac369ac1efb4c0a,5.854,
629,primary_test_impostor,1124,21,primary_test_impostor,0,124,125,111,0,False,,0,False,,0,,False,,5.935,0.65,32840,4e6ddcede75f586507a889e433c2f3c5d071670682e6cadb6d4a1bae51ed0747,15262.08,15261.4,7804,exact-open-set-id-v2,1788212554096879136,127,127,2049,16464,19716b68c03519e9ba5507f164840e5e37e65b069999ee9aca6826995ca6d87b,5.862,
630,primary_test_impostor,1125,210,primary_test_impostor,0,174,21,1016,0,False,,0,False,,0,,False,,6.315,0.82,32840,e40844c17dc346fccf8fc3b19b7c1251b4d0cb9ff6157ab14266c5f42b9a3dca,15086.721,15086.0,7804,exact-open-set-id-v2,1788212554096879136,127,127,2049,16464,269b93ebeb36e8b6572c979902b9f88650b37893e6714e3b033f58f03407e11f,5.81,
631,primary_test_impostor,1126,211,primary_test_impostor,0,145,118,1103,0,False,,0,False,,0,,False,,6.126,1.02,32840,d80613a2fef901e705378a1c09350b42211332fd0015d7436fc0cb98f06425c7,17357.731,17355.0,7804,exact-open-set-id-v2,1788212554096879136,127,127,2049,16464,8874e30d66f36e07f901098531a99d114df12981ee93fe3d94d8afe1318febfc,11.882,
