sequence,suite,probe_index,probe_name,cohort,repetition,clear_min_score,clear_argmin_index,clear_argmin_name,clear_match_count,expected_authorized,expected_index,expected_code,actual_authorized,actual_index,actual_code,actual_name,discrepancy,error,encrypt_wall_ms,encrypt_reported_ms,probe_ciphertext_bytes,probe_ciphertext_sha256,http_wall_ms,server_reported_ms,pbs,varco_contract,output_epoch,output_revision,output_gallery_size,output_lwe_size,result_ciphertext_bytes,result_ciphertext_sha256,decrypt_wall_ms,decrypt_reported_ms
0,historical_frontier,265,1236,tuning_impostor,0,2,17,1012,1,True,17,18,True,17,18,digiface-17-1012,False,,5.732,0.41,32840,e50c7054f6f03d06ac5edbb1f33a2b8fa1743d2a712f29bf8d1d1994d9f25b1d,6646.54,6646.0,4965,exact-open-set-id-v2,1788473754940724640,127,127,2049,16464,fd9136a0f6e2de9f84c6bddbf4189323e74c5672b48626e5f5cae73d36b84f7e,4.88,
1,historical_frontier,758,1680,primary_test_impostor,0,3,45,1038,1,True,45,46,True,45,46,digiface-45-1038,False,,4.877,0.4,32840,b061fffb2905f871cef8d26ec435fb2a9e8293eb672dd690acb0424f32e1f138,6618.972,6618.3,4965,exact-open-set-id-v2,1788473754940724640,127,127,2049,16464,91930fceabdbee659072bb3ebd846b8182f2986a01879bf296011e3b62cf71fd,5.0,
2,historical_frontier,211,1188,tuning_impostor,0,4,92,1080,1,True,92,93,True,92,93,digiface-92-1080,False,,4.295,0.37,32840,4decc4761410e68f822de72f21ca7d47f1f518a3d47924148b396874818a6ab5,6771.544,6771.0,4965,exact-open-set-id-v2,1788473754940724640,127,127,2049,16464,39144eed8472431ed0d65063410a94ba0553fb80aed42c4d01f25842d707b3d6,4.877,
3,historical_frontier,1943,948,extended_holdout_non_tuning_impostor,0,5,82,1071,0,False,,0,False,,0,,False,,5.733,0.72,32840,5651057babf34ef266d3adbdac1ae65e39140ecbdaf50ced084cbb45ee55cedc,6837.967,6837.3,4965,exact-open-set-id-v2,1788473754940724640,127,127,2049,16464,df7e66bbfa46f3dd0b667858f10cf7a2b4c78fad7017a0950b55705226bd0be0,5.262,
4,historical_frontier,407,1364,tuning_impostor,0,7,81,1070,0,False,,0,False,,0,,False,,5.152,0.42,32840,35afc8f8280dbbde2a8a3135b24baf70ab15f2fa79e82ed955b566c25f947bc0,6668.308,6667.7,4965,exact-open-set-id-v2,1788473754940724640,127,127,2049,16464,27dd15ee8b5e86463a286769f866788f3bd785f509e2b5824b5dc9f7f54e0e2a,5.111,
5,primary_genuine,0,0,genuine,0,-350,0,0,1,True,0,1,True,0,1,digiface-0-0,False,,4.605,0.4,32840,8c3c5322b3eafaa4e2fe6aa869ebb73444ff9d34af5d7c927ea8490f48a5c3c8,6680.428,6679.8,4965,exact-open-set-id-v2,1788473754940724640,127,127,2049,16464,d701803419b7a415f9a8c403ec77675d86e914782434fe69c4f7d82c53a874af,4.908,
6,primary_genuine,1,1,genuine,0,-345,1,1,1,True,1,2,True,1,2,digiface-1-1,False,,4.728,0.41,32840,385c356099d3d09b78ec26890dd094ae9661b1b85d915008e0962044416e1ce1,6882.506,6881.8,4965,exact-open-set-id-v2,1788473754940724640,127,127,2049,16464,d4f3bddff98d2f163e427e672e381b97b62d78648d2fe74c442cbe10d42139de,5.899,
7,primary_genuine,2,10,genuine,0,-352,2,10,1,True,2,3,True,2,3,digiface-2-10,False,,9.928,0.45,32840,186b41b504e1f64a84ee3a9ad1efff6c494512667d1b438a13381dbda4f9a78c,6698.187,6697.3,4965,exact-open-set-id-v2,1788473754940724640,127,127,2049,16464,f552a65490d2d266cc48d712607d3b2f0fed9fe67df00c7a1c27c3a845857ec6,5.345,
8,primary_genuine,3,100,genuine,0,-310,3,100,1,True,3,4,True,3,4,digiface-3-100,False,,4.53,0.39,32840,06a3d9521e721084058958982601e7dbd68320629c5420549adb5ab53210375d,6631.491,6630.9,4965,exact-open-set-id-v2,1788473754940724640,127,127,2049,16464,1de52c45678181d03dc8f7208e8b9330abe8646581409a18edf637096a3bbe45,5.095,
9,primary_genuine,4,1000,genuine,0,-290,4,1000,1,True,4,5,True,4,5,digiface-4-1000,False,,4.923,0.39,32840,91e0f2880d7de6094275b89741dd2594c771142f04bdb6913bfda213d907195d,6666.531,6665.9,4965,exact-open-set-id-v2,1788473754940724640,127,127,2049,16464,dd7fdbe71266cd03b46f46f690e477deab56247b98b662829c385fb1343947be,4.919,
10,primary_genuine,5,1001,genuine,0,-374,5,1001,1,True,5,6,True,5,6,digiface-5-1001,False,,4.359,0.37,32840,e0af06115518374adb1f8770745bba60c7c3d9c7816452602501b5552d3d88ba,6679.276,6678.6,4965,exact-open-set-id-v2,1788473754940724640,127,127,2049,16464,c42d3f7b75f620c3992c00c68d2dc7e25bad1c410417f847c50022288a1dc21d,7.738,
11,primary_genuine,6,1002,genuine,0,-298,6,1002,1,True,6,7,True,6,7,digiface-6-1002,False,,4.844,0.43,32840,43b66e98acf70f81de983a01d3ad3b1dd5be344e780d523aaef102820dc8842d,6965.728,6965.1,4965,exact-open-set-id-v2,1788473754940724640,127,127,2049,16464,362515a3c74806faf294ddfdb9f3f884deddadc20500c72070e218330ec3ef48,4.967,
12,primary_genuine,7,1003,genuine,0,-234,7,1003,1,True,7,8,True,7,8,digiface-7-1003,False,,4.917,0.45,32840,728aa2a77f30a4c05f020bbf4813bc63290329cf1b2c96312eeb06643f76109d,6941.736,6941.1,4965,exact-open-set-id-v2,1788473754940724640,127,127,2049,16464,3533e2d8d6d89390c2124bcae004642b15c1c4983f8197c2820c9d1f43ef7ce7,5.936,
13,primary_genuine,8,1004,genuine,0,-310,8,1004,1,True,8,9,True,8,9,digiface-8-1004,False,,5.113,0.43,32840,57d48a7bbf3b9032189888018c50da8feb8f54a5be11e6a0bfa637470a751f18,7086.197,7085.6,4965,exact-open-set-id-v2,1788473754940724640,127,127,2049,16464,ad08bb984066d669f7196835e0e21540831e28abccebbe1564cce4cedf69d03a,5.047,
14,primary_genuine,9,1005,genuine,0,-227,9,1005,1,True,9,10,True,9,10,digiface-9-1005,False,,4.85,0.42,32840,bfdd265c9c355da8ec51ee30ce2566d407c270168a7d8b56314c2f7a6162ed03,7186.612,7186.0,4965,exact-open-set-id-v2,1788473754940724640,127,127,2049,16464,ae4a0e020992a8e0f65a64987c2f176eef38ca5d09ad9f4e5473c0303e448251,5.178,
15,primary_genuine,10,1006,genuine,0,-234,10,1006,1,True,10,11,True,10,11,digiface-10-1006,False,,5.108,0.4,32840,3c950a3ac45bd876df58213e34959cbbeeb44124cea2dbede5dbf5a0fe47cf8d,7304.998,7304.4,4965,exact-open-set-id-v2,1788473754940724640,127,127,2049,16464,5318f6c91629f980fc3f8610dc522ad17fe087d561667a32b2c3c569da550780,5.096,
16,primary_genuine,11,1007,genuine,0,-282,11,1007,1,True,11,12,True,11,12,digiface-11-1007,False,,4.908,0.44,32840,b63863497eb7bf91bf8748b8dbdd04ecc6c7f7622916d26a28d217f4ebb6eddf,7135.32,7134.7,4965,exact-open-set-id-v2,1788473754940724640,127,127,2049,16464,4b054ba14b2289691ce3e49d14981e0919ad912aca566ecb93cc6fcc4742066d,5.169,
17,primary_genuine,12,1008,genuine,0,-319,12,1008,1,True,12,13,True,12,13,digiface-12-1008,False,,4.612,0.4,32840,7919aca20b3e13230924193ba6dc652074f9744499d67dd013064a6fdb836176,6953.705,6953.1,4965,exact-open-set-id-v2,1788473754940724640,127,127,2049,16464,11186213a8a3caa87e3fb751fa9c48279cf03488fc6266f17054d29c8eb97b2f,5.119,
18,primary_genuine,13,1009,genuine,0,-243,13,1009,1,True,13,14,True,13,14,digiface-13-1009,False,,4.564,0.37,32840,5fa9b3bebbb6e22f9c5243c995a4d92cbc8679132efc91f8d05e6b1fd3cc49cc,6915.748,6914.9,4965,exact-open-set-id-v2,1788473754940724640,127,127,2049,16464,573c0504be84df6f3d094cc2a0f214e441a7b28ab4d0a1550328d3d25545345d,7.874,
19,primary_genuine,14,101,genuine,0,-298,14,101,1,True,14,15,True,14,15,digiface-14-101,False,,4.682,0.41,32840,d5fd7c7ee09be6f0b31faf5f9b155077eb278d4736ec21b3ec0b02d0d681fe03,6688.622,6688.1,4965,exact-open-set-id-v2,1788473754940724640,127,127,2049,16464,915b95f3b4a2bcbcd653b09b122ad9dc38839f4f7a8f837293f5aad35ac6b805,5.135,
20,primary_genuine,15,1010,genuine,0,-156,15,1010,1,True,15,16,True,15,16,digiface-15-1010,False,,4.357,0.42,32840,331d30eac42c931cbd06e944540951d594d54596998129a3bf0a3f3066c5ba28,6821.536,6820.9,4965,exact-open-set-id-v2,1788473754940724640,127,127,2049,16464,326bdb49e931cf36c47f153b4b3b47063849687f19136e5f0cd0010c1820d768,4.891,
21,primary_genuine,16,1011,genuine,0,-408,16,1011,1,True,16,17,True,16,17,digiface-16-1011,False,,4.496,0.4,32840,387e2b380e201f20f84ad2738658355c27d5fea69bf5cc6b75b806a943423a95,6640.049,6639.5,4965,exact-open-set-id-v2,1788473754940724640,127,127,2049,16464,4862c113552471cee31c6b9681cdd504eaf543080f656c1f0e750545ac4f1e1c,4.705,
22,primary_genuine,17,1012,genuine,0,-104,17,1012,2,True,17,18,True,17,18,digiface-17-1012,False,,4.383,0.38,32840,ddf6b45e4b349e0c118e34c1d62452d500a077979f50cb3c3a6404afe951c15f,6866.164,6865.4,4965,exact-open-set-id-v2,1788473754940724640,127,127,2049,16464,8afcc62d0e8187e08627e8ec460ff3e62e68304854a5f40f2f9863e28f6db59e,4.88,
23,primary_genuine,18,1013,genuine,0,-304,18,1013,1,True,18,19,True,18,19,digiface-18-1013,False,,4.313,0.38,32840,151808a5d7d2b5773b049f213c354657e548940a2c37ea7079f2502b13a83905,6670.224,6669.7,4965,exact-open-set-id-v2,1788473754940724640,127,127,2049,16464,8d77ac27dcf404e33a923a554633ce5de9815c82befa9deac05e430960b2f940,5.212,
24,primary_genuine,19,1014,genuine,0,-281,19,1014,1,True,19,20,True,19,20,digiface-19-1014,False,,4.947,0.44,32840,b594062c025b3fe4be1bcf9b8a735d862732ef4af7507f7010e32f23438be5b9,6866.808,6866.1,4965,exact-open-set-id-v2,1788473754940724640,127,127,2049,16464,4f6fd64ac89293346dfaf6e3c42ea86294d63dc4dbc8ddd7d6f8dca1bb98a300,4.836,
25,primary_genuine,20,1015,genuine,0,-356,20,1015,1,True,20,21,True,20,21,digiface-20-1015,False,,5.548,0.44,32840,1544b7868421046431891504b93f1127c6b5a90ca9d7595ab554c7b325784184,6771.596,6771.0,4965,exact-open-set-id-v2,1788473754940724640,127,127,2049,16464,06b2fae5f4b294bf286a08d674d8ae575d4fac633cb0d25dd4cb505618ad0bc7,5.186,
26,primary_genuine,21,1016,genuine,0,-342,21,1016,1,True,21,22,True,21,22,digiface-21-1016,False,,4.535,0.4,32840,4baad613b2c6739001d439da34e2b8e731558abc26745e1b6a7474db0fc5c23b,6671.421,6670.7,4965,exact-open-set-id-v2,1788473754940724640,127,127,2049,16464,ce0b1e2a871545036dc9b94def385d8022727e887f0f7f551bf801df8c818820,4.907,
27,primary_genuine,22,1017,genuine,0,-99,22,1017,1,True,22,23,True,22,23,digiface-22-1017,False,,4.19,0.39,32840,9548ecbcfeacb851ca0d40b672402135e32a77fd61c0fe9a729f0120daa2d7fc,6790.176,6789.5,4965,exact-open-set-id-v2,1788473754940724640,127,127,2049,16464,1b87b149144a9fa21ddf1fc695f2a36e6951adb7ec23418a99487fde7eaa038b,5.005,
28,primary_genuine,23,1018,genuine,0,-246,23,1018,1,True,23,24,True,23,24,digiface-23-1018,False,,4.344,0.36,32840,911731a34380f23968fc19562f238038f21d6eae54bff80efae57f6d10cafe2f,6679.125,6678.5,4965,exact-open-set-id-v2,1788473754940724640,127,127,2049,16464,f05186a6c1f2f2e90536061ca3e514ac26a7c115366458acef8f596634fd1565,5.033,
29,primary_genuine,24,1019,genuine,0,-367,24,1019,1,True,24,25,True,24,25,digiface-24-1019,False,,5.07,0.47,32840,7eee8b28b7519a0ed68ff703640be42a52f964c91700bf92a9038debc5a855e1,6723.618,6723.0,4965,exact-open-set-id-v2,1788473754940724640,127,127,2049,16464,261ef237a4dd65f2a4fa0ef78e9ec9002aab4687f926da0fd355964daed47897,5.024,
30,primary_genuine,25,102,genuine,0,-321,25,102,1,True,25,26,True,25,26,digiface-25-102,False,,5.252,0.47,32840,e910aa667b1f521d2df0435ee7f32db7d057e40b9fed5e4eeb758e0bcddf9eb7,6698.591,6698.0,4965,exact-open-set-id-v2,1788473754940724640,127,127,2049,16464,952b4ebce7fd5401f52473fd1ff65de4296b56577ad4762d62e6decca73c3927,5.522,
31,primary_genuine,26,1020,genuine,0,-410,26,1020,1,True,26,27,True,26,27,digiface-26-1020,False,,4.763,0.4,32840,d1ff393cefbbd8b5d7d5907200dd97055dd4f72affad298053f7e1c09ccac049,6774.465,6773.9,4965,exact-open-set-id-v2,1788473754940724640,127,127,2049,16464,f2909a80adc634168717e14b09cee22cad1e766c6580ebaeeaefd5044bf01a9d,4.896,
32,primary_genuine,27,1021,genuine,0,-264,27,1021,1,True,27,28,True,27,28,digiface-27-1021,False,,5.213,0.42,32840,f583562b3965c1882f4400b3cccbd162493a71ca2852834ded1496510845b3f2,6809.285,6808.6,4965,exact-open-set-id-v2,1788473754940724640,127,127,2049,16464,f989343f5e690c3b4a268764cc4794b36245de9e0414f187e52da2a3c588eff5,6.405,
33,primary_genuine,28,1022,genuine,0,-320,28,1022,1,True,28,29,True,28,29,digiface-28-1022,False,,9.525,0.65,32840,ca3c1b0b9ccb24238c3f35dcc2c29b2a13dfd64af06d56534c5192c76f222c5e,7799.643,7798.2,4965,exact-open-set-id-v2,1788473754940724640,127,127,2049,16464,e9c909d85a40b988a2dee9bd5da5f1e06ec157f948be9ee7cf8cada33f9184ba,5.686,
34,primary_genuine,29,1023,genuine,0,-303,29,1023,1,True,29,30,True,29,30,digiface-29-1023,False,,9.887,0.48,32840,9effd6bdcf2a9e1c1a62d04f7d680b82ebfe512e462f68a594d395c1e3f7584a,7711.154,7710.5,4965,exact-open-set-id-v2,1788473754940724640,127,127,2049,16464,0e3a2f4dce7dd376f92f93faf7473fdbb7cf755259b4f7971e08662072d62272,5.389,
35,primary_genuine,30,1024,genuine,0,-178,30,1024,1,True,30,31,True,30,31,digiface-30-1024,False,,5.735,0.47,32840,ca1ec06837d2e1c4fdf70ac160e70fc44808557c7968059b7cd1230d04d966d0,7220.133,7219.4,4965,exact-open-set-id-v2,1788473754940724640,127,127,2049,16464,729b72eb29173f0f476f0fd464b310b2146c2f7f7f636d7046d76df282f74b3e,7.092,
36,primary_genuine,31,1025,genuine,0,-159,31,1025,1,True,31,32,True,31,32,digiface-31-1025,False,,4.701,0.4,32840,93f8cb380c8fcf9ac9b19364b0926cfdde421f43b22f9b670fbce9e15e769eb6,6969.958,6969.3,4965,exact-open-set-id-v2,1788473754940724640,127,127,2049,16464,e3c9901949c1a3ec1caf9ceda25c45dc33265e161da92b86925c967f30409747,4.994,
37,primary_genuine,32,1026,genuine,0,-263,32,1026,1,True,32,33,True,32,33,digiface-32-1026,False,,4.845,0.4,32840,88d7b9bb722af77ff8e3ec5265c148975fc7c4b99cafe1264a77cb8f609d0df8,7204.22,7203.6,4965,exact-open-set-id-v2,1788473754940724640,127,127,2049,16464,0e298ce43771f63da215328886706d1df31219ea0d9654bfa1ec7dd1cba4c58e,4.977,
38,primary_genuine,33,1027,genuine,0,-270,33,1027,1,True,33,34,True,33,34,digiface-33-1027,False,,4.346,0.37,32840,7c4d3b34f0584d7793a617d7d9e9e78cab9e53a45bb044375b889bbecc29c994,6673.547,6672.9,4965,exact-open-set-id-v2,1788473754940724640,127,127,2049,16464,3ba418f3e7f4631c6d59ceaf890060d2a2a3dc4d5820abf59494fb37219ecb32,5.225,
39,primary_genuine,34,1028,genuine,0,-337,34,1028,1,True,34,35,True,34,35,digiface-34-1028,False,,4.748,0.41,32840,8c5d2d0774395736c6596bc748ca5be38785644da4b2fa8aeb1af376f0c0d9ad,6806.238,6805.7,4965,exact-open-set-id-v2,1788473754940724640,127,127,2049,16464,55cb414407eef1c842248fdbd8f143c5be33072c4e26540d4d0206cd30539919,5.016,
40,primary_genuine,35,1029,genuine,0,-254,35,1029,1,True,35,36,True,35,36,digiface-35-1029,False,,5.258,0.46,32840,97a21f9c8cf60d323aec3c403983959465c8e3ca0bda16ee640e2d9e050fdeb8,7189.554,7188.7,4965,exact-open-set-id-v2,1788473754940724640,127,127,2049,16464,5ac0d5872cfff717b6a47d9955464c38cff49c5ec1150c9948b6ae258ff70b1f,15.398,
41,primary_genuine,36,103,genuine,0,-340,36,103,1,True,36,37,True,36,37,digiface-36-103,False,,14.28,0.71,32840,3b1ef9c7028f2935cbb1f154171a12bfff9ba882d3daf442e5ae63e227ee8489,6938.475,6937.8,4965,exact-open-set-id-v2,1788473754940724640,127,127,2049,16464,55e55070efc4e5c890ef6d531633a5c48874f028450196f13b51c8ba92ea18d3,4.857,
42,primary_genuine,37,1030,genuine,0,-225,37,1030,1,True,37,38,True,37,38,digiface-37-1030,False,,4.584,0.4,32840,61b80e98e9fbd0f6ff3cf6812938420f6e2344a59ed2abbf29b96725b062eebc,6680.479,6679.8,4965,exact-open-set-id-v2,1788473754940724640,127,127,2049,16464,51f5aa27a1a49bb2380080aebb85ed7625e86c88259bae4ba30d2d9a0fe6d9c5,5.036,
43,primary_genuine,38,1031,genuine,0,-261,38,1031,1,True,38,39,True,38,39,digiface-38-1031,False,,4.418,0.43,32840,aa4b27d5a6555bcf10c4e2b4fe643aabbf02bfcae130b9ba5232078a87425e88,6642.317,6641.7,4965,exact-open-set-id-v2,1788473754940724640,127,127,2049,16464,4a9d80c8daf091cea6cca84ac5ad057cf769fc5c62f5b5663a3da58396d2883d,5.074,
44,primary_genuine,39,1032,genuine,0,-434,39,1032,1,True,39,40,True,39,40,digiface-39-1032,False,,5.212,0.42,32840,19ea7ca7f8f975997e537ca895558a589aab7365dcae2af21f2ab434996a6406,6737.959,6737.3,4965,exact-open-set-id-v2,1788473754940724640,127,127,2049,16464,b01d9289b40f58d88ad8d308da770411ea8945b7d8c1f0120c7045f62434383c,5.092,
45,primary_genuine,40,1033,genuine,0,-291,40,1033,1,True,40,41,True,40,41,digiface-40-1033,False,,4.454,0.38,32840,519c93a7111558215f7e8d717f548fd86135ebf2cdfb4f753a9e3e761a6e2383,6770.503,6769.9,4965,exact-open-set-id-v2,1788473754940724640,127,127,2049,16464,27b37e633e3171d05de324f9f2bfc809a2698509f56cd536cd3b151668b8e8cb,4.856,
46,primary_genuine,41,1034,genuine,0,-256,41,1034,1,True,41,42,True,41,42,digiface-41-1034,False,,4.53,0.39,32840,9945b5b7eff0ef372480b9392874f320052162170123c395cb6587098137e3c8,6729.839,6729.2,4965,exact-open-set-id-v2,1788473754940724640,127,127,2049,16464,636145953786181f9328ee97528cae2cef4ac10237a6dbb978a1cbe5114aecfb,4.634,
47,primary_genuine,42,1035,genuine,0,-390,42,1035,1,True,42,43,True,42,43,digiface-42-1035,False,,4.431,0.47,32840,555aca68d5b22a07da9a1696278fc2be5aa729f61be169e1ecc84f034ef239d9,6718.544,6717.9,4965,exact-open-set-id-v2,1788473754940724640,127,127,2049,16464,4d8f669e75e8fc260a4c49aba6f0f6dff656721a9119047be0b9bd2299791e02,4.778,
48,primary_genuine,43,1036,genuine,0,-271,43,1036,1,True,43,44,True,43,44,digiface-43-1036,False,,4.57,0.41,32840,a29dd22e0c9a1021083f6c02988ccaa213616d67a1a6517e67037968e2f170b1,6675.32,6674.6,4965,exact-open-set-id-v2,1788473754940724640,127,127,2049,16464,76915aefbe4942d3d8b49aa1995113f4750c9292d304017da4cfe8d62e765b6a,4.946,
49,primary_genuine,44,1037,genuine,0,-241,44,1037,1,True,44,45,True,44,45,digiface-44-1037,False,,4.227,0.37,32840,1f03ba3cd7f1782ff2f6ccab1e8434c3e39261c15dd6f5f434e9afdae67fdc8f,6793.894,6793.2,4965,exact-open-set-id-v2,1788473754940724640,127,127,2049,16464,2231545173ddbd57a7f6431d278573acc42410285530812f8959dcfd874a0d04,5.345,
50,primary_genuine,45,1038,genuine,0,-291,45,1038,1,True,45,46,True,45,46,digiface-45-1038,False,,5.07,0.37,32840,b8a2bb7ad28316bd5079d2fbbe2d6f84b066add1f08f6976f1d7bc7dc8aa11cd,6905.654,6905.0,4965,exact-open-set-id-v2,1788473754940724640,127,127,2049,16464,353e46cc33d866df64874279ee4f29ede3e7f2a295f4083f516ef1172c76ef05,5.009,
51,primary_genuine,46,1039,genuine,0,-320,46,1039,1,True,46,47,True,46,47,digiface-46-1039,False,,5.226,0.43,32840,8642b7dac53a4bb1a38af8c8a33c93995f1cb391ebb22917d8df8f16158d4a13,6808.217,6807.5,4965,exact-open-set-id-v2,1788473754940724640,127,127,2049,16464,33f2904bef6eee81bda9b8a4b51e671badfb234be008fe0953d67265716e264a,4.879,
52,primary_genuine,47,104,genuine,0,-320,47,104,1,True,47,48,True,47,48,digiface-47-104,False,,5.251,0.45,32840,c6c31f54974bf2b390e0a72444ee1d09c2ae175632b83c9c55f4bb97e4346720,6646.13,6645.5,4965,exact-open-set-id-v2,1788473754940724640,127,127,2049,16464,a8173aaee9c46ba1625ec826a756bdec48b7f71064b4c13fbb43ed803807a84f,4.858,
53,primary_genuine,48,1040,genuine,0,-166,48,1040,1,True,48,49,True,48,49,digiface-48-1040,False,,4.45,0.38,32840,9756d91b1e07056d7002812549d3db467f325fadaa1090e67e13e390b9a01f39,6673.702,6673.1,4965,exact-open-set-id-v2,1788473754940724640,127,127,2049,16464,b25d85d0ed4880ecb4d98e55d79bc7c8687be4fbe0e985dc09574115ea0a69be,4.845,
54,primary_genuine,49,1041,genuine,0,-14,49,1041,1,True,49,50,True,49,50,digiface-49-1041,False,,5.046,0.39,32840,9a82a1e41cb6f12c69154eb6e668f2aa3f7bf62b6aa4a6b2507960bc39e71cd1,6652.213,6651.7,4965,exact-open-set-id-v2,1788473754940724640,127,127,2049,16464,c752fa4bb082094bc11f500a40376007cbbe661e95a69505b13363d535705a17,5.008,
55,primary_genuine,50,1042,genuine,0,-372,50,1042,1,True,50,51,True,50,51,digiface-50-1042,False,,4.684,0.39,32840,4b1696e3548980188193edb531e526449309caceb58925a4547cc441bbd16845,6853.515,6852.9,4965,exact-open-set-id-v2,1788473754940724640,127,127,2049,16464,4def856db4da2c96aab25cc5208147bf437b0ed16146386bf379e4c40175e862,4.665,
56,primary_genuine,51,1043,genuine,0,-369,51,1043,1,True,51,52,True,51,52,digiface-51-1043,False,,4.093,0.39,32840,36f82924641f646351a75d577af726ad98f2ca947236ca4954f8ea0607eeb3f1,7233.521,7232.9,4965,exact-open-set-id-v2,1788473754940724640,127,127,2049,16464,c310fa5a40a240438a068796c5f52373c692cfa544600fed0865fc177f627db0,5.151,
57,primary_genuine,52,1044,genuine,0,-301,52,1044,1,True,52,53,True,52,53,digiface-52-1044,False,,5.038,0.41,32840,6943edf7061524ef701fde451621e77c3f0234049b620fddcae8ca72d04e2c65,7101.157,7100.6,4965,exact-open-set-id-v2,1788473754940724640,127,127,2049,16464,cee1047567f373c92bfc1f943753a7801303d33c5a73a7b63ba59537e3c93c78,5.389,
58,primary_genuine,53,1045,genuine,0,-305,53,1045,1,True,53,54,True,53,54,digiface-53-1045,False,,4.711,0.42,32840,623d4b56f26445063cff62089aba45b7d7fd1a6c4fab4452adb7274dc8d703be,7180.028,7179.4,4965,exact-open-set-id-v2,1788473754940724640,127,127,2049,16464,6e8a25cbdefb6c9fbbe3cc35c2aa3b6716e9bb1c7e2a328a952e61ef11facf26,5.202,
59,primary_genuine,54,1046,genuine,0,-376,54,1046,1,True,54,55,True,54,55,digiface-54-1046,False,,5.357,0.45,32840,f628c31c552f04502b8f37e034bb4c32b2450bcfd15f382eddaa1e7cfc5c2e87,7233.853,7233.2,4965,exact-open-set-id-v2,1788473754940724640,127,127,2049,16464,fd91fc1eb8223a6ea383c06b65956984493e1bf845394956eb0a82a4f1657ee3,5.1,
60,primary_genuine,55,1047,genuine,0,-374,55,1047,1,True,55,56,True,55,56,digiface-55-1047,False,,5.255,0.42,32840,80a5e1b7cab5ca456c8dfddb510953f20c4ada9673893a37532d75206c959239,7039.587,7039.0,4965,exact-open-set-id-v2,1788473754940724640,127,127,2049,16464,c5d039c9823373d3b15f5475abe291981fd6d16189e6e300cb7ad94cb3448916,5.287,
61,primary_genuine,56,1048,genuine,0,-373,56,1048,1,True,56,57,True,56,57,digiface-56-1048,False,,7.843,0.44,32840,66b8d234b1054b831c8e2a87fd44a3901a3f98da13ec5d9744b3d22f86db62c5,7291.658,7291.0,4965,exact-open-set-id-v2,1788473754940724640,127,127,2049,16464,3e23f2cc92d420743145b8a5d79c416831b4997f3fcc4d97f03ad36b4f8ba374,5.732,
62,primary_genuine,57,1049,genuine,0,-46,57,1049,1,True,57,58,True,57,58,digiface-57-1049,False,,4.827,0.39,32840,0acb8115d6e8c4e05d92c72dd7f414ec3dd9e082eac5dfdec0dbd4dc759e7a4b,7307.445,7306.8,4965,exact-open-set-id-v2,1788473754940724640,127,127,2049,16464,a96d37d75ecff9c6aa6bd0f665281d795411dc7c1a93583d62ce1f84867023ed,5.094,
63,primary_genuine,58,105,genuine,0,-359,58,105,1,True,58,59,True,58,59,digiface-58-105,False,,4.589,0.38,32840,45eed98c48476ada55472e8241629c6b48b4ddad0c4db0e8c5a619a027e605a8,7224.501,7223.9,4965,exact-open-set-id-v2,1788473754940724640,127,127,2049,16464,5c30f3894d700addb7394dda2db6e43b131f4e412b87f415392e904597a1eac1,4.972,
64,primary_genuine,59,1050,genuine,0,-299,59,1050,1,True,59,60,True,59,60,digiface-59-1050,False,,4.853,0.4,32840,5b8eac805562059d89cf561c7260b4e7f0109d016c49d6e1615c3b07977f59d3,7196.134,7195.5,4965,exact-open-set-id-v2,1788473754940724640,127,127,2049,16464,920b693d1f485d2870b5cf297dd0e74afb0ff0be610b6bada55cb8c92674618d,5.12,
65,primary_genuine,60,1051,genuine,0,-372,60,1051,1,True,60,61,True,60,61,digiface-60-1051,False,,4.861,0.65,32840,f50c26a87fbcf30d7083e4789604c5ebcae22030aa4105a10f07d53a492e4351,7117.912,7117.3,4965,exact-open-set-id-v2,1788473754940724640,127,127,2049,16464,354411817e21350e5c598c6fefcc645618a4c7242521129314fd0f9468f5a258,5.132,
66,primary_genuine,61,1052,genuine,0,-348,61,1052,1,True,61,62,True,61,62,digiface-61-1052,False,,4.579,0.38,32840,8b790535500b52d024edea65f14a3abc77b0c406e99790aa54605f958c17c10f,6960.536,6959.9,4965,exact-open-set-id-v2,1788473754940724640,127,127,2049,16464,2f9a6f6b6a138e8d18ef0c4d5b12dad8405eac7da80fd1e0be4dd5fde31041aa,5.085,
67,primary_genuine,62,1053,genuine,0,-392,62,1053,1,True,62,63,True,62,63,digiface-62-1053,False,,4.963,0.44,32840,fe3aeed61f58ad58ab7c77762c307b287823946f2563edfe274fc67ca4037bfa,7920.704,7920.1,4965,exact-open-set-id-v2,1788473754940724640,127,127,2049,16464,b8e63c93b0c0a117b1d45de3de5156a85888dd4a06cd9e9986060bd5930867c7,5.732,
68,primary_genuine,63,1054,genuine,0,-281,63,1054,1,True,63,64,True,63,64,digiface-63-1054,False,,5.333,0.51,32840,9f32885aa90d4c516a9fed46b7976e61974cc243f3d4103b6c5ddfef9261cc2a,7625.648,7625.0,4965,exact-open-set-id-v2,1788473754940724640,127,127,2049,16464,7baea8d1d8e19bf8726894b70cdc828ceec886189c4c0fca4bc3606986d24d8b,5.259,
69,primary_genuine,64,1055,genuine,0,-349,64,1055,1,True,64,65,True,64,65,digiface-64-1055,False,,4.834,0.43,32840,73a0f58eb16f027dd438d42ea84cd8648f2a5e06a0f3a1fe972628f8135072a8,7341.032,7340.4,4965,exact-open-set-id-v2,1788473754940724640,127,127,2049,16464,55ba5505ccc98dd545f9a9d72c3f4ee088399c38b51f7deed326cc73d7b40955,5.085,
70,primary_genuine,65,1056,genuine,0,-181,65,1056,1,True,65,66,True,65,66,digiface-65-1056,False,,4.531,0.4,32840,3139ad431b200a8598941550e07a435b598cd1c4f7977267b4c64ee907b35868,6828.583,6828.0,4965,exact-open-set-id-v2,1788473754940724640,127,127,2049,16464,15b53bc0c309f2e786b5fff7d1d9e70e716fdb0bb186cf73d9a10dab1d920353,5.003,
71,primary_genuine,66,1057,genuine,0,-331,66,1057,1,True,66,67,True,66,67,digiface-66-1057,False,,5.015,0.41,32840,a73e303b914447f72f368488f2ec6a2d9189c798e2f7e3a52d79b4fc88bbc870,6842.819,6842.0,4965,exact-open-set-id-v2,1788473754940724640,127,127,2049,16464,c1cebe09e06b269009fe913b352c555c1a32d148359a1a2d2ea194c526c1cce4,4.962,
72,primary_genuine,67,1058,genuine,0,-233,67,1058,1,True,67,68,True,67,68,digiface-67-1058,False,,4.614,0.38,32840,baae71e715c9a4557f7e9fc4aec5997beb3306df8f80ce4a27249bc596529fca,6709.593,6709.0,4965,exact-open-set-id-v2,1788473754940724640,127,127,2049,16464,d5e96336743ab321debb3b07a3e04dcf6d4fb3eabf58f48754d6d85149229a72,4.493,
73,primary_genuine,68,1059,genuine,0,-341,68,1059,1,True,68,69,True,68,69,digiface-68-1059,False,,4.669,0.42,32840,ba47c34de4d36f50a298be85010a3741d2e80384c8052d5191b7f01c4e0233db,6964.816,6964.2,4965,exact-open-set-id-v2,1788473754940724640,127,127,2049,16464,26797428073192ab9ceee6ebc56d682f421dc5bbeb12134d1d74a23f97b7f432,5.222,
74,primary_genuine,69,106,genuine,0,-126,69,106,1,True,69,70,True,69,70,digiface-69-106,False,,4.308,0.38,32840,5fe29157773ef123d69b68c158df2757eaea36b3284fe3a82fbc8410acd6c742,6648.318,6647.7,4965,exact-open-set-id-v2,1788473754940724640,127,127,2049,16464,cbba3e2bfa270e15c2ff388fdaffa5f17abacdfc48cbac4437b4338f53319c13,5.381,
75,primary_genuine,70,1060,genuine,0,-384,70,1060,1,True,70,71,True,70,71,digiface-70-1060,False,,5.145,0.45,32840,c35d4a018e77db33cc8be00f69b10008c3109c36024a04fccfcd7424b8235b3a,6869.278,6868.6,4965,exact-open-set-id-v2,1788473754940724640,127,127,2049,16464,5832e374d49336abd3b72cd9702aa657321327afa2d264b49a71587439f9b0b3,15.504,
76,primary_genuine,71,1061,genuine,0,-294,71,1061,1,True,71,72,True,71,72,digiface-71-1061,False,,16.066,0.89,32840,2a9c48af5ab2c1dcd51e8952d646b1b2e4246d9ceb3347e8a5de47664d34b3ac,6846.623,6845.9,4965,exact-open-set-id-v2,1788473754940724640,127,127,2049,16464,b2bc5307d6e3f9c0fb1006f85d058113b5e808e59c276a5f1e008d48987fc1f4,4.879,
77,primary_genuine,72,1062,genuine,0,-242,72,1062,1,True,72,73,True,72,73,digiface-72-1062,False,,4.307,0.39,32840,79fc87e3e78cfd3e5198a5c996df6994d04d28e4e1a303d41a137908b0f48748,6691.286,6690.7,4965,exact-open-set-id-v2,1788473754940724640,127,127,2049,16464,c913d46c77e012c9b3f201d9032bece32bcaf1179faedf097592d10857e65f60,5.14,
78,primary_genuine,73,1063,genuine,0,-223,73,1063,1,True,73,74,True,73,74,digiface-73-1063,False,,4.604,0.38,32840,35794904d151960e7ca89e35d356e833004829ff265852dc4dad7b9f0256d0cd,6688.747,6688.1,4965,exact-open-set-id-v2,1788473754940724640,127,127,2049,16464,4afb864a91e87223a17c68216b9086509ec27252712eefed3be1bb463f75e14a,9.692,
79,primary_genuine,74,1064,genuine,0,-339,74,1064,1,True,74,75,True,74,75,digiface-74-1064,False,,4.827,0.42,32840,6cca0215892c53b353a07768b5023b1996776bb0c94c757b1e9331ec7a26fd2d,6697.912,6697.2,4965,exact-open-set-id-v2,1788473754940724640,127,127,2049,16464,bec95b0538dff3779c0e0e851eb06827b63c018c5d6590b662bc8f2be18a8aa5,5.497,
80,primary_genuine,75,1065,genuine,0,-89,75,1065,1,True,75,76,True,75,76,digiface-75-1065,False,,4.321,0.4,32840,406515901cce1e79122db6f44de446a1efc0e773c38ab21733aeab8d79a1b94f,6748.409,6747.9,4965,exact-open-set-id-v2,1788473754940724640,127,127,2049,16464,a5731c672f464a22f840349d2ca367b976a2c8dded609dc6d19a0a6a80667af9,5.699,
81,primary_genuine,76,1066,genuine,0,-311,76,1066,1,True,76,77,True,76,77,digiface-76-1066,False,,5.537,0.46,32840,d7f473228ea2de7cce30cff9db7824cc7e96764eef3246f507285e8d7a5e3f75,6825.603,6825.1,4965,exact-open-set-id-v2,1788473754940724640,127,127,2049,16464,806e09c6d41cd5efaaca3d119121145b518907d0ca4cc785683f3a08da1fb94e,4.914,
82,primary_genuine,77,1067,genuine,0,-206,77,1067,1,True,77,78,True,77,78,digiface-77-1067,False,,4.412,0.39,32840,b9dcccf78b83bce5b83d2e92ca2164c5ff88ebc6f08245f069505c0e86154342,6684.436,6683.8,4965,exact-open-set-id-v2,1788473754940724640,127,127,2049,16464,c61e1a3525678e4805272fb74a8e68e53ea922407b9c933621850c044fb4a60f,4.832,
83,primary_genuine,78,1068,genuine,0,-259,78,1068,1,True,78,79,True,78,79,digiface-78-1068,False,,4.479,0.37,32840,ff5fc051054b5945b8b32092e08fd3f431cf379e4ef4845b8228502e7541a02f,6800.204,6799.6,4965,exact-open-set-id-v2,1788473754940724640,127,127,2049,16464,719c0a46016126f21c63a84b8d7facbfbd7c32b3189068679f923ec871a39948,4.624,
84,primary_genuine,79,1069,genuine,0,-298,79,1069,1,True,79,80,True,79,80,digiface-79-1069,False,,4.691,0.41,32840,76268bd652e60e54e95bb180dafa809d33a71a90f6f11b67faacf8e435c1fb26,6978.069,6977.5,4965,exact-open-set-id-v2,1788473754940724640,127,127,2049,16464,12876fff33e77d024d9d77611026862388ca6e496d255cd5a72d8fc9b589cf02,4.768,
85,primary_genuine,80,107,genuine,0,-428,80,107,1,True,80,81,True,80,81,digiface-80-107,False,,5.274,0.44,32840,874ff85739a2e0dcb25830f9bd60a773a6519e1274d1a9364464dfd7e497d92a,6747.859,6747.2,4965,exact-open-set-id-v2,1788473754940724640,127,127,2049,16464,62f7247d16243f47fb8eb3540275e184c9be9cef2582c7224f04cf42017eb738,4.891,
86,primary_genuine,81,1070,genuine,0,-357,81,1070,1,True,81,82,True,81,82,digiface-81-1070,False,,4.961,0.42,32840,540ce07a600517f093278fec6dcc7d5b321bb16c49c342d1a6b0aff375baa42f,6679.545,6678.9,4965,exact-open-set-id-v2,1788473754940724640,127,127,2049,16464,de5d3bf4ce143665ec9be9c63ef8b96fb2a59d7f6899ffa0aa54893277ea59e2,5.261,
87,primary_genuine,82,1071,genuine,0,-291,82,1071,1,True,82,83,True,82,83,digiface-82-1071,False,,4.87,0.41,32840,45504f876852f5ed7d24d58e94468c1e6c8921d7623004b6769a371d0d9935bb,6659.233,6658.7,4965,exact-open-set-id-v2,1788473754940724640,127,127,2049,16464,0357b111c7779cb07b1c7baaf5962c19edc14cb56405fb86a5d6f67727a59b89,4.654,
88,primary_genuine,83,1072,genuine,0,-239,83,1072,1,True,83,84,True,83,84,digiface-83-1072,False,,4.957,0.4,32840,ecf1b171410ea91fe3c878da13d2369d7d49c755ec4da203d25e991a6b7ae23d,6765.276,6764.6,4965,exact-open-set-id-v2,1788473754940724640,127,127,2049,16464,930351beae6c86812df7a233c05b1c51efe98784743905ae4663534bbdfbfd0d,4.777,
89,primary_genuine,84,1073,genuine,0,-356,84,1073,1,True,84,85,True,84,85,digiface-84-1073,False,,4.232,0.39,32840,8c439383a5c164e81f3b864f8f6d48174831ccca5776c7512e2b410e0d91a054,6802.349,6801.8,4965,exact-open-set-id-v2,1788473754940724640,127,127,2049,16464,44a93fa462cd3d88076a804285cfb505e5b2a71d63b7ee6e6279a2a2864c4053,4.918,
90,primary_genuine,85,1074,genuine,0,-228,85,1074,1,True,85,86,True,85,86,digiface-85-1074,False,,4.631,0.4,32840,abc3169e6bf95c08ed3055e67d7419567166eb08dc629e13094270ad0327c96c,6666.859,6666.1,4965,exact-open-set-id-v2,1788473754940724640,127,127,2049,16464,6f98bcb5dbbc987267bb4856963d4ef20a354c88004faee836ce01dc0f2fdfee,4.83,
91,primary_genuine,86,1075,genuine,0,-251,86,1075,1,True,86,87,True,86,87,digiface-86-1075,False,,4.464,0.39,32840,4bc4595257bdd466774f6aaf599ee92435f8873df9ad351007ea89e728e518b6,6682.942,6682.3,4965,exact-open-set-id-v2,1788473754940724640,127,127,2049,16464,78f2ec6115f31e466d7b2208803109da634ff494e3fdd7aa0b25d278c2054c18,5.318,
92,primary_genuine,87,1076,genuine,0,-269,87,1076,1,True,87,88,True,87,88,digiface-87-1076,False,,6.349,0.44,32840,14f6532d13137d0cb1e777b997b0e71fe3210d3e5504cfba66e717810d4ff5c7,6763.938,6763.3,4965,exact-open-set-id-v2,1788473754940724640,127,127,2049,16464,33fd22b523e89ffa5f27edd5c48153f3f7188d89b1bbfeb0cb6b627d4280f7b0,5.175,
93,primary_genuine,88,1077,genuine,0,-391,88,1077,1,True,88,89,True,88,89,digiface-88-1077,False,,4.414,0.38,32840,6bcb7af56f2c6f7c19d37f705dd6043687dd191c6a3ad49c8210a70cbb46a531,6869.35,6868.7,4965,exact-open-set-id-v2,1788473754940724640,127,127,2049,16464,90ce8396cb5b06f6d059d4e8c1ee2016fe0b73795857798c055d3f788b28063e,5.127,
94,primary_genuine,89,1078,genuine,0,-257,89,1078,1,True,89,90,True,89,90,digiface-89-1078,False,,4.651,0.4,32840,6941bb2d6d1465640c755261692a75d7655bcf3dd2260ffd5836efd516658a81,6694.356,6693.7,4965,exact-open-set-id-v2,1788473754940724640,127,127,2049,16464,94ceecf6b6d999323de6ec29420226d64d84ed883e7d006e6e0f330790693d56,4.679,
95,primary_genuine,90,1079,genuine,0,-266,90,1079,1,True,90,91,True,90,91,digiface-90-1079,False,,4.987,0.41,32840,b848f82e4004ae75aa2e22f4f9836e2a66794058fe180bf588494ceae1971f8c,6687.719,6687.1,4965,exact-open-set-id-v2,1788473754940724640,127,127,2049,16464,51dfec0bd3b7c18c9490fa7fff0ae317c54390890ec0c936204ee44de1e696c0,4.686,
96,primary_genuine,91,108,genuine,0,-329,91,108,1,True,91,92,True,91,92,digiface-91-108,False,,4.626,0.41,32840,d2f17bb69cf885beefa44ead013a304f72c15688ec424af9f8df9021fe9cbe8d,6719.387,6718.8,4965,exact-open-set-id-v2,1788473754940724640,127,127,2049,16464,b2ca24707e27c5be3eddaebe8814166f42e49bbfd2113193cefc85e3167eea94,4.996,
97,primary_genuine,92,1080,genuine,0,-306,92,1080,1,True,92,93,True,92,93,digiface-92-1080,False,,4.63,0.38,32840,4de876dbb52a8e35b6e3e4ffc05594eebeb97041918c237a1f5aef1f3fcb6bc5,6668.294,6667.6,4965,exact-open-set-id-v2,1788473754940724640,127,127,2049,16464,1b25905f16fbe3457349d9404c7ed152340c066404173cc9b7ad45dec1ce97c6,5.197,
98,primary_genuine,93,1081,genuine,0,-316,93,1081,1,True,93,94,True,93,94,digiface-93-1081,False,,5.677,0.47,32840,a3eeaab3e441b9fa099bdbe0df7e85caf3c75b6aca5ae5e1188e9a0b7b555b5f,6706.483,6705.9,4965,exact-open-set-id-v2,1788473754940724640,127,127,2049,16464,92c7487b3e57c6fbedb7cbb2dc0b7357e2f494dafd05b309079b2095d9267972,4.588,
99,primary_genuine,94,1082,genuine,0,-116,94,1082,1,True,94,95,True,94,95,digiface-94-1082,False,,4.379,0.37,32840,48b4cf860eb586d7555e298ee9c67d0cb4f900e1727f85e64dfb6efcdfd1a4ea,7089.1,7088.6,4965,exact-open-set-id-v2,1788473754940724640,127,127,2049,16464,660dbd58d188ea008972647a32e9e6099d23d733eeb1db6235ad7f6695e9d0b6,5.344,
100,primary_genuine,95,1083,genuine,0,-367,95,1083,1,True,95,96,True,95,96,digiface-95-1083,False,,5.615,0.44,32840,80c4f45a0b20c1ea428be52af16dc1d5bbdbea95688f16d69c9c031e03d679e8,7154.754,7154.1,4965,exact-open-set-id-v2,1788473754940724640,127,127,2049,16464,98ae7f32abb61373558047a5ebd7d30094561da0883823f72bf4f1fe87034a9f,5.403,
101,primary_genuine,96,1084,genuine,0,-377,96,1084,1,True,96,97,True,96,97,digiface-96-1084,False,,4.814,0.43,32840,ddc27041d945389fb7e5dc88270daa1dc191ea849b60d6dc6c9ab403dc7dc842,6970.777,6970.2,4965,exact-open-set-id-v2,1788473754940724640,127,127,2049,16464,96475f9ae87b555065842645f6b8cc6fa05861db6edd6fbbde8cbefcc8a4a91d,5.402,
102,primary_genuine,97,1085,genuine,0,-322,97,1085,1,True,97,98,True,97,98,digiface-97-1085,False,,5.343,0.44,32840,87e59083feeaff51dce5a7282e4b0ec6d591e016c43b72652816bb291a8244ca,7959.159,7958.2,4965,exact-open-set-id-v2,1788473754940724640,127,127,2049,16464,fcaf2b7eb9ab5241dd1a9463e5eaa042b0b30fe9a63b03731645849d4fa4fef5,6.025,
103,primary_genuine,98,1086,genuine,0,-275,98,1086,1,True,98,99,True,98,99,digiface-98-1086,False,,6.478,0.48,32840,246fa256d313b12edc91b87f5a26f2f3030f7becee700137ac78ccc811d6b737,7510.077,7509.3,4965,exact-open-set-id-v2,1788473754940724640,127,127,2049,16464,6aab8738f3b70b7c22a9cf5140f2418ca32fb5f8ff78db0e2474c1957b7ca364,6.08,
104,primary_genuine,99,1087,genuine,0,-450,99,1087,1,True,99,100,True,99,100,digiface-99-1087,False,,5.302,0.43,32840,156980a93990a94d15063b397244b196d28c46c365aeeec1876411d63e2d3589,7637.161,7636.5,4965,exact-open-set-id-v2,1788473754940724640,127,127,2049,16464,fca0369cdeee8bef0ea599ce13b631b55d9d2ac98e838c2b419717f71783bad2,5.468,
105,primary_genuine,100,1088,genuine,0,-328,100,1088,1,True,100,101,True,100,101,digiface-100-1088,False,,5.438,0.47,32840,c7460088deb587372bd0923998313b797d51c851d945b88a18153c2bffb82e36,7183.439,7182.7,4965,exact-open-set-id-v2,1788473754940724640,127,127,2049,16464,c551970820bc2aa43058829dd962027d2f45d88963bb86e37c47ce94ec5861db,5.243,
106,primary_genuine,101,1089,genuine,0,-388,101,1089,1,True,101,102,True,101,102,digiface-101-1089,False,,5.131,0.43,32840,bbca81e4ee73221c9ddbb11c93ddaedeb8801af9d501b1b3c5269c0073b09e89,6997.727,6997.0,4965,exact-open-set-id-v2,1788473754940724640,127,127,2049,16464,8a323c2ba6eae8ea78e630dd2daaddd8626aedb4fb9730eb7b23b1f1d5dd0ad5,4.818,
107,primary_genuine,102,109,genuine,0,-348,102,109,1,True,102,103,True,102,103,digiface-102-109,False,,4.793,0.42,32840,5627de937e6f0d02a54b1739dafb9320b7717b61124ddf2db79835087812268a,6868.694,6868.1,4965,exact-open-set-id-v2,1788473754940724640,127,127,2049,16464,54aaf3d0fcdc9ae10bd09431d1f58d14d4e45326437599215203d9d98d3fa787,5.109,
108,primary_genuine,103,1090,genuine,0,-114,103,1090,1,True,103,104,True,103,104,digiface-103-1090,False,,5.472,0.45,32840,9b59b3a09873a8506f645eaaf9f1b79f0bfa5eeb54e200056d5aa1369c474bfa,6821.703,6821.0,4965,exact-open-set-id-v2,1788473754940724640,127,127,2049,16464,b00e91d0055b610d0b6aecfe13db5cb5e0d0251aa2d51f93df290d7018f792dc,5.206,
109,primary_genuine,104,1091,genuine,0,-334,104,1091,1,True,104,105,True,104,105,digiface-104-1091,False,,5.043,0.82,32840,1b58043ba23f1c2c37334b15184acac208de9e1de1989c975b7773f33f19fd97,6712.36,6711.7,4965,exact-open-set-id-v2,1788473754940724640,127,127,2049,16464,eb878f3c69e31bf63290cef907459d7253eef4ece5ab04a5553b67a1fa9b576b,5.847,
110,primary_genuine,105,1092,genuine,0,-354,105,1092,1,True,105,106,True,105,106,digiface-105-1092,False,,4.586,0.38,32840,8a671d0188df8436ea847ee17e08639e4fd4b81d10bd2ddcf3cfefe014e770e8,6951.068,6950.4,4965,exact-open-set-id-v2,1788473754940724640,127,127,2049,16464,3472bc690306ea4c80941959d4dbf41cacb57d10d6d173dc2a8d1798918ef66b,5.28,
111,primary_genuine,106,1093,genuine,0,-229,106,1093,1,True,106,107,True,106,107,digiface-106-1093,False,,4.531,0.38,32840,84a55142a2cab65203be29967b463099f9aabd92add8bdaa0209b1e2e0f7aad0,6806.278,6805.6,4965,exact-open-set-id-v2,1788473754940724640,127,127,2049,16464,2c609c5276201a938b038568be117bc663b7551d22d092d881b8f39581cf457b,5.458,
112,primary_genuine,107,1094,genuine,0,-341,107,1094,1,True,107,108,True,107,108,digiface-107-1094,False,,5.836,0.44,32840,8dcf147e299e20130d9e7e52bf89ff81650c44599d0e0e77d0abad24ec14f611,6755.28,6754.6,4965,exact-open-set-id-v2,1788473754940724640,127,127,2049,16464,7108198590a7b0d0bb8e512906c92fe7f1fc8e64a16a2586c45b5aa1b5824064,5.426,
113,primary_genuine,108,1095,genuine,0,-217,108,1095,1,True,108,109,True,108,109,digiface-108-1095,False,,6.028,0.41,32840,4d3ea37ecb653847b856504fd969ae3fc47a3e989e703f6ff02c7d0845238bfe,6811.47,6810.6,4965,exact-open-set-id-v2,1788473754940724640,127,127,2049,16464,d8e447becef4832067e59ac8d5613cd6f6db3484bb8e894f0d0b1ba3aedac9e4,5.608,
114,primary_genuine,109,1096,genuine,0,-362,109,1096,1,True,109,110,True,109,110,digiface-109-1096,False,,4.534,0.39,32840,53dda19eba54d1e63afd10cf82ffb8574575d647b32025372585095df3cf8283,6714.159,6713.5,4965,exact-open-set-id-v2,1788473754940724640,127,127,2049,16464,fee7fe78862af1a2142a897bf3e2b4b86bb4a58dd33544d81a574984d7adf163,5.352,
115,primary_genuine,110,1097,genuine,0,-340,110,1097,1,True,110,111,True,110,111,digiface-110-1097,False,,4.626,0.42,32840,b396e7d8fb7f34e47ae2fafa1bf2f257e1d6485702f0aa17a031f3301d14810a,6776.858,6776.2,4965,exact-open-set-id-v2,1788473754940724640,127,127,2049,16464,afac6ecde85a1447fc090f882e6e8be5b39230571a0865f8290e94b0e47fd9f1,5.708,
116,primary_genuine,111,1098,genuine,0,-209,111,1098,1,True,111,112,True,111,112,digiface-111-1098,False,,4.525,0.42,32840,f6840b95ef8a132d0f06d2303bcb448fb88cd3bd01cefb22ec28f644dfa5082f,6696.392,6695.8,4965,exact-open-set-id-v2,1788473754940724640,127,127,2049,16464,83fb135b4267bab68bac82a4db26eb19bf313bfca9a9208e676bf4474422c148,4.902,
117,primary_genuine,112,1099,genuine,0,-315,112,1099,1,True,112,113,True,112,113,digiface-112-1099,False,,4.175,0.39,32840,30a46a1dc01f9c90b2ca6061124998728c4f762ccc3ec1af2ebda20f64984ae2,6697.247,6696.6,4965,exact-open-set-id-v2,1788473754940724640,127,127,2049,16464,8a5691567c9d7a2adfc1d1608535ab90552782430482a3df52655a7c87e0ba8d,4.947,
118,primary_genuine,113,11,genuine,0,-242,113,11,1,True,113,114,True,113,114,digiface-113-11,False,,4.857,0.41,32840,e2e51e976c6ab95f971596fe9aea128a39e336fde0171aaf812fe5383e870a01,6786.496,6785.9,4965,exact-open-set-id-v2,1788473754940724640,127,127,2049,16464,69d10893ffef4bae84dbad16364f6a07bfc1259364f7d02c76c3bf31461cd407,4.611,
119,primary_genuine,114,110,genuine,0,-357,114,110,1,True,114,115,True,114,115,digiface-114-110,False,,4.366,0.38,32840,2e970b1766011c73d0b745414284ebff4298005363d445e202b7e3d2b8bdc358,6940.043,6939.4,4965,exact-open-set-id-v2,1788473754940724640,127,127,2049,16464,5fe86f3bd6b03f152904da28a29d967a8aace29c6c81ff7d80cc673d5f2a6a83,5.283,
120,primary_genuine,115,1100,genuine,0,-298,115,1100,1,True,115,116,True,115,116,digiface-115-1100,False,,4.675,0.41,32840,4314dd0a18c12a8543aaac7f20f239bbbc1f0cb0e185c395b33e9d8f7b729998,6673.485,6672.9,4965,exact-open-set-id-v2,1788473754940724640,127,127,2049,16464,f0e616cbbf9f8cd276517e68a4a124dd9b0cfb99c6e2aebea3ced203825fdf3a,4.732,
121,primary_genuine,116,1101,genuine,0,-375,116,1101,1,True,116,117,True,116,117,digiface-116-1101,False,,4.786,0.42,32840,cd7e1f700580eeb5b92e9c25b4c5e731afd8a6b95a8e510a2d0fb7f1af342cf3,6673.525,6672.9,4965,exact-open-set-id-v2,1788473754940724640,127,127,2049,16464,1d55381952452461b9462860c5691aa01ad43645779edfcaff49d3bd3cd5726c,5.155,
122,primary_genuine,117,1102,genuine,0,-260,117,1102,1,True,117,118,True,117,118,digiface-117-1102,False,,4.555,0.4,32840,9738cbf9113911939e9f7d3ece37d9b9818574bcb10261633c7c23b22f3d94ce,6736.223,6735.5,4965,exact-open-set-id-v2,1788473754940724640,127,127,2049,16464,1dab80f656437a91ee876ae9b1601194bfaa8dbcf7522be0428e6659ceaaeec7,4.987,
123,primary_genuine,118,1103,genuine,0,-441,118,1103,1,True,118,119,True,118,119,digiface-118-1103,False,,4.018,0.38,32840,8a9ab3de60c8dfc5a92780f2e49eda7f789b8e5fce7e1c0ab82f8360734ad178,6725.522,6724.9,4965,exact-open-set-id-v2,1788473754940724640,127,127,2049,16464,bad224a77d9180b08173fcddf61913a961edb269d028790724cb5ac7c7f270b0,5.121,
124,primary_genuine,119,1104,genuine,0,-392,119,1104,1,True,119,120,True,119,120,digiface-119-1104,False,,5.022,0.43,32840,5db978d5cd166d053a53ba07a94db8215b968bc279eb06e1f74935756ab9e8cb,6781.526,6780.8,4965,exact-open-set-id-v2,1788473754940724640,127,127,2049,16464,84b79cdb4b9eddec5cb9f27dde615efc7e8c1cf4aa14b77d3dd025620c74a42a,4.841,
125,primary_genuine,120,1105,genuine,0,-141,120,1105,1,True,120,121,True,120,121,digiface-120-1105,False,,4.283,0.39,32840,ed5ec32cb70f436ebe39e71243420577554b9d571a3cb721eecb07ebe2e3d6ce,6708.356,6707.7,4965,exact-open-set-id-v2,1788473754940724640,127,127,2049,16464,506b43af8189f366123d3e121fa42b7a5501257030ca31f912200591b33e4171,4.829,
126,primary_genuine,121,1106,genuine,0,-398,121,1106,1,True,121,122,True,121,122,digiface-121-1106,False,,4.439,0.38,32840,60a8ebfb47a15455883e51aa865f79bb4dfd3233504982284a9d258660f49275,6792.608,6791.8,4965,exact-open-set-id-v2,1788473754940724640,127,127,2049,16464,9bc9aa85079bc98e50464c319a59baafd51e27b10b7ea32ec49be31efddfdf8f,18.983,
127,primary_genuine,122,1107,genuine,0,-338,122,1107,1,True,122,123,True,122,123,digiface-122-1107,False,,8.714,0.46,32840,43620ba91c481a7588bcdf0d82c830f084a214399d25b282039bb6d2f1e0af92,6661.112,6660.5,4965,exact-open-set-id-v2,1788473754940724640,127,127,2049,16464,484c5e817172fa234cb7fe62d75dd9330d87bdd461f8e9e329fbd7359e416bf3,4.84,
128,primary_genuine,123,1108,genuine,0,-268,123,1108,1,True,123,124,True,123,124,digiface-123-1108,False,,4.402,0.39,32840,3c2e43dd3f1ab1eb45b6791d07b14576e613cce500d154565db9e3ea69d7c52c,6926.373,6925.7,4965,exact-open-set-id-v2,1788473754940724640,127,127,2049,16464,da94e26c14c0f1abc79758a1b66d12f537722eb558047807a1211c3468300fed,5.039,
129,primary_genuine,124,1109,genuine,0,-318,124,1109,1,True,124,125,True,124,125,digiface-124-1109,False,,4.616,0.38,32840,ccaf3eedb89a2342026f390ef0688eae60c26cd8c1b6f04666646cfe985ac46f,6742.845,6742.3,4965,exact-open-set-id-v2,1788473754940724640,127,127,2049,16464,28570b685980f170ac2c8abf02264811eb1c626be71ef67087edf0b4faab72a0,4.899,
130,primary_genuine,125,111,genuine,0,-170,125,111,1,True,125,126,True,125,126,digiface-125-111,False,,4.779,0.41,32840,aca4fa5da32d17b36b094e5c660b53f229370f49a8438096d3ee3726ac724688,6797.676,6797.1,4965,exact-open-set-id-v2,1788473754940724640,127,127,2049,16464,4480a46fa73d5752b2c8809d3e473be3f3ae87891dec0db3190bf630d3bbfd93,4.816,
131,primary_genuine,126,1110,genuine,0,-338,126,1110,1,True,126,127,True,126,127,digiface-126-1110,False,,4.837,0.41,32840,98b143f0d37c0f682febf08f11f59fadfea01e750a4e106c849622812f79d6f8,6741.954,6741.3,4965,exact-open-set-id-v2,1788473754940724640,127,127,2049,16464,de5371412c4c95912e6f6d573e5c3678204b8ab9ad63d760997fb6ba18098886,5.127,
132,primary_test_impostor,627,1562,primary_test_impostor,0,29,64,1055,0,False,,0,False,,0,,False,,4.488,0.38,32840,a4ff4e3f2709b7c2706ccd6bef2eaaecaf32cec86aad300c341b838752ca4a1d,6803.576,6803.0,4965,exact-open-set-id-v2,1788473754940724640,127,127,2049,16464,eaa22266c729ee80756383464699c770e85230a5c6e3a3e0853bee3793e1c380,4.782,
133,primary_test_impostor,628,1563,primary_test_impostor,0,251,112,1099,0,False,,0,False,,0,,False,,4.704,0.41,32840,5305521e36171bfc8101c8cbdf35f7d82c82d62008bd1c0fbf6cc6a56c62ef49,6866.333,6865.8,4965,exact-open-set-id-v2,1788473754940724640,127,127,2049,16464,5f9a62e01c83f2249fbb9783938ea45d5c1a09285aafe80d00cc813257c56188,5.822,
134,primary_test_impostor,629,1564,primary_test_impostor,0,234,77,1067,0,False,,0,False,,0,,False,,4.992,0.45,32840,2019b4c3d7ae5ac77e30a240b7948520af5b75b764f1bc3e2321c641d8509dc9,6885.701,6885.1,4965,exact-open-set-id-v2,1788473754940724640,127,127,2049,16464,8afefef127e87d5d0c27ed84252335740c6f5104b24e3cab35fe8cd7784689f6,4.867,
135,primary_test_impostor,630,1565,primary_test_impostor,0,146,61,1052,0,False,,0,False,,0,,False,,4.062,0.39,32840,fcc41e5b173d78a1d2723737eb9091d1b6e4b11eae7c7af7f8dc19219721bfe8,6722.61,6722.0,4965,exact-open-set-id-v2,1788473754940724640,127,127,2049,16464,84434ce9a7114c85376e752ce14a66bc2a1d5a6a4a06c78652878feb1123effe,4.799,
136,primary_test_impostor,631,1566,primary_test_impostor,0,178,97,1085,0,False,,0,False,,0,,False,,4.618,0.39,32840,5afe118c27180cf3dba36dd595d8682e9a972e86223f9253671310514b6083db,6872.666,6871.9,4965,exact-open-set-id-v2,1788473754940724640,127,127,2049,16464,926f29ccd0d6be3d0251a2820c4ff15b64aef20f696504edda685b6345a70cd2,4.951,
137,primary_test_impostor,632,1567,primary_test_impostor,0,183,98,1086,0,False,,0,False,,0,,False,,4.877,0.44,32840,e56baaeee8bea749e7dabd2684839bf375308da2c9b5f48e9a5229e3d5e9e057,7646.197,7645.4,4965,exact-open-set-id-v2,1788473754940724640,127,127,2049,16464,80cf323502c442d9121cabd136950ea96fe52d1c5a9e6676b43f9f27a91f16da,5.653,
138,primary_test_impostor,633,1568,primary_test_impostor,0,114,97,1085,0,False,,0,False,,0,,False,,5.327,0.44,32840,352e2cc32823a14aed6614293b55218be565839895d2b213fe8f325a1d71377c,7783.778,7782.8,4965,exact-open-set-id-v2,1788473754940724640,127,127,2049,16464,3d87ae425bb55e70fa1c02b680e44f732489af2cf81864aa375db021a336d4a3,5.916,
139,primary_test_impostor,634,1569,primary_test_impostor,0,127,65,1056,0,False,,0,False,,0,,False,,5.399,0.44,32840,22ef2d11379cf37916eea7cc03cc56a1ec927482bf79913d20d95aa7dc6d8ab6,7186.894,7186.2,4965,exact-open-set-id-v2,1788473754940724640,127,127,2049,16464,3d81cb977c1fea84c5fcd420af4fe3a809f6f35d99a55dcb0b64c96eb05875b9,5.573,
140,primary_test_impostor,635,157,primary_test_impostor,0,162,102,109,0,False,,0,False,,0,,False,,5.022,0.41,32840,d8af22aaeec41731bfd6e6d887b110f59bc3c2a3d4cb61aa55be68cd8b7ca7a8,6959.688,6959.1,4965,exact-open-set-id-v2,1788473754940724640,127,127,2049,16464,367c5c41f983e9d870c3ec8aded770cd60e6a045278734f83067683e137e4847,4.672,
141,primary_test_impostor,636,1570,primary_test_impostor,0,230,16,1011,0,False,,0,False,,0,,False,,4.634,0.4,32840,ebfe64c9c33d45decf778de3d1c18bfc4774e31c70f7081de53baf6b96478f37,6924.24,6923.7,4965,exact-open-set-id-v2,1788473754940724640,127,127,2049,16464,a7df8cbc05af068cdf74bbec6e6d73582f8f8c56f7750a470b1cccf2d4f85a23,4.923,
142,primary_test_impostor,637,1571,primary_test_impostor,0,194,10,1006,0,False,,0,False,,0,,False,,5.142,0.44,32840,d2e36a0f093b7c68d0313e6dfc6f4693f368f6ff05a6b5548cbf30901d7ee3f4,7210.143,7209.6,4965,exact-open-set-id-v2,1788473754940724640,127,127,2049,16464,b3548652f86089f0c52a0a3831a262fdd56d2a20ad6c1736b5ec0ed203ad4745,5.834,
143,primary_test_impostor,638,1572,primary_test_impostor,0,132,27,1021,0,False,,0,False,,0,,False,,5.375,0.42,32840,ea92098a49f546d175a1410238e51981e2ff96a3d0bef1d3acc9debd1b0d0063,6882.164,6881.6,4965,exact-open-set-id-v2,1788473754940724640,127,127,2049,16464,618d88975446a8aa029a04f2532046007dda8a7bcac79d8a9c5688cee3dc9b75,4.918,
144,primary_test_impostor,639,1573,primary_test_impostor,0,119,34,1028,0,False,,0,False,,0,,False,,4.595,0.41,32840,006da35c1bef648c66a752c8b1fcb0a6cb49e74ba171f063e19b8308320136fa,7026.887,7026.3,4965,exact-open-set-id-v2,1788473754940724640,127,127,2049,16464,4fe6371e669642480e7a496f4e7ba21317b1785c6ec78ca08db85a63a7c3f0cf,5.159,
145,primary_test_impostor,640,1574,primary_test_impostor,0,151,75,1065,0,False,,0,False,,0,,False,,5.062,0.42,32840,60ef2b208d377e4b829864da277d52b5fe9e5ce8873047a059fb938b4cbf62d3,7282.078,7281.4,4965,exact-open-set-id-v2,1788473754940724640,127,127,2049,16464,e85b6b659f824ccbb8d2d1e70ff1338d0ee75da73c82b1780d8f320b8294c1c6,4.969,
146,primary_test_impostor,641,1575,primary_test_impostor,0,226,11,1007,0,False,,0,False,,0,,False,,4.381,0.42,32840,0b4121251192fcb82a6068cb358713e1c23809f614ccb90e8b8efefdfc52e1bc,7018.796,7018.1,4965,exact-open-set-id-v2,1788473754940724640,127,127,2049,16464,20b5774fcdb8199eb266974080666e22a055e6c424cb1dea92ad7c9776de2299,5.006,
147,primary_test_impostor,642,1576,primary_test_impostor,0,176,93,1081,0,False,,0,False,,0,,False,,4.858,0.4,32840,a5b57fc60a0b1827e84a24db640fd38f5c613f3c7c48379095493a2ddc4119f1,6901.473,6900.8,4965,exact-open-set-id-v2,1788473754940724640,127,127,2049,16464,956015358050f24b9ce00ea3d2a75936667f8b0e193cf52dc59da7a13f3434ce,5.309,
148,primary_test_impostor,643,1577,primary_test_impostor,0,185,74,1064,0,False,,0,False,,0,,False,,4.961,0.41,32840,1b70eb1b0aa5baf55f112e56116a9a6a4959e3dfa8fd18015439ede395032581,6882.709,6882.1,4965,exact-open-set-id-v2,1788473754940724640,127,127,2049,16464,71e127ade78e6cb10b40286cefb05ac7f039182dd5f4e04958a4b784248197a6,5.211,
149,primary_test_impostor,644,1578,primary_test_impostor,0,237,76,1066,0,False,,0,False,,0,,False,,4.606,0.41,32840,fbcaa631965e1b86902f737f9b6b2a9337c8b3a62f8edd4e4466ecf31352dc28,6924.064,6923.4,4965,exact-open-set-id-v2,1788473754940724640,127,127,2049,16464,98b3bee041d27600e9e02a9fd4533b2081a4ba3d1add93577156e37e558bc928,5.008,
150,primary_test_impostor,645,1579,primary_test_impostor,0,159,107,1094,0,False,,0,False,,0,,False,,4.621,0.41,32840,7dcb2524d722e94b0152944b57466016a514cf074bb3b1539cda6aa2f3dd8cd7,6749.956,6749.3,4965,exact-open-set-id-v2,1788473754940724640,127,127,2049,16464,65d758e9a289af0bd23b919187c46f439e55c560df34ace5240df925f912a2bc,8.813,
151,primary_test_impostor,646,158,primary_test_impostor,0,170,97,1085,0,False,,0,False,,0,,False,,4.775,0.4,32840,58db622c1e735130d12fc5925927d141c104ef269374315c2967e9385e605e25,6721.182,6720.5,4965,exact-open-set-id-v2,1788473754940724640,127,127,2049,16464,fb7981aa921e9e23b91660c28f148105562c815bdbc87c8ce0cf35f75a9d3168,4.79,
152,primary_test_impostor,647,1580,primary_test_impostor,0,216,77,1067,0,False,,0,False,,0,,False,,4.296,0.4,32840,f14520b15fc62080ba10caba2c1abbf0673cf2d998584fe28fd6d46870c08e20,6787.325,6786.7,4965,exact-open-set-id-v2,1788473754940724640,127,127,2049,16464,eda42c77850cd26b1098d9cc8ec4147537528830a37e59fb3ea5c1a67ad2d35c,4.96,
153,primary_test_impostor,648,1581,primary_test_impostor,0,184,47,104,0,False,,0,False,,0,,False,,4.705,0.43,32840,f1435591efdcdc8c7a398d0adb69ad5ded12959f748c0957f925b8cbc47e308f,6800.899,6800.3,4965,exact-open-set-id-v2,1788473754940724640,127,127,2049,16464,e4d14d68f94bb7860f228c2c50dcd48ae8430b6081ae330e684c4faa3b7cb71d,7.117,
154,primary_test_impostor,649,1582,primary_test_impostor,0,269,86,1075,0,False,,0,False,,0,,False,,8.355,2.95,32840,24cd8656d8294125ddcfefe49ccfd7a7556bf7cf3b36a4170cd542c3f7a2091a,6827.781,6827.1,4965,exact-open-set-id-v2,1788473754940724640,127,127,2049,16464,55ceaab2fdd31a34c95157712e65d0b7357a4d274564a82eb0db39f91ef8b600,4.847,
155,primary_test_impostor,650,1583,primary_test_impostor,0,46,17,1012,0,False,,0,False,,0,,False,,4.642,0.42,32840,6ff10685754a5e2bb7d37fcec98d72e6b38fe41b9d3ea49ab8bacb9ff3aabd91,6636.452,6635.8,4965,exact-open-set-id-v2,1788473754940724640,127,127,2049,16464,ec4e9497ea832f827a88adbaf214f7e8dbfc03d3fad0730dda75c42386a35b17,4.759,
156,primary_test_impostor,651,1584,primary_test_impostor,0,218,61,1052,0,False,,0,False,,0,,False,,4.607,0.43,32840,23dc46eb1e563909856a76c3171d2d05378a4bd362af7b84e501d1ffc8b83977,6662.672,6662.0,4965,exact-open-set-id-v2,1788473754940724640,127,127,2049,16464,507761ae4d3b7434bca9a1f5045c2b8b7649605180c19fc720e51f94b6043e0c,5.199,
157,primary_test_impostor,652,1585,primary_test_impostor,0,149,12,1008,0,False,,0,False,,0,,False,,4.491,0.39,32840,1ff2d89338fc7cdf6a8428f74e8e1214f01d02b78846390414f7cb295567638d,6767.568,6766.9,4965,exact-open-set-id-v2,1788473754940724640,127,127,2049,16464,8d489a3d25877644d0a79bc6ba4230526631f42f9b86e2ca5e0cc1081a383a9a,5.016,
158,primary_test_impostor,653,1586,primary_test_impostor,0,132,42,1035,0,False,,0,False,,0,,False,,4.385,0.43,32840,c5ffe316aa0f7cc41c8098d87757aa444d768f85de9d03286a4d442137c4ee9e,6679.443,6678.8,4965,exact-open-set-id-v2,1788473754940724640,127,127,2049,16464,1705d7b787f3582cca425eb01d55917216980d4f4060ae2e2192fa884423fe3e,4.768,
159,primary_test_impostor,654,1587,primary_test_impostor,0,200,93,1081,0,False,,0,False,,0,,False,,4.851,0.39,32840,025e2c53a206bb4a472f90ebc16881373b9c9fb9e15f369f8b748111524d1860,6703.237,6702.6,4965,exact-open-set-id-v2,1788473754940724640,127,127,2049,16464,676e4dc788f030ea7c6da0336953725afda8d1e9d48fec00bb5d5b5adb12d4fe,4.746,
160,primary_test_impostor,655,1588,primary_test_impostor,0,208,105,1092,0,False,,0,False,,0,,False,,4.31,0.38,32840,d772938ca3eb8e6e93c9ed1f08f089cfdab97dd4692868ac46196e30202f5516,6706.043,6705.4,4965,exact-open-set-id-v2,1788473754940724640,127,127,2049,16464,f6b72647ff5ad46ea687d7babb734bff4f3a6f6b0b994651bb8516a55045daa3,4.817,
161,primary_test_impostor,656,1589,primary_test_impostor,0,295,58,105,0,False,,0,False,,0,,False,,4.639,0.39,32840,c58e195539cc2e4d416ed68bb463599249a4d94e43093c0e5152dcf867553927,6754.135,6753.5,4965,exact-open-set-id-v2,1788473754940724640,127,127,2049,16464,f6f0e082b4054422b46cf34591bc6ecf196824c547b3a098afdef99fe81ff165,5.378,
162,primary_test_impostor,657,159,primary_test_impostor,0,240,80,107,0,False,,0,False,,0,,False,,4.77,0.39,32840,780d207d470dbec3510fc3966d0fea8615b05ed34969fc23c9eedb6bf343c939,6773.298,6772.6,4965,exact-open-set-id-v2,1788473754940724640,127,127,2049,16464,957dcb848be01f5152b14eb16e310460f7f586635c2b11906b733656a9080785,5.031,
163,primary_test_impostor,658,1590,primary_test_impostor,0,227,64,1055,0,False,,0,False,,0,,False,,4.339,0.37,32840,aba96e8db6a3e643fee1c405a235197acac8e109ea3e45aa44f7fbf0acac6d4f,6738.239,6737.6,4965,exact-open-set-id-v2,1788473754940724640,127,127,2049,16464,21be13720e195da9b18469a43e837f857d582b61ce506b34927bfb21574a163d,4.755,
164,primary_test_impostor,659,1591,primary_test_impostor,0,294,90,1079,0,False,,0,False,,0,,False,,5.18,0.44,32840,a722b37ac72240a410e77258fa5a8ea2f61ba61d1cd93caaa6da2e9289043a35,6669.242,6668.6,4965,exact-open-set-id-v2,1788473754940724640,127,127,2049,16464,09f82947ecc742365ebe04c97235e2a4658f82cc75371f0e36904ff7d5c5cef6,4.967,
165,primary_test_impostor,660,1592,primary_test_impostor,0,262,21,1016,0,False,,0,False,,0,,False,,4.293,0.38,32840,83a236390693b33406d92f2bc7926e9b05c26cf01aa2fda7208157529a843369,6697.468,6696.9,4965,exact-open-set-id-v2,1788473754940724640,127,127,2049,16464,e8cf28c15ef31e3713ee46116226bd15cd78a88947c11381f228a414fe764dbc,5.64,
166,primary_test_impostor,661,1593,primary_test_impostor,0,153,107,1094,0,False,,0,False,,0,,False,,4.474,0.41,32840,4aab3e9a165325752d49cb18101095c93c82a438210a07e135daf583d7785ac4,6709.258,6708.6,4965,exact-open-set-id-v2,1788473754940724640,127,127,2049,16464,d30076f5bf303832766c12ca0a4a1150a3588f00ac3e155d25c41f001dbd24bd,5.104,
167,primary_test_impostor,662,1594,primary_test_impostor,0,177,112,1099,0,False,,0,False,,0,,False,,4.676,0.38,32840,7802ed81fb59150cca14165b58f126ea159ecc54ca9baee7663bd4f2299f4333,6631.95,6631.3,4965,exact-open-set-id-v2,1788473754940724640,127,127,2049,16464,9155176d4dc17d40c57bbb9ac4380a89bf60027235938c16c37bed5f7655dd99,5.409,
168,primary_test_impostor,663,1595,primary_test_impostor,0,297,45,1038,0,False,,0,False,,0,,False,,4.508,0.4,32840,9853e4436a51e5a2a9e50445514c4e706587ebd6a3eaa4a519f0488e79f2f08e,6713.935,6713.3,4965,exact-open-set-id-v2,1788473754940724640,127,127,2049,16464,bc5ef1971abde0b4e016ff5f09b8c3ef07e65a222219db1061dca50e903bf12b,4.62,
169,primary_test_impostor,664,1596,primary_test_impostor,0,193,51,1043,0,False,,0,False,,0,,False,,4.271,0.38,32840,12c435f1b7d78dbb534e40bbcddb50601b7cef6888d396924089b73fb4c2d12f,6731.198,6730.5,4965,exact-open-set-id-v2,1788473754940724640,127,127,2049,16464,ad0499ac1ae387bfa581f310aaecfb12514a0bb9ecabf96b0bbede8eff7265a1,4.695,
170,primary_test_impostor,665,1597,primary_test_impostor,0,75,45,1038,0,False,,0,False,,0,,False,,4.856,0.42,32840,84cf9a7fcb71c59b631aa34a3092bf4a91c8f64b57090c5c25d129eb5448d678,6722.197,6721.5,4965,exact-open-set-id-v2,1788473754940724640,127,127,2049,16464,6782b2337d9d984109b306f1653914704b7fbe6cc0b0c45da443d1ba81b79f09,5.731,
171,primary_test_impostor,666,1598,primary_test_impostor,0,112,2,10,0,False,,0,False,,0,,False,,4.795,0.39,32840,e1341e05a58749d8a80d6ccf622d83f7bcee174da878ae6d0724365c9ea46ad2,6940.236,6939.5,4965,exact-open-set-id-v2,1788473754940724640,127,127,2049,16464,50df0cd9335b663c1eda39852ef381c5947ca8c263bc96ef55e2b1fe4a07514b,7.0,
172,primary_test_impostor,667,1599,primary_test_impostor,0,175,86,1075,0,False,,0,False,,0,,False,,5.257,0.42,32840,f2c840e90394f91aeeadae7822706a27c842d7de03bfa215ef604c6be9d641a2,7439.312,7437.9,4965,exact-open-set-id-v2,1788473754940724640,127,127,2049,16464,1866392357b076b7b9859a014b186eb63c9305f25fff05b99667ffeec7f0fa9a,5.327,
173,primary_test_impostor,668,16,primary_test_impostor,0,255,31,1025,0,False,,0,False,,0,,False,,5.498,0.5,32840,08ccd5fffef2ff00591c927a5e4502d847ffb3220aeed0bff18cdcd64c2e125c,7415.873,7415.2,4965,exact-open-set-id-v2,1788473754940724640,127,127,2049,16464,f575ccd09c6b30ef9faad8498fe177541d012b69b2c8d823f0204217bace7763,5.145,
174,primary_test_impostor,669,160,primary_test_impostor,0,254,23,1018,0,False,,0,False,,0,,False,,5.238,0.42,32840,fbd7eda34caf5ebdbbe422fd5cadb95a2f0ef1c145b2f6735d7bcaad3839f447,7067.356,7066.7,4965,exact-open-set-id-v2,1788473754940724640,127,127,2049,16464,bbf78cf0a449c8f991f8eea1d54b3bc0eaf063693302357eb43715989fde0dd5,5.972,
175,primary_test_impostor,670,1600,primary_test_impostor,0,155,108,1095,0,False,,0,False,,0,,False,,5.883,0.55,32840,bfb45c2e96c70451edb70265dda9b247a1a2faac069c7f651e0030cb62e59e29,7088.506,7087.8,4965,exact-open-set-id-v2,1788473754940724640,127,127,2049,16464,5658a979c87104d6a00d0e721d1711f7133e508600f50cecbd0ed81696a2bf9d,6.39,
176,primary_test_impostor,671,1601,primary_test_impostor,0,267,32,1026,0,False,,0,False,,0,,False,,4.761,0.43,32840,40b3384a7f7e82fc7f1a24a44f2eafe991e16b4d9eeae47e14b89e0c4f9fb4bc,6989.67,6989.0,4965,exact-open-set-id-v2,1788473754940724640,127,127,2049,16464,06c24eabfe7e9117bc203926e08fad443ead521fd829ca07a583f05d117aa10b,4.843,
177,primary_test_impostor,672,1602,primary_test_impostor,0,92,48,1040,0,False,,0,False,,0,,False,,4.394,0.4,32840,50d9bea12da99d0ca1fe8cefb89101303833d24fce83676902cb4e545eb1ba35,6770.368,6769.7,4965,exact-open-set-id-v2,1788473754940724640,127,127,2049,16464,460c3f4faae5c285acae6fa96396d52317c07afb328de3240937edde60754859,4.922,
178,primary_test_impostor,673,1603,primary_test_impostor,0,118,99,1087,0,False,,0,False,,0,,False,,4.631,0.4,32840,6563308ed620bf7e5710cafc0067aa4a85d49995e81e9f52b1f697443cd4e927,6707.681,6707.0,4965,exact-open-set-id-v2,1788473754940724640,127,127,2049,16464,f6c1f96e7c7d251970458a94f28bd6375e1eb5e143782d4c1e212e618cd27639,5.132,
179,primary_test_impostor,674,1604,primary_test_impostor,0,218,6,1002,0,False,,0,False,,0,,False,,4.172,0.37,32840,9463c1bf976ccc187da8aa53bb373782b2348634060bc87234d7635f8e17e242,6812.283,6811.7,4965,exact-open-set-id-v2,1788473754940724640,127,127,2049,16464,1a618d9adbbf49d5d120628e2e23d49516c0a2c8761a133fdd719b0b627d2485,4.783,
180,primary_test_impostor,675,1605,primary_test_impostor,0,259,45,1038,0,False,,0,False,,0,,False,,4.398,0.39,32840,bba18ad337d52b68cf2936f82e3574a0173aadffd9088e7fc5d61742a4bbe945,6969.927,6969.2,4965,exact-open-set-id-v2,1788473754940724640,127,127,2049,16464,e0138992dd082f8e2a1eb6d04efb0874622fedee0850b1c8a8c91a80fdc087b8,9.634,
181,primary_test_impostor,676,1606,primary_test_impostor,0,198,93,1081,0,False,,0,False,,0,,False,,5.898,0.42,32840,ecc44a56ab0e38ef9e39d5f3001f1bb850b64278671ec48963b97a238bbcc070,7201.507,7200.8,4965,exact-open-set-id-v2,1788473754940724640,127,127,2049,16464,9fa803ce935ccbce5fee13e702e2dba9478d90172440cbd397ab055bb7a3d057,5.453,
182,primary_test_impostor,677,1607,primary_test_impostor,0,220,119,1104,0,False,,0,False,,0,,False,,5.152,0.41,32840,10131970d66bd8ee5dfea3e46452be2be44fc7f1705b96d75200ed493a083877,7035.921,7035.2,4965,exact-open-set-id-v2,1788473754940724640,127,127,2049,16464,e505c685ce89b40d7758690442c8bab96d5fe4be26bb1fadfbb79e8a4948eae0,5.006,
183,primary_test_impostor,678,1608,primary_test_impostor,0,200,105,1092,0,False,,0,False,,0,,False,,4.531,0.39,32840,22a08e1b1980cbd14222a79484fe7a1b6656231b522201ad8f60a1200fc1644b,6947.162,6946.4,4965,exact-open-set-id-v2,1788473754940724640,127,127,2049,16464,666cf76f2dcc11b9b52919355fb88ad4c5ca692ad1238bbca02d882e7a12dc20,4.966,
184,primary_test_impostor,679,1609,primary_test_impostor,0,174,23,1018,0,False,,0,False,,0,,False,,5.277,0.42,32840,6c4a20e54d17ec61086130c85b0361b429933d5470369aa23c0e0b5a51e3b19d,6796.392,6795.8,4965,exact-open-set-id-v2,1788473754940724640,127,127,2049,16464,2667295fe53b59f02e34ab687445bedeacd63c5676ecf8db515908262d2eb843,4.622,
185,primary_test_impostor,680,161,primary_test_impostor,0,251,12,1008,0,False,,0,False,,0,,False,,4.625,0.4,32840,21edee1efa6fa12e11c9af81caa11891bfbd4823f02f4a89468333da1552dd21,6716.155,6715.6,4965,exact-open-set-id-v2,1788473754940724640,127,127,2049,16464,843e7c8893c3a02fd5f92205384a854b26320da9819b40eaebf9a8e3454e6a93,4.925,
186,primary_test_impostor,681,1610,primary_test_impostor,0,240,50,1042,0,False,,0,False,,0,,False,,4.447,0.42,32840,1e942fbe6871ce1b39b759eb5c3c008ab640a2982207dca703ef5f2c7ac7d850,7087.391,7086.8,4965,exact-open-set-id-v2,1788473754940724640,127,127,2049,16464,ae849307672ca7fd24a0c9a52d5ea7d133b5ad7aa76d2d28248e344a437c4342,4.73,
187,primary_test_impostor,682,1611,primary_test_impostor,0,192,48,1040,0,False,,0,False,,0,,False,,5.553,0.44,32840,aa21c34c892a0865acaf16487d4d75501f8f2484a8d8e0f1ca493e44b56bf389,7418.35,7417.2,4965,exact-open-set-id-v2,1788473754940724640,127,127,2049,16464,3413f3715e01cb372f1dd688dc22be848800160672671bab9257e1883e5e6ee3,5.769,
188,primary_test_impostor,683,1612,primary_test_impostor,0,192,99,1087,0,False,,0,False,,0,,False,,5.198,0.49,32840,44d5448e77876fbb56c65510db4da7d953f0fde2ea95cfab73bb0d46fde473e3,7107.324,7106.6,4965,exact-open-set-id-v2,1788473754940724640,127,127,2049,16464,ad28883d40d6855d430196ca4d25d548aaaa7f74ca082351b824266d2074f93f,5.231,
189,primary_test_impostor,684,1613,primary_test_impostor,0,200,16,1011,0,False,,0,False,,0,,False,,4.208,0.42,32840,b4e91c1626b703a629efeceb9ae73ae212caa2495b3b44196c1c11b10e61ddce,7256.499,7255.8,4965,exact-open-set-id-v2,1788473754940724640,127,127,2049,16464,b72c8c2d764d770857931d7f52f2e5be3747d1718174157b8a675a098be3c90f,5.062,
190,primary_test_impostor,685,1614,primary_test_impostor,0,219,114,110,0,False,,0,False,,0,,False,,4.499,0.39,32840,2463c6a9a1f53b627ced1a81af3dc190406c55ba533af23f00e6e79438387571,7002.853,7002.3,4965,exact-open-set-id-v2,1788473754940724640,127,127,2049,16464,c4f9761662edbe9c4608208e5e329a05b946f300202b5ddcfd21fee19e2db7d8,6.72,
191,primary_test_impostor,686,1615,primary_test_impostor,0,71,107,1094,0,False,,0,False,,0,,False,,5.113,0.41,32840,6c2f62bb9a1093f1173c37fadae6e78117deda53d17a953df2f730ca93351bbf,6988.217,6987.6,4965,exact-open-set-id-v2,1788473754940724640,127,127,2049,16464,944ab2e5c35aabe3baa5cff9b2f01c7157ed02893f117abf7fc75a78b57bb541,4.79,
192,primary_test_impostor,687,1616,primary_test_impostor,0,96,17,1012,0,False,,0,False,,0,,False,,4.808,0.42,32840,ba7fce28bc334e50936078e9e08034148eacebeec91cb21f14b8b8feedcdf985,6931.335,6930.7,4965,exact-open-set-id-v2,1788473754940724640,127,127,2049,16464,90b4e65508b3feaa4f628c5f35a68aa97e4a62199cc4f5bcf0cc33584a2be448,4.523,
193,primary_test_impostor,688,1617,primary_test_impostor,0,153,64,1055,0,False,,0,False,,0,,False,,4.705,0.48,32840,d0321e900236eacce2cc06f11963af9faab609945771a68452ac3bfd8ddd6903,6969.032,6968.4,4965,exact-open-set-id-v2,1788473754940724640,127,127,2049,16464,6ac8b170e8e3a814cf094b98533c1f851899e32cd7383f609b743a3152d5888b,4.898,
194,primary_test_impostor,689,1618,primary_test_impostor,0,154,115,1100,0,False,,0,False,,0,,False,,4.932,0.43,32840,f2e68c74771afa84660198952024222c6e088e0fbf4f0a3a5805e6ae7d84533b,6804.295,6803.7,4965,exact-open-set-id-v2,1788473754940724640,127,127,2049,16464,670f4e1304bdf3011736c4f339745f9574908c9e803361c5b36d22156a4c84f4,5.243,
195,primary_test_impostor,690,1619,primary_test_impostor,0,96,99,1087,0,False,,0,False,,0,,False,,5.402,0.43,32840,a2859f9e44554113e8f5a754c7b34a4e30635a0ed17a4121771d9b2e96e2d2c5,6715.873,6715.3,4965,exact-open-set-id-v2,1788473754940724640,127,127,2049,16464,6bec45e4eb9a168ce8dd893b280e832759c550f9980b2dd03f1540c2ad089894,5.27,
196,primary_test_impostor,691,162,primary_test_impostor,0,204,50,1042,0,False,,0,False,,0,,False,,4.898,0.42,32840,5d5175d8a0e561f951a588f010554d70a7336c8b2aa767bf7b25ce0a4bfbe98f,6654.357,6653.8,4965,exact-open-set-id-v2,1788473754940724640,127,127,2049,16464,d972365424f20edea04c230de1be8a6230bc848ab7a21c8bd692374e67ea7be2,5.201,
197,primary_test_impostor,692,1620,primary_test_impostor,0,245,98,1086,0,False,,0,False,,0,,False,,4.403,0.41,32840,2fb2ffa9ef7b8ec7d1ccb594c3dbdbb240d3349155e63cca41555b425debd804,7072.108,7071.5,4965,exact-open-set-id-v2,1788473754940724640,127,127,2049,16464,eaffd9dad6e384b6c9453d0e7073b39b9fbaa81a740e14b0996705e874989efc,4.948,
198,primary_test_impostor,693,1621,primary_test_impostor,0,146,115,1100,0,False,,0,False,,0,,False,,8.251,0.41,32840,26e4abc585bf972d993f746209d4643afdaac06146230d32b150fc30c84483ab,6732.776,6732.1,4965,exact-open-set-id-v2,1788473754940724640,127,127,2049,16464,3b4f82a2632940b31a1926f6f4111e539c1a589d407d8bfab8f962f1363317e3,4.939,
199,primary_test_impostor,694,1622,primary_test_impostor,0,273,87,1076,0,False,,0,False,,0,,False,,4.16,0.38,32840,6ecd7c6b9b2b8e037cba86cd94be2133fbc2a94524e21df7b63bacea2b092c9f,6786.508,6785.9,4965,exact-open-set-id-v2,1788473754940724640,127,127,2049,16464,79c20b3ba8a6d22fad46c7e3f56c6c4fd580e7556d98316b2be44678c69fd2c3,5.046,
200,primary_test_impostor,695,1623,primary_test_impostor,0,172,27,1021,0,False,,0,False,,0,,False,,4.822,0.41,32840,330b853a842564bd3f708b8d7030c20ac69c99a39bb78764ad25e2fec4bd0c9d,6768.875,6768.3,4965,exact-open-set-id-v2,1788473754940724640,127,127,2049,16464,e9d2fa715e0eaec517e6e24fa359ca0afa9136f7ac1fb1e5d121e48142e050b9,8.501,
201,primary_test_impostor,696,1624,primary_test_impostor,0,185,75,1065,0,False,,0,False,,0,,False,,4.822,0.46,32840,3bc7f6263576854223dd82abfc573559df0c2461cf7aa80a07334a82ccc632a6,6803.737,6803.1,4965,exact-open-set-id-v2,1788473754940724640,127,127,2049,16464,02c431db34c9b11fa277c2d00953a330171f71697af37950db0851dfb84cf040,4.968,
202,primary_test_impostor,697,1625,primary_test_impostor,0,122,99,1087,0,False,,0,False,,0,,False,,4.283,0.41,32840,32396cc93d0b5dde5e27932058ad68efac3ad12505db5de9879b07e9571ae453,6994.7,6994.1,4965,exact-open-set-id-v2,1788473754940724640,127,127,2049,16464,2ccbc4079940a5af000e4656525e9d68970003c48c41921e270bdad4785db033,4.793,
203,primary_test_impostor,698,1626,primary_test_impostor,0,126,102,109,0,False,,0,False,,0,,False,,4.756,0.42,32840,13e8bd57462b6b22447a93d9961843967d907e8b76c5d16f8b4dc695836ef384,6798.676,6798.1,4965,exact-open-set-id-v2,1788473754940724640,127,127,2049,16464,851242fc99d90b4164235d1d880a0e2e3e8ede93576e6d70cd0e95313075de99,6.206,
204,primary_test_impostor,699,1627,primary_test_impostor,0,263,75,1065,0,False,,0,False,,0,,False,,4.234,0.42,32840,ce5bcd8518f297698eb6cb372d8bba87a1f619743dea0a8725587b0da36414a1,6727.839,6726.9,4965,exact-open-set-id-v2,1788473754940724640,127,127,2049,16464,9a1cd05df7ccf0dfeb99cc3123ed2445cc993fa1f46de2b12c2f52fb6d6dacc0,4.806,
205,primary_test_impostor,700,1628,primary_test_impostor,0,198,2,10,0,False,,0,False,,0,,False,,4.413,0.45,32840,0d6904f50101f791b984ff483fcc8116ecfc0b32103ede69d39fa2122a7acdc9,6870.288,6869.7,4965,exact-open-set-id-v2,1788473754940724640,127,127,2049,16464,f9328e9c984b47283071904715b6d8aa05eef65c683966bd155afedb7625cc9c,6.341,
206,primary_test_impostor,701,1629,primary_test_impostor,0,126,93,1081,0,False,,0,False,,0,,False,,4.984,0.42,32840,66df2b2c84ee1a2ac931ae0884b896458623bf844abaeee10ae1fdf60963dfed,7567.254,7566.5,4965,exact-open-set-id-v2,1788473754940724640,127,127,2049,16464,5fb6201c277784456fecab3891f2ff62f73afe677e8aba9529a2990557c63354,9.898,
207,primary_test_impostor,702,163,primary_test_impostor,0,131,45,1038,0,False,,0,False,,0,,False,,5.373,0.5,32840,0f52ce46624c30bc16a2a8627091f70dbc4bb54339c6c3e70e49c4d7ebe51e65,7393.803,7393.2,4965,exact-open-set-id-v2,1788473754940724640,127,127,2049,16464,73d790262e5e0004bedcf06456bbcb61d29556cf6d3b6ed5e3125e1fca42a0fa,5.664,
208,primary_test_impostor,703,1630,primary_test_impostor,0,130,61,1052,0,False,,0,False,,0,,False,,5.709,0.43,32840,fbf82b2dd1f51c07e990454eac124484934a9149ad7c664583fc19130da07642,7356.593,7355.9,4965,exact-open-set-id-v2,1788473754940724640,127,127,2049,16464,83ad8e36ec3b0fb6b75ebcc27b0db4c50aa3f858d4ba821521e6d7aed9dba972,5.317,
209,primary_test_impostor,704,1631,primary_test_impostor,0,152,2,10,0,False,,0,False,,0,,False,,5.509,0.47,32840,12519d0c85aa7463d4a6850e508ecfe1e952795de831cc121359d947a4fb8edb,7283.026,7282.3,4965,exact-open-set-id-v2,1788473754940724640,127,127,2049,16464,6cc5a639169d63be3a74e52de1ad0b0a6bf6293775440015f914fee29ef1b35b,5.312,
210,primary_test_impostor,705,1632,primary_test_impostor,0,234,124,1109,0,False,,0,False,,0,,False,,5.15,0.43,32840,6aa3fe6e30b0b082c3edbd1ddefab4c0fddd60fe1ff789628e2f610b18adee48,7033.516,7032.9,4965,exact-open-set-id-v2,1788473754940724640,127,127,2049,16464,0ff2a8a561e9ee216eaa52c3d380ab170f6c36cf83ce56b67a6d950a096e712a,5.088,
211,primary_test_impostor,706,1633,primary_test_impostor,0,196,0,0,0,False,,0,False,,0,,False,,5.045,0.42,32840,3409ba9be8baa8762a58d6f26ce1187b069f6f8a79b1bc1ce203d8d395e8ec18,6838.516,6837.9,4965,exact-open-set-id-v2,1788473754940724640,127,127,2049,16464,328304e2c86aab6ffe26d8c4f164cc84b0702c06e2ee72243f5c4e4ebf73f467,5.351,
212,primary_test_impostor,707,1634,primary_test_impostor,0,144,121,1106,0,False,,0,False,,0,,False,,4.815,0.4,32840,2281f63fa25374250c4eed8c12182da45a3d4db9f41bda082eb4684a2c129b6a,6850.643,6850.0,4965,exact-open-set-id-v2,1788473754940724640,127,127,2049,16464,ed6bba085ca67641454217a022509cab9924f227b6ea69427379ac463ef9cd30,4.883,
213,primary_test_impostor,708,1635,primary_test_impostor,0,123,25,102,0,False,,0,False,,0,,False,,4.769,0.4,32840,88352fc29536e4e5f2b2a086ff4a8e8f40ccefe6893a8b56dc71a8a4731d8a1b,6715.323,6714.7,4965,exact-open-set-id-v2,1788473754940724640,127,127,2049,16464,bc9b499822cdb9a8389d8c92f00ce7661bbd6d34e6169a69fd3cea01984dec57,4.542,
214,primary_test_impostor,709,1636,primary_test_impostor,0,118,102,109,0,False,,0,False,,0,,False,,4.568,0.42,32840,02713964e667d2a0f67b415a7463866a977c1242260c076c0adadb0d0d2e286c,7045.097,7044.2,4965,exact-open-set-id-v2,1788473754940724640,127,127,2049,16464,fb462e2c44115c3df901e742829f35c0174a06d18e8cd8cfe923eb1eb8a4f162,5.315,
215,primary_test_impostor,710,1637,primary_test_impostor,0,289,81,1070,0,False,,0,False,,0,,False,,5.35,0.43,32840,2223d0f67a46ad6e4b3e27e6d0b165a945d22174ac701b40e04c075df722c070,6832.665,6832.0,4965,exact-open-set-id-v2,1788473754940724640,127,127,2049,16464,318bcdb55d6b7777cb8f099a10878c8d207822229a11e547eaee827e5262fb96,5.874,
216,primary_test_impostor,711,1638,primary_test_impostor,0,146,60,1051,0,False,,0,False,,0,,False,,4.764,0.41,32840,b7d97ab377578d9882b945437043e4a2d8e4db644ca4abed55fc1b738545608a,6745.283,6744.6,4965,exact-open-set-id-v2,1788473754940724640,127,127,2049,16464,241550d1bfe9720c30fd10e935f4cfc0602a9e10023824467b66542baba58902,5.05,
217,primary_test_impostor,712,1639,primary_test_impostor,0,132,46,1039,0,False,,0,False,,0,,False,,4.812,0.42,32840,6a0318fdb96cb812b12811a78fda539358b4266a82f66456209a8e37fa054ee7,6755.665,6755.0,4965,exact-open-set-id-v2,1788473754940724640,127,127,2049,16464,99ed96e9e3be31f98e56c313f91f6eedcb0290790d9028e99630044ff0e091ca,5.967,
218,primary_test_impostor,713,164,primary_test_impostor,0,196,80,107,0,False,,0,False,,0,,False,,5.386,0.56,32840,cbeab33331f242b98c577a2c5df12104714b2d47902b3875ba0563d8621cc875,6770.135,6769.5,4965,exact-open-set-id-v2,1788473754940724640,127,127,2049,16464,88328fb3ac1b79ea8dad4ded67f9ae311078e0bd4574b0f027a53da4c28a5928,5.1,
219,primary_test_impostor,714,1640,primary_test_impostor,0,93,63,1054,0,False,,0,False,,0,,False,,4.731,0.37,32840,744e0fcef8dd57ca10f5c53faa61a57082ac8a9d5930b9f02f9bb256322a4cb1,6929.098,6928.5,4965,exact-open-set-id-v2,1788473754940724640,127,127,2049,16464,52b0248644b441832d099385fbed40bb7a1302cb388ae306d1138472f2b0f78b,5.282,
220,primary_test_impostor,715,1641,primary_test_impostor,0,100,46,1039,0,False,,0,False,,0,,False,,5.674,0.45,32840,6fd6c9788cb2345e5594346c841a1e62fa872078a318cdffb72e4cf3f0330e48,6777.807,6777.2,4965,exact-open-set-id-v2,1788473754940724640,127,127,2049,16464,0380c664d295928ce4826722f33651b8d1bfd7561ce2f5efa1e11e8eabdb1976,4.776,
221,primary_test_impostor,716,1642,primary_test_impostor,0,227,120,1105,0,False,,0,False,,0,,False,,4.745,0.41,32840,b3254f975fb46e4fc4910d165a2ce21faa71d5143ef03fde177d3e42e1b52430,6786.795,6786.2,4965,exact-open-set-id-v2,1788473754940724640,127,127,2049,16464,14e0ed066150929b530584375054464573a9f9bc3c0781ff375ed2a85b013edd,4.975,
222,primary_test_impostor,717,1643,primary_test_impostor,0,183,75,1065,0,False,,0,False,,0,,False,,8.237,0.48,32840,54a528d3720cb88cd02a49f4f11e9f7509a760ececb06a840abd57c56721fb9d,6892.934,6892.3,4965,exact-open-set-id-v2,1788473754940724640,127,127,2049,16464,27ddb75e0e3e4e5bef297fbcc5e761365368df8c9b0ce0de0756decad74ccc99,5.418,
223,primary_test_impostor,718,1644,primary_test_impostor,0,278,47,104,0,False,,0,False,,0,,False,,5.545,0.45,32840,1f3afd38d6bc611dae2e595cf2b0161ca3d504372be2e93e80aab10349782176,6893.58,6892.9,4965,exact-open-set-id-v2,1788473754940724640,127,127,2049,16464,3f94f4479eb038e9b5ee7c454b145ca6a84258117dd974c914e3dba43aa8946e,5.464,
224,primary_test_impostor,719,1645,primary_test_impostor,0,111,64,1055,0,False,,0,False,,0,,False,,4.968,0.43,32840,08dd18d71e3626a2414dd88f222d8636163d2c7e3d124060acbfed7f808cfcca,6801.924,6801.3,4965,exact-open-set-id-v2,1788473754940724640,127,127,2049,16464,615b560118b2552efeee87bfc1726292971db73a76a25b5eb867f505259d4783,6.405,
225,primary_test_impostor,720,1646,primary_test_impostor,0,223,86,1075,0,False,,0,False,,0,,False,,6.462,0.47,32840,75046e1ceb5386cfb717455b31cbed5973e82bae24b128f802f95e06fefb2028,6879.73,6879.1,4965,exact-open-set-id-v2,1788473754940724640,127,127,2049,16464,74dfd364a82be04448f5223aa86e8ab627fa8b692a9494731b2f822c4e214070,5.392,
226,primary_test_impostor,721,1647,primary_test_impostor,0,196,48,1040,0,False,,0,False,,0,,False,,5.396,0.47,32840,4ee6403c80dd238dc5942c7c2ddb63c18fb9476cfae55888662a13a2ce5c6a51,6794.485,6793.9,4965,exact-open-set-id-v2,1788473754940724640,127,127,2049,16464,26016bf0af820ba2a0f8648b285d6409c18cae33fdd95f16ae3467328f823600,5.674,
227,primary_test_impostor,722,1648,primary_test_impostor,0,89,81,1070,0,False,,0,False,,0,,False,,4.84,0.43,32840,15f837f5f8cbcd30d1fb657351e92e56a8a797b3436229420b34a8decdd1e112,6762.329,6761.7,4965,exact-open-set-id-v2,1788473754940724640,127,127,2049,16464,1746c25a504ce61faca6c77c5ce08f1ddf7358f622fa1288784644c617e7090d,4.909,
228,primary_test_impostor,723,1649,primary_test_impostor,0,175,112,1099,0,False,,0,False,,0,,False,,5.179,0.41,32840,49efdad80b7795dc958662e72e73ed11e48e46414f01b3d6bf4ae1f5a9205fba,6798.612,6798.1,4965,exact-open-set-id-v2,1788473754940724640,127,127,2049,16464,0fae596ea6efd044629191bcc91e9ad471003bf535b936cca9950728d16bd130,5.29,
229,primary_test_impostor,724,165,primary_test_impostor,0,269,88,1077,0,False,,0,False,,0,,False,,4.179,0.39,32840,cd752864e8270faafb8e1ddb4592379852db73d51e20dd1a0e2de5f8edae2c42,7069.357,7068.7,4965,exact-open-set-id-v2,1788473754940724640,127,127,2049,16464,e59e81625cd384c0dfe3760a3f7437f23fea458db017574c16d879c4eff2e010,5.811,
230,primary_test_impostor,725,1650,primary_test_impostor,0,108,10,1006,0,False,,0,False,,0,,False,,5.232,0.45,32840,79cc51874b3205cb68f08baf6c93d45c5b501e5bc91d9b99aa98fcc3eda00151,6937.689,6937.1,4965,exact-open-set-id-v2,1788473754940724640,127,127,2049,16464,6752e676af2e4de8f054ed837d3a39eec742f62d47cab7ed9b9d0f5bb3456312,6.263,
231,primary_test_impostor,726,1651,primary_test_impostor,0,254,46,1039,0,False,,0,False,,0,,False,,4.409,0.42,32840,5aece58f41e5f8a52dbf8b7461f3c54846172c264c13d616fde24f35b62ac840,6939.885,6939.3,4965,exact-open-set-id-v2,1788473754940724640,127,127,2049,16464,6f1296892a9458f2244f02505b4f0fa877b263996eef4722b6ba20c69a2acbd3,5.594,
232,primary_test_impostor,727,1652,primary_test_impostor,0,164,17,1012,0,False,,0,False,,0,,False,,5.073,0.4,32840,ea96b6cd0a93520ffb3589d3375f3f8663e857a0509ec8f87a186150aff779da,7205.876,7205.0,4965,exact-open-set-id-v2,1788473754940724640,127,127,2049,16464,07b134e4eef7ef15201b9e4cd6d19eb79b056bd253553d810920e30ba1f8e1e8,5.258,
233,primary_test_impostor,728,1653,primary_test_impostor,0,225,88,1077,0,False,,0,False,,0,,False,,5.033,0.42,32840,a87a69e0b07e79030d8a24764a35ac2d05d2ad24ae45df6931f523b690e3995e,6834.178,6833.6,4965,exact-open-set-id-v2,1788473754940724640,127,127,2049,16464,5f5ab3041782aee8e74ac88ab009b9e1feb13fb6dff74598fd1e8b090d130f66,5.348,
234,primary_test_impostor,729,1654,primary_test_impostor,0,152,92,1080,0,False,,0,False,,0,,False,,4.486,0.41,32840,8cc3e516adb20a5d116d6d4872a02d38e53c95af31985e701671c2da95a650d5,6988.58,6987.9,4965,exact-open-set-id-v2,1788473754940724640,127,127,2049,16464,c83bf0ee0c9d03aa58545086bac0563137f5c3bbd76f58fabce21ce1b0d4f3b6,8.383,
235,primary_test_impostor,730,1655,primary_test_impostor,0,126,23,1018,0,False,,0,False,,0,,False,,22.26,0.49,32840,00c2e0f99d1c2390450f3efde056054d21c3abc4b8f15503fcf14e68756bb15c,6939.942,6939.2,4965,exact-open-set-id-v2,1788473754940724640,127,127,2049,16464,0fe9d25c63ce93445a64ed0ec5af919402ecfa02dfba4c96f4cbee7f29b976c3,5.638,
236,primary_test_impostor,731,1656,primary_test_impostor,0,134,102,109,0,False,,0,False,,0,,False,,4.735,0.42,32840,67cea8b1f3ed1e53bff8712a030a3b8d1a550ab5a4bc5358702fe1902054016b,6983.64,6983.1,4965,exact-open-set-id-v2,1788473754940724640,127,127,2049,16464,d2d0ac33d3fc022447947e01fc2832606ddf0badfaedf8ece57314c5aee79243,5.72,
237,primary_test_impostor,732,1657,primary_test_impostor,0,158,46,1039,0,False,,0,False,,0,,False,,4.828,0.41,32840,df3a5b26182013b09c8b374dfbe5c5d6e02e1ca4f5bdd4bf70d13180336915ab,6716.271,6715.7,4965,exact-open-set-id-v2,1788473754940724640,127,127,2049,16464,fc13284d6b12177a274ffc8e455d62c484099b69bb350a93f8ea07279bf3783c,4.982,
238,primary_test_impostor,733,1658,primary_test_impostor,0,150,121,1106,0,False,,0,False,,0,,False,,4.572,0.4,32840,3528cd80a74156f131e582464f8374114a2bbcd5d5e18ccec408343977e137bf,6808.211,6807.6,4965,exact-open-set-id-v2,1788473754940724640,127,127,2049,16464,550c61a6967ad00047aeae7b53960114d4111c95a86c82f93aabd74150da1e6f,5.015,
239,primary_test_impostor,734,1659,primary_test_impostor,0,188,61,1052,0,False,,0,False,,0,,False,,4.834,0.42,32840,9f2a59b56705449f2bb135b5d24cc82d801183c2f8bf03a4dc6984e990db79e0,6940.732,6940.1,4965,exact-open-set-id-v2,1788473754940724640,127,127,2049,16464,2a4dbe4e83a1ed5b2218d1c2e784907475b20c1f7662cb7073415ecb19cc43c2,4.929,
240,primary_test_impostor,735,166,primary_test_impostor,0,214,2,10,0,False,,0,False,,0,,False,,5.014,0.47,32840,16751c8969766c507f8f56c794cbd78842119e388de4611f792c008e1cdb305e,6893.066,6892.4,4965,exact-open-set-id-v2,1788473754940724640,127,127,2049,16464,ee884ba0d5cade5e62eddaff9459f94a967f031896629d05773dcb69f3208fd3,5.6,
241,primary_test_impostor,736,1660,primary_test_impostor,0,154,103,1090,0,False,,0,False,,0,,False,,6.96,0.56,32840,4b365c6f0ff40aeee1ed499012244f5789eeb690b243af2ec95082da1c83c385,7656.09,7655.4,4965,exact-open-set-id-v2,1788473754940724640,127,127,2049,16464,a9d0caf72f02c0fdae3fb055774387457a553f1d6876d9cc15cda4675fbfd485,5.258,
242,primary_test_impostor,737,1661,primary_test_impostor,0,155,29,1023,0,False,,0,False,,0,,False,,4.851,0.42,32840,2ff650f790c1d51cfe6ad9c7e732f62e49cde5287c60d0d95b03d27a3ab5db5b,7347.115,7346.4,4965,exact-open-set-id-v2,1788473754940724640,127,127,2049,16464,f2bdac384f1bdf2c8cb8cbbc53418b00178b146fdfea4e4e7e89b6b138e9c675,5.733,
243,primary_test_impostor,738,1662,primary_test_impostor,0,239,75,1065,0,False,,0,False,,0,,False,,5.362,0.42,32840,5e91d50889c3eca7497439ae1fcf6de5d258f2f086998f154e37845d528f6ddc,7111.367,7110.7,4965,exact-open-set-id-v2,1788473754940724640,127,127,2049,16464,16999da32dc9b464d19d798c8e04b26cd503d27dcd3ea5e1c661ff8b0abf8797,5.703,
244,primary_test_impostor,739,1663,primary_test_impostor,0,194,3,100,0,False,,0,False,,0,,False,,5.225,0.44,32840,747cf3235dd5e9f4c2a300b542b914a4fa5bc8fcb4c72e4c87b983115cc15048,7027.775,7027.1,4965,exact-open-set-id-v2,1788473754940724640,127,127,2049,16464,ac4838b8bf964a239b257bdd789b3bcc0f07d92214a0c348701a271bf8b00476,5.56,
245,primary_test_impostor,740,1664,primary_test_impostor,0,140,100,1088,0,False,,0,False,,0,,False,,4.802,0.41,32840,7f4c52beea89f330fd05933a79a8c82f55ea178c31c4043b75e1edf3896edcca,6896.871,6896.1,4965,exact-open-set-id-v2,1788473754940724640,127,127,2049,16464,7c5241f682b4497f53be983c6bc6b4af22302eeca8f2f71dd09f70fb236c2216,5.356,
246,primary_test_impostor,741,1665,primary_test_impostor,0,243,51,1043,0,False,,0,False,,0,,False,,5.02,0.39,32840,5bbe6731fc1dc05e75fdd3cf489cb3da0b53d0d31f9c07b567364d451bc73b9f,7095.713,7095.1,4965,exact-open-set-id-v2,1788473754940724640,127,127,2049,16464,1ca050ad343b74ee3f22328666f783e181f2a2058f15a7f1c58eac239e5167bb,5.519,
247,primary_test_impostor,742,1666,primary_test_impostor,0,200,113,11,0,False,,0,False,,0,,False,,4.843,0.43,32840,3d2843924c1c0879ae69a4bc98127617e1ef0a59df1e6bd8e27869f9fb06537e,6860.441,6859.8,4965,exact-open-set-id-v2,1788473754940724640,127,127,2049,16464,9190747b7755b36a048489057a533124522ef21f9172d47cf3d2b7c26c822083,5.866,
248,primary_test_impostor,743,1667,primary_test_impostor,0,134,80,107,0,False,,0,False,,0,,False,,4.344,0.42,32840,9a15b6986ed300934180d416b444f09f70fc5c08caf32b56ef31d263f46136cc,6758.197,6757.6,4965,exact-open-set-id-v2,1788473754940724640,127,127,2049,16464,77eacdf6b144163774d64f46fbaf241171ac44ea7f9c16c0e2252c1c809d4b9a,5.556,
249,primary_test_impostor,744,1668,primary_test_impostor,0,221,40,1033,0,False,,0,False,,0,,False,,4.319,0.39,32840,d660902b40fb70150899d1437dfb9b9b2989708b3aa51608fcd90dfba645a612,7211.363,7210.7,4965,exact-open-set-id-v2,1788473754940724640,127,127,2049,16464,dc8bc431647a4c6d15927047611fd9a5f67373af120b5d1e5663cc16d3c90d08,4.998,
250,primary_test_impostor,745,1669,primary_test_impostor,0,136,62,1053,0,False,,0,False,,0,,False,,5.643,0.55,32840,81644b7e09e3478d01a357e9733af57c35332d7decb9fbc15ed29421c4dc33dd,7068.927,7068.3,4965,exact-open-set-id-v2,1788473754940724640,127,127,2049,16464,01a5b8cd63de9956a68b0f7ff39085b86cec7366907ca848024dd741e09e3baa,5.168,
251,primary_test_impostor,746,167,primary_test_impostor,0,143,86,1075,0,False,,0,False,,0,,False,,4.935,0.41,32840,b43182b502565e9b1a184fe8ef169181312d9e74da4e43c61526b0ac1894865a,6873.642,6873.0,4965,exact-open-set-id-v2,1788473754940724640,127,127,2049,16464,42d19ec4d0779ee67badc6647c252150b838f50ed07fcf7d37e4b060996f8f5f,6.197,
252,primary_test_impostor,747,1670,primary_test_impostor,0,44,102,109,0,False,,0,False,,0,,False,,5.666,0.4,32840,8b95cbf0ac03c07fa4099f7c7ddedd2b74b66ef82c4f90cbf1fc9d177f7b1409,6972.979,6972.4,4965,exact-open-set-id-v2,1788473754940724640,127,127,2049,16464,649dd41e372dd7b0e08a1dea11ec9df874b58dee1349fabd8e2eac841b6dd348,5.285,
253,primary_test_impostor,748,1671,primary_test_impostor,0,108,4,1000,0,False,,0,False,,0,,False,,5.447,0.48,32840,4743867bbf71dc09e57b7c6b521db165fd21e79e62e122e05880899e701ee867,6703.253,6702.6,4965,exact-open-set-id-v2,1788473754940724640,127,127,2049,16464,71f116f49587b21ee6383563544bfae4b443138e72ae4f2dc82d2c5d601117ec,5.625,
254,primary_test_impostor,749,1672,primary_test_impostor,0,122,2,10,0,False,,0,False,,0,,False,,5.506,0.41,32840,e1b664c5616c6d0334b581a51ea0ee5beaaad8c55b9ddf0ad973445d9b4a7c21,6819.843,6819.2,4965,exact-open-set-id-v2,1788473754940724640,127,127,2049,16464,a5fbc55edab530b1a766ad6cc18fd2ecc48d3811858ef19dc7887b1dc743ad50,5.165,
255,primary_test_impostor,750,1673,primary_test_impostor,0,284,97,1085,0,False,,0,False,,0,,False,,5.538,0.45,32840,eabc8e0c4d09966b971d29c402949b48fb16da0cdd88642ebe05f8cec624bc72,6840.567,6839.9,4965,exact-open-set-id-v2,1788473754940724640,127,127,2049,16464,e10359c06a9c960b556e37360dbe1354805112524f3d49a0cc6b938444c05d07,5.104,
256,primary_test_impostor,751,1674,primary_test_impostor,0,150,117,1102,0,False,,0,False,,0,,False,,5.151,0.45,32840,3c208258e5890026ab1f1906f416ceb9b4f5cbfb167c4041cd1f664c16ab0266,6716.775,6716.0,4965,exact-open-set-id-v2,1788473754940724640,127,127,2049,16464,95152a599c1b04add92863b9aaa5ff5d0847f0895a2aceeceeea4df26f886607,5.476,
257,primary_test_impostor,752,1675,primary_test_impostor,0,65,34,1028,0,False,,0,False,,0,,False,,6.317,0.39,32840,74cabce93e13bfb99bb3f82e1aca7ea8b1ee7baf5fe7e4db3a04f6f6fa899f50,6800.364,6799.7,4965,exact-open-set-id-v2,1788473754940724640,127,127,2049,16464,3fc26b35fd3be86165382f565c67a2f0664c73e79c8d20910902000246d55560,4.999,
258,primary_test_impostor,753,1676,primary_test_impostor,0,222,2,10,0,False,,0,False,,0,,False,,4.477,0.41,32840,03f6254581976aecf80e6470178ec6d51bb937d7ee93ab40e69d83266f54f22c,6959.442,6958.8,4965,exact-open-set-id-v2,1788473754940724640,127,127,2049,16464,47b40d45b0370858b2e03c735ed4d556756fd601bff8b7ce9af3b57af8a9337a,7.635,
259,primary_test_impostor,754,1677,primary_test_impostor,0,222,21,1016,0,False,,0,False,,0,,False,,5.975,0.49,32840,ae956c3ff01429a985ec8932ebcdb4638138a4888549c76a5804b6224c7a2975,6724.917,6724.3,4965,exact-open-set-id-v2,1788473754940724640,127,127,2049,16464,d64c29aa147487893c25c74c3831f04426e0549b6c64c11f04ac4e0d393b0f1f,5.009,
260,primary_test_impostor,755,1678,primary_test_impostor,0,152,27,1021,0,False,,0,False,,0,,False,,4.845,0.41,32840,3edef2a03b18accafcb7ac41e6d5e3ece6fd9694f7e7e4684c713dcb7e9e54c7,6817.204,6816.6,4965,exact-open-set-id-v2,1788473754940724640,127,127,2049,16464,e7c39300a964e9fa39a9de2c6759fb783e711fc370eacd05de5a64aa7dfaaacf,5.316,
261,primary_test_impostor,756,1679,primary_test_impostor,0,239,9,1005,0,False,,0,False,,0,,False,,4.656,0.39,32840,740923c6dc4fab3099edf5ec588c6361f703056a2f1086329a3629edd631e01a,6889.404,6888.7,4965,exact-open-set-id-v2,1788473754940724640,127,127,2049,16464,54531f58168485f628952128a3949f4a40342889d0b7b7eb8121b5da8bd9af8f,5.983,
262,primary_test_impostor,757,168,primary_test_impostor,0,253,24,1019,0,False,,0,False,,0,,False,,5.568,0.43,32840,44dbab991474d2e1551194b6fe38532bc1ebc5e1a03bb26840a5de27aa421a8e,6880.257,6879.5,4965,exact-open-set-id-v2,1788473754940724640,127,127,2049,16464,b1310654d7a3dbcc7da4399d8394742cba9183c75510716c6baf94429d63b9c9,8.896,
263,primary_test_impostor,758,1680,primary_test_impostor,0,3,45,1038,1,True,45,46,True,45,46,digiface-45-1038,False,,5.762,0.41,32840,8b8ee473c52174f48848732feee2c80a9a89dd05f383d873fdc8b92ba7fbf8e9,6888.633,6887.6,4965,exact-open-set-id-v2,1788473754940724640,127,127,2049,16464,a0b43248f6fcc4da495cf9c57d846646b2796cbdb29cd09ee2fa62ecaedd2a8c,4.947,
264,primary_test_impostor,759,1681,primary_test_impostor,0,189,19,1014,0,False,,0,False,,0,,False,,4.553,0.39,32840,da5d08c44de38ce357756e9cc90609c0b3d9e740c9da62dcba6c7e93d0493570,6771.675,6771.1,4965,exact-open-set-id-v2,1788473754940724640,127,127,2049,16464,d68e65e8e83cf09a9a0e1621da325de9bb35a34f2f11ef6265dcf62df8e03f26,5.079,
265,primary_test_impostor,760,1682,primary_test_impostor,0,205,88,1077,0,False,,0,False,,0,,False,,4.669,0.43,32840,04baba5a60c42000cfea6455a4a7588957a6cf961c42d11e4fcb916035a2da30,6871.128,6870.5,4965,exact-open-set-id-v2,1788473754940724640,127,127,2049,16464,e8a781f33959954c56c49b2916cdaa4fc5383254b3e4f778e5a7ec0f2ca8680c,4.842,
266,primary_test_impostor,761,1683,primary_test_impostor,0,223,108,1095,0,False,,0,False,,0,,False,,3.93,0.38,32840,823c1759a45d0965eb46355b456845c17fb46444864aa630dc84e2032e43ece3,6759.598,6759.0,4965,exact-open-set-id-v2,1788473754940724640,127,127,2049,16464,6b85762569bd750685baa763a8c0517a0fc4ed7ce5eaeaf54b110b1d40ab9628,7.011,
267,primary_test_impostor,762,1684,primary_test_impostor,0,181,24,1019,0,False,,0,False,,0,,False,,5.258,0.44,32840,cb75bba26df367697bc834d09f1a43e21055aabcfb1d71689f15e92013b924a4,6723.316,6722.4,4965,exact-open-set-id-v2,1788473754940724640,127,127,2049,16464,841e0ee0727eda3d0e7f81fc2383619354916409feb7dd8345c51ebb76d7e70e,4.952,
268,primary_test_impostor,763,1685,primary_test_impostor,0,183,116,1101,0,False,,0,False,,0,,False,,4.519,0.41,32840,4e306d645e03a7d4982169e999d98a37c5eefe5431a4bf53b1df582abe9d9d08,6724.639,6724.0,4965,exact-open-set-id-v2,1788473754940724640,127,127,2049,16464,3da5f7f1a99f7680c813ced2f60373df3d86d4f66929cb6a377eaa12df594f41,4.994,
269,primary_test_impostor,764,1686,primary_test_impostor,0,127,68,1059,0,False,,0,False,,0,,False,,4.482,0.4,32840,a1d518102f8fbc9765e6955fc29b80280f25b142ca660d3f2490f071373cb15e,6974.076,6973.4,4965,exact-open-set-id-v2,1788473754940724640,127,127,2049,16464,14b8abf533e9e525225caf356ba5b0640636f8b925571cc014437ea110936206,7.385,
270,primary_test_impostor,765,1687,primary_test_impostor,0,89,81,1070,0,False,,0,False,,0,,False,,5.836,0.42,32840,7bde790950aae1c44a29de873a2c1b3ff8af598b030436c0de437f5208cecab9,6835.664,6835.0,4965,exact-open-set-id-v2,1788473754940724640,127,127,2049,16464,7b4a7f284a5288f69b3c9bc9fab8b082a39136362ce7dc57c57892ed0e51f2e6,5.195,
271,primary_test_impostor,766,1688,primary_test_impostor,0,177,32,1026,0,False,,0,False,,0,,False,,5.568,0.45,32840,dedfb151c6366cb4118b3773ff846bcdb61626f034e46cdf8e23185285f4eaff,6828.555,6827.9,4965,exact-open-set-id-v2,1788473754940724640,127,127,2049,16464,5f4a6a27d359c9a656ca8aea02cce75dd758390301613f9addf85ccfd2cb84d7,5.435,
272,primary_test_impostor,767,1689,primary_test_impostor,0,119,81,1070,0,False,,0,False,,0,,False,,4.554,0.41,32840,a943bcba3a7db7da56e86d2fe45c5c157b4cfffcf4ff489af264b895fa7bc708,6996.244,6995.5,4965,exact-open-set-id-v2,1788473754940724640,127,127,2049,16464,fb7b7fa0e3a13adff717645e5a774a8082fa049c59ade270beedc7c683812b5f,5.517,
273,primary_test_impostor,768,169,primary_test_impostor,0,47,65,1056,0,False,,0,False,,0,,False,,5.608,0.44,32840,6d21d8d45679852900ca5571cb67910408d14945bb64e8d1471033305e15798d,7169.646,7169.0,4965,exact-open-set-id-v2,1788473754940724640,127,127,2049,16464,87402479fe40e10d017974fe587364bf0f1eeea3f06b9f27d5b48460439819b2,5.567,
274,primary_test_impostor,769,1690,primary_test_impostor,0,186,3,100,0,False,,0,False,,0,,False,,5.033,0.42,32840,fd71778599e1bc3b00a46f8fc9332f727e2e4fc5886c66317a403e14289ed4a0,6961.795,6961.2,4965,exact-open-set-id-v2,1788473754940724640,127,127,2049,16464,5bb20be9c289d578e9b718369bdb5b178ee1c92ee909ef6376844d292e2c61cc,5.538,
275,primary_test_impostor,770,1691,primary_test_impostor,0,217,51,1043,0,False,,0,False,,0,,False,,4.416,0.38,32840,4e0b79cf7d03af41efea9d515e949bc6ed12e92116128d9ada39660b1cb5573b,7529.46,7528.1,4965,exact-open-set-id-v2,1788473754940724640,127,127,2049,16464,06a3b4056cbcae5cb9bcde482406dbd6a6a54307934546b9868bcdddfdc81cbc,6.143,
276,primary_test_impostor,771,1692,primary_test_impostor,0,154,61,1052,0,False,,0,False,,0,,False,,7.769,0.43,32840,b8841b7a8c9e9fef384a0940511b9dd519886d29522e2e782b74d9aafc785e9e,7379.666,7378.7,4965,exact-open-set-id-v2,1788473754940724640,127,127,2049,16464,cf563e72b17dd9f55213cf3ed21aa8020dd0e569e1978be3f3ad7d330146ac46,5.521,
277,primary_test_impostor,772,1693,primary_test_impostor,0,252,125,111,0,False,,0,False,,0,,False,,4.818,0.41,32840,4098e42b84a2f6be674ca94f13dbf24df156f5ff6bee28dc57b70c6ff2496954,7152.248,7151.5,4965,exact-open-set-id-v2,1788473754940724640,127,127,2049,16464,67222f65751a142ee1b50a4871d6f769a6c6fe4fd79b4a3ef8a9c2b540ee4767,6.834,
278,primary_test_impostor,773,1694,primary_test_impostor,0,254,2,10,0,False,,0,False,,0,,False,,6.22,0.42,32840,6c85d38cc2b075ab4516d371cc38df3340e7652d931d9ac4b8c977e67bec1477,7241.378,7240.7,4965,exact-open-set-id-v2,1788473754940724640,127,127,2049,16464,d02b9b97371e9ddc840bde7d0db08e6cf82a98a4e6a3cf52af2ce548c67f9b69,4.872,
279,primary_test_impostor,774,1695,primary_test_impostor,0,173,81,1070,0,False,,0,False,,0,,False,,5.079,0.42,32840,6f688380ae63a39f610a2403cba3bf11302eac5fc5aeeb1a531350e8df7c27f5,7095.944,7095.2,4965,exact-open-set-id-v2,1788473754940724640,127,127,2049,16464,3ca6bc1ba59a2d42fac87f73cb7b63eae3c2166fa4749a35d461ab8db626d927,5.349,
280,primary_test_impostor,775,1696,primary_test_impostor,0,208,70,1060,0,False,,0,False,,0,,False,,5.307,0.43,32840,7d44fa53f0e94164a37d69cc971d217d19876a6dde54d958915087c382295323,7056.574,7056.0,4965,exact-open-set-id-v2,1788473754940724640,127,127,2049,16464,aee2eb7ab6bd9b9001fa9e71503185086d16ad9264aa2b046572dde767d36d7a,5.284,
281,primary_test_impostor,776,1697,primary_test_impostor,0,254,85,1074,0,False,,0,False,,0,,False,,5.225,0.54,32840,1c78b8623cd35394e321263727d0a4404fe1764790d1cb296be9908cfc9778dd,7135.455,7134.8,4965,exact-open-set-id-v2,1788473754940724640,127,127,2049,16464,df4566950596254e38f2d1b72e4e31dcbdac2fb5b7ca1b37c0b45149273bdce3,5.128,
282,primary_test_impostor,777,1698,primary_test_impostor,0,146,46,1039,0,False,,0,False,,0,,False,,5.4,0.43,32840,72099474af8f915ae7c8e8147da442c881494b00c103caa857407021aa6059e2,7061.101,7060.5,4965,exact-open-set-id-v2,1788473754940724640,127,127,2049,16464,fc5894e5d214643de93c18808fe142c50876ef88cb6cf6bc620b5d46cb3bddbc,5.467,
283,primary_test_impostor,778,1699,primary_test_impostor,0,212,100,1088,0,False,,0,False,,0,,False,,6.725,0.49,32840,288e967be70ec888db08b39eb874edceec265b0749d5de2de2cd8eab8ccd2f0d,6969.895,6969.2,4965,exact-open-set-id-v2,1788473754940724640,127,127,2049,16464,c5f622dee1d8753a13655695dedb0d3e213c8875b4ad2363b0ab29d6192a39e6,5.373,
284,primary_test_impostor,779,17,primary_test_impostor,0,281,29,1023,0,False,,0,False,,0,,False,,5.767,0.44,32840,61fadb1315eafacee0bcc930efec755640c5b9b955707480f66a2fe339d6a8f0,7089.972,7089.2,4965,exact-open-set-id-v2,1788473754940724640,127,127,2049,16464,58f8512fabf1bec01357d4428905af8407ec3e4096ca8e5f410787ff6a5874f1,5.447,
285,primary_test_impostor,780,170,primary_test_impostor,0,178,20,1015,0,False,,0,False,,0,,False,,5.278,0.45,32840,b31b97e1e8fc2a8a67ae14e986994f04c59f93a878c6201e74f75e371e488927,7103.374,7102.5,4965,exact-open-set-id-v2,1788473754940724640,127,127,2049,16464,cc8b7dee0a6199ed4417b30143198a766bcf544bd874d7d50628e67f5f6e460e,5.22,
286,primary_test_impostor,781,1700,primary_test_impostor,0,198,3,100,0,False,,0,False,,0,,False,,5.162,0.42,32840,ebbd5b31246de8023c5645eaeaab988384f9d9c2cc0c44e74a07b928754b69ff,6856.612,6856.0,4965,exact-open-set-id-v2,1788473754940724640,127,127,2049,16464,1d03cccc6e8c1651f6fe73ef7a4a1a9d4027bd3c30a6646a076f762b89bc8870,5.189,
287,primary_test_impostor,782,1701,primary_test_impostor,0,44,100,1088,0,False,,0,False,,0,,False,,4.723,0.41,32840,a91c5909a2887f161229a872609a46c8d2cf4c9f8064c67bbdc97eba1fdfac97,6862.617,6862.1,4965,exact-open-set-id-v2,1788473754940724640,127,127,2049,16464,24d2e5f59b53f404001b903fa55318b892dafb436e2a59a15e11df440945a076,5.343,
288,primary_test_impostor,783,1702,primary_test_impostor,0,82,23,1018,0,False,,0,False,,0,,False,,5.437,0.42,32840,55b7496435c612051c4c3725156ec9353a4aaf8820320ddd6eec7134b9697245,7000.203,6999.5,4965,exact-open-set-id-v2,1788473754940724640,127,127,2049,16464,5e6ea09a037c8983838c583f6b27f6241aedf3a3c673101ce3dc319dfaa84129,6.134,
289,primary_test_impostor,784,1703,primary_test_impostor,0,165,74,1064,0,False,,0,False,,0,,False,,5.349,0.42,32840,ee5658cd47b86b9e1edcec750c76e91cda0db688f828d346c0d1cea2787d1ac4,6908.488,6907.8,4965,exact-open-set-id-v2,1788473754940724640,127,127,2049,16464,2cba0b723266489a1e08dfac47b47c1bcd6fb9c66fe9d725afc39b1fe9c4401b,5.711,
290,primary_test_impostor,785,1704,primary_test_impostor,0,155,58,105,0,False,,0,False,,0,,False,,5.381,0.42,32840,b5c06eeaec1216d90af7b364cb6e9630cc2bb43fcbaa50945024f62e0475b082,6834.445,6833.8,4965,exact-open-set-id-v2,1788473754940724640,127,127,2049,16464,1c13299180789f7e33477355b1024a60b04570fddc6663a87373e9b20583156a,4.955,
291,primary_test_impostor,786,1705,primary_test_impostor,0,170,7,1003,0,False,,0,False,,0,,False,,5.144,0.42,32840,6902a1758fd618fc25fefe7e915987a5c60b058f886f7824f4d122fe7df526b0,6818.078,6817.4,4965,exact-open-set-id-v2,1788473754940724640,127,127,2049,16464,941cce6a0732a4cc71d8c40b5e343a185f33633098e98433f9d054ef437ee689,6.733,
292,primary_test_impostor,787,1706,primary_test_impostor,0,187,64,1055,0,False,,0,False,,0,,False,,5.654,0.44,32840,26f1758529a0d0aa01459d1553ec8bcfac7611d3d911182662205be3feeb1691,7101.568,7100.9,4965,exact-open-set-id-v2,1788473754940724640,127,127,2049,16464,4c95cf4b6e14fc7bd4f6d98a08787ce5b15be34fb1cc98040529f6b09c837790,5.07,
293,primary_test_impostor,788,1707,primary_test_impostor,0,68,99,1087,0,False,,0,False,,0,,False,,4.357,0.39,32840,2891d8b8cf2fcdc69212610a1b51bbcf931b4eedf7798da7bb41bf238771cd0f,6916.962,6916.3,4965,exact-open-set-id-v2,1788473754940724640,127,127,2049,16464,e7a2bea4de7d386aa18287654fe7bef6a73a32fd71a04ee09d0fc0a342253999,6.003,
294,primary_test_impostor,789,1708,primary_test_impostor,0,151,114,110,0,False,,0,False,,0,,False,,4.727,0.42,32840,bbbc368a1c88e814bb47b3fb405b17f05a18ddaebd9e54122a4a69821e384222,6943.139,6942.5,4965,exact-open-set-id-v2,1788473754940724640,127,127,2049,16464,24a540ea4a07f0e2562063f4983c5acc067963d09022c54bfef1846ac8d1cb1d,4.78,
295,primary_test_impostor,790,1709,primary_test_impostor,0,172,23,1018,0,False,,0,False,,0,,False,,4.543,0.37,32840,2ace0f5b3a998366e8497c99feee5c98feb8d87f081173fa873cbb3a786efefa,6864.558,6864.0,4965,exact-open-set-id-v2,1788473754940724640,127,127,2049,16464,87b2c4a78dc0347c9fac60c4645bffb3dd338c01b994cbceaab82fedc6080c31,5.629,
296,primary_test_impostor,791,171,primary_test_impostor,0,159,63,1054,0,False,,0,False,,0,,False,,5.419,0.45,32840,d91589aa3f2644daf373fefcbc2e333acebd1ea128a43a74e21c32ccb12aa967,6856.457,6855.8,4965,exact-open-set-id-v2,1788473754940724640,127,127,2049,16464,b736998bf8bdf449532bbdb8ab783373217ca3335b057268e85ba62c88fc7294,7.29,
297,primary_test_impostor,792,1710,primary_test_impostor,0,89,111,1098,0,False,,0,False,,0,,False,,5.37,0.46,32840,504a3e4013ffa68d0bff519ef4b0f11c15012c3d59cf917e57ea61cf2e276c0e,6902.177,6901.4,4965,exact-open-set-id-v2,1788473754940724640,127,127,2049,16464,46ba221c77a9cce22611405d6dcc9c44e29335df3eaf8f7e484464451a44b8bb,5.541,
298,primary_test_impostor,793,1711,primary_test_impostor,0,255,86,1075,0,False,,0,False,,0,,False,,4.669,0.4,32840,71104583d084104732c6662fbaa8e301bc9a34698404f7b1c73b4c6d9ba01838,6835.816,6835.2,4965,exact-open-set-id-v2,1788473754940724640,127,127,2049,16464,9d436fb7788c91b763d1d73f21084c084c5cbd585506726297f15119efa384fe,5.653,
299,primary_test_impostor,794,1712,primary_test_impostor,0,288,18,1013,0,False,,0,False,,0,,False,,6.48,0.62,32840,ec628345d87c6f42712416294a087480d8e492d94e73642379b84eadde937b9b,6870.966,6870.4,4965,exact-open-set-id-v2,1788473754940724640,127,127,2049,16464,b69ef426897216ed6a4fcffe6cc760a664a173e6736b4f90bf7a51b61c9a9b8d,6.574,
300,primary_test_impostor,795,1713,primary_test_impostor,0,322,61,1052,0,False,,0,False,,0,,False,,5.346,0.45,32840,790e740c658e9645cd58b5a5f632c5686bf494239803f0793879c6f991c64850,6980.708,6980.1,4965,exact-open-set-id-v2,1788473754940724640,127,127,2049,16464,7266c8772cb65c1581a187fe9c32373c5033a2a0964c3083cd0533f6e0f83187,6.23,
301,primary_test_impostor,796,1714,primary_test_impostor,0,60,33,1027,0,False,,0,False,,0,,False,,4.397,0.38,32840,c9945a995d786a8a44a4a3bed19ade67257f0330f66cb697a2569898f062bd74,6882.171,6881.6,4965,exact-open-set-id-v2,1788473754940724640,127,127,2049,16464,6e2a30b9f98ca75004be664a596402955a5eff3f22d46eaf33d8ade76e72c49e,5.558,
302,primary_test_impostor,797,1715,primary_test_impostor,0,68,3,100,0,False,,0,False,,0,,False,,5.193,0.43,32840,f2a7305c29b4b9c37317c12b3f3bbc5cf552d9a5d167adde270f17e089499b86,6904.198,6903.6,4965,exact-open-set-id-v2,1788473754940724640,127,127,2049,16464,8e5b0d48113613bc1aa234b40ff058a39ab6013c6a9be1e2a4030aa6e961e4ba,5.17,
303,primary_test_impostor,798,1716,primary_test_impostor,0,211,95,1083,0,False,,0,False,,0,,False,,4.841,0.45,32840,be06b2c5b79d6795d1e073d860c773817c0aee5b19fbe1fb13e6c23830aba8f2,6870.558,6869.9,4965,exact-open-set-id-v2,1788473754940724640,127,127,2049,16464,a32e4cd933ccd699180e1658410edb6563eaf7c514341904929a4cda8bc3b6f2,7.22,
304,primary_test_impostor,799,1717,primary_test_impostor,0,243,82,1071,0,False,,0,False,,0,,False,,5.764,0.43,32840,f7fd6697244d204c62a7c3853cffe6de23723e439f15fd915c8c34b54e054d85,6884.378,6883.7,4965,exact-open-set-id-v2,1788473754940724640,127,127,2049,16464,66f37f0f15160da3a081cf19e8d512111512d7dda9a3bb7ca18ce6bfc7c63c18,6.495,
305,primary_test_impostor,800,1718,primary_test_impostor,0,208,2,10,0,False,,0,False,,0,,False,,5.471,0.46,32840,a1c1f233ad47ae1f4658d3551b7200de84d92793c4e1f3ac79233721da198eb7,6899.355,6898.7,4965,exact-open-set-id-v2,1788473754940724640,127,127,2049,16464,5bc2e9dc9fa50327c2b650da8848c84a66d931973ee0b6dccdbdd78a42d78048,6.919,
306,primary_test_impostor,801,1719,primary_test_impostor,0,159,59,1050,0,False,,0,False,,0,,False,,5.9,0.46,32840,1045cb5caf6712531cec9cf0e49528230fe404a6eebe8b770adbe26f113555d3,6997.49,6996.8,4965,exact-open-set-id-v2,1788473754940724640,127,127,2049,16464,2ef6f5ef32683cec67cdf4cc7a2cad9bc81fe2413d33688b26b15db44e5f3b11,5.41,
307,primary_test_impostor,802,172,primary_test_impostor,0,237,29,1023,0,False,,0,False,,0,,False,,6.13,0.46,32840,ff386832594d5daf166353cc5fe6e10fa3e02ec18e2a3bde964cbf358fe50857,6900.957,6900.3,4965,exact-open-set-id-v2,1788473754940724640,127,127,2049,16464,b63cb3601b97e40b12e31d9523314acfdeb12ad7acbd382fa87dab754c173f83,5.506,
308,primary_test_impostor,803,1720,primary_test_impostor,0,248,17,1012,0,False,,0,False,,0,,False,,5.793,0.45,32840,3e2ce00a22f30fa7ff4768b3b123a4bc0c16730a1553d6bf76d6e7b0f9695c02,6908.718,6908.1,4965,exact-open-set-id-v2,1788473754940724640,127,127,2049,16464,9c85ac463db5d09e88ff6c3fc4352e9f497e13c9e5b1a948b9ad31d6e46eb811,5.052,
309,primary_test_impostor,804,1721,primary_test_impostor,0,170,62,1053,0,False,,0,False,,0,,False,,5.725,0.46,32840,6670b04e1657332ffa01ccc559bf8731de33dd0da4562251bcaf6721ec2946de,7142.031,7141.3,4965,exact-open-set-id-v2,1788473754940724640,127,127,2049,16464,cae184ea0136a51ac47e5b041cab0b2ffd9e222897350e6a0816175598453cd7,6.219,
310,primary_test_impostor,805,1722,primary_test_impostor,0,232,119,1104,0,False,,0,False,,0,,False,,6.155,0.46,32840,ca204250fc5d00c51dd189e17d148de05c01d1c4d43f7509caa81fcf59b7b1f2,7233.757,7233.0,4965,exact-open-set-id-v2,1788473754940724640,127,127,2049,16464,83c917853d4b2d49e37d40141479f9a792bc7b2055db362b57b65b912d75b266,5.667,
311,primary_test_impostor,806,1723,primary_test_impostor,0,101,32,1026,0,False,,0,False,,0,,False,,5.675,0.45,32840,4f22c611451cca682ee31950bbdaf0c08f4b8995b2348af60ed72663652e1f7a,7270.656,7270.0,4965,exact-open-set-id-v2,1788473754940724640,127,127,2049,16464,5166d36698394d98c10e70e760a434f4bda99bcca8fb71794f3cec952f1a4d53,4.998,
312,primary_test_impostor,807,1724,primary_test_impostor,0,176,6,1002,0,False,,0,False,,0,,False,,4.793,0.43,32840,df744213b407d7a1987ce03b73ac1c2c4df011d0c2487965fa69f1cbc1548f2b,7275.361,7274.7,4965,exact-open-set-id-v2,1788473754940724640,127,127,2049,16464,e63ce4f700614e2061c12dffe07192eb94c4d87c84e7db6419507803cdd29520,5.418,
313,primary_test_impostor,808,1725,primary_test_impostor,0,204,85,1074,0,False,,0,False,,0,,False,,5.717,0.44,32840,dfbebb3414f45dd1fe44e7376c65365c7fb9a00e73fbe4250b2f112e269e5969,7159.112,7158.5,4965,exact-open-set-id-v2,1788473754940724640,127,127,2049,16464,e78944127842b90f8c9203bc46190098b41a299f811a1335882105de6c4b1da6,4.989,
314,primary_test_impostor,809,1726,primary_test_impostor,0,36,54,1046,0,False,,0,False,,0,,False,,4.873,0.41,32840,9ea71dff0a2dcc2d065cbfa410da9dfa86a98dca7949bee3de72dfbec236f1a1,6950.685,6950.0,4965,exact-open-set-id-v2,1788473754940724640,127,127,2049,16464,be0e92d7d31cde6bf7884a9610208abc07aeca4f0a7efd28636cf00f02b41de3,4.913,
315,primary_test_impostor,810,1727,primary_test_impostor,0,245,120,1105,0,False,,0,False,,0,,False,,4.743,0.43,32840,f1672806050b0be485dfd8d7f0768724fc72901574752d2600fa61a61745c2e6,7208.869,7208.2,4965,exact-open-set-id-v2,1788473754940724640,127,127,2049,16464,90cad4b94cb92779c32ae2cff8156620b6954e27e0cbd9042102303fb224c768,5.302,
316,primary_test_impostor,811,1728,primary_test_impostor,0,78,99,1087,0,False,,0,False,,0,,False,,6.077,0.5,32840,1a6ffb74b5dc2c1c38b0cfa117e801c1520c7e7dd650c3b905d1253c4f790787,6953.066,6952.4,4965,exact-open-set-id-v2,1788473754940724640,127,127,2049,16464,51f62c280cd13b8cef96808fc2b9f5a5a82843b3d26a9ce58cb744b0f2c41055,5.382,
317,primary_test_impostor,812,1729,primary_test_impostor,0,211,120,1105,0,False,,0,False,,0,,False,,4.34,0.39,32840,ffa1225e09299ab02521a18219a860ba175d328abbd9f179a07a3206360c8294,6934.229,6933.7,4965,exact-open-set-id-v2,1788473754940724640,127,127,2049,16464,e6a16557d96b16dcafb4d0ecdd402e4853d4803cd4378c8dda32e6c5391ec3bc,5.015,
318,primary_test_impostor,813,173,primary_test_impostor,0,123,53,1045,0,False,,0,False,,0,,False,,4.641,0.41,32840,0d38bb812a57a558465e77dd79f64502c4fae32a966752033f68af4a6a9bb8ca,7121.291,7120.7,4965,exact-open-set-id-v2,1788473754940724640,127,127,2049,16464,b4ace7f99e61ed3f5ae36b36aeb3f6ea53fe2a2c259fc95c2a3da8242cafd3fc,5.191,
319,primary_test_impostor,814,1730,primary_test_impostor,0,226,3,100,0,False,,0,False,,0,,False,,4.897,0.42,32840,419ab0dd644761c6348f0492d8212af5f1c16f6d8fa5b474c9600ecf8dcbd0bb,6928.42,6927.8,4965,exact-open-set-id-v2,1788473754940724640,127,127,2049,16464,62f586eb0bbccea633046047fcc49533b6f918a05d2aa83ab85eb6b58f2cc369,4.63,
320,primary_test_impostor,815,1731,primary_test_impostor,0,238,119,1104,0,False,,0,False,,0,,False,,4.697,0.4,32840,213398e637296f37400fccdc38041659e1d49c0e010c349b689646ec0764ec71,6931.868,6931.3,4965,exact-open-set-id-v2,1788473754940724640,127,127,2049,16464,93ea4def599324735df38118016995188c20b40c3f845189dd0349d982d1acb8,4.857,
321,primary_test_impostor,816,1732,primary_test_impostor,0,229,120,1105,0,False,,0,False,,0,,False,,4.503,0.41,32840,b8210f1d378b8c27c2ee103651ec2e792bb98769738a7739d495e9f49419f390,6946.17,6945.3,4965,exact-open-set-id-v2,1788473754940724640,127,127,2049,16464,e593bf3fe25e9376e9af5cfb30a0db2d9b077c896d9ff4088fab80abc55b2f5b,5.282,
322,primary_test_impostor,817,1733,primary_test_impostor,0,208,119,1104,0,False,,0,False,,0,,False,,5.031,0.4,32840,36abc249dc5c9d492ac834953b38de7ddc2c3b92182ecf47564dda2c9c7c917f,6924.975,6924.3,4965,exact-open-set-id-v2,1788473754940724640,127,127,2049,16464,8956e061b772110c554e35c0536ad12494453008a1f4d4e29108e65fa7343a2c,5.075,
323,primary_test_impostor,818,1734,primary_test_impostor,0,90,102,109,0,False,,0,False,,0,,False,,4.348,0.39,32840,914676af4637021de98259d27b639e515eea2af8697039ab593984a96603c5eb,6966.646,6965.9,4965,exact-open-set-id-v2,1788473754940724640,127,127,2049,16464,558f15d782a5d9508c7b7d3116acd7aa3c78ad5db9abc4026d8bc462c4dd903b,5.2,
324,primary_test_impostor,819,1735,primary_test_impostor,0,168,21,1016,0,False,,0,False,,0,,False,,5.053,0.39,32840,75d647601d383af1be70b9683775438b165860cc33b8bdc96824857e34f54d6b,6911.07,6910.4,4965,exact-open-set-id-v2,1788473754940724640,127,127,2049,16464,9c1cf738c2260ce119ac9f4ce0b6086d7b57c1fe32920f13f378f6776a666bca,5.296,
325,primary_test_impostor,820,1736,primary_test_impostor,0,80,80,107,0,False,,0,False,,0,,False,,5.028,0.4,32840,c09ff68b17a197f7e307aa36b6679a589b83f08feef743def72b2b0b442bf09e,6947.849,6947.3,4965,exact-open-set-id-v2,1788473754940724640,127,127,2049,16464,3db30044b5f9af8560e5ba4125dfcd49eeac8414b9586b31f9b498c1682d4e2b,4.688,
326,primary_test_impostor,821,1737,primary_test_impostor,0,183,19,1014,0,False,,0,False,,0,,False,,4.099,0.37,32840,cd7d5ea4a50c4c139867461c2197255f03deb7d433f70e94e4bf3783d2258e6a,6866.411,6865.7,4965,exact-open-set-id-v2,1788473754940724640,127,127,2049,16464,4dc8d023910fccc03f5791cdefb5c77503b4054ae90967b55e39bbce7e5d3413,6.752,
327,primary_test_impostor,822,1738,primary_test_impostor,0,267,24,1019,0,False,,0,False,,0,,False,,7.312,0.55,32840,6a8a6aaf980012ab48ec7f19eb538a305da549372ed72f14602b2649fe92b148,6997.588,6996.7,4965,exact-open-set-id-v2,1788473754940724640,127,127,2049,16464,ca116400c2f5f4aa9af93e44d1d797c5f38f80e16da3e30ed1b562c47742df59,5.032,
328,primary_test_impostor,823,1739,primary_test_impostor,0,110,3,100,0,False,,0,False,,0,,False,,4.443,0.36,32840,d37d8a83ed4d6f3bc6e65565eef1e678f4a9eb2db1910eba4fe95243b2b27fe2,6803.222,6802.7,4965,exact-open-set-id-v2,1788473754940724640,127,127,2049,16464,989d987d18cfea6de22fcea58de53993e76c2f5a57ea24d89b7ef628dc1af705,6.803,
329,primary_test_impostor,824,174,primary_test_impostor,0,179,64,1055,0,False,,0,False,,0,,False,,4.538,0.41,32840,23317ba688184fd745d355840c03cce48713f1f484241c859f8558516bca6b0e,6873.261,6872.7,4965,exact-open-set-id-v2,1788473754940724640,127,127,2049,16464,679e9d4ae73306a2f322cf2090fbacb1bb4fd60644811fbb239cadb6e0766f4c,5.204,
330,primary_test_impostor,825,1740,primary_test_impostor,0,141,76,1066,0,False,,0,False,,0,,False,,5.485,0.44,32840,405e09e8d30cc6110d7fe752cbe21a9bc0b006fbb1564dd2886b1a8cf33016b3,6810.879,6810.2,4965,exact-open-set-id-v2,1788473754940724640,127,127,2049,16464,2eecd19248cb49174a24c67c53b0955c42212e3f08d9f4bf447fd2a620e27c72,6.883,
331,primary_test_impostor,826,1741,primary_test_impostor,0,280,100,1088,0,False,,0,False,,0,,False,,4.181,0.38,32840,d73cf9d6bdee45662e5a3d91b7bf15e9d577768fbefcdd231355b3cca7fce7b4,6859.369,6858.7,4965,exact-open-set-id-v2,1788473754940724640,127,127,2049,16464,57693576d7524b70c86efd86072fd93eab7f7a82b122066fe98fc140ea024915,5.159,
332,primary_test_impostor,827,1742,primary_test_impostor,0,218,99,1087,0,False,,0,False,,0,,False,,5.039,0.41,32840,225e025a2dbe3079a3ffbae48c3b9a27e920f85f39bf6e4c5a0bdc928d2f8d70,7014.13,7013.5,4965,exact-open-set-id-v2,1788473754940724640,127,127,2049,16464,feb9df010f4735b2868f9db60a456f52ff98481395cd997dc10f9263a8d183e2,4.86,
333,primary_test_impostor,828,1743,primary_test_impostor,0,223,98,1086,0,False,,0,False,,0,,False,,4.886,0.41,32840,f6bbd2d863183f32c0edb248120281c7e7aa3757abc884bdbfe9409113e3207b,6937.46,6936.9,4965,exact-open-set-id-v2,1788473754940724640,127,127,2049,16464,dd54a34b85c3c1fe1a93a9c14edca5a2d279879cea0771749c12b6358f0899a1,5.137,
334,primary_test_impostor,829,1744,primary_test_impostor,0,120,93,1081,0,False,,0,False,,0,,False,,5.346,0.42,32840,257aadb40601616c2f9780373e56785391804437d5d4bfb0ca70c8b727d4fdcd,6977.666,6977.1,4965,exact-open-set-id-v2,1788473754940724640,127,127,2049,16464,fdd7f9fd908c6549f502091581079ab3271bee6c4deb369400e534053b807f12,5.045,
335,primary_test_impostor,830,1745,primary_test_impostor,0,240,122,1107,0,False,,0,False,,0,,False,,4.859,0.4,32840,0cb384d1f7cef1ad20e290d393c287548a650d685006267649e9ec5a197b645e,7049.043,7048.4,4965,exact-open-set-id-v2,1788473754940724640,127,127,2049,16464,876aba139765e693eb130733bb530954b4c794ad5a440acdf6122c6350509289,5.53,
336,primary_test_impostor,831,1746,primary_test_impostor,0,150,80,107,0,False,,0,False,,0,,False,,3.998,0.39,32840,f243aa92c39f7b9438a7036f16bbecad82eb22c66686690e9813b6e24f0d4241,6822.673,6822.1,4965,exact-open-set-id-v2,1788473754940724640,127,127,2049,16464,65f960b1312d0295682f0d6d7d42f62bd8ecd99441ceb41e2f5e26e99c4ca558,22.678,
337,primary_test_impostor,832,1747,primary_test_impostor,0,209,25,102,0,False,,0,False,,0,,False,,6.581,0.43,32840,e264ef444aad1478bf3ced50a8f0e40034eed6fa8e3d57b4a9158e7196020a09,7010.386,7009.6,4965,exact-open-set-id-v2,1788473754940724640,127,127,2049,16464,c263f8565e77ad55775d6576c218b9bbc2656de360f384753e4f2616fa6236ca,5.789,
338,primary_test_impostor,833,1748,primary_test_impostor,0,242,33,1027,0,False,,0,False,,0,,False,,5.847,0.53,32840,10fd201cc465265709f5fc31b564940cb7798a3bc810d57ab6ee68fae02595a4,6824.037,6823.4,4965,exact-open-set-id-v2,1788473754940724640,127,127,2049,16464,a747b043a2ab38d97fb87d67df56967f6e004da1e8ec22cd01157080be47ee25,4.883,
339,primary_test_impostor,834,1749,primary_test_impostor,0,175,98,1086,0,False,,0,False,,0,,False,,4.742,0.42,32840,d1f963775852a1e97bcbddd63b83d5fd8ad9fd63d705894348bac72965046e4c,6973.293,6972.6,4965,exact-open-set-id-v2,1788473754940724640,127,127,2049,16464,6c8b741957530a3a1322b2090a1975e8d70d631733f265af4a8906da4fab3fe6,6.179,
340,primary_test_impostor,835,175,primary_test_impostor,0,156,10,1006,0,False,,0,False,,0,,False,,6.619,0.46,32840,ce59446f608efe12d041cb2d7db540b403a9c2f27b58200974c806ddba8ce8c9,6858.584,6857.8,4965,exact-open-set-id-v2,1788473754940724640,127,127,2049,16464,c413cbea83f4fc93f3f8190a98b0fb35bbfa0da9be1161b974405bf0873c5cda,4.925,
341,primary_test_impostor,836,1750,primary_test_impostor,0,117,107,1094,0,False,,0,False,,0,,False,,4.645,0.39,32840,2f60270ed09fcdc947160e8da0762783df21f7cf80aeef5a04489348d8d61985,6957.655,6957.0,4965,exact-open-set-id-v2,1788473754940724640,127,127,2049,16464,dd9bd8de79740d8ee661b3b56ead5013ccd7b1ed0cc0c482dfe60dd3c565e6e3,5.699,
342,primary_test_impostor,837,1751,primary_test_impostor,0,191,116,1101,0,False,,0,False,,0,,False,,5.769,0.6,32840,c7c4d455dba24f34843d9722cd720682be7aa6fa55867ae47f22152763cafcc1,6859.501,6858.9,4965,exact-open-set-id-v2,1788473754940724640,127,127,2049,16464,d2452b679228b2edcb942bfa889d94827835aa0a252f23dfaac6a37b121a0cc0,5.056,
343,primary_test_impostor,838,1752,primary_test_impostor,0,160,54,1046,0,False,,0,False,,0,,False,,4.987,0.41,32840,b2c53a3c7efe3cfac37065f1ff3f1dfbfdf546989cb1a4254768bb059c90bd4d,6891.42,6890.8,4965,exact-open-set-id-v2,1788473754940724640,127,127,2049,16464,50f23d8031d61f0dbda2c6211b290ea8dd815227936d377e7465ba0fc913ae89,5.35,
344,primary_test_impostor,839,1753,primary_test_impostor,0,212,8,1004,0,False,,0,False,,0,,False,,5.063,0.68,32840,c0aaa9fba31c263b586d2a0718c95fe8fdd310aa97e8c4880a1edcc0e99d73dc,7331.267,7330.6,4965,exact-open-set-id-v2,1788473754940724640,127,127,2049,16464,9e3d97364472fc0be3961c3915eff199cfcc3cbf5ae5aaefeea51ea9f012e49c,5.698,
345,primary_test_impostor,840,1754,primary_test_impostor,0,216,23,1018,0,False,,0,False,,0,,False,,5.901,0.64,32840,0441b0715a389f25675012015e83805419bd37d3772edeeab97bf4738d99732b,7409.763,7409.0,4965,exact-open-set-id-v2,1788473754940724640,127,127,2049,16464,bb7b08d5d83ab9686fcdbf357318733972206c739166fd915be020e74b7d5214,6.497,
346,primary_test_impostor,841,1755,primary_test_impostor,0,148,70,1060,0,False,,0,False,,0,,False,,5.491,0.42,32840,4c77c70ce6669cfbb24e40ace5873e80430ce29abe0097ad5e880cd95b8f85fc,7109.389,7107.5,4965,exact-open-set-id-v2,1788473754940724640,127,127,2049,16464,1b8f28e126ea3f49a82fc6e4ffef616ff22bfe99df3c1de3eed2f6262c7bb6bb,5.229,
347,primary_test_impostor,842,1756,primary_test_impostor,0,257,95,1083,0,False,,0,False,,0,,False,,5.388,0.54,32840,07e4f2ea09e00119c71f2710095dc5c9104aaccfe5ed102216a89f1d9102b4e2,7020.677,7020.0,4965,exact-open-set-id-v2,1788473754940724640,127,127,2049,16464,83f9125cc23ebc2970f87a509ae96d99fe33b86c9186464e49ac98b99b1680ff,5.045,
348,primary_test_impostor,843,1757,primary_test_impostor,0,134,93,1081,0,False,,0,False,,0,,False,,4.505,0.41,32840,891930ab6650760fdb030bce539607136abcb058577b51c4bf6360c9d89cf1bc,6945.375,6944.5,4965,exact-open-set-id-v2,1788473754940724640,127,127,2049,16464,2d1a8985d43bc5bb26e93e6a27dbbffe459a368791a57c2a891c6fa03ff02b06,6.801,
349,primary_test_impostor,844,1758,primary_test_impostor,0,101,81,1070,0,False,,0,False,,0,,False,,4.706,0.39,32840,401a632e30521b78237a2dc3012fb6d0b7b685ff6de71a86a92f269261e34424,6751.783,6751.2,4965,exact-open-set-id-v2,1788473754940724640,127,127,2049,16464,a325512b89c196aed3dd4e8d46b57b3996083c5a7580a9e46ce684b1eb49e4c9,5.676,
350,primary_test_impostor,845,1759,primary_test_impostor,0,144,18,1013,0,False,,0,False,,0,,False,,5.215,0.42,32840,60c42fbf1010b84ddd1924689969e1da6ddf2fefed48649533821fa7d6f2352c,6739.795,6739.1,4965,exact-open-set-id-v2,1788473754940724640,127,127,2049,16464,e0a7eb827b8eaaabb350b9f74112565de5b3b70ca91d2a2d39dc7e144d5c40ba,6.402,
351,primary_test_impostor,846,176,primary_test_impostor,0,146,109,1096,0,False,,0,False,,0,,False,,5.685,0.43,32840,2856015d4978519be8051c75882eac12cd20542b09119376a878c1e72457aeb2,6757.569,6757.0,4965,exact-open-set-id-v2,1788473754940724640,127,127,2049,16464,f7a2d8aa068484f2fa2316c1e510b1779325bec1867c4aee4379d67c9b8e1675,5.009,
352,primary_test_impostor,847,1760,primary_test_impostor,0,228,80,107,0,False,,0,False,,0,,False,,5.064,0.39,32840,774503544bc292ecf552c356089133b6f89c90c20cd29fd4fa7e6713349ce9f4,6847.141,6846.6,4965,exact-open-set-id-v2,1788473754940724640,127,127,2049,16464,e15fc63e06890f92f6510b21c8e45ffd614225223a73b57110348f9afad74a95,5.345,
353,primary_test_impostor,848,1761,primary_test_impostor,0,219,51,1043,0,False,,0,False,,0,,False,,4.819,0.39,32840,16b94393118973d10bfff8ff8c9dd39e4bababe8b2c0ec4c90d80155db51ed45,6639.328,6638.7,4965,exact-open-set-id-v2,1788473754940724640,127,127,2049,16464,da3be47c91f9463ae18ad15730bb164ae61df396662f940b55259932f0dd61bb,4.8,
354,primary_test_impostor,849,1762,primary_test_impostor,0,149,118,1103,0,False,,0,False,,0,,False,,4.203,0.4,32840,9b53fe9970a9fba3e6395d702e4b34a7d945d40284999e16cbec46376d097581,6641.243,6640.6,4965,exact-open-set-id-v2,1788473754940724640,127,127,2049,16464,6b01a4e0b0e51bf2bf260cc6de9e77a318d9bf47b23c46c417996c9b0eaf31f5,5.049,
355,primary_test_impostor,850,1763,primary_test_impostor,0,138,124,1109,0,False,,0,False,,0,,False,,4.44,0.43,32840,8633d0a95d9029352788182b0ccc1020d92844746f456d5fce221406fae7353e,6676.659,6676.0,4965,exact-open-set-id-v2,1788473754940724640,127,127,2049,16464,3a90c3a232beacb0ff2e1d2cac374e0c902ce22839c0fdef1def1f816614e12f,5.696,
356,primary_test_impostor,851,1764,primary_test_impostor,0,122,3,100,0,False,,0,False,,0,,False,,4.413,0.39,32840,393480afd826ed79605a7e19c8fe366c72c386548a6200a5581c17a635994bb2,6735.788,6735.2,4965,exact-open-set-id-v2,1788473754940724640,127,127,2049,16464,cd033ec1b5e6290ecd5c4f585896e1bef0e79d2a166ee839a16b7f12dbdbd35b,6.454,
357,primary_test_impostor,852,1765,primary_test_impostor,0,268,2,10,0,False,,0,False,,0,,False,,4.572,0.39,32840,5540a3585c57ec19f086b01acbca4e18b87ff29ca314f7fc44562191460e8390,6636.975,6636.4,4965,exact-open-set-id-v2,1788473754940724640,127,127,2049,16464,14899c34acd53795911cfd472edfd203a60fd74c1a2143dbf68147c8c67ad498,5.232,
358,primary_test_impostor,853,1766,primary_test_impostor,0,191,52,1044,0,False,,0,False,,0,,False,,4.931,0.42,32840,7a8101160b6d604d93bbd71fa10afc4ac225f9ee4f24d0c1fc033976eda0b960,6821.984,6821.3,4965,exact-open-set-id-v2,1788473754940724640,127,127,2049,16464,db87ba98a8a70209e26e3e280452a9ffbf235e916474eddd1ebc654162d39e45,6.603,
359,primary_test_impostor,854,1767,primary_test_impostor,0,172,94,1082,0,False,,0,False,,0,,False,,5.452,0.44,32840,6e2787742228a204dd7d3db57bd292b102004fa09203543e3c23b8b3e0995022,6875.279,6874.6,4965,exact-open-set-id-v2,1788473754940724640,127,127,2049,16464,2ce0786cdf919928ee54db86cbe903c1083c9393d52974bb7f36e4b7f9adab53,5.612,
360,primary_test_impostor,855,1768,primary_test_impostor,0,166,4,1000,0,False,,0,False,,0,,False,,5.53,0.42,32840,c00c8e41adde8b141b257a00233f996e66926afa5f10e6cec7451aa4a1e56a60,7101.698,7101.0,4965,exact-open-set-id-v2,1788473754940724640,127,127,2049,16464,11bf63f22293bc1fdfffe54b192685621acfa50400f041fd9da2b3c3c86f8493,5.434,
361,primary_test_impostor,856,1769,primary_test_impostor,0,242,123,1108,0,False,,0,False,,0,,False,,6.023,0.42,32840,f3fb5333aa9375be4ec1fdfada8bebeb99151aa2f84973a0ec6ee5a3598785f1,7215.122,7214.2,4965,exact-open-set-id-v2,1788473754940724640,127,127,2049,16464,a1aedb6b8f05967dbc5f9d83e2de5a41994ccf3a1f1c862bf61c6c0b3fdf6108,7.419,
362,primary_test_impostor,857,177,primary_test_impostor,0,92,2,10,0,False,,0,False,,0,,False,,5.966,0.48,32840,a852982b8cb99704f9de3718482b847abd897b44a56d4dfb517fac56189f83f1,6932.815,6932.1,4965,exact-open-set-id-v2,1788473754940724640,127,127,2049,16464,68f8623cf25ffe02af76d93fdfe9ab96e37269828ff743959a27d3e9e35e73ed,4.779,
363,primary_test_impostor,858,1770,primary_test_impostor,0,172,110,1097,0,False,,0,False,,0,,False,,4.599,0.41,32840,afb000a74e7042978f22eea75d990188f483977ee01e26c79fad33d1d3a0e3b7,6840.066,6839.4,4965,exact-open-set-id-v2,1788473754940724640,127,127,2049,16464,a2ccde40a7cab1ff9a86ff3f8ba49afb4163685ed6b863b9684c21d896463d86,5.725,
364,primary_test_impostor,859,1771,primary_test_impostor,0,245,52,1044,0,False,,0,False,,0,,False,,4.456,0.42,32840,73255ed6c1d48537a4d0d64dc06f67b47e7f0993e3327130e6b7e35dba4900ba,7039.856,7039.0,4965,exact-open-set-id-v2,1788473754940724640,127,127,2049,16464,081b53162a8f80a653457ad58acbb82f61eaabbc62fd925264443b47249b7658,5.432,
365,primary_test_impostor,860,1772,primary_test_impostor,0,141,108,1095,0,False,,0,False,,0,,False,,5.452,0.83,32840,261840f3e963e1b93f8414aa5425ac7ebf4a6f9c77a99059cada873eba9e4e94,6809.425,6808.7,4965,exact-open-set-id-v2,1788473754940724640,127,127,2049,16464,4383ee64a1ceb3e3755876e7e275574daad2d1d2a9369de33c314b7e96f2a35e,5.766,
366,primary_test_impostor,861,1773,primary_test_impostor,0,203,24,1019,0,False,,0,False,,0,,False,,5.748,0.54,32840,5ba0a3f9c86950badab5334fe037c47cfe849995b236ecd561c73e3c3c3119e0,6932.825,6932.2,4965,exact-open-set-id-v2,1788473754940724640,127,127,2049,16464,b7c9aea0f300c8545584a17a9bce11b188124e502a283e188ebdddd8d15a6e73,5.857,
367,primary_test_impostor,862,1774,primary_test_impostor,0,164,46,1039,0,False,,0,False,,0,,False,,6.19,1.13,32840,01786e12ffe403997c33c68d98b4db9e895c26a3244577420998a28783621ac9,6900.636,6900.0,4965,exact-open-set-id-v2,1788473754940724640,127,127,2049,16464,2ffc853cbebf7959ca9c1195a44ef4b4f634acea804a753ce486b0f781dfd5e0,5.561,
368,primary_test_impostor,863,1775,primary_test_impostor,0,165,43,1036,0,False,,0,False,,0,,False,,5.563,0.8,32840,d31f7f3f63150fe99cea8b38cb1a116d2e2a75da7d62152524a0b2bcac65c39f,6650.59,6650.1,4965,exact-open-set-id-v2,1788473754940724640,127,127,2049,16464,ff437fb160c6a1045a507337f7abc38e9837d5599a428f4ece7afcd674424762,4.931,
369,primary_test_impostor,864,1776,primary_test_impostor,0,190,11,1007,0,False,,0,False,,0,,False,,4.885,0.41,32840,7f77ef4b724575731bf4bf908003a85e7b9b2de82b482d43e5c39c4c79854211,6790.873,6790.2,4965,exact-open-set-id-v2,1788473754940724640,127,127,2049,16464,436e7095627c59e8260155404e5f0bde0fe08e90de06add54fa3e5132c60b007,5.548,
370,primary_test_impostor,865,1777,primary_test_impostor,0,195,75,1065,0,False,,0,False,,0,,False,,5.777,0.45,32840,0c5632957e153524832c505ff732d247bfd624549910dda104f527856b6ce1ba,6852.572,6851.8,4965,exact-open-set-id-v2,1788473754940724640,127,127,2049,16464,f7e5af250dc30053d43f8bb0dd93a526cb71e61c46d8ec53ff94e57487a25906,7.254,
371,primary_test_impostor,866,1778,primary_test_impostor,0,144,20,1015,0,False,,0,False,,0,,False,,5.752,0.54,32840,c72dc8fdd8c95ae8ca95ea47e6fbda1359b88703876074c742198e8f0de53b6e,6752.5,6751.8,4965,exact-open-set-id-v2,1788473754940724640,127,127,2049,16464,e684bf5bb2d32dfc29966b5e215a6cc4a2cc290a93c65c6e7429d3f21aa1cc98,6.674,
372,primary_test_impostor,867,1779,primary_test_impostor,0,169,12,1008,0,False,,0,False,,0,,False,,4.93,0.41,32840,f3db4c3c72624ba34f32ec3c3fda61ee674bff6dc370c182f95a8ca682030474,6713.511,6712.9,4965,exact-open-set-id-v2,1788473754940724640,127,127,2049,16464,d7c90335732f0dcac9a35a2b5c2842776e43e79df544e3de4fd52f7ef4b5f8fa,4.96,
373,primary_test_impostor,868,178,primary_test_impostor,0,80,2,10,0,False,,0,False,,0,,False,,4.462,0.39,32840,9806a8075084b4d4ae479b13d5426f598fdb687387838ff38b7b56b643f3711c,6658.346,6657.8,4965,exact-open-set-id-v2,1788473754940724640,127,127,2049,16464,0785519eeda4a9f1dbbefe7ba1f14381ac2bb5cc18b5d827ac6f9b38c5410914,8.725,
374,primary_test_impostor,869,1780,primary_test_impostor,0,255,22,1017,0,False,,0,False,,0,,False,,4.241,0.4,32840,84b7161eb5a177e1bba3322c885dc25a675d5921abf5dbeb706c3e5a362767a2,6642.988,6642.4,4965,exact-open-set-id-v2,1788473754940724640,127,127,2049,16464,4546a13e85478eb52e7785f22b23ae7d092babd9e99dc63d035374b099a03f90,5.308,
375,primary_test_impostor,870,1781,primary_test_impostor,0,172,4,1000,0,False,,0,False,,0,,False,,4.536,0.38,32840,7206ace5c7ac03439435d486164c86b754ddd5990a82eb9b12fa7ffb93566fdc,6680.689,6680.1,4965,exact-open-set-id-v2,1788473754940724640,127,127,2049,16464,83d5e6db2faff408c1f449b69eb5f15f61266a83e6edcfe0d67a37bb0161d4aa,5.465,
376,primary_test_impostor,871,1782,primary_test_impostor,0,188,16,1011,0,False,,0,False,,0,,False,,4.765,0.44,32840,ed5c539d4d71987e42751d000ab0f038e03f32b0d611e0dc3c124f4fb0bf82bf,6736.926,6736.2,4965,exact-open-set-id-v2,1788473754940724640,127,127,2049,16464,e909e2b3503f8f5a05e1d9b89acf9d40f5e4d02dd2cab5fb6694de1655cc94a6,6.044,
377,primary_test_impostor,872,1783,primary_test_impostor,0,200,2,10,0,False,,0,False,,0,,False,,4.373,0.39,32840,6ea8d38763155876f3ae41fb8c2b2def9620440d0de2198123b8d5636687df9a,6710.957,6710.3,4965,exact-open-set-id-v2,1788473754940724640,127,127,2049,16464,a59a3d0de25e5b9902de8e913c7715c2391d91b3891ba0ab74206f41b272c77a,5.299,
378,primary_test_impostor,873,1784,primary_test_impostor,0,214,47,104,0,False,,0,False,,0,,False,,4.452,0.39,32840,be0d633c3d3b719c12fbe03f57425019b1133e4e9254573a850a76552a649ab4,6811.804,6811.2,4965,exact-open-set-id-v2,1788473754940724640,127,127,2049,16464,0e9c16b97af8441a3f6a63e4b841292e53f3608ea2a26c90cad16817b47e5775,5.97,
379,primary_test_impostor,874,1785,primary_test_impostor,0,288,23,1018,0,False,,0,False,,0,,False,,5.046,0.45,32840,42f73a4acd2ceb651eafa900b23c524b3f21cba700ada51e9d73dc1b55847b87,7711.037,7710.0,4965,exact-open-set-id-v2,1788473754940724640,127,127,2049,16464,a556b55ea80f30922ed97a5b5b23ea2df3a92435baab578860a38439b0f0c6f4,5.809,
380,primary_test_impostor,875,1786,primary_test_impostor,0,170,80,107,0,False,,0,False,,0,,False,,5.595,0.44,32840,695737486104730bded342757c346ffd1e19378133a2f4bc3ca05d81b6e5496b,7477.901,7477.0,4965,exact-open-set-id-v2,1788473754940724640,127,127,2049,16464,fc694428caa6139fad1cefd1f28d9ad1a9749bb3ec06b6a20197a59e5efc3a24,5.506,
381,primary_test_impostor,876,1787,primary_test_impostor,0,173,88,1077,0,False,,0,False,,0,,False,,5.617,0.47,32840,548858fb06524a0a99e47398655bd75d4685f61e5df9cc298ef8137a6fc98359,7125.09,7124.4,4965,exact-open-set-id-v2,1788473754940724640,127,127,2049,16464,5be3f2060676a0945fa51940039ef715a2d38a1ba2ebd3362a4040b837a9b1d8,5.201,
382,primary_test_impostor,877,1788,primary_test_impostor,0,261,25,102,0,False,,0,False,,0,,False,,9.619,4.58,32840,88810b817bd0d864a6c79add5e169d0692bd1727d8d8a3d1c8565095ef54cfe0,6990.639,6990.0,4965,exact-open-set-id-v2,1788473754940724640,127,127,2049,16464,94d3e54bb3f4ce2bd08ff61e4ba563067695395a4c3f2f2cc04e24328657939b,5.814,
383,primary_test_impostor,878,1789,primary_test_impostor,0,206,105,1092,0,False,,0,False,,0,,False,,6.74,0.41,32840,34e84b7d57bae1e45896bb87bcee44b0a1fb5e78f3fcfcbf54fbd2e769c4d741,6838.243,6837.5,4965,exact-open-set-id-v2,1788473754940724640,127,127,2049,16464,6434b06dca3c7f4ecfd4df9b4a0e2a9f92e314fb2191c5cd57800eecc3ec68a7,5.367,
384,primary_test_impostor,879,179,primary_test_impostor,0,279,29,1023,0,False,,0,False,,0,,False,,5.011,0.44,32840,1a4c169b645057685076d49581aa80c8fe436bf9aa81ffcc59749d2f3a2d93f5,6716.624,6716.0,4965,exact-open-set-id-v2,1788473754940724640,127,127,2049,16464,6041c0986fa46c8a91c98ed0b5412f87d152fbb678a51fefeeb35ba1c4d12aed,5.394,
385,primary_test_impostor,880,1790,primary_test_impostor,0,93,107,1094,0,False,,0,False,,0,,False,,4.822,0.39,32840,a2a4d137cd5de05a6b160d8b0d8bac6e630a61ce2aa4c103e6f78cfc9d1a8f40,6868.61,6867.9,4965,exact-open-set-id-v2,1788473754940724640,127,127,2049,16464,f93f544b295643975e60656789fadf287eccde7a003e60c16d56e9b15e265a67,5.957,
386,primary_test_impostor,881,1791,primary_test_impostor,0,138,4,1000,0,False,,0,False,,0,,False,,4.33,0.4,32840,e6883bae5b4448415118964fe560839e8546967720bfa050616078151cc94368,6792.344,6791.7,4965,exact-open-set-id-v2,1788473754940724640,127,127,2049,16464,dd91a470f4c7ab9326e7ff870c753c577924f371ca6a477902c70b71287ab24d,6.226,
387,primary_test_impostor,882,1792,primary_test_impostor,0,155,81,1070,0,False,,0,False,,0,,False,,5.373,0.51,32840,8aa1d49c3d6ad6d6f85243531015dc3cd083276bcc143c997312a9a87a2ae29a,6957.833,6957.1,4965,exact-open-set-id-v2,1788473754940724640,127,127,2049,16464,0f34f247b392111f85f64fb35666255c1260b5503ff4f934be9aa2e975e00321,5.269,
388,primary_test_impostor,883,1793,primary_test_impostor,0,114,23,1018,0,False,,0,False,,0,,False,,5.605,0.48,32840,07c4c41ca6d75d1598e9b10aa583b1947d6e8f156ef8a8386be7b2ac585fa200,6760.017,6759.3,4965,exact-open-set-id-v2,1788473754940724640,127,127,2049,16464,0afa1342e4e6ab1f49b3566140c8bce1f97c7b428f1b84c8712d401b8eec87bb,4.942,
389,primary_test_impostor,884,1794,primary_test_impostor,0,197,34,1028,0,False,,0,False,,0,,False,,4.53,0.41,32840,d7f2bd8a4fb029cc56061f1338b907e5a687abf880707e7c051559448e20bd16,6759.944,6759.3,4965,exact-open-set-id-v2,1788473754940724640,127,127,2049,16464,a0921e17d2aac50d372182ab5c0709dbc4ec82c8c8d0c81455ff1f258ec25e63,5.263,
390,primary_test_impostor,885,1795,primary_test_impostor,0,133,107,1094,0,False,,0,False,,0,,False,,4.723,0.42,32840,c425628e16cb2187b8c3568b93674a3de3cdc30afa31bcf2eb3d8f2ccce79cb0,6812.685,6812.0,4965,exact-open-set-id-v2,1788473754940724640,127,127,2049,16464,87c0b2400699adeea94f27fc9230c43579fa498d712657b2098b63d5894ee855,5.54,
391,primary_test_impostor,886,1796,primary_test_impostor,0,143,75,1065,0,False,,0,False,,0,,False,,4.926,0.41,32840,ba8d4409df51e7c4f8e2badb9a93cae691f63741e348cd35c809dbd7b907fbdb,6742.035,6741.4,4965,exact-open-set-id-v2,1788473754940724640,127,127,2049,16464,87200dba72de894bfa9864d3f3bd6198a4aee6f17f62b912c6d8a518a1286a70,5.258,
392,primary_test_impostor,887,1797,primary_test_impostor,0,229,63,1054,0,False,,0,False,,0,,False,,6.913,0.58,32840,d74c01410d31bf67ade6c56b96eb5c7e2b39d28f5968951fe48f945b3a661faa,6704.808,6704.1,4965,exact-open-set-id-v2,1788473754940724640,127,127,2049,16464,df6e6186bc98f6a99367cbcf41d6a0f6c0dd99fe2e9bcc8150b293346d8336dd,5.088,
393,primary_test_impostor,888,1798,primary_test_impostor,0,112,60,1051,0,False,,0,False,,0,,False,,4.171,0.39,32840,4729e48777f08908884514094c70786823a9d9f2f79f8c610ce3ee668905e2b6,6739.018,6738.4,4965,exact-open-set-id-v2,1788473754940724640,127,127,2049,16464,4c7a93cc66b85e37761c3534b0196b7c2707951971254dae92dd897805a568e4,5.243,
394,primary_test_impostor,889,1799,primary_test_impostor,0,164,30,1024,0,False,,0,False,,0,,False,,5.213,0.43,32840,ed53ffce5b1fcdb93646a4a7e0f9284ee091124d203f5761d9e3e15ead900d70,6756.603,6756.0,4965,exact-open-set-id-v2,1788473754940724640,127,127,2049,16464,b028cba3e603bdda7cba51fd47761b54b2f0571de6258860b892adebd6147604,5.396,
395,primary_test_impostor,890,18,primary_test_impostor,0,236,50,1042,0,False,,0,False,,0,,False,,7.083,2.05,32840,631a665cf0c87836f9849bbcd449e0ed261f23799f9f34dc99ab7f6e099b4733,6872.472,6871.7,4965,exact-open-set-id-v2,1788473754940724640,127,127,2049,16464,932a437e7626b4fd84fc4199ab447be86c65c65ce9a1e0128fd550593ec9d21b,5.092,
396,primary_test_impostor,891,180,primary_test_impostor,0,235,107,1094,0,False,,0,False,,0,,False,,4.507,0.4,32840,1cadd1e85c06f12121323622f59e32f0d0e82777926c7833ededdc4e9afb230e,6849.241,6848.6,4965,exact-open-set-id-v2,1788473754940724640,127,127,2049,16464,3c1f17cb553c1f080bbe78c3968f3377d3bcdbfefe71c64d52a7731ddf2634a2,5.527,
397,primary_test_impostor,892,1800,primary_test_impostor,0,118,47,104,0,False,,0,False,,0,,False,,5.14,0.45,32840,a8eada25648a9a2dfac40bf6065616d10f4e85e5b835609c01d0db914d587e11,6741.726,6740.9,4965,exact-open-set-id-v2,1788473754940724640,127,127,2049,16464,1702968cfa65b749c2fdcca96f8ea8c86b153ac257cc605905593da3b6c9af18,5.419,
398,primary_test_impostor,893,1801,primary_test_impostor,0,116,48,1040,0,False,,0,False,,0,,False,,4.696,0.41,32840,43dbcc144a38c7070b4f1f24ac597ffba809cc6416d4dc17de86291a84ad892e,6660.43,6659.8,4965,exact-open-set-id-v2,1788473754940724640,127,127,2049,16464,29612eb286c4fa4e53efb783a9acb6e7fd771e21a67602579d009f9c8282a30e,5.755,
399,primary_test_impostor,894,1802,primary_test_impostor,0,223,67,1058,0,False,,0,False,,0,,False,,4.68,0.41,32840,bacb38c2e3e4baa15d704d8a72939e5271ac02f3f69a1776c236397636b10dd0,6670.827,6670.2,4965,exact-open-set-id-v2,1788473754940724640,127,127,2049,16464,d1360c0d494aaef5b173b7d2cea921d0b7e0efa192f9bef2f79d749cfa126855,4.764,
400,primary_test_impostor,895,1803,primary_test_impostor,0,294,101,1089,0,False,,0,False,,0,,False,,4.779,0.39,32840,aeb9e50508d4b04c966c3f068ff8aad39062e420aaed2847018a6dd5d866ac5f,6654.583,6653.9,4965,exact-open-set-id-v2,1788473754940724640,127,127,2049,16464,241f566534143ef808a53c37d01b73729c2746eee1be411970b0b590fb12e3db,5.069,
401,primary_test_impostor,896,1804,primary_test_impostor,0,143,67,1058,0,False,,0,False,,0,,False,,4.229,0.39,32840,d3d62c6103246faafb9e54b37b0f77d8f69f5e5c735fde5becce10150224bb23,6653.002,6652.3,4965,exact-open-set-id-v2,1788473754940724640,127,127,2049,16464,0bac635ec0e6023af29bac40e027bf00c77c5249e9ba18b9c84ff8a5618b8e6f,5.24,
402,primary_test_impostor,897,1805,primary_test_impostor,0,208,102,109,0,False,,0,False,,0,,False,,4.957,0.41,32840,1e11abf7843d7963f0a0ab8e2b5a120a21d3e6171aa98d049dd0fd1dc5eaaa29,7045.633,7045.0,4965,exact-open-set-id-v2,1788473754940724640,127,127,2049,16464,64cb586571baa8ce72f727d38635ba67d23191a35bc69c7cc794b65286778053,5.566,
403,primary_test_impostor,898,1806,primary_test_impostor,0,90,100,1088,0,False,,0,False,,0,,False,,5.716,0.47,32840,daf6b7ec965b5bd03d84eb5ba17932756587a32f93029353449ec3147a794ffa,6960.05,6959.4,4965,exact-open-set-id-v2,1788473754940724640,127,127,2049,16464,d78da81ce9608a505785ec524a30d708424578ddf674bb60fd0c53ec79e92b9e,5.144,
404,primary_test_impostor,899,1807,primary_test_impostor,0,218,80,107,0,False,,0,False,,0,,False,,4.701,0.4,32840,0e7f617f244d9f70186306fb4fb3610f7d1e510725e68f9e8b6ddde00344d851,6922.181,6921.5,4965,exact-open-set-id-v2,1788473754940724640,127,127,2049,16464,ea8fd019380ca7695048359efca9d2343500677bd803788f66ccccd76a548406,4.704,
405,primary_test_impostor,900,1808,primary_test_impostor,0,102,46,1039,0,False,,0,False,,0,,False,,4.374,0.45,32840,334efad9d14fcd6d534cc9518cb119f2f38b174cb09fdc2339f850f24493cc8a,7204.134,7203.2,4965,exact-open-set-id-v2,1788473754940724640,127,127,2049,16464,62d536e4f273c9571d4e15fd67906b982f0eb9e56ed91b8f84909945929db962,6.682,
406,primary_test_impostor,901,1809,primary_test_impostor,0,191,75,1065,0,False,,0,False,,0,,False,,6.851,0.49,32840,451a79d1271703f0958a762594f6f00867608c0760e870a7376a991c3a71d8c2,7107.585,7106.9,4965,exact-open-set-id-v2,1788473754940724640,127,127,2049,16464,dbaed8312feca3d380c6a68b19633c72eed4a0de4ee5aa6ce4adda0a6b002340,5.289,
407,primary_test_impostor,902,181,primary_test_impostor,0,129,40,1033,0,False,,0,False,,0,,False,,4.564,0.41,32840,dffd6726bc4d4ed6c6c250de6d059b2dfc535457913b75c9287782845542dcde,6887.653,6887.1,4965,exact-open-set-id-v2,1788473754940724640,127,127,2049,16464,49f5b31bc29e21682c7348fb71331440bcc598cdbec254184d9cebee9ecb13d5,4.633,
408,primary_test_impostor,903,1810,primary_test_impostor,0,180,80,107,0,False,,0,False,,0,,False,,4.814,0.44,32840,53d4dda6d5f3ce72e2efc453c364d0ad20c1dd03d26dccf84d276fe0b0ec74db,6972.26,6971.6,4965,exact-open-set-id-v2,1788473754940724640,127,127,2049,16464,92ab871d00e41114789af1b86289d74ee1fb860521c794e55bf7547b2eb53121,5.57,
409,primary_test_impostor,904,1811,primary_test_impostor,0,237,29,1023,0,False,,0,False,,0,,False,,5.382,0.4,32840,121da503dff2c09861745a496cb21105dd6b4a553a1515423ea46fab3e6eb146,6788.826,6788.2,4965,exact-open-set-id-v2,1788473754940724640,127,127,2049,16464,0f1576ddc9c34fce33a2122f1375bbbcdfc77acc37c2ef4e190baaa2a4d2bdda,4.964,
410,primary_test_impostor,905,1812,primary_test_impostor,0,122,99,1087,0,False,,0,False,,0,,False,,4.494,0.39,32840,05597edc58003739573c4a859dc234da478527c62453f7e7729c39cdf164d5aa,6833.185,6832.5,4965,exact-open-set-id-v2,1788473754940724640,127,127,2049,16464,d5f006ce5c16c6ec766ad7074e944d1e9b12e309ecd2c1e84bf4e68eac807638,5.257,
411,primary_test_impostor,906,1813,primary_test_impostor,0,120,100,1088,0,False,,0,False,,0,,False,,5.785,0.46,32840,4448c17c0dfaffccc88aaeb31b47923f9066be809a34d724e719a7f1feacdbbe,6710.42,6709.8,4965,exact-open-set-id-v2,1788473754940724640,127,127,2049,16464,92168eb8954113e576ff93d373f9c2c2be3f9dcf291d8c4ff73ddf5ae0b0b726,4.745,
412,primary_test_impostor,907,1814,primary_test_impostor,0,33,81,1070,0,False,,0,False,,0,,False,,4.384,0.4,32840,0c9866ec45e94f4a7e0b1bd3eeff6a5e57e6f7d78e7a86668934c0b0a3cb4e1f,6662.969,6662.3,4965,exact-open-set-id-v2,1788473754940724640,127,127,2049,16464,25292d21586b45bb05b4c77eab74a8ae290ae23bed85955f110a5128673da3ea,4.906,
413,primary_test_impostor,908,1815,primary_test_impostor,0,112,2,10,0,False,,0,False,,0,,False,,5.041,0.62,32840,02e509ccd9508fa201a5c82c7b0e92a94bb4b7b1ba45876bbe2968eb543cb9d7,6851.814,6851.1,4965,exact-open-set-id-v2,1788473754940724640,127,127,2049,16464,74a77fcbdcb941f9f358416e72f6899b93c289b0e98850db688f9322d0b4380b,8.594,
414,primary_test_impostor,909,1816,primary_test_impostor,0,166,90,1079,0,False,,0,False,,0,,False,,13.128,2.04,32840,7f45fc77b78f12db373b97ab932a856f65a4a1daccba05fd994f478ceb429658,7428.163,7427.2,4965,exact-open-set-id-v2,1788473754940724640,127,127,2049,16464,14bab8a7ab1d760b816fdf1b5dbf247d91606cdd90271ce8eaf3782400352246,5.922,
415,primary_test_impostor,910,1817,primary_test_impostor,0,222,10,1006,0,False,,0,False,,0,,False,,5.088,0.42,32840,5e0c4313b88775617fd450f2d6f6f2c81fca908e1055700926783e400bec49b4,7260.391,7259.8,4965,exact-open-set-id-v2,1788473754940724640,127,127,2049,16464,c5181bfb06901a690eeabdc8fb27d68553adde300c153bcbc8d5849067e80917,5.407,
416,primary_test_impostor,911,1818,primary_test_impostor,0,164,117,1102,0,False,,0,False,,0,,False,,5.899,0.45,32840,2a97a0a5bf6cc26766a0d0df2489edf1626f36cb791baaef617ec78d52c194db,7103.282,7102.6,4965,exact-open-set-id-v2,1788473754940724640,127,127,2049,16464,f9d3bea8d7273f8fdc75da3bb956f3e103f602f9f12f84467a3d41ac1c0114c7,5.227,
417,primary_test_impostor,912,1819,primary_test_impostor,0,152,18,1013,0,False,,0,False,,0,,False,,5.076,0.43,32840,62afaf3d74df21e92cff2dc7bd95383d512a5bbab09beb9d8666c5369e7c1169,7018.658,7017.8,4965,exact-open-set-id-v2,1788473754940724640,127,127,2049,16464,a61069c159b00c69dca333cd365f25dc2604f77d3e4ec9bba5a8c2ac3649b4c2,5.18,
418,primary_test_impostor,913,182,primary_test_impostor,0,22,99,1087,0,False,,0,False,,0,,False,,4.522,0.37,32840,7a6695ed6876686b8b550befaeb9be926b7a5df56b22712366199bc4d631b96f,6833.046,6832.4,4965,exact-open-set-id-v2,1788473754940724640,127,127,2049,16464,26d593022148df986bed267770dcc60a9af91cb1d1d0ee261c0f69762069737d,5.07,
419,primary_test_impostor,914,1820,primary_test_impostor,0,229,86,1075,0,False,,0,False,,0,,False,,4.822,0.43,32840,ea597059bdff4f53793edefe3265439462e1bf326facb7b0814967f64daa19d0,6793.347,6792.7,4965,exact-open-set-id-v2,1788473754940724640,127,127,2049,16464,bbde7559200214e509be4c46385f1244fd4a144e80f002907dacdfddedbf2a49,5.426,
420,primary_test_impostor,915,1821,primary_test_impostor,0,133,56,1048,0,False,,0,False,,0,,False,,4.428,0.39,32840,3d1adff38da6b683e4acbf2faf84778be13c30aed72a6591425fb46198a93bf4,6819.326,6818.7,4965,exact-open-set-id-v2,1788473754940724640,127,127,2049,16464,62b31763d8106b449de0fe37ab96a3db782865c35039f343a9ad332ff5672f9a,5.188,
421,primary_test_impostor,916,1822,primary_test_impostor,0,209,25,102,0,False,,0,False,,0,,False,,4.357,0.39,32840,318ea419b3497ddf9c667ce697ac453d7e101fa194b15422025aa1527dbadbda,6848.09,6847.5,4965,exact-open-set-id-v2,1788473754940724640,127,127,2049,16464,7439e4c0f4eb43cc5aa18b3e70cd396ece33da9655981fd605b89e67a3827924,5.411,
422,primary_test_impostor,917,1823,primary_test_impostor,0,99,98,1086,0,False,,0,False,,0,,False,,4.913,0.44,32840,9085343bba58ba864fc7ac4791a8841c553894c7ad8d2382c5e7c9cd2cfcc9c0,7133.452,7132.6,4965,exact-open-set-id-v2,1788473754940724640,127,127,2049,16464,cf78f841ef947a6f1f6bfeb665a663bd56f4cb566f7cb3f1b4ece8f5f86c0a5c,5.6,
423,primary_test_impostor,918,1824,primary_test_impostor,0,185,51,1043,0,False,,0,False,,0,,False,,4.528,0.4,32840,298c3ba07708f08849a9a574d3b8d17139100605870e5ffa78aa511294c57d59,6682.147,6681.5,4965,exact-open-set-id-v2,1788473754940724640,127,127,2049,16464,cc8f48872de1479425ca2340351275ee491674e6639cb52dc60b608d9ec6282b,4.927,
424,primary_test_impostor,919,1825,primary_test_impostor,0,173,112,1099,0,False,,0,False,,0,,False,,4.676,0.43,32840,99efbbb00b003ecfccaddc22da53ac8f98d745e34f5914f48497ea4a234a75bc,6709.252,6708.6,4965,exact-open-set-id-v2,1788473754940724640,127,127,2049,16464,9260cce892a63fa5e5e2fdc4e5e6ffa976cc54ba2b2db73cb437cdc5af0d18f9,5.394,
425,primary_test_impostor,920,1826,primary_test_impostor,0,88,17,1012,0,False,,0,False,,0,,False,,5.925,0.45,32840,e3c64f0a9c1168bee321539b0d555edc968db27d108945cfc60e493f536b7b68,6730.239,6729.6,4965,exact-open-set-id-v2,1788473754940724640,127,127,2049,16464,4bb5a143e707c5392782b53f8052748f2a437518d7945dbd8c72b16f3173fc82,5.387,
426,primary_test_impostor,921,1827,primary_test_impostor,0,208,72,1062,0,False,,0,False,,0,,False,,4.526,0.42,32840,b4f90969d0a902497954b6f3a02c0c4a86f3da6919cfc4c0e8e27fae82482690,6701.797,6701.1,4965,exact-open-set-id-v2,1788473754940724640,127,127,2049,16464,9094e610fda3643adfe80d65f3ea49f6d8bd0222ce338a830c4a5c46c2d695bf,5.245,
427,primary_test_impostor,922,1828,primary_test_impostor,0,213,73,1063,0,False,,0,False,,0,,False,,7.922,0.43,32840,1c6733cbedadc34491b9e9859fac1363cc0ba28275caa79b63a1bada72f16b50,6705.929,6705.2,4965,exact-open-set-id-v2,1788473754940724640,127,127,2049,16464,a96dd530057e92e11a4f05799812f6f3164562a10942538ec0fbe5a25b7f3608,5.413,
428,primary_test_impostor,923,1829,primary_test_impostor,0,202,93,1081,0,False,,0,False,,0,,False,,5.047,0.41,32840,652c9a4bcb9816b80e17caff6d98e769055ba406e90df6329a82e2238f7a7876,6719.124,6718.4,4965,exact-open-set-id-v2,1788473754940724640,127,127,2049,16464,f4580818c2a59732a0bd24b0a72b6d5ad5b911dce809114df98bb094c81c951e,4.763,
429,primary_test_impostor,924,183,primary_test_impostor,0,141,67,1058,0,False,,0,False,,0,,False,,4.384,0.4,32840,d61e8a4c58ed90c304299907e7c8f166636882151f983151303a1da32530a394,6816.959,6816.3,4965,exact-open-set-id-v2,1788473754940724640,127,127,2049,16464,77bfc2d3e4d0174d01a1ea5d013651fe4e111d0c760a21f8c74a700bff87f5dc,5.317,
430,primary_test_impostor,925,1830,primary_test_impostor,0,179,108,1095,0,False,,0,False,,0,,False,,4.652,0.39,32840,1beded1912ea9901143d68db761b1502d2301eb89f2559399baafb803526fde3,6679.794,6679.1,4965,exact-open-set-id-v2,1788473754940724640,127,127,2049,16464,0ae2f0c6f4457235f2d0de209454e0862eacd24658521143c9f9bf34a324291a,4.814,
431,primary_test_impostor,926,1831,primary_test_impostor,0,218,115,1100,0,False,,0,False,,0,,False,,4.588,0.43,32840,29c86a991966b8ef9317bf432b5cfe474af066b931444b57e334cbdd9170076c,6972.297,6971.5,4965,exact-open-set-id-v2,1788473754940724640,127,127,2049,16464,d3aa6185ed68a5ca22c7425f798b8ee20079331850bd675977f5dcc2642c362c,5.017,
432,primary_test_impostor,927,1832,primary_test_impostor,0,248,70,1060,0,False,,0,False,,0,,False,,4.647,0.39,32840,606e08651c1ca44ab0bce1550900ae50ca036dce12f863e9d3155136ff374f0b,6647.418,6646.7,4965,exact-open-set-id-v2,1788473754940724640,127,127,2049,16464,b67dbedfc259c8c8d1d8c2eb5bb4bf1410fb8685c8dbed3bdfd3c3c025625578,5.389,
433,primary_test_impostor,928,1833,primary_test_impostor,0,174,46,1039,0,False,,0,False,,0,,False,,5.794,0.51,32840,e228f74985f7259c82bc9a25d9ad169ea1c7d7b9e48f62b500f616e3800c3db8,6771.974,6771.3,4965,exact-open-set-id-v2,1788473754940724640,127,127,2049,16464,942d867309a17aba83784203e0a08efd71092d6a44e9a6ebb0bf126bd9b4e269,4.674,
434,primary_test_impostor,929,1834,primary_test_impostor,0,157,65,1056,0,False,,0,False,,0,,False,,4.496,0.39,32840,61acf9341b844a3b1721eea541da8084cc4d452ca164642a2b6afd4f96ce2f79,6629.211,6628.5,4965,exact-open-set-id-v2,1788473754940724640,127,127,2049,16464,50ea22f00c7872a447b03cf76ef42d7f8830550d269da54a6144f4259819da58,4.994,
435,primary_test_impostor,930,1835,primary_test_impostor,0,210,21,1016,0,False,,0,False,,0,,False,,4.681,0.43,32840,f4456f919e8d710023be898700426e73f70b32fec66985494a005e73da48b504,6715.885,6715.3,4965,exact-open-set-id-v2,1788473754940724640,127,127,2049,16464,17a23b54ccedc993c5d62fd65919644e515d890a1a1dc74b56cfe14118db316d,6.664,
436,primary_test_impostor,931,1836,primary_test_impostor,0,245,9,1005,0,False,,0,False,,0,,False,,5.36,0.4,32840,4c470f5e08109fa7449aff723b4f77063254bf58f57ffa17d865ef5b7c9dd081,6919.449,6918.8,4965,exact-open-set-id-v2,1788473754940724640,127,127,2049,16464,ce95c7ca335e28bff3f3a1e7345e478d402ead874bf391f901db59d9143f5945,5.147,
437,primary_test_impostor,932,1837,primary_test_impostor,0,254,16,1011,0,False,,0,False,,0,,False,,5.378,0.49,32840,f7160a3baa8fc9e1a9109d9d3f8f654d065ec87077f393167bd100917ef71aef,6733.449,6732.8,4965,exact-open-set-id-v2,1788473754940724640,127,127,2049,16464,3418222bbb77629763edb2faa57b37064b7a0068f3a88dc639d4052aff1642b0,4.696,
438,primary_test_impostor,933,1838,primary_test_impostor,0,221,108,1095,0,False,,0,False,,0,,False,,4.236,0.37,32840,c51b0d16d2a84c72723c451bd2f2a2b4f5d7e2d918e6cf05f1642dcb64708e4a,6670.564,6670.0,4965,exact-open-set-id-v2,1788473754940724640,127,127,2049,16464,79f2f314964ac50964a3a6627ac23dbacf71a9adcd567ae43893662abf7ec9b5,5.758,
439,primary_test_impostor,934,1839,primary_test_impostor,0,180,102,109,0,False,,0,False,,0,,False,,4.448,0.4,32840,242ec8ec0559395f52f36b37d8313fad75a8acb411ef6c06e21daa236d127135,6849.975,6849.4,4965,exact-open-set-id-v2,1788473754940724640,127,127,2049,16464,d8fb41bfca12bc0a0fd1d922628cd9da7e4dc369df8135e427e047f342299491,7.142,
440,primary_test_impostor,935,184,primary_test_impostor,0,207,88,1077,0,False,,0,False,,0,,False,,5.287,0.49,32840,0356bbb273c86b4df68a7b885ea19e1d7a86e00a8803fd89035016eed9fc1f8c,6854.698,6854.1,4965,exact-open-set-id-v2,1788473754940724640,127,127,2049,16464,16aaabcabcdea46d7761d3d5774f25208bba5c1116aee11e4d666a3a0f6398b0,5.434,
441,primary_test_impostor,936,1840,primary_test_impostor,0,83,29,1023,0,False,,0,False,,0,,False,,4.383,0.37,32840,9378fc21044c01f879441a2f7c2503e871dc8f71e8ec6a269ce5b76edd652c33,6671.924,6671.3,4965,exact-open-set-id-v2,1788473754940724640,127,127,2049,16464,ba6f327a9394b7299a0eb449acf0c04853f7b9683d3e331dc348193cfabf1d13,5.728,
442,primary_test_impostor,937,1841,primary_test_impostor,0,142,123,1108,0,False,,0,False,,0,,False,,4.721,0.41,32840,ce5d8488beaccbb12cbc5b1ccb29a9700c6242bce0a3a9ef99d9ec0e1cd773a5,6639.623,6639.1,4965,exact-open-set-id-v2,1788473754940724640,127,127,2049,16464,faaeb4e43003ad28603d29301c3575b08f87ee579c714cdb34036cb63c8e84d3,5.397,
443,primary_test_impostor,938,1842,primary_test_impostor,0,93,13,1009,0,False,,0,False,,0,,False,,5.183,0.4,32840,a85a230d9e739031031129b80ae5b8a07ed7a144715d652051ed6f159db46e6d,6765.168,6764.4,4965,exact-open-set-id-v2,1788473754940724640,127,127,2049,16464,43813fa93bc0149a76d4bf79272502938890e9a877778ae5207dd53af9946994,5.697,
444,primary_test_impostor,939,1843,primary_test_impostor,0,212,122,1107,0,False,,0,False,,0,,False,,5.239,0.46,32840,9444e342d4bab14ce532fa43b695fd3c9e3665fd4478cc3c11a74f78ca304a90,6684.897,6684.1,4965,exact-open-set-id-v2,1788473754940724640,127,127,2049,16464,fa6abf345b1cc9fcf3f5899c2a01b0be8122713d2ccbe571e2802b5b129c72ab,5.974,
445,primary_test_impostor,940,1844,primary_test_impostor,0,194,103,1090,0,False,,0,False,,0,,False,,4.878,0.42,32840,edd5f3b439adb573dde58b1d0f24996c687d1f71ab824dcda745c0bbd8d94f1b,6720.573,6719.9,4965,exact-open-set-id-v2,1788473754940724640,127,127,2049,16464,55b60bbd853ab0827a89726482525549435934a1737f94adfd7ec2f2e01272ef,4.922,
446,primary_test_impostor,941,1845,primary_test_impostor,0,208,84,1073,0,False,,0,False,,0,,False,,4.727,0.4,32840,440ad190a5f4d4a3d3af29e99a8156b47a96449b872bc3c6a358307b6c1dfe65,7065.868,7065.2,4965,exact-open-set-id-v2,1788473754940724640,127,127,2049,16464,1376eb039aa7cb342bd51d638aa154ec367f96e1cb42b6ca9739aadf731febff,5.362,
447,primary_test_impostor,942,1846,primary_test_impostor,0,175,114,110,0,False,,0,False,,0,,False,,5.028,0.42,32840,1bd05e21eece03673e1414c9673bfd3b3ceccb328f8c7c312b5966218d085fda,7204.828,7203.9,4965,exact-open-set-id-v2,1788473754940724640,127,127,2049,16464,8d35f2099f2efa040beb68434a9053feee4cd0eb17904d4d56704c99c0a4b022,5.477,
448,primary_test_impostor,943,1847,primary_test_impostor,0,226,23,1018,0,False,,0,False,,0,,False,,5.04,0.43,32840,825a8c68a80f12a94fdf42d449263e711af141557910068247337729706e3540,6992.512,6991.7,4965,exact-open-set-id-v2,1788473754940724640,127,127,2049,16464,8663f371899d478ae0fc3fda72ee6aac44ac05ba9df113a99b9e0fbe556e822c,9.046,
449,primary_test_impostor,944,1848,primary_test_impostor,0,220,23,1018,0,False,,0,False,,0,,False,,8.09,0.76,32840,eaefc3455d6339c18de0e1986d53d46feb4de71ed0d4001df76dddf4ba01a65a,7561.553,7560.9,4965,exact-open-set-id-v2,1788473754940724640,127,127,2049,16464,04cf88ee626ad67a81f9cd230557533267031da7d8587f5b3184b251f167fc5c,5.407,
450,primary_test_impostor,945,1849,primary_test_impostor,0,171,96,1084,0,False,,0,False,,0,,False,,5.622,0.47,32840,6c06f6e379d53de26b72c8fe1da2e435b0da2ea740bb2bf5a4b9502cc82786cb,7514.768,7514.1,4965,exact-open-set-id-v2,1788473754940724640,127,127,2049,16464,189443c793c63ea2457ffae27b4c50e10e9fa5e79af0ceb07dd6bc73d21ee93b,5.395,
451,primary_test_impostor,946,185,primary_test_impostor,0,206,125,111,0,False,,0,False,,0,,False,,6.485,0.44,32840,ab9e6e39d729b53e67d93d9bff6756831a6fc49694d3726d64a2d70a236e8bb6,7321.9,7321.3,4965,exact-open-set-id-v2,1788473754940724640,127,127,2049,16464,ef998a6d7451f20b6b8a2c153fba27f00b2eed37e35ed8cbd0baee4a1fd6447d,5.137,
452,primary_test_impostor,947,1850,primary_test_impostor,0,195,81,1070,0,False,,0,False,,0,,False,,5.066,0.42,32840,c98e7095f745c659492d2dd50dc720e2f23685a94670ce93be2a759c9bc1f16a,7385.094,7384.5,4965,exact-open-set-id-v2,1788473754940724640,127,127,2049,16464,798a66c36b5de126391e36e4a97ad4049a50f0db490477ed41e9ed0d2543cdb6,5.229,
453,primary_test_impostor,948,1851,primary_test_impostor,0,202,55,1047,0,False,,0,False,,0,,False,,4.951,0.43,32840,140457888b88305c8e9f9894db51dcbba4516edea51778dd1c4becf7f637d3a1,6964.032,6963.4,4965,exact-open-set-id-v2,1788473754940724640,127,127,2049,16464,d5af366e26803557bf6ac3931004acbcc15361ed564da4fb532cdced0b43085c,5.361,
454,primary_test_impostor,949,1852,primary_test_impostor,0,238,80,107,0,False,,0,False,,0,,False,,5.563,0.46,32840,677effc5c41048a49be66af49f31008d80919da87e6e75c73e9856ad351220e6,7044.109,7043.2,4965,exact-open-set-id-v2,1788473754940724640,127,127,2049,16464,4e7f64a479df58971e20b7887dfcec0fcfdedeb36daa14a5a2c739a4d5d1a2fe,5.129,
455,primary_test_impostor,950,1853,primary_test_impostor,0,154,124,1109,0,False,,0,False,,0,,False,,4.553,0.42,32840,cf22c5faf8e944deb3e0775fa19ffe6553aa3d49be25d4c0c6b1b80c80be3f4a,6889.866,6889.1,4965,exact-open-set-id-v2,1788473754940724640,127,127,2049,16464,e4345e13eb72277a4ad65306730c01deb459fc0222f0d396aed52a9b48dbe0fb,5.293,
456,primary_test_impostor,951,1854,primary_test_impostor,0,240,61,1052,0,False,,0,False,,0,,False,,5.097,0.48,32840,cbc03ef463a5de3966f9a70736816ec67d178a3a5ab69871fab62fbd7015586b,6700.922,6700.3,4965,exact-open-set-id-v2,1788473754940724640,127,127,2049,16464,9cc0979a1a31ba4ed6644bcc8c7476bd7d80e4a05dc3fd99427fca7687998df7,5.238,
457,primary_test_impostor,952,1855,primary_test_impostor,0,208,2,10,0,False,,0,False,,0,,False,,5.566,0.42,32840,b82254ff200769f0bb6918c6bd658455181d2f9af873e65eb61bd42da4e98e6e,6998.26,6997.5,4965,exact-open-set-id-v2,1788473754940724640,127,127,2049,16464,4dfd3922a6cdc4c76fe33f029947ed1daa091fed409d18cbf003ec69d5f2039e,5.107,
458,primary_test_impostor,953,1856,primary_test_impostor,0,196,102,109,0,False,,0,False,,0,,False,,4.541,0.39,32840,5a38e2ae4527e4e9b5471e5f8f3f6a12976aa97a8dcffec08bf9ae81518e38f6,6760.707,6760.0,4965,exact-open-set-id-v2,1788473754940724640,127,127,2049,16464,1d7b2f4970acd06faa451d65c6d7803ed67379fe10281105dfb0828c7c917745,13.279,
459,primary_test_impostor,954,1857,primary_test_impostor,0,135,34,1028,0,False,,0,False,,0,,False,,11.871,0.56,32840,a7188b57ec4da3ed1e220c35b7aa130a02af4071f450dab07dda1c43dead50ed,6785.146,6784.2,4965,exact-open-set-id-v2,1788473754940724640,127,127,2049,16464,7717063cd197cd8334d9b4a4fff74bf3b6b8f77febb537aa15842d8c0b95b5e0,4.94,
460,primary_test_impostor,955,1858,primary_test_impostor,0,260,119,1104,0,False,,0,False,,0,,False,,4.327,0.38,32840,3f6f05fe4a6c38f9d272c6d535c20f511da9f4c4fc076b25a882b5af08c92936,6683.69,6683.1,4965,exact-open-set-id-v2,1788473754940724640,127,127,2049,16464,31ef0030c62b383b6c01df3770949e5b291011a68f051b0ef6a81407d008855b,5.053,
461,primary_test_impostor,956,1859,primary_test_impostor,0,131,108,1095,0,False,,0,False,,0,,False,,4.936,0.44,32840,7c38701d17653c683a0c634fa02e94b49fac597e4282b3b0db590e572ab7efb3,6673.291,6672.5,4965,exact-open-set-id-v2,1788473754940724640,127,127,2049,16464,63caad02b9496096e3b929d568312f9c7c3a3e66ffcc0e1af943031497594428,5.214,
462,primary_test_impostor,957,186,primary_test_impostor,0,127,58,105,0,False,,0,False,,0,,False,,4.679,0.4,32840,e1550155ad618bda9b638386653e8731fc709d961d77c700d9a418d389b8a4e1,6677.208,6676.6,4965,exact-open-set-id-v2,1788473754940724640,127,127,2049,16464,a036c40cc470e70438c084ab4c1b69209d1377c3f271223b9afe0465e71c21c6,28.275,
463,primary_test_impostor,958,1860,primary_test_impostor,0,233,24,1019,0,False,,0,False,,0,,False,,13.782,1.78,32840,c2aaffa2cff3c290da333ce095c2e03761a81e0008b39b17f953750c3e985c3e,6835.459,6834.8,4965,exact-open-set-id-v2,1788473754940724640,127,127,2049,16464,5b080e84c1b6d3b89ad0c6b07a72829a11c6b988220de8a32ed4386f193c65ee,5.264,
464,primary_test_impostor,959,1861,primary_test_impostor,0,242,23,1018,0,False,,0,False,,0,,False,,4.955,0.42,32840,0b03a777dcd797587eb278d2cc36f744ce62844fcdb9e6701f6a41052183a903,6748.603,6747.9,4965,exact-open-set-id-v2,1788473754940724640,127,127,2049,16464,2bed22a443486b3d9c35f57080498ffb42fcd5b26729981c1a0b63402b5dcf47,4.957,
465,primary_test_impostor,960,1862,primary_test_impostor,0,272,28,1022,0,False,,0,False,,0,,False,,4.616,0.39,32840,d325e8f73b68969dd40509ece4f2f22fe2c9f32c3dbe5415e07f220aad526603,6845.064,6844.4,4965,exact-open-set-id-v2,1788473754940724640,127,127,2049,16464,0e94bbe8f3eb69edb049e19c76b9d3331a1ac70cfa108f6901435ab7b542ed47,4.942,
466,primary_test_impostor,961,1863,primary_test_impostor,0,176,105,1092,0,False,,0,False,,0,,False,,4.863,0.41,32840,de2e6dda33212b6c83759ff3f4548f51f8bba7a64130201c8fa533df5bd6307d,6842.075,6841.3,4965,exact-open-set-id-v2,1788473754940724640,127,127,2049,16464,219943e8d7b9669cf0aaeaa421d87c42a5e10de82f87c125aa12a767deede8ed,5.011,
467,primary_test_impostor,962,1864,primary_test_impostor,0,267,78,1068,0,False,,0,False,,0,,False,,5.014,0.41,32840,ea037843b31dad6ffa2e6ab65886ebaf0239a1d9e5ff414855cbb4ee0e2214e3,6588.137,6587.5,4965,exact-open-set-id-v2,1788473754940724640,127,127,2049,16464,9950304ce0bf9ebe7737a04fe9092d1af3c188f389274290eeb0367065583553,5.41,
468,primary_test_impostor,963,1865,primary_test_impostor,0,182,20,1015,0,False,,0,False,,0,,False,,5.588,0.49,32840,d8dbdc4ed8d8ba2bb46ea42dcc6db65772890ccb535ff950261318e93881eb35,6928.24,6927.6,4965,exact-open-set-id-v2,1788473754940724640,127,127,2049,16464,06029f145323c640107802e58b158aa39b22ec93227ed2bc8231ea60f1c774c8,5.468,
469,primary_test_impostor,964,1866,primary_test_impostor,0,230,23,1018,0,False,,0,False,,0,,False,,5.2,0.42,32840,01ace0679378ef2b9db6f6b8cf11dd5e155c2f79de4b601e9523c98084f7e234,6628.454,6627.8,4965,exact-open-set-id-v2,1788473754940724640,127,127,2049,16464,2d05a1bdf8762d754a729cc81e5704be945f3611d038782d2fddb534b5af4037,4.589,
470,primary_test_impostor,965,1867,primary_test_impostor,0,118,11,1007,0,False,,0,False,,0,,False,,4.502,0.53,32840,0401e3276fc349d428ac024a3cc9afb64dabe9f348d3f6d6b669b13a443d9a50,6710.598,6709.9,4965,exact-open-set-id-v2,1788473754940724640,127,127,2049,16464,a3de28fc4b6fce46854b5791104e6eb507219f83f21e8a69f74f6f887a329d74,5.244,
471,primary_test_impostor,966,1868,primary_test_impostor,0,247,86,1075,0,False,,0,False,,0,,False,,4.395,0.4,32840,252102931a67eddb73a85ae4aff0dccff24be3a5e6a4c526d65d0cb41da16955,6646.677,6646.1,4965,exact-open-set-id-v2,1788473754940724640,127,127,2049,16464,8097689ba51d5fb7e4e0060f1d42da94c9c0b2dbf82db4e33a941ebb9a79547e,4.888,
472,primary_test_impostor,967,1869,primary_test_impostor,0,221,86,1075,0,False,,0,False,,0,,False,,4.602,0.39,32840,a1bb15650397fedb53883ef0f6a290e9edee7e096dfb56ff1a7dc763841f0e02,6729.051,6728.4,4965,exact-open-set-id-v2,1788473754940724640,127,127,2049,16464,1b1b978b1b5b64294f0e36b258edb9a7183218bccce0268f74ef23ba764f12f8,4.7,
473,primary_test_impostor,968,187,primary_test_impostor,0,136,119,1104,0,False,,0,False,,0,,False,,4.681,0.4,32840,37ff685aec0777d4f3866dca791416667e1ef6da46a8465a9569fcbea5a6e5d8,6776.385,6775.8,4965,exact-open-set-id-v2,1788473754940724640,127,127,2049,16464,e35bf53fe8d8fd231b0f32e99b8cfe0cc518f07413d1f393db66000f7308b04f,5.0,
474,primary_test_impostor,969,1870,primary_test_impostor,0,299,38,1031,0,False,,0,False,,0,,False,,4.532,0.41,32840,456876077ee6298e1adca2a1690ae63cbdcfa6abd435674bc765ebae9ef12113,6798.651,6798.0,4965,exact-open-set-id-v2,1788473754940724640,127,127,2049,16464,1da21079f2e99ccd215fa4277f1e97c0068b453c7004c73becda246a83118acc,5.08,
475,primary_test_impostor,970,1871,primary_test_impostor,0,246,26,1020,0,False,,0,False,,0,,False,,4.468,0.38,32840,82081ba29e8612e9ecc397512ab3425fa57cda3692c75a7067b2ef597d92f5a2,6857.266,6856.6,4965,exact-open-set-id-v2,1788473754940724640,127,127,2049,16464,207d756e35ab049946deb955dbfa71528b974d9c3be987edad591f879aa05ed7,5.516,
476,primary_test_impostor,971,1872,primary_test_impostor,0,168,99,1087,0,False,,0,False,,0,,False,,4.816,0.38,32840,58135a1f954cead9534501b63d8cd72945fda10091ae7d1d4fe3878934973c7e,6785.414,6784.7,4965,exact-open-set-id-v2,1788473754940724640,127,127,2049,16464,1c601e3145fbff642d1c46b17a15d5bbf144738b0e2f1d9a8c0ad1fe69aa485a,5.054,
477,primary_test_impostor,972,1873,primary_test_impostor,0,135,88,1077,0,False,,0,False,,0,,False,,4.73,0.4,32840,bdbe39f5269c21db3364cb1a2fcb2b48f8c7f7751b6536d32a2ea029b8033387,6825.918,6825.3,4965,exact-open-set-id-v2,1788473754940724640,127,127,2049,16464,2970add10274ffa6b8995a0a630505cc20eee0880bf788725ad94eb10be84c19,4.912,
478,primary_test_impostor,973,1874,primary_test_impostor,0,255,81,1070,0,False,,0,False,,0,,False,,4.272,0.4,32840,7de520ca60355fb61aaa265b038e078979646f71e531b172a8b3f15732f5f40a,6754.554,6753.9,4965,exact-open-set-id-v2,1788473754940724640,127,127,2049,16464,ac721f99f037efa30bb9ce72e1dfd49a2db6e6f9c9b37dc813ca1f34adddf6a9,5.253,
479,primary_test_impostor,974,1875,primary_test_impostor,0,221,12,1008,0,False,,0,False,,0,,False,,4.172,0.39,32840,78ddd20f3179ddac714cb6b549eb61d133267db526c79e2b160b5b8d355bcb89,6669.537,6668.7,4965,exact-open-set-id-v2,1788473754940724640,127,127,2049,16464,b556649b2c241f6a8ceba6ee802b28d0adde9ad0649b5087ee0356fc47a9adfa,5.111,
480,primary_test_impostor,975,1876,primary_test_impostor,0,184,77,1067,0,False,,0,False,,0,,False,,4.638,0.41,32840,a51cc558a8b09777512976b6c1d4245034b780fe878775e573005965a8137503,6740.021,6739.4,4965,exact-open-set-id-v2,1788473754940724640,127,127,2049,16464,cc8942aa88b1965decaea9d082f3c94dca0b4ad421b16cd110ad83cf756affb1,4.871,
481,primary_test_impostor,976,1877,primary_test_impostor,0,94,119,1104,0,False,,0,False,,0,,False,,4.549,0.42,32840,284b7b409506a53f02371e5c5949e53aefd4e7dc4572782f26cdc88592bfa128,6720.41,6719.8,4965,exact-open-set-id-v2,1788473754940724640,127,127,2049,16464,91bea0616c1f10f3fb2b5a66dda4da0ccb15915ce7a0daff5ff1f99adc8d0c08,4.922,
482,primary_test_impostor,977,1878,primary_test_impostor,0,98,15,1010,0,False,,0,False,,0,,False,,4.48,0.4,32840,11390448f8956915e002045da91d505964bb89f8db86f18440fb18ff3341041b,6753.164,6752.5,4965,exact-open-set-id-v2,1788473754940724640,127,127,2049,16464,2dfb17ec59827dbdbf5931438ea6e802e7f65664d79017779670fef6f02badd2,5.004,
483,primary_test_impostor,978,1879,primary_test_impostor,0,212,80,107,0,False,,0,False,,0,,False,,4.183,0.39,32840,89d36524ce1834f91d3a8818ca3feae66e5d6fbec7b3c2f5272f7aeee1257dce,6873.708,6873.0,4965,exact-open-set-id-v2,1788473754940724640,127,127,2049,16464,08f0ffc7ae68fb04e4d0a17d29a766e0a51944a9d7d99ab22e51cf6cf107578b,6.377,
484,primary_test_impostor,979,188,primary_test_impostor,0,359,1,1,0,False,,0,False,,0,,False,,7.294,0.44,32840,90e10c237bf6c585609b4090fccb34483eb2f2e0213656ea32f3746b1cd6928a,7132.239,7131.5,4965,exact-open-set-id-v2,1788473754940724640,127,127,2049,16464,e829b62b1cc8694ccbc993d2da26d7cd04418ba84a4b3e13ce1f9534feed830e,6.433,
485,primary_test_impostor,980,1880,primary_test_impostor,0,55,91,108,0,False,,0,False,,0,,False,,5.73,0.44,32840,48ce736fd4f6a06e1691a44742794464f0ffe07bbd0a65a6d32b2298b624d3c0,7219.744,7219.1,4965,exact-open-set-id-v2,1788473754940724640,127,127,2049,16464,5d00d358e3f3b3e10122b3820ec8c525a0f5766954c7fbbbab7143a8b6e9bcd0,7.314,
486,primary_test_impostor,981,1881,primary_test_impostor,0,283,112,1099,0,False,,0,False,,0,,False,,6.074,0.44,32840,bf7d53c44f5d639f5674f39c2db977e086824e9f6ce93e637813a55d97931398,7122.007,7121.4,4965,exact-open-set-id-v2,1788473754940724640,127,127,2049,16464,00cb334dd012582051bf3839b7a4cf4e0dd0dc930edc717b7116d02f2071a18b,5.523,
487,primary_test_impostor,982,1882,primary_test_impostor,0,162,7,1003,0,False,,0,False,,0,,False,,4.867,0.44,32840,7b2abbf541deb73291246eeba5249787e487cd0e929ef2c668ba4315350dac0c,6979.681,6979.1,4965,exact-open-set-id-v2,1788473754940724640,127,127,2049,16464,78fd8d17e5492819e0398c91b37890dca24934966712647d849449c5cc59379e,5.259,
488,primary_test_impostor,983,1883,primary_test_impostor,0,237,12,1008,0,False,,0,False,,0,,False,,5.138,0.43,32840,5effef6a9fe24de83ad370cf68da0d07bd40e7ec781427433eacce8a6eb66f8f,6745.724,6745.1,4965,exact-open-set-id-v2,1788473754940724640,127,127,2049,16464,019e846ab113678f5b877e04fe91fba8111a78f866bd74795a9776fff319e662,4.913,
489,primary_test_impostor,984,1884,primary_test_impostor,0,90,26,1020,0,False,,0,False,,0,,False,,4.865,0.57,32840,2b4f9034cf399a11ab31dc971fe7cc898c94bc91c34ebb5f62451af69d947299,6771.192,6770.5,4965,exact-open-set-id-v2,1788473754940724640,127,127,2049,16464,7e66480d611e6256a3690357a880cf2d62957ed6d3cea280d665f0154e831938,5.056,
490,primary_test_impostor,985,1885,primary_test_impostor,0,307,95,1083,0,False,,0,False,,0,,False,,4.84,0.44,32840,a76d20a0a0d7203459d9d9988d32b785d93988a2de1d08d7b4865ab85a8dc867,6858.375,6857.7,4965,exact-open-set-id-v2,1788473754940724640,127,127,2049,16464,b0a29682408722d165aa87066e24fa28e50fb8045248d567c3dfb92df024450c,4.923,
491,primary_test_impostor,986,1886,primary_test_impostor,0,114,97,1085,0,False,,0,False,,0,,False,,4.833,0.42,32840,914ece91608b4fc4c048aa2e0c40ecd0b86d188e8055651f0f563c59480777fd,6847.617,6847.0,4965,exact-open-set-id-v2,1788473754940724640,127,127,2049,16464,15504d0de03bc2c203c1ebcee3128f5381639fddfafe4d800bfd25f4c77c7a4a,5.141,
492,primary_test_impostor,987,1887,primary_test_impostor,0,388,46,1039,0,False,,0,False,,0,,False,,4.793,0.43,32840,367df8c1e91d455273372443e6099d243012d0dc57cc2654d06034893349314e,7150.369,7149.2,4965,exact-open-set-id-v2,1788473754940724640,127,127,2049,16464,bf7ea0888c37dae542cd5616e53de41c4f2e132274e175c6c110ca4621935da6,4.889,
493,primary_test_impostor,988,1888,primary_test_impostor,0,89,24,1019,0,False,,0,False,,0,,False,,5.13,0.42,32840,9caa4a551a1f44b6bf5cdd263fc74b844a31e4a219b300dbe546fd512dc9bf98,6927.795,6927.0,4965,exact-open-set-id-v2,1788473754940724640,127,127,2049,16464,215721a9ffedd4894b640cd2df79852af61f6714289d0ea1f9e404057fdde60c,15.982,
494,primary_test_impostor,989,1889,primary_test_impostor,0,161,19,1014,0,False,,0,False,,0,,False,,9.252,0.56,32840,b8af0c24da3845b7641e91ff5131d9c94fb1631d7166cf25e939540136c8abe7,6996.32,6995.6,4965,exact-open-set-id-v2,1788473754940724640,127,127,2049,16464,66764c987f6f7fd0985f32f1f9775ec97aa8183fd5e27b5363333d521be8b418,5.569,
495,primary_test_impostor,990,189,primary_test_impostor,0,212,92,1080,0,False,,0,False,,0,,False,,4.406,0.39,32840,cbaeffb9c104007650d1b83f721cd6ac2aac54286c495d5095e23f46c83959f1,6848.106,6847.5,4965,exact-open-set-id-v2,1788473754940724640,127,127,2049,16464,43f544edd6c78e132829aabc2a5d10df27a9a63ed8223e98e0de51d4fe6eee36,4.88,
496,primary_test_impostor,991,1890,primary_test_impostor,0,189,96,1084,0,False,,0,False,,0,,False,,4.301,0.4,32840,66a098827936fea2a432ad8f30191d15353fa25e927bf9bcbb98763e3800f294,6844.611,6843.9,4965,exact-open-set-id-v2,1788473754940724640,127,127,2049,16464,108c444554a8a2a7456a5d349b83a80b533055cc1c87335b518a2c619332319e,5.664,
497,primary_test_impostor,992,1891,primary_test_impostor,0,106,17,1012,0,False,,0,False,,0,,False,,5.067,0.6,32840,d87cc014d64ec9d2e823b4ff5da9ed04b776da532604aa3dbd020b8fd59d2ff9,6848.171,6847.5,4965,exact-open-set-id-v2,1788473754940724640,127,127,2049,16464,e819b9976116fdfe16d12edfa38153e011e786b5dbad3acb3b42cb18ef219047,5.426,
498,primary_test_impostor,993,1892,primary_test_impostor,0,142,115,1100,0,False,,0,False,,0,,False,,5.598,0.83,32840,3d348c821456b51a6a565a7077931d1c9c6d36ef862433cc4014abef6353cd95,6813.063,6812.3,4965,exact-open-set-id-v2,1788473754940724640,127,127,2049,16464,2b8e0d47db6662c51df9463b97829c28b0841d0605bc71ba5f5ceb38171da9a3,4.935,
499,primary_test_impostor,994,1893,primary_test_impostor,0,127,29,1023,0,False,,0,False,,0,,False,,4.462,0.47,32840,620bb71facdd5e7ed85f8471a34676bba0e417ad6735d5b80c8df634d2906b08,6665.695,6665.0,4965,exact-open-set-id-v2,1788473754940724640,127,127,2049,16464,69e4d33b276a6d0f6ed97f9a515d35586b7e192941e8495ab640f85878a96877,5.005,
500,primary_test_impostor,995,1894,primary_test_impostor,0,179,116,1101,0,False,,0,False,,0,,False,,4.617,0.41,32840,c64eaf43039d366fce9728b217e28c837791487d32826a69dcccb49a215f6676,6686.081,6685.4,4965,exact-open-set-id-v2,1788473754940724640,127,127,2049,16464,129c29ce26fa36f9ea95d0c9847c310c738ffb613164cada74b61a583d95ff8d,4.969,
501,primary_test_impostor,996,1895,primary_test_impostor,0,200,99,1087,0,False,,0,False,,0,,False,,4.476,0.38,32840,423eaad97eddff0aa2fc1d25275796e66e24de309006dfdf42977914022f3256,6890.377,6889.7,4965,exact-open-set-id-v2,1788473754940724640,127,127,2049,16464,f8626881d62858cff2685ecf410f89030f30b957d35876f0265d0d8bb71831c0,5.183,
502,primary_test_impostor,997,1896,primary_test_impostor,0,227,31,1025,0,False,,0,False,,0,,False,,5.053,0.44,32840,23c50e40f53054e0f8dc3fa8a66040e4c1ae211fa28ce3c3368f245bfb338119,6803.62,6802.9,4965,exact-open-set-id-v2,1788473754940724640,127,127,2049,16464,bc36721991f6cd4b3b3669c72a3891506193cf41956dda42a2b1fc189a222dfc,4.874,
503,primary_test_impostor,998,1897,primary_test_impostor,0,268,49,1041,0,False,,0,False,,0,,False,,4.497,0.4,32840,46f46d29534cacf7148c95df44d5be6d3f2a38f5f53d7dabee9b0e59585ac627,6664.76,6664.2,4965,exact-open-set-id-v2,1788473754940724640,127,127,2049,16464,e96562a574c4f8deaa39dc89af5b9bdc74e9486c35a07f7aac58f7d6f01c3a4c,5.133,
504,primary_test_impostor,999,1898,primary_test_impostor,0,195,66,1057,0,False,,0,False,,0,,False,,5.04,0.42,32840,230bdcea08e24bae12c96631bbf15adbc70e334a592086d7a2ad137bcaf0256d,6684.05,6683.4,4965,exact-open-set-id-v2,1788473754940724640,127,127,2049,16464,e0059bea3cca1f13d781c67f12e7048e7e9d815ca502ec5cc077e782ae2aa5e0,5.102,
505,primary_test_impostor,1000,1899,primary_test_impostor,0,204,57,1049,0,False,,0,False,,0,,False,,4.564,0.38,32840,2440dc4b19ccb6bf5e1dc834fde385a8b87cab04f3b5da4e0f53874936323784,6636.226,6635.6,4965,exact-open-set-id-v2,1788473754940724640,127,127,2049,16464,ffa96df36d3d79f9c2234dc85e2498ed4d7bbd5c487fb2129587ce2b306a6616,5.387,
506,primary_test_impostor,1001,19,primary_test_impostor,0,121,24,1019,0,False,,0,False,,0,,False,,4.528,0.39,32840,0a8a6e007dec3f5120d31689856db56aebb55c27a7bad4161ba528e4d5107a9f,6690.343,6689.7,4965,exact-open-set-id-v2,1788473754940724640,127,127,2049,16464,d4cce9e19915d229b15ca1d8bb6b129d3b727917c4785d0809f6236d09531c07,4.833,
507,primary_test_impostor,1002,190,primary_test_impostor,0,180,47,104,0,False,,0,False,,0,,False,,4.681,0.41,32840,3958071daac168daacedfa8339e262eaf8776872e6c7ceb4aa2e32b87c7d8d6b,6633.527,6632.9,4965,exact-open-set-id-v2,1788473754940724640,127,127,2049,16464,f0341c825e2765af3e126a07cf1a967bb97b0a0543780f0cacbc1a7f3a8226e8,5.445,
508,primary_test_impostor,1003,1900,primary_test_impostor,0,114,102,109,0,False,,0,False,,0,,False,,4.406,0.38,32840,b988670d201a696cc98448882fc4e8c11d7a8b02013f710eb1aa71291d178512,6818.835,6818.2,4965,exact-open-set-id-v2,1788473754940724640,127,127,2049,16464,3aaed54f94b6dc702e869e6baa50167857f341c5a62aea720518d13ab2ca105a,5.028,
509,primary_test_impostor,1004,1901,primary_test_impostor,0,165,68,1059,0,False,,0,False,,0,,False,,4.757,0.41,32840,55bbb5633f91dd3ff7da5816799abb11a81c3219e2cfa9d54b2fc30d808e8797,6933.725,6933.1,4965,exact-open-set-id-v2,1788473754940724640,127,127,2049,16464,ec971fef434152b9cca9744e7e714e3f03340a1ed3184010616a3045c6c7cfe5,4.627,
510,primary_test_impostor,1005,1902,primary_test_impostor,0,63,116,1101,0,False,,0,False,,0,,False,,4.527,0.4,32840,ee9003f2778923b8217583e3b025032e1c02ad638ba0c83184c818b47dfec212,7082.785,7082.2,4965,exact-open-set-id-v2,1788473754940724640,127,127,2049,16464,eb787f7c91732f763d7412cd91eafe67e2240cf9ae96fa7a599f725fb0d40431,5.731,
511,primary_test_impostor,1006,1903,primary_test_impostor,0,150,92,1080,0,False,,0,False,,0,,False,,4.448,0.39,32840,73eac0d66acb325ad3ee345e05d42c05edc3826524925f93d9d05cb240343552,6909.162,6908.6,4965,exact-open-set-id-v2,1788473754940724640,127,127,2049,16464,31a44fc566775b532caa959d3bbd91c4031218be45badc13ec9626f40e05b5f4,5.069,
512,primary_test_impostor,1007,1904,primary_test_impostor,0,171,75,1065,0,False,,0,False,,0,,False,,4.718,0.41,32840,098ff89156ec82ba671c332d60ff3bb0d1d140db2327eeccd1fb033bd6bae7ae,6920.876,6920.2,4965,exact-open-set-id-v2,1788473754940724640,127,127,2049,16464,6f53d5d516be32d38985753bf9191021927331a7261025ca404b018705d29204,5.052,
513,primary_test_impostor,1008,1905,primary_test_impostor,0,244,115,1100,0,False,,0,False,,0,,False,,4.047,0.4,32840,ed654ebf0cbbb0108619fecd8d261d28789ec01959ba4ee5e640e4a0fec3ea89,6862.824,6862.2,4965,exact-open-set-id-v2,1788473754940724640,127,127,2049,16464,4eb40e3ce25bd4df09932d69ff0cf87a267dd94cd088e72eca1d59de50454b53,12.852,
514,primary_test_impostor,1009,1906,primary_test_impostor,0,91,106,1093,0,False,,0,False,,0,,False,,6.66,0.44,32840,07e8fb8e58d066b2693ac38ba1f19dea6c4fbaa340c4ec7f0413a1ba0d9730dc,6989.765,6989.1,4965,exact-open-set-id-v2,1788473754940724640,127,127,2049,16464,e2f8eba0e2e8845c47fbb54613dee497737e0fd5db13d39259908269f71beacb,5.387,
515,primary_test_impostor,1010,1907,primary_test_impostor,0,136,17,1012,0,False,,0,False,,0,,False,,4.482,0.5,32840,16672025b3ae8c837976ba2c7dc90992ccca35ef27831cfb365ecc3c2de1914e,6886.718,6886.1,4965,exact-open-set-id-v2,1788473754940724640,127,127,2049,16464,6ddaf8f273217e2b2c835e7423313c593addd3892be0a81f8166da757cabec29,5.686,
516,primary_test_impostor,1011,1908,primary_test_impostor,0,153,88,1077,0,False,,0,False,,0,,False,,4.935,0.39,32840,7a9df34158904ff88a6d9508b52a6e2ad366bb211f00fa58e36cc33594895949,6927.362,6926.7,4965,exact-open-set-id-v2,1788473754940724640,127,127,2049,16464,8a1279c11bf786aa84f0b0fa951b77d0fae409096c29fa184e8d3f9fecb1b27c,5.106,
517,primary_test_impostor,1012,1909,primary_test_impostor,0,112,123,1108,0,False,,0,False,,0,,False,,4.57,0.39,32840,98e5d3e7b345436634c3a92f6c627d3dcc6fc6a0a3a5b522193ea2e353eed75e,6846.044,6845.4,4965,exact-open-set-id-v2,1788473754940724640,127,127,2049,16464,778a5f6b5c120a3e7832d0f03c96edd69fd3e68d10d5182d3ad3563c8ee8405e,4.844,
518,primary_test_impostor,1013,191,primary_test_impostor,0,216,20,1015,0,False,,0,False,,0,,False,,4.463,0.48,32840,96d4fb97b0bcd0c571edc6a9e9d20761a612206d13f6501f1efd6c82f356ab59,7649.634,7648.7,4965,exact-open-set-id-v2,1788473754940724640,127,127,2049,16464,9849fde4f72c943f3add4126dbeff117fe93808484faca61327db4754ce790f0,25.908,
519,primary_test_impostor,1014,1910,primary_test_impostor,0,157,78,1068,0,False,,0,False,,0,,False,,9.498,0.67,32840,60ce6e21c87c892b06b38c93473103fcaa1857ffcd5b3661e29e263c9f1113af,8365.286,8364.2,4965,exact-open-set-id-v2,1788473754940724640,127,127,2049,16464,7b2ca1b41ae7d20aa6fe0f020b38c123420a1e5b1fcc28fd347cf6105042e70c,5.62,
520,primary_test_impostor,1015,1911,primary_test_impostor,0,127,64,1055,0,False,,0,False,,0,,False,,8.072,0.42,32840,8ce6de2418abfed538596e7abb20034f951958f8d9b33a8538895e193fbe3223,7845.676,7845.0,4965,exact-open-set-id-v2,1788473754940724640,127,127,2049,16464,725a8daba7fc568cb2f6bfd49519f4b66a1912161e40f6d624e59b3d3e97571d,5.264,
521,primary_test_impostor,1016,1912,primary_test_impostor,0,239,86,1075,0,False,,0,False,,0,,False,,5.47,0.69,32840,4a9feaf39dec2f26a708faa0f2e66b364f2c9dd392f71dd02438bc7781541c66,7220.73,7220.1,4965,exact-open-set-id-v2,1788473754940724640,127,127,2049,16464,0bd4b077126695badf54ec11614fde9976c6534c062534489cf9482ac16c7ce3,5.062,
522,primary_test_impostor,1017,1913,primary_test_impostor,0,231,88,1077,0,False,,0,False,,0,,False,,5.507,0.41,32840,5736def456b15b9eaffcfa36db6a4199657db044bc808ba12dad6d9f9b2a9e59,7088.915,7088.2,4965,exact-open-set-id-v2,1788473754940724640,127,127,2049,16464,2c73a1c25d2ed7928e724eb4335aa3595d66a13cb41eb1ee103e95a5d1092a49,5.007,
523,primary_test_impostor,1018,1914,primary_test_impostor,0,184,2,10,0,False,,0,False,,0,,False,,4.827,0.43,32840,8b9fcdf9e58b8656ff8e4fad284dce101d159f24469dc9284070f72ad8124c36,6799.683,6799.0,4965,exact-open-set-id-v2,1788473754940724640,127,127,2049,16464,e8cf1aec4d8c9f6932c9321e31f0d527fd7a7c1aec01ea0d33651a17326a8f29,6.223,
524,primary_test_impostor,1019,1915,primary_test_impostor,0,160,3,100,0,False,,0,False,,0,,False,,4.997,0.75,32840,b125071cd590a81d59ad56f814154b97fc3f12da563062158629669f2ea279f3,6763.056,6762.4,4965,exact-open-set-id-v2,1788473754940724640,127,127,2049,16464,8fbcc7d6e4198e1292828f4b4ca6a767f64106b3b9f8230922b83b7c7c44b08d,4.994,
525,primary_test_impostor,1020,1916,primary_test_impostor,0,194,62,1053,0,False,,0,False,,0,,False,,4.023,0.37,32840,f6f2ca221b5443f6ccb4fce1a553e0dae833e706c3141d2d0c8f33832ee73c49,6676.725,6676.1,4965,exact-open-set-id-v2,1788473754940724640,127,127,2049,16464,e3a4b0cfe2e72210e87af21b52f4e774a066865940fd3ebcb285633a7621f252,5.598,
526,primary_test_impostor,1021,1917,primary_test_impostor,0,246,110,1097,0,False,,0,False,,0,,False,,4.731,0.36,32840,8738638f0ccadc09e59b4d95d426e8541b7a43d97ed3634eef75ec3c5529811f,6892.024,6891.2,4965,exact-open-set-id-v2,1788473754940724640,127,127,2049,16464,b586f6f5514408b9516fb97f2993c75592079bbbd5ba05b00454f772bde3c83c,5.135,
527,primary_test_impostor,1022,1918,primary_test_impostor,0,202,80,107,0,False,,0,False,,0,,False,,4.575,0.41,32840,772b167922d163494a725e86f647c48ee6d86da934c8fb10b6bd1ec662a942d1,6897.626,6897.0,4965,exact-open-set-id-v2,1788473754940724640,127,127,2049,16464,fb47a0eb7b0c5f32b9222f4ec16382f61de7451eb24061ad892d2582cc361d87,5.03,
528,primary_test_impostor,1023,1919,primary_test_impostor,0,216,93,1081,0,False,,0,False,,0,,False,,4.925,0.41,32840,58cb877ddfb14324f23e74c426ef398260d5cb96dfc0c0f35f96a948fd604667,6707.732,6707.0,4965,exact-open-set-id-v2,1788473754940724640,127,127,2049,16464,5561a4b6109e817fbeb91c8a84075e108c87e6f5a6870f67486894cf09c409fc,13.543,
529,primary_test_impostor,1024,192,primary_test_impostor,0,208,42,1035,0,False,,0,False,,0,,False,,8.01,0.96,32840,5091cc43722653201180af9eec9f34ff835772a486e899f436589ba207cc5929,6764.608,6763.9,4965,exact-open-set-id-v2,1788473754940724640,127,127,2049,16464,01ec504554228bdd3a1196a17c99ad01b933a4784af71a07bae020ef18d356f1,5.026,
530,primary_test_impostor,1025,1920,primary_test_impostor,0,135,91,108,0,False,,0,False,,0,,False,,4.601,0.37,32840,1904d6feb23df23da66aff50948a07dd2aa8e3dc3436c59fa815b73b632ac0b5,6741.663,6741.0,4965,exact-open-set-id-v2,1788473754940724640,127,127,2049,16464,3c1acb6ccf2131191aa12a83e07d37421438cfba23304fdf9cba74a560011ac0,5.289,
531,primary_test_impostor,1026,1921,primary_test_impostor,0,206,80,107,0,False,,0,False,,0,,False,,5.384,0.42,32840,a0274a283370aadd2ff5169b7e10862a4191072d47bab9ccdf5b72f574e0aaa3,6722.039,6721.4,4965,exact-open-set-id-v2,1788473754940724640,127,127,2049,16464,16d88cfc499c24f7eca13ecfc2705dad403df63830163ca7c5ed379d5c34e912,5.115,
532,primary_test_impostor,1027,1922,primary_test_impostor,0,128,4,1000,0,False,,0,False,,0,,False,,5.064,0.44,32840,86cb0b5a8f4fe0cc2e1321752a766d8364f2050748c24ee2d014635b0960a2eb,6803.415,6802.7,4965,exact-open-set-id-v2,1788473754940724640,127,127,2049,16464,c404bb85b58a67b4b63f13c86cbbff83fb5a5a64073716ab644f7ac5edee5a3c,8.53,
533,primary_test_impostor,1028,1923,primary_test_impostor,0,112,80,107,0,False,,0,False,,0,,False,,5.21,0.42,32840,553394cbe2c12ead8b6d1907a7ed667894b0ba780f3def337d91cec57a6185c4,7052.721,7052.0,4965,exact-open-set-id-v2,1788473754940724640,127,127,2049,16464,eb7496e6cd50131a494f8b089427467a44788ec06177f66e585b269b7aad0835,5.814,
534,primary_test_impostor,1029,1924,primary_test_impostor,0,273,45,1038,0,False,,0,False,,0,,False,,5.396,0.45,32840,7c1ae7352655f98994e5730631f6ca464917fc4572776281523e4ab8993ae65a,6961.478,6960.8,4965,exact-open-set-id-v2,1788473754940724640,127,127,2049,16464,fd98e06acc8b09e72c9c644b1e23da284b043e1fa312501b8ed58034b1217412,5.067,
535,primary_test_impostor,1030,1925,primary_test_impostor,0,244,121,1106,0,False,,0,False,,0,,False,,4.624,0.42,32840,1ed5bfb1a3554f7653241145779d573d0ff360ec8ca6f9af686a866c607a1eb5,6996.135,6995.3,4965,exact-open-set-id-v2,1788473754940724640,127,127,2049,16464,1759728f7cd6f7cf199eb89303457ee8ae1c2f1579bbdfb494955f962c5ef8f2,9.574,
536,primary_test_impostor,1031,1926,primary_test_impostor,0,194,61,1052,0,False,,0,False,,0,,False,,16.146,0.45,32840,0238dfb83fd39f47842e720fbcddbd07b06c67f64cf053c76922b6be42060ce8,7128.539,7127.8,4965,exact-open-set-id-v2,1788473754940724640,127,127,2049,16464,94ec1cddf04b46845944b957bfe324bca8cd25038b34dcf6e50760898cbfdc8d,5.684,
537,primary_test_impostor,1032,1927,primary_test_impostor,0,207,76,1066,0,False,,0,False,,0,,False,,4.481,0.43,32840,463b0c56907c66bcef4f8c1df82e7675e4982564a326d6cf2787836b74b4debe,7004.359,7003.8,4965,exact-open-set-id-v2,1788473754940724640,127,127,2049,16464,77617a8b08bbe17646ca9bd4f17684473650c8ba368171f1d0a35a07a1cf0c76,5.029,
538,primary_test_impostor,1033,1928,primary_test_impostor,0,184,30,1024,0,False,,0,False,,0,,False,,4.672,0.66,32840,e1b4dcd7cead1fdfcf1b8dfa04bd95354f6ca5c451e0f0e0ab7588bd3d9407ff,6798.279,6797.7,4965,exact-open-set-id-v2,1788473754940724640,127,127,2049,16464,5c684fd91f3f75069039e58ee33d62c0ba853763a1bae0696f3107d70ff52613,4.842,
539,primary_test_impostor,1034,1929,primary_test_impostor,0,115,29,1023,0,False,,0,False,,0,,False,,4.675,0.6,32840,fd8d584339565e184b5a0997b068f394b5b0555831b82a6cb74caec1ca176f08,6887.125,6886.5,4965,exact-open-set-id-v2,1788473754940724640,127,127,2049,16464,34c41caf47e9fe81f34ec6fbe6fdbeeded7c5b1b460aeab43d0b87fabebe32a9,5.472,
540,primary_test_impostor,1035,193,primary_test_impostor,0,134,121,1106,0,False,,0,False,,0,,False,,6.306,0.47,32840,1ac6455d34b1f1a9fb714a7c654a239d2c1e7b7bdb6e0e6e70cc8c3838b456ad,6901.487,6900.6,4965,exact-open-set-id-v2,1788473754940724640,127,127,2049,16464,91749fb09f1a929b9855e8f1fea5d4e8fe795fa6ff03fe152a31d9a24fe556b6,5.013,
541,primary_test_impostor,1036,1930,primary_test_impostor,0,142,80,107,0,False,,0,False,,0,,False,,4.769,0.41,32840,cd5e944d37720d3f080da4b835eeba9d07f05446acd1c832038e026d489d226f,6746.12,6745.5,4965,exact-open-set-id-v2,1788473754940724640,127,127,2049,16464,7830660be0daef798bdbc97909c455977ff6a9a4f9bb79c8ac5a21bd1dfc23d0,10.718,
542,primary_test_impostor,1037,1931,primary_test_impostor,0,240,80,107,0,False,,0,False,,0,,False,,4.814,0.4,32840,3edeffbee55a8272cef0464ad8cd79eb16d4ce3fb9a0fec8c9932a430ffc7a15,6674.661,6674.0,4965,exact-open-set-id-v2,1788473754940724640,127,127,2049,16464,591f6810b6703f60f2149292ee3b333c33bb08db786363eb8dbde87491db26c9,5.219,
543,primary_test_impostor,1038,1932,primary_test_impostor,0,150,97,1085,0,False,,0,False,,0,,False,,4.83,0.39,32840,4ccd1768a7f0c2cf0c46187e9908efcbadda0439fced05904bd542091ac0847f,6891.103,6890.4,4965,exact-open-set-id-v2,1788473754940724640,127,127,2049,16464,93d32f4dfd5413c839f78bec30f0155322f36c9cb7e9b3c6dba1670c21fcc94d,4.824,
544,primary_test_impostor,1039,1933,primary_test_impostor,0,48,93,1081,0,False,,0,False,,0,,False,,4.137,0.4,32840,f47ce456f6657f56712aed363babb9b1ee3af6f5b27ffe9cf3599c20b4cbb087,6889.255,6888.6,4965,exact-open-set-id-v2,1788473754940724640,127,127,2049,16464,13a467bf40dbf4aa7d553980ac5f5e7284082b15addd904f78b40a6226fcc818,4.811,
545,primary_test_impostor,1040,1934,primary_test_impostor,0,126,115,1100,0,False,,0,False,,0,,False,,4.509,0.44,32840,65bb6fe6e0b84261a8c75b5749f7b577d35c4c31c0123f4c509d9d4f4d209104,6709.089,6708.4,4965,exact-open-set-id-v2,1788473754940724640,127,127,2049,16464,5a9a63f8e78ddd364073d9d91c9271d6cb0c7fec61dab9d609162ab6928d811b,4.903,
546,primary_test_impostor,1041,1935,primary_test_impostor,0,128,97,1085,0,False,,0,False,,0,,False,,4.73,0.38,32840,34fb11c8a7c3f66225590c93d02bab337162e849247c255c51f795f8c4e59fe3,6894.833,6894.2,4965,exact-open-set-id-v2,1788473754940724640,127,127,2049,16464,549df6ce8a044e7d0654de226b725f55908a560911c60f7540d42d703d7239b0,4.777,
547,primary_test_impostor,1042,1936,primary_test_impostor,0,176,2,10,0,False,,0,False,,0,,False,,4.695,0.47,32840,c8cedbd0b2f9a06d401b71e22d9b49ee9b999edef3a0891963350314275f6876,6697.504,6696.8,4965,exact-open-set-id-v2,1788473754940724640,127,127,2049,16464,38e5cf9f2724e94fa624f97b1cdef5006e9e181fd3d260d43a3587d1b45bbeda,25.99,
548,primary_test_impostor,1043,1937,primary_test_impostor,0,125,74,1064,0,False,,0,False,,0,,False,,20.47,0.6,32840,b315be39a444c9c507855cf391665b0c0d06ab52ca46d6f5fcac934e393a4d73,6772.659,6771.8,4965,exact-open-set-id-v2,1788473754940724640,127,127,2049,16464,9196f2503b59c2e8622d73ed785f8ad8a2e61571160afff203f3b0bd910b2e68,6.156,
549,primary_test_impostor,1044,1938,primary_test_impostor,0,158,35,1029,0,False,,0,False,,0,,False,,5.378,0.42,32840,9ee2e1e172ce6a6afe99fa68b08ea39b3ce74a1c7641df51b1c39c2372470c1e,6876.895,6876.2,4965,exact-open-set-id-v2,1788473754940724640,127,127,2049,16464,398b270381e4b79f44c270e2e52e41d04b9bd65625209f0f0a2a785a36faa5e2,5.576,
550,primary_test_impostor,1045,1939,primary_test_impostor,0,168,3,100,0,False,,0,False,,0,,False,,4.3,0.42,32840,3d43e33fd5b3d190ed38b3f991455d2c164944948468042cd0de283f619b968d,6671.601,6671.0,4965,exact-open-set-id-v2,1788473754940724640,127,127,2049,16464,471c30357e0ea8303bf4f086c76687db874450f8359268b2345b884bb25099ef,5.178,
551,primary_test_impostor,1046,194,primary_test_impostor,0,180,72,1062,0,False,,0,False,,0,,False,,4.332,0.39,32840,6e0f50597a72dec79c89bad3a69899778f582efe56f5dc2cdc17d69430aca1b0,6798.661,6798.0,4965,exact-open-set-id-v2,1788473754940724640,127,127,2049,16464,dac54a19120a3e29f96a032594cde4d55484c5585cf71d7c17ddf189786b88a5,4.675,
552,primary_test_impostor,1047,1940,primary_test_impostor,0,285,67,1058,0,False,,0,False,,0,,False,,4.567,0.41,32840,c73db9b1a5acdf1bc69c1ef0a3b9ffbb101b243c6cfd7bcfeff040d44a574b73,6704.899,6704.3,4965,exact-open-set-id-v2,1788473754940724640,127,127,2049,16464,dbc3d8a9c06a07cc34f99a916770f149e798d3eba316ed63f0854f1f273c37d4,5.21,
553,primary_test_impostor,1048,1941,primary_test_impostor,0,159,76,1066,0,False,,0,False,,0,,False,,5.294,0.53,32840,6c7cd2242d09fdce4bb0ac5f7fedd6091a38057a36394e2cfd5541522dc8b01e,7441.852,7441.0,4965,exact-open-set-id-v2,1788473754940724640,127,127,2049,16464,74c7f6cf5745a116278e6cab25e44ffdee18d4c264ac6e225a4a967930fbfd07,4.947,
554,primary_test_impostor,1049,1942,primary_test_impostor,0,223,88,1077,0,False,,0,False,,0,,False,,5.526,0.44,32840,5a173c58b3e7380a391554b09c58467160f9ad735119f2d29ba6cf3a7be9540a,7176.748,7176.1,4965,exact-open-set-id-v2,1788473754940724640,127,127,2049,16464,d55b3934de986b5936461b34b7e9693e25477b3aaeca0b6697997422285d0b08,5.453,
555,primary_test_impostor,1050,1943,primary_test_impostor,0,145,52,1044,0,False,,0,False,,0,,False,,4.989,0.52,32840,4074a4fd7a5335ba4e1a1d672c9a6a3561bdda68ad5851513ecc2b21fe72e9a6,7053.688,7053.0,4965,exact-open-set-id-v2,1788473754940724640,127,127,2049,16464,68e1b25e209aabb96946833dbdb2248d900983fb70cc84024d69aaf5d4e315a7,12.944,
556,primary_test_impostor,1051,1944,primary_test_impostor,0,230,16,1011,0,False,,0,False,,0,,False,,10.092,0.49,32840,d55e2a9bd467017e25e87ae1df607dfdc563802fd9e901d6d1ce5ff65b728ecb,7040.363,7039.4,4965,exact-open-set-id-v2,1788473754940724640,127,127,2049,16464,03b0c343536499bbed3521712b45d77fc6a168eeeb3110263aa74635fdcf8981,5.796,
557,primary_test_impostor,1052,1945,primary_test_impostor,0,263,22,1017,0,False,,0,False,,0,,False,,4.783,0.41,32840,d827d7d3028cfa2e8ae9bd804c0b061dab4aa844a4a45f594e37a505648008e5,6785.459,6784.8,4965,exact-open-set-id-v2,1788473754940724640,127,127,2049,16464,9f854bd091b0a00e00b99c1d37025d1f7e3a135ee4b4c4649ca8230e28ea6ff9,5.121,
558,primary_test_impostor,1053,1946,primary_test_impostor,0,214,23,1018,0,False,,0,False,,0,,False,,4.473,0.39,32840,bc3be9deb960c2cd3276d8b6b359ec0802cf5e851ee57174133010934a26dcbb,6825.495,6824.9,4965,exact-open-set-id-v2,1788473754940724640,127,127,2049,16464,11e4646087a992e4c6e5f55f9de007ded09d1c03d4dd089b97ba081a3267e8ce,5.763,
559,primary_test_impostor,1054,1947,primary_test_impostor,0,174,92,1080,0,False,,0,False,,0,,False,,5.307,0.64,32840,26a14245e7ac2a4edb320cd92a7b9f8aef2ffe06033f86320fee7aa03613bfc6,6801.878,6801.2,4965,exact-open-set-id-v2,1788473754940724640,127,127,2049,16464,df77d2010bc36dbcfb5998fc8d85f3d3e4cae909fe77d9ab4d3b344afe6fdc32,5.299,
560,primary_test_impostor,1055,1948,primary_test_impostor,0,176,57,1049,0,False,,0,False,,0,,False,,4.991,0.41,32840,08f2b2298e13a5d3260e52e7dacd1c7931517aaeaaabc4596fcc599bf0eb978a,6701.715,6701.2,4965,exact-open-set-id-v2,1788473754940724640,127,127,2049,16464,e57c7aa437ccc63670da17c5b9934b0edebe8c9735ce221b6bebcf7d77fe0b25,4.716,
561,primary_test_impostor,1056,1949,primary_test_impostor,0,295,29,1023,0,False,,0,False,,0,,False,,4.949,0.42,32840,9f4fe37441c2fc75a817a04e01cf529c0686263872422c1f5809aa0c2e4b8886,6945.198,6944.5,4965,exact-open-set-id-v2,1788473754940724640,127,127,2049,16464,c4ee5da7fec997667039653ea3761941eb5a5c851a13e94e597658609173f845,5.9,
562,primary_test_impostor,1057,195,primary_test_impostor,0,159,98,1086,0,False,,0,False,,0,,False,,5.596,0.43,32840,719be05f7c347bcb646d0317ca23df2152a858e33295398d048b79d19d0275fa,6886.147,6885.4,4965,exact-open-set-id-v2,1788473754940724640,127,127,2049,16464,80c2e5bc579b8d9dfd62674904b268af97775443091fa8c10fe2bd69e2f445f0,4.925,
563,primary_test_impostor,1058,1950,primary_test_impostor,0,223,67,1058,0,False,,0,False,,0,,False,,4.695,0.38,32840,efaa025ee12490a1526923db8a181a59b012337a5df8f977ef73742392e9ff61,6717.27,6716.6,4965,exact-open-set-id-v2,1788473754940724640,127,127,2049,16464,0d75e02d2041504102e055bcc96eaa92ec6d8ba614feff7500db0aadfdcb93c2,11.148,
564,primary_test_impostor,1059,1951,primary_test_impostor,0,235,112,1099,0,False,,0,False,,0,,False,,8.045,0.54,32840,a55fdbe88a6e60d1fa668c76b2bdd880ef7a95e53b847832b4876137baee09d0,6669.815,6668.8,4965,exact-open-set-id-v2,1788473754940724640,127,127,2049,16464,f480a33700e60bdd5ba9edb9396972ffa81243dc3c00adf349dbc8a3efa3dcdc,5.934,
565,primary_test_impostor,1060,1952,primary_test_impostor,0,259,51,1043,0,False,,0,False,,0,,False,,4.654,0.41,32840,30d254a6ba22e5d1f0f508b3c83fbd45a1f5510bcf6959ca0eb82ad6702e698d,6723.106,6722.4,4965,exact-open-set-id-v2,1788473754940724640,127,127,2049,16464,960d16c42c75abddf595e124e59a0f1251afe4ff1531dc9f04ac468f897d4a47,5.03,
566,primary_test_impostor,1061,1953,primary_test_impostor,0,157,29,1023,0,False,,0,False,,0,,False,,4.178,0.38,32840,af381d1b4d76238a4ecb82524cf7722223758b1deddca59150b0ce2856f773fa,6843.278,6842.5,4965,exact-open-set-id-v2,1788473754940724640,127,127,2049,16464,45e965689287ad654d78e9fd169177cd10a43b0ed2ce992c6aa4d0ab0e80a2a3,4.854,
567,primary_test_impostor,1062,1954,primary_test_impostor,0,219,75,1065,0,False,,0,False,,0,,False,,4.111,0.39,32840,c6f331f47a61e53aaaa453cd48f3e210c0806c100c109da43092bcf87d840858,6929.72,6929.2,4965,exact-open-set-id-v2,1788473754940724640,127,127,2049,16464,fb6ee130e50d88eeff7004b73e4fa70363d00f3039ce168fabb743b488dc868a,5.291,
568,primary_test_impostor,1063,1955,primary_test_impostor,0,203,58,105,0,False,,0,False,,0,,False,,5.114,0.46,32840,319b03817a99f213c2fead5306cb309b7becf6e56365576f1315ba424748fe19,6644.816,6644.0,4965,exact-open-set-id-v2,1788473754940724640,127,127,2049,16464,1b6166360cdf3ca7369e68f24e71dcb05d430281cb7d1b55eb95873d836ddfb7,4.987,
569,primary_test_impostor,1064,1956,primary_test_impostor,0,225,68,1059,0,False,,0,False,,0,,False,,4.131,0.39,32840,f33e45e7f995d82ba425c071ed07718343402e05d6ca3a7bbddb2df05b8802dc,6662.589,6661.9,4965,exact-open-set-id-v2,1788473754940724640,127,127,2049,16464,462aa40091d1bad31c77e187701334f14e1cca350fdc21e59c1041baab6a98c2,5.303,
570,primary_test_impostor,1065,1957,primary_test_impostor,0,184,46,1039,0,False,,0,False,,0,,False,,4.614,0.4,32840,01e918db84cab7c5940c9896e162e309086162580a903bd06684df35d0c8f853,6856.753,6856.1,4965,exact-open-set-id-v2,1788473754940724640,127,127,2049,16464,f0c4057a26636713796111187a5a6b41de26c3218cd56f57c43c3b62f69e90cd,5.788,
571,primary_test_impostor,1066,1958,primary_test_impostor,0,153,25,102,0,False,,0,False,,0,,False,,5.256,0.42,32840,57a1db728f35b68cef7f057a0e89f6b241afc2a64d9bcf43e557e7ab4443937c,6700.922,6700.3,4965,exact-open-set-id-v2,1788473754940724640,127,127,2049,16464,67812741c45442bb4e8684a0ae1e4269e7053619576176c5232c2340f976893c,6.105,
572,primary_test_impostor,1067,1959,primary_test_impostor,0,211,118,1103,0,False,,0,False,,0,,False,,5.487,0.46,32840,a25918ac98c7b9f78e57d6886c6011b4d68749421cfdec9b75e54057adae57cb,6922.897,6922.3,4965,exact-open-set-id-v2,1788473754940724640,127,127,2049,16464,7d31cd8d633c3f38596693bf2225917d8109c98769df87275882b80d2b06ac84,6.1,
573,primary_test_impostor,1068,196,primary_test_impostor,0,95,19,1014,0,False,,0,False,,0,,False,,4.95,0.45,32840,229eacf57bf59604b1607a935e7b314019475eddf2155fffc4d509963405fef2,6693.211,6692.5,4965,exact-open-set-id-v2,1788473754940724640,127,127,2049,16464,268840223c0f247b976f2bad65a8de23c9dbe6dd97bfc828b7e195d1155d0d4e,5.675,
574,primary_test_impostor,1069,1960,primary_test_impostor,0,156,17,1012,0,False,,0,False,,0,,False,,4.678,0.38,32840,cf3decf560ba8d59f4cc63f0f54989c39a01d6b91f26701690ce1db76cf29bbe,6674.464,6673.8,4965,exact-open-set-id-v2,1788473754940724640,127,127,2049,16464,01f16bfe82ff3a4efadb86cd2fab31a619d9f9d22d7fe0b2e0074b7a5efa6485,4.88,
575,primary_test_impostor,1070,1961,primary_test_impostor,0,326,47,104,0,False,,0,False,,0,,False,,4.324,0.41,32840,cbb126a2a097f6dafb27b8221edd41503f486f2520c0d0f04b7cef850cb5170c,6672.675,6671.9,4965,exact-open-set-id-v2,1788473754940724640,127,127,2049,16464,6982058a519e04f82bff6a8fd84acbb72646362386aa2f1b976f7d24027e34df,4.985,
576,primary_test_impostor,1071,1962,primary_test_impostor,0,199,51,1043,0,False,,0,False,,0,,False,,4.415,0.38,32840,46595a407cee1abe6518091d63ab2895ffdd73faab1979f545852e2e63bd7455,6856.407,6855.8,4965,exact-open-set-id-v2,1788473754940724640,127,127,2049,16464,105c8b0004f10a698c052d9ee2b67cfd0644d8baf704fba37132b68aeb11df37,6.426,
577,primary_test_impostor,1072,1963,primary_test_impostor,0,217,19,1014,0,False,,0,False,,0,,False,,5.263,0.48,32840,6efd00d60dc46072b535e8b653157ad1b89229a31f0bf95295717d5e01b67a16,6948.756,6948.0,4965,exact-open-set-id-v2,1788473754940724640,127,127,2049,16464,f3c079569a10b3a373142c06553fbf29a41efe9fbc5be2300fdcdd57749e3893,5.771,
578,primary_test_impostor,1073,1964,primary_test_impostor,0,295,86,1075,0,False,,0,False,,0,,False,,4.597,0.4,32840,02c93ffbb1e2c58cd0669ac8af692fb4457498a1fe3d64b5b44f9ecf3b0720f8,7066.461,7065.8,4965,exact-open-set-id-v2,1788473754940724640,127,127,2049,16464,f8f74f60beb6e958defef990e693cd7e2c5274120d24e0030e094b6804faa387,5.533,
579,primary_test_impostor,1074,1965,primary_test_impostor,0,139,59,1050,0,False,,0,False,,0,,False,,5.141,0.47,32840,e7a57d054e886be03452d68ab6e2232c30316432c0a97a56d89689f12005f3ab,7187.664,7186.9,4965,exact-open-set-id-v2,1788473754940724640,127,127,2049,16464,ec87698dafdc945ec67c09f70071c611305b14af8e588bd24651374ff061498a,6.12,
580,primary_test_impostor,1075,1966,primary_test_impostor,0,188,122,1107,0,False,,0,False,,0,,False,,5.61,0.43,32840,e178c43dc878ea8e737fa87693d82f5c7ac7ddf9ea97ba2e4809676e9ef8d00a,7013.198,7012.6,4965,exact-open-set-id-v2,1788473754940724640,127,127,2049,16464,402af644ff0f187c38635a7825054a0b76ea10a12aca988109d207d110196cb7,5.403,
581,primary_test_impostor,1076,1967,primary_test_impostor,0,99,107,1094,0,False,,0,False,,0,,False,,4.762,0.4,32840,00d961606fa7d66b4f7ddadf6a466acbd5354e791feaaae70ce81aada5f8a606,6837.91,6837.3,4965,exact-open-set-id-v2,1788473754940724640,127,127,2049,16464,d0b9ad654ae193824fc86815667f62d7a2917cc3f201af3ca29b90732cbc7895,5.241,
582,primary_test_impostor,1077,1968,primary_test_impostor,0,161,59,1050,0,False,,0,False,,0,,False,,4.536,0.41,32840,09f84b9c614048c7f7dec683b08ab032439181830c8faecca7411d1033da45fb,6932.238,6931.7,4965,exact-open-set-id-v2,1788473754940724640,127,127,2049,16464,2ca6b5d644eafa37a902a2d0db20665880c11dd2405b8d60bafc564ccaae19ee,5.192,
583,primary_test_impostor,1078,1969,primary_test_impostor,0,180,30,1024,0,False,,0,False,,0,,False,,4.808,0.47,32840,ec74592059a1da995a2c6a64b62d532c234257b4cd5f2cec1ec888e145d0de35,6872.202,6871.4,4965,exact-open-set-id-v2,1788473754940724640,127,127,2049,16464,6f5e14c6a1a616b4af870b941aca21901f217d7c895ceb914fddc7311311c269,4.765,
584,primary_test_impostor,1079,197,primary_test_impostor,0,303,31,1025,0,False,,0,False,,0,,False,,4.399,0.39,32840,8a983a1848dc5a0d489b25860a655041b22f927787d67dc2f8e06fd8ae911075,6819.543,6818.9,4965,exact-open-set-id-v2,1788473754940724640,127,127,2049,16464,c1cd84327ba2260aa03db99b17cbfdbbd65aadd84b81134ebd4f4f431e84dbe6,5.718,
585,primary_test_impostor,1080,1970,primary_test_impostor,0,194,102,109,0,False,,0,False,,0,,False,,4.194,0.41,32840,ae084d339aa457871ed8c3f945340753e3913f12567c5ab7e9cb34c0243266d4,6780.861,6780.2,4965,exact-open-set-id-v2,1788473754940724640,127,127,2049,16464,3f5389f26a4dc24bceb23137818cc1d879bda9c6323ec63ae6473c542d07b81e,5.281,
586,primary_test_impostor,1081,1971,primary_test_impostor,0,179,43,1036,0,False,,0,False,,0,,False,,4.861,0.4,32840,a81cfdfbcdd6f1ec0e1e2c4d4641190b8057c21d71091d2b271938bef2921b26,7039.231,7038.5,4965,exact-open-set-id-v2,1788473754940724640,127,127,2049,16464,414543e8f802c2379da8fb56f7690907b3172b1fb8fd34eac7e9c40f6ed3551a,9.829,
587,primary_test_impostor,1082,1972,primary_test_impostor,0,117,81,1070,0,False,,0,False,,0,,False,,32.743,0.42,32840,8568b60c9547c8175e263f4d9715624203182a3de593ede914fa346457330f65,6849.274,6848.5,4965,exact-open-set-id-v2,1788473754940724640,127,127,2049,16464,9fc313a7f0b82d7680a444db98fdc4bd84b7e027fe1c8a54ba2198cee5e29ead,4.947,
588,primary_test_impostor,1083,1973,primary_test_impostor,0,172,109,1096,0,False,,0,False,,0,,False,,4.577,0.39,32840,f9b5df7af71f9d01adc36c02a538c21fd512971199a7d592289344ca41725aaa,7370.796,7369.4,4965,exact-open-set-id-v2,1788473754940724640,127,127,2049,16464,587a9c0e4bf18953ed4d5890f8da4cb9f6e51c8e737a9a60af7717e6b6526e50,5.927,
589,primary_test_impostor,1084,1974,primary_test_impostor,0,152,7,1003,0,False,,0,False,,0,,False,,6.7,0.48,32840,9c5cce6646834aa1cc9c758dd06a625d0501743138a3bcf4f98fac04526051b0,7454.177,7453.5,4965,exact-open-set-id-v2,1788473754940724640,127,127,2049,16464,25e61949cb1036c8c6b55c0b477f8a0916fa6df2d42472505e8220798cd29761,5.22,
590,primary_test_impostor,1085,1975,primary_test_impostor,0,204,17,1012,0,False,,0,False,,0,,False,,5.112,0.41,32840,565a24188050ea4bd161e0615d69d5c77a3eee708eba4ad68e3569c52f5faa87,7158.929,7158.3,4965,exact-open-set-id-v2,1788473754940724640,127,127,2049,16464,83f6366d83f5b3d5c3791301287363b0522980f509cadeba31ff6eeb568a3a73,5.807,
591,primary_test_impostor,1086,1976,primary_test_impostor,0,55,51,1043,0,False,,0,False,,0,,False,,5.29,0.44,32840,7efcca1633174ee34f042cfbdefe4f79d9f01dc5a8bed61fee018c8172b49db2,7028.687,7028.1,4965,exact-open-set-id-v2,1788473754940724640,127,127,2049,16464,73e5ecd19e2643dd6d7141692d066c36e6410ed545b2aa96cc35fc9db92b23a7,6.754,
592,primary_test_impostor,1087,1977,primary_test_impostor,0,189,111,1098,0,False,,0,False,,0,,False,,4.193,0.38,32840,b4f8d13804c90a6903e87a76bd6d24c42c995a6dc627621c6efc94df0e2410f4,6890.261,6889.6,4965,exact-open-set-id-v2,1788473754940724640,127,127,2049,16464,9bce09a40f4e46ddd46123b6d9c3f7b0f6b29b6f0595b2ea007b1e3019a3c8fd,5.257,
593,primary_test_impostor,1088,1978,primary_test_impostor,0,219,64,1055,0,False,,0,False,,0,,False,,5.122,0.44,32840,a46b1ae8b0b5541a733192a818ef9bc2d4120484b1e324c96ea175185be57c82,6799.663,6799.1,4965,exact-open-set-id-v2,1788473754940724640,127,127,2049,16464,6c609e4aa214f4f98fe412704645811260744feb93f000c452360fe88e714b93,5.851,
594,primary_test_impostor,1089,1979,primary_test_impostor,0,84,17,1012,0,False,,0,False,,0,,False,,5.558,0.41,32840,f5f6aece085602ad1ef980df47a92560f09f7e02cbff9a6e0011a2ed9f47e159,7001.852,7001.0,4965,exact-open-set-id-v2,1788473754940724640,127,127,2049,16464,23f67683d0faf5c27f4178fe7aba19bafd1cbdd9fdfe2cbbfccef7f2811cf0e9,5.026,
595,primary_test_impostor,1090,198,primary_test_impostor,0,88,97,1085,0,False,,0,False,,0,,False,,4.493,0.41,32840,13238dc6986565c210dd0d17ee8b3524adbf7fadf320f76b6c13355ea641438b,7127.354,7126.7,4965,exact-open-set-id-v2,1788473754940724640,127,127,2049,16464,2881a7e9000584679d3f6b220b4e8a782a046610a45df6cd828878482be3e4ad,5.812,
596,primary_test_impostor,1091,1980,primary_test_impostor,0,77,114,110,0,False,,0,False,,0,,False,,4.334,0.38,32840,b198b0fc1d5bdc72a5b3b00d52309f8a83936bd55614ab700ed595f24f3cda02,6831.178,6830.6,4965,exact-open-set-id-v2,1788473754940724640,127,127,2049,16464,af442e0dfe6dd70b016f22b257383e61fe2b71483ee6147e7b47b5b86ecc5913,4.739,
597,primary_test_impostor,1092,1981,primary_test_impostor,0,130,80,107,0,False,,0,False,,0,,False,,4.114,0.38,32840,cb935edbd72194f5c5328b22200ddcff4ec26e8f7ec71dd2c744e84093bad0e3,6905.094,6904.5,4965,exact-open-set-id-v2,1788473754940724640,127,127,2049,16464,17659b72085d0766f1c1dcc7d65ead0c573df9f97c215befc41b5a8195fb4fb8,5.289,
598,primary_test_impostor,1093,1982,primary_test_impostor,0,233,95,1083,0,False,,0,False,,0,,False,,4.218,0.4,32840,fbd2cb804237633e152523b8796b7a70b3eeb9d50cbc78d75f6a2f77286f5175,6832.8,6832.1,4965,exact-open-set-id-v2,1788473754940724640,127,127,2049,16464,6a85cf9e52546019787e7cdff0efaecc3739f0f9cc68337491762894fb7a7874,5.547,
599,primary_test_impostor,1094,1983,primary_test_impostor,0,168,46,1039,0,False,,0,False,,0,,False,,4.875,0.43,32840,220d3f9c667576d77a6ca43d72da07c39119f040370b5113904c2fb2832cfc8a,6799.506,6798.8,4965,exact-open-set-id-v2,1788473754940724640,127,127,2049,16464,d5676b293053d22e4d7864c2a2f7589e60948104247df8c0b1ac69bd24f63d97,5.607,
600,primary_test_impostor,1095,1984,primary_test_impostor,0,219,75,1065,0,False,,0,False,,0,,False,,7.094,0.38,32840,4f496b46112c745e717e251087fc20f39211ff9d5c0d241e525528ffa03ccdb5,6824.321,6823.7,4965,exact-open-set-id-v2,1788473754940724640,127,127,2049,16464,dfe875f361e84fb15c1b103be4bb09994849b7b28f5d83569916e4136219e41d,5.122,
601,primary_test_impostor,1096,1985,primary_test_impostor,0,98,21,1016,0,False,,0,False,,0,,False,,4.281,0.39,32840,ca4570fec11df0e40d2fb7ac741ed85590792a12295e6f5990f49711170acb78,6763.728,6763.1,4965,exact-open-set-id-v2,1788473754940724640,127,127,2049,16464,f234c7fd474b3a30ef12206c38b46074c4cdfbb8ad2819b70c3cbd35d67c9094,7.068,
602,primary_test_impostor,1097,1986,primary_test_impostor,0,126,62,1053,0,False,,0,False,,0,,False,,6.033,0.49,32840,2e04fc3a631a04f0d5827c89a53e3d0f9c5bb766bbdbac4ebe988812a989fc88,6977.258,6976.6,4965,exact-open-set-id-v2,1788473754940724640,127,127,2049,16464,8e044cf1941d898e6feb8b697ff22a60f5fda2a701514cfb37e1b88b84565188,5.731,
603,primary_test_impostor,1098,1987,primary_test_impostor,0,203,116,1101,0,False,,0,False,,0,,False,,5.012,0.39,32840,b36545a5745798533b6b87a9fd30fe7b55a35ef18ffcd3a126985df5ef66a74d,6869.525,6868.9,4965,exact-open-set-id-v2,1788473754940724640,127,127,2049,16464,daea6ea0a29e77c216a11d889d30a9929ca30cc180bbb0288313ed744c69d335,5.377,
604,primary_test_impostor,1099,1988,primary_test_impostor,0,218,5,1001,0,False,,0,False,,0,,False,,5.316,0.43,32840,5df718b7d60feab933e9e1613bf9a1a16648e0546ada9a25ed0ab5bbdefd1182,6966.207,6965.6,4965,exact-open-set-id-v2,1788473754940724640,127,127,2049,16464,a77cf95332c90d55d3a57676eef67dd5e4f4e08161ee11dc8e591ab14500e520,5.724,
605,primary_test_impostor,1100,1989,primary_test_impostor,0,111,98,1086,0,False,,0,False,,0,,False,,7.965,0.43,32840,69b3335c5078861d0f42ceda8c4a99e9648e400e4df3224ce9e467edb68adb0f,6936.327,6935.7,4965,exact-open-set-id-v2,1788473754940724640,127,127,2049,16464,1329bd7ee28cd8f066313372eca82a25495285cb42b37eb2964e6ed5e3396327,5.05,
606,primary_test_impostor,1101,199,primary_test_impostor,0,199,63,1054,0,False,,0,False,,0,,False,,4.333,0.37,32840,39b1a6d1dd79ad1e40d689559625854d621d52990085da171811f1d4800d54a9,6838.56,6838.0,4965,exact-open-set-id-v2,1788473754940724640,127,127,2049,16464,56fd045276035474b152ca6d4e9eea2d50e2ab5c014e319a3875e43ff60968a3,5.527,
607,primary_test_impostor,1102,1990,primary_test_impostor,0,198,23,1018,0,False,,0,False,,0,,False,,4.424,0.38,32840,76400b28684cf3df9aa09147081a75c4ee3987dd6294846e5b284972eb7c1e67,6868.119,6867.4,4965,exact-open-set-id-v2,1788473754940724640,127,127,2049,16464,310031a60724f233168082d969f5ad834e545028a1c2e5810e710399bfd9c01a,4.526,
608,primary_test_impostor,1103,1991,primary_test_impostor,0,201,76,1066,0,False,,0,False,,0,,False,,4.52,0.41,32840,66e25f9337e8c9f2aa1ba9908e40929095cfbcba4f8bbfb24633cb4764aaff62,6805.917,6805.3,4965,exact-open-set-id-v2,1788473754940724640,127,127,2049,16464,9ae3a1d049ca21cb3f6c1f37bf858ae11b600a672c5841ea20fa24682ddc4548,5.627,
609,primary_test_impostor,1104,1992,primary_test_impostor,0,171,34,1028,0,False,,0,False,,0,,False,,4.067,0.38,32840,46312214609b0527893e15a399fbf244d1946b8ea3e0867f820cd05c12ba5f2d,6851.152,6850.5,4965,exact-open-set-id-v2,1788473754940724640,127,127,2049,16464,a0f0915714d0732406b883031f349ccaf48dc530c38a7fdde649ac70e3885865,5.486,
610,primary_test_impostor,1105,1993,primary_test_impostor,0,133,78,1068,0,False,,0,False,,0,,False,,4.358,0.38,32840,e9ba89cb824da71b2c14374023216bac9dcb88a62290d397a2f70af8cacf674a,6838.351,6837.7,4965,exact-open-set-id-v2,1788473754940724640,127,127,2049,16464,f1d6ffd0eb8b2e5549ce4063ef4ff790dcbacc700c10fa3244146b71e44d2fda,6.64,
611,primary_test_impostor,1106,1994,primary_test_impostor,0,214,2,10,0,False,,0,False,,0,,False,,5.035,0.41,32840,64cc30785b0605d9fa18aa81f5e1b2c7204a726702b8712d6bd98889545f9894,6852.463,6851.8,4965,exact-open-set-id-v2,1788473754940724640,127,127,2049,16464,6368ed060dd6dd1279016a0751e43baf2f2ba8ad3a97678da1e30d10e1179808,5.099,
612,primary_test_impostor,1107,1995,primary_test_impostor,0,212,20,1015,0,False,,0,False,,0,,False,,5.184,0.45,32840,e9e24703bf64bbef23bca1447018f1ba9f3743cb8a3bdd0a5248c9c1115851c2,7009.205,7008.5,4965,exact-open-set-id-v2,1788473754940724640,127,127,2049,16464,cb2255d1a67483ba784fce0d9047e9b62173b8b8a8947c37daf42a550f7dab88,5.055,
613,primary_test_impostor,1108,1996,primary_test_impostor,0,222,2,10,0,False,,0,False,,0,,False,,4.431,0.38,32840,9f356c3c0927d9f220ce3d69ad42d9097112c0837786a07614360810ccf6036d,6954.556,6954.0,4965,exact-open-set-id-v2,1788473754940724640,127,127,2049,16464,4921be96dbe5595a6a4a6ce7900639bb5ad2bc30e7a54ab0493b3703bc98cf82,5.033,
614,primary_test_impostor,1109,1997,primary_test_impostor,0,45,45,1038,0,False,,0,False,,0,,False,,4.825,0.41,32840,ed105e5ef952d94fdf440acbd68cb6ecbb2c25c016e96ade49f0da8a6e6d7a88,6999.776,6999.2,4965,exact-open-set-id-v2,1788473754940724640,127,127,2049,16464,bb899dd556f4e894a7a12df1f8460d2b227a8e5b576ce396d428e899f2b66eb3,5.862,
615,primary_test_impostor,1110,1998,primary_test_impostor,0,203,1,1,0,False,,0,False,,0,,False,,4.347,0.45,32840,c442624329ffe17275bfee8aa914cda95e5af998fb65158a34709a16d57e4587,6787.994,6787.4,4965,exact-open-set-id-v2,1788473754940724640,127,127,2049,16464,3bbcc6ea8eab9f5cf01247ca8eab9b14249eb84ef14f71200980ad217ed3d70e,5.64,
616,primary_test_impostor,1111,1999,primary_test_impostor,0,130,0,0,0,False,,0,False,,0,,False,,5.482,0.45,32840,1bdf8e2317e43881684aef0b146cd640a85f89ea53b1f21b919cf5c60833870f,6696.386,6695.7,4965,exact-open-set-id-v2,1788473754940724640,127,127,2049,16464,db899a915c4471183e0f149b5b7e78af936b50a731b06824aaacb20a8ebfd68e,5.087,
617,primary_test_impostor,1112,2,primary_test_impostor,0,136,119,1104,0,False,,0,False,,0,,False,,4.384,0.4,32840,b4140ecbc49605daf691da43fb3c142f621ae28ed9f10deee8c1131ae102c97e,6807.274,6806.6,4965,exact-open-set-id-v2,1788473754940724640,127,127,2049,16464,0784204fd0546641c731252dba4b3aac09e4f6f0a94fe86f009266ce53f7ae65,5.001,
618,primary_test_impostor,1113,20,primary_test_impostor,0,224,2,10,0,False,,0,False,,0,,False,,4.529,0.4,32840,75bcbf1d0e118f8834261ea6732a1a7026efce097372dba3f1624e1cfc95ce88,6649.775,6649.0,4965,exact-open-set-id-v2,1788473754940724640,127,127,2049,16464,b2c81937a00c6cfad9d1f2b60de9d91bcb9267726cb9f5522e5e092614e6ffb3,5.39,
619,primary_test_impostor,1114,200,primary_test_impostor,0,158,80,107,0,False,,0,False,,0,,False,,4.816,0.4,32840,b12492702dae1d3db3ca5123d78956430b2db966e3a9ba7e02d1a9ee75bba01b,6647.204,6646.6,4965,exact-open-set-id-v2,1788473754940724640,127,127,2049,16464,4aaed948f979a5ef730af42b4e7f5bacc981e65e44d887ee2ca0c2bc5bee3609,5.191,
620,primary_test_impostor,1115,201,primary_test_impostor,0,153,19,1014,0,False,,0,False,,0,,False,,5.132,0.42,32840,0358aebccd6cb04a9d6eb7ca7203d9fe788e37d41e1df2d86d9135f7d91a3010,7116.378,7115.2,4965,exact-open-set-id-v2,1788473754940724640,127,127,2049,16464,630af61c10ce65d3fa332775e4f9968ebcc382b7305b08dae0c69e1e2f0191b8,5.497,
621,primary_test_impostor,1116,202,primary_test_impostor,0,269,32,1026,0,False,,0,False,,0,,False,,5.386,0.44,32840,d7cd658c83091abd8bd1d5b4242fa2a0cd2b2e66c8a764389c3f930b771646a4,7058.312,7057.6,4965,exact-open-set-id-v2,1788473754940724640,127,127,2049,16464,905ce617c35f3c449317d2f7bfc466d4ec9553ec163abd11c7a3a57c4db19826,5.099,
622,primary_test_impostor,1117,203,primary_test_impostor,0,144,48,1040,0,False,,0,False,,0,,False,,4.823,0.42,32840,a377f5b63113638f090adab6b12c166c480387f276d7841ca4bac86f98102b5d,7099.823,7098.9,4965,exact-open-set-id-v2,1788473754940724640,127,127,2049,16464,b94c9118e820aaac0b608d52f430d67674084c5c3bf146536c5216596da944ac,5.361,
623,primary_test_impostor,1118,204,primary_test_impostor,0,154,17,1012,0,False,,0,False,,0,,False,,5.777,0.44,32840,e67a05da827ff7e9af738a91779d943fbacf0fc86eaa47270794e2f50e7fc465,7471.029,7470.3,4965,exact-open-set-id-v2,1788473754940724640,127,127,2049,16464,fd33b6bf18fc31351d00ae51ae94e811f9c4536375ed5634980a8cc2ed3e201c,7.87,
624,primary_test_impostor,1119,205,primary_test_impostor,0,142,72,1062,0,False,,0,False,,0,,False,,5.551,0.43,32840,038c65bb8ff46864639dfd316b12c1a7c3caac63a79e3caafb96b21475725c1e,7283.433,7282.8,4965,exact-open-set-id-v2,1788473754940724640,127,127,2049,16464,1dd5758f2a1a8dda9e3d8d8c18e6aad119284d125afa05348434c79a5a9b0b9f,6.762,
625,primary_test_impostor,1120,206,primary_test_impostor,0,88,119,1104,0,False,,0,False,,0,,False,,5.1,0.42,32840,bddc0aea0479536b93eadc95ebd37444a3aa49d64974fc5a19c70fbf294e49eb,7248.419,7247.7,4965,exact-open-set-id-v2,1788473754940724640,127,127,2049,16464,379c4c97015ac9a8dda23240797b3dd1b3a50a32fa0402602d5e496984ec9f3a,5.107,
626,primary_test_impostor,1121,207,primary_test_impostor,0,276,100,1088,0,False,,0,False,,0,,False,,5.333,0.46,32840,4bc356726e7f76ae4c0f5d229679835677f34949caba0b23cc813d4d156adaa8,7129.92,7129.3,4965,exact-open-set-id-v2,1788473754940724640,127,127,2049,16464,67482560dc3f39edee58bd6fb8a2851d6d1e3fd3ad66a4e07dc2e386366b7d19,5.058,
627,primary_test_impostor,1122,208,primary_test_impostor,0,182,100,1088,0,False,,0,False,,0,,False,,5.825,0.48,32840,4565dbdf1dea87382dd6646e7795eb0177a9eedd4034cff42f7b61914e0fc823,6966.954,6966.3,4965,exact-open-set-id-v2,1788473754940724640,127,127,2049,16464,1739538ea13adf604705845c346e32a6c77288d4fe06aa47e7e255ffbf5c1d59,5.139,
628,primary_test_impostor,1123,209,primary_test_impostor,0,12,50,1042,0,False,,0,False,,0,,False,,5.137,0.41,32840,ded58ab00f9e26ebf1524817b54545ae76fa26dd095bdd9007ac5a74ca201958,7019.687,7019.0,4965,exact-open-set-id-v2,1788473754940724640,127,127,2049,16464,c410dcc714915ef5ab8c91ce4137e9fbf39eb76c0d70c02dc4202c9f5ae79280,5.253,
629,primary_test_impostor,1124,21,primary_test_impostor,0,124,125,111,0,False,,0,False,,0,,False,,4.746,0.41,32840,a962e06c6a6c43d9c123cd8cdc3d745727c7f437a03d5b58dcb8ff6139a0d2b8,6927.497,6926.8,4965,exact-open-set-id-v2,1788473754940724640,127,127,2049,16464,8c3695a354cd250315a329109efed34acdcb77bfbdf77c9ec4e02fc7b56290b1,4.95,
630,primary_test_impostor,1125,210,primary_test_impostor,0,174,21,1016,0,False,,0,False,,0,,False,,4.681,0.41,32840,c80dd8df0375a30ef2630fa700b57037bd8786ff13d00710fb1e2dacf4d570c2,6941.28,6940.5,4965,exact-open-set-id-v2,1788473754940724640,127,127,2049,16464,b6caa5f00d3ef52fd75e0b7e6783d9eefde85fd07ece46dae96564d66599fb89,6.182,
631,primary_test_impostor,1126,211,primary_test_impostor,0,145,118,1103,0,False,,0,False,,0,,False,,4.885,0.42,32840,f0965c34d005d46ed535d0c056430215363925359c65a81ffcf45ed7eefb8fdd,6760.269,6759.6,4965,exact-open-set-id-v2,1788473754940724640,127,127,2049,16464,55fc0e75c7f70b425162f7f5ca04a12c3bf38a5812eb0e1e88d792fe959a72e6,5.039,
