sequence,suite,probe_index,probe_name,cohort,repetition,clear_min_score,clear_argmin_index,clear_argmin_name,clear_match_count,expected_authorized,expected_index,expected_code,actual_authorized,actual_index,actual_code,actual_name,discrepancy,error,encrypt_wall_ms,encrypt_reported_ms,probe_ciphertext_bytes,probe_ciphertext_sha256,http_wall_ms,server_reported_ms,pbs,varco_contract,output_epoch,output_revision,output_gallery_size,output_lwe_size,result_ciphertext_bytes,result_ciphertext_sha256,decrypt_wall_ms,decrypt_reported_ms
0,historical_frontier,265,1236,tuning_impostor,0,2,17,1012,1,True,17,18,True,17,18,digiface-17-1012,False,,6.557,0.43,32840,cadc9604474fa8a47708bb8992536cc13e0be7ce43c0ff9be398b65b43a3e348,7326.097,7325.7,5600,exact-open-set-id-v2,1788323312957279032,127,127,2049,16464,7a198c33e566e8a02ae54020aee053f5ab6852c93cd5b388653299492056d080,4.98,
1,historical_frontier,758,1680,primary_test_impostor,0,3,45,1038,1,True,45,46,True,45,46,digiface-45-1038,False,,4.598,0.38,32840,a45c8c284ea95fe2df4757d995c7be14edd3f1cea316e17b2aabb7e535e2c3c5,7389.18,7388.6,5600,exact-open-set-id-v2,1788323312957279032,127,127,2049,16464,4e432e59432a05cb5977e0235b4e84c52537be253879c2b7a37ade0239ef3df7,5.66,
2,historical_frontier,211,1188,tuning_impostor,0,4,92,1080,1,True,92,93,True,92,93,digiface-92-1080,False,,6.03,0.5,32840,7b2d67436993457739575461752ad06289731050367ac7ef041e88b532947e07,7776.56,7775.9,5600,exact-open-set-id-v2,1788323312957279032,127,127,2049,16464,f0a6cd97ba80dc651e3998a280d03ade29ec25e5cc3b8dd29649a5eb84cefa41,6.162,
3,historical_frontier,1943,948,extended_holdout_non_tuning_impostor,0,5,82,1071,0,False,,0,False,,0,,False,,5.911,0.48,32840,add75c40c4a3f7bb5dfa8f308c96c6af0cb7590c6e57d7af032e77b4ea8662a1,7887.171,7886.5,5600,exact-open-set-id-v2,1788323312957279032,127,127,2049,16464,9c4d2bf7c37061756997256cf1b4c5e2ec70228a611d3ec6794312c8883a00ce,36.083,
4,historical_frontier,407,1364,tuning_impostor,0,7,81,1070,0,False,,0,False,,0,,False,,14.239,0.58,32840,6edfc231cd30bcfdf7d9c24478ca37acb2d0e95653cd9c07a90e8112cd8d4f92,7776.411,7775.5,5600,exact-open-set-id-v2,1788323312957279032,127,127,2049,16464,538ab27a35c8b14d2dbc33a056d23b01c0542362db082b6e42556752c86eb915,6.861,
5,primary_genuine,0,0,genuine,0,-350,0,0,1,True,0,1,True,0,1,digiface-0-0,False,,6.7,0.5,32840,8dfd84bc23458fa188d500823e1f97b1ff33c2000eb1aadeccd55c9ca9759348,8789.358,8788.4,5600,exact-open-set-id-v2,1788323312957279032,127,127,2049,16464,b4bd77b7cbbaec464eab7a0b62fe56b463cee2211406e592df58d5e36d60b8fe,5.925,
6,primary_genuine,1,1,genuine,0,-345,1,1,1,True,1,2,True,1,2,digiface-1-1,False,,5.18,0.44,32840,56686b2b7c1a44f6aefddb021aafadc0618bb6e33bbbbc376408b48c97bffd9d,8758.63,8758.0,5600,exact-open-set-id-v2,1788323312957279032,127,127,2049,16464,6f7dd1d72bc8cecf93c4055d62fdd30d8c0101e8607598b06b3e2690ab25aa0d,5.532,
7,primary_genuine,2,10,genuine,0,-352,2,10,1,True,2,3,True,2,3,digiface-2-10,False,,5.426,0.43,32840,b7261553cbd17f136458ec216c8ce4e8a2d35eee5b3f1a16c81b828f2ca97b6a,8152.922,8152.3,5600,exact-open-set-id-v2,1788323312957279032,127,127,2049,16464,a80f7f05010ef018e9228c930655ec1da3c4b54701403f95d0088b388a2029c8,5.272,
8,primary_genuine,3,100,genuine,0,-310,3,100,1,True,3,4,True,3,4,digiface-3-100,False,,5.338,0.42,32840,a34e3a970d708cb256fd5133898d34fababc786c93039408713dd00566dd464f,7652.604,7652.0,5600,exact-open-set-id-v2,1788323312957279032,127,127,2049,16464,236e05b1edab42c4435e86a631a01ececa5b49d96671ed581f32f58db39c9637,5.179,
9,primary_genuine,4,1000,genuine,0,-290,4,1000,1,True,4,5,True,4,5,digiface-4-1000,False,,5.55,0.45,32840,6285141aad07708e5fa64c39ac96353658de8916ebe11dce229cc2113f40db51,7299.268,7298.6,5600,exact-open-set-id-v2,1788323312957279032,127,127,2049,16464,4442b8ebc1ce8c8a2e2340e2b4c04cc1a42e7dbf36674a6cba7e6f10306742de,6.094,
10,primary_genuine,5,1001,genuine,0,-374,5,1001,1,True,5,6,True,5,6,digiface-5-1001,False,,5.983,0.49,32840,fcf26034679c59838651ecb082354521cd2ebb68cb4ed8928a52881bb35b866d,7545.007,7544.0,5600,exact-open-set-id-v2,1788323312957279032,127,127,2049,16464,66ee24bd4a86b68c2ebbcc5326b8996e48bad03d73962f3ca5e31c154c40466b,4.696,
11,primary_genuine,6,1002,genuine,0,-298,6,1002,1,True,6,7,True,6,7,digiface-6-1002,False,,4.608,0.41,32840,7aa5ea07b45c8d52af91d2c4d60d9dd32646af28d49880d7fea50fbc900bac1b,7384.406,7383.8,5600,exact-open-set-id-v2,1788323312957279032,127,127,2049,16464,3f3b4a9a9a7b7363f4d8a0c5ae75cc7a802a6151c77d4c603a927b83b0534253,5.384,
12,primary_genuine,7,1003,genuine,0,-234,7,1003,1,True,7,8,True,7,8,digiface-7-1003,False,,5.066,0.42,32840,bbb3218cd96fb736469b9d00cfb5ca0f87ab8cdaefa7100e8597d6268c97a323,7375.612,7375.0,5600,exact-open-set-id-v2,1788323312957279032,127,127,2049,16464,0cc7abc690674fb4918a82d84241602c2f84fffa8fb5e9647f5749f31df551ee,5.06,
13,primary_genuine,8,1004,genuine,0,-310,8,1004,1,True,8,9,True,8,9,digiface-8-1004,False,,4.711,0.44,32840,cede56d90103da4ed4d3dea11ca973e7bc2fbafc733ff692ba08d8886372c73f,7406.678,7406.1,5600,exact-open-set-id-v2,1788323312957279032,127,127,2049,16464,f187429da44915b31199b28c6371719d68d151e0ac484f1a297e6b8297a888ee,11.913,
14,primary_genuine,9,1005,genuine,0,-227,9,1005,1,True,9,10,True,9,10,digiface-9-1005,False,,9.664,0.51,32840,e2147423ee5396ef9cc78a79345b32821929d573c0b12ad212090e14f28a3f4d,7375.333,7374.5,5600,exact-open-set-id-v2,1788323312957279032,127,127,2049,16464,880413849d50ec9cd162d3652fc5edb20e26634f400e3c745ffd78dd0bc4a8b5,5.758,
15,primary_genuine,10,1006,genuine,0,-234,10,1006,1,True,10,11,True,10,11,digiface-10-1006,False,,5.483,1.37,32840,dea27c48254c795b2e4dfcbfd66f07f994043d39d5807f6240c50cc7a1cb4ec4,7422.763,7422.2,5600,exact-open-set-id-v2,1788323312957279032,127,127,2049,16464,b44a0d67a97d278ca22157f2a7f5396e1c35cd166e053dd12c570764ed130ca0,5.593,
16,primary_genuine,11,1007,genuine,0,-282,11,1007,1,True,11,12,True,11,12,digiface-11-1007,False,,5.14,0.43,32840,790f2bf070e107b87a55bc20475e6ff6f9bb79c92c5619fc2b298f8a9ed6df04,7389.118,7388.5,5600,exact-open-set-id-v2,1788323312957279032,127,127,2049,16464,feda5c94766a90fc5fe0502658ccd5e60d0190030db77a9357e88b2aa734d9c6,4.996,
17,primary_genuine,12,1008,genuine,0,-319,12,1008,1,True,12,13,True,12,13,digiface-12-1008,False,,4.654,0.41,32840,95c6429d38ff83e545905a2cd4db36c815bb406b8f6d01c43711933a82c9b026,7396.691,7396.0,5600,exact-open-set-id-v2,1788323312957279032,127,127,2049,16464,e5cc027658e399b543cbd8f56b0d9783a83e3d311bd4bd45c43219321f0314b0,5.075,
18,primary_genuine,13,1009,genuine,0,-243,13,1009,1,True,13,14,True,13,14,digiface-13-1009,False,,4.185,0.41,32840,d02b10f618fe6bc5f0d7060fc9252364434dcebd49fec267f0691f94a7ed2cb8,7326.647,7326.0,5600,exact-open-set-id-v2,1788323312957279032,127,127,2049,16464,4753d4b07a032bebe860f439d752dc42da1033397a83983507937eaf5ab4a364,4.966,
19,primary_genuine,14,101,genuine,0,-298,14,101,1,True,14,15,True,14,15,digiface-14-101,False,,4.553,0.39,32840,ca5ccd6d736f92812f4b25ec9a05a9f2efc0543f2023c004ed1bbe93aa6ba170,7344.078,7343.5,5600,exact-open-set-id-v2,1788323312957279032,127,127,2049,16464,bebf1f811f0e41077e4f796ba5e7e09fbbb09fa80b13685bc0c4619cc736fc15,5.113,
20,primary_genuine,15,1010,genuine,0,-156,15,1010,1,True,15,16,True,15,16,digiface-15-1010,False,,4.369,0.4,32840,f8283e24b4b0c01503099ef5aecd96f19b07e3fcc41cb0fa48c815a45a423dec,7700.688,7700.1,5600,exact-open-set-id-v2,1788323312957279032,127,127,2049,16464,f18b926e8ce33c6adabdedd029c41159e283b165c9e3873c90d7d63e13f5908d,5.205,
21,primary_genuine,16,1011,genuine,0,-408,16,1011,1,True,16,17,True,16,17,digiface-16-1011,False,,4.748,0.47,32840,3b7a63393f34475349804271c24cfa4d9aecc051bbfff56a4cfc86d9a17ad29a,7517.937,7517.3,5600,exact-open-set-id-v2,1788323312957279032,127,127,2049,16464,ecfe24ab65cf6e85d80b442d76daa0afa31092318cdb89488aac8743cbfe758f,5.114,
22,primary_genuine,17,1012,genuine,0,-104,17,1012,2,True,17,18,True,17,18,digiface-17-1012,False,,4.29,0.39,32840,29006aa29a312dd4114a061095d2ae4552b2df1c70b70c7ba2f38a28948b9dc3,7465.067,7464.5,5600,exact-open-set-id-v2,1788323312957279032,127,127,2049,16464,f1024e2aad43864ee8ef809185281566fc88592c7b84881128e8c08026a3dbe5,5.237,
23,primary_genuine,18,1013,genuine,0,-304,18,1013,1,True,18,19,True,18,19,digiface-18-1013,False,,4.936,0.42,32840,8da7c03ed0e0348a1e77ece2175aac1f87f368af56318cdbef4fad4ee7c8e804,7454.984,7454.1,5600,exact-open-set-id-v2,1788323312957279032,127,127,2049,16464,1cdc4991f2b297d30d0ec1ff916ea7530d55c10dd31955df7092af59087bfa54,5.041,
24,primary_genuine,19,1014,genuine,0,-281,19,1014,1,True,19,20,True,19,20,digiface-19-1014,False,,4.713,0.39,32840,30f6beb8d39427bc9342a4366f6068de49aab83c16ed2192ae52d63be3ba5e43,7346.567,7345.9,5600,exact-open-set-id-v2,1788323312957279032,127,127,2049,16464,52678665f50aac8ca3ddba94a4d5db851518aeb58e0805660fcf3f23c92e7799,5.481,
25,primary_genuine,20,1015,genuine,0,-356,20,1015,1,True,20,21,True,20,21,digiface-20-1015,False,,4.613,0.38,32840,b19de32892a9d80147fc9ff22e516478ad8aa7ed60921884401e2c4cfe25c17a,7384.208,7383.6,5600,exact-open-set-id-v2,1788323312957279032,127,127,2049,16464,d3960a12f420a9e92b2a4be46718413fb37f0797c7a466b085742ca8f3fa043d,5.88,
26,primary_genuine,21,1016,genuine,0,-342,21,1016,1,True,21,22,True,21,22,digiface-21-1016,False,,4.504,0.4,32840,840428cb0cecdaae34d2078f601fa5c285cca508def8afee9e39c545b1731750,7433.689,7433.1,5600,exact-open-set-id-v2,1788323312957279032,127,127,2049,16464,f1e0caa32f658f59f7151e216976dfd3f49bf8dbe4a1ad9ba49757d298063ad5,5.14,
27,primary_genuine,22,1017,genuine,0,-99,22,1017,1,True,22,23,True,22,23,digiface-22-1017,False,,4.425,0.42,32840,a450fd6bcca2ab5ae26735a632bead41905bc3e0c75011f4ed63911b0b25e769,7515.474,7514.9,5600,exact-open-set-id-v2,1788323312957279032,127,127,2049,16464,74d018045ef93b0aee4ee3fda3e48164120f3d7fef14605a2e3f90706d26a868,5.098,
28,primary_genuine,23,1018,genuine,0,-246,23,1018,1,True,23,24,True,23,24,digiface-23-1018,False,,4.47,0.43,32840,aac33a49a980bf293cc1185ed78823278d39fb580ddfde20db55d047c2119785,7538.374,7537.8,5600,exact-open-set-id-v2,1788323312957279032,127,127,2049,16464,7507def8aea783d3bbcfa13221ada433aca43db02d5404af370fea2b8e73a857,5.73,
29,primary_genuine,24,1019,genuine,0,-367,24,1019,1,True,24,25,True,24,25,digiface-24-1019,False,,6.19,0.41,32840,7154c8a5e1c55eddbeb90c64190828a581c995bed8c3eb2f4957bafdcbbc44b1,7330.409,7329.7,5600,exact-open-set-id-v2,1788323312957279032,127,127,2049,16464,f6cac580cc63211a9d1c92028872a4a8bc1917f535c053c856fb4b2c73359465,5.655,
30,primary_genuine,25,102,genuine,0,-321,25,102,1,True,25,26,True,25,26,digiface-25-102,False,,5.021,0.55,32840,1a86d9607cb70b1efc2650cfc6ac8af148043212939ca22ede7bb42c95b21395,7319.027,7318.4,5600,exact-open-set-id-v2,1788323312957279032,127,127,2049,16464,5cf0695c92c3cee5fea46f99565433e6cc3c1ad01e3eb4ccf697d2470a04d02b,6.051,
31,primary_genuine,26,1020,genuine,0,-410,26,1020,1,True,26,27,True,26,27,digiface-26-1020,False,,6.463,0.6,32840,d98e367526e8fe516cbbeab67bb7659c78c73970691c599be6090d652f806f30,7399.798,7399.2,5600,exact-open-set-id-v2,1788323312957279032,127,127,2049,16464,72c643d3ffee8ecf411b6349e19cc30bc32dd270512f7ca5d92d737a54dbd524,4.947,
32,primary_genuine,27,1021,genuine,0,-264,27,1021,1,True,27,28,True,27,28,digiface-27-1021,False,,4.536,0.42,32840,2394053963f5530d5a0bbbf3b6a471b9c1dd8683c9993a8df19058f85c0f20d3,7530.167,7529.6,5600,exact-open-set-id-v2,1788323312957279032,127,127,2049,16464,82565862189d3045f74a86808511c2649d0b6a51bee3365a5db8eea298c96e12,5.492,
33,primary_genuine,28,1022,genuine,0,-320,28,1022,1,True,28,29,True,28,29,digiface-28-1022,False,,5.635,0.44,32840,32b7ecbc869e67137612222eeee1675b0c1a4a4cb1ed86cb8a0e743cc17c3a6a,7450.174,7449.6,5600,exact-open-set-id-v2,1788323312957279032,127,127,2049,16464,1060bcbece5fc9cca65903c950c28adf89606d927369074236cf45f8e551d991,5.219,
34,primary_genuine,29,1023,genuine,0,-303,29,1023,1,True,29,30,True,29,30,digiface-29-1023,False,,4.721,0.42,32840,a2a4925f32bf47db17f17a5d4fd802710c10caef1ea51a0008b42ceb05e3655c,7782.85,7782.2,5600,exact-open-set-id-v2,1788323312957279032,127,127,2049,16464,e171b90c336bda6e3b782084165c3a4a5df229c31f3a885df9f25d958f9a4d6f,5.211,
35,primary_genuine,30,1024,genuine,0,-178,30,1024,1,True,30,31,True,30,31,digiface-30-1024,False,,4.487,0.4,32840,cfcfaf9e9be5d6153b4da94b4809432b38f3351466376abcc1592e87be287b79,7379.06,7378.5,5600,exact-open-set-id-v2,1788323312957279032,127,127,2049,16464,71c2faae6fcd290f110ded2bbaf901c0db90bfd9e1d4e35cd7ad8a495a6df6b4,4.797,
36,primary_genuine,31,1025,genuine,0,-159,31,1025,1,True,31,32,True,31,32,digiface-31-1025,False,,4.961,0.4,32840,2ddef1194cad0331a0507fa341910a42f170f2537bd10fe27c30e717ee2ea739,8223.285,8222.6,5600,exact-open-set-id-v2,1788323312957279032,127,127,2049,16464,141f07c0f5492d0f67d366eb9be347b44bbb1dd0428b55664750e30e814e715b,6.347,
37,primary_genuine,32,1026,genuine,0,-263,32,1026,1,True,32,33,True,32,33,digiface-32-1026,False,,5.435,0.43,32840,96daf653aba9fdfa2f0102b7854951e19dc311abbdc922fe35dd768350e70cb5,8384.563,8384.0,5600,exact-open-set-id-v2,1788323312957279032,127,127,2049,16464,68cad2858737444808699f01378d3b5ea4aa88e8670b9eab644eb424af6bcdd5,5.316,
38,primary_genuine,33,1027,genuine,0,-270,33,1027,1,True,33,34,True,33,34,digiface-33-1027,False,,5.145,0.4,32840,ff965d4ddb8abdd21276cfa2ae45e3a07977c7e71c6dfb8b2016a8465e34f3d7,8037.458,8036.7,5600,exact-open-set-id-v2,1788323312957279032,127,127,2049,16464,e961b1de583c853c4f9651b0351898b08f0c4ce52cab446852dc41921f01e64b,6.014,
39,primary_genuine,34,1028,genuine,0,-337,34,1028,1,True,34,35,True,34,35,digiface-34-1028,False,,5.574,0.44,32840,68b5a8af7184d2f30f9097d3874e0419f6c9038d831882b0301905ba68d82912,7670.813,7670.1,5600,exact-open-set-id-v2,1788323312957279032,127,127,2049,16464,5c01f09b49c514292c081fffa31e92d6db0dbb04fbd85b407750333be7924e3b,5.102,
40,primary_genuine,35,1029,genuine,0,-254,35,1029,1,True,35,36,True,35,36,digiface-35-1029,False,,4.816,0.43,32840,dea01bd408ab5db7e1882d0c57186d6408dbe23531803c80b6ddbc14146218d3,7543.77,7543.2,5600,exact-open-set-id-v2,1788323312957279032,127,127,2049,16464,9c784bebcc4e570f4b7f9588dbc0d5e28d9fcf42e13d9e522f3f86e1b4222b82,4.986,
41,primary_genuine,36,103,genuine,0,-340,36,103,1,True,36,37,True,36,37,digiface-36-103,False,,4.69,0.41,32840,f6979621215d217072f4ab891cdcf82cb1498ee72a093cb3f24e51dcd01fc95d,7627.435,7626.8,5600,exact-open-set-id-v2,1788323312957279032,127,127,2049,16464,00a4f2acd7136701d5b3b18e16d47162e1f5104063736594b3e1ad7a480e9c8f,5.216,
42,primary_genuine,37,1030,genuine,0,-225,37,1030,1,True,37,38,True,37,38,digiface-37-1030,False,,5.748,0.49,32840,36c3965b2bef7eebbf628523c89e713375df933f4818f6d2f9b49c6227c80737,7918.741,7918.2,5600,exact-open-set-id-v2,1788323312957279032,127,127,2049,16464,83a94e2fd65dc49cfad65b61a9984356ac12f21b6c6679876dddab148d8551ca,5.474,
43,primary_genuine,38,1031,genuine,0,-261,38,1031,1,True,38,39,True,38,39,digiface-38-1031,False,,4.791,0.42,32840,317f5ed6610889ffce177618fe539b7a3daa0e7b80b42edddd3c5470c5ef12e6,7575.745,7575.2,5600,exact-open-set-id-v2,1788323312957279032,127,127,2049,16464,baa1903bb8155c4653199981df19e68726048851574d8be8684e855198e8e972,5.218,
44,primary_genuine,39,1032,genuine,0,-434,39,1032,1,True,39,40,True,39,40,digiface-39-1032,False,,5.232,0.44,32840,2ba49efb2417966d83c1859210ed6e874d980ee61a42bccb1cf21a5c0446c627,7775.119,7774.5,5600,exact-open-set-id-v2,1788323312957279032,127,127,2049,16464,30c3745da60a0306aa077e854f86575aa2896ae8927dda99cd1d8de133d7ea4c,5.023,
45,primary_genuine,40,1033,genuine,0,-291,40,1033,1,True,40,41,True,40,41,digiface-40-1033,False,,4.134,0.41,32840,d82166d04a90226127300f6ebd0557460ce29a393f57189bae5a5e04c2c54257,7605.488,7604.9,5600,exact-open-set-id-v2,1788323312957279032,127,127,2049,16464,798bed605219360ff80a7932e595ef9c317cfeebe3b7876af010df8eea5a5b19,5.014,
46,primary_genuine,41,1034,genuine,0,-256,41,1034,1,True,41,42,True,41,42,digiface-41-1034,False,,4.983,0.43,32840,6a8d7258a6320c6061a958d267dcb6628644bc06cc3c034301b1374d96b2baf3,7559.386,7558.8,5600,exact-open-set-id-v2,1788323312957279032,127,127,2049,16464,f80c4b1a2da115f74b6d321e70cc15edf9a621c8ce43e9b84d016f955c45583d,5.581,
47,primary_genuine,42,1035,genuine,0,-390,42,1035,1,True,42,43,True,42,43,digiface-42-1035,False,,4.846,0.41,32840,f989284aef216bb54b5384f2d8e0ac18e017e2a6f7f07a4a19183569489e62f4,7335.219,7334.6,5600,exact-open-set-id-v2,1788323312957279032,127,127,2049,16464,ed27acfb9a8f1aed446c4452743baede31aec1e2a94309b7b91905df9b1db193,5.472,
48,primary_genuine,43,1036,genuine,0,-271,43,1036,1,True,43,44,True,43,44,digiface-43-1036,False,,4.436,0.46,32840,6280a4cc7f67b2211385ea2b2c1973e1523467585023e9098512846a05bad187,7429.59,7429.0,5600,exact-open-set-id-v2,1788323312957279032,127,127,2049,16464,a45b957a7f53314bf50b11367ae07981ef41022b6bb3356713fb85554ef642df,5.022,
49,primary_genuine,44,1037,genuine,0,-241,44,1037,1,True,44,45,True,44,45,digiface-44-1037,False,,4.588,0.38,32840,0b8f776d9fbce2d2a21ed009e2e7f4449e341d2acb717c61c46e644e9b1fd172,7358.48,7357.9,5600,exact-open-set-id-v2,1788323312957279032,127,127,2049,16464,56d02e8faa763e636d2857e1d3b180877fca7051ad4f25f6ec8981b9e990952a,4.895,
50,primary_genuine,45,1038,genuine,0,-291,45,1038,1,True,45,46,True,45,46,digiface-45-1038,False,,3.984,0.4,32840,e4169b8ecf4dd63b1d25731ea7be6fee47f0fe29f79c325a4ca4827840449df3,7289.696,7289.1,5600,exact-open-set-id-v2,1788323312957279032,127,127,2049,16464,9c1451dbb7fd6ff4ce5bba8f2dac10aa7c2a637f4d857f35c94c944255852586,4.897,
51,primary_genuine,46,1039,genuine,0,-320,46,1039,1,True,46,47,True,46,47,digiface-46-1039,False,,4.325,0.38,32840,51f1fbb391b7180dee438d04620e7797e617327a5812287bfde78330667d1cfe,7275.892,7275.3,5600,exact-open-set-id-v2,1788323312957279032,127,127,2049,16464,c2b83fbfa6fa22dc27ad5b10c2a5502f6dd0c0cd25c2a43750c93180062153ab,5.334,
52,primary_genuine,47,104,genuine,0,-320,47,104,1,True,47,48,True,47,48,digiface-47-104,False,,4.098,0.39,32840,8a738a06dfca77a90eb32f5e440c94675604b21a5f59c031f570dfb2c414b3e9,7331.048,7330.5,5600,exact-open-set-id-v2,1788323312957279032,127,127,2049,16464,4ee308c5c3c8d8d9920b6baedb6bba01a0eea8679906419dc2b085bd20c34890,4.795,
53,primary_genuine,48,1040,genuine,0,-166,48,1040,1,True,48,49,True,48,49,digiface-48-1040,False,,4.411,0.39,32840,359857800c10234c0efb7606da9a08e3ef7e4507b4969f3c2505b43be792d826,7269.205,7268.6,5600,exact-open-set-id-v2,1788323312957279032,127,127,2049,16464,5b4a4ca3e1351825744c6badadfaf3ed2b1fdf19902b28a109d6d4b582d37281,6.147,
54,primary_genuine,49,1041,genuine,0,-14,49,1041,1,True,49,50,True,49,50,digiface-49-1041,False,,6.032,0.49,32840,bdb4e520b946e23ddcbd2b7a1fc77b24efff53cabacce8932073d1b6c7017005,7290.223,7289.6,5600,exact-open-set-id-v2,1788323312957279032,127,127,2049,16464,d2429e6beacdca23c70cee9ac90b860c8bad28a7a5fd0971bb73a0aca1aaa397,5.184,
55,primary_genuine,50,1042,genuine,0,-372,50,1042,1,True,50,51,True,50,51,digiface-50-1042,False,,4.344,0.39,32840,a6706f83ab25e5c40780fdfcfc2b198c77802c79a62343bc7e643783f65a8eda,7311.75,7311.1,5600,exact-open-set-id-v2,1788323312957279032,127,127,2049,16464,9ef8f8cf8113dd0c93efeedbc615c203ead942d2056feeec67f7f5aed8176aff,4.972,
56,primary_genuine,51,1043,genuine,0,-369,51,1043,1,True,51,52,True,51,52,digiface-51-1043,False,,4.126,0.37,32840,17c8d4ddb3b66093e1bed014bd380a740ec0f67c315ad5a4d023c8d482925848,7324.982,7324.3,5600,exact-open-set-id-v2,1788323312957279032,127,127,2049,16464,412fe3dc142ede074a806338f8d33f4ee93611cc0006a8e84fcdd6a00a59e6c8,5.39,
57,primary_genuine,52,1044,genuine,0,-301,52,1044,1,True,52,53,True,52,53,digiface-52-1044,False,,5.325,0.42,32840,20fa89477af11f7983928ca8751454b75e9d8947b663d0e518bdfa0386067e62,7287.562,7286.9,5600,exact-open-set-id-v2,1788323312957279032,127,127,2049,16464,02f5ee14e15354506ea76650dd342e9adc8143fa15ad09c2f8bbc3e40cd1fb24,5.144,
58,primary_genuine,53,1045,genuine,0,-305,53,1045,1,True,53,54,True,53,54,digiface-53-1045,False,,4.649,0.41,32840,d450309a3d61c27963e9b6561d323ccb82ea8664133389de0a1c604dd9cc1a28,7329.873,7329.3,5600,exact-open-set-id-v2,1788323312957279032,127,127,2049,16464,e2acb250af6613f46a2f08e6180fedef36fd8ea8e7aed83698a307565490dcd9,10.562,
59,primary_genuine,54,1046,genuine,0,-376,54,1046,1,True,54,55,True,54,55,digiface-54-1046,False,,6.914,0.51,32840,5a219838c9986a759bfdafbb9ef4f6e5935cfa7a52ac2b9e88a8ee9320b8be7e,7319.668,7319.0,5600,exact-open-set-id-v2,1788323312957279032,127,127,2049,16464,59e2b6f6336e8f0aa1cd881079b6794342c8b02e9907ac1515f40f823213ea5d,5.589,
60,primary_genuine,55,1047,genuine,0,-374,55,1047,1,True,55,56,True,55,56,digiface-55-1047,False,,5.465,0.41,32840,8d09474c5151c112eb1f76dbc6291b05419425915bb276a13a3af52abd712414,7399.191,7398.6,5600,exact-open-set-id-v2,1788323312957279032,127,127,2049,16464,c08659a7745196439ad7e86c12d3653229c5ed83851577ed283adcadcd7df306,4.981,
61,primary_genuine,56,1048,genuine,0,-373,56,1048,1,True,56,57,True,56,57,digiface-56-1048,False,,4.24,0.41,32840,7a775a3f06d9e0e911a9d30b6d6c1d94e9d81a63bad030cddc6d9900a23f89fa,7286.343,7285.8,5600,exact-open-set-id-v2,1788323312957279032,127,127,2049,16464,e39aac0149770eb24bb14e1a49cdcffaa135ae836a326d0d3e643bbefee5151b,5.07,
62,primary_genuine,57,1049,genuine,0,-46,57,1049,1,True,57,58,True,57,58,digiface-57-1049,False,,4.644,0.38,32840,f15caaa3504cb092857712a1f9d92e7a696ad47409a6c927a8a16493490ac019,7288.361,7287.8,5600,exact-open-set-id-v2,1788323312957279032,127,127,2049,16464,88d8bf9892afba7be683843386c14db6715b8cbb9d31783a5bfd333a5407aa88,5.08,
63,primary_genuine,58,105,genuine,0,-359,58,105,1,True,58,59,True,58,59,digiface-58-105,False,,4.185,0.41,32840,c2fe32095ed13f9ecb069e7851cf52b7d673700e01740f3de2315fc5b141bdf3,7267.474,7266.8,5600,exact-open-set-id-v2,1788323312957279032,127,127,2049,16464,79c3e164e95535d385960b2bc0e0de591ac01a99d71a48f771313ab934b17bb2,6.762,
64,primary_genuine,59,1050,genuine,0,-299,59,1050,1,True,59,60,True,59,60,digiface-59-1050,False,,6.098,0.4,32840,7063bc07f09d935ee096304df7484fcdd431c356503b8ddb5029ef221f2fe638,7339.073,7338.4,5600,exact-open-set-id-v2,1788323312957279032,127,127,2049,16464,84d05f75f2ce936faba9a13335ee770ad7f5644fa7800756dcd8f5ff345a5c87,5.431,
65,primary_genuine,60,1051,genuine,0,-372,60,1051,1,True,60,61,True,60,61,digiface-60-1051,False,,4.468,0.41,32840,61e6a3820c396cfb4af18fe78862da6fc3d140416ffb243764abeddd9d96bb8c,7319.941,7319.4,5600,exact-open-set-id-v2,1788323312957279032,127,127,2049,16464,d40c571a43593c130ebfad672df2a7a6472847f48f48a3a4a5eb6e51fae43f73,7.451,
66,primary_genuine,61,1052,genuine,0,-348,61,1052,1,True,61,62,True,61,62,digiface-61-1052,False,,6.976,0.42,32840,578e9b12d4ad7512058ca1c523d3c92284f33e767a5e690415a964c5cefabc7b,7307.541,7306.8,5600,exact-open-set-id-v2,1788323312957279032,127,127,2049,16464,9f954326b13eb2f8bdec10b0befc4afc9ebf49c8928ded8f59ce587bad34ab12,5.846,
67,primary_genuine,62,1053,genuine,0,-392,62,1053,1,True,62,63,True,62,63,digiface-62-1053,False,,4.971,0.4,32840,3c6a0349f27c8f7182e2a59b895554a56b0116cafa6de72a210a8e616e2cb5e5,7363.775,7363.1,5600,exact-open-set-id-v2,1788323312957279032,127,127,2049,16464,fb2ae03815094d773e2263f81e0306fe96b91cc7c789d37472551ef31f3e3bbc,5.053,
68,primary_genuine,63,1054,genuine,0,-281,63,1054,1,True,63,64,True,63,64,digiface-63-1054,False,,4.977,0.43,32840,05316bc9e824cb6370d4dc26417024f167c8fe88365bf5df3ff667f6846480a0,7971.913,7971.2,5600,exact-open-set-id-v2,1788323312957279032,127,127,2049,16464,ee9efe3e9c6d8acddb98d0d44c91ce65dbb8a0537ec733417fe1248d53fb12a0,5.095,
69,primary_genuine,64,1055,genuine,0,-349,64,1055,1,True,64,65,True,64,65,digiface-64-1055,False,,5.36,0.44,32840,5308aed19d3b942358918e61ccf6f596997fb46f1a4d4b18b0f7aa6cfb419492,8437.435,8436.8,5600,exact-open-set-id-v2,1788323312957279032,127,127,2049,16464,4f9264c372e8814907269b96ce708f1848014fc309babe1e734dd82558021e4b,5.185,
70,primary_genuine,65,1056,genuine,0,-181,65,1056,1,True,65,66,True,65,66,digiface-65-1056,False,,5.316,0.45,32840,594d0076cb50ccb5d3bc5d359a70544772ea67c4f371b51f82f68f00d8293a13,7993.366,7992.7,5600,exact-open-set-id-v2,1788323312957279032,127,127,2049,16464,786f1a38977966aca8045c5404cb32a726181ed53ab2ba52ef5065022a85097b,5.482,
71,primary_genuine,66,1057,genuine,0,-331,66,1057,1,True,66,67,True,66,67,digiface-66-1057,False,,5.272,0.44,32840,b0b1fdadda303e504a8788a09b54a429fa70362e93fb21fa2e6250b5f6d90981,7638.662,7638.0,5600,exact-open-set-id-v2,1788323312957279032,127,127,2049,16464,23b69bd16dab8adc7ac1ae588a33e4726cbc7ffc9e5628964ae9ee77b014cf3c,5.936,
72,primary_genuine,67,1058,genuine,0,-233,67,1058,1,True,67,68,True,67,68,digiface-67-1058,False,,4.631,0.38,32840,0a40795c35f14488c4d2b62a59926eb7f3a617811ee2f7256f23d63476669dc8,7531.602,7531.0,5600,exact-open-set-id-v2,1788323312957279032,127,127,2049,16464,723b9572591982936230a4fa363f2a1e74045b6f15c02ad4d58a9517ac960859,4.517,
73,primary_genuine,68,1059,genuine,0,-341,68,1059,1,True,68,69,True,68,69,digiface-68-1059,False,,4.286,0.39,32840,9fe89f5f3b1a0b5988cca51921d7260e0383ce90ca2de3098a669a73b2be7927,7632.639,7632.0,5600,exact-open-set-id-v2,1788323312957279032,127,127,2049,16464,6c3785ef3c883892fb203210538b93b513740dff73761743bff61b79eff24358,4.95,
74,primary_genuine,69,106,genuine,0,-126,69,106,1,True,69,70,True,69,70,digiface-69-106,False,,4.611,0.41,32840,87e808217d620435cc64a02e4b620caafd85d938958ca4ff744e9d4d9c22b474,7280.0,7279.4,5600,exact-open-set-id-v2,1788323312957279032,127,127,2049,16464,fb592e605f4447f921af81b445b4d40e3ba3a3b59c3f5543841e6e2ba83c9df5,5.475,
75,primary_genuine,70,1060,genuine,0,-384,70,1060,1,True,70,71,True,70,71,digiface-70-1060,False,,4.456,0.4,32840,a818e668b4c3ddb6c7b3036f8dc0b3c3453d902b2ee409690861478d074537b2,7234.871,7234.3,5600,exact-open-set-id-v2,1788323312957279032,127,127,2049,16464,55b487e3d64a08e04782dc238f70e70eb60077313cb74a4b660a0762a07b33f3,5.381,
76,primary_genuine,71,1061,genuine,0,-294,71,1061,1,True,71,72,True,71,72,digiface-71-1061,False,,5.474,0.4,32840,8ef7ee7d9bef7a412ceef016ac905f2ce58b05bf2842138187b2186d7b7bce82,7479.312,7478.7,5600,exact-open-set-id-v2,1788323312957279032,127,127,2049,16464,1faa23a6833159af1072c77e35632391a7ec77f0f48cf039fd4edc08c63a1619,6.718,
77,primary_genuine,72,1062,genuine,0,-242,72,1062,1,True,72,73,True,72,73,digiface-72-1062,False,,4.626,0.38,32840,3ba5ea69608185c8b6d439272f51effa2e2cb12ec311a6e9a26038c3b1314889,7247.485,7246.9,5600,exact-open-set-id-v2,1788323312957279032,127,127,2049,16464,2819f90459e17b07ecc273c0c15397c1083d516982cd348bf4762634f43ebe95,4.553,
78,primary_genuine,73,1063,genuine,0,-223,73,1063,1,True,73,74,True,73,74,digiface-73-1063,False,,4.362,0.37,32840,1ddea7260c8c5c70096569d2df843840b2b574f00e8143dc498c0ae27f1c624b,7320.135,7319.6,5600,exact-open-set-id-v2,1788323312957279032,127,127,2049,16464,10c757d50c73e45ab134e1d59d6b2d3bda681c9266fb822714b64bd3da90dba0,5.477,
79,primary_genuine,74,1064,genuine,0,-339,74,1064,1,True,74,75,True,74,75,digiface-74-1064,False,,4.485,0.4,32840,13d228aca4927ae6cc46c395cd1ab3351cb756c5fc45e45ef10e3928f892ae16,7505.173,7504.5,5600,exact-open-set-id-v2,1788323312957279032,127,127,2049,16464,4c2bbbaa848f88ba447eb7cc268d206f4462be4d2c766983f639730e145ff512,5.232,
80,primary_genuine,75,1065,genuine,0,-89,75,1065,1,True,75,76,True,75,76,digiface-75-1065,False,,4.455,0.4,32840,45a434d036d2282a42ea7dfef5a3943804addd062a3476541c406d10155bdb56,7303.642,7303.1,5600,exact-open-set-id-v2,1788323312957279032,127,127,2049,16464,c8d2e0795e80a8d472f09f658355a5d41e45ba15b73604b67973fbf53c4223a0,5.233,
81,primary_genuine,76,1066,genuine,0,-311,76,1066,1,True,76,77,True,76,77,digiface-76-1066,False,,4.989,0.44,32840,8438c0e7b5625ea1037fd543a6fcbb20073a83d386de48f17d2ae67640869d7c,7426.718,7426.1,5600,exact-open-set-id-v2,1788323312957279032,127,127,2049,16464,7751d3bc1251579a144516889b157e2a2d5a09223ae3c505b19b976af3515190,5.089,
82,primary_genuine,77,1067,genuine,0,-206,77,1067,1,True,77,78,True,77,78,digiface-77-1067,False,,5.61,0.46,32840,556d28122607a87ad5ea7c5af2253ba28a0c98b6c67a188b40f12ba29ab69367,7580.896,7580.3,5600,exact-open-set-id-v2,1788323312957279032,127,127,2049,16464,1056df7f7f902e6635aa6830a2bfac6fc5b6a15d08372b9a87d28094c5933902,6.758,
83,primary_genuine,78,1068,genuine,0,-259,78,1068,1,True,78,79,True,78,79,digiface-78-1068,False,,4.745,0.42,32840,573021d5f59fa4982e83c3a70d1decdb7d8cedcd5e305c647616c93750f4aa08,7826.93,7826.1,5600,exact-open-set-id-v2,1788323312957279032,127,127,2049,16464,b0ceb6a78d21c31d20f4864775e7c1fbaaab06d6fa9b0eb91bc7b408927692f2,8.693,
84,primary_genuine,79,1069,genuine,0,-298,79,1069,1,True,79,80,True,79,80,digiface-79-1069,False,,5.481,0.43,32840,90b257e4c916f48aa06c9494e1c86b6f53c4a7e7fd12760c541924fe3c70679b,7895.732,7895.1,5600,exact-open-set-id-v2,1788323312957279032,127,127,2049,16464,6b2b3d5d0d3711bf86bfadbcac8b57d4798aacad5dacb507d6019e5c805c9720,5.372,
85,primary_genuine,80,107,genuine,0,-428,80,107,1,True,80,81,True,80,81,digiface-80-107,False,,4.604,0.43,32840,c24d5a323dbab756e3b084fba5a8b2492fdd176b46d42bf0024bd6df9c40681e,7628.231,7627.6,5600,exact-open-set-id-v2,1788323312957279032,127,127,2049,16464,8f2882b25ad992d111ea351cfe55520cc07b63e37f88c6d35552c5200ef2244c,5.162,
86,primary_genuine,81,1070,genuine,0,-357,81,1070,1,True,81,82,True,81,82,digiface-81-1070,False,,4.542,0.38,32840,0791bec7bad1a516fe3fe6d144d9557099e76fe48e5b5efa701abb15f9f6858f,7582.644,7582.0,5600,exact-open-set-id-v2,1788323312957279032,127,127,2049,16464,3a19f52624e5be34e5f8129b4b2f6d802a6f2816b46169a6283bea7ffc4605bb,6.511,
87,primary_genuine,82,1071,genuine,0,-291,82,1071,1,True,82,83,True,82,83,digiface-82-1071,False,,6.029,0.47,32840,ad2fde9ae4e66237a4ea6ae39785f9f3db0683759be63f89a0d70519e9eaf19a,7634.298,7633.6,5600,exact-open-set-id-v2,1788323312957279032,127,127,2049,16464,fb4a11e47b30af69ce024aa2de5a33014276814bd7280d9e83dd68461ee6669e,5.02,
88,primary_genuine,83,1072,genuine,0,-239,83,1072,1,True,83,84,True,83,84,digiface-83-1072,False,,4.48,0.38,32840,dc9fe35f7da2b6a59ae3f63b00b9c04023dffce5779b9aea6d32d540d8c16047,7307.807,7307.2,5600,exact-open-set-id-v2,1788323312957279032,127,127,2049,16464,5ea4f71e941750fa99c7f2833071279f1fe47653bcd9e986ff7ee79468d3c79a,4.63,
89,primary_genuine,84,1073,genuine,0,-356,84,1073,1,True,84,85,True,84,85,digiface-84-1073,False,,4.698,0.41,32840,37ef1718205c7ef8b80502a21b6ba94748f543f038ac0a083b64390cef68584a,7321.709,7321.1,5600,exact-open-set-id-v2,1788323312957279032,127,127,2049,16464,6c9ec2e68e18ce9dbeb955392615e7b2a20a5702989952d004f7f466ef76951a,5.303,
90,primary_genuine,85,1074,genuine,0,-228,85,1074,1,True,85,86,True,85,86,digiface-85-1074,False,,4.883,0.44,32840,2e434cbbafc425ae310aae9c9e2349aad22d0190f8210bd08ca6d115c767c0ef,7300.194,7299.6,5600,exact-open-set-id-v2,1788323312957279032,127,127,2049,16464,eb49b692bc54926861ec000c9eebba241c1e47d9b0856c52935085e7e838076f,5.032,
91,primary_genuine,86,1075,genuine,0,-251,86,1075,1,True,86,87,True,86,87,digiface-86-1075,False,,4.38,0.4,32840,aa8c0d1c220a4768297c69e30a503436efc3213faa75c44eedbf1450346f9976,7285.128,7284.6,5600,exact-open-set-id-v2,1788323312957279032,127,127,2049,16464,e156974163e2a7df033c229d0e79d6e608ec8cc65d488f4c0d01eb2b8cec3172,5.003,
92,primary_genuine,87,1076,genuine,0,-269,87,1076,1,True,87,88,True,87,88,digiface-87-1076,False,,4.388,0.43,32840,7fe44525c537bf36b0a1b500ecd57c95dd39c92c6322d65327f1dab9a253d3b8,7396.175,7395.5,5600,exact-open-set-id-v2,1788323312957279032,127,127,2049,16464,55beb8b74ddb074a238f28ca5ff7226ccaa78cb5d0ed6ee49c7dee8196589f24,4.991,
93,primary_genuine,88,1077,genuine,0,-391,88,1077,1,True,88,89,True,88,89,digiface-88-1077,False,,4.556,0.4,32840,bc396a20e56f9d89219d4584dfdfc5c388b149dc13ddec1a5b83962847ca2b44,7314.911,7314.3,5600,exact-open-set-id-v2,1788323312957279032,127,127,2049,16464,4d16d069e8a68997d0c09917f6496c609e0db5ceb9d84d855a3761625d926413,5.483,
94,primary_genuine,89,1078,genuine,0,-257,89,1078,1,True,89,90,True,89,90,digiface-89-1078,False,,4.843,0.4,32840,291dbcfeb33f136a58d7c4db72554419f7644456e8776b134d1a1242f63b3390,7316.854,7316.2,5600,exact-open-set-id-v2,1788323312957279032,127,127,2049,16464,ccfe4978cecd074dacac481aea126a31f94f5f10ae5657a02f88abeae8dc73e5,5.041,
95,primary_genuine,90,1079,genuine,0,-266,90,1079,1,True,90,91,True,90,91,digiface-90-1079,False,,4.771,0.39,32840,9e998dca93e24ea48d90490df085668d61feb71b4e22c58286155659ef74e8e5,7348.574,7347.9,5600,exact-open-set-id-v2,1788323312957279032,127,127,2049,16464,b9e255e6cbdac38e22bbfa001d475e5c25507351457d95b7e5a3c6ec4c4072f6,5.644,
96,primary_genuine,91,108,genuine,0,-329,91,108,1,True,91,92,True,91,92,digiface-91-108,False,,4.633,0.41,32840,1af2bcaf8e754b755e2f47f060ab3f34e917bc075cae8ebf0d679642cd86d0fb,7288.45,7287.8,5600,exact-open-set-id-v2,1788323312957279032,127,127,2049,16464,d0a123cb8deeeae19cb6631189c5cfe1d8df3568d60da0b0babe541e1999030a,5.567,
97,primary_genuine,92,1080,genuine,0,-306,92,1080,1,True,92,93,True,92,93,digiface-92-1080,False,,4.553,0.41,32840,b00552eb2e39c597802accf509148985b82ee728f8cc5a9ab02d09d4adadc5db,7429.11,7428.5,5600,exact-open-set-id-v2,1788323312957279032,127,127,2049,16464,d31f1c15c3f9fc096688e0f18a8a9d3e3deec3787bffb7f387f3f85f424b5dae,5.095,
98,primary_genuine,93,1081,genuine,0,-316,93,1081,1,True,93,94,True,93,94,digiface-93-1081,False,,4.154,0.38,32840,138a5a8c5faa68932f7d6651f3e77144a4abf99d3178a755f9b1dee40cc9db6e,7284.89,7284.3,5600,exact-open-set-id-v2,1788323312957279032,127,127,2049,16464,0d114fa14c9b38f55ba4a05d509122325edac7f04a12e17fb47df31e073ceef7,4.593,
99,primary_genuine,94,1082,genuine,0,-116,94,1082,1,True,94,95,True,94,95,digiface-94-1082,False,,4.496,0.41,32840,f98605e285041b332dce7bbba61eb1343a642f412f04210e5c30bbb7e1aedd9f,7386.739,7386.2,5600,exact-open-set-id-v2,1788323312957279032,127,127,2049,16464,2ff053c0c7c1a3fc8f39298533e50f778ae7343b59080ff2c23078ac921199a8,4.886,
100,primary_genuine,95,1083,genuine,0,-367,95,1083,1,True,95,96,True,95,96,digiface-95-1083,False,,5.102,0.41,32840,c57775f7fc618ef165a4c654ba440d855296cb650cc6a4060b7b4158831becdc,8046.463,8045.8,5600,exact-open-set-id-v2,1788323312957279032,127,127,2049,16464,035c41ec1f1036529fdefa795a6028e2d814fce91950ac2fe0c478e3e86b1d77,5.174,
101,primary_genuine,96,1084,genuine,0,-377,96,1084,1,True,96,97,True,96,97,digiface-96-1084,False,,5.444,0.47,32840,934543a026ddf52b2d9d3b04bdf30dcb48dbf1d0ed0dd3eafde86fbe847c1529,8246.995,8246.3,5600,exact-open-set-id-v2,1788323312957279032,127,127,2049,16464,8b15f623bca375adb04fffa51daeb84f97d69a90e1aa23cbccb46ec494cb9916,7.003,
102,primary_genuine,97,1085,genuine,0,-322,97,1085,1,True,97,98,True,97,98,digiface-97-1085,False,,5.308,0.45,32840,93019b187f84e74b3d296b704e6226638de8c7f95f0fba421011cda47a6b2252,8016.614,8016.0,5600,exact-open-set-id-v2,1788323312957279032,127,127,2049,16464,664243c63494c37ae599b86156e4c6a9dcb41b7c655f7a0edcf755a41ae933dd,5.545,
103,primary_genuine,98,1086,genuine,0,-275,98,1086,1,True,98,99,True,98,99,digiface-98-1086,False,,5.17,0.43,32840,e49001bf5b4a808e18ea25633a86649f04ec134d2bca00fcba019cba455f472e,7693.376,7692.7,5600,exact-open-set-id-v2,1788323312957279032,127,127,2049,16464,a5328b42e83f7935b6fc86d62023c305f6cb0fac2c7c73361385c70740b680cb,5.983,
104,primary_genuine,99,1087,genuine,0,-450,99,1087,1,True,99,100,True,99,100,digiface-99-1087,False,,9.126,0.51,32840,0037804e727fc0c42ef4ecd2ce8b8aff5ddda1809f40a7a7ce55d323b3ff7730,7594.74,7593.8,5600,exact-open-set-id-v2,1788323312957279032,127,127,2049,16464,69432b2a198c4bf8612fea17eac3856a32a27fc9fe13902ffa16d2ed7343cb6e,5.238,
105,primary_genuine,100,1088,genuine,0,-328,100,1088,1,True,100,101,True,100,101,digiface-100-1088,False,,4.869,0.43,32840,814ba67e8dd7d22dc94575864bb55ec13306a9dc0a2f15150489a48af9534567,7379.548,7378.9,5600,exact-open-set-id-v2,1788323312957279032,127,127,2049,16464,6d9d06f67775129cb716f338e0376e5595eabb1c98945574583515bccda68b97,5.603,
106,primary_genuine,101,1089,genuine,0,-388,101,1089,1,True,101,102,True,101,102,digiface-101-1089,False,,4.299,0.4,32840,555f029b210b6ed6711fb1347ac91920c57c42774e2a7f050bc798a2fdc09752,7278.226,7277.7,5600,exact-open-set-id-v2,1788323312957279032,127,127,2049,16464,9d0dd74aba0def61c2c4eafa8b70f5a106d226952f572cbcad1c825f36d43d77,5.064,
107,primary_genuine,102,109,genuine,0,-348,102,109,1,True,102,103,True,102,103,digiface-102-109,False,,4.483,0.4,32840,528500acb684aba61b82566427c7346f299cdda0eedfb82062a3abc40b6c8ae9,7366.392,7365.8,5600,exact-open-set-id-v2,1788323312957279032,127,127,2049,16464,ee5fd9e63d60218d4789700c78a2802c53e52f18c8f4166f22ea6463d733e78f,5.38,
108,primary_genuine,103,1090,genuine,0,-114,103,1090,1,True,103,104,True,103,104,digiface-103-1090,False,,4.234,0.38,32840,13d1d2c550e52c726ff3568c036758a8b2b6545510ff70f156fdfe3701067848,7440.558,7440.0,5600,exact-open-set-id-v2,1788323312957279032,127,127,2049,16464,1c6df953150041357b871f6e5e1f5d8e333577de487056b5e41172a1208edd94,5.351,
109,primary_genuine,104,1091,genuine,0,-334,104,1091,1,True,104,105,True,104,105,digiface-104-1091,False,,5.177,0.4,32840,49b71de475b8ac47c45cc395a342948117a8201e96564c759d51a71bea199fe7,7449.539,7448.9,5600,exact-open-set-id-v2,1788323312957279032,127,127,2049,16464,88ca8af93bc329bb0ea95733107273b1638fe163a9588566b88c2c372e4909c9,15.29,
110,primary_genuine,105,1092,genuine,0,-354,105,1092,1,True,105,106,True,105,106,digiface-105-1092,False,,10.855,0.5,32840,89e4d65e3615d8b7514f4c09bc029af5bd38fa50c928d6fbfc72344b20e59f1a,7332.026,7331.3,5600,exact-open-set-id-v2,1788323312957279032,127,127,2049,16464,d34d0341e425ff13363b7a48864ab29da5e8fad7e78734edac7e0b454f4003a3,4.986,
111,primary_genuine,106,1093,genuine,0,-229,106,1093,1,True,106,107,True,106,107,digiface-106-1093,False,,4.436,0.41,32840,0da14ba0cf7a122d17fec30f674fc414adc8b1a9ec548453a0b22fd5ad697b76,7299.841,7299.3,5600,exact-open-set-id-v2,1788323312957279032,127,127,2049,16464,22f2fdfe34a9cb67e93ebd0d94231afb0fbfbe91ff8d9c394e755089342882d9,4.951,
112,primary_genuine,107,1094,genuine,0,-341,107,1094,1,True,107,108,True,107,108,digiface-107-1094,False,,4.057,0.4,32840,391ad052ef0acc654bb4ffe4fb92d027a8b92d839ca857863a80094ff7805df9,7332.691,7332.1,5600,exact-open-set-id-v2,1788323312957279032,127,127,2049,16464,5823e90fde0ed5c0132027410c063b4dfbcf9b0d03d0adf616c16614b50d0746,5.069,
113,primary_genuine,108,1095,genuine,0,-217,108,1095,1,True,108,109,True,108,109,digiface-108-1095,False,,4.639,0.39,32840,0ebdefc2c50673b70188401e21ba0803831ba1abdb46cc96b11b18843e155c81,7403.467,7402.8,5600,exact-open-set-id-v2,1788323312957279032,127,127,2049,16464,6cade416162396db719992fa7fc2f220b0e1ae56477ce8abca9b59783c8ab69c,6.645,
114,primary_genuine,109,1096,genuine,0,-362,109,1096,1,True,109,110,True,109,110,digiface-109-1096,False,,5.296,0.45,32840,c8a0f44e06bc61be2c2bd01ea84e1576ac9ff0e28403c39b9240272fe1f00e4e,7338.722,7338.1,5600,exact-open-set-id-v2,1788323312957279032,127,127,2049,16464,f5db5fe3f19483f32dce7c094d9d2336922f9774f514b89c2c98e1ff20343700,6.209,
115,primary_genuine,110,1097,genuine,0,-340,110,1097,1,True,110,111,True,110,111,digiface-110-1097,False,,6.422,0.49,32840,78bc8144afd0a2fa3ec5bf59133bd8c6d6c27783fbf32087185fab788440aadb,7384.379,7383.7,5600,exact-open-set-id-v2,1788323312957279032,127,127,2049,16464,0820122e85140e73a5ef524350905ee5d58ad952941c1d577b5812fd966087e1,4.949,
116,primary_genuine,111,1098,genuine,0,-209,111,1098,1,True,111,112,True,111,112,digiface-111-1098,False,,4.554,0.4,32840,6775ef676889ccdac1f5ae236c120c5ff827a7c06b197bf15ac61b0007f13858,7424.807,7424.2,5600,exact-open-set-id-v2,1788323312957279032,127,127,2049,16464,01d47cf778c5c7bbd8dd89d7bd934401731a7b5cd80360f57b3e647876fda31b,4.952,
117,primary_genuine,112,1099,genuine,0,-315,112,1099,1,True,112,113,True,112,113,digiface-112-1099,False,,5.301,0.45,32840,450e9266bb80b1f176ce4163656ceb175bc8aa3c54863625d317995392d3455f,7394.272,7393.6,5600,exact-open-set-id-v2,1788323312957279032,127,127,2049,16464,33f6bef2d884f287f4c3bdeb3696e59ef4be2f0816b48ac64846b42884fbd18d,5.039,
118,primary_genuine,113,11,genuine,0,-242,113,11,1,True,113,114,True,113,114,digiface-113-11,False,,4.196,0.38,32840,b264041a8bf65fae74079547d3098e8891a13f8c13011da88aef1867493a301d,7305.02,7304.4,5600,exact-open-set-id-v2,1788323312957279032,127,127,2049,16464,8e3e9ab80770e5ce81727de97313684f7cc4cb104482bd5ca3653d3b35ec3fca,5.751,
119,primary_genuine,114,110,genuine,0,-357,114,110,1,True,114,115,True,114,115,digiface-114-110,False,,5.528,0.46,32840,9c1de066f3b5f016c4ce0c121e8accf96c902e13149a5b5652690bef90d35075,7287.623,7287.0,5600,exact-open-set-id-v2,1788323312957279032,127,127,2049,16464,d374be02842fda181f3361bc9f33d7f515a7fe34637280170564673695b8ac66,5.184,
120,primary_genuine,115,1100,genuine,0,-298,115,1100,1,True,115,116,True,115,116,digiface-115-1100,False,,4.878,0.4,32840,6938dcd1f3f9329f310ac7f190de7eaf912c09cfbbff379997bf2ee38a8b21ee,7369.02,7368.4,5600,exact-open-set-id-v2,1788323312957279032,127,127,2049,16464,21c46f31fbe22e9ac27d7493950f86894d9ec9e038c6e9ec403caf8fa9879c1e,5.061,
121,primary_genuine,116,1101,genuine,0,-375,116,1101,1,True,116,117,True,116,117,digiface-116-1101,False,,4.692,0.38,32840,0089c573598884486ec8328bcb5a4818f5c86de3dc8cf19f9153b8e2dd8ccce8,7372.982,7372.3,5600,exact-open-set-id-v2,1788323312957279032,127,127,2049,16464,696ba3ab1d614f8461d976570e713932a54d531d10fab3c6d8fb1c259a448439,6.056,
122,primary_genuine,117,1102,genuine,0,-260,117,1102,1,True,117,118,True,117,118,digiface-117-1102,False,,5.499,0.43,32840,b2e555e978c166d621fa6c3061d78ebb99210ea8e646227a8865df53aefd482b,7572.416,7571.7,5600,exact-open-set-id-v2,1788323312957279032,127,127,2049,16464,a16c296cafc7f5d37dab038be5886743c0fdca25a0cf5d67f86350f67c9425aa,5.117,
123,primary_genuine,118,1103,genuine,0,-441,118,1103,1,True,118,119,True,118,119,digiface-118-1103,False,,4.935,0.41,32840,5e323429e2d303da0fa894e248660e48bc66986315d49379b7a30fdf94cadf66,7574.715,7574.1,5600,exact-open-set-id-v2,1788323312957279032,127,127,2049,16464,a4470d590c0a3393745d0e2a7a4cfcdd03894a80d0da3c54f592b8034f2d4436,5.093,
124,primary_genuine,119,1104,genuine,0,-392,119,1104,1,True,119,120,True,119,120,digiface-119-1104,False,,4.961,0.41,32840,28559abcc179647db29ac30cfcf824ef0eef4b5aea5a47604e1af793a5e173de,7767.354,7766.6,5600,exact-open-set-id-v2,1788323312957279032,127,127,2049,16464,8857f63d993f7cadbbab0e7c4c9d367ab344424d40d7486309ea64e285c9ae0d,4.963,
125,primary_genuine,120,1105,genuine,0,-141,120,1105,1,True,120,121,True,120,121,digiface-120-1105,False,,4.741,0.41,32840,89a35e41aaea16374216e356693a07c9dc81a7942f749551e91e333578873dc9,7634.199,7633.6,5600,exact-open-set-id-v2,1788323312957279032,127,127,2049,16464,f8996013fb471b1cfb7cc1c914c67addb3770bac9805dd5841669a0dfb73c832,7.261,
126,primary_genuine,121,1106,genuine,0,-398,121,1106,1,True,121,122,True,121,122,digiface-121-1106,False,,5.373,0.43,32840,fc0d15a4502caf1ddabad288881cf74e1a6a3c99e341d864f363be23b8d6328e,7591.452,7590.9,5600,exact-open-set-id-v2,1788323312957279032,127,127,2049,16464,de3ade18291cbbc19c0abfc44257837d7e5980bd08de8d709e43c6f9fdf35c6c,5.338,
127,primary_genuine,122,1107,genuine,0,-338,122,1107,1,True,122,123,True,122,123,digiface-122-1107,False,,4.936,0.42,32840,aed2f1cd82d0108c0d37687bb3f7f1680aaf8f90459d1144c6679b1052a86c64,7490.684,7490.1,5600,exact-open-set-id-v2,1788323312957279032,127,127,2049,16464,ffba384ab0c0a293d646b4f85f236fcefab2c494ac37151d3abbc6e2071ec3d0,5.338,
128,primary_genuine,123,1108,genuine,0,-268,123,1108,1,True,123,124,True,123,124,digiface-123-1108,False,,4.557,0.39,32840,a7d2f4dc84c7e635b83a749ebddcdd612d807f3ec2e119dc33ef3f5ddad54e37,7594.104,7593.5,5600,exact-open-set-id-v2,1788323312957279032,127,127,2049,16464,8069736f933d748ab2074f29e9128387c1b5e021e5e548d36095a0d22418fba6,5.12,
129,primary_genuine,124,1109,genuine,0,-318,124,1109,1,True,124,125,True,124,125,digiface-124-1109,False,,4.725,0.41,32840,da17c7a28251732cd7aeb6beff6f35c9b5b21f9edd4e72a72b23f2110297ccda,7344.59,7344.0,5600,exact-open-set-id-v2,1788323312957279032,127,127,2049,16464,db94850d4b4c766beb03a0036f2ef2c2c6ef17d17207fa9927d1489ee6814b30,5.166,
130,primary_genuine,125,111,genuine,0,-170,125,111,1,True,125,126,True,125,126,digiface-125-111,False,,4.626,0.42,32840,af299bc543a9ac58f5b79305004da1c7dd3615daad3749686b95c25d6ce6e8b6,7460.293,7459.5,5600,exact-open-set-id-v2,1788323312957279032,127,127,2049,16464,454c3740af18b87593dbfef23961b0344f1d2e5751580275650c059b474b2b45,5.118,
131,primary_genuine,126,1110,genuine,0,-338,126,1110,1,True,126,127,True,126,127,digiface-126-1110,False,,4.586,0.39,32840,5dc16d8e7b9026e17f562b7544793befea8a2a933c7a2a379b8d00eb39e104c1,7382.019,7381.3,5600,exact-open-set-id-v2,1788323312957279032,127,127,2049,16464,919e5f7b815748bde250f814dd015e5119053aa81d922f07695e22cb02ede259,4.933,
132,primary_test_impostor,627,1562,primary_test_impostor,0,29,64,1055,0,False,,0,False,,0,,False,,4.575,0.41,32840,1d04e9ca5b6a77b6a7a51ecf1f7af7da891f1a0a27e27594063868e0c24ff46f,7764.825,7764.3,5600,exact-open-set-id-v2,1788323312957279032,127,127,2049,16464,050147a5fad24c35a0b756aed5963ab67dc65aeb1ca2a0413632c7ef025e894a,5.148,
133,primary_test_impostor,628,1563,primary_test_impostor,0,251,112,1099,0,False,,0,False,,0,,False,,5.55,0.46,32840,7a7e13f4a1590bce590d7d62d636c100f785c0eeef369f0129fa82cfc73ae29a,8214.654,8214.0,5600,exact-open-set-id-v2,1788323312957279032,127,127,2049,16464,06ae5fb7b997749f611719c44e22d60ab4eec6e97d51ade7c0237a2dd4a26a20,6.006,
134,primary_test_impostor,629,1564,primary_test_impostor,0,234,77,1067,0,False,,0,False,,0,,False,,5.412,0.44,32840,83887425806621ede3e5fdc4024a103ea29fca0189fe8c089af940a7d858910c,7872.917,7872.3,5600,exact-open-set-id-v2,1788323312957279032,127,127,2049,16464,a3743e9326c01df91917c59a0dd32532191161306b3ead72933a5ef4852e8745,8.285,
135,primary_test_impostor,630,1565,primary_test_impostor,0,146,61,1052,0,False,,0,False,,0,,False,,5.356,0.44,32840,ae5c755485c7e2c9b0f3d695971656d7f58710a3cb039c461a3c13b3a8ad1cb3,7706.927,7706.2,5600,exact-open-set-id-v2,1788323312957279032,127,127,2049,16464,7f6979ccb492032e6f337d24f4e37557719dd453467a57cff1a3398f7c6435d9,4.999,
136,primary_test_impostor,631,1566,primary_test_impostor,0,178,97,1085,0,False,,0,False,,0,,False,,4.473,0.4,32840,2881b7f8039b51257925cfcc883da48343a439608d56897188f75e2b5ba539a2,7516.04,7515.4,5600,exact-open-set-id-v2,1788323312957279032,127,127,2049,16464,64f4d1da379d4653a5532b75e4a33beb64a91622edc91838bf6b53654ab74118,5.013,
137,primary_test_impostor,632,1567,primary_test_impostor,0,183,98,1086,0,False,,0,False,,0,,False,,5.402,0.75,32840,12543796fa481db4f70d824a454798dbb81281746feb29a74cdf2a460dca1947,7445.14,7444.5,5600,exact-open-set-id-v2,1788323312957279032,127,127,2049,16464,05420f86bf5da03ef40e0f1e93f016cf31c9f335b29accd45dfbd89846237c70,5.198,
138,primary_test_impostor,633,1568,primary_test_impostor,0,114,97,1085,0,False,,0,False,,0,,False,,4.545,0.4,32840,90df49107b3f045909f622a2fc7585c06e60ae1f519ecda372508b21bb8583fc,7346.09,7345.5,5600,exact-open-set-id-v2,1788323312957279032,127,127,2049,16464,c4503d97d4854cdeb6434fd83508d51ae6031d0c653eb778a410e30c945eddfd,5.798,
139,primary_test_impostor,634,1569,primary_test_impostor,0,127,65,1056,0,False,,0,False,,0,,False,,8.032,0.47,32840,e955d30809332287113d931098b78e66969cf4317322e1ac17ce90a2464e802b,7359.96,7359.3,5600,exact-open-set-id-v2,1788323312957279032,127,127,2049,16464,07b84c15a1493be51921fa2c22f0fead77cb954704b07ef1cab04203f924710d,5.551,
140,primary_test_impostor,635,157,primary_test_impostor,0,162,102,109,0,False,,0,False,,0,,False,,5.088,0.42,32840,38db5fbae422d0cb9cfc952ed81bbfeb288b331191b00356f9b3079dab708400,7536.037,7535.4,5600,exact-open-set-id-v2,1788323312957279032,127,127,2049,16464,270231ea86ad42d88707bed715ba2fb94813d8f5ecbb9ccccd0967b7af1a7396,5.12,
141,primary_test_impostor,636,1570,primary_test_impostor,0,230,16,1011,0,False,,0,False,,0,,False,,4.613,0.4,32840,3fe7b2f2eb861483586ee6a942d17ecadb3586dffa3c2cd2ad25fd368f55d8a2,7310.873,7310.3,5600,exact-open-set-id-v2,1788323312957279032,127,127,2049,16464,dd47cbe4fb4076b2e9febc98c3b39535efaa40705a32bf7b0e99487d5530c5e9,5.232,
142,primary_test_impostor,637,1571,primary_test_impostor,0,194,10,1006,0,False,,0,False,,0,,False,,4.199,0.4,32840,2303e68b53c0628e9bd6ad0d7c7b1f30a68fae67c4af42be26049fc952540e46,7375.189,7374.6,5600,exact-open-set-id-v2,1788323312957279032,127,127,2049,16464,b880cd145141d2d3366c06b035a5ccde047b231d70c602d233668eeb36216b7d,5.184,
143,primary_test_impostor,638,1572,primary_test_impostor,0,132,27,1021,0,False,,0,False,,0,,False,,4.468,0.4,32840,513318386952be9a682b54dbf0fe344c502877e121955b0b6221c0e1978715c6,7355.963,7355.4,5600,exact-open-set-id-v2,1788323312957279032,127,127,2049,16464,c4d228fd4e00a38e56248e6b41ab3282b46363e8c3f6cf3cf3961598040dd1fb,5.1,
144,primary_test_impostor,639,1573,primary_test_impostor,0,119,34,1028,0,False,,0,False,,0,,False,,4.31,0.4,32840,94f17fe9cf5ceeccd4357f258663b850cfeca30852417c7d16c2b4e04f63467f,7331.266,7330.6,5600,exact-open-set-id-v2,1788323312957279032,127,127,2049,16464,1151e3b2e8cab90efa9736133214ee181f5a350c1d57c1cc9cafeffa470df1f0,5.043,
145,primary_test_impostor,640,1574,primary_test_impostor,0,151,75,1065,0,False,,0,False,,0,,False,,4.433,0.39,32840,ad21ca3f0da178a78c65770a9873e954653074f487ec805d020191fab466f460,7329.649,7329.0,5600,exact-open-set-id-v2,1788323312957279032,127,127,2049,16464,78c660ccd6c2ed83801c601601e58c9590a236b8fce6f524b41ccb1e5f598f11,5.85,
146,primary_test_impostor,641,1575,primary_test_impostor,0,226,11,1007,0,False,,0,False,,0,,False,,4.454,0.4,32840,17b10b4bad15a4030ca29891c4a99e4ca3cc36dc213bf907fa6c3e051ddd7269,7303.881,7303.3,5600,exact-open-set-id-v2,1788323312957279032,127,127,2049,16464,a10a321a458ff7310e1cbdc3249617e86ce8b5c136e442eab26bfd3081f1862f,7.612,
147,primary_test_impostor,642,1576,primary_test_impostor,0,176,93,1081,0,False,,0,False,,0,,False,,5.777,0.54,32840,5319646a5774d6a704d9725a7b25f498471fa9fb2b314b8ddf0005718dee1401,7441.557,7441.0,5600,exact-open-set-id-v2,1788323312957279032,127,127,2049,16464,85a514a0d16bf20f3fad1fc567019085a5ffa73293b6571dfcf7cdd59de3049f,5.805,
148,primary_test_impostor,643,1577,primary_test_impostor,0,185,74,1064,0,False,,0,False,,0,,False,,4.515,0.4,32840,e1baa0307014d786664cae6347d029a49b0faddffb5dd3a1155b653105c1ee53,7426.919,7426.3,5600,exact-open-set-id-v2,1788323312957279032,127,127,2049,16464,092b00e3ef06d1aeaf6472dbf5c367958943665a166ffd1a81eec0166afdde8c,4.866,
149,primary_test_impostor,644,1578,primary_test_impostor,0,237,76,1066,0,False,,0,False,,0,,False,,4.406,0.41,32840,292de340f2c5cc5b8910a1a8239990fe31667428830832bdccb607268c59dc28,7416.376,7415.7,5600,exact-open-set-id-v2,1788323312957279032,127,127,2049,16464,7d2cdbb1f8ccc2e7156af07b229d1def2d0afc3844c01759e48a5168f2c6ec51,5.307,
150,primary_test_impostor,645,1579,primary_test_impostor,0,159,107,1094,0,False,,0,False,,0,,False,,5.458,0.55,32840,8b26620581d1b9b8008ef319ecb32d166c07897bf94847ea4baf40005c296c2b,7336.217,7335.6,5600,exact-open-set-id-v2,1788323312957279032,127,127,2049,16464,52b3f1424301bced160b79509e9701a7ff9a7fdaf45e5ec1c5a1fce2fc73eb48,6.615,
151,primary_test_impostor,646,158,primary_test_impostor,0,170,97,1085,0,False,,0,False,,0,,False,,5.166,0.44,32840,bf8c73c4ce15d3085313a61a506f46f2bdd7ab745ec6e179d7a086f274536ca6,7329.314,7328.5,5600,exact-open-set-id-v2,1788323312957279032,127,127,2049,16464,ca9a9965176bed07dee64c558b1ce0769f2799bea40c2fef9c2a9eed4b03f65d,6.943,
152,primary_test_impostor,647,1580,primary_test_impostor,0,216,77,1067,0,False,,0,False,,0,,False,,5.303,0.43,32840,c59daedef5062209dc45e895ba2f92c99520dbebedde82db4bf62ae609f40f27,7327.385,7326.8,5600,exact-open-set-id-v2,1788323312957279032,127,127,2049,16464,1cf53b3fa626364781fbc0e7903828bf76afd9f9126e87704cbbeec6267d4246,6.039,
153,primary_test_impostor,648,1581,primary_test_impostor,0,184,47,104,0,False,,0,False,,0,,False,,4.894,0.43,32840,ea913d3a5492efbee8f5cbf1745cbbb0aa4b0a08340a821c98efc268dcc6d190,7461.272,7460.6,5600,exact-open-set-id-v2,1788323312957279032,127,127,2049,16464,448646629c594b66a288f0335c0fbfd929707ab539adda1ffdec7ca99a9426e0,6.351,
154,primary_test_impostor,649,1582,primary_test_impostor,0,269,86,1075,0,False,,0,False,,0,,False,,5.487,0.49,32840,e9f1eb331bdab13ac585cfee0d19e0e6af2f10123cd31e68be47e578233a0683,7299.821,7299.1,5600,exact-open-set-id-v2,1788323312957279032,127,127,2049,16464,ec88fc4eedc6284c8e080a9604abe99ff7ac648080e14eff4937b85bbcffcb20,5.167,
155,primary_test_impostor,650,1583,primary_test_impostor,0,46,17,1012,0,False,,0,False,,0,,False,,4.793,0.39,32840,c5148a4ee08ca5952742ec8cac4cf22e81783154c1dfa28aa2a89103ae1cacc5,7348.774,7348.2,5600,exact-open-set-id-v2,1788323312957279032,127,127,2049,16464,4d53639f61fc349410331da8b6a7c87915bd9ec6791d146a6d887c868abd3370,5.71,
156,primary_test_impostor,651,1584,primary_test_impostor,0,218,61,1052,0,False,,0,False,,0,,False,,5.002,0.4,32840,ca372f0da087f4983ceecb9f6cd901b43f93ebb2d2a9682b561cab5063393952,7345.431,7344.8,5600,exact-open-set-id-v2,1788323312957279032,127,127,2049,16464,a12bac211609f95401dbc8dbe0b43d6c33d222ee71e2f09ddbc0b5c43c94d258,10.349,
157,primary_test_impostor,652,1585,primary_test_impostor,0,149,12,1008,0,False,,0,False,,0,,False,,5.814,0.44,32840,c2cb53b1a945f5ebfcb78c6a54f79ba6be3cdb4ddd30bf6c2b8477a98a0df2a3,7477.118,7476.6,5600,exact-open-set-id-v2,1788323312957279032,127,127,2049,16464,554d07e94b97d344c0257fc3f8aab6517f831bb51969e969f257928132b48f20,4.65,
158,primary_test_impostor,653,1586,primary_test_impostor,0,132,42,1035,0,False,,0,False,,0,,False,,4.239,0.43,32840,999234f94f894ff983fe5425910a1e8435d182f433bb7406779920562e394e10,7333.442,7332.9,5600,exact-open-set-id-v2,1788323312957279032,127,127,2049,16464,6bd25ce02f0667c38b8c6dc0360e8cd0422cfaeca4930aeafc1179514d2e2327,5.207,
159,primary_test_impostor,654,1587,primary_test_impostor,0,200,93,1081,0,False,,0,False,,0,,False,,4.523,0.42,32840,2088a1dcc20f15484f57af778acfbb51cbfc9426db9fd06c71800c1d219f3baa,7288.176,7287.6,5600,exact-open-set-id-v2,1788323312957279032,127,127,2049,16464,ba9ef0a1588610a34f071bf02868e74256d207ca2cc5e54b746833688cec8923,5.033,
160,primary_test_impostor,655,1588,primary_test_impostor,0,208,105,1092,0,False,,0,False,,0,,False,,4.605,0.38,32840,c6fa04ed58419c07e263eeb18b74a16bfa869ba1f81c2fb341496fc235accabc,7337.649,7337.0,5600,exact-open-set-id-v2,1788323312957279032,127,127,2049,16464,70909f4186654693fa2622004a788eae195f613c93f7e033c647f333827f3c80,5.267,
161,primary_test_impostor,656,1589,primary_test_impostor,0,295,58,105,0,False,,0,False,,0,,False,,4.333,0.4,32840,0fc24c90cbf318478efc6df75d8ddf811ef07f5691556896b8cb7f4b607e4afb,7361.399,7360.8,5600,exact-open-set-id-v2,1788323312957279032,127,127,2049,16464,9e38b002ffda45f5c9882c53cd3d3b3dd6ebd3fd1fdb6e38ccd1542a3ec647df,6.125,
162,primary_test_impostor,657,159,primary_test_impostor,0,240,80,107,0,False,,0,False,,0,,False,,5.745,0.51,32840,057c4a0dad3b849bf858c4914099d63d7a5ea89f86da1b354eefcfdb6613f2a1,7854.236,7853.6,5600,exact-open-set-id-v2,1788323312957279032,127,127,2049,16464,e25d8988ecb983348f403dc66778792a180605ad6a5a4514daeca287002ca8cc,5.226,
163,primary_test_impostor,658,1590,primary_test_impostor,0,227,64,1055,0,False,,0,False,,0,,False,,4.577,0.43,32840,889c0b3ae429177cae8b01f82a76608861d57911c2670f4a635aa3535a2331fb,7653.478,7652.9,5600,exact-open-set-id-v2,1788323312957279032,127,127,2049,16464,5013525bd81227f4c1a623d3a851efa93b9b964efeeab4f105ffeab80e55099e,6.544,
164,primary_test_impostor,659,1591,primary_test_impostor,0,294,90,1079,0,False,,0,False,,0,,False,,5.77,0.48,32840,14559a5c0a524f9a101bb67aa019438d946ea4aa7929cf27694a4e380e41d135,8251.299,8250.5,5600,exact-open-set-id-v2,1788323312957279032,127,127,2049,16464,4fa762172b43ac9302ee18cadc8525bf35193f44caa21347eab2bda337cd94be,5.446,
165,primary_test_impostor,660,1592,primary_test_impostor,0,262,21,1016,0,False,,0,False,,0,,False,,6.208,0.49,32840,98911b0d07c54383f432a5761a1794199de65b88348c8220e19da8cb6189e5bb,8328.214,8326.9,5600,exact-open-set-id-v2,1788323312957279032,127,127,2049,16464,e04f05e7cdf15ac583daf94ef666c1cb99bf7713f07594d18023c81090d219a4,5.838,
166,primary_test_impostor,661,1593,primary_test_impostor,0,153,107,1094,0,False,,0,False,,0,,False,,5.682,0.46,32840,6887364d976e462a07233917d73b2224b5e0f2ee87ec2eb64a13d7f2eca2b7c2,8316.108,8315.4,5600,exact-open-set-id-v2,1788323312957279032,127,127,2049,16464,75b9f4f86b754f6f46f16c1839856c4ea590b12a2501eea65f1509a7d2c8162b,5.431,
167,primary_test_impostor,662,1594,primary_test_impostor,0,177,112,1099,0,False,,0,False,,0,,False,,5.685,0.42,32840,5b26991558797a8049e93cf09c9b5f1732ffc9669466ea8613cc5602684cdac0,7845.716,7845.1,5600,exact-open-set-id-v2,1788323312957279032,127,127,2049,16464,e9a5b0d3611825da7eb38db31620d21dfacf824f20c91b0ee9b6b50cf773d1e0,5.016,
168,primary_test_impostor,663,1595,primary_test_impostor,0,297,45,1038,0,False,,0,False,,0,,False,,4.936,0.42,32840,321d4cb22816e44e4444902ef563ae8dd925439be54beba7d1f19a6aeb53733f,7707.332,7706.7,5600,exact-open-set-id-v2,1788323312957279032,127,127,2049,16464,ae9c6b90ee91593fd49a5ad2bf1f74eb39ade09e7b6fb5a15e7052aee53a4eca,5.454,
169,primary_test_impostor,664,1596,primary_test_impostor,0,193,51,1043,0,False,,0,False,,0,,False,,5.222,0.45,32840,3183e3dc8b897a0ff9dba61440b3f450f261e51d51984e76f4ad748e35c31e17,7668.054,7667.4,5600,exact-open-set-id-v2,1788323312957279032,127,127,2049,16464,46bff920796d4ffb47c5a3784ff6cafc779aa2476464ee32a91595b86b477f7b,5.667,
170,primary_test_impostor,665,1597,primary_test_impostor,0,75,45,1038,0,False,,0,False,,0,,False,,5.094,0.43,32840,fc4db6c1e717174314cb16ecc889060baf360c67d526c00f984d2ba3d8038344,7521.697,7520.9,5600,exact-open-set-id-v2,1788323312957279032,127,127,2049,16464,c01d03f5350bd7acbfd1c028d155dd8a944f3cb8bacde6a6e492ce6d8bd72c56,5.956,
171,primary_test_impostor,666,1598,primary_test_impostor,0,112,2,10,0,False,,0,False,,0,,False,,7.016,0.47,32840,c7587e467745cd98a3d06e589bf280271544fb59398e0ecb4472e33bda482c88,7352.481,7351.8,5600,exact-open-set-id-v2,1788323312957279032,127,127,2049,16464,93f7130c081ec8d62a4ba62ea3e391762f2487d2e328350f1d42a4a83bcc589e,5.219,
172,primary_test_impostor,667,1599,primary_test_impostor,0,175,86,1075,0,False,,0,False,,0,,False,,4.61,0.4,32840,1e3d50039341c7b27e169770a62dd852fceab94cb02b0b6a2778c8b923ed4fe7,7412.772,7412.2,5600,exact-open-set-id-v2,1788323312957279032,127,127,2049,16464,6521db6d3ff22f9122bdc2987aa58d00e586da817ea55d3d4c8e7cd25e519215,5.607,
173,primary_test_impostor,668,16,primary_test_impostor,0,255,31,1025,0,False,,0,False,,0,,False,,6.895,0.46,32840,ded43b2ca1c133a24f5ca3417f7004834301015c643a8205c2190a8873351314,7392.982,7392.3,5600,exact-open-set-id-v2,1788323312957279032,127,127,2049,16464,746a69bd3cb13979320a960870ae5e0b62857fb17652a9a8e52fa1b75303090d,5.424,
174,primary_test_impostor,669,160,primary_test_impostor,0,254,23,1018,0,False,,0,False,,0,,False,,4.732,0.39,32840,ec259964297c8027032142ebaf10bbc03ed92949e7130ecedda13c2343a9d301,7400.062,7399.4,5600,exact-open-set-id-v2,1788323312957279032,127,127,2049,16464,6668e6f67c002c6f0eea66ec031065e051d007cec563a9a14eff87d5d4efe3a9,5.774,
175,primary_test_impostor,670,1600,primary_test_impostor,0,155,108,1095,0,False,,0,False,,0,,False,,4.513,0.38,32840,366b0d5a3c6be1d2138e88e4633b66c5d35712688552100a15e8e4b63006c254,7483.094,7482.4,5600,exact-open-set-id-v2,1788323312957279032,127,127,2049,16464,38b723bc6d0b56bbf1a11d245d125a3d274702104a8e5f58d7070e9580870446,5.021,
176,primary_test_impostor,671,1601,primary_test_impostor,0,267,32,1026,0,False,,0,False,,0,,False,,4.523,0.39,32840,eeb4d05317d2e3a8fb663fd09dfd1cbea2f1819fd9d7de6113b3e15851cdf362,7388.566,7387.9,5600,exact-open-set-id-v2,1788323312957279032,127,127,2049,16464,dad9d3acd6d23cb5217106b73cd535c7f429b4f323815348b76b13f78a322c22,5.083,
177,primary_test_impostor,672,1602,primary_test_impostor,0,92,48,1040,0,False,,0,False,,0,,False,,4.615,0.4,32840,4ceab91917c125d6bc3bd729482b6d5565d6cfe9663fd65123fd3d0cee2396bd,7327.491,7326.8,5600,exact-open-set-id-v2,1788323312957279032,127,127,2049,16464,dcf9b815001fbad46c31ef02f2a54fd81e377c58fcb31a648ffd6b37849c4543,6.216,
178,primary_test_impostor,673,1603,primary_test_impostor,0,118,99,1087,0,False,,0,False,,0,,False,,4.883,0.41,32840,00289031938d81e3e181f2ea226abbe23c3ca6caa6d2525106d2787a2a530475,7365.322,7364.7,5600,exact-open-set-id-v2,1788323312957279032,127,127,2049,16464,5741166024f8138b89f280d7823e95148deee24ade21bef58b8faf9e8fe7c4bb,5.394,
179,primary_test_impostor,674,1604,primary_test_impostor,0,218,6,1002,0,False,,0,False,,0,,False,,4.62,0.4,32840,af41b2694c6380f813cf2584e7b972e5d10774a7fd6d40e63955c82a7efd6fbd,7422.903,7422.3,5600,exact-open-set-id-v2,1788323312957279032,127,127,2049,16464,0b03d100c3ee3ef866ec55c4feb4e0ed44d0f29ee6f1d7ca49eb4cde4a751295,8.201,
180,primary_test_impostor,675,1605,primary_test_impostor,0,259,45,1038,0,False,,0,False,,0,,False,,5.023,0.44,32840,f6a5606ad1dfd119827198a6868aeba11e7f3c0dbd505c8e83cd5d2466e6a381,7483.618,7483.0,5600,exact-open-set-id-v2,1788323312957279032,127,127,2049,16464,801ad5fa399ac2a8352355586902a3bc988882a2537ada2fc138e5da85ef0441,4.483,
181,primary_test_impostor,676,1606,primary_test_impostor,0,198,93,1081,0,False,,0,False,,0,,False,,4.305,0.39,32840,84d480ce231b41fea7fbed47de2e07540216bd0c4f5322a77e223fc446b5c696,7341.351,7340.8,5600,exact-open-set-id-v2,1788323312957279032,127,127,2049,16464,642a5c2bc2a8c542eebb522fbd6d4409751ff6a23830817b01f91915f1caac6c,7.175,
182,primary_test_impostor,677,1607,primary_test_impostor,0,220,119,1104,0,False,,0,False,,0,,False,,4.351,0.38,32840,579431b73c064e931f616b02c75c72eaf5757bbe5553bfd0da463c31f7f64bf8,7347.033,7346.4,5600,exact-open-set-id-v2,1788323312957279032,127,127,2049,16464,2be5b0358c4c81cf224c48287d344f99bd3666e04f862cac9ed6a0d28d6d27f8,5.929,
183,primary_test_impostor,678,1608,primary_test_impostor,0,200,105,1092,0,False,,0,False,,0,,False,,6.182,0.46,32840,fe34f400e87cdc67477d57ac52c63e4b6be990d1e8e22c62b5458e7164135f18,7284.39,7283.8,5600,exact-open-set-id-v2,1788323312957279032,127,127,2049,16464,3c6c8ee7779ae579f5ce344f6b4d80573f15955085393c9cb2f292461be77169,4.769,
184,primary_test_impostor,679,1609,primary_test_impostor,0,174,23,1018,0,False,,0,False,,0,,False,,4.444,0.43,32840,fd85f281b722f1b92277da16ebd1e859bcce6c7bf0e045fea266f356481b83c5,7327.188,7326.5,5600,exact-open-set-id-v2,1788323312957279032,127,127,2049,16464,12307f0f3d45a8bd74f5deedb14b5a8398271606ab883d7b31747adf3f1ed883,5.027,
185,primary_test_impostor,680,161,primary_test_impostor,0,251,12,1008,0,False,,0,False,,0,,False,,4.466,0.41,32840,fb0a23e7f56d05515168e2cfb8e99acba61b7b3dd17738e502912c2cd1893877,7527.53,7526.9,5600,exact-open-set-id-v2,1788323312957279032,127,127,2049,16464,c6dde518ea1412e6975a7758a600408b12c6f7f52a13d778cc89c4f29ea0185b,4.838,
186,primary_test_impostor,681,1610,primary_test_impostor,0,240,50,1042,0,False,,0,False,,0,,False,,4.856,0.41,32840,d74fbfbdcbecca05ae33c2018c10ac7ae4eb2e94c387810300b6e9162609f3d6,7425.549,7424.9,5600,exact-open-set-id-v2,1788323312957279032,127,127,2049,16464,9c4fe0e1fe6726c9f79f39c073b9075c3a7013db5740997700bdd562b80487c2,4.866,
187,primary_test_impostor,682,1611,primary_test_impostor,0,192,48,1040,0,False,,0,False,,0,,False,,4.626,0.39,32840,da93c4007d6724a206ca40afe0c4fed470867b510925c51678007408f962f968,7452.679,7452.1,5600,exact-open-set-id-v2,1788323312957279032,127,127,2049,16464,5cb8b4623098aa1772458f86968973a2e511f1a3a24cb174de6417f72a67f478,4.998,
188,primary_test_impostor,683,1612,primary_test_impostor,0,192,99,1087,0,False,,0,False,,0,,False,,4.955,0.41,32840,a0b2b36cb9b576ff49c30be5d06ce2c4eccc694e19047b8ac571e95813540840,7442.176,7441.5,5600,exact-open-set-id-v2,1788323312957279032,127,127,2049,16464,3f166235040a35b24da684368663fdb7153b517fd713a05ea07775118420e52f,5.17,
189,primary_test_impostor,684,1613,primary_test_impostor,0,200,16,1011,0,False,,0,False,,0,,False,,5.743,0.48,32840,a8a13036aa13ee8de86fdf73131e51c1e6836b7e96442f022aefc5e41d420e5c,7341.808,7341.1,5600,exact-open-set-id-v2,1788323312957279032,127,127,2049,16464,d48f423bdd3cc39bd78c6bca95074ac3e4e52f78d89511b182d8db77f9935d37,4.681,
190,primary_test_impostor,685,1614,primary_test_impostor,0,219,114,110,0,False,,0,False,,0,,False,,4.157,0.41,32840,db19741771cbf38a0d0ea19812bf48dc19b405d66fed7056c6c208f5786e9751,7293.682,7293.0,5600,exact-open-set-id-v2,1788323312957279032,127,127,2049,16464,1c0014d95408f7e9b9e18d0bc432b4a547fbaa51e58d7a3ff7c3eb2855496f9e,5.313,
191,primary_test_impostor,686,1615,primary_test_impostor,0,71,107,1094,0,False,,0,False,,0,,False,,4.336,0.39,32840,b4e502c5c63eef58782d38e32ead4dc331dd48c078370222f0aef874de125d03,7360.766,7360.2,5600,exact-open-set-id-v2,1788323312957279032,127,127,2049,16464,461101a4a5d7b10d8ef90815b0c562b1e17b78eedf1bdac4ec09b7d9d94e1083,5.701,
192,primary_test_impostor,687,1616,primary_test_impostor,0,96,17,1012,0,False,,0,False,,0,,False,,5.32,0.43,32840,39d2ef819215a7dff466c632cf18702d5a9e84b90f475d2ed6d969a21e9a472f,7345.918,7345.4,5600,exact-open-set-id-v2,1788323312957279032,127,127,2049,16464,5bed2a8fd4aba1029dfde9f85c3b511efa852f70d18909941eb98eb8181f1d1e,4.864,
193,primary_test_impostor,688,1617,primary_test_impostor,0,153,64,1055,0,False,,0,False,,0,,False,,4.578,0.37,32840,8874ca3d5a3f2b24924d1bebac3437539688e168549cd53afa0c12eda3465b97,7457.216,7456.7,5600,exact-open-set-id-v2,1788323312957279032,127,127,2049,16464,376534f856c634556396a2cdd8b260d071532802233de4d0bba2f4ed4ebcec36,5.028,
194,primary_test_impostor,689,1618,primary_test_impostor,0,154,115,1100,0,False,,0,False,,0,,False,,4.757,0.43,32840,0e62372b731c2e9a7f8f0a1422b50582eb633c090cd39e4e5a71a45afebeaa23,7409.617,7409.1,5600,exact-open-set-id-v2,1788323312957279032,127,127,2049,16464,f1a337b44ef139bbbdb9c1d5f259eef11a230988f0cb7524ee8dbf811c12c3c6,5.34,
195,primary_test_impostor,690,1619,primary_test_impostor,0,96,99,1087,0,False,,0,False,,0,,False,,5.176,0.44,32840,7ffdfb531c726e2d86b71b8b398f03365418f0851507f11396860e232397dcbe,7452.595,7451.9,5600,exact-open-set-id-v2,1788323312957279032,127,127,2049,16464,bbe68ee03db1a6ed0774ef374e7809c0b1f8aaf2853972b51bdc25b86a186d82,5.06,
196,primary_test_impostor,691,162,primary_test_impostor,0,204,50,1042,0,False,,0,False,,0,,False,,5.025,0.43,32840,80af556ff83d47ca669d6d7a85d4f79e76c7bf6e7de681cdc80af0ad81241e26,8158.39,8157.2,5600,exact-open-set-id-v2,1788323312957279032,127,127,2049,16464,d0b707b7fc30425cc7b6fe9f067e2e9f1bd94553a8f8f4f39d60b4578aabd058,7.694,
197,primary_test_impostor,692,1620,primary_test_impostor,0,245,98,1086,0,False,,0,False,,0,,False,,7.81,0.51,32840,c90f573f94445e9d099ae6c71ab5e8ca0caaf0b63436dc28610abd63e53cfe4b,8613.352,8612.5,5600,exact-open-set-id-v2,1788323312957279032,127,127,2049,16464,5dae7e6ec2aa0cf629923013655f4bbbdcf9c6742c6d8947e3bce463b74f4b43,7.318,
198,primary_test_impostor,693,1621,primary_test_impostor,0,146,115,1100,0,False,,0,False,,0,,False,,5.562,0.46,32840,630f9751a1ca7cf01d814bba2624ce8e3f2bb2f7e1fb06a948ef40091f50340e,8049.74,8049.0,5600,exact-open-set-id-v2,1788323312957279032,127,127,2049,16464,8a499002ab7738b64a50f641dbb783ba3438ef13d5aa36649fed05c813768633,5.509,
199,primary_test_impostor,694,1622,primary_test_impostor,0,273,87,1076,0,False,,0,False,,0,,False,,5.496,0.45,32840,05c470011fe4dd3bbd3785790f5b38baa0b66bc4b5f8146429eae539b5b5996c,7702.017,7701.4,5600,exact-open-set-id-v2,1788323312957279032,127,127,2049,16464,3620fa39a0ee868d3a89f536c4f1fab5a38cbd14d1976fa2233f2b5c11db5709,5.358,
200,primary_test_impostor,695,1623,primary_test_impostor,0,172,27,1021,0,False,,0,False,,0,,False,,4.502,0.41,32840,e6f464fdc9cbd69fa22a8963836f89ef8053b975a0f20866bf3ff2afcfd295be,7588.758,7588.0,5600,exact-open-set-id-v2,1788323312957279032,127,127,2049,16464,3e078d8be11bc6f8658ceebc04dceff68288ef08406b77e37d77313f6b95f47b,5.214,
201,primary_test_impostor,696,1624,primary_test_impostor,0,185,75,1065,0,False,,0,False,,0,,False,,4.59,0.4,32840,25300e8b8dce3076bfff53962a6b2fa7f6206c54ec1986e161ee240bc4c5b58b,7610.27,7609.6,5600,exact-open-set-id-v2,1788323312957279032,127,127,2049,16464,04c0cfa095209c08cc9684735093435dd2f86eec4f642046f919a948dd86053c,4.98,
202,primary_test_impostor,697,1625,primary_test_impostor,0,122,99,1087,0,False,,0,False,,0,,False,,5.527,0.43,32840,1c63ca545f2e41b87ff7c87e8f0f9994ab1e88c27a516f072ecf117302adf8e3,7649.617,7648.9,5600,exact-open-set-id-v2,1788323312957279032,127,127,2049,16464,d4b6ce7fd94ca4cafdef0f09bba6a033addee362fe85eddced437c3b32aae9e1,5.768,
203,primary_test_impostor,698,1626,primary_test_impostor,0,126,102,109,0,False,,0,False,,0,,False,,6.176,0.46,32840,1ec2f7f59da6507ebbbb126370f27b526dac58f8893882242d6b567889c19d17,7571.004,7570.3,5600,exact-open-set-id-v2,1788323312957279032,127,127,2049,16464,21a144ef391583891304df9b98281f4dfccfbfaab16a2134c20d82f176163f57,5.599,
204,primary_test_impostor,699,1627,primary_test_impostor,0,263,75,1065,0,False,,0,False,,0,,False,,5.19,0.45,32840,73e5bf39d61fd4adce1ec59bef92c75c3a33e0949a60cdcf389be37514670c40,7639.798,7639.2,5600,exact-open-set-id-v2,1788323312957279032,127,127,2049,16464,25e7421d65d44c66d7e9c54bcc1df6ac967f8ad438d2c46477b85b2f8b0318b0,5.544,
205,primary_test_impostor,700,1628,primary_test_impostor,0,198,2,10,0,False,,0,False,,0,,False,,4.412,0.42,32840,4d250b8193b5ef2984738d9c36420a66b6d33bba5da556447d14e7c30f4fc4bb,7553.306,7552.7,5600,exact-open-set-id-v2,1788323312957279032,127,127,2049,16464,4046ad5c7693bd1ee6c24e3666a8893e2c27f58f685639ae39265edf7cdfaa47,5.115,
206,primary_test_impostor,701,1629,primary_test_impostor,0,126,93,1081,0,False,,0,False,,0,,False,,4.919,0.4,32840,292d78faf1e0da66ae48ba11e9c899bfd4d7afef821151d5f4d81b17112af6e9,7452.083,7451.4,5600,exact-open-set-id-v2,1788323312957279032,127,127,2049,16464,2a9a35f49c5996481bd5648f3083c94b9837ea71382164bd46fbe8b3cfb5ca61,5.371,
207,primary_test_impostor,702,163,primary_test_impostor,0,131,45,1038,0,False,,0,False,,0,,False,,4.729,0.4,32840,e1570d4152a1e9f04dd14f8e6e807e13b324c357907da8f491a092ed0b791a30,7593.007,7592.3,5600,exact-open-set-id-v2,1788323312957279032,127,127,2049,16464,24d31f77b0913e0ed822f6f4aa9adda81762bd942acae68e5d22789c9ed90fbc,13.032,
208,primary_test_impostor,703,1630,primary_test_impostor,0,130,61,1052,0,False,,0,False,,0,,False,,6.409,0.46,32840,89b61d0b09e44f8f76469f35ea66739577aaeb9deab698c0e71f0d4635b4b70e,7552.367,7551.7,5600,exact-open-set-id-v2,1788323312957279032,127,127,2049,16464,7fba0e725e36ad66e5589cec4c5d383ff7b8ef2516958a227f6e99486023d280,8.873,
209,primary_test_impostor,704,1631,primary_test_impostor,0,152,2,10,0,False,,0,False,,0,,False,,5.687,0.46,32840,50e8d179d17005b5955975bb497266e7aae3eef2177ed5c49eb6cc8f474c9e42,7486.521,7485.8,5600,exact-open-set-id-v2,1788323312957279032,127,127,2049,16464,c6c3a3d9244682799c0ace9d05c4d88b9bd4b7744e086d17c907170a5de96cdc,8.262,
210,primary_test_impostor,705,1632,primary_test_impostor,0,234,124,1109,0,False,,0,False,,0,,False,,5.294,0.45,32840,1bd038491898024fdc9f033fce09dca89971fb899ca4cd94a7bf455fc4da0a7b,7356.57,7355.9,5600,exact-open-set-id-v2,1788323312957279032,127,127,2049,16464,06a2106927a2322a20d2d783f3c79ee826f395df1dd03c00b02a6f75f97cb57b,11.07,
211,primary_test_impostor,706,1633,primary_test_impostor,0,196,0,0,0,False,,0,False,,0,,False,,5.924,0.45,32840,c2b9088ea2715746b3819a8d347284ed4910645917d6d00b8db0ad8771d6cdbd,7447.486,7446.8,5600,exact-open-set-id-v2,1788323312957279032,127,127,2049,16464,202a3f8764f0d45e73fc86318d13b14d44f496b19c8e53ae81b47c587ae3fb3b,5.078,
212,primary_test_impostor,707,1634,primary_test_impostor,0,144,121,1106,0,False,,0,False,,0,,False,,5.02,0.42,32840,d2ee3865afc1898c3da15fdda90d23a65880f82e53e8b1d752c558688cf93375,7421.457,7420.8,5600,exact-open-set-id-v2,1788323312957279032,127,127,2049,16464,4a2773eb872c9601aa6f661a88a90347e21c1c441d0ec210fe95560f29e9f1ee,4.942,
213,primary_test_impostor,708,1635,primary_test_impostor,0,123,25,102,0,False,,0,False,,0,,False,,4.33,0.39,32840,4ae402689ec0062410b0133dbdbc65905764f5042e278690bd45751b1c5606dd,7437.316,7436.7,5600,exact-open-set-id-v2,1788323312957279032,127,127,2049,16464,188ac2c598146ea43f145bc5bb18c0da881298c92f209f86be6852f5773fd9cd,31.449,
214,primary_test_impostor,709,1636,primary_test_impostor,0,118,102,109,0,False,,0,False,,0,,False,,4.531,0.42,32840,c34e13d17abddd9350362b77433988efcb31ac4f3acc4ee9597f13f22dad3a2c,7473.8,7473.2,5600,exact-open-set-id-v2,1788323312957279032,127,127,2049,16464,fb208baf803d90e6a90d86b7b0e82271aa657ab68ac2f68ebcc46a1a58754c62,5.213,
215,primary_test_impostor,710,1637,primary_test_impostor,0,289,81,1070,0,False,,0,False,,0,,False,,5.553,0.43,32840,7d7bf3d742aa5a41db164104e81e20e799dd8d4ca869d020fd680d27a87f0e33,7309.793,7309.1,5600,exact-open-set-id-v2,1788323312957279032,127,127,2049,16464,ec53fbcbceec83b8c92902be74542c8eb71ac9bb58adba8d16f6094bd62092f9,19.45,
216,primary_test_impostor,711,1638,primary_test_impostor,0,146,60,1051,0,False,,0,False,,0,,False,,4.75,0.41,32840,d21e2b04c0509cafb89def031fb37c218f48d5a3c1e46fa6443398bb4288a3b8,7394.801,7394.2,5600,exact-open-set-id-v2,1788323312957279032,127,127,2049,16464,20ed00f692c2eaadf2299b5abb1ce8a768f112169b86c73a3b9078c8c0944090,29.906,
217,primary_test_impostor,712,1639,primary_test_impostor,0,132,46,1039,0,False,,0,False,,0,,False,,4.439,0.4,32840,5d3d92bec34d497ead4c9e1682e063f1cb0fcafa74694417f1c270a9274dc44f,7480.897,7480.3,5600,exact-open-set-id-v2,1788323312957279032,127,127,2049,16464,6fe1b21251934bea78eadc169995ba450938ace0bcdfb24bbf5779c2136923c3,29.044,
218,primary_test_impostor,713,164,primary_test_impostor,0,196,80,107,0,False,,0,False,,0,,False,,4.734,0.42,32840,e3becb5f8370c595358229db33b6c71923699117ad9c3051c518a6eb525fff2f,7485.552,7484.9,5600,exact-open-set-id-v2,1788323312957279032,127,127,2049,16464,0476ddb9f8045880db08cb90d0cf9e798e06fc8fc5871874ac07a17facfc36d6,6.767,
219,primary_test_impostor,714,1640,primary_test_impostor,0,93,63,1054,0,False,,0,False,,0,,False,,5.024,0.43,32840,80eaa2351331282c609455fa975c0353e4c05a1950cc3af854c4105c957bb565,7735.003,7734.3,5600,exact-open-set-id-v2,1788323312957279032,127,127,2049,16464,4296b01d15202e2a22fd2174f8649407ef40e2d4de7bf07f0a91ac0bf560fd28,15.533,
220,primary_test_impostor,715,1641,primary_test_impostor,0,100,46,1039,0,False,,0,False,,0,,False,,5.04,0.42,32840,2988ca154607e72cc6346df1faa6f56541b03e4a28bd3b5e28e7f9810aceadbb,7453.98,7453.4,5600,exact-open-set-id-v2,1788323312957279032,127,127,2049,16464,3e2604305d08b6c002f63207be1398b62a8b95a2409a7c6f332c3cff4f4e92de,25.76,
221,primary_test_impostor,716,1642,primary_test_impostor,0,227,120,1105,0,False,,0,False,,0,,False,,4.493,0.45,32840,3ff2114d95793f2ee148a8f377a48cbc204c7fcb4ae157849c2eb725614ed437,7368.568,7368.0,5600,exact-open-set-id-v2,1788323312957279032,127,127,2049,16464,56b3d81be6eba63e4b11d7d8c09460eac4457ec1b99fbb793d5094f9576c42ce,9.946,
222,primary_test_impostor,717,1643,primary_test_impostor,0,183,75,1065,0,False,,0,False,,0,,False,,5.215,0.41,32840,f110ff58af0231515c99aa9a21dae93e522a418c4ddbfce3d2adda5ff38c28eb,7319.167,7318.5,5600,exact-open-set-id-v2,1788323312957279032,127,127,2049,16464,593be84fc3a70db4528e923c5d066c0e0e813e315d59a9214c906d763bb539ba,31.273,
223,primary_test_impostor,718,1644,primary_test_impostor,0,278,47,104,0,False,,0,False,,0,,False,,4.041,0.45,32840,1d26f6b5df141022714c13e3d154cc16d861c167cd0edc2f1b1201247d3e7329,7280.148,7279.5,5600,exact-open-set-id-v2,1788323312957279032,127,127,2049,16464,6f204e505a576eaac810a0a27fac028cb6e83b0144fdbf6fd84969c3c2edff77,25.023,
224,primary_test_impostor,719,1645,primary_test_impostor,0,111,64,1055,0,False,,0,False,,0,,False,,4.764,0.38,32840,92e0f80a7a95a076058ee025e1226631073727c52fdd97d9e575e5ebebbd77b7,7515.585,7515.0,5600,exact-open-set-id-v2,1788323312957279032,127,127,2049,16464,4ee9b2c6ad614b73c0896a1d8beed99bad3aac7c933dfbf69d2fad1eda27b878,4.912,
225,primary_test_impostor,720,1646,primary_test_impostor,0,223,86,1075,0,False,,0,False,,0,,False,,4.479,0.42,32840,65cada72b267d23a7bf3d8e88f3faf81dbfd540c2508d5f2c03348b8ce8df86e,7329.996,7329.4,5600,exact-open-set-id-v2,1788323312957279032,127,127,2049,16464,22d9180f06b6454a7ce2ac412306dacedbcc8b7089924e0bb835458ecead2f89,4.608,
226,primary_test_impostor,721,1647,primary_test_impostor,0,196,48,1040,0,False,,0,False,,0,,False,,4.644,0.4,32840,3aeb974967a7f12e175ce2a448da6177800cf82501f24e0da74d93b8c794e13c,7471.448,7470.8,5600,exact-open-set-id-v2,1788323312957279032,127,127,2049,16464,96621eb9da25a67cef183d20bed14e106b4338e16ad3662b0495a636a8a9967e,19.925,
227,primary_test_impostor,722,1648,primary_test_impostor,0,89,81,1070,0,False,,0,False,,0,,False,,4.972,0.43,32840,551be7b0be88d1064a2b2c15725a4e431865cce4da4339289a2d3fe5f3c03cd1,7573.705,7573.0,5600,exact-open-set-id-v2,1788323312957279032,127,127,2049,16464,382b2720001ff83ced1d58ed7fdc5ffe2c716a9c0d40f5b150feb5daa9538800,19.167,
228,primary_test_impostor,723,1649,primary_test_impostor,0,175,112,1099,0,False,,0,False,,0,,False,,7.035,0.59,32840,07a9dc318038c90f39c9577b44ac392da4274cfcdaeab9d2c19177e13ec8cb20,8023.329,8021.6,5600,exact-open-set-id-v2,1788323312957279032,127,127,2049,16464,2402fe57f6cc168575dcacd8cfba29d6ee835baebd12e964208ed45945a37d2b,17.297,
229,primary_test_impostor,724,165,primary_test_impostor,0,269,88,1077,0,False,,0,False,,0,,False,,10.303,1.25,32840,be9c3a2597dfaa9749afe9d82d49075b127d99dcc5af84bc613445854e434a6d,8217.76,8216.9,5600,exact-open-set-id-v2,1788323312957279032,127,127,2049,16464,36efbc55a0e8218fad73feb9b013ec60ba4027dff62daa292cc18431c2252af8,5.963,
230,primary_test_impostor,725,1650,primary_test_impostor,0,108,10,1006,0,False,,0,False,,0,,False,,5.526,0.45,32840,80779fd61ce844fff5a2f0e112722f3149a32282fca82c2a2ececf038e650a19,7983.196,7982.6,5600,exact-open-set-id-v2,1788323312957279032,127,127,2049,16464,cfcad5b6644e91eb7956c82ebbfa76d9b8c6711ab1ccb019fb6a79f41336b501,13.935,
231,primary_test_impostor,726,1651,primary_test_impostor,0,254,46,1039,0,False,,0,False,,0,,False,,6.096,0.45,32840,07fd632366bc67326638c99d766781eb6d107352c612588e3490111061afefe4,7599.009,7598.4,5600,exact-open-set-id-v2,1788323312957279032,127,127,2049,16464,dd1f68367c3a0476b44e32a5a307b107cf14fbd5e06d57f01fb174ec4c5de068,5.142,
232,primary_test_impostor,727,1652,primary_test_impostor,0,164,17,1012,0,False,,0,False,,0,,False,,4.239,0.39,32840,9a9d982e0942ad110bf6c401a72b03b70a155c2233837fc604cc979048b32bb1,7444.303,7443.7,5600,exact-open-set-id-v2,1788323312957279032,127,127,2049,16464,8e63ac4cc0abe2ff684e8f6adff75d5cff6899a7082c8072f07630ac12c30bb1,4.714,
233,primary_test_impostor,728,1653,primary_test_impostor,0,225,88,1077,0,False,,0,False,,0,,False,,4.546,0.39,32840,2a89e4e4e5d13bec6b59d6bb4fdb6838a48d33d17037e5392b1ecf970f2b2ade,7509.11,7508.5,5600,exact-open-set-id-v2,1788323312957279032,127,127,2049,16464,5fe9e96c45042e290949f038415471f6a37d1693d4d68592164a02b366329cb7,4.858,
234,primary_test_impostor,729,1654,primary_test_impostor,0,152,92,1080,0,False,,0,False,,0,,False,,4.324,0.41,32840,bab3f5b5ba72bfdf55ef651fab2c1149cfa8ef8966bdc09d8901c9802098ebf1,7544.876,7544.2,5600,exact-open-set-id-v2,1788323312957279032,127,127,2049,16464,d5f175273112ca467a486fc7fabb12ebb2b4f6009ef8507151e3d908c0590ae8,23.756,
235,primary_test_impostor,730,1655,primary_test_impostor,0,126,23,1018,0,False,,0,False,,0,,False,,4.381,0.39,32840,a61fb95c2478b24c42489ca95b9a8d4aa044ca7f8a9072c75d9d4e8e97782456,7514.434,7513.8,5600,exact-open-set-id-v2,1788323312957279032,127,127,2049,16464,561b92e986b4ad11bbb5e27ecedee4b5293a5564efc3b857785196de2d422fd4,5.176,
236,primary_test_impostor,731,1656,primary_test_impostor,0,134,102,109,0,False,,0,False,,0,,False,,5.46,0.45,32840,c091f3edc2ba464ff520ad45b20404ad5e69a1e980ef80e20db544fb52ef10b5,7267.89,7267.2,5600,exact-open-set-id-v2,1788323312957279032,127,127,2049,16464,207c18464a7e0241c243772785682acd4ab111b0519e9f952dc889d3cc3d57b6,5.38,
237,primary_test_impostor,732,1657,primary_test_impostor,0,158,46,1039,0,False,,0,False,,0,,False,,4.017,0.39,32840,2431ce6e154d6bd191c375f89740d416f022637c207046e45027a93e827c3eb5,7315.602,7315.0,5600,exact-open-set-id-v2,1788323312957279032,127,127,2049,16464,bc4cb423c6235d573525a82cf97ee6d4198b56663b15e2dfd542ffadc7c0cec9,10.63,
238,primary_test_impostor,733,1658,primary_test_impostor,0,150,121,1106,0,False,,0,False,,0,,False,,11.218,0.45,32840,26860ae201ded1492bbf51eed42871784a92c86450e78024775a3bb3b0663a97,7316.459,7315.8,5600,exact-open-set-id-v2,1788323312957279032,127,127,2049,16464,e173b3919c6df79b9c79f4fba03b1f709bd577a3290074a35383dd4cd63c2a36,6.571,
239,primary_test_impostor,734,1659,primary_test_impostor,0,188,61,1052,0,False,,0,False,,0,,False,,5.566,0.45,32840,079feccf78d1dd640c3a9f0a9ad38c0b04f5c3bb9154ffe492f8ca90f38e8581,7342.055,7341.2,5600,exact-open-set-id-v2,1788323312957279032,127,127,2049,16464,17de9c67f6ce75fd8bcf58c081a89243bd874e1c8b55c8175426b4875d21574c,17.972,
240,primary_test_impostor,735,166,primary_test_impostor,0,214,2,10,0,False,,0,False,,0,,False,,13.355,0.48,32840,a2ed7c82131bb9a282749a470b7d2273324a338a87f1c49ca81cdcb1ead4ba3f,7375.937,7375.1,5600,exact-open-set-id-v2,1788323312957279032,127,127,2049,16464,9c5a1832274263c0555326c0bb61bdc8c8e727b6e8e89e6d57826b0682e5e926,14.254,
241,primary_test_impostor,736,1660,primary_test_impostor,0,154,103,1090,0,False,,0,False,,0,,False,,4.218,0.38,32840,1fa79adc0f389bca4da51b6a1b16716b39bcaf536cb9dd78aa6bdbde175e6492,7683.478,7682.8,5600,exact-open-set-id-v2,1788323312957279032,127,127,2049,16464,ac9c566bda1032afbd8fd16e6e9d157d2a406df0dbc39ea5bfdf082e6152371d,5.05,
242,primary_test_impostor,737,1661,primary_test_impostor,0,155,29,1023,0,False,,0,False,,0,,False,,5.501,0.48,32840,e3136f428ddb8f1ec644c809fe4b76d46f6b40d1d72b57c7952a06fe29ae27e3,7802.399,7801.6,5600,exact-open-set-id-v2,1788323312957279032,127,127,2049,16464,04bf717f1bb0b698fa926261aeb0eae6cd6ca21f9dfe0f4bc0b05ceccfa05d72,19.689,
243,primary_test_impostor,738,1662,primary_test_impostor,0,239,75,1065,0,False,,0,False,,0,,False,,4.912,0.46,32840,48fb68badf99c203e255005173e85312a86d0341053184d414dd34f7143a2037,7808.206,7807.4,5600,exact-open-set-id-v2,1788323312957279032,127,127,2049,16464,2a19daa5f06700e4152060cf39b01ea7ef3461494c2f3be696b55e21125e77c5,5.436,
244,primary_test_impostor,739,1663,primary_test_impostor,0,194,3,100,0,False,,0,False,,0,,False,,4.749,0.44,32840,a0acf0168048f465dcccfe443671d669cb24ed94f6778256430759cddc6b17c1,7580.63,7580.0,5600,exact-open-set-id-v2,1788323312957279032,127,127,2049,16464,ac1bc39176eaa6ea0aa34b93b2e7c9e48ef63f86dc9c8100bcdf4c3c85a6974e,13.421,
245,primary_test_impostor,740,1664,primary_test_impostor,0,140,100,1088,0,False,,0,False,,0,,False,,5.198,0.44,32840,e2d3d1356fc62e0724570ffe7113c062a0c8c3387f4c19a0a32dbddba8767844,7630.342,7629.7,5600,exact-open-set-id-v2,1788323312957279032,127,127,2049,16464,a3e62c4825f51d12d7f75a0179b566a7fcbecffcec6897db3120e252a8aa0b7a,4.84,
246,primary_test_impostor,741,1665,primary_test_impostor,0,243,51,1043,0,False,,0,False,,0,,False,,4.396,0.4,32840,0fc0a69490052ca12921007492a93e104b620cbe87e5cc40db07a70295245344,7495.158,7494.5,5600,exact-open-set-id-v2,1788323312957279032,127,127,2049,16464,f588814f23ae4cae1cfc44ab52261b35ac5707454dfb7a4606231617533778cb,7.584,
247,primary_test_impostor,742,1666,primary_test_impostor,0,200,113,11,0,False,,0,False,,0,,False,,5.052,0.44,32840,88c9815f13add1bb6dc060186dc53ddd77d3fb4d7fd8ac094f450df628e1cde2,7490.524,7489.9,5600,exact-open-set-id-v2,1788323312957279032,127,127,2049,16464,67c8b6bcd2c2d8b7b6a0eb5aecc2d2e288fb3f5cd0166bdb75a92472fde2ce3a,4.933,
248,primary_test_impostor,743,1667,primary_test_impostor,0,134,80,107,0,False,,0,False,,0,,False,,5.237,0.41,32840,32445e0d00fc2b36b0bfd3ef0b1f4f70325dfdf69952e1cc774e5fa3b1a6e74c,7456.017,7455.4,5600,exact-open-set-id-v2,1788323312957279032,127,127,2049,16464,5f039f4ab7c125f960da03614c2701e6cbac51657003c261637c9b76a7784c01,4.97,
249,primary_test_impostor,744,1668,primary_test_impostor,0,221,40,1033,0,False,,0,False,,0,,False,,4.794,0.43,32840,c833c7f1c467b5e39d91f4c981f0c3e32f9e04ba0b3b1e7b0e48acb3fc7fa0b6,7616.708,7615.9,5600,exact-open-set-id-v2,1788323312957279032,127,127,2049,16464,6b2b4ae5046d4d8de35359f0c5b3fda5b7a8b0a01eb55c1b7db63e0a1c17219b,5.047,
250,primary_test_impostor,745,1669,primary_test_impostor,0,136,62,1053,0,False,,0,False,,0,,False,,4.439,0.39,32840,f037856c74d78d7f4aaabd316b11a0ee42a48746d5af08a2a290ebd17041fb1b,7382.784,7382.2,5600,exact-open-set-id-v2,1788323312957279032,127,127,2049,16464,f254bcda15ff86eeb7638516113b5a9db3447c95cd3d1ac96b8b5b13a15b0bdb,23.267,
251,primary_test_impostor,746,167,primary_test_impostor,0,143,86,1075,0,False,,0,False,,0,,False,,5.295,0.43,32840,e007568969504753bbba93df462199287edc809deda0f8e757b4d7d552d51035,7443.126,7442.6,5600,exact-open-set-id-v2,1788323312957279032,127,127,2049,16464,cb911c8125c96101d9f8c4f9d99995aca07acbf34a5c49b899e4bda625ebc60b,4.568,
252,primary_test_impostor,747,1670,primary_test_impostor,0,44,102,109,0,False,,0,False,,0,,False,,4.474,0.4,32840,58122a616d3c1bbf66fdc205527e947823d467b7c28783d680b129c4d25af5f7,7235.624,7235.0,5600,exact-open-set-id-v2,1788323312957279032,127,127,2049,16464,6bedc4daffd56d7c47d9f98ec641fd7e72ef34375ece9b3652fdb18582f51095,16.875,
253,primary_test_impostor,748,1671,primary_test_impostor,0,108,4,1000,0,False,,0,False,,0,,False,,5.433,0.47,32840,e39ef2992c7625d7f8b29bfe7a95b25180fa5ee1ffe81242df7afe527b49f4c9,7497.397,7496.8,5600,exact-open-set-id-v2,1788323312957279032,127,127,2049,16464,f1984fb55c11c3a8438b89389062213d4a3505699870252f321955c9028e682e,5.194,
254,primary_test_impostor,749,1672,primary_test_impostor,0,122,2,10,0,False,,0,False,,0,,False,,4.736,0.43,32840,22671857f2abe02bfe9ddec79289d873eaf1110c951ba755efc2b0b98ed1f01f,7261.925,7261.2,5600,exact-open-set-id-v2,1788323312957279032,127,127,2049,16464,cf10b77d5d73ae0ca527ca6b7fc488db4b7b4ca8aa5c7b1bd49026a6bb4cd06f,5.09,
255,primary_test_impostor,750,1673,primary_test_impostor,0,284,97,1085,0,False,,0,False,,0,,False,,4.681,0.4,32840,9d618869c751c1110b338a51e9f0b9a918c818e8754941853dd67ed1824911b9,7345.496,7344.8,5600,exact-open-set-id-v2,1788323312957279032,127,127,2049,16464,8f1f83118f8bc73a3f41107c5bc6cfa11681e491b5d03aa3fee483c556f265d3,18.341,
256,primary_test_impostor,751,1674,primary_test_impostor,0,150,117,1102,0,False,,0,False,,0,,False,,5.272,0.4,32840,0501b8c54c8cc82e5334c414931cc0aa6525af634d99998504cb87cd3106d9d2,7488.415,7487.7,5600,exact-open-set-id-v2,1788323312957279032,127,127,2049,16464,ed9aa739dd61b78dd3518c1d4d04418c1257aa0e45467315d04ed7ef0bb355bd,27.597,
257,primary_test_impostor,752,1675,primary_test_impostor,0,65,34,1028,0,False,,0,False,,0,,False,,4.567,0.4,32840,09f03c663213ec4b7295de830db99708c9b81785bdc4ae0c671ba1184023783d,7345.913,7345.4,5600,exact-open-set-id-v2,1788323312957279032,127,127,2049,16464,4c81f59540a4e53164585b52202f30e691a3cabd157ed4bcd0954c0319febd5c,5.385,
258,primary_test_impostor,753,1676,primary_test_impostor,0,222,2,10,0,False,,0,False,,0,,False,,5.079,0.43,32840,78f40f8b77b39c17d9e7b03fada955348eab21d0b7def2eac05e6aef2b2f4659,7351.721,7351.1,5600,exact-open-set-id-v2,1788323312957279032,127,127,2049,16464,41a334f1423ad040a6077538b19641da29bb3f9c96420be573ef8fa36f4e5ad7,5.283,
259,primary_test_impostor,754,1677,primary_test_impostor,0,222,21,1016,0,False,,0,False,,0,,False,,4.75,0.41,32840,76250db42e4883d0abc80af0e230768f1b8de93ee5331af8178c1506caa477c3,7577.645,7577.1,5600,exact-open-set-id-v2,1788323312957279032,127,127,2049,16464,161b92a070d1aacd29ad0b653a6724a3d831603fc9ec8b86314588930bb2d126,5.129,
260,primary_test_impostor,755,1678,primary_test_impostor,0,152,27,1021,0,False,,0,False,,0,,False,,6.653,0.5,32840,a4c707315a3c0b587cafdbd80b09431c80afb849497568dc3ae96fc4451c687f,8265.478,8264.7,5600,exact-open-set-id-v2,1788323312957279032,127,127,2049,16464,afc20a44602ff65145b3bb707e17784615c3e398c439f44943c9097f928803b2,5.338,
261,primary_test_impostor,756,1679,primary_test_impostor,0,239,9,1005,0,False,,0,False,,0,,False,,5.649,0.44,32840,dfe7e1b987c843cfd1681d6867428b92b4ef8f8f6858bde3d5fb6e75d6e0e28a,8060.136,8059.4,5600,exact-open-set-id-v2,1788323312957279032,127,127,2049,16464,0507bf0b3c314a335c2cb5ed1a653017cf80708b0896f7652facac1f12cf64b9,12.085,
262,primary_test_impostor,757,168,primary_test_impostor,0,253,24,1019,0,False,,0,False,,0,,False,,5.608,0.43,32840,0136e6a9eec94842e266cd02cf48ba9c9394fed6582da8328459303a166ef9fa,7897.07,7896.4,5600,exact-open-set-id-v2,1788323312957279032,127,127,2049,16464,3247be890216b842f359caf553fb154a3db542238330fd4b604a569d05e321eb,5.716,
263,primary_test_impostor,758,1680,primary_test_impostor,0,3,45,1038,1,True,45,46,True,45,46,digiface-45-1038,False,,5.713,0.48,32840,d2116013dee6fa79c506cb31ca02f14f966f6d610cf2dfdd09918428445d8d12,7813.637,7813.0,5600,exact-open-set-id-v2,1788323312957279032,127,127,2049,16464,cee87eb35fc765cf76460f96c13312301a5ff7ac52031c260c349f2d7d7d8c6a,5.256,
264,primary_test_impostor,759,1681,primary_test_impostor,0,189,19,1014,0,False,,0,False,,0,,False,,5.108,0.42,32840,2810cecccd0868a67922fb7efa32359601350e17706295816051eb296c96cb11,7585.751,7585.1,5600,exact-open-set-id-v2,1788323312957279032,127,127,2049,16464,5a9173064ef9fdb9b44cf10f30dad011bf72735d014a1fe1ca0b67db2d30115c,5.332,
265,primary_test_impostor,760,1682,primary_test_impostor,0,205,88,1077,0,False,,0,False,,0,,False,,4.727,0.41,32840,b979ae42eb161e3fbde583d5751fa455f8271f9511f611019a454e7360f92f32,7526.337,7525.7,5600,exact-open-set-id-v2,1788323312957279032,127,127,2049,16464,7e4de44ecb88d180274672e99421834bff8b0f4ed285ac5b8d7bca2818a0f686,4.895,
266,primary_test_impostor,761,1683,primary_test_impostor,0,223,108,1095,0,False,,0,False,,0,,False,,4.667,0.39,32840,73153eace312af3af94c0ff0471e940b40d5a2b209eb59f0b303358c789f14d7,7446.896,7446.3,5600,exact-open-set-id-v2,1788323312957279032,127,127,2049,16464,e1b3b9469e027eb7e886fa754322751a7382c5868053a5d92fbec9995a8c206c,19.586,
267,primary_test_impostor,762,1684,primary_test_impostor,0,181,24,1019,0,False,,0,False,,0,,False,,5.05,0.46,32840,1a2f99696459c18f467da1de37418eca6a53f7212b08b793569ffb802cf61701,7385.84,7385.2,5600,exact-open-set-id-v2,1788323312957279032,127,127,2049,16464,6ef3855f8aa2d7051c1b557d0bbc716dcd08f562757604d7a87494bd43e39973,5.519,
268,primary_test_impostor,763,1685,primary_test_impostor,0,183,116,1101,0,False,,0,False,,0,,False,,5.63,0.44,32840,bc7dd519e6b6de9ebdd0793facf310c4582e8136c8b28b1e18141a104b5de765,7636.219,7635.4,5600,exact-open-set-id-v2,1788323312957279032,127,127,2049,16464,60c96c2dbfb8ef6dd76c9ba5603b26d244b23a354f798f279d8bccdfd1b8da8b,5.417,
269,primary_test_impostor,764,1686,primary_test_impostor,0,127,68,1059,0,False,,0,False,,0,,False,,5.241,0.4,32840,0a08395c48a46d44f87ddd3c2c5ec0d2675185d628d3a04794a1e5eeae6583be,7405.672,7405.0,5600,exact-open-set-id-v2,1788323312957279032,127,127,2049,16464,7b1f419edad54a59b7dd1525d1b3d2e6d8ffa20c622baf22ada565c91596dcac,5.469,
270,primary_test_impostor,765,1687,primary_test_impostor,0,89,81,1070,0,False,,0,False,,0,,False,,5.142,0.45,32840,dbc29811b6f6dbfa42363c15210e77ab80ec7ae2ecfad31b897a7ae938133f2a,7432.766,7432.1,5600,exact-open-set-id-v2,1788323312957279032,127,127,2049,16464,2bef4715a4f8c8d6349378898ddfcbbad7b5c274782b4f6232b9d6b59fa8f7e7,4.899,
271,primary_test_impostor,766,1688,primary_test_impostor,0,177,32,1026,0,False,,0,False,,0,,False,,4.492,0.46,32840,d95623ac2c37eedd1289c32c128e9cc9b2ffff82a02e058ad579eb4951ad4215,7411.157,7410.6,5600,exact-open-set-id-v2,1788323312957279032,127,127,2049,16464,43c5d32c97ea9edf758d724db25f766fe0687f8eda9899d9ce88d2859db06312,5.171,
272,primary_test_impostor,767,1689,primary_test_impostor,0,119,81,1070,0,False,,0,False,,0,,False,,4.846,0.42,32840,29247fed392c1d4b69e9f6db91cf4bcac372651f76369c83579c3ec9e766e5b3,7558.587,7558.0,5600,exact-open-set-id-v2,1788323312957279032,127,127,2049,16464,b119aa6f9fdd17f9f7056bf3ad6569276309e3d7975413bb864281821a7fde13,4.756,
273,primary_test_impostor,768,169,primary_test_impostor,0,47,65,1056,0,False,,0,False,,0,,False,,5.554,0.47,32840,2be181ac9bdfff25881d9860811833c533a2d5b64da8ad51b1eb20560bcba0ca,7425.483,7424.8,5600,exact-open-set-id-v2,1788323312957279032,127,127,2049,16464,416900dd4aafb562b0813b057698d1674214f5766a048615d7fc8e7819d236ae,5.585,
274,primary_test_impostor,769,1690,primary_test_impostor,0,186,3,100,0,False,,0,False,,0,,False,,4.979,0.44,32840,5e16eec30e7361f9e9d9d48451077ed2e3155fdfdfca62b84b7388666b1bfa81,7490.958,7490.4,5600,exact-open-set-id-v2,1788323312957279032,127,127,2049,16464,2b082f79c0e7427ec4f8a33f1c77956260db067bfa63bae696cc3b734a6228f1,5.672,
275,primary_test_impostor,770,1691,primary_test_impostor,0,217,51,1043,0,False,,0,False,,0,,False,,5.07,0.39,32840,a75121f7f1a70a0215acadbfaa03a714d3a58ad949d76c2e150552d7367206d5,7394.704,7394.1,5600,exact-open-set-id-v2,1788323312957279032,127,127,2049,16464,6bd00b74a063eb6d19e17881f964451b851d3a7a5c2ab2e845d775ad2bf19a87,5.565,
276,primary_test_impostor,771,1692,primary_test_impostor,0,154,61,1052,0,False,,0,False,,0,,False,,5.463,0.44,32840,7b0400aeef9d34d7977e5b8e26a2ccf38ec351f88e621092fb6b1953b8037b02,7442.079,7441.3,5600,exact-open-set-id-v2,1788323312957279032,127,127,2049,16464,de34c4f89a556d4aa97015b44bed1a72179a793667fdb41576a9e04d41e2e33f,5.138,
277,primary_test_impostor,772,1693,primary_test_impostor,0,252,125,111,0,False,,0,False,,0,,False,,4.882,0.42,32840,c8448e11fbf43bb3624c187818a4e7c14c4504e256eca4e0e75d2cfc5d806848,7383.112,7382.5,5600,exact-open-set-id-v2,1788323312957279032,127,127,2049,16464,0829da9cecbc25495c3761866f3b10132db788d3d3eda9ee0704157f9db42a73,5.587,
278,primary_test_impostor,773,1694,primary_test_impostor,0,254,2,10,0,False,,0,False,,0,,False,,4.981,0.43,32840,eab98b3c9f6dcceb19a9294d88ed647cf635837d55596660a244156174b87900,7458.364,7457.8,5600,exact-open-set-id-v2,1788323312957279032,127,127,2049,16464,95b1f97ecbe6be09a39cf1f07622e2903e22744d6ab0b5dd4956965b219f7194,5.47,
279,primary_test_impostor,774,1695,primary_test_impostor,0,173,81,1070,0,False,,0,False,,0,,False,,5.05,0.42,32840,15798bd565f3f7c5dae0149596f9e3bfb02f4e3dd8c69f90b56b05a90bd9ad9a,7422.909,7422.3,5600,exact-open-set-id-v2,1788323312957279032,127,127,2049,16464,d497079ef9ce4493f708a659e7ea034ca328d8acb79f8c4d1419247128074734,4.904,
280,primary_test_impostor,775,1696,primary_test_impostor,0,208,70,1060,0,False,,0,False,,0,,False,,5.439,0.45,32840,c307c76024c27eba40785d92dd12f03ad7198ed7b6d698aa14d05fa4d8650e1f,7392.531,7391.9,5600,exact-open-set-id-v2,1788323312957279032,127,127,2049,16464,4d74131d08800380f3f9173ef725019bb5174ff5d6d370af9e76cbc2e8bc5700,5.248,
281,primary_test_impostor,776,1697,primary_test_impostor,0,254,85,1074,0,False,,0,False,,0,,False,,4.834,0.41,32840,4cca8fdc26c7818fa1450c70e2d5dd8779bcdcdb5668908b0f11d27710432ba6,7860.516,7859.8,5600,exact-open-set-id-v2,1788323312957279032,127,127,2049,16464,2a4e5ebf51f5d768aa5b30a89d9156f02250cb6ff2b36ae43d1feffbee7fd5b3,5.681,
282,primary_test_impostor,777,1698,primary_test_impostor,0,146,46,1039,0,False,,0,False,,0,,False,,4.846,0.42,32840,04c1eb267aa24ba76f0c747cca01f50c50da25dcdfc69adfe65b079b2e00b0e6,7810.986,7810.2,5600,exact-open-set-id-v2,1788323312957279032,127,127,2049,16464,03f001045a557417745e0e0d35cf4c4c8c4e44f8c6520fe47d1a3c26ed3991ab,5.546,
283,primary_test_impostor,778,1699,primary_test_impostor,0,212,100,1088,0,False,,0,False,,0,,False,,4.793,0.48,32840,01bbb70e7131511408509a2327fdfecaef61ddbfee7262cda28b1910d0945270,7528.699,7527.9,5600,exact-open-set-id-v2,1788323312957279032,127,127,2049,16464,c876e20a3ab79ff31ea1cf5dca44da5aee8c3818229ad0041072f09959bece0c,5.644,
284,primary_test_impostor,779,17,primary_test_impostor,0,281,29,1023,0,False,,0,False,,0,,False,,6.359,0.46,32840,35636511e51d26f281735160348cd1d45d420911c584f01a36502b55743724f3,7461.786,7461.1,5600,exact-open-set-id-v2,1788323312957279032,127,127,2049,16464,01cbafb2951856ea5e175d609f312746c6dcc1e4679905f1c798cdfd489e1be2,5.059,
285,primary_test_impostor,780,170,primary_test_impostor,0,178,20,1015,0,False,,0,False,,0,,False,,4.649,0.4,32840,963b934fd691cde9e3cefd02ad80467f14dc9a33371bc47be8d84c4b6b7dbbdf,7493.978,7493.4,5600,exact-open-set-id-v2,1788323312957279032,127,127,2049,16464,9687e4a0e7b36d27808b815eee9cc0d13a44b71aadb56ed0f62dfdd3039180eb,5.409,
286,primary_test_impostor,781,1700,primary_test_impostor,0,198,3,100,0,False,,0,False,,0,,False,,4.749,0.4,32840,069d1259e83a190392fc470354a4e7d63baf613701a13fac3c3c7c5b9263d74f,7542.109,7541.6,5600,exact-open-set-id-v2,1788323312957279032,127,127,2049,16464,1df51b95e75fc3313443f83d52e1d521de18b00a84cfa9bdf73d62711cf63eff,5.035,
287,primary_test_impostor,782,1701,primary_test_impostor,0,44,100,1088,0,False,,0,False,,0,,False,,4.991,0.44,32840,1827d6112ee6a39abaecbb8a6778a7bbea5954b4af91c4db1fb6ee6a5c436fb9,7461.823,7461.2,5600,exact-open-set-id-v2,1788323312957279032,127,127,2049,16464,c36f8a0929762bfc9dfcc678eca97ba216fc6f61056275b018a387b3d2c7c4d1,4.897,
288,primary_test_impostor,783,1702,primary_test_impostor,0,82,23,1018,0,False,,0,False,,0,,False,,4.394,0.41,32840,debffd5232b980eebb83294cdea57f437a904a0b961d00c78d7a5434680c0692,7522.368,7521.8,5600,exact-open-set-id-v2,1788323312957279032,127,127,2049,16464,9aea1adcd02a89592dd2ad6a4cc8365a1899ae6c0a0aa276a0b51944cc3d3a8b,5.045,
289,primary_test_impostor,784,1703,primary_test_impostor,0,165,74,1064,0,False,,0,False,,0,,False,,4.996,0.46,32840,1ab305e6c02707b8ec4762c4d90b75c0786d0f660c2f152ff6806973882ebf37,7895.77,7895.0,5600,exact-open-set-id-v2,1788323312957279032,127,127,2049,16464,03c53df5a81f88455e9ca34c82551213f7eb3fe1b6394a342c5010c0c44a896c,5.378,
290,primary_test_impostor,785,1704,primary_test_impostor,0,155,58,105,0,False,,0,False,,0,,False,,4.861,0.44,32840,31dee29a593622b2f6234c1890ed5fa6243fbba5caf2328e1db44169bc0a965d,7718.907,7717.9,5600,exact-open-set-id-v2,1788323312957279032,127,127,2049,16464,0f48f571cdc47defcae0b6b559d4c68aedaa7b76e2f1f443097ae8b003ec3d4a,15.303,
291,primary_test_impostor,786,1705,primary_test_impostor,0,170,7,1003,0,False,,0,False,,0,,False,,5.086,0.45,32840,6b677fa71a67e33f2bd9f1c06231b2e9474ab5fe5eb4e672c67d68b0eb9c0d84,7787.42,7786.6,5600,exact-open-set-id-v2,1788323312957279032,127,127,2049,16464,e20b723b7c5c86bd48501a023c1118e8e3cc03f0fa02a0254890c97fc7988136,5.539,
292,primary_test_impostor,787,1706,primary_test_impostor,0,187,64,1055,0,False,,0,False,,0,,False,,7.975,0.43,32840,e859f76f2d532f02b2ac4703477a45047ae057b01175f86c14707a28ae9601ee,7907.734,7907.0,5600,exact-open-set-id-v2,1788323312957279032,127,127,2049,16464,9e6d21b4a157c75c3f6d2343a5558d50e603c672997e345c95ed4997616ea918,5.875,
293,primary_test_impostor,788,1707,primary_test_impostor,0,68,99,1087,0,False,,0,False,,0,,False,,6.649,0.55,32840,855c55e50f84e3dd7e4c93f28095a8bbc1486f73d6eb9d98bc063620c799b57c,8050.7,8049.6,5600,exact-open-set-id-v2,1788323312957279032,127,127,2049,16464,e1b914934f2c21cfca12f1c5c2f0c6db7642b8ca6cef8ddbfb62581aaa7e89f0,9.281,
294,primary_test_impostor,789,1708,primary_test_impostor,0,151,114,110,0,False,,0,False,,0,,False,,10.658,0.64,32840,a33a6a467a5c8e0e2567c07dd08d2317d5f14712adf648cc429659552dfff6a9,8095.565,8094.8,5600,exact-open-set-id-v2,1788323312957279032,127,127,2049,16464,0e3e167c385759b165b7b39dd93cd65264e7eac381da71c258b83487e5321c6b,5.614,
295,primary_test_impostor,790,1709,primary_test_impostor,0,172,23,1018,0,False,,0,False,,0,,False,,4.861,0.48,32840,a0afae56872eca24efb286b346e928ff405466544df02faaf4fdc93759f29607,7431.577,7431.0,5600,exact-open-set-id-v2,1788323312957279032,127,127,2049,16464,16af31168523261039e79c70d187ff0737784104469a2a354546ceb456dc253b,4.848,
296,primary_test_impostor,791,171,primary_test_impostor,0,159,63,1054,0,False,,0,False,,0,,False,,4.934,0.42,32840,15116b1ea1fe66228256c3b049fdbf58ffa8afe5e025fe171569d011d7bc13f6,7491.695,7491.1,5600,exact-open-set-id-v2,1788323312957279032,127,127,2049,16464,7062633c5b157c37e7c0794984981cc46e517ac12e5efef136b649cbdc0fd570,7.376,
297,primary_test_impostor,792,1710,primary_test_impostor,0,89,111,1098,0,False,,0,False,,0,,False,,4.531,0.42,32840,dd7a2a743881289991f08e477050a132b45c4938b239d02c7539af3062f5d849,7366.098,7365.5,5600,exact-open-set-id-v2,1788323312957279032,127,127,2049,16464,f5c0bf3a33e8e35595a9b00a8031c70c42becf7c5b28e121419614c56f4851d6,4.96,
298,primary_test_impostor,793,1711,primary_test_impostor,0,255,86,1075,0,False,,0,False,,0,,False,,4.713,0.43,32840,c17b67aa8f1f1fb8c867bf617511ba09e650042d97a55c7c6dea6b2c78652041,7309.837,7309.2,5600,exact-open-set-id-v2,1788323312957279032,127,127,2049,16464,48a186e7a52a8d171a32a691de9aae6f31f660abe86a78299c659054b6546571,5.139,
299,primary_test_impostor,794,1712,primary_test_impostor,0,288,18,1013,0,False,,0,False,,0,,False,,4.595,0.47,32840,161cdf467d1cdc926a23fd94439c01842b44fe0517803505762c855b9e1c3089,7502.713,7502.1,5600,exact-open-set-id-v2,1788323312957279032,127,127,2049,16464,37a9dce158803dc8e400f061c4458b9a9caa3039fb2a78a383c2b3121299ec0b,5.01,
300,primary_test_impostor,795,1713,primary_test_impostor,0,322,61,1052,0,False,,0,False,,0,,False,,4.452,0.44,32840,cd3349d7e942022e18abdd81c3844bc4e7904c382ebd84dc50b41666369e7047,7425.296,7424.7,5600,exact-open-set-id-v2,1788323312957279032,127,127,2049,16464,0872bf0aa77a3880397435863bdb70d1f9b5bb6d186e613288026716ec08ad67,4.993,
301,primary_test_impostor,796,1714,primary_test_impostor,0,60,33,1027,0,False,,0,False,,0,,False,,4.494,0.41,32840,438ac63ba0ae5130913f3d7773ac1927f750eb6d0a3abad6d8a9b69ad287ad0b,7174.54,7174.0,5600,exact-open-set-id-v2,1788323312957279032,127,127,2049,16464,021682e4c40773bd3b2ac0c4cdc61da0a97056f7319256dba8618eee3b34fc4c,5.584,
302,primary_test_impostor,797,1715,primary_test_impostor,0,68,3,100,0,False,,0,False,,0,,False,,4.702,0.38,32840,f3b2501d366b45c4c4c0a15e08c82a963e35d10a0404b9500dce52f060cd3796,7239.427,7238.9,5600,exact-open-set-id-v2,1788323312957279032,127,127,2049,16464,796a6ae31f91b87dfaa1c2333562a212cfd24e86fb845d7529af58c175e7a5be,5.587,
303,primary_test_impostor,798,1716,primary_test_impostor,0,211,95,1083,0,False,,0,False,,0,,False,,5.783,0.47,32840,bd1b74fbf744882f171c1f6ae04161d4fb88b54c4fbb7f993981c17b078826ee,7254.478,7253.9,5600,exact-open-set-id-v2,1788323312957279032,127,127,2049,16464,a7e156b324cc44030f975827d666bd8c429aa39d5f3d7453b432bd1de49bcee0,4.875,
304,primary_test_impostor,799,1717,primary_test_impostor,0,243,82,1071,0,False,,0,False,,0,,False,,4.417,0.43,32840,22d90009fea7358a1c08486670e98831672d7451963d7e8e5096ad67f3143f16,7415.686,7415.1,5600,exact-open-set-id-v2,1788323312957279032,127,127,2049,16464,ef70095200ef52d767c8024f668e8e98a6252b81450129eb6193a3258964ad29,6.0,
305,primary_test_impostor,800,1718,primary_test_impostor,0,208,2,10,0,False,,0,False,,0,,False,,5.56,0.47,32840,fd57ba9652c515a2d710b7f4b772ec43af13003b9f875643725fbd07e64e49de,7317.365,7316.7,5600,exact-open-set-id-v2,1788323312957279032,127,127,2049,16464,60128b60aca58e3a8b73dfe0a3546757c4a38985725e7e2ca48cd6d1accd0fce,5.429,
306,primary_test_impostor,801,1719,primary_test_impostor,0,159,59,1050,0,False,,0,False,,0,,False,,5.025,0.48,32840,83748d4ba139e0aa0e500f78445bd52e3b81040ee6716afbb81d4020c0d19ed1,7282.183,7281.4,5600,exact-open-set-id-v2,1788323312957279032,127,127,2049,16464,2c13067b7767c7f1af8f6cf793bb91b6906a92acf07e14f99c132cb2237f3ba5,5.304,
307,primary_test_impostor,802,172,primary_test_impostor,0,237,29,1023,0,False,,0,False,,0,,False,,4.702,0.4,32840,08da7595a61cf4f04edf887716dc3e697b7ff054f92dd89981502f530164e4df,7367.167,7366.5,5600,exact-open-set-id-v2,1788323312957279032,127,127,2049,16464,e3d3bd772f7d009fa55b31fc5cc01b8ebb15c27ea2d066cc6799d1df964c7c78,5.554,
308,primary_test_impostor,803,1720,primary_test_impostor,0,248,17,1012,0,False,,0,False,,0,,False,,4.49,0.39,32840,0fb03d31ca853e0eb3901713f554e02feb7be8136d1d4e2c8499bef52a9564b9,7251.875,7251.3,5600,exact-open-set-id-v2,1788323312957279032,127,127,2049,16464,61adc8d3743df6bc09c7a3b609b92ce55519329f8fa05bbe89d4ed0314a9ea70,4.608,
309,primary_test_impostor,804,1721,primary_test_impostor,0,170,62,1053,0,False,,0,False,,0,,False,,4.166,0.38,32840,74ca0e3a99f4e470c486d87ade51fd204c3e6814ab62896142d9b844e7b952ca,7289.568,7289.0,5600,exact-open-set-id-v2,1788323312957279032,127,127,2049,16464,8619acf8e17eb16006538767e34c14fcaee480f0ec2301210bf3653b10f6d14f,5.171,
310,primary_test_impostor,805,1722,primary_test_impostor,0,232,119,1104,0,False,,0,False,,0,,False,,4.783,0.42,32840,13c69c4f5d1cb201c7afedd95fead5d87a83ba1bd910a98aaafa3ec496db53db,7237.252,7236.6,5600,exact-open-set-id-v2,1788323312957279032,127,127,2049,16464,7128594c6985da63fc360f4b177586b7b407d43d4bad9658a804a10ef82277af,4.89,
311,primary_test_impostor,806,1723,primary_test_impostor,0,101,32,1026,0,False,,0,False,,0,,False,,4.606,0.41,32840,f34ac1471c5abfd03b37bde0b61111d4a90f6a2cf2c8932d6228e1dcb1ed6786,7290.983,7290.4,5600,exact-open-set-id-v2,1788323312957279032,127,127,2049,16464,ce43d9450a58e405a46678c890b86059ab92d49d4ba82dd5a8bd5e5c3c5325fc,4.879,
312,primary_test_impostor,807,1724,primary_test_impostor,0,176,6,1002,0,False,,0,False,,0,,False,,4.447,0.41,32840,99798cca10a2dd5a1d2c3df100e0c65b58f4bd78fa819af0a05428294c37382e,7292.425,7291.8,5600,exact-open-set-id-v2,1788323312957279032,127,127,2049,16464,7247756ac5da1e106f2426200bb36c04b751f7ce6d2a919f0d9cb38c7d1fc325,5.048,
313,primary_test_impostor,808,1725,primary_test_impostor,0,204,85,1074,0,False,,0,False,,0,,False,,5.047,0.44,32840,c74915d9a2f4f16faa0aae044ad63be1bbb720d54d9d24bcdfec167a72be166a,7221.963,7221.3,5600,exact-open-set-id-v2,1788323312957279032,127,127,2049,16464,50257cec7bef95b15c13bb2a041db0c5139648001925f4e5060b3b7b3907c0ce,4.744,
314,primary_test_impostor,809,1726,primary_test_impostor,0,36,54,1046,0,False,,0,False,,0,,False,,4.364,0.41,32840,9883bd45313c39c5a086c87585c23a89ce1e3a3b22cc7f06995ba1881d0ee5f6,7270.958,7270.3,5600,exact-open-set-id-v2,1788323312957279032,127,127,2049,16464,b871691a1afd02600ceb76b889d9349b792cfa3dd54d5ee68400cd07c7acbc94,4.912,
315,primary_test_impostor,810,1727,primary_test_impostor,0,245,120,1105,0,False,,0,False,,0,,False,,4.743,0.42,32840,7cf365fe385561937b3c0345b2e61f7952fb001d59f4d7f92369210dfe5c033a,7293.377,7292.7,5600,exact-open-set-id-v2,1788323312957279032,127,127,2049,16464,47256da0c70a88aa704a84d2121e96f7a5a085c24da218d7477410f5252b2b6c,5.634,
316,primary_test_impostor,811,1728,primary_test_impostor,0,78,99,1087,0,False,,0,False,,0,,False,,5.096,0.43,32840,56d141ad5bf2c5d652ca4b6732222c6b850774cabaf191360721bb774953aaca,7254.735,7254.1,5600,exact-open-set-id-v2,1788323312957279032,127,127,2049,16464,ec3cc405799fc3d6a8ea9d4c64b94e37e3c9db11ce2ca777078806626a9db5b0,4.992,
317,primary_test_impostor,812,1729,primary_test_impostor,0,211,120,1105,0,False,,0,False,,0,,False,,4.699,0.42,32840,f6dc4b7cef09afb3ba53d1c97e41532b4972c2cd707a5176a65192adc5cd388f,7231.149,7230.5,5600,exact-open-set-id-v2,1788323312957279032,127,127,2049,16464,97f652f328af25a67db579a73420168248ea547565b64b9b36683c1be4bf53bb,4.957,
318,primary_test_impostor,813,173,primary_test_impostor,0,123,53,1045,0,False,,0,False,,0,,False,,4.442,0.38,32840,84fe2d4a9705c298fda3fb56282695cfbf8a671623838d382e7fa1e0fe36eb01,7266.127,7265.5,5600,exact-open-set-id-v2,1788323312957279032,127,127,2049,16464,d3d4c1ca64c3ca9a646d4aa485f6c01b8d0c8ee31b20242167feaf96b4060491,5.664,
319,primary_test_impostor,814,1730,primary_test_impostor,0,226,3,100,0,False,,0,False,,0,,False,,4.473,0.39,32840,68ab29fd1cf565093497c351423226a274d0ddb884d114cd69a5cd399d9e6403,7264.014,7263.3,5600,exact-open-set-id-v2,1788323312957279032,127,127,2049,16464,f3dfd564fcdecc3afb3b4f1037c9bdc1199cf13316c133ebc8da43379fe16cd4,21.296,
320,primary_test_impostor,815,1731,primary_test_impostor,0,238,119,1104,0,False,,0,False,,0,,False,,21.425,0.54,32840,ff732d71b088618d99b464dae8030b036c16206dea8d73295aaf0cebb2502828,7288.651,7287.9,5600,exact-open-set-id-v2,1788323312957279032,127,127,2049,16464,3074064c7df29cf051f3a1a921abb69da33512023742523ee3d0a71a7b0539f1,4.981,
321,primary_test_impostor,816,1732,primary_test_impostor,0,229,120,1105,0,False,,0,False,,0,,False,,4.116,0.4,32840,d3bacaca59edb27b01aac3c1bb5f01345a367f063d4987e9aecc2cba56a82a5e,7695.661,7695.1,5600,exact-open-set-id-v2,1788323312957279032,127,127,2049,16464,dc8b7f7e5a521f47d02ba27e9196153af4be137377453e5efe971f78b5455d90,7.881,
322,primary_test_impostor,817,1733,primary_test_impostor,0,208,119,1104,0,False,,0,False,,0,,False,,5.18,0.41,32840,bc225cefcd29f7d182d24e306ac4d115fbc3e87a67673a1527e1a892f6d9f098,7458.044,7457.4,5600,exact-open-set-id-v2,1788323312957279032,127,127,2049,16464,1d18fb2101e71e18063f92220494258d113dad69ade79358ac4da185fbb3e231,5.261,
323,primary_test_impostor,818,1734,primary_test_impostor,0,90,102,109,0,False,,0,False,,0,,False,,5.077,0.45,32840,f9e60a05fb0b1120372e548c6dfcf7729fc4ff12f508e6c2aed22a9ec334effb,7621.948,7621.3,5600,exact-open-set-id-v2,1788323312957279032,127,127,2049,16464,40f14240970261d8262da99adf902923104f4ee4cf9d527c38b1aa7bfad64c4f,5.333,
324,primary_test_impostor,819,1735,primary_test_impostor,0,168,21,1016,0,False,,0,False,,0,,False,,5.911,0.45,32840,3816e7bbd93572794d10c6a5be13da4736f5657d54c259b972bb026a0c6a957e,7850.024,7849.3,5600,exact-open-set-id-v2,1788323312957279032,127,127,2049,16464,7e800d1b600893d1700e95874d056cdbe892c82b95b584ed0c8a69b070f718fc,6.241,
325,primary_test_impostor,820,1736,primary_test_impostor,0,80,80,107,0,False,,0,False,,0,,False,,5.316,0.44,32840,3548622876dab64a3985956c2ca202ca8afd7afde5073d8534a9a953013f0625,7709.18,7708.5,5600,exact-open-set-id-v2,1788323312957279032,127,127,2049,16464,547d4af3623ac5186c015c74088f6fbd3ce844f7b884e0020a37c7ab1c72cde7,13.569,
326,primary_test_impostor,821,1737,primary_test_impostor,0,183,19,1014,0,False,,0,False,,0,,False,,8.304,0.5,32840,98d835ac3a32697dde86d06fc46f8c89f2cd84b6f11b7a78aafc3036642eccfa,7790.743,7790.0,5600,exact-open-set-id-v2,1788323312957279032,127,127,2049,16464,0df3b80d88eb3cc771d41ad2ee8a3249d2c8d025d705035ee4938cb020a01597,5.522,
327,primary_test_impostor,822,1738,primary_test_impostor,0,267,24,1019,0,False,,0,False,,0,,False,,5.382,0.44,32840,5c3f9abec0e8398fba3a404ca4fde17bda0792b1a267f29a199193de7fe5bc5b,7733.596,7732.8,5600,exact-open-set-id-v2,1788323312957279032,127,127,2049,16464,8d96ecf0e346230bbb4a823752ead1cf3ff0e60a4140a0e061fb3bcbaab2808e,5.825,
328,primary_test_impostor,823,1739,primary_test_impostor,0,110,3,100,0,False,,0,False,,0,,False,,5.441,0.41,32840,e81c476f055d40c3b7779b74f8dd4b3c056e37cf321de2ac21b445b1aab89de1,7708.964,7708.3,5600,exact-open-set-id-v2,1788323312957279032,127,127,2049,16464,0c0f1de16ffb2724e54abacf940d77ab3877337dfe6cab5bb2a25bc079f48c39,5.979,
329,primary_test_impostor,824,174,primary_test_impostor,0,179,64,1055,0,False,,0,False,,0,,False,,4.816,0.47,32840,35e8c51c3636f4cead5f3ad48c27f29f445dd6ce0e758ecc6a9ca6e70959c7a3,7666.861,7666.2,5600,exact-open-set-id-v2,1788323312957279032,127,127,2049,16464,dfdc60a95f3fe08b75f7c31922227a10e8af77cc6b28e1fd80f77380f867e6f2,5.424,
330,primary_test_impostor,825,1740,primary_test_impostor,0,141,76,1066,0,False,,0,False,,0,,False,,5.176,0.43,32840,943af8365373534a51e45593698527552be65d6a1a646106df5d51027dc65994,7679.667,7678.8,5600,exact-open-set-id-v2,1788323312957279032,127,127,2049,16464,3af20515b5a51823507175b481ec4837ededc335841a7e7c786c171569a2ed86,4.806,
331,primary_test_impostor,826,1741,primary_test_impostor,0,280,100,1088,0,False,,0,False,,0,,False,,5.405,0.47,32840,a4ba29464a978020d9095e3eebd4b425b67b323383ae4b02c92ab48d05ea8850,7492.41,7491.6,5600,exact-open-set-id-v2,1788323312957279032,127,127,2049,16464,b513adf5b5d97e958bc3c4c597922993ab07482eacba1b99e74960c251e94397,4.991,
332,primary_test_impostor,827,1742,primary_test_impostor,0,218,99,1087,0,False,,0,False,,0,,False,,4.553,0.39,32840,afa87db0b9fe604bcba25903ca40a421dd18e1df57ba5dd061f016df693e4aea,7324.296,7323.7,5600,exact-open-set-id-v2,1788323312957279032,127,127,2049,16464,59d57e807ce1f20d7a09df0b982f0f3e8a0e336373804a47f026da20b44e1236,4.637,
333,primary_test_impostor,828,1743,primary_test_impostor,0,223,98,1086,0,False,,0,False,,0,,False,,4.296,0.39,32840,f86715cc3ddc769638f54fd6d72acea7e6d86313f8f8551a55968a7710acef84,7225.93,7225.3,5600,exact-open-set-id-v2,1788323312957279032,127,127,2049,16464,e78879742a41fc749f09d47cf21f66949b4845dadd164143d7c945660e698b0d,4.796,
334,primary_test_impostor,829,1744,primary_test_impostor,0,120,93,1081,0,False,,0,False,,0,,False,,4.348,0.39,32840,7647f8caaeef6f700ade9e575b502272ece6ed9761617be780862cb9b0bfa8d0,7268.277,7267.7,5600,exact-open-set-id-v2,1788323312957279032,127,127,2049,16464,d43650cbfa74e3b3ef2808965f39aa0dbb196be473d1b0d7d5ac9ed68436c344,4.926,
335,primary_test_impostor,830,1745,primary_test_impostor,0,240,122,1107,0,False,,0,False,,0,,False,,4.516,0.41,32840,b2c8682875dd8acd5106459a407c16ba01b5aa235c55e720d63d87cc9f4def49,7230.644,7230.1,5600,exact-open-set-id-v2,1788323312957279032,127,127,2049,16464,7d6d4d7f480a538183d29dd6ccebccb744e6fce901c5278171da6a2c82e73128,5.748,
336,primary_test_impostor,831,1746,primary_test_impostor,0,150,80,107,0,False,,0,False,,0,,False,,4.557,0.4,32840,a5e1427883b65675f3277f15bac963711994a31d60019b4c429901c5ca3b7f6b,7262.338,7261.8,5600,exact-open-set-id-v2,1788323312957279032,127,127,2049,16464,d04534f9c507412889876cba956ebeee1dbfe902314feaecb90f55664ab241ab,5.453,
337,primary_test_impostor,832,1747,primary_test_impostor,0,209,25,102,0,False,,0,False,,0,,False,,5.019,0.43,32840,9ee9546eef89a9c9c74ac353c7b7a482931df8773c6900efb01a503aa179bea6,7362.253,7361.7,5600,exact-open-set-id-v2,1788323312957279032,127,127,2049,16464,6c9f25e3c435d1572495cb3ee2f0f6d86dff4b4bf502748953c2df6a10944a26,5.075,
338,primary_test_impostor,833,1748,primary_test_impostor,0,242,33,1027,0,False,,0,False,,0,,False,,4.488,0.4,32840,86021a0996e4fc6eb5e25ff57c2bb44834022c17d984cff7fbd91f5dfb556e13,7360.511,7360.0,5600,exact-open-set-id-v2,1788323312957279032,127,127,2049,16464,26158d047f4e0315bcb8b64cfdd0307da1a44f73328d02871a29a4cf6383e717,5.212,
339,primary_test_impostor,834,1749,primary_test_impostor,0,175,98,1086,0,False,,0,False,,0,,False,,5.102,0.41,32840,9fa7d7da8aa05448ca7c6ce56c0fb046d8431aa043e44d64b8a14842df2e6a20,7311.666,7311.1,5600,exact-open-set-id-v2,1788323312957279032,127,127,2049,16464,f0a737d19a719e1ef182471cb27a18a6d51812d1e89dcb895d567640a6c0f998,5.901,
340,primary_test_impostor,835,175,primary_test_impostor,0,156,10,1006,0,False,,0,False,,0,,False,,4.921,0.5,32840,22d7faa1e079b70a8cec29f60983709d3303f0cf290eacb33fe198172381afb9,7374.695,7374.1,5600,exact-open-set-id-v2,1788323312957279032,127,127,2049,16464,6ea9179c73c5194fa9a0e54984ec778c4a253586a461f5dc6db98f6d3f77631c,5.48,
341,primary_test_impostor,836,1750,primary_test_impostor,0,117,107,1094,0,False,,0,False,,0,,False,,4.805,0.39,32840,9f659be6ea0e963ca6da285e9e914e4bcdc965fc24db3e89cc86edfe623552d4,7390.428,7389.8,5600,exact-open-set-id-v2,1788323312957279032,127,127,2049,16464,b7a5bc683d441fbb90e3d4804d72b647f3f6c7346fb42b1c4336187ab2e627ad,5.377,
342,primary_test_impostor,837,1751,primary_test_impostor,0,191,116,1101,0,False,,0,False,,0,,False,,4.937,0.44,32840,c41f8b28e127b1c6dc87f939c0598e55901f66eb168a28e520b420eeec003958,7452.656,7452.0,5600,exact-open-set-id-v2,1788323312957279032,127,127,2049,16464,8e8c0b3ad8d47a27e9239c78f0de3cfcd76cc3e053f8a99cde70bfa33f8294de,5.218,
343,primary_test_impostor,838,1752,primary_test_impostor,0,160,54,1046,0,False,,0,False,,0,,False,,4.805,0.54,32840,01e25729989aaf33ac53f39a50faf0dd32da6b17dad1055bce1ae2b8dcc3c846,7428.538,7427.9,5600,exact-open-set-id-v2,1788323312957279032,127,127,2049,16464,36c8c0196adafe157b397124d1f53d1f8f54c7ed6ce2f9f2869d17240c99fcc3,5.867,
344,primary_test_impostor,839,1753,primary_test_impostor,0,212,8,1004,0,False,,0,False,,0,,False,,4.956,0.42,32840,a9efa115c7cc5a8901c81e24a643ce91abdb132655a457998ca8482e65ecdd06,7404.707,7404.1,5600,exact-open-set-id-v2,1788323312957279032,127,127,2049,16464,f1e75e8af98dd97ec64f5978ae28191dbb42578fc5629d592db838a8e941db6a,5.086,
345,primary_test_impostor,840,1754,primary_test_impostor,0,216,23,1018,0,False,,0,False,,0,,False,,4.691,0.4,32840,c23de6159875a2fac02a5d30b5fe89b99af9a19c16dbdc360f3cb5e43695e871,7511.527,7510.9,5600,exact-open-set-id-v2,1788323312957279032,127,127,2049,16464,3d9f9d1ed8f0726776aa06194855a1908b368a06b7d503c5ba0f35e82ecb390b,5.12,
346,primary_test_impostor,841,1755,primary_test_impostor,0,148,70,1060,0,False,,0,False,,0,,False,,4.807,0.43,32840,e5277e19a37c6849057eba654d9bd2ee93dbe65d6a81b56aaf624094207b4ba3,7394.955,7394.3,5600,exact-open-set-id-v2,1788323312957279032,127,127,2049,16464,e618a2aaab18e32fdf45a27f38f56dae7b5b2b7ffb6743b33edd6dd6f80dff5e,4.964,
347,primary_test_impostor,842,1756,primary_test_impostor,0,257,95,1083,0,False,,0,False,,0,,False,,4.808,0.44,32840,1121646c6679139cac1632f8b352db7ad6852d4ec61d4e0a2211c58d2ccaf141,7504.595,7504.0,5600,exact-open-set-id-v2,1788323312957279032,127,127,2049,16464,d41f3d6e4269db1d68e6fc279b6912eb28cefe720e391df279baa107b19a0a02,5.495,
348,primary_test_impostor,843,1757,primary_test_impostor,0,134,93,1081,0,False,,0,False,,0,,False,,4.748,0.45,32840,d910e33d43e8fbe8c3cde27c61cdcb831185084a91c68b21032bd59135b65ecc,7363.273,7362.7,5600,exact-open-set-id-v2,1788323312957279032,127,127,2049,16464,7a4fca448aece964b167217210ef4de9de25b51ed27ec99dc55e195b911a7b87,4.54,
349,primary_test_impostor,844,1758,primary_test_impostor,0,101,81,1070,0,False,,0,False,,0,,False,,4.56,0.42,32840,6b4f32c603d9bb4d312ea98b2c450feac29724319fedaa58ac89a2a2728a83af,7522.449,7521.7,5600,exact-open-set-id-v2,1788323312957279032,127,127,2049,16464,ac715ed89ec2696920ce34efe91aa91c8ab82976e4882fb7d404906804354960,6.552,
350,primary_test_impostor,845,1759,primary_test_impostor,0,144,18,1013,0,False,,0,False,,0,,False,,6.283,0.43,32840,b261b7c91fa3f8d1bed93f07bc07ba094fe91a4d9970050d86cf3e3e16778132,7429.012,7428.3,5600,exact-open-set-id-v2,1788323312957279032,127,127,2049,16464,59f9376564cf7ad2ad83ec1e1ab2d0d86e254663a8010ab64576d0aaf73f6a95,4.946,
351,primary_test_impostor,846,176,primary_test_impostor,0,146,109,1096,0,False,,0,False,,0,,False,,4.798,0.41,32840,65f5e480788bef23483e492ff69ca378f4795197c5f9d5334b1405d5b7c58b33,7303.621,7303.0,5600,exact-open-set-id-v2,1788323312957279032,127,127,2049,16464,002f2ca56fd4d6a50e084666c5b6f50567f5d59311a25e14698dfa362354b040,5.688,
352,primary_test_impostor,847,1760,primary_test_impostor,0,228,80,107,0,False,,0,False,,0,,False,,6.1,0.46,32840,561d02c9c92597ca979ec1b62da4f9d65fd24c4170ad58adc5ca450559fde9cd,7468.347,7467.7,5600,exact-open-set-id-v2,1788323312957279032,127,127,2049,16464,d49d76123bbeb2e9b0b45e227971abcfc38782416140130eccc800ec9a8109be,5.542,
353,primary_test_impostor,848,1761,primary_test_impostor,0,219,51,1043,0,False,,0,False,,0,,False,,5.552,0.43,32840,214ffdae5c9c81c83d8ef8678604907f6f0ef35d7ccc0fd6490541d42fc815d2,7534.512,7533.7,5600,exact-open-set-id-v2,1788323312957279032,127,127,2049,16464,30d7b51082ebc58282519dae716e8923c19924cb07eb96eeeaa4de518cde3b24,5.343,
354,primary_test_impostor,849,1762,primary_test_impostor,0,149,118,1103,0,False,,0,False,,0,,False,,5.352,0.44,32840,00ae8c4782378253fd1e477c110fdd403790584c3c989455a78832a4959a9511,7285.842,7285.2,5600,exact-open-set-id-v2,1788323312957279032,127,127,2049,16464,6cb148bbfdc39a93e1888c1505604d79a1540bfa39048409a6507e3673bf0881,5.053,
355,primary_test_impostor,850,1763,primary_test_impostor,0,138,124,1109,0,False,,0,False,,0,,False,,4.719,0.42,32840,2eba0dfca0242cca0bb5818f860f4dcce7b7d07b286e25483f4e4f912f04f4a6,7611.104,7610.5,5600,exact-open-set-id-v2,1788323312957279032,127,127,2049,16464,facdbe4bdb05d7a39eb57f8d57f5ff793fce40ebe477f867df6558e9daa72038,21.489,
356,primary_test_impostor,851,1764,primary_test_impostor,0,122,3,100,0,False,,0,False,,0,,False,,21.487,0.57,32840,2f2e5f93709ed92549a776707c8da352aa722f4e9fb543d36f8f7bfd8bce8a7c,8028.403,8027.7,5600,exact-open-set-id-v2,1788323312957279032,127,127,2049,16464,4f864c3889fe865c41efadb7fcfe498783694e1812ec3501f348d14e0c86816c,6.563,
357,primary_test_impostor,852,1765,primary_test_impostor,0,268,2,10,0,False,,0,False,,0,,False,,5.889,0.47,32840,3fae0ddea949c63408bc51ec1632636b395bbf3f397a2c18dee142afe9475a6c,8044.543,8043.8,5600,exact-open-set-id-v2,1788323312957279032,127,127,2049,16464,3dc406433a98122bd61a3cc96796cee3a785dd4679217ec15cd9e0694b285869,5.354,
358,primary_test_impostor,853,1766,primary_test_impostor,0,191,52,1044,0,False,,0,False,,0,,False,,5.718,0.45,32840,d99625c8a0ba738770e6c88aed55cf835f9a8c908826c1b4329d438c3295a8ae,7818.892,7818.3,5600,exact-open-set-id-v2,1788323312957279032,127,127,2049,16464,c4d17dad638158682c437efb8dea977e36e158045142fafcdb8b6bc1ce1b5d38,11.622,
359,primary_test_impostor,854,1767,primary_test_impostor,0,172,94,1082,0,False,,0,False,,0,,False,,6.29,0.45,32840,46060f421011605daa007388614d6d41b928d41c274fb98436b7c2e0acbfda8a,7768.974,7768.3,5600,exact-open-set-id-v2,1788323312957279032,127,127,2049,16464,9644cecd96933b20a4f9b7c6c78cd1995ffda18d28b532911ac2cd22d7df254b,5.046,
360,primary_test_impostor,855,1768,primary_test_impostor,0,166,4,1000,0,False,,0,False,,0,,False,,4.678,0.41,32840,25b6c511dabbdf02d724ac5d88dcc3714074f3e428577a343fcf8b3b0190236a,7535.375,7534.7,5600,exact-open-set-id-v2,1788323312957279032,127,127,2049,16464,7ebcf91d59c303ea5a60b540df69afc7551f905c78d149ab7458a692924efe1c,5.723,
361,primary_test_impostor,856,1769,primary_test_impostor,0,242,123,1108,0,False,,0,False,,0,,False,,5.489,0.45,32840,e756e0387ccb8cd390e2ae38a24cc8132fa53abbe372dff8808da77e52ce383e,7878.734,7878.1,5600,exact-open-set-id-v2,1788323312957279032,127,127,2049,16464,ce61df70994e77f19fd51872f7218708c770168c764c52cd5fbbaaeb48a01808,6.172,
362,primary_test_impostor,857,177,primary_test_impostor,0,92,2,10,0,False,,0,False,,0,,False,,5.152,0.45,32840,632d9aa8bc91b80b0f97eeb42944e9f70c91b430a710e19f7502be4ee04741e3,7693.66,7693.0,5600,exact-open-set-id-v2,1788323312957279032,127,127,2049,16464,29d6b583a8361199c0d52775f0c3e97fa07f5b285ab74d2e52cdf7ae10b0394e,8.29,
363,primary_test_impostor,858,1770,primary_test_impostor,0,172,110,1097,0,False,,0,False,,0,,False,,5.523,0.42,32840,20cebcc1158f68081543ce40071740a79adc09da563b105b43fa21cba1feb346,7897.555,7896.5,5600,exact-open-set-id-v2,1788323312957279032,127,127,2049,16464,610e33794a64110f3b26b86d799a7b2def6882bf7b4a82f0a8d7fa616384aa55,6.042,
364,primary_test_impostor,859,1771,primary_test_impostor,0,245,52,1044,0,False,,0,False,,0,,False,,5.12,0.48,32840,1263a7a1e0a0a0c377f57ea90ec88c484530226030305f6eb8a85f6993701080,7579.168,7578.4,5600,exact-open-set-id-v2,1788323312957279032,127,127,2049,16464,815ce7db7c3f130481d67f5ef96f7ea9c3ef59828ed7163703b06f9ccc825b1f,5.44,
365,primary_test_impostor,860,1772,primary_test_impostor,0,141,108,1095,0,False,,0,False,,0,,False,,5.275,0.42,32840,0a53a7766c8453e0d457e748b14ce0604e70f219481279848305e78e50712120,7568.379,7567.8,5600,exact-open-set-id-v2,1788323312957279032,127,127,2049,16464,fdc4d96bcfd8062a1345db132a9480b808298e5c961132703f0b44ce1209391b,5.112,
366,primary_test_impostor,861,1773,primary_test_impostor,0,203,24,1019,0,False,,0,False,,0,,False,,4.447,0.42,32840,1e7e237606d0018c94b6000a3936e0f9b0adab314b37c87bb06e9d3111eb3c16,7631.968,7631.4,5600,exact-open-set-id-v2,1788323312957279032,127,127,2049,16464,cc1d66c103bc47f2b53985065c0a911f0e1744ffe50d5930632cb3b9efa088df,5.778,
367,primary_test_impostor,862,1774,primary_test_impostor,0,164,46,1039,0,False,,0,False,,0,,False,,7.62,0.56,32840,3712cbbe65591b600e3f5ee57f0fbb0089fd513041b2456e09a03173c15b11ec,7727.624,7727.0,5600,exact-open-set-id-v2,1788323312957279032,127,127,2049,16464,6d8fa39d92cd3a416efcf034c8cab81981e4797a0cf70cad3f7d7132c0dd92db,5.259,
368,primary_test_impostor,863,1775,primary_test_impostor,0,165,43,1036,0,False,,0,False,,0,,False,,5.032,0.44,32840,2c6e7020c67b4ab0f8a46e905f44e761597301c8413265b645325c3ed70eda0d,7575.753,7575.0,5600,exact-open-set-id-v2,1788323312957279032,127,127,2049,16464,4ff0d3d5269bebf008e30a66013b73e11dc746e95a1591407a8dfd3d743ddb0c,7.611,
369,primary_test_impostor,864,1776,primary_test_impostor,0,190,11,1007,0,False,,0,False,,0,,False,,5.213,0.43,32840,15e5e9933178958125ddbadd0d56f494fb0538b00e1ba12a89ea069479670c68,7452.284,7451.6,5600,exact-open-set-id-v2,1788323312957279032,127,127,2049,16464,0c2986df03f3e14b3c8839a44b779c010b9f09fb335e1e1fec94cb86e89ec2b6,7.826,
370,primary_test_impostor,865,1777,primary_test_impostor,0,195,75,1065,0,False,,0,False,,0,,False,,8.629,0.54,32840,7f4b8e7e5a7c5800e9c7ec3556aeb11aaa86f763c3d0779058631c48b6dd7fa5,7332.644,7332.0,5600,exact-open-set-id-v2,1788323312957279032,127,127,2049,16464,3d0288810c22fd4bc4dc63be18dc18c6cfc097f357fb2481b904ffc8c5aff4e3,5.111,
371,primary_test_impostor,866,1778,primary_test_impostor,0,144,20,1015,0,False,,0,False,,0,,False,,4.372,0.44,32840,72ac6f6209b2f2930be00db45f9cf4b81048ee460f886c9fecaa2ba39d880396,7607.58,7606.9,5600,exact-open-set-id-v2,1788323312957279032,127,127,2049,16464,ebfcc8ec4ad5540785c9e8d05cd8d53901b5910080633574fbe8f3038926a9aa,5.24,
372,primary_test_impostor,867,1779,primary_test_impostor,0,169,12,1008,0,False,,0,False,,0,,False,,4.827,0.42,32840,11519049c6988d8a0f58f4ce7e276de2754aab22c22dab8b703e283037d97b9c,7318.638,7318.1,5600,exact-open-set-id-v2,1788323312957279032,127,127,2049,16464,9556c26d90d421a397abab0052774aeb28f1b45a9f3e61d07926b12323bcd6ac,4.928,
373,primary_test_impostor,868,178,primary_test_impostor,0,80,2,10,0,False,,0,False,,0,,False,,4.117,0.39,32840,9dae9682ec25c9fde7f32c68fc57dce37bf72a3082b8526209739f239da70e59,7270.396,7269.8,5600,exact-open-set-id-v2,1788323312957279032,127,127,2049,16464,3e6ab5c0181bdbbbac198ca59962866298e1faf79840dc8a128a23c7a3e7dfa2,5.112,
374,primary_test_impostor,869,1780,primary_test_impostor,0,255,22,1017,0,False,,0,False,,0,,False,,4.413,0.48,32840,cece2636c4e3c77175341ab1fe10f7c1f23b9350c6ff827ff97be8f2e06743d2,7304.84,7304.2,5600,exact-open-set-id-v2,1788323312957279032,127,127,2049,16464,1b6e069e4d0b1b6f41d3d722a77f16c54498270a31775b123c49a2c74308b988,5.52,
375,primary_test_impostor,870,1781,primary_test_impostor,0,172,4,1000,0,False,,0,False,,0,,False,,5.263,0.44,32840,b0e9b006813262c062f72de2a16efea491bf4967c9b7bbc1335b39b18eac9cea,7347.17,7346.5,5600,exact-open-set-id-v2,1788323312957279032,127,127,2049,16464,f8ee123a578b298e6ea9baa732ee23f01d94e7c8b7eeade023160cf2871404cb,5.486,
376,primary_test_impostor,871,1782,primary_test_impostor,0,188,16,1011,0,False,,0,False,,0,,False,,4.595,0.4,32840,b30404e8980afd9982994f5a41bd69570b8a1bce2f6eb248b77a780a57a01c9b,7537.06,7536.4,5600,exact-open-set-id-v2,1788323312957279032,127,127,2049,16464,8b77be3f43424ea5a65fbbec0890261c09d56e0c2079fcda6704db167c88262d,5.699,
377,primary_test_impostor,872,1783,primary_test_impostor,0,200,2,10,0,False,,0,False,,0,,False,,4.889,0.41,32840,1352b45e2df31117791122d2b4bd65cf40fb62749bae84765cd8682c12ade370,7398.038,7397.4,5600,exact-open-set-id-v2,1788323312957279032,127,127,2049,16464,68a8e1f23977b1f758768f65c9be247e8ed18b9dedc30bc38c43657fe2e27d8a,5.0,
378,primary_test_impostor,873,1784,primary_test_impostor,0,214,47,104,0,False,,0,False,,0,,False,,4.314,0.39,32840,2efcafb2236701c5a6e24daf4858568a98cc3ba411018acc7d1b03d1093e3c06,7317.839,7317.3,5600,exact-open-set-id-v2,1788323312957279032,127,127,2049,16464,04e5801ed6dc54a87fa58c70ea49d5b70ee9eb489a7e56cd3d74ca2008dfa40d,4.945,
379,primary_test_impostor,874,1785,primary_test_impostor,0,288,23,1018,0,False,,0,False,,0,,False,,5.139,0.77,32840,2e1c3623b8266fba107ff22c44a2a48b5ae6f652dbdbe08701babbd44b0c0aca,7357.002,7356.4,5600,exact-open-set-id-v2,1788323312957279032,127,127,2049,16464,f6930a351b69d519b872722bd3ecb88d542c011c1701ce25c881141d6164f92a,4.801,
380,primary_test_impostor,875,1786,primary_test_impostor,0,170,80,107,0,False,,0,False,,0,,False,,4.283,0.37,32840,2d1f1ea17591d8239c448211250921e7b62762d69c79cdef2e8288eff39c8272,7263.603,7263.1,5600,exact-open-set-id-v2,1788323312957279032,127,127,2049,16464,a14b4e04bf7c2d85fd2cafab364feeed789443668d30a2ee454450c767e5e87c,5.132,
381,primary_test_impostor,876,1787,primary_test_impostor,0,173,88,1077,0,False,,0,False,,0,,False,,5.206,0.45,32840,de245e13341bb598196e1477bb0900e1b5afc8b330bdfcf34cee4d3c6ef232a9,7272.561,7271.9,5600,exact-open-set-id-v2,1788323312957279032,127,127,2049,16464,a5412c4c8af39c45d98473825b6fe1f78077594c0ce3f2bf574d97a676b0ec0f,12.0,
382,primary_test_impostor,877,1788,primary_test_impostor,0,261,25,102,0,False,,0,False,,0,,False,,8.679,0.97,32840,81ec242216b953b57ce878176194f989b0873fa32d882649822d02afdd39f411,7333.324,7332.7,5600,exact-open-set-id-v2,1788323312957279032,127,127,2049,16464,8dee1345ccdf3698d79d9babcda03480de8b724b67ef7d5c5ad574e38a79427a,5.06,
383,primary_test_impostor,878,1789,primary_test_impostor,0,206,105,1092,0,False,,0,False,,0,,False,,4.837,0.44,32840,bd371cb3a2c942389cd5abc68cce7fc8f8c343be3dc2c9c6821cc26399f66e14,7367.051,7366.4,5600,exact-open-set-id-v2,1788323312957279032,127,127,2049,16464,bdae6d3d78cfdba283a3da25d2f0674af4cec635da2b1969978a6be18ddc3eb8,4.926,
384,primary_test_impostor,879,179,primary_test_impostor,0,279,29,1023,0,False,,0,False,,0,,False,,4.298,0.38,32840,00df969dd7f3663c9d783626b18172ad1c52d1a3cda21aafcacc8dad7b5b83b4,7325.873,7325.3,5600,exact-open-set-id-v2,1788323312957279032,127,127,2049,16464,1dbca1287b9af3b173dae6cba302ef91adc298e2c789365092cae4a1f54708a8,5.457,
385,primary_test_impostor,880,1790,primary_test_impostor,0,93,107,1094,0,False,,0,False,,0,,False,,4.895,0.41,32840,8a75f1b62489163571a65f52fa54aa439e387cc1ff9108a3c414625d8ee6a38e,7378.501,7377.9,5600,exact-open-set-id-v2,1788323312957279032,127,127,2049,16464,4c27f6abb50f59f84d1dcd8ed232ffbc2a4dd499cf49389d8fb6c61f1ef941cd,4.61,
386,primary_test_impostor,881,1791,primary_test_impostor,0,138,4,1000,0,False,,0,False,,0,,False,,4.672,0.42,32840,717d8c37685d5bd33fb7e6138bbecfc8c52a082fdf53c710793d7b3bddce2a7c,7338.247,7337.6,5600,exact-open-set-id-v2,1788323312957279032,127,127,2049,16464,5f98346b38c8180999720815bf52c152db933a7c64dfe55a4b6163f1507b25aa,5.478,
387,primary_test_impostor,882,1792,primary_test_impostor,0,155,81,1070,0,False,,0,False,,0,,False,,5.02,0.44,32840,46c52db06b787d90283cd2d2f11f8d1a85748eb7f9644f54a379ce78030475d9,7665.614,7665.0,5600,exact-open-set-id-v2,1788323312957279032,127,127,2049,16464,60d2d6b187d160d730e15e528e40a77846491504fe0c2e953d7815e1f21ff24a,5.345,
388,primary_test_impostor,883,1793,primary_test_impostor,0,114,23,1018,0,False,,0,False,,0,,False,,5.639,0.46,32840,04ad7b8b485abefd29a70b8cee3a731575c8a99ff929a5feb44e8a99020ad867,7939.71,7939.1,5600,exact-open-set-id-v2,1788323312957279032,127,127,2049,16464,e2077adaebe006963fbb8bb7a75564604e289a6a1c0e6aea1c73561dc178d504,5.197,
389,primary_test_impostor,884,1794,primary_test_impostor,0,197,34,1028,0,False,,0,False,,0,,False,,5.169,0.42,32840,9b06b0c6e821de9a0944ead7162cbca7e6eb6a61f8c4fc8c9091d20a56e7c3a6,7966.924,7966.1,5600,exact-open-set-id-v2,1788323312957279032,127,127,2049,16464,d46677a9425293245682d8a9d74e92f72902536302daebca94cbfa86a6904f4b,7.583,
390,primary_test_impostor,885,1795,primary_test_impostor,0,133,107,1094,0,False,,0,False,,0,,False,,7.262,0.49,32840,bc5fc044b0f739ecaf21aaa380683ee06438b53e697a74096d509b9c01bc5de0,7865.644,7864.9,5600,exact-open-set-id-v2,1788323312957279032,127,127,2049,16464,bca53a7779a010c2f456a26c774d31f7eaedad3451ba65d26f02858536b524ff,5.123,
391,primary_test_impostor,886,1796,primary_test_impostor,0,143,75,1065,0,False,,0,False,,0,,False,,5.602,0.45,32840,73dee20e7834d02207f3f80c26bc0642a172d236bdd6f3345b5fda9dc4673a71,7577.484,7576.8,5600,exact-open-set-id-v2,1788323312957279032,127,127,2049,16464,0b4693730f1147a27fec6f548db8aa155faf7f25d01385400f56418a6202b790,5.199,
392,primary_test_impostor,887,1797,primary_test_impostor,0,229,63,1054,0,False,,0,False,,0,,False,,5.748,0.45,32840,8e6a9675d2f6d50da68093b226aa4c668378182097454e89b6c9216feb842653,7614.86,7614.2,5600,exact-open-set-id-v2,1788323312957279032,127,127,2049,16464,da2c638f85cbacf0eda48506951940f33693504c7b6c68b306f9ac917eb3252d,4.933,
393,primary_test_impostor,888,1798,primary_test_impostor,0,112,60,1051,0,False,,0,False,,0,,False,,5.161,0.46,32840,a98e9eccf8e1c8774f6d5f8766f821314d4d7bff783a6296894f8c31134f1a3d,7457.404,7456.8,5600,exact-open-set-id-v2,1788323312957279032,127,127,2049,16464,41448848334a3363bced91572e5d4637e9e06b9955c7a3a2c4adccea2aad8960,4.925,
394,primary_test_impostor,889,1799,primary_test_impostor,0,164,30,1024,0,False,,0,False,,0,,False,,4.271,0.41,32840,5e1417d10819e8af45e7da8b5e112edacef08672f2fb74ec22502c19bee9e7ed,7314.415,7313.8,5600,exact-open-set-id-v2,1788323312957279032,127,127,2049,16464,5604e684af6e87d6aeab04c637ae7c6fce0be936699f738ce05b159d6d7f5f36,5.409,
395,primary_test_impostor,890,18,primary_test_impostor,0,236,50,1042,0,False,,0,False,,0,,False,,4.679,0.43,32840,c3a693be1cc1e709ca0e844d11a46cef14df7e37a62871e06f23c0886f4d89b8,7436.957,7436.3,5600,exact-open-set-id-v2,1788323312957279032,127,127,2049,16464,da9bf50d47f936e983c9d9a2fa34c728889668568442c4f8fdb6834786b902be,4.968,
396,primary_test_impostor,891,180,primary_test_impostor,0,235,107,1094,0,False,,0,False,,0,,False,,4.988,0.42,32840,9434820e7ddb347df25f32782f38b607a689d2c4544ee9c786b2d8bd0ca16866,7289.44,7288.9,5600,exact-open-set-id-v2,1788323312957279032,127,127,2049,16464,de5b9c5b3f7dc39e984681cfdd000a8e787a982b3ad89dc8372b5d84154e3b02,5.057,
397,primary_test_impostor,892,1800,primary_test_impostor,0,118,47,104,0,False,,0,False,,0,,False,,4.935,0.41,32840,5c666a14bf3739f6156eae265123987e4d6215311742c47807de09598e49d867,7749.95,7749.4,5600,exact-open-set-id-v2,1788323312957279032,127,127,2049,16464,8424150e6ad2deb978c89f2be9bbbdd974db55289dfeb4c5d46bb6689cd43bb3,5.425,
398,primary_test_impostor,893,1801,primary_test_impostor,0,116,48,1040,0,False,,0,False,,0,,False,,5.01,0.41,32840,a3ec1eec4b331aff34d25a10a0f56b1ca732300f2806a8ed86ffe834340fe730,7413.401,7412.8,5600,exact-open-set-id-v2,1788323312957279032,127,127,2049,16464,5ef954389cac0053852b83dd0c9bfdf4fedbd06172547cd2e822c8b3af9c4c31,4.932,
399,primary_test_impostor,894,1802,primary_test_impostor,0,223,67,1058,0,False,,0,False,,0,,False,,5.023,0.43,32840,e3a3833702a7a2866f39132f32c4d20e3b9b8c283d5e674bec270cc6a844ef94,7420.808,7420.2,5600,exact-open-set-id-v2,1788323312957279032,127,127,2049,16464,78e39c89dfdb8f73a61a9498180e45ee6bb5cd4f0e335db4264577154a6760f7,4.702,
400,primary_test_impostor,895,1803,primary_test_impostor,0,294,101,1089,0,False,,0,False,,0,,False,,4.964,0.43,32840,2f4c02cd423214b078abe59ca2dc96501b74b8a5875166f44ac075b1b461b30f,7352.162,7351.6,5600,exact-open-set-id-v2,1788323312957279032,127,127,2049,16464,25830327c25dba8c9a84f80f3faeb29ee0c51142965d5c677b5521b4d49d5a5b,5.153,
401,primary_test_impostor,896,1804,primary_test_impostor,0,143,67,1058,0,False,,0,False,,0,,False,,5.224,0.54,32840,98105d9a05e8c8606850e69be1f7cfc1d9b13b2c3b11f3789cd015ac142dd6ed,7659.719,7659.1,5600,exact-open-set-id-v2,1788323312957279032,127,127,2049,16464,3e8b54a854f0ca727461d178783ed001bebbb96e6dc3439cc801f80bd9094c46,7.73,
402,primary_test_impostor,897,1805,primary_test_impostor,0,208,102,109,0,False,,0,False,,0,,False,,6.963,0.51,32840,4bb26447be3f3156530105f8b3e184e0a24421d5c1f47c605a3331c1def141ff,7657.096,7656.4,5600,exact-open-set-id-v2,1788323312957279032,127,127,2049,16464,4820613f3dae68badec6b8b4c3aee983003b0f95b963af29c12fa94fdde98505,5.861,
403,primary_test_impostor,898,1806,primary_test_impostor,0,90,100,1088,0,False,,0,False,,0,,False,,5.673,0.45,32840,fdedc1825198a849beae5bd3f3a5693996337c32bf2e1edb5789250555ac8e52,8211.678,8210.6,5600,exact-open-set-id-v2,1788323312957279032,127,127,2049,16464,965ed75487cde154fb2de5ab78e7647286665b5e1a372ae7a222cd3d659d9d7b,6.992,
404,primary_test_impostor,899,1807,primary_test_impostor,0,218,80,107,0,False,,0,False,,0,,False,,7.803,0.43,32840,a4dd8426a414b7264d453bf54b11ea60e4da487230919385583bfc12154dc8f6,7734.772,7733.9,5600,exact-open-set-id-v2,1788323312957279032,127,127,2049,16464,c50f06730fc81aeb1fdfc44fa7e698cf7037535e7e4a9d45f820a7db5ba50c3e,6.846,
405,primary_test_impostor,900,1808,primary_test_impostor,0,102,46,1039,0,False,,0,False,,0,,False,,5.111,0.48,32840,42e9ea02b46271bbc6f1d8ef26a0fd9acb8fee5d40e7c62caefa6544af346a4c,7609.899,7609.3,5600,exact-open-set-id-v2,1788323312957279032,127,127,2049,16464,092f502234c70bc9be53159f93efca2174ab1e65e92daa5683e16c21e0b012a9,5.395,
406,primary_test_impostor,901,1809,primary_test_impostor,0,191,75,1065,0,False,,0,False,,0,,False,,4.945,0.43,32840,ee2a89c047119735bb79c6141ef550a97fc15232262c00fc9b35e4651802af63,7566.659,7565.9,5600,exact-open-set-id-v2,1788323312957279032,127,127,2049,16464,bfc0045696e07cf53932e52a8ba279d8ea3fd10f1f5ca81e424e318854b1dd21,6.16,
407,primary_test_impostor,902,181,primary_test_impostor,0,129,40,1033,0,False,,0,False,,0,,False,,5.171,0.45,32840,b8f15a0b7c0a344e2918cb211fa7ec5399d6af429a588cc23dd421f62d8b88ac,7626.985,7626.4,5600,exact-open-set-id-v2,1788323312957279032,127,127,2049,16464,3a1c8e92370f1c87621964ee0e7819608439f36bb3b624cc2051269adf4e8f8e,7.193,
408,primary_test_impostor,903,1810,primary_test_impostor,0,180,80,107,0,False,,0,False,,0,,False,,5.325,0.44,32840,cc653a59370b6540291d8f81d2473ac03a0f98cf12eb977d752d6e8012a93d6d,7684.472,7683.9,5600,exact-open-set-id-v2,1788323312957279032,127,127,2049,16464,5073c8072dc642a674e995b157f6c314e4743daffd1dfaad4644eec68b8e3234,4.713,
409,primary_test_impostor,904,1811,primary_test_impostor,0,237,29,1023,0,False,,0,False,,0,,False,,4.569,0.4,32840,af4ff5465d4112ae339321704dd0968a6c73e51376dcf1a8e138d0f2e058ab34,7420.323,7419.7,5600,exact-open-set-id-v2,1788323312957279032,127,127,2049,16464,8f6c21c04d74567edba5e8f1c259aee1b443f9dd9070ae00e9354586ad206c3e,8.781,
410,primary_test_impostor,905,1812,primary_test_impostor,0,122,99,1087,0,False,,0,False,,0,,False,,5.572,0.43,32840,270e0e8a733acc3fc2774f970feeaac86453c7d153c5c3cee58499eb3da996c3,7399.974,7399.3,5600,exact-open-set-id-v2,1788323312957279032,127,127,2049,16464,4dc46ae2ec4d68d26d07eb794b689cf079362c279fa4ed6bb483770b9e33951f,11.355,
411,primary_test_impostor,906,1813,primary_test_impostor,0,120,100,1088,0,False,,0,False,,0,,False,,5.401,0.44,32840,4bd0493beffdacec37806f3ad21c38110ba9959dc25611e02bf50510edb68177,7561.016,7560.3,5600,exact-open-set-id-v2,1788323312957279032,127,127,2049,16464,1b4ddaa4dff123a7a51595f7193365da48a83be7d6f9d346a079cab8b1d4946c,4.836,
412,primary_test_impostor,907,1814,primary_test_impostor,0,33,81,1070,0,False,,0,False,,0,,False,,4.558,0.41,32840,f70388a90f38d3d4d84f08e02baab846d23d99a9da5c28f013de02f99c2d9518,7317.515,7317.0,5600,exact-open-set-id-v2,1788323312957279032,127,127,2049,16464,cacf663d46e2c533b06508b9d05d002976ff7dd05b8d22164de5b612ab2a068d,5.037,
413,primary_test_impostor,908,1815,primary_test_impostor,0,112,2,10,0,False,,0,False,,0,,False,,4.527,0.41,32840,1f685787700428a085f6b07e47d0656ed646c2f54acc76d93ffce579049db7e9,7289.216,7288.6,5600,exact-open-set-id-v2,1788323312957279032,127,127,2049,16464,56c8e31931b022ccdb3edbaf05da279bd282b9536c4dc84f4a81623cdcff1370,5.535,
414,primary_test_impostor,909,1816,primary_test_impostor,0,166,90,1079,0,False,,0,False,,0,,False,,5.116,0.53,32840,17367ae02e3284aa37e1df454f3a8842f309249c06a5da6e64ecb06f4e62f13f,7266.516,7265.8,5600,exact-open-set-id-v2,1788323312957279032,127,127,2049,16464,7b97a9ad8bc4cba124769342a60c766dd63b41e565b3a89a98b452e9366279d9,5.629,
415,primary_test_impostor,910,1817,primary_test_impostor,0,222,10,1006,0,False,,0,False,,0,,False,,4.473,0.42,32840,38bcf73971a97e188bfdc4d5989b993f202410903c164cb2aca5b9c0af0bbb49,7485.382,7484.8,5600,exact-open-set-id-v2,1788323312957279032,127,127,2049,16464,3a64ef9555a16d3c48b4a7f1807aef2dd8ed2e12408de031a44c4dbdc3003c59,5.84,
416,primary_test_impostor,911,1818,primary_test_impostor,0,164,117,1102,0,False,,0,False,,0,,False,,5.828,0.55,32840,560b09011949c144cdcffd4525a1d6a59846e1afbe304a40e32dc6059f9a44c1,7348.239,7347.6,5600,exact-open-set-id-v2,1788323312957279032,127,127,2049,16464,9459e05d0206142babce1b504eb901bdda4ea39e953ce1ba5cf9b76bd026cc78,5.534,
417,primary_test_impostor,912,1819,primary_test_impostor,0,152,18,1013,0,False,,0,False,,0,,False,,4.704,0.4,32840,1fdf6e5f68f1320f48b74d1d7132b946574bfcfb9f11ad8c8cc035e44f16b83c,7411.888,7411.3,5600,exact-open-set-id-v2,1788323312957279032,127,127,2049,16464,91a1ecedad3e551f36bfdc7b7d1d4852d4835e816050cd17b089b6114b160388,4.973,
418,primary_test_impostor,913,182,primary_test_impostor,0,22,99,1087,0,False,,0,False,,0,,False,,4.98,0.42,32840,d0615b1cce04d9b7f667d7bc0eed9e1bf968f0f219884d0c284ca69c209002aa,7299.165,7298.5,5600,exact-open-set-id-v2,1788323312957279032,127,127,2049,16464,0b001b156a280ab7925e45f7eb27f2fba9d4ec6e59a39d0eeceeaa27dc30e7c5,5.566,
419,primary_test_impostor,914,1820,primary_test_impostor,0,229,86,1075,0,False,,0,False,,0,,False,,5.572,0.47,32840,5beab22de8a66f3fc9e173ebe5ceacc524095a90d3511a3b961241a46cf71e50,7833.174,7832.5,5600,exact-open-set-id-v2,1788323312957279032,127,127,2049,16464,f8e39afb893182e1aa9314b43797656195bc4ea1c9aad68030489eb6ef289cb6,5.592,
420,primary_test_impostor,915,1821,primary_test_impostor,0,133,56,1048,0,False,,0,False,,0,,False,,5.473,0.43,32840,85f78a7e1c570839f4fb7ab836740d80b0f2e83648cf29e481c235c48a0cd4dd,7807.332,7806.7,5600,exact-open-set-id-v2,1788323312957279032,127,127,2049,16464,68fa159acff20c130ce565bcc6ee55a1df162fb723f1538ea652a0e8f89a3dfe,7.078,
421,primary_test_impostor,916,1822,primary_test_impostor,0,209,25,102,0,False,,0,False,,0,,False,,4.66,0.43,32840,704709300c9c6ac44eda974a60deb35ec8cede24e272a185aa62f600a456b287,7910.139,7909.5,5600,exact-open-set-id-v2,1788323312957279032,127,127,2049,16464,9721b532f9e0be14e9ad45e9df6ffd52690371cdaf31db0685223ef44f61325b,7.121,
422,primary_test_impostor,917,1823,primary_test_impostor,0,99,98,1086,0,False,,0,False,,0,,False,,5.186,0.43,32840,c1888625b0cd7045a75361c76f74dcbf578f5d87810a7709a8c73a3567612c43,7742.248,7741.5,5600,exact-open-set-id-v2,1788323312957279032,127,127,2049,16464,441df642f61b3da3128cc4f598052bcc6fff8cc5786ba8b54d130b85e1df256d,4.844,
423,primary_test_impostor,918,1824,primary_test_impostor,0,185,51,1043,0,False,,0,False,,0,,False,,4.81,0.44,32840,530254cb0728fccecd7b93d1a700ba52770955f10cd9a5e034010f3e0b6f3128,7590.271,7589.7,5600,exact-open-set-id-v2,1788323312957279032,127,127,2049,16464,c542dd401ed33a066eb96c58ff719975c9013713b5ffec0ab1670ecb25c5ccbc,5.035,
424,primary_test_impostor,919,1825,primary_test_impostor,0,173,112,1099,0,False,,0,False,,0,,False,,5.44,0.43,32840,0bb7f41ccf9d557f0f50e274e3ad7c37e1579167b29f43901f776b82354c83b4,7627.434,7626.8,5600,exact-open-set-id-v2,1788323312957279032,127,127,2049,16464,a9b4ed9a6b35c3538c23756dcd2ccd52705756c01344a9e88a7d9d091a0f2a27,5.247,
425,primary_test_impostor,920,1826,primary_test_impostor,0,88,17,1012,0,False,,0,False,,0,,False,,4.704,0.4,32840,90c9ceccfc8a7368958d53a229e7d9bf418a99906ba1aee58b38d5bfeb1d838a,7468.871,7468.2,5600,exact-open-set-id-v2,1788323312957279032,127,127,2049,16464,e53dffa9b941c9ce9f42e2801f7c0d2be07796c8678dd7f8acd541ff64e80c3c,5.052,
426,primary_test_impostor,921,1827,primary_test_impostor,0,208,72,1062,0,False,,0,False,,0,,False,,4.755,0.44,32840,da2c68fc4338f4416a7b8f4c58e23fd4f81945440963317f94911b52f98cad34,7448.508,7447.9,5600,exact-open-set-id-v2,1788323312957279032,127,127,2049,16464,f9b96db1f7d046b5c8b8a7bada705449dd464d59d960d69eccd856e016f19d62,13.094,
427,primary_test_impostor,922,1828,primary_test_impostor,0,213,73,1063,0,False,,0,False,,0,,False,,8.15,0.51,32840,d492a06eec2196f4da452fb202d8383f2c8e431e55316b42e310916cd3612913,7450.374,7449.7,5600,exact-open-set-id-v2,1788323312957279032,127,127,2049,16464,d8cd5263ac8dc5c402f245aeaad090509743e1b2ef6e859a69eac5fee7f69229,5.243,
428,primary_test_impostor,923,1829,primary_test_impostor,0,202,93,1081,0,False,,0,False,,0,,False,,4.343,0.39,32840,26a30107fe8bc6946248d5c8df944089b0de9378724ae8fb34b8a4193a722a80,7338.026,7337.4,5600,exact-open-set-id-v2,1788323312957279032,127,127,2049,16464,acff2d2a84d0ebca23cd089e9765c4c9c045008fe3c5b2a2896fa7f2bf37b08a,5.3,
429,primary_test_impostor,924,183,primary_test_impostor,0,141,67,1058,0,False,,0,False,,0,,False,,3.864,0.4,32840,6ac9127bf5ac77d4847ca1091d2af8a638fbc58d1518b032d3d83038eab38311,7322.185,7321.6,5600,exact-open-set-id-v2,1788323312957279032,127,127,2049,16464,b998854d9e75502acf87d68a102f92ea9831de83d7883c68b0bc7daa336ee0fc,5.68,
430,primary_test_impostor,925,1830,primary_test_impostor,0,179,108,1095,0,False,,0,False,,0,,False,,4.945,0.43,32840,8e85adbaad16e32638283169728e0f2a60e720e1a4626c8e39a4b07efe9dae3b,7515.491,7514.9,5600,exact-open-set-id-v2,1788323312957279032,127,127,2049,16464,cd1c01a6ab52ac288ddb26094bd7d10b5f8773c192c0b7b028dda5a31ba12d93,5.75,
431,primary_test_impostor,926,1831,primary_test_impostor,0,218,115,1100,0,False,,0,False,,0,,False,,4.991,0.41,32840,6b66bd6115e50a2080b61a6e9c3f68066afeca60f25bf9bd299040bfe1d54705,7521.024,7520.4,5600,exact-open-set-id-v2,1788323312957279032,127,127,2049,16464,0b8c121bcb66512b73507f9ed9b008ebba0ed35463125b418478e2032d0a5464,5.583,
432,primary_test_impostor,927,1832,primary_test_impostor,0,248,70,1060,0,False,,0,False,,0,,False,,4.383,0.41,32840,b089d67883a90c784de0d1525eb900a642cf0abcdb510b03d0143a834dc0826b,7386.029,7385.4,5600,exact-open-set-id-v2,1788323312957279032,127,127,2049,16464,35feba0f7028cd401b083af5c583ec35c4742f795fbc1e3602aab5acecde8a1a,6.001,
433,primary_test_impostor,928,1833,primary_test_impostor,0,174,46,1039,0,False,,0,False,,0,,False,,5.577,0.59,32840,4242efc51af7b7b15b027a3a8354a4f35fc4caac5f5ed9a0403ba2090cfffeb3,7347.756,7347.2,5600,exact-open-set-id-v2,1788323312957279032,127,127,2049,16464,02680753951d8d6e0be367d7f777c60320d54268b081e609ff5149f12d3514ff,5.531,
434,primary_test_impostor,929,1834,primary_test_impostor,0,157,65,1056,0,False,,0,False,,0,,False,,5.126,0.45,32840,4d342df9a1c6ac3d9129cdcac62ce26dd873cf867cefc95455fc13559daea0f4,7356.443,7355.8,5600,exact-open-set-id-v2,1788323312957279032,127,127,2049,16464,e35e674d08d937d9033216c69e72c28199ca321ff368bef053897c761a404ffb,5.839,
435,primary_test_impostor,930,1835,primary_test_impostor,0,210,21,1016,0,False,,0,False,,0,,False,,4.766,0.42,32840,f6753d6133ffd33493852751c7e2252da88af371fcee334f571a32ce58d98c27,7360.821,7360.2,5600,exact-open-set-id-v2,1788323312957279032,127,127,2049,16464,54d4539b2a842d94b72b404665a0ed373ab2b2e7483f9759200451e4fafb4118,5.31,
436,primary_test_impostor,931,1836,primary_test_impostor,0,245,9,1005,0,False,,0,False,,0,,False,,4.246,0.44,32840,fcd85587c3bd834500b1c0fa69dd1b754e9a2e80d3a3c1e950e75c9a9763c41f,7287.405,7286.8,5600,exact-open-set-id-v2,1788323312957279032,127,127,2049,16464,cbbf63abae1e4e082464088115379ca4f9854ed2d563f1da97ddd501e8f4c968,4.987,
437,primary_test_impostor,932,1837,primary_test_impostor,0,254,16,1011,0,False,,0,False,,0,,False,,4.799,0.44,32840,2a4ad6cd058328f7520a76ea3daf398a82dc5c8385243d0e13516414b19647f2,7203.845,7203.3,5600,exact-open-set-id-v2,1788323312957279032,127,127,2049,16464,0c0a16e62055272883973222cc5b95733d51af32030aba3453df130c0e6322df,4.736,
438,primary_test_impostor,933,1838,primary_test_impostor,0,221,108,1095,0,False,,0,False,,0,,False,,4.513,0.4,32840,35e52054e9d8dbfad313a3c87a74cb4d5cd7e24d41027ed190e598db39213d94,7333.319,7332.8,5600,exact-open-set-id-v2,1788323312957279032,127,127,2049,16464,a4d0a53a624049f27e8afa5295ae6430c475a40e908689ccee320300a53e79a6,5.299,
439,primary_test_impostor,934,1839,primary_test_impostor,0,180,102,109,0,False,,0,False,,0,,False,,4.547,0.41,32840,cda4d0840cf71aa04dc456ee0faeceff031555a4b302c3a279f4422824e1a2e3,7314.311,7313.6,5600,exact-open-set-id-v2,1788323312957279032,127,127,2049,16464,402b2da8a7e9d696600d7e7f6f8283d668ab953f79f295db4ef81e5fe3d5620a,5.209,
440,primary_test_impostor,935,184,primary_test_impostor,0,207,88,1077,0,False,,0,False,,0,,False,,5.261,0.46,32840,1e63598fdad48cb85a2204339868eca325a0bdb4c0b6822caeaec488de5e4be6,7344.613,7344.0,5600,exact-open-set-id-v2,1788323312957279032,127,127,2049,16464,27719d6a97af85c215247e6167afda002b5d0ea28653ce7f554ff9d35b09955e,5.571,
441,primary_test_impostor,936,1840,primary_test_impostor,0,83,29,1023,0,False,,0,False,,0,,False,,5.971,0.48,32840,bdd71232cffa3e63f172590b26bc673cf9f9b53bac4e3b27936784e63a511bd3,7546.998,7546.4,5600,exact-open-set-id-v2,1788323312957279032,127,127,2049,16464,febb64b1146cc89cf0ab9333981ab4e4c58f0f810c204f55421766375e03b7ef,5.898,
442,primary_test_impostor,937,1841,primary_test_impostor,0,142,123,1108,0,False,,0,False,,0,,False,,6.45,0.52,32840,ec882723414092e33aa5667e2809266b4cc925e9800f42732e3a3fff5172853f,7568.589,7567.9,5600,exact-open-set-id-v2,1788323312957279032,127,127,2049,16464,d7663c211e6c67eb130fc90aa96609a0604451911123af0e4985239a6f4a21e4,6.038,
443,primary_test_impostor,938,1842,primary_test_impostor,0,93,13,1009,0,False,,0,False,,0,,False,,4.707,0.43,32840,2f2e88ac934d3bb3dca2d7188aeacbc8721c7403d87059a89ed36297d3a421fe,7781.777,7781.0,5600,exact-open-set-id-v2,1788323312957279032,127,127,2049,16464,3e806cf31ac868f8838ba36e143420140c0388c62c6759af2b7eba054c2c18af,6.005,
444,primary_test_impostor,939,1843,primary_test_impostor,0,212,122,1107,0,False,,0,False,,0,,False,,6.077,0.5,32840,b13c6e0a681f177f916f9bbaf86f13bb8e4205c56f2df2dce0aa9bf9dcf88c6c,7510.854,7510.2,5600,exact-open-set-id-v2,1788323312957279032,127,127,2049,16464,16bb225a79ed6dbd2d5958692ab0dd8d344feb84d97ca146c4cd3e2ba1b8f6d1,5.031,
445,primary_test_impostor,940,1844,primary_test_impostor,0,194,103,1090,0,False,,0,False,,0,,False,,4.821,0.41,32840,6084100ebdcf2906bace106e568046d9a43701972bdc8dc48db54636269863c8,7554.351,7553.7,5600,exact-open-set-id-v2,1788323312957279032,127,127,2049,16464,8a7e4f35cc0259781608c410aeefe9d71f0e8fac070d68fc87e25b0c7adfb619,5.196,
446,primary_test_impostor,941,1845,primary_test_impostor,0,208,84,1073,0,False,,0,False,,0,,False,,4.868,0.43,32840,393f85a66eca7422231de5004d56f61258d2ea49162b2490449c974da1c0965d,7610.062,7609.4,5600,exact-open-set-id-v2,1788323312957279032,127,127,2049,16464,2f32a9f1663d9173aeca306734d50ec3d5e40c378c3eba91e9050919258533d1,7.545,
447,primary_test_impostor,942,1846,primary_test_impostor,0,175,114,110,0,False,,0,False,,0,,False,,9.315,0.55,32840,a7056bf86f672b0fe8711509b59f6529956e8ab935e49eea4727f40c70a184cd,7744.233,7743.5,5600,exact-open-set-id-v2,1788323312957279032,127,127,2049,16464,a6700f8ea19a2b86e343fb6791f761b4484354e7f9d97954a8e1e43958dc1729,5.388,
448,primary_test_impostor,943,1847,primary_test_impostor,0,226,23,1018,0,False,,0,False,,0,,False,,5.249,0.47,32840,223b591d740738df574d219f269126efb11e572ca9e337516e6cb9e1aa0cb159,7615.455,7614.9,5600,exact-open-set-id-v2,1788323312957279032,127,127,2049,16464,9a3883a7066be9fe74418421245112dc79b8662be4cf186858676d9ec8ae2a3d,5.315,
449,primary_test_impostor,944,1848,primary_test_impostor,0,220,23,1018,0,False,,0,False,,0,,False,,4.769,0.46,32840,0eeadbc849b90073aba1fffef4e686d5a480e6be9b65da2931ba0d43f480d6e0,7502.819,7502.2,5600,exact-open-set-id-v2,1788323312957279032,127,127,2049,16464,2bbca68639539062b1cef80016073e735e08571fb4be29ad633a6c89722c029b,5.91,
450,primary_test_impostor,945,1849,primary_test_impostor,0,171,96,1084,0,False,,0,False,,0,,False,,4.871,0.42,32840,1659960eb0c09e44530cf594cd63afd931e0996f784dc0e0c6a665f64f1b805b,7398.439,7397.8,5600,exact-open-set-id-v2,1788323312957279032,127,127,2049,16464,278b1080c54d2d0ba85dbb4b830ee2e9b4fd34e8dc4e97ccf856e82a00d39c1d,5.721,
451,primary_test_impostor,946,185,primary_test_impostor,0,206,125,111,0,False,,0,False,,0,,False,,5.448,0.41,32840,6caf4951d577cfe7cf394fb6d81c56493db024dcafaf951e893b293e45b208ca,8107.987,8107.3,5600,exact-open-set-id-v2,1788323312957279032,127,127,2049,16464,443ee9da624f72b921303ae2754d4f23dd3d0507b8dd7f39b655aa3c6f413a36,6.016,
452,primary_test_impostor,947,1850,primary_test_impostor,0,195,81,1070,0,False,,0,False,,0,,False,,5.114,0.42,32840,37490e39ddb47e3ecb05d9eb8b9935f9c5a3217464fe231a8711eb597c4ac533,7843.755,7843.1,5600,exact-open-set-id-v2,1788323312957279032,127,127,2049,16464,9df73ac9e1f4e7ac406dde7144c92e124d37ccc0113570351a5218865fe28daf,9.301,
453,primary_test_impostor,948,1851,primary_test_impostor,0,202,55,1047,0,False,,0,False,,0,,False,,9.273,0.45,32840,4f34903b53400bf25fe3e40c8b2de1f3120706b867ac14afabfe2ebbb9f28b14,8009.162,8008.5,5600,exact-open-set-id-v2,1788323312957279032,127,127,2049,16464,cfd2a0d1b9dddca2b5646cd416e1f337ead92aa6d8452eb97cface248726be2e,5.464,
454,primary_test_impostor,949,1852,primary_test_impostor,0,238,80,107,0,False,,0,False,,0,,False,,6.466,0.45,32840,766603416f2c01ed77a25adfd81e7c920dfe15a5f98c9e6ea0e2696b46f47834,7686.413,7685.8,5600,exact-open-set-id-v2,1788323312957279032,127,127,2049,16464,4760e1f790855763bbf27a1e28e8c549d4bd0f125f4b3c8373f20f9dbd981cbe,5.268,
455,primary_test_impostor,950,1853,primary_test_impostor,0,154,124,1109,0,False,,0,False,,0,,False,,5.392,0.45,32840,37d931d67dc22c8a50a1810578d74f3fcccdbec21c7d0e2063694edb1ddd84eb,7507.848,7507.1,5600,exact-open-set-id-v2,1788323312957279032,127,127,2049,16464,05ac5f9694024c84d4c71923d1ef608edc3b9fc007cc1be3d25e8335425c32e1,9.324,
456,primary_test_impostor,951,1854,primary_test_impostor,0,240,61,1052,0,False,,0,False,,0,,False,,5.102,0.43,32840,af4ceda15ecb35ac523409b19dde623c3fccbad9ea1e8a10c5265fe25b6e1828,7628.358,7627.6,5600,exact-open-set-id-v2,1788323312957279032,127,127,2049,16464,1a24d4f3b1ef1be0b09b8466e30d80d3f48ef208daa6a428af6c4868063b10b8,5.069,
457,primary_test_impostor,952,1855,primary_test_impostor,0,208,2,10,0,False,,0,False,,0,,False,,4.855,0.42,32840,4aaa064110999fe274c8009b029f9bb74f4ef086782c7f91129e24ce9d18219b,7237.552,7236.9,5600,exact-open-set-id-v2,1788323312957279032,127,127,2049,16464,f223d886a525f968a34fecc8f05cdbc1362a81c26a45e068fbf39c0ab49eaf75,4.753,
458,primary_test_impostor,953,1856,primary_test_impostor,0,196,102,109,0,False,,0,False,,0,,False,,4.316,0.4,32840,68c204676899013b17729e826642295328abf5fbaf1805db275553e7f9e593da,7339.506,7338.9,5600,exact-open-set-id-v2,1788323312957279032,127,127,2049,16464,641d2274eb3b277df83989ff0ca6f503082d8cb00c78efcf43ff66898b7af77a,9.595,
459,primary_test_impostor,954,1857,primary_test_impostor,0,135,34,1028,0,False,,0,False,,0,,False,,7.42,0.55,32840,3e26456f345b35dbef7f3fb6c704d852741b8b6103ea1e597ce18fb010c7a963,7422.687,7421.9,5600,exact-open-set-id-v2,1788323312957279032,127,127,2049,16464,bafa4f517d730df4d1e1ef1707b936a8b0c4e853a3d6afd86365c89d84930825,6.813,
460,primary_test_impostor,955,1858,primary_test_impostor,0,260,119,1104,0,False,,0,False,,0,,False,,6.983,0.44,32840,898d14891d178e744bcb8e873964e67bd004475336a90c3e2645bcee59c63244,7523.912,7523.3,5600,exact-open-set-id-v2,1788323312957279032,127,127,2049,16464,7d954a39bb52ee61991eb5117cdb4747eb25e4969922505359d88658d44fc35e,5.413,
461,primary_test_impostor,956,1859,primary_test_impostor,0,131,108,1095,0,False,,0,False,,0,,False,,5.144,0.47,32840,c337e8d0637634b268404b364c309dabc65c4c4bce2e09263d30e41f6bbf54b4,7404.486,7403.9,5600,exact-open-set-id-v2,1788323312957279032,127,127,2049,16464,3549eb4f74696511f42f8df9ee7499ef8e4a8814eaffb0217dcc47e3762173e2,5.19,
462,primary_test_impostor,957,186,primary_test_impostor,0,127,58,105,0,False,,0,False,,0,,False,,4.67,0.42,32840,454f22c80d39a04c63fea2f13524c1ea19660f283ab8d0f1850244dd773adffd,7384.061,7383.5,5600,exact-open-set-id-v2,1788323312957279032,127,127,2049,16464,318a93ce7b7fae26a18b97cf1322ad90f0d16f169f5edc30c5d73604096ea91d,4.826,
463,primary_test_impostor,958,1860,primary_test_impostor,0,233,24,1019,0,False,,0,False,,0,,False,,4.239,0.4,32840,7170ee161e8a7e9b3f408fedf3b3e9b279d65235366dfc9393c733c534640a5c,7455.904,7455.3,5600,exact-open-set-id-v2,1788323312957279032,127,127,2049,16464,d3784e0697b563afcd8049812ce2611f98ae570d42694c12b9a6906a9e02d037,5.125,
464,primary_test_impostor,959,1861,primary_test_impostor,0,242,23,1018,0,False,,0,False,,0,,False,,4.594,0.45,32840,2adcef4b674dd975ea186a1236cb91df5958e996faed0af78148a642ed7b57b1,7420.389,7419.8,5600,exact-open-set-id-v2,1788323312957279032,127,127,2049,16464,34fc093f3560f573f1015f2e6dde900cb2ca7287ccdb26d534a7673fcf55086f,6.557,
465,primary_test_impostor,960,1862,primary_test_impostor,0,272,28,1022,0,False,,0,False,,0,,False,,4.688,0.4,32840,243227888bf91a8d92db7c4c48b6cb18a8139448679f5c18af1461fc1c0eb86f,7433.743,7433.1,5600,exact-open-set-id-v2,1788323312957279032,127,127,2049,16464,440ed10fa27bb27ef4b08cdd2a9d800b34c9b22e4c773b274cbb3c6056bd9ae6,4.871,
466,primary_test_impostor,961,1863,primary_test_impostor,0,176,105,1092,0,False,,0,False,,0,,False,,4.394,0.38,32840,04937c12a538e87017db0a4dcc20734a3cb5992222afcd1d79e47880b025d058,7426.638,7426.0,5600,exact-open-set-id-v2,1788323312957279032,127,127,2049,16464,5f834915d419db253c00fb98dec9ff1e0329dbb12f593f0f4e0408e105078096,4.978,
467,primary_test_impostor,962,1864,primary_test_impostor,0,267,78,1068,0,False,,0,False,,0,,False,,4.473,0.39,32840,3b08d2d70fdd96dff1177ac4698b7d7489e49b00f38dee6771237fd79be075d6,7601.319,7600.6,5600,exact-open-set-id-v2,1788323312957279032,127,127,2049,16464,f2c88f151e32dc56b1729db1055a982bf51827fed6d21bfd29ec4c381f4f4f67,4.908,
468,primary_test_impostor,963,1865,primary_test_impostor,0,182,20,1015,0,False,,0,False,,0,,False,,4.402,0.37,32840,7bdf5d92dfa1887de3eb38a79a12eac58ddf2167e68ca328e54439bf62ff7a46,7535.068,7534.5,5600,exact-open-set-id-v2,1788323312957279032,127,127,2049,16464,228bb1ade31b24c5af8a2c1937e73a9ed16355940aa9d883c83aff6b8801754e,6.042,
469,primary_test_impostor,964,1866,primary_test_impostor,0,230,23,1018,0,False,,0,False,,0,,False,,5.673,0.46,32840,ffae9a5232635c51c8af580e2b1cba1408ebc2fbd77ecc9fdc4bf10f023fbdd2,7497.045,7496.4,5600,exact-open-set-id-v2,1788323312957279032,127,127,2049,16464,a7bf54ea52ab8ec8981b9655e3b09129ac13736891561d6b3c1128f771bafc7f,5.931,
470,primary_test_impostor,965,1867,primary_test_impostor,0,118,11,1007,0,False,,0,False,,0,,False,,5.042,0.46,32840,14fcf5b0ced8b58a0a72992b041d1b89d9b99d7280e9bdbd7e3897d507b5cc8f,7345.873,7345.3,5600,exact-open-set-id-v2,1788323312957279032,127,127,2049,16464,b3ba7fa3546352d9a023d6728270dfcef485ee030dd53891bfacb503e5616995,5.139,
471,primary_test_impostor,966,1868,primary_test_impostor,0,247,86,1075,0,False,,0,False,,0,,False,,6.505,0.49,32840,01cd8387e83af89c7eb3cd07d869dd78294f991a808a4cd3cf3ed065b4293318,7544.778,7544.1,5600,exact-open-set-id-v2,1788323312957279032,127,127,2049,16464,826a6540c651154f44f16c9f0a78934beaa31814a320d73dcf61016d345a2dc7,5.268,
472,primary_test_impostor,967,1869,primary_test_impostor,0,221,86,1075,0,False,,0,False,,0,,False,,5.367,0.44,32840,be46a49ea32a7a78c1e713f8e7b2d9228a068526524b56c99eb978d54b49bfcc,7426.042,7425.4,5600,exact-open-set-id-v2,1788323312957279032,127,127,2049,16464,677156df2a30dcbff453b83aff51d329bb4226892e0de5fea490fe7c4f7081c4,5.12,
473,primary_test_impostor,968,187,primary_test_impostor,0,136,119,1104,0,False,,0,False,,0,,False,,5.652,0.45,32840,19fef35d86dd5855ac59628dc30c28f838127479b9c7864621ee6f89c862f28e,7355.101,7354.5,5600,exact-open-set-id-v2,1788323312957279032,127,127,2049,16464,e646af2ad978a608ade5d707db39200e0fc2fe2b7070eabbeec99238da7730f9,4.691,
474,primary_test_impostor,969,1870,primary_test_impostor,0,299,38,1031,0,False,,0,False,,0,,False,,4.752,0.4,32840,1efd75276181f193d0594b6386100b6b07c6e1627f05ca765b9476b7f5635c72,7491.413,7490.9,5600,exact-open-set-id-v2,1788323312957279032,127,127,2049,16464,eb0b91cb32f2c5298a53cbe526b668024be95fd21d839295127f6ed3e58691ee,5.184,
475,primary_test_impostor,970,1871,primary_test_impostor,0,246,26,1020,0,False,,0,False,,0,,False,,5.058,0.41,32840,7124ee3f16e65f25f0cf8eced85dd347b6bdb3c182111767cc0f26f1f285e95b,7517.745,7517.2,5600,exact-open-set-id-v2,1788323312957279032,127,127,2049,16464,a201632ee04a3006bde8aab10030cbdc9567b7abe8600313863e71b422694cd1,4.992,
476,primary_test_impostor,971,1872,primary_test_impostor,0,168,99,1087,0,False,,0,False,,0,,False,,5.339,0.43,32840,2efcda909b41be22abefde19eb40d13cbfe12359e0abd0ef696e0799bfc1d54d,7403.886,7403.3,5600,exact-open-set-id-v2,1788323312957279032,127,127,2049,16464,fb034430b1b22d6c6720daa0a7563e15d19d92491588f4cec12aa091f5bd6734,6.155,
477,primary_test_impostor,972,1873,primary_test_impostor,0,135,88,1077,0,False,,0,False,,0,,False,,5.394,0.49,32840,00dbc0281408dc8a9325e35924b2837b0598194d27ec9ddcd2aeffd2e47c99a5,7357.885,7357.1,5600,exact-open-set-id-v2,1788323312957279032,127,127,2049,16464,ee8babb742ecd0c62e9e063314269b24dd7c4db331682c9cd2cbf61786398560,6.365,
478,primary_test_impostor,973,1874,primary_test_impostor,0,255,81,1070,0,False,,0,False,,0,,False,,5.273,0.45,32840,19ab167154e7e0b61b0f35c3b63238457bad92fc6384295f3c9a48a9f1a9c137,7402.473,7401.7,5600,exact-open-set-id-v2,1788323312957279032,127,127,2049,16464,6fb54ebd4fe3ca62f1e79876b330ee2b5d14f7108e5605f7dacfe41c2e106824,5.729,
479,primary_test_impostor,974,1875,primary_test_impostor,0,221,12,1008,0,False,,0,False,,0,,False,,4.86,0.41,32840,fe69f5341b6cb7724493afe24837ff774c72c3c6caa61ac226575e720f18458b,7425.861,7425.2,5600,exact-open-set-id-v2,1788323312957279032,127,127,2049,16464,3a3ccd6d1e3d25a443362397d99aa389e14710a1ea9334f6ef29f95deb96cf4c,4.984,
480,primary_test_impostor,975,1876,primary_test_impostor,0,184,77,1067,0,False,,0,False,,0,,False,,6.125,0.5,32840,9f38348c830c5b6c51dd0b4c7268993ad21b9ee4cd44ddc11daf697c4b0e8b11,7604.85,7604.2,5600,exact-open-set-id-v2,1788323312957279032,127,127,2049,16464,6222c8515a58f743c32b323b995e26a9a6809e9b42c943eaf93cc13132ce3dfc,5.92,
481,primary_test_impostor,976,1877,primary_test_impostor,0,94,119,1104,0,False,,0,False,,0,,False,,5.416,0.43,32840,237f944f7e7dd704b018faa3260457bc234a927b1cc4235b64456a17026b479c,7770.368,7769.7,5600,exact-open-set-id-v2,1788323312957279032,127,127,2049,16464,9d1602bd3cc8b6bbe2e4e59bc82011274a3d9d7c55b97bf5341362adf0fe6aa6,6.915,
482,primary_test_impostor,977,1878,primary_test_impostor,0,98,15,1010,0,False,,0,False,,0,,False,,5.079,0.47,32840,f8b9ec64f71f23980af21440c39741efdc353bfe78640dd6a6bd61e86087c171,7879.392,7878.7,5600,exact-open-set-id-v2,1788323312957279032,127,127,2049,16464,3200cb54eed34dd9f7aee731ea27a63d7f409d9aa24fc39208852a6295ca0123,7.637,
483,primary_test_impostor,978,1879,primary_test_impostor,0,212,80,107,0,False,,0,False,,0,,False,,6.242,0.45,32840,c4ab3e05d3bde7eab66651fdabdd7751b33275eabbd54661b6386409290460ea,8267.254,8266.4,5600,exact-open-set-id-v2,1788323312957279032,127,127,2049,16464,c55290357c0732bb5ae772012f1b8b1623b9d7aa5f7541389b824db5ab4368f5,4.995,
484,primary_test_impostor,979,188,primary_test_impostor,0,359,1,1,0,False,,0,False,,0,,False,,5.343,0.5,32840,ed6d9eab825942775561610a895aa5f7eba8aea7298ca4f87d936148fd052a74,7901.725,7901.0,5600,exact-open-set-id-v2,1788323312957279032,127,127,2049,16464,0c3ca77b8b2f15ab287566e440cc2a16f8a13259c62cead080da1af74416d9ed,5.5,
485,primary_test_impostor,980,1880,primary_test_impostor,0,55,91,108,0,False,,0,False,,0,,False,,5.579,0.42,32840,c09b909e022a265401a460f8385cd2b2759206ad7eb583742d2deb36a90c83c6,7861.342,7860.7,5600,exact-open-set-id-v2,1788323312957279032,127,127,2049,16464,df9de0648a48a7eb841f478277d54684a99e62b9b81323908546aced7cdf097c,5.67,
486,primary_test_impostor,981,1881,primary_test_impostor,0,283,112,1099,0,False,,0,False,,0,,False,,5.276,0.44,32840,63ab4a347ee828bfef805ffa5cb0d26e09e33c6cb4aa63ac9dd6b06d9c88c265,7943.021,7942.3,5600,exact-open-set-id-v2,1788323312957279032,127,127,2049,16464,0e3eaf5ff90e8fbfaf8014cab78274c8cd168b59156c20d19d8cbe610737dc20,5.552,
487,primary_test_impostor,982,1882,primary_test_impostor,0,162,7,1003,0,False,,0,False,,0,,False,,4.783,0.48,32840,b394884b90fefe1c9c60049e562e6a6573ebc98e42c59ee1914490f0f22afb94,8067.875,8067.2,5600,exact-open-set-id-v2,1788323312957279032,127,127,2049,16464,5bfa216d33626d15b7ea2e89d50989050faf1ad2f187ece588804614d00eefe1,5.423,
488,primary_test_impostor,983,1883,primary_test_impostor,0,237,12,1008,0,False,,0,False,,0,,False,,4.978,0.41,32840,158be00752982ec933dff3694d09fc243c36a9140a6dc50b78617187dbe55a9e,7830.128,7829.5,5600,exact-open-set-id-v2,1788323312957279032,127,127,2049,16464,b23e8b7f5af3d42181ca520217f7d976fb94598b198af07e2dfc9bdb74a7c6fb,5.032,
489,primary_test_impostor,984,1884,primary_test_impostor,0,90,26,1020,0,False,,0,False,,0,,False,,6.167,0.41,32840,3eb202e5b8cca46f7b21a7c30302a8a04b732df10b25445348c7be2c2e9e4433,7720.251,7719.6,5600,exact-open-set-id-v2,1788323312957279032,127,127,2049,16464,f7c4f3fdbc7a090e36e36a861c4816d00d46f0b664c6b2632f8dda9a23ce0514,7.38,
490,primary_test_impostor,985,1885,primary_test_impostor,0,307,95,1083,0,False,,0,False,,0,,False,,6.184,0.48,32840,40cca1e631e4e6f716618a54952cdd4c9b1616ee4d15f1ef60487e3717f92f68,7610.98,7610.3,5600,exact-open-set-id-v2,1788323312957279032,127,127,2049,16464,f6a049e050a27f245b65c947309630809d8bee8815bf3ee6e29b97651cbcac88,5.149,
491,primary_test_impostor,986,1886,primary_test_impostor,0,114,97,1085,0,False,,0,False,,0,,False,,4.78,0.38,32840,72dcf5dc6872475487fd7504583bad3d9be49cf1a322649b860968ac9407bfde,7334.993,7334.4,5600,exact-open-set-id-v2,1788323312957279032,127,127,2049,16464,18fa3bbd75e3288a549f51ef6459ef6c398b60e69d4690d13abe3d798150401f,5.101,
492,primary_test_impostor,987,1887,primary_test_impostor,0,388,46,1039,0,False,,0,False,,0,,False,,5.419,0.5,32840,ac281f439fa8ad171cfa31606b965e266a10f747d017a8c2ba61c2045f3ddb42,7347.082,7346.4,5600,exact-open-set-id-v2,1788323312957279032,127,127,2049,16464,32351f0bdccffba6a4db7239807a60b47b32ce6523f19ad6fedda843a9492f8c,5.806,
493,primary_test_impostor,988,1888,primary_test_impostor,0,89,24,1019,0,False,,0,False,,0,,False,,5.126,0.42,32840,48ff53946cd0b4c3f11b6a5fc7cfe1463f7d509df1787692833ee74341cc63ce,7319.936,7319.3,5600,exact-open-set-id-v2,1788323312957279032,127,127,2049,16464,7faf9518b670d5a82a69fc7df516528ff415b1802390a66159f81c901edda7a4,5.479,
494,primary_test_impostor,989,1889,primary_test_impostor,0,161,19,1014,0,False,,0,False,,0,,False,,6.116,0.45,32840,c7e7e3b690c6c6f9743072c9cc98688bb2408ee5e4009f2258c83dcfbba1fcac,7415.902,7415.2,5600,exact-open-set-id-v2,1788323312957279032,127,127,2049,16464,4576e95cfeb920c5e09d3173e40884985875c5052d515024abfb4d7bbeeb0217,9.104,
495,primary_test_impostor,990,189,primary_test_impostor,0,212,92,1080,0,False,,0,False,,0,,False,,7.619,0.47,32840,6301ff161d1260a1dc4e446976236c93ca501b4e6cd6da71da874a5d1cff61c4,7290.301,7289.6,5600,exact-open-set-id-v2,1788323312957279032,127,127,2049,16464,cb6a52333d8c6038432840a0c6b2a89bdbd64b735640bbb87f2d4b68da587d88,5.145,
496,primary_test_impostor,991,1890,primary_test_impostor,0,189,96,1084,0,False,,0,False,,0,,False,,4.894,0.4,32840,0e5514b2a12a8648af1a3b5a14db248aa0906006ee667846ad06435978fe7159,7382.668,7382.0,5600,exact-open-set-id-v2,1788323312957279032,127,127,2049,16464,83424285aaf3723bf507a4be834e32370592c8ef016b1c2baae8c44e4103a722,6.002,
497,primary_test_impostor,992,1891,primary_test_impostor,0,106,17,1012,0,False,,0,False,,0,,False,,5.383,0.44,32840,2c037b391a353d5427840bf75dab6a2a177664c6745037dd5590314b73cf7be2,7542.9,7542.2,5600,exact-open-set-id-v2,1788323312957279032,127,127,2049,16464,a98dd3605c431e60e753a884d516bf2fa5f534a4607b286a996583ee6f47de98,5.445,
498,primary_test_impostor,993,1892,primary_test_impostor,0,142,115,1100,0,False,,0,False,,0,,False,,6.207,0.47,32840,d259957edb89174b73bfeb5281aea4fc96da3efab760cad68a05977b1648aaf7,7661.769,7661.1,5600,exact-open-set-id-v2,1788323312957279032,127,127,2049,16464,712c676654a45f54f92b4451471e31a38908632bb254ae2dd267f621be1e1e4a,5.136,
499,primary_test_impostor,994,1893,primary_test_impostor,0,127,29,1023,0,False,,0,False,,0,,False,,4.563,0.4,32840,bb2c7a1cac5e633dbf98fcafecc06a971bbc9c91bc4097751838791842a580eb,7407.176,7406.6,5600,exact-open-set-id-v2,1788323312957279032,127,127,2049,16464,cca8bfe074479e7620ffb13c8fcf8d45562bb685882c849fdcbb94bfb1f5fbd6,5.331,
500,primary_test_impostor,995,1894,primary_test_impostor,0,179,116,1101,0,False,,0,False,,0,,False,,4.981,0.38,32840,d1886e960e35be1c35936a739221f2f14a6d387ea6c486641be12cfaeff72840,7336.509,7335.9,5600,exact-open-set-id-v2,1788323312957279032,127,127,2049,16464,5742c8bd419cfedb23373d89d036825a0776da8937af2b387c29280b7c2df45d,6.581,
501,primary_test_impostor,996,1895,primary_test_impostor,0,200,99,1087,0,False,,0,False,,0,,False,,5.538,0.42,32840,a405d7396f82d513abc9f45a95efc76ab06d66dd88e3326b4c32a14beaf7e301,7379.397,7378.7,5600,exact-open-set-id-v2,1788323312957279032,127,127,2049,16464,d43778915a22dd55c769122363380b581ff2f4366ec99ad1e4d5ae7b708175a5,6.0,
502,primary_test_impostor,997,1896,primary_test_impostor,0,227,31,1025,0,False,,0,False,,0,,False,,4.617,0.4,32840,4362458d8493525d407e9f40439c77b86e01f91a368297ffaa8259b8018d54eb,7598.475,7597.9,5600,exact-open-set-id-v2,1788323312957279032,127,127,2049,16464,5314e8980157f90c28261764fd8bbf96ed529b49bbab08b7a6364c62cb90060d,6.282,
503,primary_test_impostor,998,1897,primary_test_impostor,0,268,49,1041,0,False,,0,False,,0,,False,,5.751,0.51,32840,24e7490a19d63735b71985eda097c382c999e47d55c10803ade6301642438a64,7461.308,7460.7,5600,exact-open-set-id-v2,1788323312957279032,127,127,2049,16464,48c655a2a7418f6922cf292d0e6490c2074a478fb64b5ba83d631ed7dd81d4df,5.229,
504,primary_test_impostor,999,1898,primary_test_impostor,0,195,66,1057,0,False,,0,False,,0,,False,,6.233,0.42,32840,f0cebe1034d7cd78b02335870667e0640458841d1cd8b3fb0938e8ee715d6240,7458.35,7457.7,5600,exact-open-set-id-v2,1788323312957279032,127,127,2049,16464,67d198cac3dcf359a14493ea8e5d99fa518a1070a86df1f628da8020a239d452,5.012,
505,primary_test_impostor,1000,1899,primary_test_impostor,0,204,57,1049,0,False,,0,False,,0,,False,,4.718,0.45,32840,59e6e0d798b28591fe6fe1d06a2b3961ab1f6b41c130f1381ec3dc392467fbad,7427.415,7426.8,5600,exact-open-set-id-v2,1788323312957279032,127,127,2049,16464,f4b2b03fc5271806e42067c5b122c19a52332471a2286fe9e447431a3bcaf437,5.193,
506,primary_test_impostor,1001,19,primary_test_impostor,0,121,24,1019,0,False,,0,False,,0,,False,,4.633,0.4,32840,e5514b714adbf075fc06d036b8eecf9b21be52008b1142568e185e57e340d3be,7612.574,7611.9,5600,exact-open-set-id-v2,1788323312957279032,127,127,2049,16464,5abe2627ec4bbd81c53f8592bfaea3227b951241e1ead6256b490407c9fd942f,5.542,
507,primary_test_impostor,1002,190,primary_test_impostor,0,180,47,104,0,False,,0,False,,0,,False,,5.594,0.46,32840,3332b66e2fa6df96036e8b7eebb9001099b6437f20f8c954a94f775ba13b5083,7461.872,7461.2,5600,exact-open-set-id-v2,1788323312957279032,127,127,2049,16464,16c5bb0c8411f78c019cae42b0079e7293a3d57440b0c54d88551a977b772c22,4.905,
508,primary_test_impostor,1003,1900,primary_test_impostor,0,114,102,109,0,False,,0,False,,0,,False,,4.656,0.44,32840,8995bae80559b4b03842cb446c9d8d3e1315491ceaad3172ab5ea5d8c7433ca8,7475.303,7474.6,5600,exact-open-set-id-v2,1788323312957279032,127,127,2049,16464,9b62c610c0c738c34bf01d062e2a2d5887524e06fac408b4de2a519a8b3dee74,4.97,
509,primary_test_impostor,1004,1901,primary_test_impostor,0,165,68,1059,0,False,,0,False,,0,,False,,4.812,0.43,32840,0a9b68d27fd3ca34a226f082a1804a322789571e53072113c077595f7a1267bd,7485.107,7484.5,5600,exact-open-set-id-v2,1788323312957279032,127,127,2049,16464,a237b99db9456000fdd5fc57b29d12e1979e5d680ea957f73fe9fe447c923ea4,5.331,
510,primary_test_impostor,1005,1902,primary_test_impostor,0,63,116,1101,0,False,,0,False,,0,,False,,5.33,0.45,32840,4f0a0004bc8bde743a9368c5b575cca269454823346819addfb3507ba04e416c,7327.809,7327.2,5600,exact-open-set-id-v2,1788323312957279032,127,127,2049,16464,e77dd751e43790fb000b2420a5b97ae4812236f155597791e8ca03f5d135c16f,5.287,
511,primary_test_impostor,1006,1903,primary_test_impostor,0,150,92,1080,0,False,,0,False,,0,,False,,5.11,0.48,32840,b6bd74961fd8e8d67ac3157ed3b77b26a2dc835f804f150cf64dd24800a7e20c,7357.246,7356.6,5600,exact-open-set-id-v2,1788323312957279032,127,127,2049,16464,28417509ca0f8fb7ff685b39b0b3b58cda140ebf700426caa7c920027972a306,4.733,
512,primary_test_impostor,1007,1904,primary_test_impostor,0,171,75,1065,0,False,,0,False,,0,,False,,4.202,0.39,32840,c28c64fadba820b69a21029fc594c6949eeb40c237c2bf39041547b9480987d3,7459.076,7458.5,5600,exact-open-set-id-v2,1788323312957279032,127,127,2049,16464,3dfce1c1a7f85771829082160880c82f80789306e1ae5b3b0ed01567ae501e28,9.189,
513,primary_test_impostor,1008,1905,primary_test_impostor,0,244,115,1100,0,False,,0,False,,0,,False,,8.568,0.86,32840,fd82cae29f020cc24027d2a29d8008400a50ce4c855d44bc7c6d7e3e84ce439d,7661.858,7661.2,5600,exact-open-set-id-v2,1788323312957279032,127,127,2049,16464,daffe016b02630df89595133dee276cc7de5c035c628843dd8de95468721a45c,5.346,
514,primary_test_impostor,1009,1906,primary_test_impostor,0,91,106,1093,0,False,,0,False,,0,,False,,5.254,0.44,32840,d45aba6967d494c6fe0327cbc0aa672f62f9d8abc54c0725cc803b57b8e9ec0c,7678.862,7677.9,5600,exact-open-set-id-v2,1788323312957279032,127,127,2049,16464,39c8af093dc5f67763263e57f4f394ef64fd6829962a055a8263e7c446d1a89b,5.61,
515,primary_test_impostor,1010,1907,primary_test_impostor,0,136,17,1012,0,False,,0,False,,0,,False,,5.587,0.45,32840,a6db3b80b55b92841da8a9875304d8fea8c7febc019ec533e1b56ef1ecea638c,8067.755,8067.0,5600,exact-open-set-id-v2,1788323312957279032,127,127,2049,16464,77574ca08c2d1b0e2012e53e9f9e7e64938976f90d990910e256c2f20ad51e6c,5.036,
516,primary_test_impostor,1011,1908,primary_test_impostor,0,153,88,1077,0,False,,0,False,,0,,False,,5.506,0.45,32840,a82955f5aa8267899f2a9178921a0648b5ab3c9c82a283b5db489ac9137b6a7a,7772.36,7771.8,5600,exact-open-set-id-v2,1788323312957279032,127,127,2049,16464,53a1c832e1241e531d6ac05aeac5e5783311042b5b6c55c806bbaaa95f64981a,5.875,
517,primary_test_impostor,1012,1909,primary_test_impostor,0,112,123,1108,0,False,,0,False,,0,,False,,5.407,0.44,32840,01fb65e50ba0bf5a8cb9f068a9281715fb5a2e04f04a779bcd7c4025098daaa1,8027.227,8026.6,5600,exact-open-set-id-v2,1788323312957279032,127,127,2049,16464,a8fbe7e3c0fcf759877e7bcff8d2088613a670eb41f3c05f994820b9e810584a,5.318,
518,primary_test_impostor,1013,191,primary_test_impostor,0,216,20,1015,0,False,,0,False,,0,,False,,5.668,0.44,32840,c8bf8b6eab69a3aeb762c8548bee5218bc16aeb09326eabe9917748680c37a56,7825.366,7824.7,5600,exact-open-set-id-v2,1788323312957279032,127,127,2049,16464,1ecc32819d4bc4e5309b6deb9a53c4f299666fa9fa4f7eebeaf418699f1cda02,5.274,
519,primary_test_impostor,1014,1910,primary_test_impostor,0,157,78,1068,0,False,,0,False,,0,,False,,5.201,0.41,32840,0d8edb1e6b3d22d5ac4e23e3b3549fa0f09bcc80021c50c2ef3d49fea514c690,7616.653,7616.0,5600,exact-open-set-id-v2,1788323312957279032,127,127,2049,16464,03ac0e9833fae26642da6f9dc3fe3fe296eff166d8e258e30362dd46eef19db9,5.201,
520,primary_test_impostor,1015,1911,primary_test_impostor,0,127,64,1055,0,False,,0,False,,0,,False,,4.855,0.4,32840,3b8827035c8cf3ed04a44a05305e41380c9980f88fd9005c13912737243e4f88,7822.985,7822.3,5600,exact-open-set-id-v2,1788323312957279032,127,127,2049,16464,317de19f2a42166a99a3f8fcd414973c63944c404b1e73d244012169e3bbf5e9,5.34,
521,primary_test_impostor,1016,1912,primary_test_impostor,0,239,86,1075,0,False,,0,False,,0,,False,,5.21,0.44,32840,7b9f5dccffa178405379d30795c410e6d34e5a86114400b18cec06ea326fc1e1,7527.886,7527.2,5600,exact-open-set-id-v2,1788323312957279032,127,127,2049,16464,06a0f1f4361e0fa19e10376a3103eb5c5ad3449c27b83228429849dadb7219e7,5.341,
522,primary_test_impostor,1017,1913,primary_test_impostor,0,231,88,1077,0,False,,0,False,,0,,False,,4.991,0.42,32840,50174c954d70ac14ed4e75ccf7b11f94a8ff8aff913fd5fe329d50d6956703a7,7713.907,7713.3,5600,exact-open-set-id-v2,1788323312957279032,127,127,2049,16464,65e0aca0540db0f55ffc716c5037892f481f128ac938f625ef5019d67a7b480e,5.137,
523,primary_test_impostor,1018,1914,primary_test_impostor,0,184,2,10,0,False,,0,False,,0,,False,,5.367,0.44,32840,50d69e9e69de96b5372d64cac5ed1ca41baef47fa52bae9e53ca34c839222b26,7554.457,7553.8,5600,exact-open-set-id-v2,1788323312957279032,127,127,2049,16464,e5419def800d541c3ea0a9a9fd3f4cf03e36a8ddb9c1310299ab742e498d4dea,5.034,
524,primary_test_impostor,1019,1915,primary_test_impostor,0,160,3,100,0,False,,0,False,,0,,False,,4.546,0.41,32840,e836f253cbb186a996b46823081988d204053eeccca194d080d7edf32b7d8eda,7569.267,7568.7,5600,exact-open-set-id-v2,1788323312957279032,127,127,2049,16464,d903c5e5152ba184cd0a917d5b47cb999decc85c588b213edc03132a4a2bb93a,4.647,
525,primary_test_impostor,1020,1916,primary_test_impostor,0,194,62,1053,0,False,,0,False,,0,,False,,4.653,0.4,32840,7811741ee24b8e70be7ae5894085997d28c97975f59376b3073dbc9ecb02e57c,7557.273,7556.5,5600,exact-open-set-id-v2,1788323312957279032,127,127,2049,16464,5cdc8963f90ee78e2e4f6955a5c79eb49b92134c936f954ee849fb528bf611d1,7.394,
526,primary_test_impostor,1021,1917,primary_test_impostor,0,246,110,1097,0,False,,0,False,,0,,False,,5.139,0.43,32840,16903588f6208f6431b9fb2bf05dd0612c6e07f94a448c17678aa425ef1491c4,7719.37,7718.7,5600,exact-open-set-id-v2,1788323312957279032,127,127,2049,16464,725977408f913f12367946da6044290746ede660c9225f0a594a7b01502529a6,4.956,
527,primary_test_impostor,1022,1918,primary_test_impostor,0,202,80,107,0,False,,0,False,,0,,False,,4.797,0.41,32840,c10ce46c5aa5bf3665617a5c5afbad044905921ee5033e63a50352dca8f666c6,7436.096,7435.5,5600,exact-open-set-id-v2,1788323312957279032,127,127,2049,16464,c5d4daf6e3dc1e1311d637b8ff99d332897de68c912d04fe2648525afc99a7e5,4.862,
528,primary_test_impostor,1023,1919,primary_test_impostor,0,216,93,1081,0,False,,0,False,,0,,False,,4.554,0.39,32840,23c77530e3d7a2e4c1af776f5a6ba5752b1e39579e53da1944753b1f5cd08dc8,7463.863,7463.3,5600,exact-open-set-id-v2,1788323312957279032,127,127,2049,16464,0d48300c2ee77d11eacf902f6f1b8b459d5b86046306cdd33cd2870b9d15002d,5.377,
529,primary_test_impostor,1024,192,primary_test_impostor,0,208,42,1035,0,False,,0,False,,0,,False,,6.148,1.24,32840,b6fad7f9b7168f48a249b521aada9963df92be6d9bf4f8c44da9bda89dd5afa7,7619.227,7618.6,5600,exact-open-set-id-v2,1788323312957279032,127,127,2049,16464,3bf8b17a8e16ed0ccf9225078aa82920b6511e1785df4772d6b98f4479616f7f,5.509,
530,primary_test_impostor,1025,1920,primary_test_impostor,0,135,91,108,0,False,,0,False,,0,,False,,5.441,0.44,32840,ca1afd9109b6b0270b79071d9abec3bec17088853aafd26a15afa794f330bc9b,7600.581,7599.9,5600,exact-open-set-id-v2,1788323312957279032,127,127,2049,16464,292419da6c751150c172081a876bb599ceeaded54854df3c37df1ae53b0c2890,7.736,
531,primary_test_impostor,1026,1921,primary_test_impostor,0,206,80,107,0,False,,0,False,,0,,False,,5.114,0.49,32840,a60a283232e26ea1bf7d07c7bf034fbe6ff4295e0b660ab4fbc31a953e1169c4,7371.275,7370.7,5600,exact-open-set-id-v2,1788323312957279032,127,127,2049,16464,7c3ad29c65c2d769ba41cf4ceeed321d0f63fb83e93ebf87a559d1d15814648d,5.546,
532,primary_test_impostor,1027,1922,primary_test_impostor,0,128,4,1000,0,False,,0,False,,0,,False,,4.339,0.4,32840,7eaee64841406d1a4317c9216b1712aa4776dd969fa6f23f1abe5f5249204a60,7394.835,7394.3,5600,exact-open-set-id-v2,1788323312957279032,127,127,2049,16464,b570adb76cdf1728261f0d6b3297f4262b5ce47879dc22f4d48193e2d8275456,6.664,
533,primary_test_impostor,1028,1923,primary_test_impostor,0,112,80,107,0,False,,0,False,,0,,False,,4.232,0.38,32840,d0a7cd72bc6213a2cbbf75cabcb289b77cfdf71097f71ffeb5aae26b952d0b27,7397.909,7397.3,5600,exact-open-set-id-v2,1788323312957279032,127,127,2049,16464,d33cdf3d2dcf38d82e16a30e8ff8455448db619e5de44ea94cec6c303f8f8046,12.366,
534,primary_test_impostor,1029,1924,primary_test_impostor,0,273,45,1038,0,False,,0,False,,0,,False,,21.936,0.82,32840,0d2efc3a610be3c5cd5540ce833d2c74d208ba77a2092b4f3a65a6c59e50ff35,7426.701,7426.0,5600,exact-open-set-id-v2,1788323312957279032,127,127,2049,16464,7d82372b11d265220f3231cb78fc881af84afe551178433be33652ae41e253da,4.702,
535,primary_test_impostor,1030,1925,primary_test_impostor,0,244,121,1106,0,False,,0,False,,0,,False,,4.299,0.41,32840,28e503df83deab0f96f7f5d502a7850476adc8bc79bc0b97c309c3e334172bcb,7350.629,7350.1,5600,exact-open-set-id-v2,1788323312957279032,127,127,2049,16464,63003ae50a1a8604ce8b03ff2a8e73c19ba5dcc3945fa5d65ec25656a09fefa1,4.848,
536,primary_test_impostor,1031,1926,primary_test_impostor,0,194,61,1052,0,False,,0,False,,0,,False,,4.256,0.39,32840,3d4748d3de55087a1dd2d908acf605d4a47101fdaa2389fbd46d4f2ffbcd927a,7323.035,7322.5,5600,exact-open-set-id-v2,1788323312957279032,127,127,2049,16464,cb459279bb171a0b30c6db4f0001cde7fb7ce47b717ca5663e7d50e019682913,4.87,
537,primary_test_impostor,1032,1927,primary_test_impostor,0,207,76,1066,0,False,,0,False,,0,,False,,4.835,0.41,32840,38cd39766f3e54329d89e434a69d3deff99bba7557d535e435a53ab668332bb0,7704.142,7703.4,5600,exact-open-set-id-v2,1788323312957279032,127,127,2049,16464,59ee7077f5509c86c56ff496ad0ccf1015cba03165528c9f2e3e48ee3d477704,5.622,
538,primary_test_impostor,1033,1928,primary_test_impostor,0,184,30,1024,0,False,,0,False,,0,,False,,4.845,0.41,32840,0ff794f4078a13490f5f4ae3dede430fdb766d65d4e6f5bfc506507f12f07440,7547.883,7547.3,5600,exact-open-set-id-v2,1788323312957279032,127,127,2049,16464,577be906dd94aed99cc0984c989a52b5bcbd1b93a93b4b1a3bc3c4d60b12a1c4,7.747,
539,primary_test_impostor,1034,1929,primary_test_impostor,0,115,29,1023,0,False,,0,False,,0,,False,,7.702,0.48,32840,4444caf353fc84eb8a94fe297bdaff0053c82ab471ef47294869a730262c46c0,7427.778,7427.1,5600,exact-open-set-id-v2,1788323312957279032,127,127,2049,16464,8fa35e9f5d43d342ab5cfda8c74a629aad9461beb1bb2f25c19d06776212ee1d,5.412,
540,primary_test_impostor,1035,193,primary_test_impostor,0,134,121,1106,0,False,,0,False,,0,,False,,4.792,0.4,32840,ce6360c2dc689266ba82aabb6b1d3ff54e69996eae77a4067388e7f3d95ed05f,7315.661,7315.1,5600,exact-open-set-id-v2,1788323312957279032,127,127,2049,16464,717d9c5d76ff8bd84224c700f3bf67e767013385011c67d541dc7e8734bf6063,5.1,
541,primary_test_impostor,1036,1930,primary_test_impostor,0,142,80,107,0,False,,0,False,,0,,False,,4.571,0.41,32840,a6428dde32b9722a73e6764821f9d5b0c2bb493dde94209bb3023deab86babf2,7334.722,7334.2,5600,exact-open-set-id-v2,1788323312957279032,127,127,2049,16464,5c7daa056a7c18deac5efd7496ffb1a1f4453bb3bbe4c22d428809afe2e5d947,8.511,
542,primary_test_impostor,1037,1931,primary_test_impostor,0,240,80,107,0,False,,0,False,,0,,False,,5.293,0.43,32840,fd7a9f984991c8fac3f4d4bc9035ce8937ac76b7273c98c1c3fe2ba3ab5249aa,7417.423,7416.8,5600,exact-open-set-id-v2,1788323312957279032,127,127,2049,16464,d852deaac7c052498199c8a923e9bd9729f03673cf54279fa37580222e5f8acd,6.808,
543,primary_test_impostor,1038,1932,primary_test_impostor,0,150,97,1085,0,False,,0,False,,0,,False,,5.172,0.43,32840,13b50a51d92c8fd98eec33e863585967b5542bafc678ddf7b5f2c06f034e65bf,7439.446,7438.8,5600,exact-open-set-id-v2,1788323312957279032,127,127,2049,16464,312bc5a15f6bff779db73ce15ab2f251e05cb1c1dadd9b9d2c8e3cc36226d564,4.598,
544,primary_test_impostor,1039,1933,primary_test_impostor,0,48,93,1081,0,False,,0,False,,0,,False,,4.993,0.41,32840,5c8373ad0fbd72bdc8e67841d535d261535cbc76c49ced1619c818511f153845,7445.078,7444.5,5600,exact-open-set-id-v2,1788323312957279032,127,127,2049,16464,208137d601235964ceddd1aa640bc7f5413c9252e5a5e42827185e93183e5013,5.024,
545,primary_test_impostor,1040,1934,primary_test_impostor,0,126,115,1100,0,False,,0,False,,0,,False,,5.06,0.42,32840,b40c005eea24fa5662c5ac47f25631633003608b00ce8f8106e99b0396226bc7,7473.106,7472.5,5600,exact-open-set-id-v2,1788323312957279032,127,127,2049,16464,e42d05b083e5f1ed7cec816576858e5551aa804e839179e248977d7f10fe763a,5.108,
546,primary_test_impostor,1041,1935,primary_test_impostor,0,128,97,1085,0,False,,0,False,,0,,False,,4.775,0.41,32840,89a79264572695c4e97951d38b5cb3f12fefc2236801d88f031da2407d0be959,7997.096,7996.2,5600,exact-open-set-id-v2,1788323312957279032,127,127,2049,16464,f5414800e613a6e2c1e8f6c10c3fa5e5f789cd315a2329cd069a31e4bc4623a3,15.903,
547,primary_test_impostor,1042,1936,primary_test_impostor,0,176,2,10,0,False,,0,False,,0,,False,,8.367,0.52,32840,f1018abc62fcfa303d960a6afc065ba01477821db5bd7aa7db4803a0c0cf7913,8066.678,8066.1,5600,exact-open-set-id-v2,1788323312957279032,127,127,2049,16464,29d5b02d999809c910d2d55e6d82ce99b470bcb12f139dbefc2a2d3712235ded,5.569,
548,primary_test_impostor,1043,1937,primary_test_impostor,0,125,74,1064,0,False,,0,False,,0,,False,,5.551,0.43,32840,3944a56ccd3474680b856669a7ef6fbf58d4d6fe1437233a5794e4bf8f30bc83,8090.909,8090.3,5600,exact-open-set-id-v2,1788323312957279032,127,127,2049,16464,8bff5f14044473bc3a755aa21ee25cf453e9c97a54f274807a8cbff52895faee,5.203,
549,primary_test_impostor,1044,1938,primary_test_impostor,0,158,35,1029,0,False,,0,False,,0,,False,,5.104,0.43,32840,2275f44c73e44fad5dab5dbea7f1ec7f664fcf8b3b5c18b8146ed963581d7106,7889.658,7889.1,5600,exact-open-set-id-v2,1788323312957279032,127,127,2049,16464,d5a88c68d6cecd845de4e2ba300979e9d9e652677bda3b5078ca53d26933efc2,5.796,
550,primary_test_impostor,1045,1939,primary_test_impostor,0,168,3,100,0,False,,0,False,,0,,False,,4.937,0.4,32840,e8b693753550f70cad319fe841460e1567d332c8aab8ecb9aad1b7a111ce49d3,7551.909,7551.3,5600,exact-open-set-id-v2,1788323312957279032,127,127,2049,16464,c681d00302bb96fc9324d2025e5ea7480e6c077ebeab99549964897b049ec494,5.064,
551,primary_test_impostor,1046,194,primary_test_impostor,0,180,72,1062,0,False,,0,False,,0,,False,,4.783,0.41,32840,a3925a8ada71e557ab60fb48886cbbc5bb8ceb6fde2792ead5318a57489d2cbd,7403.244,7402.6,5600,exact-open-set-id-v2,1788323312957279032,127,127,2049,16464,0a1ab0b7aca27c10b1d20a5b8248c612ea64fe046950bec42351d31cee398439,4.883,
552,primary_test_impostor,1047,1940,primary_test_impostor,0,285,67,1058,0,False,,0,False,,0,,False,,4.227,0.37,32840,df1f6082abafca90865599d7bc5202280a5d1c99761e97abac351316d11ff75d,7533.561,7532.9,5600,exact-open-set-id-v2,1788323312957279032,127,127,2049,16464,eb8496c83ebef6b71ab7e40abc472fa815e1d9b48af569433c83a8350faad4da,4.925,
553,primary_test_impostor,1048,1941,primary_test_impostor,0,159,76,1066,0,False,,0,False,,0,,False,,4.511,0.39,32840,16ac3a327ee4a8705de4a15954e9bff4053780ad5a006e11c8ae0d3e2c8cee38,7295.048,7294.4,5600,exact-open-set-id-v2,1788323312957279032,127,127,2049,16464,086e49844ba586618ebd561c015083192fa95a47211e3449e4d83968f138fbaf,6.129,
554,primary_test_impostor,1049,1942,primary_test_impostor,0,223,88,1077,0,False,,0,False,,0,,False,,5.063,0.41,32840,4c0c0c9d2fa7133334373021e5292f7e1328265d7be52374085a5e82f600d32e,7431.246,7430.6,5600,exact-open-set-id-v2,1788323312957279032,127,127,2049,16464,3c26152689efc0578bf33b5c3a2d90ee54f70d1b6504b3cc630183d0b96b96b5,4.779,
555,primary_test_impostor,1050,1943,primary_test_impostor,0,145,52,1044,0,False,,0,False,,0,,False,,4.693,0.41,32840,99032c144e5ce20c6e17c16e407717c2e6a35e5c4da99e4b510c9f99200a9e94,7292.754,7292.2,5600,exact-open-set-id-v2,1788323312957279032,127,127,2049,16464,48770e95442d163dbf3e606f75a48b94c813f62ef7798f2ea6db0e36b6dd2c33,5.065,
556,primary_test_impostor,1051,1944,primary_test_impostor,0,230,16,1011,0,False,,0,False,,0,,False,,4.653,0.41,32840,bc14b500196d20f9568a64a090488397d4b5c24fb38d255c7f14add17d34b9fa,7456.567,7455.9,5600,exact-open-set-id-v2,1788323312957279032,127,127,2049,16464,a6a11a35619448b697f71625ade353d9ffc7214f33c6b851810ddeeb3120eaa9,5.027,
557,primary_test_impostor,1052,1945,primary_test_impostor,0,263,22,1017,0,False,,0,False,,0,,False,,4.869,0.45,32840,3d9c3b8cd8337075d50f5aa65e830cad1162e6070647c35c1821284f67bf52e4,7282.761,7282.2,5600,exact-open-set-id-v2,1788323312957279032,127,127,2049,16464,ef5282e3ed2838162f7a07b14da3a3138f77adff83c52a5951fa85e1fc02a820,5.119,
558,primary_test_impostor,1053,1946,primary_test_impostor,0,214,23,1018,0,False,,0,False,,0,,False,,4.733,0.46,32840,71505b7a9d8d18020fc4cf9b41107fca578d92ec4df6f4d5f968b97347957149,7279.636,7279.0,5600,exact-open-set-id-v2,1788323312957279032,127,127,2049,16464,6d5b9885819cc6065e7ad8f931c043d4a2a763115f9bc3d4965bc53fd6de4b9f,4.976,
559,primary_test_impostor,1054,1947,primary_test_impostor,0,174,92,1080,0,False,,0,False,,0,,False,,4.464,0.39,32840,845248aadfb50ebcf183d836dfe90057bad7972760c62ffb4954653791fe67f3,7396.472,7395.9,5600,exact-open-set-id-v2,1788323312957279032,127,127,2049,16464,b56773965b88a24ffbd6ba2909441aab6e088b4fa738dc3409b1671c4674aa07,5.227,
560,primary_test_impostor,1055,1948,primary_test_impostor,0,176,57,1049,0,False,,0,False,,0,,False,,5.018,0.47,32840,945ca2865ffa1563df44a0ff2c05ce9614a97697c5d2fd756525d60feaecae80,7581.672,7581.0,5600,exact-open-set-id-v2,1788323312957279032,127,127,2049,16464,6c3ca36953e79d56965c6c338d540d4439e69f2fab90aa33574a9ab7641477e4,5.124,
561,primary_test_impostor,1056,1949,primary_test_impostor,0,295,29,1023,0,False,,0,False,,0,,False,,5.546,0.46,32840,74271dc32ae01f518a24f63305f68ab32aa427a0b8cbea285d736237dfa591ad,7572.315,7571.6,5600,exact-open-set-id-v2,1788323312957279032,127,127,2049,16464,bb4027889eaa6e841206aba46782e818f6370ad1f0311abd4727ba87ac83e428,5.079,
562,primary_test_impostor,1057,195,primary_test_impostor,0,159,98,1086,0,False,,0,False,,0,,False,,4.955,0.47,32840,40c94346dcf8d3f055dd6522e979f70e1708c9276aacfa2217f340ddd8491170,7770.843,7769.7,5600,exact-open-set-id-v2,1788323312957279032,127,127,2049,16464,6ac14803ee41549cf298db335799fc99d29fe592e8fa4d04e04f35be3bde2ed7,6.575,
563,primary_test_impostor,1058,1950,primary_test_impostor,0,223,67,1058,0,False,,0,False,,0,,False,,6.196,1.19,32840,0d44914bd6b329f96db7ae1dcaf5951019e09efc88a8006fefde894354b419b6,7580.145,7579.5,5600,exact-open-set-id-v2,1788323312957279032,127,127,2049,16464,6bc6d0fbe0b5944cdd756199c01e24847f8aec6b186bd00b4799e751d2d915d1,5.291,
564,primary_test_impostor,1059,1951,primary_test_impostor,0,235,112,1099,0,False,,0,False,,0,,False,,4.908,0.41,32840,ed26168543b1dbaa01a768f618f6828dee5ab30d5ac387c00c3e5a4e091acf85,7612.892,7612.3,5600,exact-open-set-id-v2,1788323312957279032,127,127,2049,16464,5f04e83a42d2704bd980e598c9ad2fc2a8b8495cccd572ffcd1c0f041c29875e,5.484,
565,primary_test_impostor,1060,1952,primary_test_impostor,0,259,51,1043,0,False,,0,False,,0,,False,,5.092,0.46,32840,eeaad6947fae97bde8295452d42393311adb4618672fa5e763ac3c55d9e81841,7660.577,7659.9,5600,exact-open-set-id-v2,1788323312957279032,127,127,2049,16464,1b60097823dc1e2bcda596e7866f696a95f0fd85903aef5019c73a44da14cc0d,5.593,
566,primary_test_impostor,1061,1953,primary_test_impostor,0,157,29,1023,0,False,,0,False,,0,,False,,5.117,0.43,32840,1459d4480c65ef3bf4577d262e57c12718057411d739d7ec7797fd364a59c7e4,7599.07,7598.5,5600,exact-open-set-id-v2,1788323312957279032,127,127,2049,16464,c7397a1832b1e385db8b7e148774664318a4b58bce835ab934574015f9c9bf46,5.391,
567,primary_test_impostor,1062,1954,primary_test_impostor,0,219,75,1065,0,False,,0,False,,0,,False,,4.668,0.44,32840,c190659cf2852951a61cb92c8c3a453491335a799be758666a1fe1516aa326fa,7613.576,7613.0,5600,exact-open-set-id-v2,1788323312957279032,127,127,2049,16464,cf9ebcb3cf58d77f1385f8d7ec11a6cc9f7d53dcae459480ee5bd6f6b9be9173,5.472,
568,primary_test_impostor,1063,1955,primary_test_impostor,0,203,58,105,0,False,,0,False,,0,,False,,4.674,0.42,32840,9ac6141f1fcd155e3a39be9bd0e408e425d37ee094c85180b13b34c2b4a96471,7480.128,7479.5,5600,exact-open-set-id-v2,1788323312957279032,127,127,2049,16464,fa849d763eebd6dd99081539686316ef78c5aff00bb1b3db8690cb6be9cc1da8,6.35,
569,primary_test_impostor,1064,1956,primary_test_impostor,0,225,68,1059,0,False,,0,False,,0,,False,,5.199,0.41,32840,f617c823e6f32309db7677939177fa8e41200af3ef18413b95b488d0ca9210bc,7571.825,7571.2,5600,exact-open-set-id-v2,1788323312957279032,127,127,2049,16464,276779be6618b72d1b809655901a8e913a1f02b35cc514c0a2ab718cbca42fb0,4.987,
570,primary_test_impostor,1065,1957,primary_test_impostor,0,184,46,1039,0,False,,0,False,,0,,False,,5.341,0.41,32840,3a93740acfb94a479cd817cfe79530267c89c7980e948b3bccbfe750750a60be,7616.049,7615.3,5600,exact-open-set-id-v2,1788323312957279032,127,127,2049,16464,76b1b12883c139f660226f76e61f6a11e45c3674ba9a4c60489e8d2842accc1b,5.348,
571,primary_test_impostor,1066,1958,primary_test_impostor,0,153,25,102,0,False,,0,False,,0,,False,,4.94,0.44,32840,f886cc88f7ffab83e8c3f75b8de865976f88fa3bef1977c1bf4aaa4521288b16,7282.331,7281.7,5600,exact-open-set-id-v2,1788323312957279032,127,127,2049,16464,d2a01163c71db746e7534817edc5621ea85022b88476f668d65307fd5803b733,6.783,
572,primary_test_impostor,1067,1959,primary_test_impostor,0,211,118,1103,0,False,,0,False,,0,,False,,5.74,0.48,32840,2a1f628d2187955a820ac3aafd3b30d6eda8b22bcdfac1f38a09c3326b12669f,7439.827,7439.3,5600,exact-open-set-id-v2,1788323312957279032,127,127,2049,16464,49c59679443a41b3ae802954332d22bebfc72e25d2dc1117efcefac65e3587b8,4.85,
573,primary_test_impostor,1068,196,primary_test_impostor,0,95,19,1014,0,False,,0,False,,0,,False,,4.951,0.44,32840,66b458bced88d6d93aefd2e3183a71db62832c4376a93c642f5658a870f49702,7428.774,7428.1,5600,exact-open-set-id-v2,1788323312957279032,127,127,2049,16464,842fde4e6c7aae54f4f4693edc4696f892455b5b2f447ed72153d011ab23695a,7.868,
574,primary_test_impostor,1069,1960,primary_test_impostor,0,156,17,1012,0,False,,0,False,,0,,False,,4.711,0.41,32840,08a35b53b13dd7c4d97c86b67b8553f20295b61a9c4715dcdbc34eb3b71dc008,7416.287,7415.7,5600,exact-open-set-id-v2,1788323312957279032,127,127,2049,16464,e3b7fbaf2a1587f019776e084173d58d2f8f699f758cf52712bae0f5464995fe,5.257,
575,primary_test_impostor,1070,1961,primary_test_impostor,0,326,47,104,0,False,,0,False,,0,,False,,5.153,0.43,32840,97b344da548e0df2ccc48108fb374a4b509336121e01ee2fed47d8905443441c,7307.341,7306.7,5600,exact-open-set-id-v2,1788323312957279032,127,127,2049,16464,dc0dc84997ea1ed669a1e1b3f64b84091f188e4500fa49eb7ad329f133e8f454,6.426,
576,primary_test_impostor,1071,1962,primary_test_impostor,0,199,51,1043,0,False,,0,False,,0,,False,,5.149,0.46,32840,de8eed06b605ea2680d200b213c6686cffc978ec5ca56b604cbd86f0761aed3e,7514.225,7513.6,5600,exact-open-set-id-v2,1788323312957279032,127,127,2049,16464,1ffda61216f9886918899b6ddb26ead514baa8c8b1b66db7b99e10d2f99b935f,5.052,
577,primary_test_impostor,1072,1963,primary_test_impostor,0,217,19,1014,0,False,,0,False,,0,,False,,4.861,0.43,32840,88c054196c2b6ae776d021c9661e9ddde00514905eb17f9e393ade1b7cdab555,7320.884,7320.3,5600,exact-open-set-id-v2,1788323312957279032,127,127,2049,16464,b6c86fb02281313e2c987a524a636bb8187629fa56b1c38ec47901b3a5d7dd73,4.578,
578,primary_test_impostor,1073,1964,primary_test_impostor,0,295,86,1075,0,False,,0,False,,0,,False,,4.845,0.46,32840,8d7f8abf24bae333a6a2dc4574665257f41373c5a7f08d5c8030fe6df275eaff,8296.098,8295.4,5600,exact-open-set-id-v2,1788323312957279032,127,127,2049,16464,aff1da6ceee1fa7a14677f4fa9d82f1ce5ba4f49943e521c74f5575aa420bf4f,5.547,
579,primary_test_impostor,1074,1965,primary_test_impostor,0,139,59,1050,0,False,,0,False,,0,,False,,5.832,0.46,32840,139e271854f7a97ffa5324316223d1f12cfd5c164fc7d2adf717c7f423a129ae,8112.666,8112.0,5600,exact-open-set-id-v2,1788323312957279032,127,127,2049,16464,07f46547d232eb0600eccb58c2eadb4a8d02c672b52e7a7371c6db1241a14b98,6.14,
580,primary_test_impostor,1075,1966,primary_test_impostor,0,188,122,1107,0,False,,0,False,,0,,False,,5.606,0.44,32840,19100e83f4f14890615949805248dcf968317748db58e8e602c5194882635319,7963.387,7962.7,5600,exact-open-set-id-v2,1788323312957279032,127,127,2049,16464,de0abccf03f7ac65136e244adb6ed88f0f85d7cf1000e062a463253477351520,5.856,
581,primary_test_impostor,1076,1967,primary_test_impostor,0,99,107,1094,0,False,,0,False,,0,,False,,5.509,0.43,32840,76f6c2649d827e5722226ab3ece84830e0a1d31ae1258a530844f732b5851d80,7850.964,7850.3,5600,exact-open-set-id-v2,1788323312957279032,127,127,2049,16464,4f5a4181de285e9bd68789692e85c1ac94f6cbaa004eb0a4094bb05e6b33c494,6.168,
582,primary_test_impostor,1077,1968,primary_test_impostor,0,161,59,1050,0,False,,0,False,,0,,False,,5.277,0.5,32840,5c69d90eccdd483e7eda077f2e1109dba7d532061fd074e235a721f829007a2f,7610.816,7610.2,5600,exact-open-set-id-v2,1788323312957279032,127,127,2049,16464,329c20d3e4760aa586281f3e1b11a6078eb1f1b5eb1020b50a6816ad705c68c3,5.022,
583,primary_test_impostor,1078,1969,primary_test_impostor,0,180,30,1024,0,False,,0,False,,0,,False,,4.773,0.4,32840,cf54cbbd4bec03c7619a2a641926fd9049ddc287017141e76658daa0ac53befc,7518.634,7518.0,5600,exact-open-set-id-v2,1788323312957279032,127,127,2049,16464,39e6ac4785f7f8c04c8bf33f3f5ac236039fe6824c55d98985e1408ec286a46c,4.767,
584,primary_test_impostor,1079,197,primary_test_impostor,0,303,31,1025,0,False,,0,False,,0,,False,,4.929,0.47,32840,146fed724d0d133f04cb6d7e8f5d261e7cd9622d17ff1b216b405d28c2402f58,7307.455,7306.9,5600,exact-open-set-id-v2,1788323312957279032,127,127,2049,16464,3bf02ab80f8a29f251c89ebdfcd3643814bd5fa7e7179e13297b104fea1ab2aa,5.219,
585,primary_test_impostor,1080,1970,primary_test_impostor,0,194,102,109,0,False,,0,False,,0,,False,,4.916,0.43,32840,7d51017b6af2dd58dcdaa1e878986d738954c36456ed213f6763d8b10d7c8918,7398.398,7397.8,5600,exact-open-set-id-v2,1788323312957279032,127,127,2049,16464,88fa349055e8a8d329051fe4ef0421fb6f9a5ab0d05bf4407077029295aad4ad,4.878,
586,primary_test_impostor,1081,1971,primary_test_impostor,0,179,43,1036,0,False,,0,False,,0,,False,,4.678,0.4,32840,56bc14c94a25b4d6e4c70606aeabafea97dae036a440d81b32ac1d159cee3960,7490.002,7489.2,5600,exact-open-set-id-v2,1788323312957279032,127,127,2049,16464,80383547699948b276171bbb69edb5cff82a7c423faf7eb22ef6ea6ddec269a3,5.23,
587,primary_test_impostor,1082,1972,primary_test_impostor,0,117,81,1070,0,False,,0,False,,0,,False,,5.124,0.41,32840,4981ba885e7c9ceddb92e3892bf42bba36f1e8f6460e13b30d1c773f9b718ec2,7277.953,7277.4,5600,exact-open-set-id-v2,1788323312957279032,127,127,2049,16464,e58053e19648821718c9a692b53534038ae3b6594cf82e71c619ea8019601c33,4.719,
588,primary_test_impostor,1083,1973,primary_test_impostor,0,172,109,1096,0,False,,0,False,,0,,False,,5.036,0.44,32840,5caf4a14b634d6b71d8ca63de4c2c70a8eddf905d771889b178405319b3a540e,7318.004,7317.4,5600,exact-open-set-id-v2,1788323312957279032,127,127,2049,16464,2d96a479c08f4a048e14429869c0d8a6a030c6b703120a92b18fabb1629a46c7,5.498,
589,primary_test_impostor,1084,1974,primary_test_impostor,0,152,7,1003,0,False,,0,False,,0,,False,,4.727,0.4,32840,5b37d9a6ac25d8fbb0cce1130701f1dec35792047768410580c1378f0a45ecce,7378.145,7377.6,5600,exact-open-set-id-v2,1788323312957279032,127,127,2049,16464,42d87e517834f9e7149a3bc8b725f9e4ec0a4b84e4d033319e1ee0ad89d13894,5.719,
590,primary_test_impostor,1085,1975,primary_test_impostor,0,204,17,1012,0,False,,0,False,,0,,False,,4.448,0.41,32840,aa3fbb0abea577cc1e4742a176c2b38db9f89d3851660d0a030adf77a216fa08,7314.824,7314.3,5600,exact-open-set-id-v2,1788323312957279032,127,127,2049,16464,d1e1b218e41e1904502d90d548867373c5f1ab035570f4e83e009142bcb058db,4.977,
591,primary_test_impostor,1086,1976,primary_test_impostor,0,55,51,1043,0,False,,0,False,,0,,False,,4.567,0.43,32840,6ff6842b97dc49e3d7ced0368fa3b5aa8b33b442c64c292617e2ea68625ad95f,7365.246,7364.6,5600,exact-open-set-id-v2,1788323312957279032,127,127,2049,16464,a45f063b2bcad60164c82ac6e51dc5e4832d6ed9f610ba2af1ac85980e88beb0,4.877,
592,primary_test_impostor,1087,1977,primary_test_impostor,0,189,111,1098,0,False,,0,False,,0,,False,,4.825,0.46,32840,ebb92aaf37ff16ecc3cd5425637a098c72da3fba4b2aebfca879f8402df02972,7295.033,7294.5,5600,exact-open-set-id-v2,1788323312957279032,127,127,2049,16464,7646dd1ea85c09263c3c7668dbc16a0219941cac9652723ce667d0a689fe59ef,5.073,
593,primary_test_impostor,1088,1978,primary_test_impostor,0,219,64,1055,0,False,,0,False,,0,,False,,5.268,0.49,32840,9c416a5fecb9c0e21d2525a40f8ed4891c7a98e67ee92b7b5414065cd9bcda07,7354.065,7353.4,5600,exact-open-set-id-v2,1788323312957279032,127,127,2049,16464,c961c08660df68079d05882094d2ab382749aeb829683391cfe701acc39fd420,6.422,
594,primary_test_impostor,1089,1979,primary_test_impostor,0,84,17,1012,0,False,,0,False,,0,,False,,6.018,0.47,32840,6bb5b5f121c411d0d8fce1f384015f9f3335ee72ec59b71c9fa61aebce0f40c3,7542.481,7540.8,5600,exact-open-set-id-v2,1788323312957279032,127,127,2049,16464,ec734371cbfe9b2bb76a1d8fe9f845bf2e1933f9c0752689a58bf6f68d9bc2e9,5.225,
595,primary_test_impostor,1090,198,primary_test_impostor,0,88,97,1085,0,False,,0,False,,0,,False,,4.735,0.45,32840,75900b2505d0fe361aa0d59cb41ab100bfd685357597632100bd76d1ee9138a7,7311.094,7310.5,5600,exact-open-set-id-v2,1788323312957279032,127,127,2049,16464,19515f403c38717234052ff70bac423582a417e828bb44fd57502010d736e229,5.1,
596,primary_test_impostor,1091,1980,primary_test_impostor,0,77,114,110,0,False,,0,False,,0,,False,,4.978,0.43,32840,67655f46301ca76f6e9c23a78f55d7981398372498ecd413072087e73d8d1c83,7313.247,7312.7,5600,exact-open-set-id-v2,1788323312957279032,127,127,2049,16464,6e0e1ea20376bd56b05f5ead0d1826a9d128f41fb9158d1dce0884e252b8bdd0,4.835,
597,primary_test_impostor,1092,1981,primary_test_impostor,0,130,80,107,0,False,,0,False,,0,,False,,4.732,0.41,32840,2bf1bba73a2c56871de9000581a6b1b758af61b65581698078f973454d96c8e7,7329.453,7328.9,5600,exact-open-set-id-v2,1788323312957279032,127,127,2049,16464,0b11834b8919f51202d34c5dae1c1ca8228b9b89a6cf21dff2a79853de284b86,5.228,
598,primary_test_impostor,1093,1982,primary_test_impostor,0,233,95,1083,0,False,,0,False,,0,,False,,4.691,0.42,32840,cfae81eec7376374e89be94d2c5e8d4a5c0abff5d7378f35b557ffe99481a23b,7426.987,7426.4,5600,exact-open-set-id-v2,1788323312957279032,127,127,2049,16464,4b99c4c98513b9321095dfaf2e68447462942bec7f13e97ea4d3ffed47be063b,5.39,
599,primary_test_impostor,1094,1983,primary_test_impostor,0,168,46,1039,0,False,,0,False,,0,,False,,5.364,0.43,32840,96ccbbe86db34307298fc53fbc129ffbdea3c7502fc48baefc5564ec5eecc6b0,7672.382,7671.8,5600,exact-open-set-id-v2,1788323312957279032,127,127,2049,16464,dedc86c775d2f89cd65568fc209c130ec68bc303198ae3983902bf322b91ffb9,5.901,
600,primary_test_impostor,1095,1984,primary_test_impostor,0,219,75,1065,0,False,,0,False,,0,,False,,5.939,0.46,32840,2183b8c94f607191833cf9eee0bb61868ba8388818d2f0c8df60dffab3ae4b4d,7764.627,7764.0,5600,exact-open-set-id-v2,1788323312957279032,127,127,2049,16464,283f1544afc54382fa41a6d964b6e0ba7ffc455955ad57b4c1721263c499a1a7,4.801,
601,primary_test_impostor,1096,1985,primary_test_impostor,0,98,21,1016,0,False,,0,False,,0,,False,,5.272,0.43,32840,64535253be37436dedf6460f3b1487f0412436fd7ec2011b7d18783950f7c02f,7854.616,7853.7,5600,exact-open-set-id-v2,1788323312957279032,127,127,2049,16464,2f2541bafb19c6cc3d45a04ea3cde5daa419107daacce4de8568fe52da49d8df,5.723,
602,primary_test_impostor,1097,1986,primary_test_impostor,0,126,62,1053,0,False,,0,False,,0,,False,,5.272,0.49,32840,32e532906b1e0696021a79067e729a5255db08c66aae3fbeeeefedc3da2095a6,7674.408,7673.6,5600,exact-open-set-id-v2,1788323312957279032,127,127,2049,16464,a18b58e330cf34865983aef11cacd8ac2a2b527cdd185e7115fb530922132691,5.811,
603,primary_test_impostor,1098,1987,primary_test_impostor,0,203,116,1101,0,False,,0,False,,0,,False,,4.527,0.45,32840,b39bc88e7e734a923e3806a056b6697ebf748151f6ebf1cc99ba6267de800fbc,7598.484,7597.8,5600,exact-open-set-id-v2,1788323312957279032,127,127,2049,16464,1ad5073139a50ee7550af6f2ae85bd79ff0f891959791e32d7c45a9910683896,5.233,
604,primary_test_impostor,1099,1988,primary_test_impostor,0,218,5,1001,0,False,,0,False,,0,,False,,4.18,0.43,32840,c6a0ccb7f9c11bb66b6892beaba57ee30c76e87337d8da6fafef4313b2d0f6b7,7526.178,7525.6,5600,exact-open-set-id-v2,1788323312957279032,127,127,2049,16464,5675b851ff1da725df7859c3453fb4f195f45cd97c42f4aabca279517fbe1d3e,5.165,
605,primary_test_impostor,1100,1989,primary_test_impostor,0,111,98,1086,0,False,,0,False,,0,,False,,4.209,0.41,32840,09f4e02ce544a608fbcde691ee119e909df12b352e77edc647afd807322042ef,7548.455,7547.9,5600,exact-open-set-id-v2,1788323312957279032,127,127,2049,16464,79e2f6e47a4608248f419801de6e0a97f91c2bc79706233c4ddd649b72723c6c,5.433,
606,primary_test_impostor,1101,199,primary_test_impostor,0,199,63,1054,0,False,,0,False,,0,,False,,7.012,0.41,32840,4a0acac0421e9a65273dde14806059f8b0d11f268ecb4f5ee996900a22e09fda,7505.613,7505.0,5600,exact-open-set-id-v2,1788323312957279032,127,127,2049,16464,a2de680b8030b0c6a86e810cf1c952bfcb158c02ba156535b99581e1890fbdd9,5.12,
607,primary_test_impostor,1102,1990,primary_test_impostor,0,198,23,1018,0,False,,0,False,,0,,False,,8.041,4.1,32840,9847b9dafe68db46f67412c4656ffb5d66fc9a7056f75f8ca7bb0c2896fe0090,7422.274,7421.7,5600,exact-open-set-id-v2,1788323312957279032,127,127,2049,16464,8bf7a77f1f14e2e3c109aaf0428335d0d73c5e1ed0d10271b65166ccce1a6b53,4.876,
608,primary_test_impostor,1103,1991,primary_test_impostor,0,201,76,1066,0,False,,0,False,,0,,False,,4.888,0.47,32840,613e8064ca0978e215a009f62ec2c40e85b5503e4bbcdb799cfa364592360ccb,7484.647,7484.1,5600,exact-open-set-id-v2,1788323312957279032,127,127,2049,16464,fd63f941a18aee03003c629822063e0c2ea72f9f8e3f439b9441ff8b8c7890d0,5.382,
609,primary_test_impostor,1104,1992,primary_test_impostor,0,171,34,1028,0,False,,0,False,,0,,False,,4.651,0.41,32840,76ed2128aaf7193ae41a7e888385e40c83f6ddf9a46ecd3eac41e1b4c9707507,7466.841,7466.2,5600,exact-open-set-id-v2,1788323312957279032,127,127,2049,16464,85e0aa3042d9a58c67428d2acaa0897f39da7e7bf66761ff0ed16ecb80d67cdf,10.316,
610,primary_test_impostor,1105,1993,primary_test_impostor,0,133,78,1068,0,False,,0,False,,0,,False,,5.583,0.45,32840,277520f06267ee6504135e75750c31a6b27efa4cae095ae67ea056417200f237,8332.979,8332.3,5600,exact-open-set-id-v2,1788323312957279032,127,127,2049,16464,ddbcc3a2221c3c9af782fa6bc77d3551fe612da36f6e9dc0918833a35b44d4b7,6.032,
611,primary_test_impostor,1106,1994,primary_test_impostor,0,214,2,10,0,False,,0,False,,0,,False,,5.101,0.44,32840,eae9df706937bc10ae96bbf12ba134f0fd0b299a47f61e375d8bab3b14dfc0c4,7886.777,7886.2,5600,exact-open-set-id-v2,1788323312957279032,127,127,2049,16464,10d308d402f5c99f0c5b789fe13b147643f7cd5980a6311eb83c336d967e03bf,5.526,
612,primary_test_impostor,1107,1995,primary_test_impostor,0,212,20,1015,0,False,,0,False,,0,,False,,5.42,0.44,32840,9689910d97bd027932e1343a430cba7fd27a8ecb95681188d8a79fe4687109a0,8011.24,8010.6,5600,exact-open-set-id-v2,1788323312957279032,127,127,2049,16464,7d2d8eb904695d2da15622dba1493235e5256dddfef9104d383a6411e8b28f75,5.457,
613,primary_test_impostor,1108,1996,primary_test_impostor,0,222,2,10,0,False,,0,False,,0,,False,,4.645,0.41,32840,f9515d42ec0f478fce3cee3f7c7a6d3f584f082c786bbf73d08cdf1d1b015b47,7611.486,7610.9,5600,exact-open-set-id-v2,1788323312957279032,127,127,2049,16464,3adf78b6403bdbc1bfa4c64b9ee8e55f7f7de03444518bae6043608c8d5b49c8,5.622,
614,primary_test_impostor,1109,1997,primary_test_impostor,0,45,45,1038,0,False,,0,False,,0,,False,,4.362,0.42,32840,01a61f8f2602035517f0ae0c020ca93f8313bab576914768a96b55f0aba4c55d,7552.736,7552.1,5600,exact-open-set-id-v2,1788323312957279032,127,127,2049,16464,2b66f96cc750d49295f3190e7da2a58d71afd61d420d025abf4839b97e61cfde,5.188,
615,primary_test_impostor,1110,1998,primary_test_impostor,0,203,1,1,0,False,,0,False,,0,,False,,5.156,0.44,32840,80e5cf91add75e3770f3d1fa64bf5004247cfa83076536023cd682c7b1a7a3fb,7527.354,7526.8,5600,exact-open-set-id-v2,1788323312957279032,127,127,2049,16464,ee84e6fc0be09c882d0e8848621b6eeec1c1c7efbf6ba63efe86f543a147a563,4.837,
616,primary_test_impostor,1111,1999,primary_test_impostor,0,130,0,0,0,False,,0,False,,0,,False,,4.929,0.41,32840,4cc4fb954793a5f8d511a68a9c41f58abdc6070a80607fbfe416c1217ed8f912,7372.204,7371.5,5600,exact-open-set-id-v2,1788323312957279032,127,127,2049,16464,2adb3435d424ac1f4bce644173545dc3e900cf9d6e4dc5ed8cc282c341d08561,5.128,
617,primary_test_impostor,1112,2,primary_test_impostor,0,136,119,1104,0,False,,0,False,,0,,False,,4.33,0.43,32840,32965d21488e8def54453ae76bc472340408d53d47dbe64c389e60076e1c0df4,7500.178,7499.6,5600,exact-open-set-id-v2,1788323312957279032,127,127,2049,16464,2919ce029e628b87d31f0d9bc858a2d3ef50de605bed48aed3a098bce57baa18,5.249,
618,primary_test_impostor,1113,20,primary_test_impostor,0,224,2,10,0,False,,0,False,,0,,False,,5.588,0.44,32840,f773eb70b839efd4895a6ed3fcaa53d81f38cdaa11d7350882424a5ad5aa7d26,7640.694,7640.0,5600,exact-open-set-id-v2,1788323312957279032,127,127,2049,16464,53fb0df0be617a7015e8aa3bacded748c634d510a50c13b780a461237acbcc8a,5.834,
619,primary_test_impostor,1114,200,primary_test_impostor,0,158,80,107,0,False,,0,False,,0,,False,,5.208,0.43,32840,018006a4ee583b97fcdf507ebc4debfb9d3a7689d7afa9acf4f0e56df1698fc4,7312.683,7312.1,5600,exact-open-set-id-v2,1788323312957279032,127,127,2049,16464,3b0a7c64a9afc9b738d168a6bcfb0fb458546f2c068d2844df843e6371d4f44f,4.884,
620,primary_test_impostor,1115,201,primary_test_impostor,0,153,19,1014,0,False,,0,False,,0,,False,,4.742,0.42,32840,844bea1208c601e1ead3fa75d7de0f499913f1c00d86bdb3945edf23110e09d5,7478.697,7478.1,5600,exact-open-set-id-v2,1788323312957279032,127,127,2049,16464,6c437e8401c9cdb88a8e528e29d0458db09ed1a25ac4b3ffebc7145d2315d97f,5.212,
621,primary_test_impostor,1116,202,primary_test_impostor,0,269,32,1026,0,False,,0,False,,0,,False,,5.036,0.42,32840,66137c9da5045fa2743f31e273b7dc0807f62ae8f618092635b63a59f99399e7,7376.558,7376.0,5600,exact-open-set-id-v2,1788323312957279032,127,127,2049,16464,72525769de36523dddd329cf096a8267c11b4fa16c2d2746fab56afc043f8df0,5.231,
622,primary_test_impostor,1117,203,primary_test_impostor,0,144,48,1040,0,False,,0,False,,0,,False,,4.809,0.42,32840,9511607601c231cd8b0229c18ad4d1b379c271ed2b5b93ceecd5752a60180248,7316.298,7315.7,5600,exact-open-set-id-v2,1788323312957279032,127,127,2049,16464,b4cb4beb81a3eb0bea2accc39e425150d6aee5ad23133b312cc819fc83a296a7,5.096,
623,primary_test_impostor,1118,204,primary_test_impostor,0,154,17,1012,0,False,,0,False,,0,,False,,4.776,0.39,32840,a7dd61f9748ab158136fa7fa2aec48eb96ece9a9da6f7c107ee9552f82573be4,7361.26,7360.7,5600,exact-open-set-id-v2,1788323312957279032,127,127,2049,16464,4eb97f101a636861fcf35e81acdb1c5e773392a88d59e13fb73e3e3a8637e230,5.556,
624,primary_test_impostor,1119,205,primary_test_impostor,0,142,72,1062,0,False,,0,False,,0,,False,,5.186,0.43,32840,1642480cee807953129f93ffdbd1aa348e3b5360195b3dbaaac8eea26b9878e3,7579.098,7578.5,5600,exact-open-set-id-v2,1788323312957279032,127,127,2049,16464,323eca22c3b9faba66b9d496c19fa3498883aaa5b6b906a3c0ff5dd905680921,5.379,
625,primary_test_impostor,1120,206,primary_test_impostor,0,88,119,1104,0,False,,0,False,,0,,False,,5.104,0.44,32840,ecdd1e89f1e0171d70785ed1f0e97178027f7df8f22cfe3bb0615d909583ff6e,7540.885,7540.3,5600,exact-open-set-id-v2,1788323312957279032,127,127,2049,16464,ecda6889f8a07a0504ca6b5fcf4d37ca63cf4cec9ec846ee1ce13e01baebe3f9,5.535,
626,primary_test_impostor,1121,207,primary_test_impostor,0,276,100,1088,0,False,,0,False,,0,,False,,4.503,0.42,32840,abccd9c4d379542eb13b9407983a1299bc717371bc57e1029e5cdb378c6ee54d,7522.668,7522.0,5600,exact-open-set-id-v2,1788323312957279032,127,127,2049,16464,f2fc1290791139eaca4e8c67731c0d1026cc6e5e9744b951775b48558538c76d,5.785,
627,primary_test_impostor,1122,208,primary_test_impostor,0,182,100,1088,0,False,,0,False,,0,,False,,4.847,0.42,32840,c73c540e98157d96ff7e618b38025ebab42ad83f6fd20195c2c4bd2028b2de34,7416.482,7415.9,5600,exact-open-set-id-v2,1788323312957279032,127,127,2049,16464,2a1781fe2f516863be08639e8015668fc38db4ea45632f081d1874f400ee2204,4.755,
628,primary_test_impostor,1123,209,primary_test_impostor,0,12,50,1042,0,False,,0,False,,0,,False,,4.555,0.42,32840,ecb8ea0378e545a6f568e98832d48a825266a713d4c563c3dc393c27bca5c566,7428.195,7427.6,5600,exact-open-set-id-v2,1788323312957279032,127,127,2049,16464,b3244d723e2f5f26cca77e0f880ff63da5cab0a3764b04e0260a8fd6df96450a,5.751,
629,primary_test_impostor,1124,21,primary_test_impostor,0,124,125,111,0,False,,0,False,,0,,False,,4.951,0.41,32840,269fad69033328bce7178be6e685eb7f4707c4ef5bd03fe5a5ea77d14d6b640f,7445.501,7444.9,5600,exact-open-set-id-v2,1788323312957279032,127,127,2049,16464,864aefa70cc895843a976f310c3a7c5bcc49b6324e392d2126893d4bde92f22f,5.642,
630,primary_test_impostor,1125,210,primary_test_impostor,0,174,21,1016,0,False,,0,False,,0,,False,,5.556,0.45,32840,36abeb96bef6130f2765478e98ecf7a017ae56edf0516f797156ac7bcce0c927,7380.134,7379.5,5600,exact-open-set-id-v2,1788323312957279032,127,127,2049,16464,b70142ba53ff00999bd8d61c53b21057e1c4c465266c90c85d11fb3f7ef6bd6e,5.255,
631,primary_test_impostor,1126,211,primary_test_impostor,0,145,118,1103,0,False,,0,False,,0,,False,,5.242,0.46,32840,5e09a71e84d0a5947c758ef7ff3a8ab5a09fa247834ec693241292eb91e796db,7363.795,7363.2,5600,exact-open-set-id-v2,1788323312957279032,127,127,2049,16464,d1d798ca7542dc1f5dca28f706785b332a8442ea5616a926e8435dda0da48c55,5.154,
