sequence,suite,probe_index,probe_name,cohort,repetition,clear_min_score,clear_argmin_index,clear_argmin_name,clear_match_count,expected_authorized,expected_index,expected_code,actual_authorized,actual_index,actual_code,actual_name,discrepancy,error,encrypt_wall_ms,encrypt_reported_ms,probe_ciphertext_bytes,probe_ciphertext_sha256,http_wall_ms,server_reported_ms,pbs,varco_contract,output_epoch,output_revision,output_gallery_size,output_lwe_size,result_ciphertext_bytes,result_ciphertext_sha256,decrypt_wall_ms,decrypt_reported_ms
0,historical_frontier,265,1236,tuning_impostor,0,2,17,1012,1,True,17,18,True,17,18,digiface-17-1012,False,,5.344,0.37,32840,ad106967224ea96c265d70789bb529cbd1de43eb6a455d565f51033254ec540f,7360.155,7359.7,5600,exact-open-set-id-v2,1788060185971486280,127,127,2049,16464,c555f2872349264e1e21a9761bd7d5ccdbb29f18a02a4912c40d5e920b64dbe9,4.962,
1,historical_frontier,758,1680,primary_test_impostor,0,3,45,1038,1,True,45,46,True,45,46,digiface-45-1038,False,,4.498,0.41,32840,849446e7e87d92390cf96009fc576fa7862765ced65765cc6184a62b613ab819,7296.713,7296.1,5600,exact-open-set-id-v2,1788060185971486280,127,127,2049,16464,d387a5e10351c564a70cc35adf5c27959ddb0f6201e6e42d170a4a9e9cf8b65c,5.834,
2,historical_frontier,211,1188,tuning_impostor,0,4,92,1080,1,True,92,93,True,92,93,digiface-92-1080,False,,4.798,0.41,32840,6f059a13830e0a22c7e19b0825e856e43f0b8b3a341e3002535d33cdb4f68d75,7458.804,7458.1,5600,exact-open-set-id-v2,1788060185971486280,127,127,2049,16464,d134b4872892c740580560376e84748ee3f8f8820fd68eabe330eb40587f5fdb,5.378,
3,historical_frontier,1943,948,extended_holdout_non_tuning_impostor,0,5,82,1071,0,False,,0,False,,0,,False,,4.793,0.4,32840,111522616e9a938e36dccec9c11e7705a36ff3afc2c8080b2703d6dad8ac43aa,7336.837,7336.2,5600,exact-open-set-id-v2,1788060185971486280,127,127,2049,16464,5ad426a2e71880c0e39932eb4ad6b9bfa0b88e4ea912c18fb10f41fbfa63fc1f,5.196,
4,historical_frontier,407,1364,tuning_impostor,0,7,81,1070,0,False,,0,False,,0,,False,,4.67,0.4,32840,8e7100a91d701126b445a735456977681297c2de825e9a10d4852107a54b2c4a,7374.397,7373.8,5600,exact-open-set-id-v2,1788060185971486280,127,127,2049,16464,7ad4477bdd67b6fec7c1b1a61e6acb664f59f4f736608b45eead1df359ff3235,5.075,
5,primary_genuine,0,0,genuine,0,-350,0,0,1,True,0,1,True,0,1,digiface-0-0,False,,5.053,0.41,32840,c119407a7648b8e49783d5fdcf87658feeca5246d46df0252bfb0e10e2301a11,7574.118,7573.5,5600,exact-open-set-id-v2,1788060185971486280,127,127,2049,16464,1879df62bd152ca62b0d8059fdda15ce27de8daf282ba630bd9f74b43eb3319a,6.267,
6,primary_genuine,1,1,genuine,0,-345,1,1,1,True,1,2,True,1,2,digiface-1-1,False,,5.319,0.42,32840,2728eb0c0611eb60b30a6df7c783646d2c94c3604d002ff77e849a3e6168408f,7420.132,7419.5,5600,exact-open-set-id-v2,1788060185971486280,127,127,2049,16464,bc7b20e10b31a15dbc71ae3a64b87410c05ef920db5470f0b3720f1480c927ca,5.475,
7,primary_genuine,2,10,genuine,0,-352,2,10,1,True,2,3,True,2,3,digiface-2-10,False,,5.924,0.41,32840,d0485f51946bc08f09f4e53da10d288d0dc31eaba0aea701f1ae74fb6baf6847,7329.199,7328.5,5600,exact-open-set-id-v2,1788060185971486280,127,127,2049,16464,3663815910f8c07f43740443c1934ce21b1109079a527f5897aab20ec09dfe49,5.036,
8,primary_genuine,3,100,genuine,0,-310,3,100,1,True,3,4,True,3,4,digiface-3-100,False,,4.956,0.44,32840,16b3dde9bdb74aa6f2b3c94c97016b8afcbb95d5475adeafadd92f99d3745c8c,7252.41,7251.7,5600,exact-open-set-id-v2,1788060185971486280,127,127,2049,16464,7c21fae7f753fc41514693f8a202d40a6e03f884d5082ba5ef198d7c78ada3f2,5.191,
9,primary_genuine,4,1000,genuine,0,-290,4,1000,1,True,4,5,True,4,5,digiface-4-1000,False,,4.622,0.39,32840,0d7ba210886a0058dccc53a144da2953fd49e2133a9de4d8a69a17ef20fdff7a,7455.818,7455.1,5600,exact-open-set-id-v2,1788060185971486280,127,127,2049,16464,2c4785cef23e876855983de2897985af764c8aaee911bd5e29e0f4d037c2e5fd,5.108,
10,primary_genuine,5,1001,genuine,0,-374,5,1001,1,True,5,6,True,5,6,digiface-5-1001,False,,4.924,0.4,32840,41260046baa8315c1418fcef018e3405872151f0825415513acbfc96344e01b6,7414.48,7413.9,5600,exact-open-set-id-v2,1788060185971486280,127,127,2049,16464,007a608141c7ce8b11e5cc43365b78f74e4025aa27d7b01edae885627a101ff4,5.225,
11,primary_genuine,6,1002,genuine,0,-298,6,1002,1,True,6,7,True,6,7,digiface-6-1002,False,,4.578,0.4,32840,1dedc8fdc2bc25f77c15e834608d164cd347a6f7641d9bb173ad473ca4308ff6,7762.381,7761.6,5600,exact-open-set-id-v2,1788060185971486280,127,127,2049,16464,8aefd67fc837ea20f77ac69042753a23574c624aced0e647c36003746cecd381,5.602,
12,primary_genuine,7,1003,genuine,0,-234,7,1003,1,True,7,8,True,7,8,digiface-7-1003,False,,5.057,0.41,32840,65599b17b5ed5ace97384a379bdf661c1de33c77cb94ed91d5eb566ce1419912,7706.611,7705.9,5600,exact-open-set-id-v2,1788060185971486280,127,127,2049,16464,2fb499edd78cb2f6cb3f9210fc8593a38f76d09db7912cd819195bea73ee13c3,5.716,
13,primary_genuine,8,1004,genuine,0,-310,8,1004,1,True,8,9,True,8,9,digiface-8-1004,False,,4.38,0.44,32840,2ee0f03c3ea9bd57e2598ba8fc7bc339b948a4ddfd173b2670f1516a0f3111f4,7862.162,7861.5,5600,exact-open-set-id-v2,1788060185971486280,127,127,2049,16464,dfaa4753ffd2ca7a137eb02c127bc7d7f2ab5b65a974591e5c7743ff2021e2db,4.921,
14,primary_genuine,9,1005,genuine,0,-227,9,1005,1,True,9,10,True,9,10,digiface-9-1005,False,,4.795,0.44,32840,ef98929e73f54f43b4958868330e83be69eb93f44058bd3e9fe2caf41e0178ee,7802.939,7802.4,5600,exact-open-set-id-v2,1788060185971486280,127,127,2049,16464,e1500bc57b7b6825e4435ee6440ccfb7e097cf92db9c7321a8346c96fcce4d61,4.98,
15,primary_genuine,10,1006,genuine,0,-234,10,1006,1,True,10,11,True,10,11,digiface-10-1006,False,,4.809,0.4,32840,84c60c73ad08f63d1e303aaa825b5aacd7fa89b0dd96aa75c1ea5f5e3bcbb825,7737.363,7736.8,5600,exact-open-set-id-v2,1788060185971486280,127,127,2049,16464,93f7145d6f9150a9afea765c7177773b444072f9420f43290425dcce99f6a467,5.204,
16,primary_genuine,11,1007,genuine,0,-282,11,1007,1,True,11,12,True,11,12,digiface-11-1007,False,,4.575,0.41,32840,e6da5d814dcae8b2e9759fe40f31de2e796028d11c61f69b3874ecf1a3b6007f,7711.612,7711.0,5600,exact-open-set-id-v2,1788060185971486280,127,127,2049,16464,408673b3cc4961a68d7e691fb73f1fa0e0ac8b44110f20024725ad0eb80a6e6e,4.709,
17,primary_genuine,12,1008,genuine,0,-319,12,1008,1,True,12,13,True,12,13,digiface-12-1008,False,,4.948,0.39,32840,dd352bfe9375a6bfba25017c8e927bf36d795bbb371a048291b47b7a0a6328b9,7525.379,7524.8,5600,exact-open-set-id-v2,1788060185971486280,127,127,2049,16464,5b7bc1f4dfe57af3671b29811989d9282fbe234077ee94d388ce73b13be4913d,5.585,
18,primary_genuine,13,1009,genuine,0,-243,13,1009,1,True,13,14,True,13,14,digiface-13-1009,False,,4.874,0.4,32840,ee6cdc8a5f4ccd9995996b71c306e4f584d7372a38952ba2f13ead082302b395,7390.327,7389.7,5600,exact-open-set-id-v2,1788060185971486280,127,127,2049,16464,f170054092397267485cf15a36c0f71aee6dffcde2c0e3b86c2ddac8770863f2,5.406,
19,primary_genuine,14,101,genuine,0,-298,14,101,1,True,14,15,True,14,15,digiface-14-101,False,,4.687,0.39,32840,16a7e015a53f4adc748ee58f7fd946607ed8f1fbbf19d9df11aeb467429a724d,7392.839,7392.1,5600,exact-open-set-id-v2,1788060185971486280,127,127,2049,16464,7fdb840295f18c22399019b7b41c767e226066c1da9f8385793006cd16b49a7a,5.954,
20,primary_genuine,15,1010,genuine,0,-156,15,1010,1,True,15,16,True,15,16,digiface-15-1010,False,,5.061,0.4,32840,32f93137531a7a02df3ec48026e6ffb115f21ca46fb532bf3acd432ff9144c96,7440.06,7439.4,5600,exact-open-set-id-v2,1788060185971486280,127,127,2049,16464,e9dc55ea4c780370b00a5381fbe791909f87a7b4d07b7f87971ad5f0a6f20e96,4.842,
21,primary_genuine,16,1011,genuine,0,-408,16,1011,1,True,16,17,True,16,17,digiface-16-1011,False,,4.447,0.41,32840,417f2e90aaa852539e856474b6880c99cb2a754f9a5ed0db3d3dae78bc1ba11a,7605.417,7604.8,5600,exact-open-set-id-v2,1788060185971486280,127,127,2049,16464,777d024938f74f735793da4fc30c9f13eb24edf15af6429f3d3d951e3ee125fb,5.02,
22,primary_genuine,17,1012,genuine,0,-104,17,1012,2,True,17,18,True,17,18,digiface-17-1012,False,,4.465,0.42,32840,5634205779463d39edc5e8e60740fff481d8e44c906bee5073503d5b08a33461,7358.351,7357.7,5600,exact-open-set-id-v2,1788060185971486280,127,127,2049,16464,556008b1af71b010268c2f36c895758c09c8060324e9950e50216bd9838ff1a0,5.166,
23,primary_genuine,18,1013,genuine,0,-304,18,1013,1,True,18,19,True,18,19,digiface-18-1013,False,,4.775,0.4,32840,ab35741d28aafb3c42422f5aecdac825820ccad8874d610638995d3307119cc3,7514.969,7514.1,5600,exact-open-set-id-v2,1788060185971486280,127,127,2049,16464,0d2276677a17fc73cebe01f13abbd15bc6dce32aab25b58b513d134435440558,5.647,
24,primary_genuine,19,1014,genuine,0,-281,19,1014,1,True,19,20,True,19,20,digiface-19-1014,False,,4.325,0.39,32840,99fa3259579f3d3e486b77412a52aa74b1de1befaf5a9520f59b9a72f00f1e16,7382.611,7382.0,5600,exact-open-set-id-v2,1788060185971486280,127,127,2049,16464,7f84545509fcdfa85ff26b7ba8e48dbf8488e43a28a1896e6d770ede7ef0eaac,5.001,
25,primary_genuine,20,1015,genuine,0,-356,20,1015,1,True,20,21,True,20,21,digiface-20-1015,False,,4.102,0.39,32840,784e756b98b183bac1c4b87e91fff796422941bfa836c7346edd53bd44ea3eaa,7314.116,7313.6,5600,exact-open-set-id-v2,1788060185971486280,127,127,2049,16464,7f1e673a48fd79867d09ff185493b4d8e24b537d5cf24d809d4663ff965a205b,5.774,
26,primary_genuine,21,1016,genuine,0,-342,21,1016,1,True,21,22,True,21,22,digiface-21-1016,False,,5.63,0.46,32840,2b7c97fa72b01f6635ddcd057a2c60022ef3718a6fa7202639b59b635a5f8bfa,7300.418,7299.9,5600,exact-open-set-id-v2,1788060185971486280,127,127,2049,16464,d6dfd8ee691e34d4943a6075c91cd8f795955469136ba6cc2636f2212deffbe5,5.128,
27,primary_genuine,22,1017,genuine,0,-99,22,1017,1,True,22,23,True,22,23,digiface-22-1017,False,,4.213,0.42,32840,6af0492dd9e9cd0c8c7863a6ec872105019d17fe6dc0af51b2b6587d431cede1,7386.73,7386.0,5600,exact-open-set-id-v2,1788060185971486280,127,127,2049,16464,b051dbe47681979da8af8ab041d66534fdd93bb75d13fdaece779cff304ee397,5.164,
28,primary_genuine,23,1018,genuine,0,-246,23,1018,1,True,23,24,True,23,24,digiface-23-1018,False,,4.067,0.42,32840,555ebf2afff164019355a95b0743f65f105af527949adcfa0affd9d138dc89e2,7585.242,7584.6,5600,exact-open-set-id-v2,1788060185971486280,127,127,2049,16464,9c52609d439608d0893500cdda872f2c086dcf10d5b80c43c80db56c28d04149,5.201,
29,primary_genuine,24,1019,genuine,0,-367,24,1019,1,True,24,25,True,24,25,digiface-24-1019,False,,5.119,0.43,32840,acc1c1b0d5dd05d8a8377f8c07654d2b1c5e160ea081dcaab6e2eb09192d02c1,8416.033,8415.3,5600,exact-open-set-id-v2,1788060185971486280,127,127,2049,16464,8f8e7e516a7954518812bd1ad45b6a659fc89f92a9254a8d39ff1d7b9804d5b4,5.557,
30,primary_genuine,25,102,genuine,0,-321,25,102,1,True,25,26,True,25,26,digiface-25-102,False,,5.038,0.43,32840,e02d2595bfe880e479451ddb9ee2b4676d6d85a6db85047805122e6a6c86e678,8644.711,8644.0,5600,exact-open-set-id-v2,1788060185971486280,127,127,2049,16464,c0fbaf7553026676f6a5c5465ff841e5d9e21f582bef8465da523bd189d54652,4.928,
31,primary_genuine,26,1020,genuine,0,-410,26,1020,1,True,26,27,True,26,27,digiface-26-1020,False,,5.242,0.47,32840,646cefb6e3a4da65d668f29e2201cb49addac71b6d16bd33bebfdd1ef22f2ca1,7781.379,7780.7,5600,exact-open-set-id-v2,1788060185971486280,127,127,2049,16464,53b14d8f0f50be147d3db27ec6497bc20ce31e8d4f4f38b1fea3997c5915fbf1,5.05,
32,primary_genuine,27,1021,genuine,0,-264,27,1021,1,True,27,28,True,27,28,digiface-27-1021,False,,5.015,0.42,32840,28e2b28fc6d8a270b17ff5b556cfc6d23a959f8b3cbc0676f92e4f1a7c836d7d,7723.576,7722.9,5600,exact-open-set-id-v2,1788060185971486280,127,127,2049,16464,7c4203afcda699fb3c20f0e06ea28acd7a84c947d650dab2bbfe8caf0f47fa24,4.664,
33,primary_genuine,28,1022,genuine,0,-320,28,1022,1,True,28,29,True,28,29,digiface-28-1022,False,,4.443,0.43,32840,42b168ae948368415de6a457f6af6583c188796b599aca7c71eb7d1298d78331,7496.44,7495.7,5600,exact-open-set-id-v2,1788060185971486280,127,127,2049,16464,8543f2919056b65574e0549e8b2771ea0151685458d7661e7a43259b09131247,4.831,
34,primary_genuine,29,1023,genuine,0,-303,29,1023,1,True,29,30,True,29,30,digiface-29-1023,False,,4.555,0.41,32840,da6d8f64b3e57f5ecaa793c7572a31c6312d87f91f1819b54c92f8f61fd4aa44,7476.013,7475.3,5600,exact-open-set-id-v2,1788060185971486280,127,127,2049,16464,54c4a2be133580ad681da8233202434412b765afa1a2b878e506b5702a4ac9f7,4.533,
35,primary_genuine,30,1024,genuine,0,-178,30,1024,1,True,30,31,True,30,31,digiface-30-1024,False,,4.584,0.42,32840,c65e11b177bdd2d4771b3822f61e52c2abf8aad988fe8cbaabff56f1ddf4b010,7456.799,7456.2,5600,exact-open-set-id-v2,1788060185971486280,127,127,2049,16464,a474f34f09653fb2fcac1af043596fa5067df6bcbca96f1041c307496b9bf377,5.116,
36,primary_genuine,31,1025,genuine,0,-159,31,1025,1,True,31,32,True,31,32,digiface-31-1025,False,,4.32,0.41,32840,8e0e8ec2f813e9571737e373b4c9359339bd4f30853062159db6f75c580d7c11,7328.711,7328.2,5600,exact-open-set-id-v2,1788060185971486280,127,127,2049,16464,a54fe725f9e45cd3cd112a104116816c989a05fa5335aa2c95e021b95b5e4890,4.893,
37,primary_genuine,32,1026,genuine,0,-263,32,1026,1,True,32,33,True,32,33,digiface-32-1026,False,,4.304,0.4,32840,edac83e1a514469f23131f00492ecc0ec362769c72fe9a8c88321a9a15e94290,7592.7,7592.0,5600,exact-open-set-id-v2,1788060185971486280,127,127,2049,16464,911a8fce84120215782d0960e8fe56da6ae95d94b394c2fae11fb5ae42c5b02d,5.297,
38,primary_genuine,33,1027,genuine,0,-270,33,1027,1,True,33,34,True,33,34,digiface-33-1027,False,,5.425,0.46,32840,4432c6e5b3c9d2a6de52ddb2900fd5ed68ba32166bc32077c54e7c5e2719528c,8157.021,8156.2,5600,exact-open-set-id-v2,1788060185971486280,127,127,2049,16464,bce1997df21e285361000d6574a4e6b61e5128f07d3b3634b0acf99a74228afb,5.967,
39,primary_genuine,34,1028,genuine,0,-337,34,1028,1,True,34,35,True,34,35,digiface-34-1028,False,,5.364,0.4,32840,71d760205cd7ef993fac6aff4763c438da9b0d0c40cce56c97d7492e936f5e78,7377.37,7376.7,5600,exact-open-set-id-v2,1788060185971486280,127,127,2049,16464,b03f5c2bc114d2c3c143a6acf29a6cd17c00fcc8ffb0bdb64c5adb621699d67d,4.644,
40,primary_genuine,35,1029,genuine,0,-254,35,1029,1,True,35,36,True,35,36,digiface-35-1029,False,,4.459,0.4,32840,6b65991a7f19e40125abbcf14184e6360926a26aade3056686eb7df0420f68e0,7295.464,7294.9,5600,exact-open-set-id-v2,1788060185971486280,127,127,2049,16464,cbe52348471727ffb35e64f0957542f5137fe00a82c8fdadb91f1cfde1007307,4.734,
41,primary_genuine,36,103,genuine,0,-340,36,103,1,True,36,37,True,36,37,digiface-36-103,False,,4.055,0.4,32840,5a1a162e323029da67161e11b0f4e1ac8481f17066ad7ec2f07b2ca20f6e32d6,7370.501,7369.9,5600,exact-open-set-id-v2,1788060185971486280,127,127,2049,16464,7f18704f43d6e7cbd242245cb9e1ad9714ba51a088e84140ec617dd0714fbc14,4.705,
42,primary_genuine,37,1030,genuine,0,-225,37,1030,1,True,37,38,True,37,38,digiface-37-1030,False,,4.802,0.44,32840,237d7fb6a04973d73bea9cdee6ce668995ba1ef53dfe9be910bfe1cff3fa4507,7488.407,7487.8,5600,exact-open-set-id-v2,1788060185971486280,127,127,2049,16464,93c0e667032bd53c207e4d545a4aecc6e35b7f8476c5c09d91327c68ecf29e6e,4.85,
43,primary_genuine,38,1031,genuine,0,-261,38,1031,1,True,38,39,True,38,39,digiface-38-1031,False,,4.316,0.42,32840,9cea4faf0f87cf90341b617efee97ea416c0470b10fdda3b94b6d07794f80017,7526.735,7526.1,5600,exact-open-set-id-v2,1788060185971486280,127,127,2049,16464,12be8819afd3b8a310d43bd38cb45e38c51b96bafd589e85b45a87bac951c29d,5.092,
44,primary_genuine,39,1032,genuine,0,-434,39,1032,1,True,39,40,True,39,40,digiface-39-1032,False,,4.678,0.39,32840,e8d01d7976889c723cdd3ae23a4d6bffab4f5de62acff6399d8fac8bda5f97b6,7505.218,7504.6,5600,exact-open-set-id-v2,1788060185971486280,127,127,2049,16464,fce17beb5db84fa3e0886a68e4d18dbaa96dfacc3c262b11bead0c34bb4cd22c,6.429,
45,primary_genuine,40,1033,genuine,0,-291,40,1033,1,True,40,41,True,40,41,digiface-40-1033,False,,3.905,0.4,32840,a7df703d2cade792fde888149f64b453b6e23f65a70357136de18a2bd6d9a166,7469.943,7469.3,5600,exact-open-set-id-v2,1788060185971486280,127,127,2049,16464,8ccf4d2554b24626eeebb59ef591f8961c85d46947601804bb58f7896685e3f1,4.766,
46,primary_genuine,41,1034,genuine,0,-256,41,1034,1,True,41,42,True,41,42,digiface-41-1034,False,,3.97,0.38,32840,3cea89ba503da4cff9556beb7ae51175ebbdc5d372253465fb1120d457ec695d,7358.724,7358.1,5600,exact-open-set-id-v2,1788060185971486280,127,127,2049,16464,3b9bfb15e383969630c4ceea87d7f2611e23417505537c2e956c228ac333f38a,4.9,
47,primary_genuine,42,1035,genuine,0,-390,42,1035,1,True,42,43,True,42,43,digiface-42-1035,False,,5.264,0.43,32840,7e6c81d49f444c99bd58463edf0a236cd1a1f50862af168210def48b900766d0,7394.134,7393.5,5600,exact-open-set-id-v2,1788060185971486280,127,127,2049,16464,eae18db888174989547946a01a8e64dfee27265eeb40ba05d78722888d5fdc21,5.207,
48,primary_genuine,43,1036,genuine,0,-271,43,1036,1,True,43,44,True,43,44,digiface-43-1036,False,,4.604,0.39,32840,6c2fac8c4edbd0f791055065d63b1bf0977756affb5390afb05eb2616c635f19,7449.528,7448.9,5600,exact-open-set-id-v2,1788060185971486280,127,127,2049,16464,551eeaa5123790b7ee3f1f9d55f67049b4868f351f402307f7c75bb212804c71,5.775,
49,primary_genuine,44,1037,genuine,0,-241,44,1037,1,True,44,45,True,44,45,digiface-44-1037,False,,4.608,0.4,32840,ae7c4814c7130a6e3222e50968bdd52806d9d02ab6feec0693e89399beb068f7,7570.71,7570.2,5600,exact-open-set-id-v2,1788060185971486280,127,127,2049,16464,e361ed0406459de1d602e93a255b4580a72d9d76476365b6a412f111bfa1d63d,4.999,
50,primary_genuine,45,1038,genuine,0,-291,45,1038,1,True,45,46,True,45,46,digiface-45-1038,False,,5.478,0.45,32840,99aea449ac0b93a8dca41516792a5813cc88eb09fb10912c7d549663cad51e97,7596.63,7596.0,5600,exact-open-set-id-v2,1788060185971486280,127,127,2049,16464,e94afb4634185149c7042c70673fe8732b2acac3cf62a33ff8bf58ca2e1aa2df,5.911,
51,primary_genuine,46,1039,genuine,0,-320,46,1039,1,True,46,47,True,46,47,digiface-46-1039,False,,5.612,0.42,32840,045eb1fe76f57ef41a39de483d41bb2143c020726501580b2a241322e95d0245,7754.361,7753.8,5600,exact-open-set-id-v2,1788060185971486280,127,127,2049,16464,41347c7cd88a1be0b055bab80adaf20e0b8a87a159ae88b4d63bf2ae2e3c9851,5.812,
52,primary_genuine,47,104,genuine,0,-320,47,104,1,True,47,48,True,47,48,digiface-47-104,False,,5.387,0.43,32840,91900f5094c9fc00988bcf5574568e4c7a053e5503eff5641a257ac3e817260e,7679.521,7679.0,5600,exact-open-set-id-v2,1788060185971486280,127,127,2049,16464,aa4e12ffc089915ec717e4e9e6363e7d70e29e5c65d2187ee112044efae4d858,5.891,
53,primary_genuine,48,1040,genuine,0,-166,48,1040,1,True,48,49,True,48,49,digiface-48-1040,False,,5.287,0.44,32840,df3b629f2ed21b8c38d8c4240d99403db4967a7e0e9ffca1969d41e5755f0342,7992.559,7992.0,5600,exact-open-set-id-v2,1788060185971486280,127,127,2049,16464,0fcdc1efa690b2d515905f90ce4705c766d5c495f88a23ff35c411fa8a725d81,5.185,
54,primary_genuine,49,1041,genuine,0,-14,49,1041,1,True,49,50,True,49,50,digiface-49-1041,False,,5.582,0.47,32840,2af89eb13779d66210f5e902548dbd37197626ec87c7160eca9ef5df52a7fad5,7826.686,7826.2,5600,exact-open-set-id-v2,1788060185971486280,127,127,2049,16464,826d310f987780b090201060d000de00bcb3b77df3beea734b4243acca154002,4.809,
55,primary_genuine,50,1042,genuine,0,-372,50,1042,1,True,50,51,True,50,51,digiface-50-1042,False,,4.671,0.41,32840,5e5cf4de3391f50d57cf56c2abec0f5eca3e27c028a984cae26420a0185cca1f,7561.685,7561.1,5600,exact-open-set-id-v2,1788060185971486280,127,127,2049,16464,553790a4dfa2dfff3dc55821e38875108ab33078c3f9dfca214ad67580b24b7e,5.184,
56,primary_genuine,51,1043,genuine,0,-369,51,1043,1,True,51,52,True,51,52,digiface-51-1043,False,,4.448,0.4,32840,6b3ec14599f2edeb94ddc60a34408056efd051ec6f36b2a456c6324d4b7e34d7,7511.64,7511.1,5600,exact-open-set-id-v2,1788060185971486280,127,127,2049,16464,56d440d748405d2388776effa8f64607945b0dedb7e668ebb57bceac25fcc823,5.366,
57,primary_genuine,52,1044,genuine,0,-301,52,1044,1,True,52,53,True,52,53,digiface-52-1044,False,,5.267,0.42,32840,8b12dae6972f18ddcc5a13f510a948d40f08a890ad7eddffbb4cc4ee059ef137,7399.402,7398.7,5600,exact-open-set-id-v2,1788060185971486280,127,127,2049,16464,5fe6e0292c3765bd5cdee24c81c8043d9431c16740fa4081fc146ce80f11f775,5.137,
58,primary_genuine,53,1045,genuine,0,-305,53,1045,1,True,53,54,True,53,54,digiface-53-1045,False,,5.25,0.43,32840,cba43d95c484c9f66f69f5cbd76b06e7ad05eb420f6b6edb4e5d7068841c5037,7319.718,7319.2,5600,exact-open-set-id-v2,1788060185971486280,127,127,2049,16464,9e4ca1728417764c692f8376e5f0e414526a004c95089ee447d16137c9f140e1,4.842,
59,primary_genuine,54,1046,genuine,0,-376,54,1046,1,True,54,55,True,54,55,digiface-54-1046,False,,4.949,0.43,32840,6865d8b82dc330a9ec4ceefb6e8699fef5e96afba872f342f8d9595744bb9aef,7363.821,7363.2,5600,exact-open-set-id-v2,1788060185971486280,127,127,2049,16464,55e340ef265bb5e98c02131d23cbbba25f883219dc7f0cf398cb88acdad2928c,4.595,
60,primary_genuine,55,1047,genuine,0,-374,55,1047,1,True,55,56,True,55,56,digiface-55-1047,False,,4.46,0.4,32840,31a441d754e23236f0c81995e0c9029ca1dea111b3dee99343d9227d761a1039,7437.131,7436.6,5600,exact-open-set-id-v2,1788060185971486280,127,127,2049,16464,1d51c2615e26be74b41f49bca50ec454bc5f4bddfdcb4de220cedff46e36a8ba,5.82,
61,primary_genuine,56,1048,genuine,0,-373,56,1048,1,True,56,57,True,56,57,digiface-56-1048,False,,4.623,0.4,32840,10ca58d448f9ceb5fe07c692eacd7f59a3f21f22a3c7e2461dc1c9579566254d,8527.395,8526.8,5600,exact-open-set-id-v2,1788060185971486280,127,127,2049,16464,1acff4e5d1eddfc31fa195815eae98c87e979f6f4d8c3861182fb8cf1f2d18e1,5.537,
62,primary_genuine,57,1049,genuine,0,-46,57,1049,1,True,57,58,True,57,58,digiface-57-1049,False,,5.682,0.45,32840,6a0e8c2c80fc27c09ddc89fb37390e56e2a2b9abac638a4d4f21541e8e2cf90b,8436.054,8435.5,5600,exact-open-set-id-v2,1788060185971486280,127,127,2049,16464,8286d88ba89f3bf3de9832b288120ecd75a6c28ef2d52d4c54992b10eb2a6b41,4.985,
63,primary_genuine,58,105,genuine,0,-359,58,105,1,True,58,59,True,58,59,digiface-58-105,False,,5.153,0.42,32840,56a70505c31939c4fbe63f0e718f619d401056bcc66ba765542a1e92c48db77a,7686.334,7685.7,5600,exact-open-set-id-v2,1788060185971486280,127,127,2049,16464,f9bf086b598da6d9b4517c06b1a7b192dd8de090ff88316ab0574f34636f24d9,4.627,
64,primary_genuine,59,1050,genuine,0,-299,59,1050,1,True,59,60,True,59,60,digiface-59-1050,False,,5.204,0.43,32840,85d6844632d82ac768ed08fd07e74374570130fb5e01e5720ef3007fa9b86f22,7612.918,7612.4,5600,exact-open-set-id-v2,1788060185971486280,127,127,2049,16464,4bbef7c781cb1a6a489afc2abe29d08d625169d9c6ed3428ce9338c8f4ab8a31,4.941,
65,primary_genuine,60,1051,genuine,0,-372,60,1051,1,True,60,61,True,60,61,digiface-60-1051,False,,4.437,0.39,32840,d99570a8857f90ef935af5c653fd07fc07ed2ef1ffe87b7d7794046e6f165923,7476.507,7475.9,5600,exact-open-set-id-v2,1788060185971486280,127,127,2049,16464,62e548e64de60bc558ae88520482c7bb50649daf6ce3f7696eb1a4315698433f,5.062,
66,primary_genuine,61,1052,genuine,0,-348,61,1052,1,True,61,62,True,61,62,digiface-61-1052,False,,4.512,0.42,32840,11cae25f8e7ca5b0303d1266a41c308a83f6d98d85235a9b5c384f6eb4911768,7391.185,7390.6,5600,exact-open-set-id-v2,1788060185971486280,127,127,2049,16464,222bec880a75ba590acdba1ac448ec895be9ed5cb45f068c9110655b47887acc,4.873,
67,primary_genuine,62,1053,genuine,0,-392,62,1053,1,True,62,63,True,62,63,digiface-62-1053,False,,5.553,0.43,32840,67859dfe37946f4b3fd0fb963bc80089f5198cd458863571e98beb773c85eb91,7352.504,7351.9,5600,exact-open-set-id-v2,1788060185971486280,127,127,2049,16464,fb10bcd30ae033e4fbbef3003cc1db5a08043fa38454ae2067c16e50c2b399cb,5.158,
68,primary_genuine,63,1054,genuine,0,-281,63,1054,1,True,63,64,True,63,64,digiface-63-1054,False,,4.362,0.37,32840,aaf148ddb8a1a1ee6fb1fd60dc9574dbe5e2e069266bffc8588755ac0b399f8f,7560.447,7559.8,5600,exact-open-set-id-v2,1788060185971486280,127,127,2049,16464,6ee4ed2fc4a5f20bf4c04f8cb3080b310db9f55f19313fd6cd65f560110f1656,5.067,
69,primary_genuine,64,1055,genuine,0,-349,64,1055,1,True,64,65,True,64,65,digiface-64-1055,False,,4.397,0.38,32840,ca3ff85e2e8b82320ea0fd41b49003ca2a6081de6624ad8ecc3a7d86afba34c5,7390.107,7389.5,5600,exact-open-set-id-v2,1788060185971486280,127,127,2049,16464,c8981c918aad8300adb29910252de6bcba053fdd5e9e0bf901f066c7b9bcf550,4.479,
70,primary_genuine,65,1056,genuine,0,-181,65,1056,1,True,65,66,True,65,66,digiface-65-1056,False,,4.203,0.39,32840,8ec60b61c8501533ca73114bc6613f1852fd7e61ef0608625a5e56658abfdf7b,7360.288,7359.7,5600,exact-open-set-id-v2,1788060185971486280,127,127,2049,16464,ecf7ea29e78cbc9fbf6fd31f3ee1d2c835f50de2873580f9257b9f674d552900,4.896,
71,primary_genuine,66,1057,genuine,0,-331,66,1057,1,True,66,67,True,66,67,digiface-66-1057,False,,4.767,0.43,32840,d5c6f6a4cd4c3b4cc81bc08e49f82c71fbd7db821089df09b0a039d448ff8d2c,7448.906,7448.3,5600,exact-open-set-id-v2,1788060185971486280,127,127,2049,16464,22dd7fb66e96008f720c6514775181245830c6a208b91521b3ae9ad2a422e474,5.198,
72,primary_genuine,67,1058,genuine,0,-233,67,1058,1,True,67,68,True,67,68,digiface-67-1058,False,,4.679,0.43,32840,ea30de06087b41d4176fa550917e58bd9a1ff449e165c8a4eb17014735f517bd,7427.276,7426.6,5600,exact-open-set-id-v2,1788060185971486280,127,127,2049,16464,223fbacd61ae220b9ddaebbcd39b285b2289eefc52a7278b94d8983274a1b6b9,5.479,
73,primary_genuine,68,1059,genuine,0,-341,68,1059,1,True,68,69,True,68,69,digiface-68-1059,False,,4.479,0.4,32840,e6d40ab86f822e95495fbcf744a1b5338cc5ebd641e1815ea4fd3841655b9037,7386.077,7385.5,5600,exact-open-set-id-v2,1788060185971486280,127,127,2049,16464,f2b09a79a8d36ef57eed4093b56e4a2a230a728bdc11039dffedff6b9e55ec13,5.444,
74,primary_genuine,69,106,genuine,0,-126,69,106,1,True,69,70,True,69,70,digiface-69-106,False,,3.97,0.38,32840,6670215ddb5fedeb2ea98ff03670a4b826b45199c6aa1576ce4236a043067cc9,7422.915,7422.3,5600,exact-open-set-id-v2,1788060185971486280,127,127,2049,16464,43e8f70731ddf3ad5f6707bb36be5f4580fdc77a5981a1e13d344441969ad12d,5.489,
75,primary_genuine,70,1060,genuine,0,-384,70,1060,1,True,70,71,True,70,71,digiface-70-1060,False,,6.675,0.45,32840,838ca28b172c53e687650cbd48b77c6b98ce3319ab8a531d91c78b259b2f9f76,7410.948,7410.4,5600,exact-open-set-id-v2,1788060185971486280,127,127,2049,16464,74a14965aac8fb348e4feb8bc9169ceda3fab64d927989613cb9980e36a50526,5.193,
76,primary_genuine,71,1061,genuine,0,-294,71,1061,1,True,71,72,True,71,72,digiface-71-1061,False,,4.412,0.4,32840,1058c6324886ba5e1fa245ce4dcad1fee163a72bfe1b85ee5f345be41101ed95,7566.542,7565.8,5600,exact-open-set-id-v2,1788060185971486280,127,127,2049,16464,e0321ce02dac08f4f0c6f69fdcdac59f0828ba8fc405dd7a1bebbbad22e2b734,5.394,
77,primary_genuine,72,1062,genuine,0,-242,72,1062,1,True,72,73,True,72,73,digiface-72-1062,False,,4.467,0.4,32840,b929e785e78501862cbed098379fb3f7ed6cfd379a6c0d5c1ca3e3368571020c,7380.563,7379.9,5600,exact-open-set-id-v2,1788060185971486280,127,127,2049,16464,f79568ea1bcb61d3cfd062a93cb6d26698c8c6de65e403b2f73be299a90a35a6,4.69,
78,primary_genuine,73,1063,genuine,0,-223,73,1063,1,True,73,74,True,73,74,digiface-73-1063,False,,5.032,0.45,32840,b44ff6b6f44f2c54c48098c8eed2e74f6863f9dab9a9bfe6d6c8c8aa7b4c35f4,7479.132,7478.6,5600,exact-open-set-id-v2,1788060185971486280,127,127,2049,16464,166b32b6acf8353f93b479ba287d923cd5b9c13da12fe12ac7dd4370cc0219f6,4.971,
79,primary_genuine,74,1064,genuine,0,-339,74,1064,1,True,74,75,True,74,75,digiface-74-1064,False,,4.046,0.4,32840,56e5ce8c36624e7ee778eafc2b3801d82d21ae6377442b3856be3502372c8b26,7443.004,7442.4,5600,exact-open-set-id-v2,1788060185971486280,127,127,2049,16464,cf47ae449cd1c4ef46d81840ee4dfceb2634a83939783f369c5c128542004915,4.9,
80,primary_genuine,75,1065,genuine,0,-89,75,1065,1,True,75,76,True,75,76,digiface-75-1065,False,,4.459,0.4,32840,dfef290ee2e931117811387a81b882d5a63095c9da1af5ea8a9c9f622b6e0962,7480.696,7480.1,5600,exact-open-set-id-v2,1788060185971486280,127,127,2049,16464,145afad561f325d64e6728dd24831bc04b866ee26c3de0080e553551d03d2991,4.914,
81,primary_genuine,76,1066,genuine,0,-311,76,1066,1,True,76,77,True,76,77,digiface-76-1066,False,,4.316,0.39,32840,d123b2bf32cf6aa27102dcd562f4cddf3c99d7b214bb48ad0a592ee595eb0e5e,7426.465,7425.9,5600,exact-open-set-id-v2,1788060185971486280,127,127,2049,16464,8806cf502f0dd0dc5268c295cbb03821cefa25c337ad404d590dabf37f462de3,4.936,
82,primary_genuine,77,1067,genuine,0,-206,77,1067,1,True,77,78,True,77,78,digiface-77-1067,False,,4.647,0.4,32840,0fda3e53a4c5d97dd9ccada8c19403c8fbd0d8aa37cd0e41eddae12b9a1ff154,7427.443,7426.9,5600,exact-open-set-id-v2,1788060185971486280,127,127,2049,16464,afe37bf8a1660a0f576fa4b8e4762b8463e4d79add927d898b003df7a3131be1,4.751,
83,primary_genuine,78,1068,genuine,0,-259,78,1068,1,True,78,79,True,78,79,digiface-78-1068,False,,4.851,0.49,32840,8fcf842a1769b1f6a5c803b81daf45a198c528fcdacec1e8b2b84908969c8858,7465.467,7464.9,5600,exact-open-set-id-v2,1788060185971486280,127,127,2049,16464,753aa04f9511c8b4c02cdab8ac39107ef3763883dad19972e0cbf8fc9fdba81f,31.96,
84,primary_genuine,79,1069,genuine,0,-298,79,1069,1,True,79,80,True,79,80,digiface-79-1069,False,,5.015,0.39,32840,1f374c54929c400398ede9a18e55da8f12b6222459ef011f4716c40a7e229489,7513.78,7513.2,5600,exact-open-set-id-v2,1788060185971486280,127,127,2049,16464,fd188ead92568cb1115b05cf8d7e54dcb89010da8e70c7a5089e64c6cde7d2ba,5.537,
85,primary_genuine,80,107,genuine,0,-428,80,107,1,True,80,81,True,80,81,digiface-80-107,False,,4.254,0.4,32840,63bd83d363dd381b60fe9cdd6d9e6c0967184142f33c9dd127892ff32dd95bac,7535.392,7534.9,5600,exact-open-set-id-v2,1788060185971486280,127,127,2049,16464,71ff0f2ba1efde4b314a09107655453ba412c1da44214d2a413e6a6710c6dfb5,4.982,
86,primary_genuine,81,1070,genuine,0,-357,81,1070,1,True,81,82,True,81,82,digiface-81-1070,False,,4.216,0.42,32840,ad379b2ec2b7f6c7208c3301ea1f7115eb9d7a6f9ea3d5ab825ef7d5c873f411,7414.464,7413.8,5600,exact-open-set-id-v2,1788060185971486280,127,127,2049,16464,eb20218223d6874d6a7b8eb6a88285e590e737f01fb6679cfdc8abc0dff527c5,4.718,
87,primary_genuine,82,1071,genuine,0,-291,82,1071,1,True,82,83,True,82,83,digiface-82-1071,False,,4.844,0.41,32840,19da31a557b22573d469db967dc830e13a57cf006b76850bcf9ed6665e136d8f,7323.944,7323.4,5600,exact-open-set-id-v2,1788060185971486280,127,127,2049,16464,3229a323ab87b978eaa6c16e9d6f1a1dc2e2211d842e1ebba04f4b75cb2ff533,4.632,
88,primary_genuine,83,1072,genuine,0,-239,83,1072,1,True,83,84,True,83,84,digiface-83-1072,False,,4.998,0.45,32840,219182aa43cc04d2fbac3779f25e4c2a2f83317892a5b5880b6ce9252858d27a,7449.153,7448.5,5600,exact-open-set-id-v2,1788060185971486280,127,127,2049,16464,c85d8c8d4129a2b1a5e6be224377a96ba28aa44846dbfa3ebf07dfc9613ed984,4.903,
89,primary_genuine,84,1073,genuine,0,-356,84,1073,1,True,84,85,True,84,85,digiface-84-1073,False,,4.189,0.41,32840,946df6fe1d2f01604f24d207a2e3171273d81277fc195bfa57a4843c0487ec77,7416.836,7416.3,5600,exact-open-set-id-v2,1788060185971486280,127,127,2049,16464,fb9a9c39591d3fe11c1ad88a0901c0733ea6c9d43d0ff8934bea06a8850412d2,5.43,
90,primary_genuine,85,1074,genuine,0,-228,85,1074,1,True,85,86,True,85,86,digiface-85-1074,False,,5.261,0.42,32840,f7c43632280a9d749ae579c242f8fafcb908942d588402a7d60564e6394e5ff4,7967.238,7966.6,5600,exact-open-set-id-v2,1788060185971486280,127,127,2049,16464,e034b967fd58d492bcec410a2bba66321f74455239041d022941227c6428a977,5.053,
91,primary_genuine,86,1075,genuine,0,-251,86,1075,1,True,86,87,True,86,87,digiface-86-1075,False,,5.474,0.44,32840,88d05a5912ff31c8376b611a3df0965ae4c4b64df167f40fc92448658daacdd2,7530.372,7529.8,5600,exact-open-set-id-v2,1788060185971486280,127,127,2049,16464,d9c6cc0bdbc9933ccb5910c5a1425fddff349aa1ec45d2095a238557683d003f,4.883,
92,primary_genuine,87,1076,genuine,0,-269,87,1076,1,True,87,88,True,87,88,digiface-87-1076,False,,4.794,0.42,32840,2449b0708e7ceaf54cd7ef790ebd69f94b866b7b14bef3fa534173351dc926f2,7838.582,7838.0,5600,exact-open-set-id-v2,1788060185971486280,127,127,2049,16464,963b32fc52ff945326dd0173199ca05a6c78d60f5e279a03d982d3d3a3735f82,5.62,
93,primary_genuine,88,1077,genuine,0,-391,88,1077,1,True,88,89,True,88,89,digiface-88-1077,False,,5.759,0.45,32840,a77995f0b36961629ad899a8ba0123d6290ea6d4bbcd5fb67e597124400ec71a,8620.462,8619.9,5600,exact-open-set-id-v2,1788060185971486280,127,127,2049,16464,7f61842c7eda91def5d1c5a543d25b3f97a03bd45e792e2e592b74afd96ebad0,5.829,
94,primary_genuine,89,1078,genuine,0,-257,89,1078,1,True,89,90,True,89,90,digiface-89-1078,False,,5.63,0.46,32840,a9d798a0d4be6c8e364b9bdfe94d489e589b3d324c61351f4af2902aa373a6d1,8690.253,8689.6,5600,exact-open-set-id-v2,1788060185971486280,127,127,2049,16464,77435b99698b9a2ae54b55ead9a0e1921ce15145395b22e9a416825ebd201c89,5.761,
95,primary_genuine,90,1079,genuine,0,-266,90,1079,1,True,90,91,True,90,91,digiface-90-1079,False,,5.768,0.5,32840,8fd8b0fbb0f5fb1aaa3f4af5e160163508503873553512f57cc868ee80ff6bac,7923.085,7922.5,5600,exact-open-set-id-v2,1788060185971486280,127,127,2049,16464,b0cb6cb7fffe8cff4903d2934009e85b008562062fca8b3274962207d1d8b83d,5.292,
96,primary_genuine,91,108,genuine,0,-329,91,108,1,True,91,92,True,91,92,digiface-91-108,False,,5.029,0.43,32840,f72255bdf4e7d0c7f4acf77d38a3a12340c3d41470b5cff4bbd31091b545272a,7984.275,7983.7,5600,exact-open-set-id-v2,1788060185971486280,127,127,2049,16464,b33a3a154c13a5ed357916c36371bd815ccc465ccf3883c1783cc4eb958207e0,4.982,
97,primary_genuine,92,1080,genuine,0,-306,92,1080,1,True,92,93,True,92,93,digiface-92-1080,False,,4.684,0.4,32840,5a6ca46a3f3a1f80ba6d7d70d85961f0335b658c97a1ac2e093ca08a78e58ac8,7516.32,7515.8,5600,exact-open-set-id-v2,1788060185971486280,127,127,2049,16464,a7202bdf3653cc0e2f9054fcb19dcbef512069d371baecc435e4d50349721c18,5.049,
98,primary_genuine,93,1081,genuine,0,-316,93,1081,1,True,93,94,True,93,94,digiface-93-1081,False,,4.624,0.39,32840,9521f7b9837fdae6998122dd8da0de50d645147109ed3d5166cda73436e9f9ff,7562.437,7561.8,5600,exact-open-set-id-v2,1788060185971486280,127,127,2049,16464,b3e16bb0f2c94d1df27846df5caf2bf9ec179ae8adf9b74b68410d45b8328d27,4.805,
99,primary_genuine,94,1082,genuine,0,-116,94,1082,1,True,94,95,True,94,95,digiface-94-1082,False,,5.253,0.45,32840,ac452a49d13c40e2717163fa5de2419002aeb53eed2be293af94fbf9fc760999,7558.411,7557.8,5600,exact-open-set-id-v2,1788060185971486280,127,127,2049,16464,20178bda0fca829b9290d01af1b827f4fc2fa47ba82276d9efad0d3c71e6caee,4.818,
100,primary_genuine,95,1083,genuine,0,-367,95,1083,1,True,95,96,True,95,96,digiface-95-1083,False,,4.055,0.39,32840,5ec9bed58c7735319d5c05da3cca7cac1d65e34c7187a67b11f06d03764ee708,7644.912,7644.3,5600,exact-open-set-id-v2,1788060185971486280,127,127,2049,16464,7a0461954de1e111721817a48f04d0191845f358d5b15960a221642434acf2f7,5.174,
101,primary_genuine,96,1084,genuine,0,-377,96,1084,1,True,96,97,True,96,97,digiface-96-1084,False,,4.881,0.43,32840,100e8cc37cf0e1062e6cd74f4eeeae7d52024401a2550984d4f0fbe0f510a231,7527.589,7526.9,5600,exact-open-set-id-v2,1788060185971486280,127,127,2049,16464,41e7d1d289d55a2467ec4db8023ca42aa7512aec9c381ed190f07b5bd31ee74b,5.453,
102,primary_genuine,97,1085,genuine,0,-322,97,1085,1,True,97,98,True,97,98,digiface-97-1085,False,,5.049,0.42,32840,db1897aa3784d17013db0bbd83c0f8241523c9a9285197ff90a9f691e8c8949f,7406.147,7405.5,5600,exact-open-set-id-v2,1788060185971486280,127,127,2049,16464,5a2c441232bb4e41d6a1a32a7cca1712b9e6a94f9071f6954ce3971f0744b479,7.932,
103,primary_genuine,98,1086,genuine,0,-275,98,1086,1,True,98,99,True,98,99,digiface-98-1086,False,,4.371,0.4,32840,66f04a15f9c82cbe99b40be1047f7f52f1d6ca0c41ed95a46a2a6b755b85a0b8,7433.619,7433.0,5600,exact-open-set-id-v2,1788060185971486280,127,127,2049,16464,b12915559e102a7fd1236924652f06ebdddfdfd19b3f2429e31f233f80f5bdc3,5.154,
104,primary_genuine,99,1087,genuine,0,-450,99,1087,1,True,99,100,True,99,100,digiface-99-1087,False,,4.431,0.37,32840,c251330bdd6cb0c2bae406f5c0d755c659684b16aae22ea5f6853cec32f02f24,7510.71,7510.1,5600,exact-open-set-id-v2,1788060185971486280,127,127,2049,16464,92bf19879c320b21874c3a37b60e241478be2b55e14711b97d452dd98bf9836d,5.347,
105,primary_genuine,100,1088,genuine,0,-328,100,1088,1,True,100,101,True,100,101,digiface-100-1088,False,,5.267,0.47,32840,1298ed3c962bf48a41e82a863e77d3975d739d94d68b53db988f1991cab64474,7427.357,7426.8,5600,exact-open-set-id-v2,1788060185971486280,127,127,2049,16464,866f1354e3a26fd4ea05e9bcb140f5fbca35b5b83cf7a16bf18ef712448408f2,4.754,
106,primary_genuine,101,1089,genuine,0,-388,101,1089,1,True,101,102,True,101,102,digiface-101-1089,False,,5.031,0.44,32840,bfd8ba2b6aac7a7427cca836142dd1f8c1022723a515ce3c692197fe4e5b476f,7384.344,7383.7,5600,exact-open-set-id-v2,1788060185971486280,127,127,2049,16464,050918df2d46ff6cc599d88b6c2e6360f152c86fe0424503e6400b874a8d1fe0,4.894,
107,primary_genuine,102,109,genuine,0,-348,102,109,1,True,102,103,True,102,103,digiface-102-109,False,,4.561,0.39,32840,4e885fea57f054a2f1cfbb7c2cf83cef76b89c03d382ce481e41d4be8bd405fd,7557.04,7556.4,5600,exact-open-set-id-v2,1788060185971486280,127,127,2049,16464,4ce2750f6547e7680f828d91ece91d1a714a5e173b84346e05653d57494bd43e,4.85,
108,primary_genuine,103,1090,genuine,0,-114,103,1090,1,True,103,104,True,103,104,digiface-103-1090,False,,4.294,0.4,32840,f382bdec6851f3faafb773aa1efa9d081008e27a52edc6a5c68be791ddd4e195,7675.225,7674.4,5600,exact-open-set-id-v2,1788060185971486280,127,127,2049,16464,fd02c21c9ee1dbafae6c8443a2177fb9d06d0e2b3957ef81686d38be3f299f36,6.54,
109,primary_genuine,104,1091,genuine,0,-334,104,1091,1,True,104,105,True,104,105,digiface-104-1091,False,,6.932,0.47,32840,c090fc95f855c9484b81ce669ce2db2079b8b49e029114f17688a1a597d8b8f8,7392.871,7392.3,5600,exact-open-set-id-v2,1788060185971486280,127,127,2049,16464,18b99dd5bc1846ad29a8d921c6e1768f3e8ffdb8beeb846022ec8adc0b03298b,5.14,
110,primary_genuine,105,1092,genuine,0,-354,105,1092,1,True,105,106,True,105,106,digiface-105-1092,False,,4.589,0.41,32840,34d6fbd7ea550f8bcfb1762a8a2e54f4a29d2bf31584e8008a3959ed64e1b32f,7428.732,7428.2,5600,exact-open-set-id-v2,1788060185971486280,127,127,2049,16464,5144553645a610ef72bdfab404b1b6919eab87e300543809e290d2c45bcd50d5,5.037,
111,primary_genuine,106,1093,genuine,0,-229,106,1093,1,True,106,107,True,106,107,digiface-106-1093,False,,4.395,0.4,32840,f33bd1d57f800de4f375388b6f4956713cfda1bb663944ca89213f1401300c1e,7403.95,7403.4,5600,exact-open-set-id-v2,1788060185971486280,127,127,2049,16464,a8561e6c7653007c2f8224196c1db05f5e7ab3432ebfecdfc86dcf5456a3f122,5.645,
112,primary_genuine,107,1094,genuine,0,-341,107,1094,1,True,107,108,True,107,108,digiface-107-1094,False,,4.772,0.42,32840,17e8b14331a6f6bfd5ee9e2f557f98d1539b448ff030590e443fd762b9d921b0,7429.792,7429.2,5600,exact-open-set-id-v2,1788060185971486280,127,127,2049,16464,e14d0d70a905f684fbc2778f12d3790dac025202cc980938a8ac290d701af89d,5.729,
113,primary_genuine,108,1095,genuine,0,-217,108,1095,1,True,108,109,True,108,109,digiface-108-1095,False,,4.414,0.41,32840,7381066ac2b2e37351c09446039aae8e6c240d130a53b3ee7ded2450952237c6,7348.531,7348.0,5600,exact-open-set-id-v2,1788060185971486280,127,127,2049,16464,caf028e50c0230975c9afd585aec30da76f2b8b2284cbe40c9cf5fd9ad35aceb,4.919,
114,primary_genuine,109,1096,genuine,0,-362,109,1096,1,True,109,110,True,109,110,digiface-109-1096,False,,4.124,0.39,32840,374f48908e96ccf8f42798eb8d3c4bbd57613153033bf591fa0291868e2ef5d6,7482.003,7481.4,5600,exact-open-set-id-v2,1788060185971486280,127,127,2049,16464,5180f0e3f4e9b180608700b565e81a8e2d1dad229db05b91547ee1d89b86075d,5.955,
115,primary_genuine,110,1097,genuine,0,-340,110,1097,1,True,110,111,True,110,111,digiface-110-1097,False,,6.849,0.47,32840,d207bb18f0395ef84abc5dc59700815b220c111fe11c37d2151643bb88778f33,7465.981,7465.3,5600,exact-open-set-id-v2,1788060185971486280,127,127,2049,16464,59a53b5139b2ac887d9c51537bd16b749a7ef3a2ea6ad26e92c1e6912ef384a9,5.053,
116,primary_genuine,111,1098,genuine,0,-209,111,1098,1,True,111,112,True,111,112,digiface-111-1098,False,,5.307,0.44,32840,53ceddcf4de1fe7c6603acbaa1c2f821057cfd5eebc5091e51136269e0fbad90,7548.456,7547.8,5600,exact-open-set-id-v2,1788060185971486280,127,127,2049,16464,6bb694b65c8ac7a9252e2cced2b4835ae244d222fa303c8812dc5ceb51d6f246,5.666,
117,primary_genuine,112,1099,genuine,0,-315,112,1099,1,True,112,113,True,112,113,digiface-112-1099,False,,4.736,0.41,32840,dbed5cd816443602cbb56b1c038c49958fef76098321dcd63b368e5d3a37ba68,7434.13,7433.5,5600,exact-open-set-id-v2,1788060185971486280,127,127,2049,16464,88738d794b2007fecd7de3e887e0a828ab31d279b620f27647103e08f4c9b5b3,5.28,
118,primary_genuine,113,11,genuine,0,-242,113,11,1,True,113,114,True,113,114,digiface-113-11,False,,4.389,0.4,32840,4fd7851e02898a6d10f63b762ea800a7000e42c28f6b2e7b68915fc9d81c6b36,7433.631,7433.0,5600,exact-open-set-id-v2,1788060185971486280,127,127,2049,16464,46610a048c63a29a6837c359659486d1da453f0205056bfdb69b06e7c9e5d39c,5.149,
119,primary_genuine,114,110,genuine,0,-357,114,110,1,True,114,115,True,114,115,digiface-114-110,False,,4.606,0.4,32840,a9953d8f8d092db2910437f81b672e63924b59d4056f2581099a38d62aec2a56,7449.536,7448.9,5600,exact-open-set-id-v2,1788060185971486280,127,127,2049,16464,1a05b3722a740e1d3099478d85e6cbaa2be42f85ddd349cd8ccaad2bafd88208,4.823,
120,primary_genuine,115,1100,genuine,0,-298,115,1100,1,True,115,116,True,115,116,digiface-115-1100,False,,4.485,0.39,32840,4f75b7b4dff8a53a91dd2a331236779a602292eda40fe4989a56ebedaf2731b6,7418.589,7417.9,5600,exact-open-set-id-v2,1788060185971486280,127,127,2049,16464,28002676531a68293e142bc5b9bd601c3140210d3b03e724b5e8f6ff4cd6fb7f,6.278,
121,primary_genuine,116,1101,genuine,0,-375,116,1101,1,True,116,117,True,116,117,digiface-116-1101,False,,5.144,0.43,32840,c721ee790759bb71b81034db53d522e54cfa1f08346f241de40072a7766b128d,7431.682,7431.1,5600,exact-open-set-id-v2,1788060185971486280,127,127,2049,16464,3d093c505b5180e81c02f58c9d3e21c45fb3d278af1dc92c935bbc7abf9d7da4,5.152,
122,primary_genuine,117,1102,genuine,0,-260,117,1102,1,True,117,118,True,117,118,digiface-117-1102,False,,4.581,0.4,32840,d3c6721895e25f7a505e306deeb931b646dff069144fd4877382bf9cb8fb3f2d,7576.897,7576.3,5600,exact-open-set-id-v2,1788060185971486280,127,127,2049,16464,3e877a3fdba57b26689b39cba0c1ceedde5f54361b3ff9cdbd9d103b8f457ffd,5.185,
123,primary_genuine,118,1103,genuine,0,-441,118,1103,1,True,118,119,True,118,119,digiface-118-1103,False,,4.628,0.42,32840,d2673cead5570f0093b0b50dbe7e1e8eb36b69ba1cf436fe2ccdc7ddc566ec07,7575.855,7575.2,5600,exact-open-set-id-v2,1788060185971486280,127,127,2049,16464,5cbd26bab9f06d9eca1b46a0edce7a380cfe34ee9f7711c617a3b1cfc96c96cc,5.975,
124,primary_genuine,119,1104,genuine,0,-392,119,1104,1,True,119,120,True,119,120,digiface-119-1104,False,,5.055,0.39,32840,b86b9f0e7763c924930260628752fd7bb893c6f2ca5aeefd55a8e4e4c820f465,8139.802,8139.1,5600,exact-open-set-id-v2,1788060185971486280,127,127,2049,16464,060ae326ce1d77769c8c7b9bcf30f555918d07c72401dabcaa641b6bfda6ef40,6.171,
125,primary_genuine,120,1105,genuine,0,-141,120,1105,1,True,120,121,True,120,121,digiface-120-1105,False,,5.858,0.46,32840,790020552b0fb049a35bf7d330be25d1e0472419713e0b3ae5e65629a8e35f44,8517.616,8517.0,5600,exact-open-set-id-v2,1788060185971486280,127,127,2049,16464,69f10f49a983869bb2f337c162f78bba0502724fc59dfc8783134d9bb68d3041,5.394,
126,primary_genuine,121,1106,genuine,0,-398,121,1106,1,True,121,122,True,121,122,digiface-121-1106,False,,5.333,0.43,32840,f8794ed5017d12ec9739a703cc53a934372dc82b3c46c55f7ff27e06c88b4fb5,8115.771,8115.1,5600,exact-open-set-id-v2,1788060185971486280,127,127,2049,16464,55259d8866d246a901e4e3befd6efd134df07a3ed35d1694dc8d6e0711824fd4,6.236,
127,primary_genuine,122,1107,genuine,0,-338,122,1107,1,True,122,123,True,122,123,digiface-122-1107,False,,6.783,0.46,32840,4b8708c41422df9919ea318dd0b4039be8059762a50bd8e49a1507e6fe41f841,7631.602,7631.0,5600,exact-open-set-id-v2,1788060185971486280,127,127,2049,16464,88e7ac293019f8a777b0648e709a110c822f45412f92e9e80375b16556e47fa7,5.31,
128,primary_genuine,123,1108,genuine,0,-268,123,1108,1,True,123,124,True,123,124,digiface-123-1108,False,,5.139,0.41,32840,92671c79a9724b997d90d62db449c02de1d377b5095ba73607c8ae18e89dcaa2,7549.131,7548.4,5600,exact-open-set-id-v2,1788060185971486280,127,127,2049,16464,48f197676213b3885daea06eb30dd3c1796ed056f3ee1a457df384108e473f87,11.852,
129,primary_genuine,124,1109,genuine,0,-318,124,1109,1,True,124,125,True,124,125,digiface-124-1109,False,,9.433,0.47,32840,edd075d7e312c0d93f86bca38b39af6d741f912a42ead4007620bc5ba212d8a2,7647.025,7646.3,5600,exact-open-set-id-v2,1788060185971486280,127,127,2049,16464,dee4d8941359651bf374fe959fba160fecfb47d4c94fe233d61cabfb493ef64b,6.05,
130,primary_genuine,125,111,genuine,0,-170,125,111,1,True,125,126,True,125,126,digiface-125-111,False,,5.113,0.44,32840,730e036213640c271cbace98da63e26f9b3a6e842d0084a3646d2aa8319b9521,7655.717,7655.1,5600,exact-open-set-id-v2,1788060185971486280,127,127,2049,16464,ff648e75295f558949f0d117cd69bb7af5fea974a9c757c44a1b41a91231af2a,4.887,
131,primary_genuine,126,1110,genuine,0,-338,126,1110,1,True,126,127,True,126,127,digiface-126-1110,False,,4.484,0.45,32840,53db6aaa3a987dbbc476315acf44f81043146238ee3ad81c55a0dae3f78b911a,7620.386,7619.7,5600,exact-open-set-id-v2,1788060185971486280,127,127,2049,16464,bd416770f5b5f17d66091e39c9c3a4e4aaa3ff267afde56a0800b212844ee207,9.439,
132,primary_test_impostor,627,1562,primary_test_impostor,0,29,64,1055,0,False,,0,False,,0,,False,,8.393,0.46,32840,816f3c4620d272ec05e734615cc460f2ff487c33153fc71fe9a2bb921cb06e77,7847.545,7846.9,5600,exact-open-set-id-v2,1788060185971486280,127,127,2049,16464,c446f35e5bd1b29e362a7a335adb4a0fa95a339a9adf00fd9faefdd9f4c48c20,5.167,
133,primary_test_impostor,628,1563,primary_test_impostor,0,251,112,1099,0,False,,0,False,,0,,False,,4.361,0.42,32840,16ef2a1e79285f73694bbc12510d7ac71ebe742420ce81445f0786d88d272a6d,7642.636,7642.1,5600,exact-open-set-id-v2,1788060185971486280,127,127,2049,16464,2f857b87ec4e7558d0fe9e6198d1271a7d4379680f26df71035063703c87f650,5.031,
134,primary_test_impostor,629,1564,primary_test_impostor,0,234,77,1067,0,False,,0,False,,0,,False,,5.007,0.42,32840,e4cd8ee84fd9f8dcf6ddb0171507985102a9b9027959c6a7d1dfdc900de49b7e,7547.152,7546.2,5600,exact-open-set-id-v2,1788060185971486280,127,127,2049,16464,127bb6ac42c86c8e595ecd2aa28dfd753474c0414d0d541a94007f7a3627f3d6,5.255,
135,primary_test_impostor,630,1565,primary_test_impostor,0,146,61,1052,0,False,,0,False,,0,,False,,5.14,0.41,32840,4931a8ef80040a14fa7b60b2e00c0374096c9e1a7daf0c2c998119b689d4c161,8094.285,8093.7,5600,exact-open-set-id-v2,1788060185971486280,127,127,2049,16464,6ab060f425525ddd42aa3d964a78a63176250cdd519cc4a2f5dd5ae7a44bbd12,5.742,
136,primary_test_impostor,631,1566,primary_test_impostor,0,178,97,1085,0,False,,0,False,,0,,False,,5.837,0.45,32840,b923c660ede22d8df82a837a89c3aef799c913004a870371e5b0e24c1e69fe8a,7774.084,7773.4,5600,exact-open-set-id-v2,1788060185971486280,127,127,2049,16464,76cd05f990f27ff7927e72cb6333836494ff89fbcceebf628c691770ad67bf16,4.895,
137,primary_test_impostor,632,1567,primary_test_impostor,0,183,98,1086,0,False,,0,False,,0,,False,,5.11,0.43,32840,6e501caccf8756354ad8d7cb7ecf7676abfac23e05fa858815d734e30b8d2c27,7819.702,7819.1,5600,exact-open-set-id-v2,1788060185971486280,127,127,2049,16464,54e0a1f58a1d9aab93f5098f34cfacbd12a0d44e1110abf61030ed93d6cf79b5,5.183,
138,primary_test_impostor,633,1568,primary_test_impostor,0,114,97,1085,0,False,,0,False,,0,,False,,5.112,0.45,32840,3bb91b01c5c5e55d19eddc9418dfa315be8123fbfb0194917f55eda60bdc24f7,7657.887,7657.3,5600,exact-open-set-id-v2,1788060185971486280,127,127,2049,16464,b81eb3c62a681431ffc42952acb02fe11269be029cb846aaeebe8f112de88521,5.593,
139,primary_test_impostor,634,1569,primary_test_impostor,0,127,65,1056,0,False,,0,False,,0,,False,,5.184,0.49,32840,0766415be1f1adde6d77daba93d1b32863dd5ebb48beb3b2d3095acdb803abf9,7967.131,7966.5,5600,exact-open-set-id-v2,1788060185971486280,127,127,2049,16464,c5040199838308841b3b1128244e5a8e4796c9a3e4f60a9c0b9b887ab667b8f7,6.973,
140,primary_test_impostor,635,157,primary_test_impostor,0,162,102,109,0,False,,0,False,,0,,False,,5.769,0.74,32840,e507b9440932d0c163a4830f0181ce1edd347488a2aced28284d5c934741856c,7948.116,7947.5,5600,exact-open-set-id-v2,1788060185971486280,127,127,2049,16464,115410d228cd84a23c2abb58cb3178fa670ad9b19cc9f6d695ce42233c82b0d5,6.301,
141,primary_test_impostor,636,1570,primary_test_impostor,0,230,16,1011,0,False,,0,False,,0,,False,,5.423,0.43,32840,173fafcedb36474075f5c4b1290b75667a48e9054a03cd883a572c8de67b4a08,7528.968,7528.4,5600,exact-open-set-id-v2,1788060185971486280,127,127,2049,16464,74b2a2d373d5f21ded26a62b5b7ba031b5f8e242bbe365692bf23a721247ff70,5.35,
142,primary_test_impostor,637,1571,primary_test_impostor,0,194,10,1006,0,False,,0,False,,0,,False,,4.801,0.42,32840,aa26f73fb3784bf7286195eb0238452ebbb913a8eab0cd306ef4576f1e272c87,7390.953,7390.3,5600,exact-open-set-id-v2,1788060185971486280,127,127,2049,16464,fbc51e43a8179ee871de6a87b1bdd595627c45bab9364d4a60f99bd84ed073bd,4.928,
143,primary_test_impostor,638,1572,primary_test_impostor,0,132,27,1021,0,False,,0,False,,0,,False,,5.126,0.42,32840,6cd4f0381a6342376ba0632441e63f71a9eabf4225ae6ea1a0fbc609eb4b73af,7398.887,7398.3,5600,exact-open-set-id-v2,1788060185971486280,127,127,2049,16464,a156f4416de86ab13b9c27225afbd466e0b02d43643a533da447b34702ecb798,6.183,
144,primary_test_impostor,639,1573,primary_test_impostor,0,119,34,1028,0,False,,0,False,,0,,False,,4.172,0.39,32840,6a5c72894b70e26189f2f99cfe87771af1cfa6d0ec2f423b11e9f82c3d73ac13,7441.981,7441.4,5600,exact-open-set-id-v2,1788060185971486280,127,127,2049,16464,a95975a71b4f7b69101b4f23d5fcca18a819916e1593f1b28c2a350fee4bb854,5.014,
145,primary_test_impostor,640,1574,primary_test_impostor,0,151,75,1065,0,False,,0,False,,0,,False,,4.62,0.39,32840,1656e8596b4178e75a2650c523d5150cfdde31795600d3aad2e85077c0d4354e,7429.466,7428.9,5600,exact-open-set-id-v2,1788060185971486280,127,127,2049,16464,3935cd3d0c893fc037bf49532d0d8c7af50367b5d95ff61e40bc1ffd5e9f8a97,5.445,
146,primary_test_impostor,641,1575,primary_test_impostor,0,226,11,1007,0,False,,0,False,,0,,False,,5.332,0.43,32840,eb2584f6826a3f292ed6e5cb8b3867c67e05db7926025143ee7c83ec592a119d,7678.965,7678.3,5600,exact-open-set-id-v2,1788060185971486280,127,127,2049,16464,7f0f828499beb28fc60faf07db1ec9e2e2ed3f9ea097182090841f02873e68b5,5.026,
147,primary_test_impostor,642,1576,primary_test_impostor,0,176,93,1081,0,False,,0,False,,0,,False,,4.754,0.39,32840,6b5877b9c95c507c014179e8be6a9910aaffe2f1d33221235125e4f45deed544,7570.406,7569.7,5600,exact-open-set-id-v2,1788060185971486280,127,127,2049,16464,bd94b5b645a63751d212b4c9249d5b1c6047dfbd88480bc3e6e48434512f81b8,7.532,
148,primary_test_impostor,643,1577,primary_test_impostor,0,185,74,1064,0,False,,0,False,,0,,False,,7.064,0.51,32840,206cdd071965b0bc59e4e60b9a3543b1004366caff1c986fe37e7cbed6f99df8,7424.612,7423.9,5600,exact-open-set-id-v2,1788060185971486280,127,127,2049,16464,6bff8ee893a98f1ecec5d339d1dd2f4f023caac85a8ed519cacb89d16bdb14e5,4.655,
149,primary_test_impostor,644,1578,primary_test_impostor,0,237,76,1066,0,False,,0,False,,0,,False,,4.852,0.39,32840,3d5adc03e7b14d3152f12b833390476432a1b87c74bc5613cb9c3e144c61341c,7356.72,7356.2,5600,exact-open-set-id-v2,1788060185971486280,127,127,2049,16464,fbccf7d86d2a15bce49a7532d4bc11363f57869c3d10ebe882ad1ef7d85d769d,5.431,
150,primary_test_impostor,645,1579,primary_test_impostor,0,159,107,1094,0,False,,0,False,,0,,False,,5.005,0.42,32840,7c737acdf9b18e973141aa16d4c9d027dfb5cdf4bb47400945e2b4c6a6ccee5b,7543.73,7543.1,5600,exact-open-set-id-v2,1788060185971486280,127,127,2049,16464,6d5c2b96f4e215cef7ead2ae96af6da9ceb5c8300d523b31d77dbd40f8cb828f,5.126,
151,primary_test_impostor,646,158,primary_test_impostor,0,170,97,1085,0,False,,0,False,,0,,False,,4.812,0.41,32840,185147bfb58e9d53a4b5f167782800840d339cfe972c20a0e14721f447b737d4,7434.804,7434.2,5600,exact-open-set-id-v2,1788060185971486280,127,127,2049,16464,28f30a60a76a9a25ffcb9341515828cae385c3a0216b063aa5a8c846e56b1b9d,7.685,
152,primary_test_impostor,647,1580,primary_test_impostor,0,216,77,1067,0,False,,0,False,,0,,False,,4.978,0.41,32840,dd03ec56b6e3507bbefa404acf8e896e0dde513e68bf5fbf377e3a1228992be6,7420.305,7419.6,5600,exact-open-set-id-v2,1788060185971486280,127,127,2049,16464,84b524e0ead6e058d49b7d6f4e5a186889cc3d4790b5ef6356d38157a0cfd66c,4.783,
153,primary_test_impostor,648,1581,primary_test_impostor,0,184,47,104,0,False,,0,False,,0,,False,,4.168,0.4,32840,ff7c1d415e86a3a9f143a51ff1463df8d784f1c9b518d15b83aeda0704eb800d,7617.562,7617.0,5600,exact-open-set-id-v2,1788060185971486280,127,127,2049,16464,780a03a1e776921783f05dc139c68692e7328377936ba744d4028a6da81ef0c0,4.643,
154,primary_test_impostor,649,1582,primary_test_impostor,0,269,86,1075,0,False,,0,False,,0,,False,,4.428,0.41,32840,85e92e7509e8d510fd87c88c53844259be22c8b8ecb770e646d718f23fa939af,7505.917,7505.3,5600,exact-open-set-id-v2,1788060185971486280,127,127,2049,16464,3a3081a64e570d52918118e597c2b93565afac7a1bda9eb74856245e81a0a680,5.042,
155,primary_test_impostor,650,1583,primary_test_impostor,0,46,17,1012,0,False,,0,False,,0,,False,,4.51,0.41,32840,23add6495411b08d4c32256106d9213715e963c049f011482b24a8b31265db4a,8222.248,8221.7,5600,exact-open-set-id-v2,1788060185971486280,127,127,2049,16464,76c12dc89565125e6a6a8a9dd4e0e9f9d1d504d22d12fe4d25ad00c08f6e73f7,5.639,
156,primary_test_impostor,651,1584,primary_test_impostor,0,218,61,1052,0,False,,0,False,,0,,False,,5.926,0.47,32840,4b404bf0484da020b79e98af464474156706fc9e23f5cf5abd2e3158d922e14d,8284.261,8283.6,5600,exact-open-set-id-v2,1788060185971486280,127,127,2049,16464,3b3c1fe5cac7fdafb93f1dad89f49272bff0c83e17cff6b5dfd2695336c23316,5.497,
157,primary_test_impostor,652,1585,primary_test_impostor,0,149,12,1008,0,False,,0,False,,0,,False,,5.42,0.44,32840,06e4426c8e380860c430ef0122a1881caa7587bcc587fc7e9dce6e96d21b2799,8192.303,8191.6,5600,exact-open-set-id-v2,1788060185971486280,127,127,2049,16464,bc3d2c8a60746fbb3f01bff658eaa497cb0906188bffff0553089e0047500237,5.727,
158,primary_test_impostor,653,1586,primary_test_impostor,0,132,42,1035,0,False,,0,False,,0,,False,,5.085,0.45,32840,e2a0655c6eaba2ea5c71f42c6f87aab3d8d0fb09b5c6cf6d92792cc91c37a028,7697.678,7697.0,5600,exact-open-set-id-v2,1788060185971486280,127,127,2049,16464,d03ec5f21296499f3bd4be6e3a065d63a495e2ccce6229abd058b2ad3f135c9e,4.974,
159,primary_test_impostor,654,1587,primary_test_impostor,0,200,93,1081,0,False,,0,False,,0,,False,,5.181,0.42,32840,35c24f0b6b4b260faa5c2b0cc85d5a86b8ff34aa975392dc6da9c14a37bb5a8c,7545.103,7544.5,5600,exact-open-set-id-v2,1788060185971486280,127,127,2049,16464,f2f61be904345c81485d8df3b49039fa48e25d34f2ecca67e45f19461c0f8620,5.015,
160,primary_test_impostor,655,1588,primary_test_impostor,0,208,105,1092,0,False,,0,False,,0,,False,,4.899,0.47,32840,0f4a6e54afa2ee0f76e2d9012e9e2158401df83c5b845e418031e063bba4f9a2,7528.784,7528.2,5600,exact-open-set-id-v2,1788060185971486280,127,127,2049,16464,b55c7796cbca256dc62bf4cbccf696357756cfb13fe554310ad4504720973927,4.891,
161,primary_test_impostor,656,1589,primary_test_impostor,0,295,58,105,0,False,,0,False,,0,,False,,4.263,0.41,32840,54bbb53c8a384a230721a6caa16b6b34d960f13aa1d808455a5e2b9b1330c44a,7504.882,7504.3,5600,exact-open-set-id-v2,1788060185971486280,127,127,2049,16464,dbda13a1b5d45c9864ddf48fc509d8e2a7d0615c8eabe2da245399fdb3405432,4.887,
162,primary_test_impostor,657,159,primary_test_impostor,0,240,80,107,0,False,,0,False,,0,,False,,4.77,0.41,32840,a15329b5d5e98a62a0c92536f0ba0b44302d8e632919e221b232bd2d189ec400,7401.824,7401.3,5600,exact-open-set-id-v2,1788060185971486280,127,127,2049,16464,dba123f830d92a846e81e0cab20dd28c50c222d01d354249f3b86b7e645e0a4a,4.838,
163,primary_test_impostor,658,1590,primary_test_impostor,0,227,64,1055,0,False,,0,False,,0,,False,,3.943,0.38,32840,3e65cd61b295da9ee576f6b56da8ad21ab1f1bb7d1647ed464395f181f8892a0,7726.524,7726.0,5600,exact-open-set-id-v2,1788060185971486280,127,127,2049,16464,ec5ae3eb0e24a3dc3c6b584b83a9e80d8b40164f651dc631da9c0d06001f6d9d,5.251,
164,primary_test_impostor,659,1591,primary_test_impostor,0,294,90,1079,0,False,,0,False,,0,,False,,4.779,0.39,32840,81b48237fb706b89f3fd8fd57d3e9e2029c4dc1fd13ec9d3bbc37bc67d302346,7426.443,7425.9,5600,exact-open-set-id-v2,1788060185971486280,127,127,2049,16464,e0f0b1b7c98df421dfaf3b885be394220ee4761125f8cc95ecabfba36c72b9f5,4.933,
165,primary_test_impostor,660,1592,primary_test_impostor,0,262,21,1016,0,False,,0,False,,0,,False,,4.588,0.41,32840,a722f5e8b1f4edefa60fe6dd517bb80d397b6750c471c762aa9f4b606a4d57ac,7373.143,7372.6,5600,exact-open-set-id-v2,1788060185971486280,127,127,2049,16464,10fb19b0291e1d47e14fbf9ab5b633350102c6a2ccca3dba4ccca25808d053d9,4.915,
166,primary_test_impostor,661,1593,primary_test_impostor,0,153,107,1094,0,False,,0,False,,0,,False,,4.063,0.39,32840,75f1d5d10ec349df3a2a35329e4cdfa6ab5f211b0395b02916232e8b2c6e793c,7569.643,7569.1,5600,exact-open-set-id-v2,1788060185971486280,127,127,2049,16464,1b04877a0668c49466f80e74637c3f8059a1dec385369c5f0929eb5427ff43cc,5.245,
167,primary_test_impostor,662,1594,primary_test_impostor,0,177,112,1099,0,False,,0,False,,0,,False,,4.699,0.44,32840,87647e3696337eb028dd80d6719defce71f0b70004c6d5582205a86ed1ebe1ba,7530.481,7529.8,5600,exact-open-set-id-v2,1788060185971486280,127,127,2049,16464,5fb42489ca3acaf64911a740f481236d6fd29de4af34c48c6078995a5139141e,5.266,
168,primary_test_impostor,663,1595,primary_test_impostor,0,297,45,1038,0,False,,0,False,,0,,False,,5.294,0.45,32840,a1c3685bfe6f14fc7448f57699568ac540439d2da3931c59fb8f30370431714f,7502.04,7501.4,5600,exact-open-set-id-v2,1788060185971486280,127,127,2049,16464,3d20533fed36060ee1484b32f1df44a65e4199f355f30ba9bd14aa9a3c4a5c79,6.573,
169,primary_test_impostor,664,1596,primary_test_impostor,0,193,51,1043,0,False,,0,False,,0,,False,,5.68,0.47,32840,9e056bf5b4689c20eb21c98e5bc0debe93c06e5527800335d169a0d38fbf98bb,7700.697,7700.1,5600,exact-open-set-id-v2,1788060185971486280,127,127,2049,16464,9d74fc117c79d05b93f55e4ef99ada62b2444501458cfeee436c536bd3ad7e44,6.278,
170,primary_test_impostor,665,1597,primary_test_impostor,0,75,45,1038,0,False,,0,False,,0,,False,,5.122,0.43,32840,eb7a80cd4d4e04fd11649a864e038e8114fe22034e55b58ee16ebd3512d7f55b,7835.484,7834.9,5600,exact-open-set-id-v2,1788060185971486280,127,127,2049,16464,dca2d734eb1003fc3b0df7ac4869694c0d99d16e9ee8e04d4139fa04256761b4,5.999,
171,primary_test_impostor,666,1598,primary_test_impostor,0,112,2,10,0,False,,0,False,,0,,False,,6.073,0.44,32840,68232904ac80390ce1930bfe0aa1adeca796179c2011b932721f5f7834cbc90b,8101.553,8100.9,5600,exact-open-set-id-v2,1788060185971486280,127,127,2049,16464,0dc203154d2a4fa8a8197de737db600f328d43f45fc271dee8502d187ce41915,6.892,
172,primary_test_impostor,667,1599,primary_test_impostor,0,175,86,1075,0,False,,0,False,,0,,False,,5.62,0.43,32840,36b2997023cb96ddf98faa876bed258159398b9f1c98cc1cca1b73a71e7cc471,7700.432,7699.8,5600,exact-open-set-id-v2,1788060185971486280,127,127,2049,16464,5662124d7ce76f75e10272bc5d90d7b358c0e31eb1051a3c9945bc5bedccfb01,5.244,
173,primary_test_impostor,668,16,primary_test_impostor,0,255,31,1025,0,False,,0,False,,0,,False,,5.157,0.43,32840,a70c220fc6945ee97fa772662c84545ba7f10d6a8742580d8f78ddee9a150079,7704.36,7703.8,5600,exact-open-set-id-v2,1788060185971486280,127,127,2049,16464,beedb7213c71ab3d723efa9c87a1eb341c4d2383f5bdda55f4f90caf6f87f88e,5.569,
174,primary_test_impostor,669,160,primary_test_impostor,0,254,23,1018,0,False,,0,False,,0,,False,,5.281,0.43,32840,0a21d7e3337bbcc5ef55b7cec2cf1bd0c539aedad69180417d28b9de9bf5c1c1,7671.741,7671.1,5600,exact-open-set-id-v2,1788060185971486280,127,127,2049,16464,ddc71480008a21ceeab35db30d837b1bb6cf8eff85b79484105bc85f0eabf0b4,5.583,
175,primary_test_impostor,670,1600,primary_test_impostor,0,155,108,1095,0,False,,0,False,,0,,False,,4.772,0.42,32840,47b7a0c9f5f08c40889bf22062d3be10394e5a7a41de8c24b33c32b193f62f98,7602.098,7601.5,5600,exact-open-set-id-v2,1788060185971486280,127,127,2049,16464,b89e51247dc1c6dceb5402a0f2ec3b9ead84b488d030da869ad811fc5921993e,4.861,
176,primary_test_impostor,671,1601,primary_test_impostor,0,267,32,1026,0,False,,0,False,,0,,False,,4.842,0.41,32840,ccb87fdc7d102bd4d4b6167588438de7f441f7a2e008861118e6ddae945ced0d,7752.478,7751.9,5600,exact-open-set-id-v2,1788060185971486280,127,127,2049,16464,224e43984370a45f2ca7b156e69eb825fa8e8bc6c805534dc30f36c745833cc2,5.152,
177,primary_test_impostor,672,1602,primary_test_impostor,0,92,48,1040,0,False,,0,False,,0,,False,,5.319,0.42,32840,f8838ad6b7e371a3f3962a6411976f21891c476638102940014767f6fa9e2bb1,7921.701,7921.2,5600,exact-open-set-id-v2,1788060185971486280,127,127,2049,16464,ae1bf30b0dc922726f46f471ad0ec1629083c143842919d3e91d3089f1b73276,5.416,
178,primary_test_impostor,673,1603,primary_test_impostor,0,118,99,1087,0,False,,0,False,,0,,False,,4.814,0.43,32840,258d1968ab14f94b3cc25f2d588d02f43323943833d42bbf9c5ce06926807c47,7814.131,7813.4,5600,exact-open-set-id-v2,1788060185971486280,127,127,2049,16464,a54ad4405beb044f559b6c6451f6aa98f6d58b1196882e1966c923ff229e2435,5.091,
179,primary_test_impostor,674,1604,primary_test_impostor,0,218,6,1002,0,False,,0,False,,0,,False,,4.422,0.39,32840,ff082b6163de6641857a685c2b600b48782740e0ddaa4baefdc03431f1537a8c,7526.567,7525.9,5600,exact-open-set-id-v2,1788060185971486280,127,127,2049,16464,f8851463ff6f595782008aed54c8e63bb6df8e677597fead7757a6ef2a8ea016,4.8,
180,primary_test_impostor,675,1605,primary_test_impostor,0,259,45,1038,0,False,,0,False,,0,,False,,4.864,0.4,32840,0c5798ff1e6d9f7eb8d539bc32e72e683c2e02487b1c2845adae8e552f5a122c,7393.547,7393.0,5600,exact-open-set-id-v2,1788060185971486280,127,127,2049,16464,ec2e52aadee61892dcdd62803f5959d3f1418325423a7a1da8f9a6599bfe2572,5.093,
181,primary_test_impostor,676,1606,primary_test_impostor,0,198,93,1081,0,False,,0,False,,0,,False,,4.957,0.41,32840,0a7bd9729c9dd5afd208dbe310cd0d3f6ccd874f3971c8dc91b0a523af1907ab,7462.396,7461.8,5600,exact-open-set-id-v2,1788060185971486280,127,127,2049,16464,f0d60d83124262fcc5cbab6f857287f33073497adab6c090008daf34249b7819,5.16,
182,primary_test_impostor,677,1607,primary_test_impostor,0,220,119,1104,0,False,,0,False,,0,,False,,4.442,0.38,32840,f9469af99b722fc10f93575215541a994e5f67acab4a2608777db4156797a2e6,7465.182,7464.6,5600,exact-open-set-id-v2,1788060185971486280,127,127,2049,16464,5ba618008e13d848b606055389f943d2597aa65f5e0dd6dd0d90c782af67e179,5.301,
183,primary_test_impostor,678,1608,primary_test_impostor,0,200,105,1092,0,False,,0,False,,0,,False,,4.717,0.43,32840,69c7071eaee6b1739bf1c9fed5ba9ccb12f026441f12372c7870d06daf1b800c,7550.111,7549.6,5600,exact-open-set-id-v2,1788060185971486280,127,127,2049,16464,f20f29f617ac87e1434b31273bc0362e271bd9c856c3fc61ca2466c4b6798cce,5.621,
184,primary_test_impostor,679,1609,primary_test_impostor,0,174,23,1018,0,False,,0,False,,0,,False,,4.159,0.4,32840,0e01eb47013a772650397efe35358416c4b7346b71742771c9d937191207138a,7468.725,7468.2,5600,exact-open-set-id-v2,1788060185971486280,127,127,2049,16464,30ed51087fe7bc79f9b253c930e4c40ba2d398266df08f4269f8b95c6d5b3a98,4.862,
185,primary_test_impostor,680,161,primary_test_impostor,0,251,12,1008,0,False,,0,False,,0,,False,,5.528,0.47,32840,27f9cf6fb0778144630774542a7a761963ff026b55335dc48c66a520c1d4ce1b,7445.802,7445.2,5600,exact-open-set-id-v2,1788060185971486280,127,127,2049,16464,58964a33137e2b4c9f2846805f466e1839cef05459ac96bb7645b590a9a2b061,4.896,
186,primary_test_impostor,681,1610,primary_test_impostor,0,240,50,1042,0,False,,0,False,,0,,False,,4.523,0.39,32840,9ec2334326a132c907937de8784361fbde25ce4748a810bd12f62f98850fbae8,7522.291,7521.7,5600,exact-open-set-id-v2,1788060185971486280,127,127,2049,16464,8bf4fbb0772336ccc08bd00c42b84747ce48077898a7b2a2324a379319c44fde,6.193,
187,primary_test_impostor,682,1611,primary_test_impostor,0,192,48,1040,0,False,,0,False,,0,,False,,8.284,0.44,32840,2f70c07d2311fb1b852aca5079bbe5ec90e2036ddd1a2ecfb18ecbf266fc27f1,8192.086,8191.4,5600,exact-open-set-id-v2,1788060185971486280,127,127,2049,16464,50e80a0250544d860321be207a4c38c53e9bba6422a9d803cb29979453aefd18,6.768,
188,primary_test_impostor,683,1612,primary_test_impostor,0,192,99,1087,0,False,,0,False,,0,,False,,5.498,0.47,32840,81a8db032615b37cb64d8d9dfb1810745c8013b1d557f42e7fa2162c3198d7be,8149.047,8148.4,5600,exact-open-set-id-v2,1788060185971486280,127,127,2049,16464,b5e38d23048b67313b8be43186f4ad5fc502221842a118465c6b22ec9767158f,6.077,
189,primary_test_impostor,684,1613,primary_test_impostor,0,200,16,1011,0,False,,0,False,,0,,False,,6.65,0.46,32840,385931ad7d367bf603b0a25334aa13cf013805f6629644295d55de6cba5efbe0,7916.137,7915.5,5600,exact-open-set-id-v2,1788060185971486280,127,127,2049,16464,9a8be3a301828512cd722e48fb2b64ec5c286c027294a3284252378fa3d6730e,4.881,
190,primary_test_impostor,685,1614,primary_test_impostor,0,219,114,110,0,False,,0,False,,0,,False,,5.614,0.42,32840,fabe7a40bb37ca635ff246759fdf121b9d8fc924721f687147d556abbcf42a02,7682.996,7682.3,5600,exact-open-set-id-v2,1788060185971486280,127,127,2049,16464,2bf14a89d8cfd3c66fc0997c3aee9b75414b33f4b736cbf1de26f9802ea17538,5.388,
191,primary_test_impostor,686,1615,primary_test_impostor,0,71,107,1094,0,False,,0,False,,0,,False,,5.203,0.5,32840,1fb6f862a17328b254d2763c8333b102f41cee1e174cdfb8675121340db94c7b,7531.042,7530.4,5600,exact-open-set-id-v2,1788060185971486280,127,127,2049,16464,e77d49714f7eb258208f374b72e5b3c77d1135294739436fb6bed7d3a38c97dc,5.359,
192,primary_test_impostor,687,1616,primary_test_impostor,0,96,17,1012,0,False,,0,False,,0,,False,,4.934,0.41,32840,14b31d62a30dbc3b3ccf4873df4e9d344cec2cc117c0877eaa7d32925c1f5e93,7493.564,7493.0,5600,exact-open-set-id-v2,1788060185971486280,127,127,2049,16464,554c4a1f050b87105b95772557789d8c8a158e0e8a53498082eb54b85de7799c,6.101,
193,primary_test_impostor,688,1617,primary_test_impostor,0,153,64,1055,0,False,,0,False,,0,,False,,5.13,0.43,32840,2b3df34768ab89905463982ca71d07119a4438c750da8fac6471d2eeacd89b79,7335.811,7335.1,5600,exact-open-set-id-v2,1788060185971486280,127,127,2049,16464,931ad23dfa61240965c262cca109db795c1b9a6901cd43f09fdebb706b2052c0,5.047,
194,primary_test_impostor,689,1618,primary_test_impostor,0,154,115,1100,0,False,,0,False,,0,,False,,5.148,0.44,32840,5cdebb7c05ece69524518266735603897d18b9b2f360770341112b1aa947288b,7454.223,7453.6,5600,exact-open-set-id-v2,1788060185971486280,127,127,2049,16464,9ecf9db547ca208839b34c987866d239cb9af54348a0d8a937fda691ade9773c,8.522,
195,primary_test_impostor,690,1619,primary_test_impostor,0,96,99,1087,0,False,,0,False,,0,,False,,11.413,0.49,32840,ee72a7140bb19aeeb99e253ca324037389bdf898c58cb789f1cd6cdee6cb5895,7505.648,7504.9,5600,exact-open-set-id-v2,1788060185971486280,127,127,2049,16464,3add10a44ea56634436d388bd399271a37726d277205c3eaca366d2bbeb228fc,4.513,
196,primary_test_impostor,691,162,primary_test_impostor,0,204,50,1042,0,False,,0,False,,0,,False,,3.978,0.39,32840,7e71dd7f4022105c4fd9a4c3d346ca5d943f192ce4bd469505b4c9e2d86cfd32,7442.545,7442.0,5600,exact-open-set-id-v2,1788060185971486280,127,127,2049,16464,419cc61e6dad214431d0ea80f4e7b0a4818da15ae21db295dc5a11c0fa999277,5.05,
197,primary_test_impostor,692,1620,primary_test_impostor,0,245,98,1086,0,False,,0,False,,0,,False,,3.953,0.4,32840,f838d985317e1a6636dab7781ba23b81d083aca7cbd4a83944b2da60700ca731,7384.192,7383.6,5600,exact-open-set-id-v2,1788060185971486280,127,127,2049,16464,7862a7ecd7fc65c5373e8f442404daeede45a1077bc3912fd4994e712a3acc81,5.657,
198,primary_test_impostor,693,1621,primary_test_impostor,0,146,115,1100,0,False,,0,False,,0,,False,,5.116,0.38,32840,663b0df8fc1aa35579bd30a2165a7e067477f9d2adec4ae0520ada497b77b023,7532.24,7531.6,5600,exact-open-set-id-v2,1788060185971486280,127,127,2049,16464,3091fbdbefb1ff85040949bce597ebcc5dac75c9d5e5ff41828d23c416662d2c,5.157,
199,primary_test_impostor,694,1622,primary_test_impostor,0,273,87,1076,0,False,,0,False,,0,,False,,4.6,0.4,32840,37ba6af9f50745a4fb72fc29c2c39232aee751dbae8b269dbdcf4bf1a7c3b3e7,7926.959,7926.2,5600,exact-open-set-id-v2,1788060185971486280,127,127,2049,16464,8cd052cc238cb68054fd18897715488af30b52716eb4bafdd066da2950206dcc,4.859,
200,primary_test_impostor,695,1623,primary_test_impostor,0,172,27,1021,0,False,,0,False,,0,,False,,4.247,0.43,32840,802d3f765e5eb67303aede87265b063eb2a552c0d5c2f651572bdee6c089581b,7611.574,7611.0,5600,exact-open-set-id-v2,1788060185971486280,127,127,2049,16464,70dcbc461ca5e03d1c38ad8d739bf8a5a221d9cc370fc61716725bf68894e18c,4.811,
201,primary_test_impostor,696,1624,primary_test_impostor,0,185,75,1065,0,False,,0,False,,0,,False,,5.712,0.46,32840,55bd352a3a5691ef90fba47c0008cadaa28499d3b060eb2fc35db80d2b9b5e12,7369.572,7369.0,5600,exact-open-set-id-v2,1788060185971486280,127,127,2049,16464,44950d0e06ed5370e14907fc227a21ae85daee72d4f21d7430c7a37ed1f82a33,5.312,
202,primary_test_impostor,697,1625,primary_test_impostor,0,122,99,1087,0,False,,0,False,,0,,False,,4.784,0.4,32840,f1d539c29f46a8ffbc96361d7c21ebd73f0da1991f578648aae77bb21f1c2556,7644.003,7643.4,5600,exact-open-set-id-v2,1788060185971486280,127,127,2049,16464,7f0d65f913cac67394cc83a1a7d3e390fa1514ee9d88cb7725ed0d66bdfe8f17,4.483,
203,primary_test_impostor,698,1626,primary_test_impostor,0,126,102,109,0,False,,0,False,,0,,False,,4.52,0.4,32840,f69d4bdfe3cbc15b989a2e56d1f90ed20464502d6796f17b5456aec0975aee7c,7461.105,7460.5,5600,exact-open-set-id-v2,1788060185971486280,127,127,2049,16464,87f81f7d7076553c50f91ac3d915dddfe47da9fdef3c72d99e39da81ba6e706e,5.879,
204,primary_test_impostor,699,1627,primary_test_impostor,0,263,75,1065,0,False,,0,False,,0,,False,,5.126,0.43,32840,67a4a6b4228b768b0297f0292a0bafc292963981de4a12f2e284c6a1d92aee10,7390.075,7389.5,5600,exact-open-set-id-v2,1788060185971486280,127,127,2049,16464,7fcfb885c2141db1d757c09c7ff961f922827e7127bef5e79940624c5b1580ca,6.112,
205,primary_test_impostor,700,1628,primary_test_impostor,0,198,2,10,0,False,,0,False,,0,,False,,7.62,0.43,32840,a956aac3c0142036eb0a61386fcfa45cebff72242b417f462f39f0f35ebbbc68,7371.223,7370.6,5600,exact-open-set-id-v2,1788060185971486280,127,127,2049,16464,7e91be28e6c4706fdf7637339399fe6ddfc8f85114a08bd3b79692ed0d6e5d6f,5.532,
206,primary_test_impostor,701,1629,primary_test_impostor,0,126,93,1081,0,False,,0,False,,0,,False,,5.332,0.51,32840,dd235b4f8e2a545b7fd380dde57c82f9521ac882ae859461e0a557399b3de254,7538.741,7538.1,5600,exact-open-set-id-v2,1788060185971486280,127,127,2049,16464,b84612d7007a229af4eea2c787e648b649a88dfac5f184920f9ea0521dc8feeb,5.454,
207,primary_test_impostor,702,163,primary_test_impostor,0,131,45,1038,0,False,,0,False,,0,,False,,4.239,0.4,32840,9d84288e14faca99401e4473dbe67bc189d77446619f96cf28d03836375f535c,7426.063,7425.4,5600,exact-open-set-id-v2,1788060185971486280,127,127,2049,16464,40ca1fcf5058c1984f9805a31c1e4736a9a8f5b1ed056ddbd657cdc35a6f3cfa,5.205,
208,primary_test_impostor,703,1630,primary_test_impostor,0,130,61,1052,0,False,,0,False,,0,,False,,4.191,0.39,32840,4793ba7a141213e975a315dd23e00c9998d795a189ca40d8b2b261eab2b371e5,7847.848,7847.2,5600,exact-open-set-id-v2,1788060185971486280,127,127,2049,16464,ea5e7a6f532b5d9acf96b1d2fd903642fa9f5e0a0794a4c4ea9be7dbdffe0019,10.119,
209,primary_test_impostor,704,1631,primary_test_impostor,0,152,2,10,0,False,,0,False,,0,,False,,10.914,0.48,32840,07d5a91d5b7002487bc22f773f3fabc50bd4cd72753366bad6eb6565f0f228ff,7857.517,7856.8,5600,exact-open-set-id-v2,1788060185971486280,127,127,2049,16464,febb31f2698767ee83e6ee678150987ab02ef5979d2f0ba24e471daeb1ff1118,6.479,
210,primary_test_impostor,705,1632,primary_test_impostor,0,234,124,1109,0,False,,0,False,,0,,False,,6.879,0.45,32840,945fe7ccb3e271341b898c9044bac00cf8cfb6d6bc235e2cd2849e03a85ddb45,7786.812,7786.2,5600,exact-open-set-id-v2,1788060185971486280,127,127,2049,16464,e0e437fa52931c12763bce2e5c221ee742f987ba16230eca66176bc00aeb8e0e,6.148,
211,primary_test_impostor,706,1633,primary_test_impostor,0,196,0,0,0,False,,0,False,,0,,False,,5.54,0.47,32840,d465bc218befc7422a4f610ebe98ec2a0d06acae4ae9ba4f87e8f99a3fda1bb6,7833.846,7833.1,5600,exact-open-set-id-v2,1788060185971486280,127,127,2049,16464,ae0226711cc2674d321e1961f09aa7d9db2c59d6891d96d374ea97bf699eb0c2,5.665,
212,primary_test_impostor,707,1634,primary_test_impostor,0,144,121,1106,0,False,,0,False,,0,,False,,4.965,0.41,32840,259480ab4c8b7e3f326f897674f017d6f5febddee66de736d2e297bff33eaa3c,7757.843,7757.1,5600,exact-open-set-id-v2,1788060185971486280,127,127,2049,16464,6df51f602d071be150e6201233243a5c0753bb5b1a3044d5b12c91b19598766c,9.101,
213,primary_test_impostor,708,1635,primary_test_impostor,0,123,25,102,0,False,,0,False,,0,,False,,5.57,0.5,32840,a9a4dd940e7765c4d31fe1a4260dd29d51df5ae6fad1af7dd3db20b4a0a0916b,7654.629,7653.9,5600,exact-open-set-id-v2,1788060185971486280,127,127,2049,16464,8a86329f183f4a88850d177d92be425705476ba2a8de1030dba78341afc807b4,4.944,
214,primary_test_impostor,709,1636,primary_test_impostor,0,118,102,109,0,False,,0,False,,0,,False,,4.13,0.39,32840,41be465bd251e084891029473b7b2d5dfc7062125ece4cddce48e79103060349,7592.431,7591.8,5600,exact-open-set-id-v2,1788060185971486280,127,127,2049,16464,5be4d9d26bde46b87285283c91b5f6fb8aa4aea81fe7bb61c80257ad9b4ca87b,4.779,
215,primary_test_impostor,710,1637,primary_test_impostor,0,289,81,1070,0,False,,0,False,,0,,False,,4.493,0.44,32840,1b559cb45c19893406a92d31726278642d9ce50ce65170eb050c855a52fea428,7449.982,7449.4,5600,exact-open-set-id-v2,1788060185971486280,127,127,2049,16464,e7880ac4dd4e7dd9b3eeeb265531696ced9a64b7ac63dfd0a5db5d482507ee16,8.274,
216,primary_test_impostor,711,1638,primary_test_impostor,0,146,60,1051,0,False,,0,False,,0,,False,,5.01,0.4,32840,76c38e23dacada8234f501959fcf3e529230076c44330d90b19a4654e048cf1a,7412.544,7411.9,5600,exact-open-set-id-v2,1788060185971486280,127,127,2049,16464,e7ba2c609cf4e5e289b7a132842cf056db48cbb42ff20aab3de680d08f677a3a,5.234,
217,primary_test_impostor,712,1639,primary_test_impostor,0,132,46,1039,0,False,,0,False,,0,,False,,4.777,0.43,32840,695d0c17e74e365610551760ad1fa2b995097babd1bfbc2bf84371b183837569,7602.803,7602.2,5600,exact-open-set-id-v2,1788060185971486280,127,127,2049,16464,3f11be32aeccf57cf5351436aaf35a0332573044c4afc6152bf96792dd197794,4.962,
218,primary_test_impostor,713,164,primary_test_impostor,0,196,80,107,0,False,,0,False,,0,,False,,4.632,0.39,32840,8e7082ac6c0ca80e5d3280a7b3cbfbff087bfee400a120e00a19c062b674185a,8113.26,8112.5,5600,exact-open-set-id-v2,1788060185971486280,127,127,2049,16464,8c96ce6a63f6772ea796f193d5a8b20c8a3a0907c6468c5b069c78e463979f22,4.936,
219,primary_test_impostor,714,1640,primary_test_impostor,0,93,63,1054,0,False,,0,False,,0,,False,,6.251,0.55,32840,398d129353c75e5f6f89a0d657c8635fdba1bd6ceedfdfa3ecfa4d22bdce81d8,8111.067,8110.5,5600,exact-open-set-id-v2,1788060185971486280,127,127,2049,16464,32c91a7ed5b6d071d7f4815cc601e593d67685ecaf4f208fce9c412480a8b2d0,5.643,
220,primary_test_impostor,715,1641,primary_test_impostor,0,100,46,1039,0,False,,0,False,,0,,False,,5.108,0.43,32840,9f8370cd3ed92fe7f6c8beaabbe575ccf7f543059a3c5d876245dbc80a509c1c,8217.887,8217.2,5600,exact-open-set-id-v2,1788060185971486280,127,127,2049,16464,18cc34c068fbd440de16efda2ee66bfe35bacbf2176822bddc454d732bc28d8b,5.553,
221,primary_test_impostor,716,1642,primary_test_impostor,0,227,120,1105,0,False,,0,False,,0,,False,,5.315,0.45,32840,33bf838604ebdf66a79265446522d4c07f24c2e02600140c338f165fd245bbf3,7716.908,7716.3,5600,exact-open-set-id-v2,1788060185971486280,127,127,2049,16464,5e345de22c7b99d1099a21c822772de3547b7af8448015acbafe86b4099eb2e0,5.44,
222,primary_test_impostor,717,1643,primary_test_impostor,0,183,75,1065,0,False,,0,False,,0,,False,,4.942,0.44,32840,b7da0d00904211a7066086561301c9d703f95f943a929ab94e7970a2c9f93e17,7564.612,7563.9,5600,exact-open-set-id-v2,1788060185971486280,127,127,2049,16464,dcd4f21629e2f3e5e8cd30da30628a18b93650a2fc2ebe678825328e59940224,5.3,
223,primary_test_impostor,718,1644,primary_test_impostor,0,278,47,104,0,False,,0,False,,0,,False,,4.833,0.45,32840,fa9414b27b64d3eb5ff4da9124691a4fb706a113cfb13f330c2eb61ff9523d72,7645.245,7644.6,5600,exact-open-set-id-v2,1788060185971486280,127,127,2049,16464,74281873a53ab7bf33528a44ef00b3a9ce3b44b459f74c75e1b0d75edc983034,5.618,
224,primary_test_impostor,719,1645,primary_test_impostor,0,111,64,1055,0,False,,0,False,,0,,False,,5.211,0.44,32840,3ea734e2f6b07316fccff5f0c992e003a637645256dff0900d1fd2afd560ade8,7451.418,7450.8,5600,exact-open-set-id-v2,1788060185971486280,127,127,2049,16464,2751a4e9c8bf7871af24037dd43a1c58549621e86f60c08227a26c494415478d,4.963,
225,primary_test_impostor,720,1646,primary_test_impostor,0,223,86,1075,0,False,,0,False,,0,,False,,4.127,0.39,32840,97ab9a5e36e8811796d8a8124521c009fd74981c30f1d0db8ad0f7e9ac27bd2d,7456.26,7455.7,5600,exact-open-set-id-v2,1788060185971486280,127,127,2049,16464,6f69caf7d9cdc77795dc27608fe5afd6d1365aa62b6294d1cf2e1d25fa1c8c3a,5.951,
226,primary_test_impostor,721,1647,primary_test_impostor,0,196,48,1040,0,False,,0,False,,0,,False,,5.026,0.4,32840,e113c9c8a9075eb7099b05a4f681be19740e4b9185e6c003fce3897fd5194937,7721.284,7720.7,5600,exact-open-set-id-v2,1788060185971486280,127,127,2049,16464,1457546206141678833f75cca13fdaafdce230c89d8fd43be6484042c6581429,4.87,
227,primary_test_impostor,722,1648,primary_test_impostor,0,89,81,1070,0,False,,0,False,,0,,False,,5.081,0.42,32840,d6db4e1f01cbd126a6cd1d2fc2ae8ee8dc3a75e52fe4e3000ed797ac00df9e84,7617.969,7617.4,5600,exact-open-set-id-v2,1788060185971486280,127,127,2049,16464,ecad23d6875a7a29b95caf815c2a686a6f8645b4a3d7faf0a690a5e2d75fd25b,5.796,
228,primary_test_impostor,723,1649,primary_test_impostor,0,175,112,1099,0,False,,0,False,,0,,False,,4.775,0.44,32840,5a51904f1757a083a395ddecdf8596a72f370d530b6abda53b72890a3575ca6f,7393.924,7393.2,5600,exact-open-set-id-v2,1788060185971486280,127,127,2049,16464,c15a89e2af15d60cd198e03efb61849c52e5e07b62c208a29cb5df341f5c1b64,5.575,
229,primary_test_impostor,724,165,primary_test_impostor,0,269,88,1077,0,False,,0,False,,0,,False,,4.923,0.42,32840,19a01a71a3ab2d2d76e3a42abba52119569a1e1b0ee6082fcd12e54b8e07c5ad,7319.535,7318.9,5600,exact-open-set-id-v2,1788060185971486280,127,127,2049,16464,5b8c595c3216fbfd0202a7ccf0856854c94c4b95a65cc196c885a32c207c2422,5.346,
230,primary_test_impostor,725,1650,primary_test_impostor,0,108,10,1006,0,False,,0,False,,0,,False,,4.396,0.42,32840,c1c063e3a86c9b24d11e5c5cb7b2af99eb5e055acc49b20bae50a76ea3123243,7436.082,7435.5,5600,exact-open-set-id-v2,1788060185971486280,127,127,2049,16464,1db3e6c27e039ef67e649bc06ca90be845396aa8f86a31aaae52952f72a1ef7c,5.079,
231,primary_test_impostor,726,1651,primary_test_impostor,0,254,46,1039,0,False,,0,False,,0,,False,,5.059,0.44,32840,069743db65335435a3a8d6e118d7b5ec7df68c9470807beba28b4658996da578,7524.58,7523.9,5600,exact-open-set-id-v2,1788060185971486280,127,127,2049,16464,b95adb820465cd3b8dbcb964a11e04f9dcc7c9a44c026045de628d26042e86d3,6.18,
232,primary_test_impostor,727,1652,primary_test_impostor,0,164,17,1012,0,False,,0,False,,0,,False,,4.502,0.41,32840,f42e26f7bebeeb2402744bd30a2c57057ec113479490ca9328b566f70eeb6abc,7450.895,7450.1,5600,exact-open-set-id-v2,1788060185971486280,127,127,2049,16464,4f6a13579563dfc93461f027bc1c88fcbdcbfd832e850cca2df978368b3f75fd,4.826,
233,primary_test_impostor,728,1653,primary_test_impostor,0,225,88,1077,0,False,,0,False,,0,,False,,4.626,0.4,32840,21926b11e686ca88040c3daac8fc6e656fd6d5ec5e2c3c7331064375efda3aaa,7492.612,7492.0,5600,exact-open-set-id-v2,1788060185971486280,127,127,2049,16464,f63fc814f512d096dec7505c1b5cba63de2de0ca7ca9de0e318801826aefb237,4.846,
234,primary_test_impostor,729,1654,primary_test_impostor,0,152,92,1080,0,False,,0,False,,0,,False,,4.824,0.43,32840,c03531fdbf26fa5a1019867a0734be8aab42b838b66d3adedd9df17185bcd6a5,7435.123,7434.5,5600,exact-open-set-id-v2,1788060185971486280,127,127,2049,16464,bad3dcd6fbd8c4299fdac3cc07adffd4f6dab5e365a77bedcfbd098b65522105,4.884,
235,primary_test_impostor,730,1655,primary_test_impostor,0,126,23,1018,0,False,,0,False,,0,,False,,4.327,0.39,32840,fb2ad1cbba942d74c7d6a77b50044d52fef8666c33b2672d2b4ee97cd69de25b,7434.594,7434.0,5600,exact-open-set-id-v2,1788060185971486280,127,127,2049,16464,e45c017a9ff847958bdd78ed2f11824ed09b4c2c3b6519d5b4166b3f5c703bbd,4.646,
236,primary_test_impostor,731,1656,primary_test_impostor,0,134,102,109,0,False,,0,False,,0,,False,,4.667,0.5,32840,4cfcb90199f5b9b0f10720ae27bf4b2cb235cd853fb48ed0eed9dd224fee0351,7396.217,7395.6,5600,exact-open-set-id-v2,1788060185971486280,127,127,2049,16464,69f550943d6eddb4a701a1ab0e56960482668ff7d2a38f066494cb1c5dd78cba,4.773,
237,primary_test_impostor,732,1657,primary_test_impostor,0,158,46,1039,0,False,,0,False,,0,,False,,4.592,0.39,32840,49a69d03318606b3b64a45361ca73f708961bae4d9a48ef7c9208fbb811c6bc5,7374.272,7373.5,5600,exact-open-set-id-v2,1788060185971486280,127,127,2049,16464,0e51b06183ddaf353198e6d5d35d73e8cf535679c0265137393e60336a7a3591,14.725,
238,primary_test_impostor,733,1658,primary_test_impostor,0,150,121,1106,0,False,,0,False,,0,,False,,8.836,0.72,32840,13de3ef12d0b8569b08bead801e19299a53de3569d9082cd20ff463953bb69eb,7511.465,7510.7,5600,exact-open-set-id-v2,1788060185971486280,127,127,2049,16464,117f12dfef51b93b1ffd9e6924e1ac83080ea4423c2e984672d0c6c7da8afecd,4.994,
239,primary_test_impostor,734,1659,primary_test_impostor,0,188,61,1052,0,False,,0,False,,0,,False,,4.201,0.41,32840,5444083561a5298029dbbdb4ca88bf99d41711fd138103e24bb4f796ec3462a8,7409.007,7408.2,5600,exact-open-set-id-v2,1788060185971486280,127,127,2049,16464,147be72ce34bf246e4a4785eefcc49d6f69c9bddd46f865a14ee36a71276aaf6,5.972,
240,primary_test_impostor,735,166,primary_test_impostor,0,214,2,10,0,False,,0,False,,0,,False,,5.013,0.44,32840,b99fe221b6d1c0812cf1c2629118d90070d0ae86947759c9cab7e82886f5be55,7718.622,7717.7,5600,exact-open-set-id-v2,1788060185971486280,127,127,2049,16464,b3c409c55d3b8a84aead55c3e14c483006b8f1fe5882a24323de54d9a7a43707,11.86,
241,primary_test_impostor,736,1660,primary_test_impostor,0,154,103,1090,0,False,,0,False,,0,,False,,10.427,0.47,32840,722be368722c4e4e4ed08e2422e4f2f562a0230d943c7dd0bce77b5166279c26,7527.629,7527.0,5600,exact-open-set-id-v2,1788060185971486280,127,127,2049,16464,84c70d2753ac96c651c303d12c362e87b60f53b06ceb4427292a5c60f5ce6e83,5.527,
242,primary_test_impostor,737,1661,primary_test_impostor,0,155,29,1023,0,False,,0,False,,0,,False,,4.75,0.4,32840,5c1b5a997b7bb1817f3d676071a5c7e7f3a3e51d7853639adbe6ca2625c08a8e,7769.54,7768.8,5600,exact-open-set-id-v2,1788060185971486280,127,127,2049,16464,c539904d76c01bc55fd0d9c42f9e44b26d8e521860c2be3621aa33d82844db8c,6.143,
243,primary_test_impostor,738,1662,primary_test_impostor,0,239,75,1065,0,False,,0,False,,0,,False,,5.029,0.46,32840,9bceb3decd7def9e6e22347de297626827a4836ca31ea47a1f0559039f0a6fc7,7379.287,7378.7,5600,exact-open-set-id-v2,1788060185971486280,127,127,2049,16464,7b327cbdf73b2c8e72878da5ac9ce35a7fa15d2dffd7acc07e4ad989b9d27380,5.779,
244,primary_test_impostor,739,1663,primary_test_impostor,0,194,3,100,0,False,,0,False,,0,,False,,4.733,0.43,32840,db1435e61e2028dbcef19e4db11f14744a7b46624938217c0c92c6a00b32172c,7470.398,7469.8,5600,exact-open-set-id-v2,1788060185971486280,127,127,2049,16464,bc637957362f1d00976557b2d7ab28ac1e7f7618058971f026e2866ef42d148b,5.359,
245,primary_test_impostor,740,1664,primary_test_impostor,0,140,100,1088,0,False,,0,False,,0,,False,,4.509,0.39,32840,b9574b170c86b5e5a2ad29f0f37875272cf385de8dfe91f598aba94e41080429,7484.929,7484.3,5600,exact-open-set-id-v2,1788060185971486280,127,127,2049,16464,38c009ce9efa61b590cb845193d3319b8325c0ab6bc45887865a6e9a1d27a223,5.991,
246,primary_test_impostor,741,1665,primary_test_impostor,0,243,51,1043,0,False,,0,False,,0,,False,,5.37,0.42,32840,7fb2354932f00f18b12e68a58fd8c2a48ed0f59e7e57b564186133030e0da548,7398.125,7397.5,5600,exact-open-set-id-v2,1788060185971486280,127,127,2049,16464,9dff961e74f84063d2eb8a80710190ed07cced9496bef45585a67f116954e69a,6.57,
247,primary_test_impostor,742,1666,primary_test_impostor,0,200,113,11,0,False,,0,False,,0,,False,,4.486,0.42,32840,9d7bef73979e3291057c6b8ba5b9aa8d2d289db77f923dd08dee042ac98f924e,7691.636,7691.1,5600,exact-open-set-id-v2,1788060185971486280,127,127,2049,16464,8c2997ccc85259b64c7d123feff1a74fd660671e03d10c5c8f9b60da84769a2b,5.248,
248,primary_test_impostor,743,1667,primary_test_impostor,0,134,80,107,0,False,,0,False,,0,,False,,5.603,0.44,32840,229dd57ff4f7713c78442d18c77077f6327efe43643c0679f34f076e141dab4e,7726.744,7726.1,5600,exact-open-set-id-v2,1788060185971486280,127,127,2049,16464,f1f783bbeacd877f11c990ce6ddde7513cd5b1c01b63f86d759f73b99018f338,5.743,
249,primary_test_impostor,744,1668,primary_test_impostor,0,221,40,1033,0,False,,0,False,,0,,False,,5.019,0.44,32840,551ad3f8cea57ea4e9fb523aeef0674bc49f0b0b7f9fced61c01aea13c7afcef,7577.014,7576.3,5600,exact-open-set-id-v2,1788060185971486280,127,127,2049,16464,af9c7f51b76726911be1080bbba0e6549e946214acda0db7eb0ee359cb6a4374,5.61,
250,primary_test_impostor,745,1669,primary_test_impostor,0,136,62,1053,0,False,,0,False,,0,,False,,5.503,0.44,32840,5eabeba46844727a3098e63c5824544176a0ca40ef1ae1d5eef96c8bd6d05cc3,8219.342,8218.7,5600,exact-open-set-id-v2,1788060185971486280,127,127,2049,16464,89ce8eec6b5600ee314d81c4ddce9b6e767bb7c4d773f21229f98cd5ba8378c2,5.341,
251,primary_test_impostor,746,167,primary_test_impostor,0,143,86,1075,0,False,,0,False,,0,,False,,5.312,0.46,32840,62c85b2cbb3b99173c8058bcdf5dd5af9ff0c1341b607936bb45f975202e24f5,8365.474,8364.8,5600,exact-open-set-id-v2,1788060185971486280,127,127,2049,16464,2696cdf10a67946497887362133d6057a4ff8572d155d1fc23fb6e0a6eac3334,5.208,
252,primary_test_impostor,747,1670,primary_test_impostor,0,44,102,109,0,False,,0,False,,0,,False,,5.074,0.43,32840,33edd2c7d74c2e3fd6a5cc074af7c052a8b5f8a866f76db25b69c1b86c1d9cfd,8408.54,8407.3,5600,exact-open-set-id-v2,1788060185971486280,127,127,2049,16464,6992606baaa617dd2cef59afc9d8329dedf72766d6ea9491068574e9e0e75afb,6.236,
253,primary_test_impostor,748,1671,primary_test_impostor,0,108,4,1000,0,False,,0,False,,0,,False,,6.084,0.46,32840,511d185df58715ad748b935f59d5229c9655f5c56f6bb2f7a6b8a1bd250ffb61,7811.198,7810.6,5600,exact-open-set-id-v2,1788060185971486280,127,127,2049,16464,fda9ca55391eb82686975b4a712dce6dbfa49cf1b7b79761b038525e2fdb5e32,5.582,
254,primary_test_impostor,749,1672,primary_test_impostor,0,122,2,10,0,False,,0,False,,0,,False,,4.998,0.42,32840,5712b7ea27bbc8c5d48d9beeb348dee32560162da9ee8de516be8df01881a4e5,7770.012,7769.4,5600,exact-open-set-id-v2,1788060185971486280,127,127,2049,16464,fd997c7ce338e1d028a136068fe10b85440df50dccdd3c366654f0dd5e1ce10e,5.973,
255,primary_test_impostor,750,1673,primary_test_impostor,0,284,97,1085,0,False,,0,False,,0,,False,,5.737,0.44,32840,a8fd2f996d4fbbc0d1b2a4edd50840dbbe264c9461fd887d48e6a8ee5dfb9fb8,7612.319,7611.3,5600,exact-open-set-id-v2,1788060185971486280,127,127,2049,16464,fc25071bcbaf0bbca2129e1399ef3dd7e1182a8b89db10e4e516a197af972083,5.801,
256,primary_test_impostor,751,1674,primary_test_impostor,0,150,117,1102,0,False,,0,False,,0,,False,,6.056,0.44,32840,9ecb1055a4c782600b990f9cc78aac65cdf44a5f1b1c7b21b0b200ba399c1243,7553.712,7553.1,5600,exact-open-set-id-v2,1788060185971486280,127,127,2049,16464,175d7260b8aef7a6312f2ccc4039104b3eb16ca27fb1690d303f9cf11b88db5e,5.067,
257,primary_test_impostor,752,1675,primary_test_impostor,0,65,34,1028,0,False,,0,False,,0,,False,,4.916,0.51,32840,798295dc5b0db9e4e6a36905317fc8cff5eb2c9da56adc2b64a463d64f64d81e,7473.111,7472.5,5600,exact-open-set-id-v2,1788060185971486280,127,127,2049,16464,8fa001b6163f3850bce9159442a0d8bf7d3811fd1c15b43b2828c88722612425,4.999,
258,primary_test_impostor,753,1676,primary_test_impostor,0,222,2,10,0,False,,0,False,,0,,False,,4.665,0.39,32840,8ae417513e56a5fc1246d24ab853db5c61b294d6e769635b9d1f914c3f626584,7547.499,7546.9,5600,exact-open-set-id-v2,1788060185971486280,127,127,2049,16464,0e4e3eca684bc0d1b24afc0c2aec1025673a9eec8137f7d52b9d40f8a24f5f2f,5.364,
259,primary_test_impostor,754,1677,primary_test_impostor,0,222,21,1016,0,False,,0,False,,0,,False,,4.714,0.51,32840,785119ed1a8b88ac8d33dc219e966cecd2f4d6fafcc9d1c7b34f30acc1310446,7574.218,7573.6,5600,exact-open-set-id-v2,1788060185971486280,127,127,2049,16464,9d40e25bc69c66cb555949e7f5c409ea0498b9708d0348b29454b23a5b4890bf,5.673,
260,primary_test_impostor,755,1678,primary_test_impostor,0,152,27,1021,0,False,,0,False,,0,,False,,4.728,0.41,32840,c70cbd95737bbb25358dae67744ae9389d4139928ab9ccb4cf85c14b5111a783,7657.297,7656.7,5600,exact-open-set-id-v2,1788060185971486280,127,127,2049,16464,af88dad6eebf97a997f3be61de098670153bf2f17f0b4d5552a46f96932d36dd,4.966,
261,primary_test_impostor,756,1679,primary_test_impostor,0,239,9,1005,0,False,,0,False,,0,,False,,4.526,0.4,32840,163f33ed14f694b870f0fcfd51402e521a9b9221eb257f5d8aa9c17e299e0906,7421.64,7421.0,5600,exact-open-set-id-v2,1788060185971486280,127,127,2049,16464,34eac2c87f06facfdcae9f70a341142ebafebb2149912f4413e8314b4aa98cc1,5.458,
262,primary_test_impostor,757,168,primary_test_impostor,0,253,24,1019,0,False,,0,False,,0,,False,,4.581,0.42,32840,d4c2f3d6f81718a3547be00757a9eccc98f762e2905f89c5fa03b0958414d48f,7494.629,7494.0,5600,exact-open-set-id-v2,1788060185971486280,127,127,2049,16464,b8bfee02462ecc954875f9fa9b46875a7984932b247e806da2fab81f6432b5c7,5.634,
263,primary_test_impostor,758,1680,primary_test_impostor,0,3,45,1038,1,True,45,46,True,45,46,digiface-45-1038,False,,4.738,0.39,32840,0a9ed611d4b72378cff76b1d8d85a7caffb8886026f6724b9168dc484ca8d4b0,7462.661,7462.1,5600,exact-open-set-id-v2,1788060185971486280,127,127,2049,16464,7c921655d8ec11a455a34a497d42886c02750110df7aea438af5891161111ae9,5.527,
264,primary_test_impostor,759,1681,primary_test_impostor,0,189,19,1014,0,False,,0,False,,0,,False,,7.048,0.43,32840,a7a08f4227daad0c4c5e4eb3efb3e4b77b8b53c18445f4f1fb2db9d4980c5013,7386.537,7385.9,5600,exact-open-set-id-v2,1788060185971486280,127,127,2049,16464,d82edf235a8a638661b4718cb027b7b0e9c6f546f932b13c33c19cbfd3e155ee,5.564,
265,primary_test_impostor,760,1682,primary_test_impostor,0,205,88,1077,0,False,,0,False,,0,,False,,5.254,0.45,32840,69353f50570efddaf17d2f7042f96e231e49d0360341f7abf1dde8fd4fc4596f,7537.303,7536.6,5600,exact-open-set-id-v2,1788060185971486280,127,127,2049,16464,6661296ebb7c774f8d2af3ff98a6ba5c1f8da5e84620461fdf6b012f570fae66,6.533,
266,primary_test_impostor,761,1683,primary_test_impostor,0,223,108,1095,0,False,,0,False,,0,,False,,5.105,0.41,32840,53f65190ad4f66c7e302ba39a37b0e8bda1cbaab0ff112d7360e3d8b7924ec1e,7537.645,7537.0,5600,exact-open-set-id-v2,1788060185971486280,127,127,2049,16464,814727bcb541a46258642d334b1a3c36bb5ed6739d3b2b94cf746ed785ddbf2c,5.373,
267,primary_test_impostor,762,1684,primary_test_impostor,0,181,24,1019,0,False,,0,False,,0,,False,,4.67,0.39,32840,3168545c731aec97ed30f75ec191ed62d336b05a79d8a106acdd18e6e6cc39ca,7472.237,7471.6,5600,exact-open-set-id-v2,1788060185971486280,127,127,2049,16464,58321753f318c2300e7f1842f20f0c89373c86a9c21d4f4d9a7a064177f9e6d1,5.042,
268,primary_test_impostor,763,1685,primary_test_impostor,0,183,116,1101,0,False,,0,False,,0,,False,,4.244,0.4,32840,265f534107b8034eba96e03c2e983b12192967093dcd780860b73b69d8412505,7388.435,7387.8,5600,exact-open-set-id-v2,1788060185971486280,127,127,2049,16464,85b535130697816dbd69fb9da04d95449de407d148fb721be597946b34c598cc,23.82,
269,primary_test_impostor,764,1686,primary_test_impostor,0,127,68,1059,0,False,,0,False,,0,,False,,11.567,0.44,32840,d1bc03300b6799269ad22943bae9db5b9225e5d9f23976155475fdf9be77fd36,7427.331,7426.7,5600,exact-open-set-id-v2,1788060185971486280,127,127,2049,16464,eb965b352a40c4d2cb1651dc799de235aff62c82bbfcd51c72e54f07bcd56958,5.901,
270,primary_test_impostor,765,1687,primary_test_impostor,0,89,81,1070,0,False,,0,False,,0,,False,,5.375,0.44,32840,967cc7e7f5cb785b4912c72b9727c0af7fe9a9faed92dbc7fe16a18b53787fbb,7390.138,7389.5,5600,exact-open-set-id-v2,1788060185971486280,127,127,2049,16464,cc9c3c9685427e830668b290b1418b50bababa73ee12b80a5d793408626a5c7b,4.993,
271,primary_test_impostor,766,1688,primary_test_impostor,0,177,32,1026,0,False,,0,False,,0,,False,,4.675,0.47,32840,f45b7be5927ff21b8b6c0cae79fb581edf4d45de11f38ab55cec53fcea985719,7467.346,7466.8,5600,exact-open-set-id-v2,1788060185971486280,127,127,2049,16464,6ab4af19ffe50bbdf1b8e9ea0103f00ca898b548fdbd2bd13371c3f18fc64870,4.766,
272,primary_test_impostor,767,1689,primary_test_impostor,0,119,81,1070,0,False,,0,False,,0,,False,,4.966,0.4,32840,f69fe9793ba98acf585277d7aaf16cd1c645989dc7534035b26ca2b5f6a4a9a3,7394.655,7394.1,5600,exact-open-set-id-v2,1788060185971486280,127,127,2049,16464,169685302bdb3accee0d8dd83199a62bd60af6d24b0e5725ded2570e567a21a7,4.594,
273,primary_test_impostor,768,169,primary_test_impostor,0,47,65,1056,0,False,,0,False,,0,,False,,4.717,0.42,32840,9b1cae53b31be11940458039624ad042c19a873aacf43fba50c019ba5a569977,7684.971,7684.3,5600,exact-open-set-id-v2,1788060185971486280,127,127,2049,16464,d04362824a08a1d522922b5c467d370060aad77d64d03700eaede4b7ddc2abe0,9.742,
274,primary_test_impostor,769,1690,primary_test_impostor,0,186,3,100,0,False,,0,False,,0,,False,,6.18,0.46,32840,ccb3de0e577be14e3927d16f7adccc7fc3f5866066e76149894f9723eca3e66b,7428.692,7427.9,5600,exact-open-set-id-v2,1788060185971486280,127,127,2049,16464,75bde23f37bfb479e76d503ddee5667102d84d86968ffa3cbb1a09dbc15e25ac,5.413,
275,primary_test_impostor,770,1691,primary_test_impostor,0,217,51,1043,0,False,,0,False,,0,,False,,4.77,0.41,32840,25a644f765d411f0eb27ab7b018d68e0d50f14527a029f20ad15ed77efe8df8a,7407.629,7407.0,5600,exact-open-set-id-v2,1788060185971486280,127,127,2049,16464,7730220fd6363819e29dde6dd51a78c9f00098a2577734b70be26f5bf37e0b07,5.386,
276,primary_test_impostor,771,1692,primary_test_impostor,0,154,61,1052,0,False,,0,False,,0,,False,,6.215,0.46,32840,eefad3b30dfeb5fc2308b50d60a866ee782be6256dc3a45a13daaf68f9d5a506,7760.134,7759.4,5600,exact-open-set-id-v2,1788060185971486280,127,127,2049,16464,ff78f2bc0744456466dc488d50a021a2d9eea3a0a2e4477b6d1c8156968f748b,4.974,
277,primary_test_impostor,772,1693,primary_test_impostor,0,252,125,111,0,False,,0,False,,0,,False,,4.07,0.38,32840,181df50f6157284e4f1aa1d2d664b282358bae8986e2df9c758fa1bf1d9bf82f,7360.471,7359.8,5600,exact-open-set-id-v2,1788060185971486280,127,127,2049,16464,7a33e1ce742b32a946cb7d3692dbba245e897d491d91c5facf2a1232196d4c22,4.979,
278,primary_test_impostor,773,1694,primary_test_impostor,0,254,2,10,0,False,,0,False,,0,,False,,4.685,0.4,32840,5fa6926fab8594ce612006853005107b0bb88ce37d1a4800f3027879e949d711,7501.115,7500.5,5600,exact-open-set-id-v2,1788060185971486280,127,127,2049,16464,e75351d6487320b43fba077f78843534f07c32aba244d73c6bce6c4dd2e63dc8,4.787,
279,primary_test_impostor,774,1695,primary_test_impostor,0,173,81,1070,0,False,,0,False,,0,,False,,4.272,0.4,32840,33984bfeee58cdd1a4dc27bcafdc7bd84466fcebb47651da0944b032a4ab9acb,7443.081,7442.5,5600,exact-open-set-id-v2,1788060185971486280,127,127,2049,16464,37aaa0442234a1ec244e47d90452253f77777d429e31cd7870c6fbc64dbbc2c2,5.278,
280,primary_test_impostor,775,1696,primary_test_impostor,0,208,70,1060,0,False,,0,False,,0,,False,,4.793,0.43,32840,c967c9fd790560e2b63692190413e026ef028552652f8571cb9339016dde88f1,7372.65,7372.0,5600,exact-open-set-id-v2,1788060185971486280,127,127,2049,16464,6e0ff14a8b5fbacb87444422035e3f00a70bc1b9da3aeacc6ec83337060bafb8,4.834,
281,primary_test_impostor,776,1697,primary_test_impostor,0,254,85,1074,0,False,,0,False,,0,,False,,4.874,0.41,32840,47041cf2247d13293684790a34083692ab6d16818b1a2942bef7c13bd27633d9,7775.217,7774.5,5600,exact-open-set-id-v2,1788060185971486280,127,127,2049,16464,694dc2c430e6d58a61791f79127eb290877bf5eefcc1bf7a03228b49bad03649,5.759,
282,primary_test_impostor,777,1698,primary_test_impostor,0,146,46,1039,0,False,,0,False,,0,,False,,5.323,0.45,32840,5b23f6810e53f69778dfc4367581c97dc0029c31ff8ef8c6da91576f9c9995d4,8334.707,8333.9,5600,exact-open-set-id-v2,1788060185971486280,127,127,2049,16464,5183a99f1c3fabcd252188b7aa7091725bfccb3889a77c123968364c49489833,5.268,
283,primary_test_impostor,778,1699,primary_test_impostor,0,212,100,1088,0,False,,0,False,,0,,False,,5.248,0.45,32840,ee8412767deb3d99eaa562aea7f2d9727bf73afe0ac6964beefa18df3427d569,7889.282,7888.6,5600,exact-open-set-id-v2,1788060185971486280,127,127,2049,16464,9ca04ec1c6c51d96245224901033afd99c74b2598fe7fd4d43c1a14b13547c9e,5.926,
284,primary_test_impostor,779,17,primary_test_impostor,0,281,29,1023,0,False,,0,False,,0,,False,,5.686,0.49,32840,c0d2748fa361aafcfb03440173b6b2a8cbe950aac4e3af5a6646c797833f7b2a,7778.45,7777.7,5600,exact-open-set-id-v2,1788060185971486280,127,127,2049,16464,9f66cc35e4ffa1739e0a6746face5f6b0e615bcee8f7bbb5065643f19a513a58,6.708,
285,primary_test_impostor,780,170,primary_test_impostor,0,178,20,1015,0,False,,0,False,,0,,False,,7.324,0.56,32840,8c6d97a2dcf6b214bb7671723ec5680dbdb4619f00ce70e36ab84cc12cc627c7,7671.318,7670.7,5600,exact-open-set-id-v2,1788060185971486280,127,127,2049,16464,eb0392860be16b56b24cd266cd21c54edbdc2a38c6a564874e0c56525dcd4838,5.335,
286,primary_test_impostor,781,1700,primary_test_impostor,0,198,3,100,0,False,,0,False,,0,,False,,5.583,0.42,32840,5991715335d922726cbd463ea9e8c19f346c6e24497297ac277ec46fc58d0700,7816.445,7815.7,5600,exact-open-set-id-v2,1788060185971486280,127,127,2049,16464,0457ec9de547f1acbf57527adc6ca76280b76300904ad5c00f564b9f40a9e2a1,6.424,
287,primary_test_impostor,782,1701,primary_test_impostor,0,44,100,1088,0,False,,0,False,,0,,False,,5.782,0.48,32840,2f436ecae7e575cec77c59fc3774b5d6499a96e12bacc97b516a67e8da2af5c6,7537.028,7536.4,5600,exact-open-set-id-v2,1788060185971486280,127,127,2049,16464,9703288b866655bfe1d2a91867c2805d5283713698825a4323b1e6c9cc8a92f8,5.552,
288,primary_test_impostor,783,1702,primary_test_impostor,0,82,23,1018,0,False,,0,False,,0,,False,,6.581,0.44,32840,99836486b6b1916851820929d3abc70e88015cf90de96fed843f490a962f61d2,7678.604,7678.0,5600,exact-open-set-id-v2,1788060185971486280,127,127,2049,16464,9e77189a1b7058cd55c38c9d460da15ff88b6d62f1c07d6327f5656a49a64e6c,9.382,
289,primary_test_impostor,784,1703,primary_test_impostor,0,165,74,1064,0,False,,0,False,,0,,False,,6.992,0.43,32840,53c1b905897dbdb888942601e90e56901865a19bdf081741305b904b815fa738,7668.842,7668.2,5600,exact-open-set-id-v2,1788060185971486280,127,127,2049,16464,3df60ed71d08812c6a9afadb969e7146ca7cca68dc85001289c78534c8f38107,5.042,
290,primary_test_impostor,785,1704,primary_test_impostor,0,155,58,105,0,False,,0,False,,0,,False,,4.301,0.4,32840,f9d7e2a08715d67e7e5c4e5871f6ad1a33648232808fc3b3ea64d8fdbe0b9be2,7649.871,7649.3,5600,exact-open-set-id-v2,1788060185971486280,127,127,2049,16464,c534a8b6c2a5c00bba35f0e744eb8e8d1c945e64d387113bf4fd6c9e01ba4173,4.912,
291,primary_test_impostor,786,1705,primary_test_impostor,0,170,7,1003,0,False,,0,False,,0,,False,,5.274,0.43,32840,aa5b43ea498ac2aa0cfdbd922d9974a018b3d891ab607b63d1e52b3ac640a037,7661.803,7661.2,5600,exact-open-set-id-v2,1788060185971486280,127,127,2049,16464,6763c9e162963cb212637ad739553371d2685d0c1a3d71059e4cc01f9d83f9e8,5.841,
292,primary_test_impostor,787,1706,primary_test_impostor,0,187,64,1055,0,False,,0,False,,0,,False,,5.165,0.44,32840,c5920fc15d4b90e8b74932a829bbac1d02e19059950982cad94161a6cc20146e,7678.421,7677.8,5600,exact-open-set-id-v2,1788060185971486280,127,127,2049,16464,d4d68db2a68dd3c882d2192fb913a654618fd806e5ad4cf1c1f3ed4ae7743445,7.062,
293,primary_test_impostor,788,1707,primary_test_impostor,0,68,99,1087,0,False,,0,False,,0,,False,,4.52,0.45,32840,14fed915c5ab1b756dd1aa40c136f58033469db474bb2d4262c49e327c216a5f,7777.387,7776.7,5600,exact-open-set-id-v2,1788060185971486280,127,127,2049,16464,9f5f1959005819eeff6932fa9a6e8af7881aa763800d0990e381669793e5bb3c,4.758,
294,primary_test_impostor,789,1708,primary_test_impostor,0,151,114,110,0,False,,0,False,,0,,False,,4.851,0.42,32840,30a986679972100dea6c5184bffe0914e3032f014031bb9abe6cb75f5fecce5f,7548.476,7547.8,5600,exact-open-set-id-v2,1788060185971486280,127,127,2049,16464,ae12c8a7b55ba388789eabdb1678989e8332a100f215c5785cbf7ae451bbf1a8,5.153,
295,primary_test_impostor,790,1709,primary_test_impostor,0,172,23,1018,0,False,,0,False,,0,,False,,4.497,0.39,32840,41227eec3c947c85a24026cc1350d52909a4326f3d64e48dce08a26748956535,7491.958,7491.3,5600,exact-open-set-id-v2,1788060185971486280,127,127,2049,16464,f88ea583cab9a13eb116d76bbeddb12d6c3d9a2daf6404476421177c85d6de2e,5.118,
296,primary_test_impostor,791,171,primary_test_impostor,0,159,63,1054,0,False,,0,False,,0,,False,,4.692,0.38,32840,e39afc8fd21993204be2f03d0f59269c57db98e7a2c408253f02fa30116cc72e,7383.791,7383.2,5600,exact-open-set-id-v2,1788060185971486280,127,127,2049,16464,6f21a5717e8b4b906610a6a7f0537d3c0d3fdaa5f7e716ea26917c5ce474c17b,5.792,
297,primary_test_impostor,792,1710,primary_test_impostor,0,89,111,1098,0,False,,0,False,,0,,False,,6.982,0.41,32840,0e194f36c10dc3488dc6b2a68d84bace608a54cd495f635093235c68a23eb003,7683.959,7683.3,5600,exact-open-set-id-v2,1788060185971486280,127,127,2049,16464,a85b1e5645b46def8acb9deafd36ec083154893c982fe591b02c7af74d47e0a3,5.205,
298,primary_test_impostor,793,1711,primary_test_impostor,0,255,86,1075,0,False,,0,False,,0,,False,,4.975,0.4,32840,40fabb2262f89b37fece24715b35af2785d2c3ea4858a00ab210ca39c77179d2,7631.182,7630.6,5600,exact-open-set-id-v2,1788060185971486280,127,127,2049,16464,902938865ca451843b3c92604bb2dd2897930cb215d43bdc6ede0b01e84f73dc,5.493,
299,primary_test_impostor,794,1712,primary_test_impostor,0,288,18,1013,0,False,,0,False,,0,,False,,4.779,0.41,32840,c64cb290b9005ef24b2d490fccb071fee904283a4be9f99c2df86f3540993881,7763.051,7762.4,5600,exact-open-set-id-v2,1788060185971486280,127,127,2049,16464,b9ac5a65712c45a8fcbd87189d2ec3f3a569b1116a9ff0900a718b4b29f84a26,5.607,
300,primary_test_impostor,795,1713,primary_test_impostor,0,322,61,1052,0,False,,0,False,,0,,False,,5.181,0.42,32840,c85156529f95f96ab488c003858c8f68689c690bbb7b0ff505d3107fef52c10b,7575.007,7574.2,5600,exact-open-set-id-v2,1788060185971486280,127,127,2049,16464,298d7d9eb7bbe9b10246e27905f0ef8611ad8a11a7849365e6210211a669b3ab,5.126,
301,primary_test_impostor,796,1714,primary_test_impostor,0,60,33,1027,0,False,,0,False,,0,,False,,4.91,0.44,32840,805c959c33c7ac23ee49a836c9c10cf3c3f34b7207e925c539c57ee70d35c72e,7763.172,7762.4,5600,exact-open-set-id-v2,1788060185971486280,127,127,2049,16464,21f38a8f4df573af1645e717281b71d56f1000ed7b8005505a240e63fcde3777,7.129,
302,primary_test_impostor,797,1715,primary_test_impostor,0,68,3,100,0,False,,0,False,,0,,False,,4.997,0.41,32840,87cffce53cd09a141845869875ae1c786b7fd09a70a97825f530dc70787e09a2,7406.146,7405.5,5600,exact-open-set-id-v2,1788060185971486280,127,127,2049,16464,a77a9e085642bdd40f3a9febdc5783f34752574bd50892c782b60b4f382143ac,4.942,
303,primary_test_impostor,798,1716,primary_test_impostor,0,211,95,1083,0,False,,0,False,,0,,False,,5.251,0.47,32840,153ae0748a122bcc4fddb1785be95ee069d9c3844092a5e99492a8fe456deb59,7447.248,7446.6,5600,exact-open-set-id-v2,1788060185971486280,127,127,2049,16464,3e3cf86379f25c8c9fb3fd5ddb3eab64abf4caa074013705a7bb4d1e42df9302,6.668,
304,primary_test_impostor,799,1717,primary_test_impostor,0,243,82,1071,0,False,,0,False,,0,,False,,7.575,0.46,32840,3284c15e640eeb941d946d3d87b9ff2d7e885aac069d63b584d65dfbb1c27f21,7445.506,7444.7,5600,exact-open-set-id-v2,1788060185971486280,127,127,2049,16464,78105100e3f61ddc492ac3446484253a2792b48c2cef616f0241562d18e78068,5.357,
305,primary_test_impostor,800,1718,primary_test_impostor,0,208,2,10,0,False,,0,False,,0,,False,,4.384,0.43,32840,6c778fc72a9871a44c662da343ef11c53f95aad747d1376aebb1f3ffbb53491e,7510.22,7509.5,5600,exact-open-set-id-v2,1788060185971486280,127,127,2049,16464,9260bb43b01223031a498096dcef9d5a55a49141f6482169b76097cbb167bbd8,5.034,
306,primary_test_impostor,801,1719,primary_test_impostor,0,159,59,1050,0,False,,0,False,,0,,False,,4.622,0.41,32840,7e7d559959970e8d2bf293ae01276fbe43809f06b444b8752da91dc1d3d8d647,7450.78,7450.1,5600,exact-open-set-id-v2,1788060185971486280,127,127,2049,16464,961b73bbb050e0efa2ac00fc6931d53a7e267c91334ac7965f79c36fc0d9f46a,5.416,
307,primary_test_impostor,802,172,primary_test_impostor,0,237,29,1023,0,False,,0,False,,0,,False,,4.379,0.39,32840,7526ba1df260106d10983c2201b6e70266c49dd0b45d1f5674728da2e28ae632,7403.113,7402.5,5600,exact-open-set-id-v2,1788060185971486280,127,127,2049,16464,a1c873f102548370a237d9f614b7b8f70d2bbbf17e553120d817427ed74eee02,5.381,
308,primary_test_impostor,803,1720,primary_test_impostor,0,248,17,1012,0,False,,0,False,,0,,False,,4.86,0.4,32840,0a80600e28898cefbf6f2877dd8e8bc840938c638b1968bc7a10920e06ee22df,7403.929,7403.2,5600,exact-open-set-id-v2,1788060185971486280,127,127,2049,16464,b2ae189afcbeb2db5d56e7dc4836c71465d3836db495bf58920d0bdfdd61a98c,4.613,
309,primary_test_impostor,804,1721,primary_test_impostor,0,170,62,1053,0,False,,0,False,,0,,False,,4.745,0.41,32840,7fea27d52c8debaa8801ee3560e382153eba927611f11a15c845a8ff9378d5f1,7339.94,7339.3,5600,exact-open-set-id-v2,1788060185971486280,127,127,2049,16464,e4c6935a5c1b98b397d4fbf72c5d95a6a93e1e754d2061bb07629a8128df7987,5.257,
310,primary_test_impostor,805,1722,primary_test_impostor,0,232,119,1104,0,False,,0,False,,0,,False,,4.438,0.39,32840,7c00f237bed1a1b3080467467050e9ca3d9cd954012d6b5c05786111b85e5ec5,7412.59,7411.9,5600,exact-open-set-id-v2,1788060185971486280,127,127,2049,16464,e6a53264497b6e862c4c083fdb6c3bcc93deb61030697f2eaa1998d88417a097,5.246,
311,primary_test_impostor,806,1723,primary_test_impostor,0,101,32,1026,0,False,,0,False,,0,,False,,4.019,0.4,32840,767cdc24f350b413da7c8bd6ee3e004e46a1c2481d590e600a61c38faab13293,7496.473,7495.8,5600,exact-open-set-id-v2,1788060185971486280,127,127,2049,16464,5121cc6633b6e1745b06abdc2842aabeb8f4b7e3c70b20d3d4fe5c70eba79682,5.743,
312,primary_test_impostor,807,1724,primary_test_impostor,0,176,6,1002,0,False,,0,False,,0,,False,,5.7,0.46,32840,0d2ad2112c10c18edd806864e018f4e0f97f1177a03b1626797344f112541d8c,7706.928,7706.3,5600,exact-open-set-id-v2,1788060185971486280,127,127,2049,16464,b4eb29ab4b88fcb4c2735437d7be91e207c2917a83dca6cc8871d05eeef06056,8.134,
313,primary_test_impostor,808,1725,primary_test_impostor,0,204,85,1074,0,False,,0,False,,0,,False,,7.717,0.44,32840,79af7ca501a149852a99f47e1100008c64206b823f372aa749a04299fc3d6303,8320.365,8319.7,5600,exact-open-set-id-v2,1788060185971486280,127,127,2049,16464,4c2b26f363acd207545061e21d04853b7fc754da4a4e591430cbe1b6b1c682e7,5.571,
314,primary_test_impostor,809,1726,primary_test_impostor,0,36,54,1046,0,False,,0,False,,0,,False,,5.694,0.47,32840,d84d3dfb54991e72e36ff9e8b730ce9f308d9620aa77d396ed208888b59ea547,7841.588,7840.9,5600,exact-open-set-id-v2,1788060185971486280,127,127,2049,16464,882743ee7d89579248e968ffa157c74c340790c0ad8c725634e4ef32d926b822,6.363,
315,primary_test_impostor,810,1727,primary_test_impostor,0,245,120,1105,0,False,,0,False,,0,,False,,17.822,0.76,32840,47e58e48c82fb61d531a761e1237367a9bf9142caca32924b625fdff245bf1f0,7909.75,7909.0,5600,exact-open-set-id-v2,1788060185971486280,127,127,2049,16464,ca60561dc74d0f95980407b6cdf2210706d49a39325db70b6a50d63c59e70a8d,5.611,
316,primary_test_impostor,811,1728,primary_test_impostor,0,78,99,1087,0,False,,0,False,,0,,False,,5.205,0.46,32840,8f9b403488c4619bc301246fc7567a638800a80591a784fc5ddb200f90af8a7c,7740.736,7740.1,5600,exact-open-set-id-v2,1788060185971486280,127,127,2049,16464,59f3ba1d6b1675fe6ffe5660bb8912470adc8dd7aad4b5d43a0bfe375cec8097,5.027,
317,primary_test_impostor,812,1729,primary_test_impostor,0,211,120,1105,0,False,,0,False,,0,,False,,5.91,0.44,32840,a8dc6067c11ecbe14a7fe139f6634784200e54a9887a43b668b7bb76dab8660b,7609.928,7609.1,5600,exact-open-set-id-v2,1788060185971486280,127,127,2049,16464,ae641488244ff5fd23b4bebc45e2e59ebbc4081a9f12f8734345cb72492c6ca2,5.05,
318,primary_test_impostor,813,173,primary_test_impostor,0,123,53,1045,0,False,,0,False,,0,,False,,4.173,0.42,32840,52559bb04f0087b3e65789babc5b9238750d72dde97102402fd0d340d83f8bcc,7435.615,7435.0,5600,exact-open-set-id-v2,1788060185971486280,127,127,2049,16464,ba35a3bd4e52d0436fa5eba3d11bda2188862d8e1486d8c6d4679589d95d5883,4.917,
319,primary_test_impostor,814,1730,primary_test_impostor,0,226,3,100,0,False,,0,False,,0,,False,,3.873,0.39,32840,06cd25c2d0cb09b577656b0940ef799e444f2b0b6161525b2640df320c811803,7634.149,7633.5,5600,exact-open-set-id-v2,1788060185971486280,127,127,2049,16464,772ba4570639494a23c4cb3e46829cdcb7ba1f24ceadface09713c196dbed9ea,4.799,
320,primary_test_impostor,815,1731,primary_test_impostor,0,238,119,1104,0,False,,0,False,,0,,False,,4.7,0.39,32840,28ccbaed94e99f0320cb450cd94eb6aaa3e0dc7c2fe2cbef08d52bab60e26ae0,7440.635,7440.1,5600,exact-open-set-id-v2,1788060185971486280,127,127,2049,16464,f86dcde39fa050c26ac39d7dfe0346db4a9d73f26560637e9448b9d2b5f689e4,7.243,
321,primary_test_impostor,816,1732,primary_test_impostor,0,229,120,1105,0,False,,0,False,,0,,False,,5.965,0.44,32840,73d1bd3dab8236834a8f67e5a5df27a45667ade4119d807efff8c8f1379f4b8e,7482.592,7481.9,5600,exact-open-set-id-v2,1788060185971486280,127,127,2049,16464,0d593421f33e06273d009158f2e61668022c6808d9e7a3b7c94317e684393ad5,5.507,
322,primary_test_impostor,817,1733,primary_test_impostor,0,208,119,1104,0,False,,0,False,,0,,False,,4.713,0.39,32840,856f14f2e93fa4853b4d312456e25e9d38775932fcf7080aed49429b7c309286,7422.63,7422.0,5600,exact-open-set-id-v2,1788060185971486280,127,127,2049,16464,00afd8e5cee92ef4120e31d424f14eaa3a0c7128ea5f7f05245e8afb4e27b742,5.963,
323,primary_test_impostor,818,1734,primary_test_impostor,0,90,102,109,0,False,,0,False,,0,,False,,5.484,0.48,32840,953ad46e1710c3787e4ff89b057d5dc9cbc68a353850a30d915791e2a1006fdf,7419.849,7419.1,5600,exact-open-set-id-v2,1788060185971486280,127,127,2049,16464,6510ec954e9b2eb1afa74f856ab7d5e32d03b2e37c074e0a23497bc9e1dda5d7,5.14,
324,primary_test_impostor,819,1735,primary_test_impostor,0,168,21,1016,0,False,,0,False,,0,,False,,5.652,0.41,32840,906318ee0b6bc99074ae4b633f3279e8d4e6f06b82104a2910b3e61783a9fbd5,7311.348,7310.7,5600,exact-open-set-id-v2,1788060185971486280,127,127,2049,16464,60d52f3d4eb94a1215df01bc17f0e935c6e25bbe933b4dbc89630f07e52fde3c,4.986,
325,primary_test_impostor,820,1736,primary_test_impostor,0,80,80,107,0,False,,0,False,,0,,False,,4.427,0.41,32840,577717cb3d071a84d0fa2d0b152ea21f8154a7eb24cb4344473fb1410428ef52,7371.521,7370.9,5600,exact-open-set-id-v2,1788060185971486280,127,127,2049,16464,071f9b9acd7ae89f1fe820de429605ef0fa4602edb54b480c0abcd1fb320e682,5.58,
326,primary_test_impostor,821,1737,primary_test_impostor,0,183,19,1014,0,False,,0,False,,0,,False,,4.487,0.38,32840,c830fa03dc5de8a0984504c35260d9e968acff51f9a27c6640b0cb7e0f8db220,7647.82,7647.1,5600,exact-open-set-id-v2,1788060185971486280,127,127,2049,16464,3110fb16043a34d7ca284496b80d4351dfa17c14dc912a8497b40abb914a1b9f,5.133,
327,primary_test_impostor,822,1738,primary_test_impostor,0,267,24,1019,0,False,,0,False,,0,,False,,5.527,0.46,32840,2fef0d1dfda0a7e153f77d5ef79cd9edf50556e76c16855716dc8dc45f5037df,7560.261,7559.6,5600,exact-open-set-id-v2,1788060185971486280,127,127,2049,16464,ea971360b84fd823b5170b6fc1f5759d2b0e2e0fc2d0639168506c3706b59ff7,5.312,
328,primary_test_impostor,823,1739,primary_test_impostor,0,110,3,100,0,False,,0,False,,0,,False,,5.392,0.45,32840,69e831a0451fdfd78ac0efc9370b957da3dc7e199bc767e25a3c0f96c354f0e0,7647.17,7646.5,5600,exact-open-set-id-v2,1788060185971486280,127,127,2049,16464,6d31cc851edb171bc4ff3fbe396271cf9890a1b589453ac27d3d8c2722403118,5.282,
329,primary_test_impostor,824,174,primary_test_impostor,0,179,64,1055,0,False,,0,False,,0,,False,,4.849,0.4,32840,fff2905fd1781541d3818d87138c57d157057d93c2e1d098d9c07ed0e5383af2,7741.408,7740.7,5600,exact-open-set-id-v2,1788060185971486280,127,127,2049,16464,51d0baaedea5527e139a971cd7c9046f896cf35880c9e2a77f2eba461e9248a5,5.608,
330,primary_test_impostor,825,1740,primary_test_impostor,0,141,76,1066,0,False,,0,False,,0,,False,,4.962,0.42,32840,5032d7b0ebc16d02eb8860846220a939e2517468c1d402d2c59816b62a09c881,7597.599,7596.9,5600,exact-open-set-id-v2,1788060185971486280,127,127,2049,16464,42fa23967b94c128c92a145779446664652b5a93671746e6620c7b3a8f87e064,4.933,
331,primary_test_impostor,826,1741,primary_test_impostor,0,280,100,1088,0,False,,0,False,,0,,False,,4.94,0.4,32840,78a679b31284052303315081bb35baa9a1622cdf76a0808a09ef3cf6cafdb0a6,7587.948,7587.4,5600,exact-open-set-id-v2,1788060185971486280,127,127,2049,16464,25fa7703366ef9eaefc4f3f0f0731e496cf950fd158c0535854667a76e155121,5.273,
332,primary_test_impostor,827,1742,primary_test_impostor,0,218,99,1087,0,False,,0,False,,0,,False,,4.248,0.42,32840,114f785e75e1ad2b50729cdc58e49cfc228fc53b096082e68cb36478c9bc0d57,7588.702,7588.0,5600,exact-open-set-id-v2,1788060185971486280,127,127,2049,16464,580281a2f8c32938af3b67bc5e72275f9067326cb7bb9f2f781775504d20c0d1,5.104,
333,primary_test_impostor,828,1743,primary_test_impostor,0,223,98,1086,0,False,,0,False,,0,,False,,4.558,0.43,32840,cd7b4532f70ca70ef2d419d583038a3ac14943d6b45ce7feccde6eff1969b866,7663.946,7663.3,5600,exact-open-set-id-v2,1788060185971486280,127,127,2049,16464,70955c9ab96a6c0da535451db97c20ca8ac680b29e899b349c3efca70896bd4e,5.258,
334,primary_test_impostor,829,1744,primary_test_impostor,0,120,93,1081,0,False,,0,False,,0,,False,,4.387,0.41,32840,9bdfc14e16f372c95814f9ff6372532bd63643f71d1f8f88fcc558c19e543f29,7417.287,7416.7,5600,exact-open-set-id-v2,1788060185971486280,127,127,2049,16464,b2864b93dc8e28ad65b3c904375c9a17a569b8e2e20eb7b2d8c54f481f761c9c,5.16,
335,primary_test_impostor,830,1745,primary_test_impostor,0,240,122,1107,0,False,,0,False,,0,,False,,4.273,0.42,32840,e122db01355cb01409c61f63ffcaf7b7b7716292e6fb4141601ac915968d001f,7302.116,7301.4,5600,exact-open-set-id-v2,1788060185971486280,127,127,2049,16464,6c83867efb45859f09faea51658fbdd55257c098788d492a51d294f455410cc5,4.877,
336,primary_test_impostor,831,1746,primary_test_impostor,0,150,80,107,0,False,,0,False,,0,,False,,4.535,0.41,32840,8b5bb332450fb881f3474bdff1021256eb3d3932afb3ccadc92fd9bbd3e6a085,7518.142,7517.5,5600,exact-open-set-id-v2,1788060185971486280,127,127,2049,16464,2a90c6eceecb85bf8eaa4537865cf5d5213f758b1c52483483ac9cf42340662f,5.472,
337,primary_test_impostor,832,1747,primary_test_impostor,0,209,25,102,0,False,,0,False,,0,,False,,4.814,0.43,32840,76f45514048e0e55537d56636e48215e6bf36b56a90237caaff22061e7999cf4,7509.475,7508.8,5600,exact-open-set-id-v2,1788060185971486280,127,127,2049,16464,c01390b26b02ef985601c52b519b9b9705c7915cb5ce7d4348ca377c71bd19f6,10.472,
338,primary_test_impostor,833,1748,primary_test_impostor,0,242,33,1027,0,False,,0,False,,0,,False,,5.255,0.42,32840,a7d2118e28df05847c955bf3a151ee78a4a2cfd507fa34347130d561de8db727,7457.399,7456.8,5600,exact-open-set-id-v2,1788060185971486280,127,127,2049,16464,180d42806dcb6732748ea3cf9a9b625040ae1211f34fdfd44d24e62213eab512,5.862,
339,primary_test_impostor,834,1749,primary_test_impostor,0,175,98,1086,0,False,,0,False,,0,,False,,6.118,0.45,32840,df8a40cd29e778d7c2e95c40928de68319af7d0f003ff5ae88c317a5061ca6a6,7459.661,7459.0,5600,exact-open-set-id-v2,1788060185971486280,127,127,2049,16464,dde3e99d2491e3149dd0f935a724e07b4ce13af55875cba611081d6381cf0cc6,5.233,
340,primary_test_impostor,835,175,primary_test_impostor,0,156,10,1006,0,False,,0,False,,0,,False,,4.795,0.4,32840,db49bca126981d20ec311e1a39c1a87bfeb080f2072e8d8d69b605582931c918,7320.925,7320.2,5600,exact-open-set-id-v2,1788060185971486280,127,127,2049,16464,49158cafed325ba803a958a2cffb960f31a3bf8523478c9886ccf4a90690922a,5.634,
341,primary_test_impostor,836,1750,primary_test_impostor,0,117,107,1094,0,False,,0,False,,0,,False,,5.139,0.41,32840,87ba237a3b02e8b35036097a6cfa05ea5a95cd844a025cbce8f9147d99145b93,7344.312,7343.7,5600,exact-open-set-id-v2,1788060185971486280,127,127,2049,16464,c47e26fcbe418a1835eab0b9e22614cef9dbf50d76ebeac54ff93c842bd0a388,5.346,
342,primary_test_impostor,837,1751,primary_test_impostor,0,191,116,1101,0,False,,0,False,,0,,False,,4.939,0.44,32840,5760e124004c9735afbe61535c90a9081157e1f8af1786d4c64f63c187d818b4,7462.24,7461.6,5600,exact-open-set-id-v2,1788060185971486280,127,127,2049,16464,281677dba86179bae62d946ba1321ac343c952184f0e9cf33e2cd9d07717980e,4.951,
343,primary_test_impostor,838,1752,primary_test_impostor,0,160,54,1046,0,False,,0,False,,0,,False,,4.458,0.4,32840,8c96455fc24830c2c42659513a49cc209d3d946cdb18225ec591123a958efe97,7536.473,7535.9,5600,exact-open-set-id-v2,1788060185971486280,127,127,2049,16464,955dad11828b4d1cf325377ce55c8bf46c766872ad6c1efa12cf9c04055c19f5,6.357,
344,primary_test_impostor,839,1753,primary_test_impostor,0,212,8,1004,0,False,,0,False,,0,,False,,4.782,0.41,32840,31d694d87fb8bda9669b8e2e5f78291c1db69b77797cb39c7c6b1c7d2304133f,7859.607,7859.0,5600,exact-open-set-id-v2,1788060185971486280,127,127,2049,16464,477795be19e9c3b4d389377d9499f18d91181d89ae40758cd6d551b454a15f51,6.129,
345,primary_test_impostor,840,1754,primary_test_impostor,0,216,23,1018,0,False,,0,False,,0,,False,,5.467,0.44,32840,6600453d7dbe35e5a1c4ca721ab6848655e069ad5f212774333ff366e0bdd8a5,8116.688,8116.1,5600,exact-open-set-id-v2,1788060185971486280,127,127,2049,16464,4ade91e1d8fabe3f2e2821754a2e233e38b5891acd3c8b089dc12bc357c07def,4.964,
346,primary_test_impostor,841,1755,primary_test_impostor,0,148,70,1060,0,False,,0,False,,0,,False,,5.368,0.45,32840,d10d1494a060949967eb11b3a22dc707a026fb921da1a093d2ba13f2c4fc81da,8174.236,8173.5,5600,exact-open-set-id-v2,1788060185971486280,127,127,2049,16464,7e3ef0292e26dcaa61d48e651de3d518e42e696616fe0fb245eca6af25ca2992,8.473,
347,primary_test_impostor,842,1756,primary_test_impostor,0,257,95,1083,0,False,,0,False,,0,,False,,7.312,0.44,32840,787918cce0eaaff44f75d22bbfcb4eb189feaa368d9813e3ad6469b6a6e4db9a,7934.217,7933.6,5600,exact-open-set-id-v2,1788060185971486280,127,127,2049,16464,4e9e061ed3805c2b5f04096ec86beeb5036a7bb432e6eda746a0f290ab33236c,5.354,
348,primary_test_impostor,843,1757,primary_test_impostor,0,134,93,1081,0,False,,0,False,,0,,False,,5.202,0.41,32840,44f00782f28ed8cb08007a2feb975372591a7eccb0a98fa607241fd7aedb77ab,7609.659,7609.1,5600,exact-open-set-id-v2,1788060185971486280,127,127,2049,16464,1a66f7ccebae0ec860643af4b427263e6b6f00cee93aa472a1b54a5eb075aac4,5.374,
349,primary_test_impostor,844,1758,primary_test_impostor,0,101,81,1070,0,False,,0,False,,0,,False,,4.801,0.42,32840,2758d8233808ed983b658c1f108e47dfeaf0674d8b973f8d4302fe72fd61b776,7412.709,7412.1,5600,exact-open-set-id-v2,1788060185971486280,127,127,2049,16464,ed630647e90e25ffc68e1acf5b901c4aa67464f846896c159b555fda131073c2,5.659,
350,primary_test_impostor,845,1759,primary_test_impostor,0,144,18,1013,0,False,,0,False,,0,,False,,4.797,0.38,32840,a269fedc5c5db9b681c7ae428db46a9c1ec4765f2d4501835399c8a9f567f7ff,7442.662,7442.1,5600,exact-open-set-id-v2,1788060185971486280,127,127,2049,16464,f56e8b26c38969c08397e0473d707f09d520f6e68e0e0f9d12443ebbc22b7204,4.866,
351,primary_test_impostor,846,176,primary_test_impostor,0,146,109,1096,0,False,,0,False,,0,,False,,4.912,0.42,32840,2c1bcae13515419b8da87f390c50bf1d8d43f51b30d6ece6d8ba1b2814441fa8,7457.778,7457.2,5600,exact-open-set-id-v2,1788060185971486280,127,127,2049,16464,43bb5b54a7e0ca6344cc768a59d8a80c621034a378b87deeee0f2b4ccbb6c5c1,5.137,
352,primary_test_impostor,847,1760,primary_test_impostor,0,228,80,107,0,False,,0,False,,0,,False,,5.147,0.43,32840,f2c0a15f2f99ec76f90270d3c142afece0a517b6abc8f2478fbf12cedd48645a,7454.099,7453.4,5600,exact-open-set-id-v2,1788060185971486280,127,127,2049,16464,41381872764dca9cd012658dc0745cfee73e00b99360a3c86009c7341cf4c369,6.675,
353,primary_test_impostor,848,1761,primary_test_impostor,0,219,51,1043,0,False,,0,False,,0,,False,,5.043,0.46,32840,835a9424674814eceb71c44242d53f1c94608b835969c39aa56f72f62eaad9f8,7501.21,7500.7,5600,exact-open-set-id-v2,1788060185971486280,127,127,2049,16464,da3fee3bcc3038ca074362575e2d51e3aeccb6c36ec078f24e890cc93ecfe83a,4.752,
354,primary_test_impostor,849,1762,primary_test_impostor,0,149,118,1103,0,False,,0,False,,0,,False,,4.415,0.39,32840,3ff4a6febfec0dbd2d6c6199343b69cbf850d683046b0ab073eca66cdd44f87f,7528.495,7527.9,5600,exact-open-set-id-v2,1788060185971486280,127,127,2049,16464,60cacf4c92b62d75f37cc3c6304dbfef9ca6779ffa3519107152dc37edd83ae0,4.716,
355,primary_test_impostor,850,1763,primary_test_impostor,0,138,124,1109,0,False,,0,False,,0,,False,,4.344,0.39,32840,2e9e9aacd2a51cb402edac0ae7555b851eac8a53a468c0af25b62aac96dd486c,7405.821,7405.2,5600,exact-open-set-id-v2,1788060185971486280,127,127,2049,16464,8b42026f7071dec03ffb72bd0380637d0d40498b93d3c309846a76d5bf7cd17d,5.354,
356,primary_test_impostor,851,1764,primary_test_impostor,0,122,3,100,0,False,,0,False,,0,,False,,4.045,0.4,32840,76e4a555fbdf14bc0ec148bb8a23145effc5acb099eb9e1f1c9bb70cfc009cd7,7557.1,7556.6,5600,exact-open-set-id-v2,1788060185971486280,127,127,2049,16464,3e1b0c8d988779edd5e3e18c14bad04e8783e07b43c8e40457524cfa1681f7d0,4.829,
357,primary_test_impostor,852,1765,primary_test_impostor,0,268,2,10,0,False,,0,False,,0,,False,,4.413,0.44,32840,3b96ce39bf4bf89325baeb94169fa3b3970722eade0a5c94cd48bc01ad49f624,7430.309,7429.7,5600,exact-open-set-id-v2,1788060185971486280,127,127,2049,16464,8147c5d08f9cf34c02d19b48b44ff198dfaffedefb697e85493b3320f730ebac,5.222,
358,primary_test_impostor,853,1766,primary_test_impostor,0,191,52,1044,0,False,,0,False,,0,,False,,4.676,0.42,32840,4dcbf5fce9d3fff8ff537ef9bba3972939ee95101edebfc22659217d519974b7,7535.18,7534.5,5600,exact-open-set-id-v2,1788060185971486280,127,127,2049,16464,5b2062afb545fa82a6ebeecf518e2fda12a40ed626759b30fa7d2185868a75eb,5.587,
359,primary_test_impostor,854,1767,primary_test_impostor,0,172,94,1082,0,False,,0,False,,0,,False,,4.426,0.4,32840,76e09138a9fcd8655fb34ae95070f60a2386d28822f6db7907f88a39fb60b5dd,7460.308,7459.7,5600,exact-open-set-id-v2,1788060185971486280,127,127,2049,16464,16e7e5b9d47a006b95f4656c2c0c09d17d027224e0e80aa48c619ca1096f36b1,4.788,
360,primary_test_impostor,855,1768,primary_test_impostor,0,166,4,1000,0,False,,0,False,,0,,False,,4.803,0.4,32840,9b98ecb5d471ebb7556a2714dc3491ae4659cbce871ed87a9d68337e259b1372,7414.666,7414.0,5600,exact-open-set-id-v2,1788060185971486280,127,127,2049,16464,6b19a3e023848472068d2b44334c96e387b0fae9f0edd945d72797ac7708b6bc,6.83,
361,primary_test_impostor,856,1769,primary_test_impostor,0,242,123,1108,0,False,,0,False,,0,,False,,5.607,0.4,32840,ce073fea5bd82d2fe2ac005aedbdab042660c00de8fa9b804d9fac757e581456,7589.135,7588.5,5600,exact-open-set-id-v2,1788060185971486280,127,127,2049,16464,cdd26ac048b1ace729e48868a403d13135223422aa980674cc87b429efc027fa,5.21,
362,primary_test_impostor,857,177,primary_test_impostor,0,92,2,10,0,False,,0,False,,0,,False,,4.91,0.39,32840,5a69ff5fe4d5ebe52f08107b01db4ef34553f3a2a399330d12ab2ccfb8daab7f,7539.505,7538.8,5600,exact-open-set-id-v2,1788060185971486280,127,127,2049,16464,2cf13ea5ae3358d30d20f89d1b4f5710534ed0df975d72709ef64d891e1b71eb,4.779,
363,primary_test_impostor,858,1770,primary_test_impostor,0,172,110,1097,0,False,,0,False,,0,,False,,4.678,0.4,32840,c41b69cda4ac3c3f348700e850e3404c929b04e7a4c51a55851ec9e19815066a,7381.403,7380.7,5600,exact-open-set-id-v2,1788060185971486280,127,127,2049,16464,19ebf597dde62a9da8dd8a7996a2b7772c1d3ee954c7167e9edb614617541bc3,4.999,
364,primary_test_impostor,859,1771,primary_test_impostor,0,245,52,1044,0,False,,0,False,,0,,False,,4.563,0.42,32840,c9a14bd36d086a5bdca35a03aa665e53f9526c97b111f06882af0d5ddde9129f,7519.325,7518.8,5600,exact-open-set-id-v2,1788060185971486280,127,127,2049,16464,c903c3f485297393fba20477eaf1ef9779d620c328e44fd8d8a29d59f2ec0f32,10.681,
365,primary_test_impostor,860,1772,primary_test_impostor,0,141,108,1095,0,False,,0,False,,0,,False,,5.31,0.53,32840,39be6c0235dee034ab9f96b3cfe3ebacfbeb5b2c8c3be4b33c77dada2bc5d50d,7685.434,7684.6,5600,exact-open-set-id-v2,1788060185971486280,127,127,2049,16464,7beafceee25986cdfcd4744a3c60abe05354396f70fc1540b07b49121eaf1568,5.416,
366,primary_test_impostor,861,1773,primary_test_impostor,0,203,24,1019,0,False,,0,False,,0,,False,,5.554,0.48,32840,5ba2d183acfbc45ef4407c9c6b8038a4721dd33cd038de044afe4b7ab6393b26,7847.199,7846.5,5600,exact-open-set-id-v2,1788060185971486280,127,127,2049,16464,754fa8950a24d2ef01ff0a896b425a2a6909cb256790c1e3d1c6d74cf05b00fe,5.249,
367,primary_test_impostor,862,1774,primary_test_impostor,0,164,46,1039,0,False,,0,False,,0,,False,,4.619,0.39,32840,7ee7d1392939e1f5412242cd8c1197c52950258828058afbc8552b9442e7c948,7593.581,7592.9,5600,exact-open-set-id-v2,1788060185971486280,127,127,2049,16464,efa67228866d7f3cb43527e146d5b7a4b4d24d935518c03b3ebe85ae6ceca5cb,4.726,
368,primary_test_impostor,863,1775,primary_test_impostor,0,165,43,1036,0,False,,0,False,,0,,False,,5.18,0.44,32840,a9750b0f439e769f52d40ea3f95e98ff05b32714accee5799e296a17ae9e40f3,7705.262,7704.6,5600,exact-open-set-id-v2,1788060185971486280,127,127,2049,16464,41fecf9393d313f17cd49f1ad8e40fc2190409293d50fc9b0992c913fbd40cdf,5.952,
369,primary_test_impostor,864,1776,primary_test_impostor,0,190,11,1007,0,False,,0,False,,0,,False,,5.473,0.46,32840,fe1fb5b74d86bc73538a1123503676265af342dd1a8e1fe762504e2c8cbd68e6,7708.518,7707.9,5600,exact-open-set-id-v2,1788060185971486280,127,127,2049,16464,453e5611b2f6ad966bd1e464ebd6c27d4514a8d830c08e6c0e3c9464e89f502e,4.747,
370,primary_test_impostor,865,1777,primary_test_impostor,0,195,75,1065,0,False,,0,False,,0,,False,,4.986,0.42,32840,d9ce4bce34bdad16fb7850bbac83cff685676704ae47a35f3a0ab5a4a6367bb0,7626.526,7625.9,5600,exact-open-set-id-v2,1788060185971486280,127,127,2049,16464,978b98977a71f13cd4eea9f74e8fbac6dbd3279b0e090ceac5101cfc67f4e9d3,4.909,
371,primary_test_impostor,866,1778,primary_test_impostor,0,144,20,1015,0,False,,0,False,,0,,False,,5.454,0.5,32840,5cce2fec0643a7cf213a02fc9b0c588c68e7174f915b6a9dd02c8fe9db5b4949,7542.277,7541.6,5600,exact-open-set-id-v2,1788060185971486280,127,127,2049,16464,fa853e94c0cb81fe44b7cc81f6d0c8e0cba132f7509266828da64a2f605063bb,6.816,
372,primary_test_impostor,867,1779,primary_test_impostor,0,169,12,1008,0,False,,0,False,,0,,False,,5.43,0.47,32840,c6169c7dba97f0283aae57c3b36f518709d4df08918b0181295402af91630d26,7717.96,7717.3,5600,exact-open-set-id-v2,1788060185971486280,127,127,2049,16464,70010af16512e86f9180da4b464b62ead7646d8259340ca917a1a8052dad4df0,5.093,
373,primary_test_impostor,868,178,primary_test_impostor,0,80,2,10,0,False,,0,False,,0,,False,,4.764,0.43,32840,dbf453b4a04345301ec0b46781e6dca761f1059a3282d25f1cab42cac27f6ba2,7602.874,7602.3,5600,exact-open-set-id-v2,1788060185971486280,127,127,2049,16464,ed48aa2ab1f4eb8e79a56c094aac763305ff432cad1aac48d352275e7c9e8f91,5.682,
374,primary_test_impostor,869,1780,primary_test_impostor,0,255,22,1017,0,False,,0,False,,0,,False,,5.586,0.47,32840,88913005692a57e106cd19bdac3c5beb2c43d1ff34f26c8e6dde210061456e88,7407.178,7406.6,5600,exact-open-set-id-v2,1788060185971486280,127,127,2049,16464,d66a95ff3279c978beecbdc088658377dae6dd6ca45cf6c6690e8ceb7a7fba84,5.278,
375,primary_test_impostor,870,1781,primary_test_impostor,0,172,4,1000,0,False,,0,False,,0,,False,,4.454,0.41,32840,c80b42c2f9201e9c70a8399017c6dc8ea728c6e60677c5b71f4e5b9fbb5523d8,7482.09,7481.5,5600,exact-open-set-id-v2,1788060185971486280,127,127,2049,16464,e8e527b1b00608a9a54366507a2afb8d681e1e4cb8eab286b49badd093fb231d,5.376,
376,primary_test_impostor,871,1782,primary_test_impostor,0,188,16,1011,0,False,,0,False,,0,,False,,5.205,0.44,32840,01e362dc78ac470730ea1a544154eabd9530b7f7884b0a7a8e6ac9a7500f2f87,8100.719,8100.1,5600,exact-open-set-id-v2,1788060185971486280,127,127,2049,16464,b30ce56c323a73b8cd9cb24490a2fe322a1f16d380c2323cb222121549db6aa4,6.964,
377,primary_test_impostor,872,1783,primary_test_impostor,0,200,2,10,0,False,,0,False,,0,,False,,5.476,0.48,32840,6b8c1fa084dbafe1c0a0789e0793d2cdb0f34b315daa8c230cf809fb22a70f87,8011.352,8010.7,5600,exact-open-set-id-v2,1788060185971486280,127,127,2049,16464,1294a2ba561fc9ebb3d0b0a25c5f5533fdf502b148520ffb831c84a51cf31b9f,5.073,
378,primary_test_impostor,873,1784,primary_test_impostor,0,214,47,104,0,False,,0,False,,0,,False,,5.072,0.44,32840,a66b0fae406a2f0534521f46d74624e7d656ceb766764ae9cf1a584e29cad666,8104.514,8103.8,5600,exact-open-set-id-v2,1788060185971486280,127,127,2049,16464,f5cd7be036c59e4c1bc7f588b24fab2d3edadfc6b380c87d426dff7ae93f5e77,5.527,
379,primary_test_impostor,874,1785,primary_test_impostor,0,288,23,1018,0,False,,0,False,,0,,False,,4.742,0.43,32840,350769e1d09b3866708c797d59e0ea042c56b1c9f858971b7b43fc0509b76a3f,7827.413,7826.7,5600,exact-open-set-id-v2,1788060185971486280,127,127,2049,16464,e3a31d788fe597fbe223599a23f1543f6fb8cfca53ba9483a72b17de4b8e0b50,6.378,
380,primary_test_impostor,875,1786,primary_test_impostor,0,170,80,107,0,False,,0,False,,0,,False,,4.757,0.42,32840,45b34472623698fc88d2aae335152305a2bd0357acd1f1c4afc5b42072f1d8a2,7599.259,7598.6,5600,exact-open-set-id-v2,1788060185971486280,127,127,2049,16464,13705639e0535b7832a1114412be13c1358610dc80995e6db8052fdc44f2209f,4.705,
381,primary_test_impostor,876,1787,primary_test_impostor,0,173,88,1077,0,False,,0,False,,0,,False,,4.995,0.49,32840,a5cc863cdfeea386c8f44b8835ba73b738d00e8119ccb7e589bbad1aec5894dd,7461.311,7460.7,5600,exact-open-set-id-v2,1788060185971486280,127,127,2049,16464,83684a111d2a9f9441cbf36730939a10bb1b0e549bc92fa1dc8884453927c8cd,5.034,
382,primary_test_impostor,877,1788,primary_test_impostor,0,261,25,102,0,False,,0,False,,0,,False,,4.607,0.41,32840,46223b69183272fe43b179a29c476c03ddcd034af742c250783c69427026ec95,7614.221,7613.6,5600,exact-open-set-id-v2,1788060185971486280,127,127,2049,16464,cbcb0b556499880864cdc10e42e544f382e2ae6edb74e2eb60edb1f811c1d8d2,4.959,
383,primary_test_impostor,878,1789,primary_test_impostor,0,206,105,1092,0,False,,0,False,,0,,False,,4.448,0.4,32840,b2ef2e39692f6db5b09677269332a9e6d8844cbc35621ccf08f3a97c2bd4b6c9,7544.465,7543.7,5600,exact-open-set-id-v2,1788060185971486280,127,127,2049,16464,fa74b541b7817a08d48dcf8cdd90d959e0083ab0a88ffb1f910ec60257076d13,6.839,
384,primary_test_impostor,879,179,primary_test_impostor,0,279,29,1023,0,False,,0,False,,0,,False,,5.382,0.47,32840,0dbf2af6a3d6ce297e03ad8d77ea630c8cce8044f9d7e62731b10c714cd089d0,7522.467,7521.8,5600,exact-open-set-id-v2,1788060185971486280,127,127,2049,16464,dcab420a67bca1e6cc64e6f3a13d1a3614b70b3e75448f1e343bceecbe845cf5,5.843,
385,primary_test_impostor,880,1790,primary_test_impostor,0,93,107,1094,0,False,,0,False,,0,,False,,4.663,0.67,32840,b6dfd9180c45da62898eed3cc5102cd152054773c2463ba433de05fc532789e2,7728.42,7727.8,5600,exact-open-set-id-v2,1788060185971486280,127,127,2049,16464,22acb660ca0707e1fb8e43398f3b6214f7933786b5aa332642e48761da45517b,5.057,
386,primary_test_impostor,881,1791,primary_test_impostor,0,138,4,1000,0,False,,0,False,,0,,False,,4.989,0.43,32840,a1d1bd0d4e1e7066efdeacc90a8d1fdb73ba1f1b14a840c9274da7fd36ab0070,7599.158,7598.6,5600,exact-open-set-id-v2,1788060185971486280,127,127,2049,16464,8206a2147080552c63992e7bd1581d9d977e11cd3784cbfb4c7c6f6f6cffaf1c,5.744,
387,primary_test_impostor,882,1792,primary_test_impostor,0,155,81,1070,0,False,,0,False,,0,,False,,5.264,0.44,32840,e4969f68e51843fbba486e0ab505bde0f0a7834181fade8fd6e46b62dc277f6c,7467.605,7466.8,5600,exact-open-set-id-v2,1788060185971486280,127,127,2049,16464,4f70c231da977a5693bf0e11a15fb96592fafc46b2ac310d3c0e18635d134c0b,5.05,
388,primary_test_impostor,883,1793,primary_test_impostor,0,114,23,1018,0,False,,0,False,,0,,False,,4.94,0.42,32840,aa3309a04b6ff2ba3fbafb4f619d6abd373745d4dd88c86ec82a6af09e5b4701,7565.828,7565.2,5600,exact-open-set-id-v2,1788060185971486280,127,127,2049,16464,8663867ee90eee8c022acc37d0ea9a983ce445513590f8b3a0215680384068eb,5.395,
389,primary_test_impostor,884,1794,primary_test_impostor,0,197,34,1028,0,False,,0,False,,0,,False,,4.82,0.4,32840,01126bc22830548a02fa0fd6e2e426dc08d6dba1506d979d7b4409c9d5a11427,7407.42,7406.9,5600,exact-open-set-id-v2,1788060185971486280,127,127,2049,16464,ebbb8b5c946e84d79176a486c7d43457c7e27944083676e7bc72713e3787455f,5.418,
390,primary_test_impostor,885,1795,primary_test_impostor,0,133,107,1094,0,False,,0,False,,0,,False,,4.959,0.43,32840,76a11e294df09d18c52bbe25aff9c3713eb03e77d9624dd54dc703cf96f7f20d,7494.635,7493.9,5600,exact-open-set-id-v2,1788060185971486280,127,127,2049,16464,1c1f5fab2f0f60444b140549b2e10b4173dfa32d4dbd84fc90683b0055ed536f,4.745,
391,primary_test_impostor,886,1796,primary_test_impostor,0,143,75,1065,0,False,,0,False,,0,,False,,4.951,0.42,32840,6b9ed5489ddabb1818f3e3cd3a69aae7576a24f242d1223f316f3dcc6c602322,7501.728,7501.0,5600,exact-open-set-id-v2,1788060185971486280,127,127,2049,16464,68ce2418d613e010ac85d9d3b26ee72e70de7101464cbd1de4d2d8976ee11f6d,29.747,
392,primary_test_impostor,887,1797,primary_test_impostor,0,229,63,1054,0,False,,0,False,,0,,False,,8.272,0.51,32840,8377afa172183b9ff1a36452a6015d61f6a281ff8424a3ca085f8e082b6012a0,7567.423,7566.8,5600,exact-open-set-id-v2,1788060185971486280,127,127,2049,16464,839a0f2879a1f05df458bcb265b8034d8791c262376cc264a4bbf8893af45da1,5.979,
393,primary_test_impostor,888,1798,primary_test_impostor,0,112,60,1051,0,False,,0,False,,0,,False,,5.966,0.84,32840,4789ebb167b744a227b8409379a20d99ba9ce38ae78d8775d702db6ac14e5e28,7641.187,7640.6,5600,exact-open-set-id-v2,1788060185971486280,127,127,2049,16464,45cbe7d6254a25b4b1adff15a377fe9941dbebb965766e89033ff1a315a810be,5.058,
394,primary_test_impostor,889,1799,primary_test_impostor,0,164,30,1024,0,False,,0,False,,0,,False,,5.163,0.47,32840,da0684d60c1cdc3b1b617bb38d0c6ad4967458b76d95e7b8d18769df504ed055,7504.845,7504.2,5600,exact-open-set-id-v2,1788060185971486280,127,127,2049,16464,ecb052248e5b9a50d107818b9333ae12283bbf1da05d4a0d4b3726de8ca03ffa,5.932,
395,primary_test_impostor,890,18,primary_test_impostor,0,236,50,1042,0,False,,0,False,,0,,False,,5.039,0.43,32840,e73897f31d3b96c9669faff73608a6bec3821df964f82768bf82f2baf683a6d4,7614.548,7613.9,5600,exact-open-set-id-v2,1788060185971486280,127,127,2049,16464,84d760d348e6175a7db0bd794ee8771b412de39db0384a256fde5f748d3720cc,5.501,
396,primary_test_impostor,891,180,primary_test_impostor,0,235,107,1094,0,False,,0,False,,0,,False,,5.282,0.41,32840,9fe65fa210d19a6910a79117d2caaafa7faf69c429dfc435650109b44c18b6b8,7786.197,7785.6,5600,exact-open-set-id-v2,1788060185971486280,127,127,2049,16464,262f6031553cf60d1398ce1408cf041fd9d8ed0a7ae2f8e9180fa782e05c1157,5.055,
397,primary_test_impostor,892,1800,primary_test_impostor,0,118,47,104,0,False,,0,False,,0,,False,,4.465,0.38,32840,4a298b64c805b0c0e1c8895475a17045fc9a5ff63fe14813df6e002cf4df17c7,7495.61,7494.9,5600,exact-open-set-id-v2,1788060185971486280,127,127,2049,16464,78d9d1f0a030676e96ff6d7775c01d8b12a82e911e18538d6b592bd80e8e42ba,6.84,
398,primary_test_impostor,893,1801,primary_test_impostor,0,116,48,1040,0,False,,0,False,,0,,False,,4.998,0.7,32840,ff8a269a3b99d8685128e859fa8b95fb13ae983a1827347b6afe883f76a898a0,7534.328,7533.7,5600,exact-open-set-id-v2,1788060185971486280,127,127,2049,16464,99f8a8f79a8cbbcf17927dc3cc5c0e3ba8c50a8841283bb210dfbf16c46a5e5f,4.89,
399,primary_test_impostor,894,1802,primary_test_impostor,0,223,67,1058,0,False,,0,False,,0,,False,,5.174,0.41,32840,25433718ef0dd2b242977ba6e01da7d80b1b583a39c83b5b20ae92d1cc56162d,7471.921,7471.3,5600,exact-open-set-id-v2,1788060185971486280,127,127,2049,16464,cec10ff6935ee5827cccfdf6af8a39c587a113e064cec2df793938c19858bdd6,7.837,
400,primary_test_impostor,895,1803,primary_test_impostor,0,294,101,1089,0,False,,0,False,,0,,False,,5.15,0.41,32840,9d1c5a245e6215b27e6afb52526802ee45397533ed4db7cfd436901efeba4585,7673.997,7673.3,5600,exact-open-set-id-v2,1788060185971486280,127,127,2049,16464,f6a22918aded9d715718e23b3c41c8466c2b06e66ffa19c9e37e210ed2a9abb3,5.421,
401,primary_test_impostor,896,1804,primary_test_impostor,0,143,67,1058,0,False,,0,False,,0,,False,,4.569,0.39,32840,a1716161a175780ea36b826a7c69165c191ee042f7f50bd3506b91925adc4378,7431.36,7430.6,5600,exact-open-set-id-v2,1788060185971486280,127,127,2049,16464,60102cb854f3da6bc50a7de6872bff1a1778f0205a79382f6f6b652b7c74205a,11.701,
402,primary_test_impostor,897,1805,primary_test_impostor,0,208,102,109,0,False,,0,False,,0,,False,,7.038,0.51,32840,0e0c4d0292c68288a1e6a6ba12481b43f3989ba526a1653ff99396b7d341f215,7346.674,7346.0,5600,exact-open-set-id-v2,1788060185971486280,127,127,2049,16464,aa69c603a1b5741f0bc75d09253c649995e6fd8e005fdd836761f0912e29356d,5.444,
403,primary_test_impostor,898,1806,primary_test_impostor,0,90,100,1088,0,False,,0,False,,0,,False,,5.169,0.4,32840,b779ade901944e2edbf01ffbcf89641f40dc306592df4396cde234bf1c6cba33,7365.677,7365.1,5600,exact-open-set-id-v2,1788060185971486280,127,127,2049,16464,8a921c43adda8e3e1d5e3e5be583a44b35e1bebd3d94f5f1e8fdf760cb86cbd7,6.037,
404,primary_test_impostor,899,1807,primary_test_impostor,0,218,80,107,0,False,,0,False,,0,,False,,6.724,0.47,32840,c8c6be0393643602bfaa372b697e1009cb92d7b6914068f3f5b83bb232c94dd8,7494.233,7493.7,5600,exact-open-set-id-v2,1788060185971486280,127,127,2049,16464,732325356e7ef9f80f0c7a70a53c8b4cc314a339efebbcc900b7f889c8708236,5.443,
405,primary_test_impostor,900,1808,primary_test_impostor,0,102,46,1039,0,False,,0,False,,0,,False,,5.45,0.43,32840,53f4541d5ae2c81ac4cad9bb8485f1600902c46cd5d7e3f26713015e2b7da56d,7984.848,7984.3,5600,exact-open-set-id-v2,1788060185971486280,127,127,2049,16464,b0186da3a8feb99c96c3d714804b70701b9252328e47e51f9805b08c2eca0647,5.404,
406,primary_test_impostor,901,1809,primary_test_impostor,0,191,75,1065,0,False,,0,False,,0,,False,,5.137,0.44,32840,6bf3ca128691859bb20a5b9ed27a6e7cfdb61a403df2db3a5b412733ea0536ed,7699.105,7698.5,5600,exact-open-set-id-v2,1788060185971486280,127,127,2049,16464,722f1747f9c152328f857380047ee2f6a417ac8e72f76157156d369627420aa2,5.32,
407,primary_test_impostor,902,181,primary_test_impostor,0,129,40,1033,0,False,,0,False,,0,,False,,4.446,0.4,32840,e529c455deb9d51e77d60080af4527ae9156239acaf2e73d3362c66d9e21b50f,8290.231,8289.5,5600,exact-open-set-id-v2,1788060185971486280,127,127,2049,16464,fb2bbdd9462443f2a0b88c54c2977ae319f8dbc652343a773708cb9041c48387,6.051,
408,primary_test_impostor,903,1810,primary_test_impostor,0,180,80,107,0,False,,0,False,,0,,False,,6.834,0.42,32840,798b2a99fd9ccb14a4e4f5b45f2674f16b43a6aeb64ce1799008d9c5c0435b80,8128.097,8127.4,5600,exact-open-set-id-v2,1788060185971486280,127,127,2049,16464,82a6a115831e465d704dfc586f7f09352bddd3ea6cf8ba71b807ade589b4c47d,5.769,
409,primary_test_impostor,904,1811,primary_test_impostor,0,237,29,1023,0,False,,0,False,,0,,False,,5.164,0.47,32840,285a4823e04d7661f1b7da919c1c8b9ece70896d6b928704ca0f8dabe3b85900,8160.084,8159.3,5600,exact-open-set-id-v2,1788060185971486280,127,127,2049,16464,626a23064e284f66ae162e485807af48d0d0ee44150e355fdd406c48f650c3fd,7.155,
410,primary_test_impostor,905,1812,primary_test_impostor,0,122,99,1087,0,False,,0,False,,0,,False,,5.902,0.53,32840,c9ee7b5e3156bb57e4f08c2ac79a5ebb608dd6f6eb803e6725a2eb5656dfbae0,8093.204,8092.5,5600,exact-open-set-id-v2,1788060185971486280,127,127,2049,16464,e7fbc8e01ba83fb3573c5a213ad30c15bf417409527af0b4eac212c34bef2f2b,5.989,
411,primary_test_impostor,906,1813,primary_test_impostor,0,120,100,1088,0,False,,0,False,,0,,False,,5.83,0.44,32840,6a9c264fc1f4ebc2f548488a61744034f49e84b169018eac177cabc40fc94094,7902.107,7901.4,5600,exact-open-set-id-v2,1788060185971486280,127,127,2049,16464,e74e9acd862d4f0a464ce6ffbb13696291ec6407867cb2691a7d0418deba7d72,5.005,
412,primary_test_impostor,907,1814,primary_test_impostor,0,33,81,1070,0,False,,0,False,,0,,False,,5.484,0.42,32840,be2483bfa57e0ff731b835bb176ecc920dc6de078a2f5e793127233d1c8480aa,7608.295,7607.7,5600,exact-open-set-id-v2,1788060185971486280,127,127,2049,16464,e51ad9659387d8d8c6d3693e933d59236bca16d511ecb20418e50a97b868acd0,6.753,
413,primary_test_impostor,908,1815,primary_test_impostor,0,112,2,10,0,False,,0,False,,0,,False,,5.317,0.43,32840,37685ecd2326a8b93cba697a2e6201a3d79b16fd490bf2fb690543a0a9c9c1a1,7750.48,7749.8,5600,exact-open-set-id-v2,1788060185971486280,127,127,2049,16464,dce452c12e3a186cada7eb51c2591778237741a294809ef630742b185c48e1fc,5.571,
414,primary_test_impostor,909,1816,primary_test_impostor,0,166,90,1079,0,False,,0,False,,0,,False,,5.068,0.43,32840,5baa163a90ba5216ee66d3f329c5c3eadb8fce95c06c8b899a4293a35365d3b9,7996.292,7995.6,5600,exact-open-set-id-v2,1788060185971486280,127,127,2049,16464,7ca8535fd7ca53280fa25a53479cb984cc85e6f20bda9539309b1fd61734e1a1,5.114,
415,primary_test_impostor,910,1817,primary_test_impostor,0,222,10,1006,0,False,,0,False,,0,,False,,4.698,0.38,32840,fa22284dfe0f1c8acb00c4ccb1d084a841107b9faf487fbe0914d520c4aefc9a,7580.655,7580.0,5600,exact-open-set-id-v2,1788060185971486280,127,127,2049,16464,44f248fd0f5204263a82afe758a40db6e9cfd64630a38c9a79af48c0a0021e1f,5.037,
416,primary_test_impostor,911,1818,primary_test_impostor,0,164,117,1102,0,False,,0,False,,0,,False,,4.589,0.41,32840,c0fd9ee079997f67ff57bf427ef253530bf099c60f1d007dc51b5a7988651df4,7469.886,7469.3,5600,exact-open-set-id-v2,1788060185971486280,127,127,2049,16464,f2f4284334d23471d2b07c5ee8a4fe95d5088cf8c1e199f35e5538969c617b33,5.659,
417,primary_test_impostor,912,1819,primary_test_impostor,0,152,18,1013,0,False,,0,False,,0,,False,,5.436,0.45,32840,166a7cf542988a3864d2ac035ebead36c672728fd665d7440b1620be16fe2cad,7489.638,7488.9,5600,exact-open-set-id-v2,1788060185971486280,127,127,2049,16464,2ff7c8fe90114e9a5fa811a7230f82e9fc511fa139fdca6142350c855c43d39c,5.138,
418,primary_test_impostor,913,182,primary_test_impostor,0,22,99,1087,0,False,,0,False,,0,,False,,4.103,0.38,32840,2e369925b530c4cba2a0680f6705979bc81d73b3d8b16600d3bcb1b276335616,7385.523,7384.9,5600,exact-open-set-id-v2,1788060185971486280,127,127,2049,16464,2c4e1db91b2924b7d1625b57d2f96d974ba911e6e764fee0f022fd1b0eae1dfa,4.893,
419,primary_test_impostor,914,1820,primary_test_impostor,0,229,86,1075,0,False,,0,False,,0,,False,,4.187,0.4,32840,4f4b2af53dfb9382e728af9cb6b9eb5a6067fe6a8eba7c802b1361cf7252a5dd,7565.855,7565.2,5600,exact-open-set-id-v2,1788060185971486280,127,127,2049,16464,ea9feec733e3170ef6cd7bb584c655fc5bfb338fa247548c59202c49490fdb4a,4.698,
420,primary_test_impostor,915,1821,primary_test_impostor,0,133,56,1048,0,False,,0,False,,0,,False,,5.087,0.47,32840,8d6c3bebf8c5de8c102e12a9481d90ca924cf1915bd7bbc4b698c7b628df7dc0,7627.161,7626.5,5600,exact-open-set-id-v2,1788060185971486280,127,127,2049,16464,1115a0fefbacda1949ef15e6b39342ef1aeb125fd96f79be3d10594d7c918136,9.183,
421,primary_test_impostor,916,1822,primary_test_impostor,0,209,25,102,0,False,,0,False,,0,,False,,10.04,0.44,32840,e7267beba597ccce102db0ff081e2aaa3a26ffdcb2b6d6916de183abc65daa46,7365.352,7364.7,5600,exact-open-set-id-v2,1788060185971486280,127,127,2049,16464,3a8be32daefbbdf9784cec23b578efac51b8cf20d4d23b432730e116399644b5,5.056,
422,primary_test_impostor,917,1823,primary_test_impostor,0,99,98,1086,0,False,,0,False,,0,,False,,4.537,0.41,32840,42be3f824ffe924f17489b2f7442c31d7119339c751321c7b35f173451151787,7310.368,7309.8,5600,exact-open-set-id-v2,1788060185971486280,127,127,2049,16464,0e69d655106cbe726709fe790eb43e5bacf9e78c9bd78bf0e064e40b40522df6,5.301,
423,primary_test_impostor,918,1824,primary_test_impostor,0,185,51,1043,0,False,,0,False,,0,,False,,4.329,0.4,32840,c8cba5ae01d93231dcdd188324e5c77420885ec6152564f496355035b3533ef1,7728.065,7727.4,5600,exact-open-set-id-v2,1788060185971486280,127,127,2049,16464,28c8919b7cca196cbc638938b39be7dc3c17b808835d42f39c1fcc26d82121d1,5.64,
424,primary_test_impostor,919,1825,primary_test_impostor,0,173,112,1099,0,False,,0,False,,0,,False,,7.65,3.04,32840,82735636f94cedf94ffee92a04d2cf7cb171df1dbf330eab5e1b56f0304f84ed,7510.47,7509.8,5600,exact-open-set-id-v2,1788060185971486280,127,127,2049,16464,94dbf85a0c6c9f38c9cd9b92f8458df91fd46bf445c62c17577e49eac049a55a,4.943,
425,primary_test_impostor,920,1826,primary_test_impostor,0,88,17,1012,0,False,,0,False,,0,,False,,4.659,0.41,32840,c3d8b001c7d8234a1726bb53281f8cef7411152b8b4c32fd41baf7098c181836,7364.204,7363.5,5600,exact-open-set-id-v2,1788060185971486280,127,127,2049,16464,3c6011c4c46403f64ff2c95f7dcca385b46842f82298a56eed3c3ad3721c039c,4.988,
426,primary_test_impostor,921,1827,primary_test_impostor,0,208,72,1062,0,False,,0,False,,0,,False,,4.694,0.4,32840,e533d41e1a0967e046455cc975fca10611ffe8aef3b576dc216f2309e63f1db9,7539.532,7538.8,5600,exact-open-set-id-v2,1788060185971486280,127,127,2049,16464,d41309c1fdbfb332e34aa043363897b9ab64f1aeecfeb7b2f70de32ae1a5c1fd,5.001,
427,primary_test_impostor,922,1828,primary_test_impostor,0,213,73,1063,0,False,,0,False,,0,,False,,4.457,0.4,32840,036c013a40ebe60d6a6e8bdf7533e13a54da7f2bd1250ff5511362e4fb4d87c6,7521.378,7520.7,5600,exact-open-set-id-v2,1788060185971486280,127,127,2049,16464,f287f39134cfacd285fe564c81098ba7bb639561641b63c69cd9a5969251f5e8,4.944,
428,primary_test_impostor,923,1829,primary_test_impostor,0,202,93,1081,0,False,,0,False,,0,,False,,4.591,0.41,32840,094b0f3916ba8a14888a35802fa35b9d61cc90510f93c33c2590efb5d96521ef,7517.236,7516.6,5600,exact-open-set-id-v2,1788060185971486280,127,127,2049,16464,e05d338535a6943701b27ecdaccfa04af9e2f90b09e2219bedc07a0814773769,5.042,
429,primary_test_impostor,924,183,primary_test_impostor,0,141,67,1058,0,False,,0,False,,0,,False,,4.744,0.52,32840,80482b8ab7ca3ac201f8e10c1479fa3904cd6fd99f46ea980114b857f5f690a4,7509.274,7508.6,5600,exact-open-set-id-v2,1788060185971486280,127,127,2049,16464,ad9b4a6c74a309e6b19a72b8dd093d73b79169e167ff838df36a65be368525bd,4.628,
430,primary_test_impostor,925,1830,primary_test_impostor,0,179,108,1095,0,False,,0,False,,0,,False,,4.887,0.41,32840,aef371de7ba23f58d50142e83af62842016a8159a3e93000b2863f717fe65596,7641.012,7640.3,5600,exact-open-set-id-v2,1788060185971486280,127,127,2049,16464,077ff1934fb35d8e737ebaa7003779cb8077084003349ab83437bd34631ffb81,5.377,
431,primary_test_impostor,926,1831,primary_test_impostor,0,218,115,1100,0,False,,0,False,,0,,False,,4.594,0.42,32840,0835687a5c2ee6fba8f8f67b189048d1ef4ad264738f0a0ec8f5b24a9657ff99,7532.829,7532.2,5600,exact-open-set-id-v2,1788060185971486280,127,127,2049,16464,dcaa3adb5f01f8aab45e93aad4b1da2e284cdfd0b465b91a72974cc7a3bc3640,5.035,
432,primary_test_impostor,927,1832,primary_test_impostor,0,248,70,1060,0,False,,0,False,,0,,False,,5.018,0.41,32840,0b65595f1087a2056eb184b93a9073a727a81fa6e2ca52b1087c3d3e88b2fb65,7360.941,7360.3,5600,exact-open-set-id-v2,1788060185971486280,127,127,2049,16464,7ade1bac21bdc630100147488541a99bed927c0d42769fbb712dd51a4ed7b6fe,4.62,
433,primary_test_impostor,928,1833,primary_test_impostor,0,174,46,1039,0,False,,0,False,,0,,False,,4.164,0.4,32840,321cdcd0d35423d49f87de02e980669a25e1193819441b6037d55cfc03e027e5,7366.04,7365.5,5600,exact-open-set-id-v2,1788060185971486280,127,127,2049,16464,70d7f127f892a334a84457644095f600e9c55684bd06b5a152ef0c1d48942d67,5.232,
434,primary_test_impostor,929,1834,primary_test_impostor,0,157,65,1056,0,False,,0,False,,0,,False,,4.924,0.44,32840,be330975a3448e0febdebe7c68a84e4ef288c11a064c07aa3ac4ea9b7361e647,7419.525,7418.8,5600,exact-open-set-id-v2,1788060185971486280,127,127,2049,16464,23297e65deb7f6d3c4270631e56aa63591cb6ddb12846e46e6a704854f59f74f,5.352,
435,primary_test_impostor,930,1835,primary_test_impostor,0,210,21,1016,0,False,,0,False,,0,,False,,4.783,0.42,32840,2bdb587c44a312bdbd6d9da40f09492120f6fda011e7aa57ac0e53eac9c6b382,7483.889,7483.3,5600,exact-open-set-id-v2,1788060185971486280,127,127,2049,16464,82a394734f512f5bbc6c22dc7ba61e9b92f3824f91287ed55f434e88004f3d2d,5.122,
436,primary_test_impostor,931,1836,primary_test_impostor,0,245,9,1005,0,False,,0,False,,0,,False,,4.71,0.39,32840,b13bb4066ca2e3df3888df05fe8792aa596c4ac1ca475a3231924d027474c4a2,7663.937,7663.3,5600,exact-open-set-id-v2,1788060185971486280,127,127,2049,16464,4bbd5034b15b0a0bfecefdd99cd74c2f32398e9adad7a3f6eae3c5c88a1e997b,4.744,
437,primary_test_impostor,932,1837,primary_test_impostor,0,254,16,1011,0,False,,0,False,,0,,False,,5.209,0.44,32840,c078c89d3bd3fb4e4c0b85ef45bb345b8d35be360f3d7351b725164c43f669bf,7525.238,7524.6,5600,exact-open-set-id-v2,1788060185971486280,127,127,2049,16464,bbb2d8312f26dca1871b20422bbe3809931170849bb17cad27f49b2768144315,4.884,
438,primary_test_impostor,933,1838,primary_test_impostor,0,221,108,1095,0,False,,0,False,,0,,False,,4.603,0.41,32840,0cde4487cfe837e9764621ebcb091400fa57579708e423035d4241cdd8dc634d,7425.249,7424.7,5600,exact-open-set-id-v2,1788060185971486280,127,127,2049,16464,0f73614c42991ebf6ddcb2ccfdd23eaccf7c9cc0b094a95b343122e8f0d856b8,5.638,
439,primary_test_impostor,934,1839,primary_test_impostor,0,180,102,109,0,False,,0,False,,0,,False,,4.79,0.41,32840,48596e57283d3e1eccb8533b6fadb2814583e911787adb8fe6dfb94703a30144,8412.928,8412.2,5600,exact-open-set-id-v2,1788060185971486280,127,127,2049,16464,933ba82da745912ac55ccc3b9a0db4fb2df96eed7730ef75f3a8554b16c37e5e,5.479,
440,primary_test_impostor,935,184,primary_test_impostor,0,207,88,1077,0,False,,0,False,,0,,False,,5.763,0.44,32840,66225e7a2f254cf5638c6832d73bdd0885a71a4fc9d3be5b01658e53dbf08f86,8146.693,8146.1,5600,exact-open-set-id-v2,1788060185971486280,127,127,2049,16464,d801835c8c5791eb623656a9e5b1ebe5f575a171382ac72fe2f134fcb1d41d52,5.443,
441,primary_test_impostor,936,1840,primary_test_impostor,0,83,29,1023,0,False,,0,False,,0,,False,,4.852,0.43,32840,675b6e0271337b8b7afd07cfb4992e26c345d0683870bc42380649ef148b19d4,7836.361,7835.6,5600,exact-open-set-id-v2,1788060185971486280,127,127,2049,16464,54f6a025d8c5f4737d72b3021dcf9ba9e906af23c9682b3b74ca14df175b6c8f,7.349,
442,primary_test_impostor,937,1841,primary_test_impostor,0,142,123,1108,0,False,,0,False,,0,,False,,5.283,0.43,32840,29f6b3bc83a6d2cdf8233e83be6763104fa236f0126d9f76dc6e3f40b1a50c2c,7670.114,7669.4,5600,exact-open-set-id-v2,1788060185971486280,127,127,2049,16464,ed1750f7e1dc35b8e0bbd3c5459837bd98b629f8df57cfc4b4b893849406419d,5.134,
443,primary_test_impostor,938,1842,primary_test_impostor,0,93,13,1009,0,False,,0,False,,0,,False,,6.781,0.51,32840,60470443b2fefb44908e95cd28bb9414bb82339fe33028c135be7129a94bf7d1,7630.625,7630.0,5600,exact-open-set-id-v2,1788060185971486280,127,127,2049,16464,6fdb52a6338d0a9d1a2ae79146ba935fc7b18ae3f81dcc9628076b25ac5ff27a,5.384,
444,primary_test_impostor,939,1843,primary_test_impostor,0,212,122,1107,0,False,,0,False,,0,,False,,5.964,0.46,32840,c8ed4e04427f7c4bf249313487d47fb2253af12baf8a3a2cd9771603d5a3fe5f,7593.36,7592.7,5600,exact-open-set-id-v2,1788060185971486280,127,127,2049,16464,f9bd8caa8fb4566092acc55257d7069a0459d9522388587df642805a2907e116,6.198,
445,primary_test_impostor,940,1844,primary_test_impostor,0,194,103,1090,0,False,,0,False,,0,,False,,5.419,0.5,32840,3504f86f6be66646e50a7b7dfffe00a5f636b3b7353b34147ed5b8290c9f264d,7753.968,7753.3,5600,exact-open-set-id-v2,1788060185971486280,127,127,2049,16464,bb69ca46c22a4f06c2e9a832b068b77266d4d8ac6cfd7c0ef985240f91342565,5.428,
446,primary_test_impostor,941,1845,primary_test_impostor,0,208,84,1073,0,False,,0,False,,0,,False,,4.681,0.41,32840,40e6138c51d8d67276414fdfc1aa2eaa80086b704b2b230f41bca02e755e5164,7719.857,7719.2,5600,exact-open-set-id-v2,1788060185971486280,127,127,2049,16464,72c455d3570ed6251a5b287d63b4e1f35163a894148a9cb429fd61c242b8595a,5.452,
447,primary_test_impostor,942,1846,primary_test_impostor,0,175,114,110,0,False,,0,False,,0,,False,,4.55,0.41,32840,881a176e153a63a0239cfb6f4895b08126fae2d9ea7a23acc6c939420f23593d,7693.473,7692.8,5600,exact-open-set-id-v2,1788060185971486280,127,127,2049,16464,cc96a85f4b8a9dadcb59cfa5b8914a4c78dfcc7cb20029a05f52695e2c665933,5.101,
448,primary_test_impostor,943,1847,primary_test_impostor,0,226,23,1018,0,False,,0,False,,0,,False,,4.482,0.5,32840,8ba45aa49c4454ac17e2678d14ffbd0f66dc2ffc429b8cfbc051db8e9561aa77,7657.599,7657.0,5600,exact-open-set-id-v2,1788060185971486280,127,127,2049,16464,f42477d659f1290e72ae1cc474f00bf3bff79340b4682e0d5949fb9064fa228c,4.479,
449,primary_test_impostor,944,1848,primary_test_impostor,0,220,23,1018,0,False,,0,False,,0,,False,,4.37,0.41,32840,7ac19bffbe8e8a0f90c8c7ff6451e923d7291e418881836b312ad7ffca70f1d2,7670.857,7670.2,5600,exact-open-set-id-v2,1788060185971486280,127,127,2049,16464,8e3abb7d3bbeeef981e104dcc55b95e3728d93a39d832e266a3f8ed18595d2bd,5.122,
450,primary_test_impostor,945,1849,primary_test_impostor,0,171,96,1084,0,False,,0,False,,0,,False,,4.435,0.41,32840,f8bb65565cb4fd2cde97a89b6b43e4e6e1b41c0d0cb9a1b50275972760150d23,7593.05,7592.4,5600,exact-open-set-id-v2,1788060185971486280,127,127,2049,16464,c29cc8a55e35294edc5690423d32b175e3819754e56ba7a3200947a9d0c7cac4,5.675,
451,primary_test_impostor,946,185,primary_test_impostor,0,206,125,111,0,False,,0,False,,0,,False,,4.587,0.41,32840,ec4a29be29141b2e91d217cd86daa851d8e7b2119d01b1d3be94ade7190e3227,7648.118,7647.5,5600,exact-open-set-id-v2,1788060185971486280,127,127,2049,16464,be7e6786b6615971d162c95544f2bde393b2f92216a6b4595bef7a4a17fcaf80,5.232,
452,primary_test_impostor,947,1850,primary_test_impostor,0,195,81,1070,0,False,,0,False,,0,,False,,5.224,0.41,32840,b53aaf9c5053624587acc8454b44219e2f39cefd2e4706ab6394decbb89b94bc,7435.227,7434.5,5600,exact-open-set-id-v2,1788060185971486280,127,127,2049,16464,debbd9c3a9fe621a19a177182f1f3e9f468032592da21ce5da6a9093ac1cec3e,5.03,
453,primary_test_impostor,948,1851,primary_test_impostor,0,202,55,1047,0,False,,0,False,,0,,False,,4.64,0.42,32840,554bfa64ac8990f5a42c5dba2f028445ef94f40ed6ab83a27cdd1deddc4a72da,7544.981,7544.3,5600,exact-open-set-id-v2,1788060185971486280,127,127,2049,16464,a5ed85a2482e45734e6c74278a2a562d434496e9dc116ee0298238c1504852f7,4.99,
454,primary_test_impostor,949,1852,primary_test_impostor,0,238,80,107,0,False,,0,False,,0,,False,,4.443,0.4,32840,0a3a70028d22b5324fc4dee864149e5532014747033d1092060f3336da04c44b,7446.672,7446.0,5600,exact-open-set-id-v2,1788060185971486280,127,127,2049,16464,53ce3ff3715a64a365b17e51b8d896961ba610315f872172f7a46f864fc75a0c,5.458,
455,primary_test_impostor,950,1853,primary_test_impostor,0,154,124,1109,0,False,,0,False,,0,,False,,5.06,0.4,32840,a28dda546ee62076045ba2a135f10fc267635b6b17c364849ceb4103f1978aec,7480.545,7479.8,5600,exact-open-set-id-v2,1788060185971486280,127,127,2049,16464,e2b489f8029906863b0c2fc881dd909fb84308577fa43b135c3170aca49ab9f9,5.192,
456,primary_test_impostor,951,1854,primary_test_impostor,0,240,61,1052,0,False,,0,False,,0,,False,,4.636,0.38,32840,0a80deb77c202080eda39e07e189e7d4e8e083d452f3b765a6cf5a795193085b,7312.804,7312.1,5600,exact-open-set-id-v2,1788060185971486280,127,127,2049,16464,80b47842f91ee2e1867ac39eb32ad4a3eb94f8b0e72e8f98df0c08ef6b126719,5.095,
457,primary_test_impostor,952,1855,primary_test_impostor,0,208,2,10,0,False,,0,False,,0,,False,,5.173,0.44,32840,e1a98645feff778fda63bdfbc2ccf0ee176e4ec442d83e2cc68c03f1985ad4ea,7413.156,7412.5,5600,exact-open-set-id-v2,1788060185971486280,127,127,2049,16464,a0d8f72b5d1481566e0e086c0d51f3b482aa7508152facdb158dc54b507001d4,4.882,
458,primary_test_impostor,953,1856,primary_test_impostor,0,196,102,109,0,False,,0,False,,0,,False,,4.864,0.54,32840,1ac417536726b756a1b7224d127357e4e7b64b50d59838e6ebe01c8c4c7c8c34,7291.894,7291.2,5600,exact-open-set-id-v2,1788060185971486280,127,127,2049,16464,549fd57342e0a98b310cc8e0dff5730d408aa4fd3022715953797b8e1eb9a416,5.594,
459,primary_test_impostor,954,1857,primary_test_impostor,0,135,34,1028,0,False,,0,False,,0,,False,,4.84,0.47,32840,1b8ded8956d54cb12d698eeec406e411ef2bd37bc1885b875c922607b00116ca,7643.54,7642.9,5600,exact-open-set-id-v2,1788060185971486280,127,127,2049,16464,22e128fe5c74efcfa642d016484278af4ccb2591b2930211b31ca054f9ac171a,5.368,
460,primary_test_impostor,955,1858,primary_test_impostor,0,260,119,1104,0,False,,0,False,,0,,False,,4.783,0.43,32840,0c9ff944dd1026ac9d35816643e72f95875bf217a40bcd5289aca0a567e63206,7409.785,7409.1,5600,exact-open-set-id-v2,1788060185971486280,127,127,2049,16464,213833ed824bf4c94652adf82c14188b64032124c9105b25c9d467dc68675491,5.043,
461,primary_test_impostor,956,1859,primary_test_impostor,0,131,108,1095,0,False,,0,False,,0,,False,,5.319,0.41,32840,328a6e7f1dcad885db6470cbd4a74d98b7e70ad158f797775156462487e90588,7455.553,7454.9,5600,exact-open-set-id-v2,1788060185971486280,127,127,2049,16464,3696e8c6cf0c95f780786e88b35cbd3c1fe105198ec86a2e2e784fb0037494ec,5.178,
462,primary_test_impostor,957,186,primary_test_impostor,0,127,58,105,0,False,,0,False,,0,,False,,4.339,0.39,32840,2bfab6c56e04cfa3bb79b8e4362ce5825d2f7f2b4b3f94a62e9b021309775347,7546.745,7546.1,5600,exact-open-set-id-v2,1788060185971486280,127,127,2049,16464,de6f557fd0c0e8dc36c70ff1d5398478aec9b7f1c7ab35a230a5534abf69cb91,4.997,
463,primary_test_impostor,958,1860,primary_test_impostor,0,233,24,1019,0,False,,0,False,,0,,False,,4.974,0.43,32840,e999453e1814512d61bd496667993bb5ab3718e4404285afcc6bb71c6895814a,7325.591,7324.9,5600,exact-open-set-id-v2,1788060185971486280,127,127,2049,16464,23b7c09442f3625c85cf6f6195a2a1922cfa62a562fccd9aee9710f07ecfb83d,5.441,
464,primary_test_impostor,959,1861,primary_test_impostor,0,242,23,1018,0,False,,0,False,,0,,False,,4.582,0.39,32840,863ab50a8a5493356dcb6154eca827fdfc9fcac53d75bb161a1bb6508d23b68f,7325.062,7324.5,5600,exact-open-set-id-v2,1788060185971486280,127,127,2049,16464,fa220b01289e0e693ab617e6ba6af2c933f7d82070c2a31295c324017dd100f4,5.42,
465,primary_test_impostor,960,1862,primary_test_impostor,0,272,28,1022,0,False,,0,False,,0,,False,,4.611,0.44,32840,98888843898ea77437857d1024a7d43625d8bd20fc786fff769871e2cd610826,7430.941,7430.3,5600,exact-open-set-id-v2,1788060185971486280,127,127,2049,16464,cc1be1afbf9d09b2dad3ab08b76c91f0ae97fcbccfb4d953a21dede2d02650d5,5.748,
466,primary_test_impostor,961,1863,primary_test_impostor,0,176,105,1092,0,False,,0,False,,0,,False,,4.875,0.43,32840,6c1216a90f2809855c298043f374610980d2efb866e20bc638274ae619fb82ee,7303.88,7303.2,5600,exact-open-set-id-v2,1788060185971486280,127,127,2049,16464,60290b9cc547b479856c9ef2f9911600f9166f959d29cbcf607db7f8ff4163f0,5.078,
467,primary_test_impostor,962,1864,primary_test_impostor,0,267,78,1068,0,False,,0,False,,0,,False,,3.919,0.39,32840,f29ef51174e0fe619a9b81c38a1cf5a51d7d8b4b7d48e9b99e14f30489b529bf,7304.417,7303.7,5600,exact-open-set-id-v2,1788060185971486280,127,127,2049,16464,79cb2b71a783085742ab2973b6861c236a4b7545e155cb8a626140c7bc86015d,4.702,
468,primary_test_impostor,963,1865,primary_test_impostor,0,182,20,1015,0,False,,0,False,,0,,False,,4.531,0.4,32840,f475869753f002dc568bb84cfd2b06ecbd40f1ea87892145257ba18da7dbf526,7416.045,7415.5,5600,exact-open-set-id-v2,1788060185971486280,127,127,2049,16464,6aee4118abcf2566dcc04c3deb1672199af1084cca5bba94513d311ec142b0d7,6.675,
469,primary_test_impostor,964,1866,primary_test_impostor,0,230,23,1018,0,False,,0,False,,0,,False,,6.667,0.54,32840,340a09c859e9d27192173c6210d2b421d8319513051600c03c36ede12a33b571,7605.828,7605.1,5600,exact-open-set-id-v2,1788060185971486280,127,127,2049,16464,1ef223af7883d287415f659b5f844c2c54e1e5cc8c58e19a7bf7d0013aad18b7,4.984,
470,primary_test_impostor,965,1867,primary_test_impostor,0,118,11,1007,0,False,,0,False,,0,,False,,4.409,0.4,32840,c446de956b41e00d3008b4782ebda1834f24d74f07706fa30df1585e2b9d91e4,7658.653,7658.0,5600,exact-open-set-id-v2,1788060185971486280,127,127,2049,16464,54292e2c75703e735fd4fa636f34fe50fb10dd603a940037bf4afa814b9ae13c,5.315,
471,primary_test_impostor,966,1868,primary_test_impostor,0,247,86,1075,0,False,,0,False,,0,,False,,5.156,0.42,32840,a6d14fd394b0b5fe9654c4f79cf2b11e56c00dff7598def0ea345d3e2ef4fd2c,8021.865,8021.2,5600,exact-open-set-id-v2,1788060185971486280,127,127,2049,16464,adaf9d4f43d5e5f279edaa730473c58195d1824c9d4297e07eed0fa369120d12,14.497,
472,primary_test_impostor,967,1869,primary_test_impostor,0,221,86,1075,0,False,,0,False,,0,,False,,19.241,4.11,32840,a530390062b629d3bc89a2d7bf42fcd68f8f1e75cf55c95f11924f22e2b4f9b2,8028.844,8028.0,5600,exact-open-set-id-v2,1788060185971486280,127,127,2049,16464,bb19fcb11049b277b0744c3d3820091596bf6ce4abf3cbde2f058c95a5f7ebb0,6.38,
473,primary_test_impostor,968,187,primary_test_impostor,0,136,119,1104,0,False,,0,False,,0,,False,,5.295,0.45,32840,c722e1a5c5e8b8a829d17fb77e0f99dcf8f2286cbbde559fa3e2aa9ad6cf2e09,7920.011,7919.4,5600,exact-open-set-id-v2,1788060185971486280,127,127,2049,16464,a1b0b19420671d3b205ea31014813e92fb9b61946311a7a8c81993ecced661b4,4.83,
474,primary_test_impostor,969,1870,primary_test_impostor,0,299,38,1031,0,False,,0,False,,0,,False,,4.816,0.43,32840,977f31788201fae8ccd2e1a96f92670b6852a3aba1c110c38b492dfbfa3e5ffe,7554.109,7553.5,5600,exact-open-set-id-v2,1788060185971486280,127,127,2049,16464,58eb81909a70a962c73e208f9694693ddddb139a363fb2f69a5245dd1cb9b333,5.113,
475,primary_test_impostor,970,1871,primary_test_impostor,0,246,26,1020,0,False,,0,False,,0,,False,,5.171,0.49,32840,a7bdd6e353f7415caf67cf5c9b6a9daa3a4ba0024052b9dac4fd9df4085e8b7f,7447.608,7446.9,5600,exact-open-set-id-v2,1788060185971486280,127,127,2049,16464,ff4c4782e9074387067ac5294a2d3cf89882d5a45029da2453171ae84cd69c28,5.207,
476,primary_test_impostor,971,1872,primary_test_impostor,0,168,99,1087,0,False,,0,False,,0,,False,,4.651,0.42,32840,0fb9bbbf4facd5d1084fa7d6d88478052254bc0a7c1436bff2830cc2168d69fd,7475.659,7475.1,5600,exact-open-set-id-v2,1788060185971486280,127,127,2049,16464,d8327a7aae402d7e0ad104f0186f094e47da83ecada6f64b8839b4ddf7519722,4.935,
477,primary_test_impostor,972,1873,primary_test_impostor,0,135,88,1077,0,False,,0,False,,0,,False,,4.423,0.4,32840,2f136a53f9a3d94ec41e2ddf2b09ebb19485cd62e4bd7e5e4078839dab33a757,7321.528,7321.0,5600,exact-open-set-id-v2,1788060185971486280,127,127,2049,16464,5749179f6229f903dd8bfb37ba9530820dc35e01a760f1d44cabebb8c06b7128,5.056,
478,primary_test_impostor,973,1874,primary_test_impostor,0,255,81,1070,0,False,,0,False,,0,,False,,4.573,0.55,32840,982e370e20df6aaec4d8734fd4e1190bf851126b4816b0b27db1ca764ffbfe75,7586.364,7585.8,5600,exact-open-set-id-v2,1788060185971486280,127,127,2049,16464,e69505856158d5e8bd09df46811d3b204b072dc586e08c35f5bbec8e593358ca,5.334,
479,primary_test_impostor,974,1875,primary_test_impostor,0,221,12,1008,0,False,,0,False,,0,,False,,5.416,0.41,32840,04dd228233d7a526b4093ef9c45bf75a55bce19b4c4abd28c1fdafce20e30666,7490.994,7490.4,5600,exact-open-set-id-v2,1788060185971486280,127,127,2049,16464,18b8ff558f1fb34be3ae42b3d03e0869f4f3f0b57fbbb91323ce6fa8679a1a4b,5.735,
480,primary_test_impostor,975,1876,primary_test_impostor,0,184,77,1067,0,False,,0,False,,0,,False,,4.901,0.41,32840,e17635fbc5d39e178f98ea2ee1bdddd5d1423e5ff2f397555b4550232a0ed693,7340.081,7339.4,5600,exact-open-set-id-v2,1788060185971486280,127,127,2049,16464,27c90432917c30e93690de2f796d4637c3ee25679ea69d328ca11e9fcddc335c,9.24,
481,primary_test_impostor,976,1877,primary_test_impostor,0,94,119,1104,0,False,,0,False,,0,,False,,5.032,0.43,32840,b85a04759a276a8a14f2bf035ca0c4874cdb9f17f7849995c37c695c86171962,7375.405,7374.7,5600,exact-open-set-id-v2,1788060185971486280,127,127,2049,16464,e95a1cb7d6f0064f66b8222d01f256b22d3852a2ff631140838688a5470c831e,4.911,
482,primary_test_impostor,977,1878,primary_test_impostor,0,98,15,1010,0,False,,0,False,,0,,False,,4.946,0.43,32840,6c6d8a06f83f11d2fdff6592037e5b9ea350b8a85433b834e22f409151aa0aef,7318.798,7318.2,5600,exact-open-set-id-v2,1788060185971486280,127,127,2049,16464,f9690774689c03b21032124395777450989d63f7f001e33b9bb6ef348ff80936,5.533,
483,primary_test_impostor,978,1879,primary_test_impostor,0,212,80,107,0,False,,0,False,,0,,False,,4.642,0.41,32840,2e4eb04bef6711e9a08f76fb3a011d58812fccc690fad29d3745187049900793,7464.451,7463.8,5600,exact-open-set-id-v2,1788060185971486280,127,127,2049,16464,d09879f5efee3a866845bd9c26b130b2a40a91b07b30d519d11590fee2ec29c0,5.182,
484,primary_test_impostor,979,188,primary_test_impostor,0,359,1,1,0,False,,0,False,,0,,False,,4.452,0.38,32840,fd835a09dfcc9bd83c72fedc553cd2a2b2fca2f34377e5cfd469fb6aeeedf24f,7605.632,7605.0,5600,exact-open-set-id-v2,1788060185971486280,127,127,2049,16464,46e9425efb0f83fdf1fb4a62ceb97738cfb1c36a5301f4c6188f341d9eb03f68,6.053,
485,primary_test_impostor,980,1880,primary_test_impostor,0,55,91,108,0,False,,0,False,,0,,False,,8.112,0.55,32840,dd4c1f17a766e80900d1ac7712fd5e42cf3b8b4b96cad90340a9d73e27cc8e9e,7716.63,7716.0,5600,exact-open-set-id-v2,1788060185971486280,127,127,2049,16464,0ce9f7d13ea4f0a0b00d6dde85578665bae05d02794ceb5c4a6ae2f00630f24c,4.69,
486,primary_test_impostor,981,1881,primary_test_impostor,0,283,112,1099,0,False,,0,False,,0,,False,,4.86,0.44,32840,ffd9595f1291bb968b4063c4384c2c6cb779658e975542944d32b14cf1709d6a,7826.491,7825.6,5600,exact-open-set-id-v2,1788060185971486280,127,127,2049,16464,206290778a12c0f9c1f6687399f5b5d80043e3dbf105f183c5f60d865b66ea3d,8.473,
487,primary_test_impostor,982,1882,primary_test_impostor,0,162,7,1003,0,False,,0,False,,0,,False,,5.213,0.43,32840,216801e402d234fd37ac8ca6d7ff0724b146052331f7076c8a72ad2695e5a276,7597.003,7596.3,5600,exact-open-set-id-v2,1788060185971486280,127,127,2049,16464,803cb4f891b8259a8d02802983162d6a4ddc1606f2c6b5fc0b4448b59618e385,5.084,
488,primary_test_impostor,983,1883,primary_test_impostor,0,237,12,1008,0,False,,0,False,,0,,False,,5.662,0.43,32840,80f5d3e7c5a6fdff468c6f1f416eca226682588293faed0b81c7caff09120d49,7569.156,7568.5,5600,exact-open-set-id-v2,1788060185971486280,127,127,2049,16464,d72e823ddad7492e004d3ed879ec8e42131a75509b2e8c5227879eddf1255f21,5.144,
489,primary_test_impostor,984,1884,primary_test_impostor,0,90,26,1020,0,False,,0,False,,0,,False,,4.45,0.43,32840,7e81adb701f0c5ac9a8601fd80bf963e089d881bd32dd9e6e65cbcd8b223556f,7598.902,7598.3,5600,exact-open-set-id-v2,1788060185971486280,127,127,2049,16464,5ef88030b4ef3e2c7f9aa0f179b3346c5e6961e5f4ad79dd3a007216a82934b2,5.505,
490,primary_test_impostor,985,1885,primary_test_impostor,0,307,95,1083,0,False,,0,False,,0,,False,,5.363,0.54,32840,a5a1ad1681e4a201ca061820895e5753ec7916566b32d313fd0e0c4795117939,7668.274,7667.5,5600,exact-open-set-id-v2,1788060185971486280,127,127,2049,16464,25fa6758849d24142e2218e692b077f4fd686a91f80410b561d90d807c6010d6,5.194,
491,primary_test_impostor,986,1886,primary_test_impostor,0,114,97,1085,0,False,,0,False,,0,,False,,4.288,0.42,32840,6766a3fd9c4df979ff4a1fa1807558a11b774af84463aa43190611d325a79414,7503.692,7503.0,5600,exact-open-set-id-v2,1788060185971486280,127,127,2049,16464,958daaffd4897d8ced381ba17211c2018627535e3f90e91f01d1a74bdac00e27,4.593,
492,primary_test_impostor,987,1887,primary_test_impostor,0,388,46,1039,0,False,,0,False,,0,,False,,4.275,0.4,32840,4cb303c607b6de9140a2c30b06e9224d6c5d8cd534e337fc5296ffe6700a1f59,7345.708,7345.1,5600,exact-open-set-id-v2,1788060185971486280,127,127,2049,16464,672409b18d1b890bc9074c552dd440309580a9401472651460d5cf744da5a77b,5.364,
493,primary_test_impostor,988,1888,primary_test_impostor,0,89,24,1019,0,False,,0,False,,0,,False,,4.373,0.4,32840,2bf2708fc27bd9a34fb9b7cffb7084b846ae623211ee199f9d6c471507baf312,7358.143,7357.5,5600,exact-open-set-id-v2,1788060185971486280,127,127,2049,16464,5799f4d592dbd4afc6d80cec7833f6a6641f87114a66acb312b2fc39eb610628,5.14,
494,primary_test_impostor,989,1889,primary_test_impostor,0,161,19,1014,0,False,,0,False,,0,,False,,4.5,0.39,32840,109a7e85cabe0bcb7b2bf4723662c57d41c0432f67d8f9d21dfe3e9056ad4090,7686.026,7685.4,5600,exact-open-set-id-v2,1788060185971486280,127,127,2049,16464,fb44fd4297c5f492a192d1eb0dc1a798d2d22bb78e0a853323aa179569fb8fe2,5.922,
495,primary_test_impostor,990,189,primary_test_impostor,0,212,92,1080,0,False,,0,False,,0,,False,,4.487,0.48,32840,7d23d218b4e3a30d7df91bf57eed624e0a3c78d791e7802e045f4b521e89c15c,7299.386,7298.8,5600,exact-open-set-id-v2,1788060185971486280,127,127,2049,16464,b700f8eeac4e4f62792cd6856043bf4d46111c372afe88b1d1cd1339dd1abbca,5.034,
496,primary_test_impostor,991,1890,primary_test_impostor,0,189,96,1084,0,False,,0,False,,0,,False,,4.228,0.4,32840,b7927ea3c7621093e16f5569caad508b6de628e54f24e97d6db5bfd30f1a0d23,7482.991,7482.4,5600,exact-open-set-id-v2,1788060185971486280,127,127,2049,16464,1807dd9d7fead5608fbb22ea5771abaed1f187f6e0ba0de3d18aad7fbefdb067,4.815,
497,primary_test_impostor,992,1891,primary_test_impostor,0,106,17,1012,0,False,,0,False,,0,,False,,4.847,0.42,32840,c1e15b251e6b86a376e07eda38fbfb1be111243e0c564941afacdb059773a6ea,7504.355,7503.6,5600,exact-open-set-id-v2,1788060185971486280,127,127,2049,16464,4e3d5ae84f117a22378588d9846ff1dd050b949402f7ae78c53c47e72e00eec7,9.561,
498,primary_test_impostor,993,1892,primary_test_impostor,0,142,115,1100,0,False,,0,False,,0,,False,,5.353,0.42,32840,8494a33a17143917a108c48a703f3f0dd1cce477b756229ff505d240be67dae9,7434.057,7433.4,5600,exact-open-set-id-v2,1788060185971486280,127,127,2049,16464,76dab50e4905e3e1aaeef72c16d14ed4020cf23c5a1e416e302a3bf2d2d2cfd2,5.499,
499,primary_test_impostor,994,1893,primary_test_impostor,0,127,29,1023,0,False,,0,False,,0,,False,,5.056,0.39,32840,a27f64dac08a6912d1d5d7252fe7a0a0f01f179952e9376639530b1421f8f285,7427.217,7426.6,5600,exact-open-set-id-v2,1788060185971486280,127,127,2049,16464,c0c0123bf3725d70ee9e2f79b8eea56b3d548378f18656be3f9cd4807d771ff6,6.679,
500,primary_test_impostor,995,1894,primary_test_impostor,0,179,116,1101,0,False,,0,False,,0,,False,,4.082,0.4,32840,ba392ad763f13fca5e40f699778835c1cceaa39fd149adf1174482716c216bdb,7368.747,7368.0,5600,exact-open-set-id-v2,1788060185971486280,127,127,2049,16464,12b7970acba9f4336e6dbb1686e5a2d064e1f103d914987b28bf3c1aa205d272,4.929,
501,primary_test_impostor,996,1895,primary_test_impostor,0,200,99,1087,0,False,,0,False,,0,,False,,5.0,0.42,32840,107612c730745408c8ebb7aecf603844a460068f7146d93ed1a3ca333f30ab88,7308.939,7308.2,5600,exact-open-set-id-v2,1788060185971486280,127,127,2049,16464,532d70d03758b54324f02000e18f9ddd0973ac968fb4838a9fee24d9e6fae38a,4.904,
502,primary_test_impostor,997,1896,primary_test_impostor,0,227,31,1025,0,False,,0,False,,0,,False,,4.919,0.4,32840,b4551765401b3c8e24860fbc54045f07317dd4862a2be6d17227a0dd5f0e8a47,8174.567,8173.7,5600,exact-open-set-id-v2,1788060185971486280,127,127,2049,16464,8fcda625ad8bcbff5eb01a6f80cf79381a39fbb84961192c30c2d10dedde25bd,13.852,
503,primary_test_impostor,998,1897,primary_test_impostor,0,268,49,1041,0,False,,0,False,,0,,False,,17.316,0.47,32840,225ceeb120c4801213df628de13d01f7bd80155998551d0a6c2632c0fe717ca9,7968.729,7968.0,5600,exact-open-set-id-v2,1788060185971486280,127,127,2049,16464,2e9a8e96ac13bcce3b52062ff95fa29c4e6aa31706208ae5d810a5a1f77d4386,7.093,
504,primary_test_impostor,999,1898,primary_test_impostor,0,195,66,1057,0,False,,0,False,,0,,False,,5.422,0.45,32840,c9b99935e28da81793caad38c9b8c4cd1da4793006c21f3d551bdd0174d15e62,7842.181,7841.5,5600,exact-open-set-id-v2,1788060185971486280,127,127,2049,16464,a836df31b7aea24b4bdb3fd2fbe0be6264d3f6781a1da835389a50fe0e83eed4,9.381,
505,primary_test_impostor,1000,1899,primary_test_impostor,0,204,57,1049,0,False,,0,False,,0,,False,,8.041,0.46,32840,f27eb56ffb7fb321edebf290addc07f3499d400e7d8817076b85a6426dc2b3ac,7903.511,7902.8,5600,exact-open-set-id-v2,1788060185971486280,127,127,2049,16464,409a1e2dac0eb7560fa8ed9824b89e32b924241cc0b9bdbd46eb396fd6c8ec3d,5.084,
506,primary_test_impostor,1001,19,primary_test_impostor,0,121,24,1019,0,False,,0,False,,0,,False,,4.773,0.41,32840,640c2a5c6c1677d7b43e87bf0bc0bf18bf20cc95007bbdf609831919e14886ef,7466.121,7465.5,5600,exact-open-set-id-v2,1788060185971486280,127,127,2049,16464,281a845dd01ce006b251ca9fe09d335c58a5570b128db848d0b89641676d3c40,5.24,
507,primary_test_impostor,1002,190,primary_test_impostor,0,180,47,104,0,False,,0,False,,0,,False,,4.701,0.4,32840,f72704847ee99af659594afea04a197fb7d84b54f18668b36f48e375f42d31b4,7372.922,7372.3,5600,exact-open-set-id-v2,1788060185971486280,127,127,2049,16464,bc0bf70b085a0304aaf77f0b7113eb0847f274302f230ab25b244193b80697cf,5.09,
508,primary_test_impostor,1003,1900,primary_test_impostor,0,114,102,109,0,False,,0,False,,0,,False,,4.335,0.42,32840,1203aeae0d7161f5cc257e8fdaa6766a37b8488adac3c2eda10cb5694564d481,7485.042,7484.3,5600,exact-open-set-id-v2,1788060185971486280,127,127,2049,16464,a902c84bf337b02190fd6ab39b7fb8537d7ad84b1cf05e6ed1d2ab3b8b63abe2,5.213,
509,primary_test_impostor,1004,1901,primary_test_impostor,0,165,68,1059,0,False,,0,False,,0,,False,,4.612,0.4,32840,b97a39a3b611988cbadbce81f78d6862b294e9830a0ec976816b98b8213fabb4,7307.286,7306.6,5600,exact-open-set-id-v2,1788060185971486280,127,127,2049,16464,182fc900bc51a955b90f0e655cb0df965738f93ca9833cde38e5aa633882180d,5.666,
510,primary_test_impostor,1005,1902,primary_test_impostor,0,63,116,1101,0,False,,0,False,,0,,False,,4.655,0.4,32840,f0c19f2daf42137dc75e41e922b1073bccbfdf1f65b06e24655dd4f6e58714ee,7573.482,7572.9,5600,exact-open-set-id-v2,1788060185971486280,127,127,2049,16464,b6898b79d094ab48a6f770e3464aa11aed6cd8a97ecc32434d2a254d9be99158,5.07,
511,primary_test_impostor,1006,1903,primary_test_impostor,0,150,92,1080,0,False,,0,False,,0,,False,,4.367,0.4,32840,c212f14b6e80db301357ef3ae7b765441aa163d44f9dcc14578b7ca6677a1c4e,7327.798,7327.2,5600,exact-open-set-id-v2,1788060185971486280,127,127,2049,16464,83ed910d3b14943668ea1f113722dc840303177c3d82cd0d55f7fd6f0461cf1c,5.09,
512,primary_test_impostor,1007,1904,primary_test_impostor,0,171,75,1065,0,False,,0,False,,0,,False,,4.438,0.42,32840,fec183823acaaa0bdd519430ffd631325e0031534574525b43107c16e069e6cb,7563.629,7562.9,5600,exact-open-set-id-v2,1788060185971486280,127,127,2049,16464,196ffec32b5cc28d70216250ea0f3673f89ef1835f8baaf40daff1725dd3e3b5,5.472,
513,primary_test_impostor,1008,1905,primary_test_impostor,0,244,115,1100,0,False,,0,False,,0,,False,,5.469,0.56,32840,17298685651233f6ae6c603b0f7a72eacd8a6474b69452cb63693fdbbaeafed1,7267.803,7267.1,5600,exact-open-set-id-v2,1788060185971486280,127,127,2049,16464,312a35aedefebc258e8a00ad736653978491c82959ada53e5985c32ae9e160fe,8.961,
514,primary_test_impostor,1009,1906,primary_test_impostor,0,91,106,1093,0,False,,0,False,,0,,False,,5.97,0.46,32840,9aca2c6e260605b5423c35c473d8476ef665b8dbc49281b4cddf13c159e5c449,7395.798,7395.1,5600,exact-open-set-id-v2,1788060185971486280,127,127,2049,16464,54d174919f48702978b650d702454f80b438f1338731e410f090dbb331b7d5b0,5.306,
515,primary_test_impostor,1010,1907,primary_test_impostor,0,136,17,1012,0,False,,0,False,,0,,False,,5.843,0.55,32840,2d3562b1359fe60e1d8cfbcd900b9adbcb36baadc1e5acaf38bed387bb86dcc4,7479.188,7478.5,5600,exact-open-set-id-v2,1788060185971486280,127,127,2049,16464,5f9a25d2f7ca49c068747d4b8ba9d0e509fe643dd0c6c0af08daf4aa77256053,5.196,
516,primary_test_impostor,1011,1908,primary_test_impostor,0,153,88,1077,0,False,,0,False,,0,,False,,4.536,0.42,32840,6a9ced7cde1470098fc12923314c0b3650ecacd8f25a758185017b91ead07f94,7476.791,7476.1,5600,exact-open-set-id-v2,1788060185971486280,127,127,2049,16464,3ba428bd937776031bf319ccf396b2ac9a256033b42c049f4b06e94fd0aaa5b0,5.956,
517,primary_test_impostor,1012,1909,primary_test_impostor,0,112,123,1108,0,False,,0,False,,0,,False,,4.558,0.4,32840,234beb4c6adecd2b49372afc0f54057f0ebb89ef23846325674a4cd800d1a8aa,7283.562,7282.9,5600,exact-open-set-id-v2,1788060185971486280,127,127,2049,16464,e501287dcbf8574f9040de6bde8a578f4396e9d64db7409f3577165d4e3f36ac,4.947,
518,primary_test_impostor,1013,191,primary_test_impostor,0,216,20,1015,0,False,,0,False,,0,,False,,4.531,0.43,32840,2ae691d5e5d76a01d95eec723956faaafe68a559c47dd103307c24a8a115ef4b,7520.078,7519.3,5600,exact-open-set-id-v2,1788060185971486280,127,127,2049,16464,7c301cd4e6b30424855a1e58fbdd216fbb2b86cd9268702882de3d979aa0cf35,5.879,
519,primary_test_impostor,1014,1910,primary_test_impostor,0,157,78,1068,0,False,,0,False,,0,,False,,5.297,0.5,32840,f08ef769d75afab0fd81546dd0103683265d564d9347fd3eb1b15d24e61f93a6,7274.542,7273.9,5600,exact-open-set-id-v2,1788060185971486280,127,127,2049,16464,2d13c487a7fb59382a75798e63973cdb3532bb36356b2593dee2b49e46004873,5.894,
520,primary_test_impostor,1015,1911,primary_test_impostor,0,127,64,1055,0,False,,0,False,,0,,False,,4.332,0.42,32840,b70ea566195d21ce5ac63ca3fd65e08ca71934373d09372c1891b0f9157b4389,7303.511,7302.9,5600,exact-open-set-id-v2,1788060185971486280,127,127,2049,16464,b7780931ec1b2c54f0067f62a61a864f12b5b894d85e346b5322257617213f61,4.98,
521,primary_test_impostor,1016,1912,primary_test_impostor,0,239,86,1075,0,False,,0,False,,0,,False,,4.819,0.39,32840,c9ce002e479e1fe89ce219146afbec3ed337021a3f16c0ae49664f23c616f6db,7407.072,7406.4,5600,exact-open-set-id-v2,1788060185971486280,127,127,2049,16464,0cc380fe841beef85e8f82220da6304b67979baafd5777a61e11c5d0a612f213,5.096,
522,primary_test_impostor,1017,1913,primary_test_impostor,0,231,88,1077,0,False,,0,False,,0,,False,,4.964,0.4,32840,6a7b2d558221924dcf0fb4ad1df432ff5a2dd1a3aefc2c71b4e1b77b5297cd07,7404.637,7404.0,5600,exact-open-set-id-v2,1788060185971486280,127,127,2049,16464,4edc8c85fec23776a3ac9ed2477d08b13458dd3b2ddde241bcfe1def2ecdc33f,6.467,
523,primary_test_impostor,1018,1914,primary_test_impostor,0,184,2,10,0,False,,0,False,,0,,False,,5.822,0.43,32840,4beeba215669a48a769fe94aacd81bea81f7c7a0a9ee80ca938518f066617079,7430.927,7430.0,5600,exact-open-set-id-v2,1788060185971486280,127,127,2049,16464,06b609c82bd261b8b58232ae66a6c150a86ef3b96f3a5e3c67dc00f65186368f,4.786,
524,primary_test_impostor,1019,1915,primary_test_impostor,0,160,3,100,0,False,,0,False,,0,,False,,4.943,0.41,32840,46614a841a5aea8ab3f096933a160575a982f486cfc5c152bd7382357a4d18d0,7872.328,7871.7,5600,exact-open-set-id-v2,1788060185971486280,127,127,2049,16464,d380b7ba9fc055014b1ae56399f38fe5571e2c7b4635ce9fcbfd72574b686021,5.431,
525,primary_test_impostor,1020,1916,primary_test_impostor,0,194,62,1053,0,False,,0,False,,0,,False,,5.152,0.42,32840,6d0d1731f0c3a02a647cbf7508708060805c48e136a41e2cc1f60a58a2efdbc5,7966.611,7965.8,5600,exact-open-set-id-v2,1788060185971486280,127,127,2049,16464,6737ce848d5d4da37423b502f241490a97a2722b5c6d40254e26051f7081057a,6.366,
526,primary_test_impostor,1021,1917,primary_test_impostor,0,246,110,1097,0,False,,0,False,,0,,False,,6.395,0.45,32840,63bc0d94f804b40a4f2024633fb80e0aaa2dcb06c47cfa0f4137ff7b7e8ec828,7674.956,7674.3,5600,exact-open-set-id-v2,1788060185971486280,127,127,2049,16464,f0b8fd46f84136cd3bffaf580aa7f235d5c482f0f2585d1d23b19dada39f191e,6.145,
527,primary_test_impostor,1022,1918,primary_test_impostor,0,202,80,107,0,False,,0,False,,0,,False,,5.182,0.44,32840,93477abacc11f12e0d276c7d806a7c095c3d9fc4cd8133d43594bf035ebcea12,7561.561,7560.9,5600,exact-open-set-id-v2,1788060185971486280,127,127,2049,16464,37d97d100197826043e76c56cca833cb846d95cf7bf5bbcab98c1d0970f9c7be,4.941,
528,primary_test_impostor,1023,1919,primary_test_impostor,0,216,93,1081,0,False,,0,False,,0,,False,,4.516,0.41,32840,dd0e4b3e66227292847bb2176feff5c66be4878c5d05220947271ff4b50d2ad6,7644.995,7644.3,5600,exact-open-set-id-v2,1788060185971486280,127,127,2049,16464,b22ad6c8a905f87fb7c8406e3b067b247bae68f56b733b0bf5315e0e053dabce,5.839,
529,primary_test_impostor,1024,192,primary_test_impostor,0,208,42,1035,0,False,,0,False,,0,,False,,5.102,0.47,32840,0fa3b09ae4b1acb54ed699efdd51d205a90b7669ddb1527647b11b2887decc2a,7599.95,7599.2,5600,exact-open-set-id-v2,1788060185971486280,127,127,2049,16464,84bab05cd464be8a92fa4f8d61b1313f21cde92bd11458d538e3302061c54937,5.06,
530,primary_test_impostor,1025,1920,primary_test_impostor,0,135,91,108,0,False,,0,False,,0,,False,,4.876,0.43,32840,726d4ade0f7e9c6ada83330ff48254f219dc9879c28132a136aeaef1d8b17099,7524.707,7524.1,5600,exact-open-set-id-v2,1788060185971486280,127,127,2049,16464,c307d9c55efefa1106b1c5696ebf99a27cd4062e49d5f92c6a1dd1e596e2f2e4,5.551,
531,primary_test_impostor,1026,1921,primary_test_impostor,0,206,80,107,0,False,,0,False,,0,,False,,4.744,0.44,32840,2b8c8549e62d88484037072c2cb760f16477b1388ba2ba06067e9515dafeac3b,7478.188,7477.6,5600,exact-open-set-id-v2,1788060185971486280,127,127,2049,16464,71e37098f65ebfd78dca4c55a75567e7bb412a226ea96696161969a01a50cea5,4.999,
532,primary_test_impostor,1027,1922,primary_test_impostor,0,128,4,1000,0,False,,0,False,,0,,False,,4.18,0.42,32840,e383cd89ce44f110a77bc0eb47513d16edafa244f483e367e0d425d476e29f78,7468.684,7468.0,5600,exact-open-set-id-v2,1788060185971486280,127,127,2049,16464,c3915350eb1f05c1087a9d5cf2b1e491cafbf84ce99eb4d47753a8881a097fb0,5.06,
533,primary_test_impostor,1028,1923,primary_test_impostor,0,112,80,107,0,False,,0,False,,0,,False,,4.963,0.42,32840,57d6c6ff75ce90cd6f5e30ef544d72beff96601939425a06847e94c8d74e84f5,7425.078,7424.5,5600,exact-open-set-id-v2,1788060185971486280,127,127,2049,16464,3268193454cb0740473ec3c01d43ef7c2ca3529bd92787df73cd722c6c34a1c7,5.123,
534,primary_test_impostor,1029,1924,primary_test_impostor,0,273,45,1038,0,False,,0,False,,0,,False,,4.716,0.4,32840,c56710792da2deeee1418e25f4e8fed8c545bc6f2af489eafa6c3d94638d3dc7,8041.817,8041.1,5600,exact-open-set-id-v2,1788060185971486280,127,127,2049,16464,e19bc4261358a5d5bf03686db838479922b5310a527ef6fc98ea65e1d6fdc621,5.358,
535,primary_test_impostor,1030,1925,primary_test_impostor,0,244,121,1106,0,False,,0,False,,0,,False,,5.532,0.48,32840,c77185c3d5d575a2a1ab7110331b02cf910431823a030f0830cb9a2ca06708a8,8058.692,8057.9,5600,exact-open-set-id-v2,1788060185971486280,127,127,2049,16464,81e657e8dc545a680ca4c6e3f207aeb4490d6f3526a0f5cfc8fa98187a032098,5.372,
536,primary_test_impostor,1031,1926,primary_test_impostor,0,194,61,1052,0,False,,0,False,,0,,False,,5.584,0.46,32840,1774df8a7e93d6d2e7f11a56ed58c0db7578ca4b66a1a6744ef47f0153a6f92b,7890.222,7889.6,5600,exact-open-set-id-v2,1788060185971486280,127,127,2049,16464,fd979c5133f7df6cbf9fc6a9973568743fe80698c80dbbeb5ed5d0a2472a3ff2,5.341,
537,primary_test_impostor,1032,1927,primary_test_impostor,0,207,76,1066,0,False,,0,False,,0,,False,,4.882,0.47,32840,b95b94d360df919b411b56b90ccfabcd8ff24615696c365347b6b0b3b92ba67e,7687.442,7686.7,5600,exact-open-set-id-v2,1788060185971486280,127,127,2049,16464,10450b380fc8d65d2d21f71d014812e672343d7a15d031753eaad97cfbef5a19,5.801,
538,primary_test_impostor,1033,1928,primary_test_impostor,0,184,30,1024,0,False,,0,False,,0,,False,,5.388,0.41,32840,925314ee7f10819f4192aa920f03f651fd8d18720be905e67c5859a1026b99b4,7460.244,7459.6,5600,exact-open-set-id-v2,1788060185971486280,127,127,2049,16464,ba48cc1e8c8dcde48a26212b704bd8ae7e2f3db8260f575802bbb8c377c48b3f,5.041,
539,primary_test_impostor,1034,1929,primary_test_impostor,0,115,29,1023,0,False,,0,False,,0,,False,,4.716,0.43,32840,97c57756a3a47e36d4baf08cc1d15073dc1b6c75c1fc854e30924e2426513b8c,7369.632,7369.0,5600,exact-open-set-id-v2,1788060185971486280,127,127,2049,16464,99093f67a76c278ddedd4271ffa429007747485dc452e4f8270b332a70b694ff,4.967,
540,primary_test_impostor,1035,193,primary_test_impostor,0,134,121,1106,0,False,,0,False,,0,,False,,4.692,0.4,32840,b57f585ac407271cfb422b316365a2232a56d8be5fff88ec84f56dc4289eba53,7371.383,7370.7,5600,exact-open-set-id-v2,1788060185971486280,127,127,2049,16464,9fd7a4f2048fbc8d7ae7337354587e004a42b236a949053d919370865e507b4e,4.6,
541,primary_test_impostor,1036,1930,primary_test_impostor,0,142,80,107,0,False,,0,False,,0,,False,,4.546,0.39,32840,60c9283862d2f940a0e9d71591543bde68f45b1a122b6faf54c897144129d384,7379.39,7378.8,5600,exact-open-set-id-v2,1788060185971486280,127,127,2049,16464,cdac6ca6b2b2963f07282f97652d016950be66d723d48a4a0b30520d7e894e53,5.344,
542,primary_test_impostor,1037,1931,primary_test_impostor,0,240,80,107,0,False,,0,False,,0,,False,,5.063,0.43,32840,edbf67239abe816a3ac4d372c37a9dec4ea5af02e229d671d3cbda3c00e14f57,7584.54,7583.9,5600,exact-open-set-id-v2,1788060185971486280,127,127,2049,16464,6c17d3209955e4378a245c230b9799bc8c03843558959cc87a3d79aabbc6c6d8,7.938,
543,primary_test_impostor,1038,1932,primary_test_impostor,0,150,97,1085,0,False,,0,False,,0,,False,,5.136,0.43,32840,8dfcfc6c3210c7ce060aa0db56c28376a69dfab25bf14d9de3edc39f09959860,7429.839,7429.3,5600,exact-open-set-id-v2,1788060185971486280,127,127,2049,16464,ebd434ed5949345eab1f7bcb3196666c3463bff6afc91eccee6f385077ad9408,4.494,
544,primary_test_impostor,1039,1933,primary_test_impostor,0,48,93,1081,0,False,,0,False,,0,,False,,4.572,0.4,32840,51afcb48d71fd34757bfa1a608c4ba5ba0f44727400b2c3ca38ada7fa952bc27,7364.516,7363.9,5600,exact-open-set-id-v2,1788060185971486280,127,127,2049,16464,6631f3511e400a55eaeaef8362c842018b39b5bff3428560a62dc0d83d6fce9e,4.922,
545,primary_test_impostor,1040,1934,primary_test_impostor,0,126,115,1100,0,False,,0,False,,0,,False,,5.303,0.49,32840,4dfff6f501bcc7e1c863d1a7d87b5d81d7ee1cf4ab081eb123e454f7f0510060,7364.262,7363.6,5600,exact-open-set-id-v2,1788060185971486280,127,127,2049,16464,c3f14810cda0b1b7aaaa7cad56c000477754057b5d139e6804496c4c086ddaca,6.779,
546,primary_test_impostor,1041,1935,primary_test_impostor,0,128,97,1085,0,False,,0,False,,0,,False,,8.012,0.47,32840,35f380a239774b3ec2b38498f72fdab4e5ebebbe43672364a44088edb94a0b62,7361.667,7361.0,5600,exact-open-set-id-v2,1788060185971486280,127,127,2049,16464,4699efc7d8077465555c3b28a5299278031fb6db0fa1f9a76e3afd95231b5762,5.342,
547,primary_test_impostor,1042,1936,primary_test_impostor,0,176,2,10,0,False,,0,False,,0,,False,,4.992,0.44,32840,7ed7646c99099d134f2820bc585f8cb4f888479f7a6b3be72998e298fd50ba0e,7330.729,7330.1,5600,exact-open-set-id-v2,1788060185971486280,127,127,2049,16464,c84833032a3aa2759495dffab660c23aec7bc193ac4a226dc7603701d9eff2c7,4.696,
548,primary_test_impostor,1043,1937,primary_test_impostor,0,125,74,1064,0,False,,0,False,,0,,False,,4.801,0.38,32840,358672cc88c2a9c7d14bf797cfd5ed3a652a515a8d45fb6a90890076699cad58,7299.329,7298.7,5600,exact-open-set-id-v2,1788060185971486280,127,127,2049,16464,29d421c1eb843c808fd58c48f7e03c089950258c3daa09e73c140832be816fec,4.468,
549,primary_test_impostor,1044,1938,primary_test_impostor,0,158,35,1029,0,False,,0,False,,0,,False,,4.304,0.42,32840,5652c5547538152223913c444db18cbd122512e971660dbf39cbf041b1a842fb,7339.289,7338.7,5600,exact-open-set-id-v2,1788060185971486280,127,127,2049,16464,7dcc10477b2133076a8574b8293dc2d97a4bbcbaec1ec679a3f677df2605e631,5.02,
550,primary_test_impostor,1045,1939,primary_test_impostor,0,168,3,100,0,False,,0,False,,0,,False,,4.394,0.42,32840,7aa125b9b4a22026c63707f13d74fe4ccf6385093e759726d3512d52f87633cc,7725.131,7724.4,5600,exact-open-set-id-v2,1788060185971486280,127,127,2049,16464,9d11a7ed28e3bfe9bda7c192eda31b2b15e7df987475371ababf3c6c2dcb7145,4.766,
551,primary_test_impostor,1046,194,primary_test_impostor,0,180,72,1062,0,False,,0,False,,0,,False,,4.39,0.39,32840,3f6192e09abf19ec26e624e056ae2348013d30990ca579957c36b1113ca3b017,7272.538,7271.9,5600,exact-open-set-id-v2,1788060185971486280,127,127,2049,16464,074d55c384f1f2771cae576ea2605cb12f6d44202c29b59d1e0f622209c9fd76,7.772,
552,primary_test_impostor,1047,1940,primary_test_impostor,0,285,67,1058,0,False,,0,False,,0,,False,,4.532,0.4,32840,33599dadd330f85b2cdaff59d26b24d0f657483997e56ad2d8901f1845d7d031,7353.129,7352.5,5600,exact-open-set-id-v2,1788060185971486280,127,127,2049,16464,6bd27dc5ccfa551a569f662290d91c5ba844f86f9cc0236811e52a0c836f29ec,4.907,
553,primary_test_impostor,1048,1941,primary_test_impostor,0,159,76,1066,0,False,,0,False,,0,,False,,4.287,0.41,32840,78a0a76724039d666ae922f6dd08d5ac16e4535bee16bf88bb9a373261c71785,7303.245,7302.6,5600,exact-open-set-id-v2,1788060185971486280,127,127,2049,16464,49168177ada5c2f1e93c3ba428b8410fc35e4558661648a25083805bb5a37242,5.224,
554,primary_test_impostor,1049,1942,primary_test_impostor,0,223,88,1077,0,False,,0,False,,0,,False,,4.747,0.4,32840,4fdb3c0e102da38022121beaa98cba5ad054f649fa3a6b912ee0cad2a2030799,7471.519,7470.9,5600,exact-open-set-id-v2,1788060185971486280,127,127,2049,16464,90e8cc070652ad32545b9569d78e765d8a2bf5be4a4eddcd54a10141fedeec63,5.023,
555,primary_test_impostor,1050,1943,primary_test_impostor,0,145,52,1044,0,False,,0,False,,0,,False,,4.277,0.39,32840,29679c46a22078bd8d530fdfce7ac83e31fb52897bbc65d25ae74699771bd6bf,7365.244,7364.7,5600,exact-open-set-id-v2,1788060185971486280,127,127,2049,16464,00faadf6342ae1a2cc70a5eb17f04ce63269dd2913be0f86ff1be1f0f047a874,4.931,
556,primary_test_impostor,1051,1944,primary_test_impostor,0,230,16,1011,0,False,,0,False,,0,,False,,4.302,0.39,32840,b87f389fc9c5fe157a4bcf8c63ab255b2d26496148705988807193706c8fc985,7343.412,7342.8,5600,exact-open-set-id-v2,1788060185971486280,127,127,2049,16464,239740bb0084952eabca93d580c3ad1fd540165b804b6d1e07fd5ca623b2e777,5.11,
557,primary_test_impostor,1052,1945,primary_test_impostor,0,263,22,1017,0,False,,0,False,,0,,False,,5.009,0.41,32840,c20e0c45c268c4f8c0e9d9ee26f41edf06dced900171c2a3668a8098c4527f63,7335.802,7335.1,5600,exact-open-set-id-v2,1788060185971486280,127,127,2049,16464,49f85419ca61742e173945083542cade5eeea8017fdc24fae48d86b62e5d9a84,5.178,
558,primary_test_impostor,1053,1946,primary_test_impostor,0,214,23,1018,0,False,,0,False,,0,,False,,4.641,0.41,32840,79656c655aa9a58bd1fcfe8f0cccbfa6cc11185f7b6eb13786fe0ff18de865da,7610.834,7610.2,5600,exact-open-set-id-v2,1788060185971486280,127,127,2049,16464,2ab3728cf9bdcfe7f1daca1418de48ab42477df397080cd5bd1c0ad5585ada06,5.174,
559,primary_test_impostor,1054,1947,primary_test_impostor,0,174,92,1080,0,False,,0,False,,0,,False,,4.498,0.41,32840,dbde1c4291fbfbe47d3f87e50a2cc337913544228af50dae9daf59806d48a7d8,7394.533,7393.9,5600,exact-open-set-id-v2,1788060185971486280,127,127,2049,16464,9144e148c2f32c82321b460cde5b431202a4666b82dca9404ecf471ceb413d52,5.606,
560,primary_test_impostor,1055,1948,primary_test_impostor,0,176,57,1049,0,False,,0,False,,0,,False,,4.665,0.41,32840,863e212d19f4afd5a831da258a5dc8b476a7c9c2c0fc3cfd115088e550238711,7369.752,7369.1,5600,exact-open-set-id-v2,1788060185971486280,127,127,2049,16464,dadadef8b2100c6dcc485832bb52f28f7bd03604afdca8ed662179847ee1a1ec,5.164,
561,primary_test_impostor,1056,1949,primary_test_impostor,0,295,29,1023,0,False,,0,False,,0,,False,,4.769,0.4,32840,646b8eed9a46b507b0fa5d500bf663bb962b2431cf51051ab4877159b91eb4fd,7400.2,7399.6,5600,exact-open-set-id-v2,1788060185971486280,127,127,2049,16464,7130610b05b77edaa5fa16a1b79f7c27e035a9a9db191753421ce72adc0bdf22,5.279,
562,primary_test_impostor,1057,195,primary_test_impostor,0,159,98,1086,0,False,,0,False,,0,,False,,4.968,0.51,32840,7e04072903b0d542ecb38b23b9d9dd0a6a87f9065f1eeb17b6c7ecbd4d33c7bd,7364.392,7363.7,5600,exact-open-set-id-v2,1788060185971486280,127,127,2049,16464,fa8a97a4054772eacf15075c668fe607bdec0fd9c81591be87a153d7b6f156f0,5.004,
563,primary_test_impostor,1058,1950,primary_test_impostor,0,223,67,1058,0,False,,0,False,,0,,False,,4.681,0.39,32840,befcd417779c71c993fb5e95b0917b56f84a60c2df5a93732390e2e449234817,7380.01,7379.3,5600,exact-open-set-id-v2,1788060185971486280,127,127,2049,16464,6b84e7df1477afa44828998bee4e7e1f378207eb43fe3054221d1262caacc709,6.38,
564,primary_test_impostor,1059,1951,primary_test_impostor,0,235,112,1099,0,False,,0,False,,0,,False,,5.62,0.44,32840,e24b9a9eec14c0afa85d079384fb8d80c37b33f71019906862985bcc0cb212fe,7859.99,7857.3,5600,exact-open-set-id-v2,1788060185971486280,127,127,2049,16464,71509505071ba1aa242cbc01c2fb45e167ee6e3688b41a12e98268a8295c2cd8,56.605,
565,primary_test_impostor,1060,1952,primary_test_impostor,0,259,51,1043,0,False,,0,False,,0,,False,,6.715,0.45,32840,358f9e2925bbcb1666247f28bb9c5edd29e4d1d22d43ccaf264f8ef92ec586c1,8331.777,8330.8,5600,exact-open-set-id-v2,1788060185971486280,127,127,2049,16464,fac7cd5d04fecfae5332c0aeef9b569fb52859db5819c3ea60044166111b5bcf,5.754,
566,primary_test_impostor,1061,1953,primary_test_impostor,0,157,29,1023,0,False,,0,False,,0,,False,,5.264,0.47,32840,46ecb60277bdc8f430521a05c9f60242f1603faa8d09b10e00493d56434b0f94,8445.219,8444.2,5600,exact-open-set-id-v2,1788060185971486280,127,127,2049,16464,5e26581b9078c356b7c7cb7a675bf9085c7a2670dc1521f5ef1f50d413a961e3,6.224,
567,primary_test_impostor,1062,1954,primary_test_impostor,0,219,75,1065,0,False,,0,False,,0,,False,,5.863,0.47,32840,ca84efcaea7674e3ea2c9df6e1e55592bcbafafd83d5d8b5739f95329b84b6f5,8147.282,8146.5,5600,exact-open-set-id-v2,1788060185971486280,127,127,2049,16464,bcd887f4912601a25d9eb2c128301fd48fa6808ed8e94d87f21b978234b834e8,6.659,
568,primary_test_impostor,1063,1955,primary_test_impostor,0,203,58,105,0,False,,0,False,,0,,False,,6.977,0.46,32840,b7f82cb04bc790390a790e618e2e454600c26aae3586dccf286f9eb200662460,7936.577,7935.8,5600,exact-open-set-id-v2,1788060185971486280,127,127,2049,16464,d2871f910818626860dee34ed430bd1c0b5296b57be51386f717ad448ccbf290,5.907,
569,primary_test_impostor,1064,1956,primary_test_impostor,0,225,68,1059,0,False,,0,False,,0,,False,,5.36,0.44,32840,118cd91bd3b9c0ce799e202684ce1a6baf2465f94393ab4255ddf00faa930d87,8010.196,8009.4,5600,exact-open-set-id-v2,1788060185971486280,127,127,2049,16464,71e040b928ef66b8a76d522e9e0ac2e34329faaab455e919d43a084d6614f34b,6.543,
570,primary_test_impostor,1065,1957,primary_test_impostor,0,184,46,1039,0,False,,0,False,,0,,False,,5.255,0.42,32840,4639f52f23a8cf90264dc63259f3ed27a85a77be15ee10b40c08f70a91191997,7693.572,7692.9,5600,exact-open-set-id-v2,1788060185971486280,127,127,2049,16464,c969c18e7c099b1ad7877be2e70de2d47539cb62906e95d27d31c6e88085069a,8.189,
571,primary_test_impostor,1066,1958,primary_test_impostor,0,153,25,102,0,False,,0,False,,0,,False,,4.959,0.42,32840,95016a27fdcd4d1d04dc0f69d39c83ecedbc9b33bcc4f051b48de51091c54b72,7772.397,7771.7,5600,exact-open-set-id-v2,1788060185971486280,127,127,2049,16464,1f5d998cfe0d38703cd6d969f4d469309f4d652834c10f6627cfd6eabdb444a8,4.931,
572,primary_test_impostor,1067,1959,primary_test_impostor,0,211,118,1103,0,False,,0,False,,0,,False,,7.629,0.44,32840,8a9440e613f973a590d47ba797b78ee77f7f6be6b797cfe3b3702653e2c879f5,7700.311,7699.5,5600,exact-open-set-id-v2,1788060185971486280,127,127,2049,16464,70d984058af14252e87e2e0c3a55540c27a97991d9a22901d1420e12c79ae1a5,5.537,
573,primary_test_impostor,1068,196,primary_test_impostor,0,95,19,1014,0,False,,0,False,,0,,False,,4.531,0.4,32840,9a3b3e1442ae289e8afa4c8a4610ce673454c371c47402b2e8fbc1df2bb97a12,7506.919,7506.2,5600,exact-open-set-id-v2,1788060185971486280,127,127,2049,16464,86636ac1b84ecb0f79375290b918bc2557df31d457ca5b83c852f23909dd0b01,5.444,
574,primary_test_impostor,1069,1960,primary_test_impostor,0,156,17,1012,0,False,,0,False,,0,,False,,5.535,0.41,32840,9c7a6960ada3d1bffe52178a847e9cd7e490db77472040ec0f3ca0855147faf8,7726.928,7726.4,5600,exact-open-set-id-v2,1788060185971486280,127,127,2049,16464,63d4ed0ded2719ae98b18dc1939968e1c6936295479a898b04b514827678a76a,4.844,
575,primary_test_impostor,1070,1961,primary_test_impostor,0,326,47,104,0,False,,0,False,,0,,False,,4.277,0.38,32840,f309ac624a02055b4bd585ca30b86dd7a61e489cf56ecb6fa981b1edffa425ef,7478.897,7478.3,5600,exact-open-set-id-v2,1788060185971486280,127,127,2049,16464,43fbdab735394bbc34f6896e4b41f85741d1c85461cda5e28be43b741cb5aeba,5.038,
576,primary_test_impostor,1071,1962,primary_test_impostor,0,199,51,1043,0,False,,0,False,,0,,False,,4.45,0.38,32840,c5c1a204164e26705383702555b1fcec914c594ec15b0304533f4283b25d8802,7496.941,7496.3,5600,exact-open-set-id-v2,1788060185971486280,127,127,2049,16464,93e01172128f8c29066e9ede97309d5ed7c2dea4b87033a4adb6abc192ad0962,5.385,
577,primary_test_impostor,1072,1963,primary_test_impostor,0,217,19,1014,0,False,,0,False,,0,,False,,4.855,0.41,32840,4e18e95b18f83ece1cff55fc77b98a8ab7c2d477f9aaec1806e07eeade6c81e0,7362.903,7362.3,5600,exact-open-set-id-v2,1788060185971486280,127,127,2049,16464,f89cb4f7802db4ad98a4328128b26359787c8dff14ff2f4af2581d6968fe6380,5.503,
578,primary_test_impostor,1073,1964,primary_test_impostor,0,295,86,1075,0,False,,0,False,,0,,False,,4.376,0.39,32840,73ea2b03b73bcba055b4fd8ae89ad759072299c23273126a261c006b78e95390,7459.381,7458.7,5600,exact-open-set-id-v2,1788060185971486280,127,127,2049,16464,738c95c05bb67c38e83f2828e1ebdfcfcd3999b9be97ba318bbfbe7a494fa41d,4.973,
579,primary_test_impostor,1074,1965,primary_test_impostor,0,139,59,1050,0,False,,0,False,,0,,False,,4.379,0.39,32840,723c40e43200090c071758c0c0358661f4734b06119d4a7c60721aca52a3e06c,7311.958,7311.3,5600,exact-open-set-id-v2,1788060185971486280,127,127,2049,16464,ce148ac3b55bd72b34c628ed446d956964e07a7c720da0d1d712c616e24eead8,4.766,
580,primary_test_impostor,1075,1966,primary_test_impostor,0,188,122,1107,0,False,,0,False,,0,,False,,4.725,0.41,32840,5c75c704381809981d18c575c71ee722ba16eb998cdb3086bc59d274e3cb8c85,7549.375,7548.8,5600,exact-open-set-id-v2,1788060185971486280,127,127,2049,16464,43378cd7424d153fceb0843ad60bdfa382322f1a8231f4f0f669e719f9692c72,4.987,
581,primary_test_impostor,1076,1967,primary_test_impostor,0,99,107,1094,0,False,,0,False,,0,,False,,4.355,0.4,32840,f742ae24e074e2d36ce84893807f0ec304ae0c9e29799396574640170fd7a7c4,7503.67,7503.0,5600,exact-open-set-id-v2,1788060185971486280,127,127,2049,16464,4cf56f39a13ef015ecbd62791de937596c7360fbcebb2a6cae4abf35c75fea0a,4.97,
582,primary_test_impostor,1077,1968,primary_test_impostor,0,161,59,1050,0,False,,0,False,,0,,False,,4.905,0.38,32840,8c2b02f763f8a4f9f9088b9721a61885785e0287ba3d82659fe163d40daaeaed,7386.169,7385.5,5600,exact-open-set-id-v2,1788060185971486280,127,127,2049,16464,8396515db4d9bd82979065ee9476a8aece04a302752409bae00758057ffc295d,4.805,
583,primary_test_impostor,1078,1969,primary_test_impostor,0,180,30,1024,0,False,,0,False,,0,,False,,5.022,0.44,32840,733191991b5706041bc41a626ca1e8ab1120e5b1cc3e16b41d3dae47632a8c6e,7255.966,7255.3,5600,exact-open-set-id-v2,1788060185971486280,127,127,2049,16464,cafa3ebe3f48183c71d6af6a0aa6db924840c32cce72fd983d917d9e95426678,4.723,
584,primary_test_impostor,1079,197,primary_test_impostor,0,303,31,1025,0,False,,0,False,,0,,False,,4.591,0.46,32840,bf9c1fd32370570c532ff44ece2164c8546fb8b6121385c33a620111b5044f15,7445.619,7444.9,5600,exact-open-set-id-v2,1788060185971486280,127,127,2049,16464,818da5312921e102ebc25f57735579702fe0aa56e98b952b5ca955444673ef92,6.99,
585,primary_test_impostor,1080,1970,primary_test_impostor,0,194,102,109,0,False,,0,False,,0,,False,,4.733,0.48,32840,96714002afa44944ddb2d1557410ddb05c9049a4efdd8c51f9c32ce838524edb,7356.537,7355.9,5600,exact-open-set-id-v2,1788060185971486280,127,127,2049,16464,13b67c78cf04ff28bfa411fd96e622bbbc743a9f128a7373cba724f7c8b1b296,4.361,
586,primary_test_impostor,1081,1971,primary_test_impostor,0,179,43,1036,0,False,,0,False,,0,,False,,4.348,0.38,32840,066fc1e0f0940625444e6978aa55f6ebcedc5ec21e1bb37cf90095da572b8a8c,7313.72,7313.1,5600,exact-open-set-id-v2,1788060185971486280,127,127,2049,16464,52654811df240e5517bd1f8a83fb9c57f8add9bff74db547960f247dfda66cb5,4.875,
587,primary_test_impostor,1082,1972,primary_test_impostor,0,117,81,1070,0,False,,0,False,,0,,False,,4.522,0.4,32840,d98fff8370743d86362d44da021886e1d98d74b1da90cd329f0120d59543d5fe,7282.65,7282.0,5600,exact-open-set-id-v2,1788060185971486280,127,127,2049,16464,c62fc814f73f94b6733ad30f43117a69463f6379075dd5970e48d62032e5316f,8.252,
588,primary_test_impostor,1083,1973,primary_test_impostor,0,172,109,1096,0,False,,0,False,,0,,False,,4.913,0.41,32840,1e964f13efeb91846b81feb2efbc45d7b808063fe2c78e7463b1439b25f833d4,7428.425,7427.8,5600,exact-open-set-id-v2,1788060185971486280,127,127,2049,16464,288a49e7df8db2129959ff5100893b934479b3e37e08b9b621f0a341490e94d9,5.66,
589,primary_test_impostor,1084,1974,primary_test_impostor,0,152,7,1003,0,False,,0,False,,0,,False,,4.484,0.41,32840,b85e5d137fb39b13f6baba20569effed90c7ede0791d936ebd9f347568ebb394,7607.635,7607.1,5600,exact-open-set-id-v2,1788060185971486280,127,127,2049,16464,10f7b84cb5743f4f1e5233255f38c1d45f121e193d9aa82f7a0e06dcaab6d58c,4.683,
590,primary_test_impostor,1085,1975,primary_test_impostor,0,204,17,1012,0,False,,0,False,,0,,False,,4.695,0.39,32840,453310f39ee086f61d45147f2c4102fba70ed7a05a956c52467e090a3ab869a2,7382.313,7381.7,5600,exact-open-set-id-v2,1788060185971486280,127,127,2049,16464,bb58ffe7c84e6f4249d1e1936fd324cc4bf692001df507afcfe48b5d9af1d797,4.837,
591,primary_test_impostor,1086,1976,primary_test_impostor,0,55,51,1043,0,False,,0,False,,0,,False,,5.193,0.42,32840,53ce790180fe25f42c4be3aa77f35ea56a1d9d4facbbce323b4015d33d24cf98,7369.238,7368.6,5600,exact-open-set-id-v2,1788060185971486280,127,127,2049,16464,67973917b9e51bb42e8305059a935c6e86555c0fffd78f64d95dc21a3bbcf78b,4.668,
592,primary_test_impostor,1087,1977,primary_test_impostor,0,189,111,1098,0,False,,0,False,,0,,False,,4.801,0.4,32840,2a7366230675fdd3aa5b360d8bf08a567f915b8e44916aeda3b07ca7286d938b,7348.927,7348.3,5600,exact-open-set-id-v2,1788060185971486280,127,127,2049,16464,6aa9fdef674fad381749bb0a5ecee0ee8a0cd5b22b5cdef50a921cf8cabbc56b,5.255,
593,primary_test_impostor,1088,1978,primary_test_impostor,0,219,64,1055,0,False,,0,False,,0,,False,,4.796,0.41,32840,94b71b6fe90d8fbd597f9f65ec7a70d26e7da87196cb99e9c07d35d1e1da3409,7387.987,7387.3,5600,exact-open-set-id-v2,1788060185971486280,127,127,2049,16464,4580a57d5bccc79d047ca48d8206ed0c1e36bd5a5daa8364f357475de1e71a01,5.34,
594,primary_test_impostor,1089,1979,primary_test_impostor,0,84,17,1012,0,False,,0,False,,0,,False,,5.181,0.44,32840,8af52008c38a4a518264ecfe4868648184c101eda499dce336d22cc1a2aede6f,7450.097,7449.5,5600,exact-open-set-id-v2,1788060185971486280,127,127,2049,16464,5146bf161e0899553230f613e635af014793c93a64c531c3f5208ae73c97434e,4.993,
595,primary_test_impostor,1090,198,primary_test_impostor,0,88,97,1085,0,False,,0,False,,0,,False,,4.617,0.4,32840,f64d7bb62a37a008407021a2d383feccc91100e0ae1574fa11245571a2fd5787,7386.06,7385.4,5600,exact-open-set-id-v2,1788060185971486280,127,127,2049,16464,127fa7c71016b05a2d1ee2b95aafca102c0b12d5f4af7828ab47ac7e82743d0a,5.01,
596,primary_test_impostor,1091,1980,primary_test_impostor,0,77,114,110,0,False,,0,False,,0,,False,,4.506,0.39,32840,37485be4302e0aa96bae9afecdeaf825960c4006b2199d7b0a4927104ffaaab1,7384.816,7384.2,5600,exact-open-set-id-v2,1788060185971486280,127,127,2049,16464,57fdb3ab35611fd2788a287dff0b39ed681f62b791b3f5879b7b40b173580736,5.04,
597,primary_test_impostor,1092,1981,primary_test_impostor,0,130,80,107,0,False,,0,False,,0,,False,,4.416,0.4,32840,b211f7a0e3bdd2f6f5cf95082b011ac02adce2f066148f5134a932c7f960102b,7426.445,7425.5,5600,exact-open-set-id-v2,1788060185971486280,127,127,2049,16464,00fca027994a97aa2a78f3cca526a8bb4f775d8b6c5dd2c983891c23594332cf,7.32,
598,primary_test_impostor,1093,1982,primary_test_impostor,0,233,95,1083,0,False,,0,False,,0,,False,,5.963,0.47,32840,7f889c8f9a55916991a0e84c5d52158c2500d63c10c6062c87feb59cbce7bafe,8323.119,8322.4,5600,exact-open-set-id-v2,1788060185971486280,127,127,2049,16464,a173ac7c9514c4de3729b07d53a002e459f457cfc0bd494a9418419a558b28ab,5.626,
599,primary_test_impostor,1094,1983,primary_test_impostor,0,168,46,1039,0,False,,0,False,,0,,False,,5.313,0.45,32840,72833753310dadb7b59c5f765e6f853a22f1de068f9d1626eee26658d99a3b6a,7850.374,7849.7,5600,exact-open-set-id-v2,1788060185971486280,127,127,2049,16464,6fb51c3a524c3cd0eb6b0b2075d0ca9181a4b1759a85f46354962de7ee00af97,5.982,
600,primary_test_impostor,1095,1984,primary_test_impostor,0,219,75,1065,0,False,,0,False,,0,,False,,10.174,0.45,32840,cec39f17680e678b51d950cd017a8ac7072f82f93a7911086dc92629c677fbf6,7845.858,7845.1,5600,exact-open-set-id-v2,1788060185971486280,127,127,2049,16464,9c695ab5d3a0fdf556e9f6d7c9139fd4e6d81424872f3919d3141a1e3cf3a4da,5.04,
601,primary_test_impostor,1096,1985,primary_test_impostor,0,98,21,1016,0,False,,0,False,,0,,False,,4.656,0.46,32840,2c49c218e52d0f0256228841ead7c8a2f0430482ef680a9189be8bd5bdd6cf99,7632.936,7632.2,5600,exact-open-set-id-v2,1788060185971486280,127,127,2049,16464,4911fc11727d286e86858715d35ba4ed764686f1f5949f8918ab7e4ede8f164e,5.371,
602,primary_test_impostor,1097,1986,primary_test_impostor,0,126,62,1053,0,False,,0,False,,0,,False,,4.845,0.43,32840,79091fd26f8790782a585d6ff104aa179b1f031cc3a85d7a42faaba78831bab1,7565.287,7564.7,5600,exact-open-set-id-v2,1788060185971486280,127,127,2049,16464,d3c63affc527ff9a1c6b6a69d03e15cf313dded7597a7ddda6ae4ee74f37d8c2,5.115,
603,primary_test_impostor,1098,1987,primary_test_impostor,0,203,116,1101,0,False,,0,False,,0,,False,,4.81,0.4,32840,d882813e1d073e63b5f782c22505e08817d8a43f9c303bea22052e5a160f6102,7631.495,7630.9,5600,exact-open-set-id-v2,1788060185971486280,127,127,2049,16464,df77bbdb2ef72daeefc1c2696596ffd143966c0afb4c1a7fb3d7042a5764845b,8.108,
604,primary_test_impostor,1099,1988,primary_test_impostor,0,218,5,1001,0,False,,0,False,,0,,False,,7.044,0.48,32840,8871606c542c3317cfbe6f291f7691772ea759dee652773e723eeb73a299c3ba,7465.558,7464.9,5600,exact-open-set-id-v2,1788060185971486280,127,127,2049,16464,19d2b14c935156072d7c0c3b0e59d5c936951bf726f41b018948e957381e0e83,4.933,
605,primary_test_impostor,1100,1989,primary_test_impostor,0,111,98,1086,0,False,,0,False,,0,,False,,5.16,0.42,32840,29d13a2570b57e70671b91f6d6d5c276ace2ab0f603631c4f5fb890a36017639,7619.917,7619.2,5600,exact-open-set-id-v2,1788060185971486280,127,127,2049,16464,26d5ec2c846d25e21fd1c10140714cc8aaf4585714d4158b3efe539db93ab485,5.36,
606,primary_test_impostor,1101,199,primary_test_impostor,0,199,63,1054,0,False,,0,False,,0,,False,,5.057,0.43,32840,805c5b93fddc2c7db143c5c1dc0ef7678d9330a91ddc1686e3848598ccb08724,7656.642,7655.9,5600,exact-open-set-id-v2,1788060185971486280,127,127,2049,16464,466782593f754311a5d01b818676a1a2e76a85191b286768ed12ff1c8ec29dd9,5.279,
607,primary_test_impostor,1102,1990,primary_test_impostor,0,198,23,1018,0,False,,0,False,,0,,False,,4.605,0.41,32840,f7c486b63e55618422c1df7f4aa1e0a08039674cace5a5f8d6c8eee178349851,7619.664,7619.0,5600,exact-open-set-id-v2,1788060185971486280,127,127,2049,16464,b5f8e46109fbab2711c85d01b1c9b50296368575f57b1c6c5e65790a082334ad,5.584,
608,primary_test_impostor,1103,1991,primary_test_impostor,0,201,76,1066,0,False,,0,False,,0,,False,,5.48,0.44,32840,bd35a4bd509fab97bdb8081045718c0db3fc013b62163e2b2d6448d3eabd3d42,7594.434,7593.8,5600,exact-open-set-id-v2,1788060185971486280,127,127,2049,16464,25aef90d7560c313c3af0ac21003a725f0a3c54ad19ef3486642b5e9f4e2e04b,5.13,
609,primary_test_impostor,1104,1992,primary_test_impostor,0,171,34,1028,0,False,,0,False,,0,,False,,4.836,0.41,32840,b4ae9b1a5dcdfd591ef5eea6ac49a19bdf9a58b907cad63f3f7dc9aa5f2938b6,7531.165,7530.4,5600,exact-open-set-id-v2,1788060185971486280,127,127,2049,16464,e1691a443d4df9553a3357c24deb05769e1c1eb4e3d7a67a4ed54516f95bdaa3,5.077,
610,primary_test_impostor,1105,1993,primary_test_impostor,0,133,78,1068,0,False,,0,False,,0,,False,,4.798,0.45,32840,118405bf82623b01d8abe0e17cda83a23018825c06dd6930d48ede9bf8fed363,7563.814,7563.1,5600,exact-open-set-id-v2,1788060185971486280,127,127,2049,16464,ff2e16654d14108934fd7e0d838f409fc249237b57225dec9116a52b40cda325,4.973,
611,primary_test_impostor,1106,1994,primary_test_impostor,0,214,2,10,0,False,,0,False,,0,,False,,4.712,0.44,32840,4dd5fe31bf954380558a9dbfadeca78ca20bf1a4367c11e83995fa66a9510c17,7353.28,7352.7,5600,exact-open-set-id-v2,1788060185971486280,127,127,2049,16464,ce63a11a878ee1de79eaa249b162baa1cf1420b75278451dba254cab3260ebe2,5.042,
612,primary_test_impostor,1107,1995,primary_test_impostor,0,212,20,1015,0,False,,0,False,,0,,False,,4.378,0.39,32840,93cd9d45a28830ff9f577f62249643bf951e8bd8fe8c43b1b5cd60e916abfafa,7281.649,7281.0,5600,exact-open-set-id-v2,1788060185971486280,127,127,2049,16464,1d4566988c0299a18a681dc0a7abff3a82716e7a725c04b25b4affe3d2dd8332,5.267,
613,primary_test_impostor,1108,1996,primary_test_impostor,0,222,2,10,0,False,,0,False,,0,,False,,4.997,0.4,32840,7fbf6c5ee827a891d7774f65e448447bc5ef77d5d86b91c533c237f2cd5a5836,7515.943,7515.2,5600,exact-open-set-id-v2,1788060185971486280,127,127,2049,16464,b78d92a6fa4d41801946657269c59a0c5f814bee7a63b9d51ec203f9aec2cf42,4.998,
614,primary_test_impostor,1109,1997,primary_test_impostor,0,45,45,1038,0,False,,0,False,,0,,False,,5.054,0.43,32840,b2a4338a513eb569bcc7c9ae20cf349db1e9fd4a83bdd14256ccb1d99304b2f9,7495.789,7495.1,5600,exact-open-set-id-v2,1788060185971486280,127,127,2049,16464,5c5775abe4972379c836ccaf53c54ac43fb0284f89d60b644a211722607805b4,5.223,
615,primary_test_impostor,1110,1998,primary_test_impostor,0,203,1,1,0,False,,0,False,,0,,False,,4.606,0.41,32840,efc08df1d1f7b50a88442c169e93a2491d96966d4ee907694fb113bd31bf770d,7394.536,7393.9,5600,exact-open-set-id-v2,1788060185971486280,127,127,2049,16464,c3d4eaf80181498185145aeeec6048c861b9b2769db27eec58214cd57146caa4,5.243,
616,primary_test_impostor,1111,1999,primary_test_impostor,0,130,0,0,0,False,,0,False,,0,,False,,4.984,0.4,32840,928af2e03e6528e786148c6bb51851e5447d99cd5af48e73ebde1850393175f0,7455.287,7454.7,5600,exact-open-set-id-v2,1788060185971486280,127,127,2049,16464,bb90565e61c4c0d239826c026d247cf27e7a2cf24ef2fc6da59043c09ff87fe9,8.709,
617,primary_test_impostor,1112,2,primary_test_impostor,0,136,119,1104,0,False,,0,False,,0,,False,,6.372,0.48,32840,dccb1be349bef55ba7c646c8193971dd56c1c7a78840f4b21fc632721ead5435,7338.614,7337.9,5600,exact-open-set-id-v2,1788060185971486280,127,127,2049,16464,13e29d336bce9e796b4e4cdad7ca4d85fb9eec995394076a2ebfdfa446a8a79f,4.643,
618,primary_test_impostor,1113,20,primary_test_impostor,0,224,2,10,0,False,,0,False,,0,,False,,5.092,0.41,32840,4fd962d730a2b66db3a1dade730f246b0f0ac2a74c65150dbb65f62f28671bdc,7451.551,7450.9,5600,exact-open-set-id-v2,1788060185971486280,127,127,2049,16464,71c0522ec471463e42bc5de095b59810dc41fac866f0a7b559ea2dd1557c1b4f,5.074,
619,primary_test_impostor,1114,200,primary_test_impostor,0,158,80,107,0,False,,0,False,,0,,False,,4.231,0.4,32840,2dc48f7b3906a53d553d4c660a28c1e8cd030f6ce83df7003ff158f5525393ea,7448.844,7448.1,5600,exact-open-set-id-v2,1788060185971486280,127,127,2049,16464,0d68b959a217006270d92652318f6b0c82c8d6e04c136f43cccc2013e3a113f5,4.857,
620,primary_test_impostor,1115,201,primary_test_impostor,0,153,19,1014,0,False,,0,False,,0,,False,,5.149,0.46,32840,aad06469f72abbed2b9eb8ea3700e8685b4d4b848afe47da65b2ed333b04e895,7453.133,7452.5,5600,exact-open-set-id-v2,1788060185971486280,127,127,2049,16464,8870ef8e8f1970e6f70cded51f502a034597f5b75ee7848486c55abe43630825,4.74,
621,primary_test_impostor,1116,202,primary_test_impostor,0,269,32,1026,0,False,,0,False,,0,,False,,4.569,0.44,32840,ded59c1364081d82577e92d1955b26b62f17d88f95647840477b18ac98348247,7353.502,7352.8,5600,exact-open-set-id-v2,1788060185971486280,127,127,2049,16464,a064a9bf7f99a4f4216a872c383b4a9a6ff33f558d4ddf51bd313291b4dfc2b8,5.329,
622,primary_test_impostor,1117,203,primary_test_impostor,0,144,48,1040,0,False,,0,False,,0,,False,,4.519,0.39,32840,2e7fa4f3769ec453196919fcce0aab1d26b7ed7e42f16b28d587c1d9b619c3bb,7405.077,7404.4,5600,exact-open-set-id-v2,1788060185971486280,127,127,2049,16464,25c9c77deae8ccef525ff4414d873467e251e40cfc8919dd3170556deb056c2c,5.944,
623,primary_test_impostor,1118,204,primary_test_impostor,0,154,17,1012,0,False,,0,False,,0,,False,,4.474,0.41,32840,aa163fbd71dbeb0608770a315252b833088f78002afbf2fb8e50604173d0c21b,7349.915,7349.3,5600,exact-open-set-id-v2,1788060185971486280,127,127,2049,16464,235801f16b65ab4eb0434f0e377519fd60e12bb439e93a1aa8227172952fc480,5.017,
624,primary_test_impostor,1119,205,primary_test_impostor,0,142,72,1062,0,False,,0,False,,0,,False,,4.448,0.4,32840,30ca3bbdc3d6452e656e8e38ca2b84ae9dbfb35f0c4ef48ed8766c74166e162d,7344.661,7344.0,5600,exact-open-set-id-v2,1788060185971486280,127,127,2049,16464,7e9cfb8e4eae2c0a8891cbb1a3c4a6a2dffe04a0f3e83a2ac855140b58a8308d,5.121,
625,primary_test_impostor,1120,206,primary_test_impostor,0,88,119,1104,0,False,,0,False,,0,,False,,4.93,0.41,32840,1a8b547c165d29885edd589d812b2b2d9fafc29214ea64f8cbbd925bb49c5445,7418.352,7417.7,5600,exact-open-set-id-v2,1788060185971486280,127,127,2049,16464,41e2d21fe894fbfc92de57b33e00eaf2686515b336a4b2f62d85f4d7591ab3ee,4.758,
626,primary_test_impostor,1121,207,primary_test_impostor,0,276,100,1088,0,False,,0,False,,0,,False,,4.84,0.42,32840,1f948a234bafc0958d4c27f1cf69f7655580e4562b306a5a63e2a44c459edc50,7600.515,7599.8,5600,exact-open-set-id-v2,1788060185971486280,127,127,2049,16464,ca09586ac8a0a23c542e312ac7aa6c9d7e9489e4d19616d832290474d776f2ab,14.174,
627,primary_test_impostor,1122,208,primary_test_impostor,0,182,100,1088,0,False,,0,False,,0,,False,,22.195,2.2,32840,b559843c7016c1afad9664e9b0a0b4e7402f9b66696ee3feb9da04a688c65e95,7466.74,7465.9,5600,exact-open-set-id-v2,1788060185971486280,127,127,2049,16464,f772b3b03c7eb3cabfb47a64083a13a3ed7a041a1ea0b29112345528e5105215,5.286,
628,primary_test_impostor,1123,209,primary_test_impostor,0,12,50,1042,0,False,,0,False,,0,,False,,4.727,0.43,32840,81c0acd6a3fb80a441632b6e4562815e2de8babb7b14528aeb3b3da5ab163799,7435.088,7434.4,5600,exact-open-set-id-v2,1788060185971486280,127,127,2049,16464,a0136d52806a6ec3ab592ead1cf6dac5dff3507cab17b183467fe5dabbc60041,4.857,
629,primary_test_impostor,1124,21,primary_test_impostor,0,124,125,111,0,False,,0,False,,0,,False,,4.004,0.39,32840,5a393cb1827e896d7b559763debdf7335c2c19c447fccfd2fac293deadd022db,7574.459,7573.7,5600,exact-open-set-id-v2,1788060185971486280,127,127,2049,16464,fe2b45d53aecbe7d96ecc25cb6706874ea5b62ff6b01b4c617ca7e6a42eca68d,6.063,
630,primary_test_impostor,1125,210,primary_test_impostor,0,174,21,1016,0,False,,0,False,,0,,False,,7.079,0.55,32840,49d3d82d966bf68c2d88fab6a3fb7a2d17e16ecf893c84af6160ca681156268a,8227.481,8226.7,5600,exact-open-set-id-v2,1788060185971486280,127,127,2049,16464,604a1f4bceada951a78b3d3b07607f93376b85075dd14b011504319ceeab3071,5.026,
631,primary_test_impostor,1126,211,primary_test_impostor,0,145,118,1103,0,False,,0,False,,0,,False,,5.537,0.52,32840,99c90292b50962077280b84f2b193cbb571ff4f55314113a129c97180c8179e2,7906.199,7905.5,5600,exact-open-set-id-v2,1788060185971486280,127,127,2049,16464,5ce91c6b05408de9d9bf2f64c90427ce0f091de0ef03366273cb7f885d5a02d3,5.882,
