pair_sequence,stage,block,block_seed,phase,included_in_analysis,phase_position,probe_index,probe_name,cohort,repetition,pair_order,clear_min_score,clear_argmin_index,clear_argmin_name,clear_match_count,expected_authorized,expected_index,expected_code,probe_plaintext_sha256,probe_ciphertext_bytes,probe_ciphertext_sha256,encrypt_wall_ms,encrypt_reported_ms,a33_input_ciphertext_sha256,a33_http_wall_ms,a33_server_ms,a33_pbs,a33_contract,a33_output_epoch,a33_output_revision,a33_output_gallery_size,a33_output_lwe_size,a33_result_bytes,a33_result_sha256,a33_decrypt_wall_ms,a33_decrypt_reported_ms,a33_authorized,a33_index,a33_code,a33_name,a38_input_ciphertext_sha256,a38_http_wall_ms,a38_server_ms,a38_pbs,a38_contract,a38_output_epoch,a38_output_revision,a38_output_gallery_size,a38_output_lwe_size,a38_result_bytes,a38_result_sha256,a38_decrypt_wall_ms,a38_decrypt_reported_ms,a38_authorized,a38_index,a38_code,a38_name,byte_identical_input_ciphertext,same_exact_result,both_match_clear_oracle,semantic_discrepancy,server_delta_ms_a38_minus_a33,server_ratio_a38_over_a33,server_reduction_fraction,http_delta_ms_a38_minus_a33,http_ratio_a38_over_a33
0,initial,0,29092026,warmup,False,0,265,1236,tuning_impostor,0,A33_A38,2,17,1012,1,True,17,18,69e2ed1f0e5bc65ca7205dffd093679d61db0bae33cb69fc2a75a03e7e0b8cd0,32840,de5d3cab420ec163e71158fee0ce2cf53f67c23733fccd8db3cd1fa01e90806b,6.261,0.39,de5d3cab420ec163e71158fee0ce2cf53f67c23733fccd8db3cd1fa01e90806b,9196.342,9194.3,4273,exact-open-set-id-v2,1788210618544091344,127,127,2049,16464,ff7ee65c4a3825b536858a0ac61d8baf7fccb4377b32248e40fc40a03926f64f,6.55,,True,17,18,digiface-17-1012,de5d3cab420ec163e71158fee0ce2cf53f67c23733fccd8db3cd1fa01e90806b,14027.654,14025.5,3655,exact-open-set-id-v2,1788210631488662232,127,127,2049,16464,ce5c104cf0ce8eb3848b7c9027979032b73c77853b4b54931ef8852de39d4145,5.318,,True,17,18,digiface-17-1012,True,True,True,False,4831.2,1.5254559890366859,-0.5254559890366859,4831.312,1.5253514930175498
1,initial,0,29092026,warmup,False,1,758,1680,primary_test_impostor,0,A38_A33,3,45,1038,1,True,45,46,1e7c9591e8ccd881198225f3dd1ca571b3cc88654f52c21ff2aec0b63e84e117,32840,2ea2cd0b4cdf0531e1d8654cea0622f37dd197aa68c44ae790ca2faa2fcd8290,6.532,0.46,2ea2cd0b4cdf0531e1d8654cea0622f37dd197aa68c44ae790ca2faa2fcd8290,9281.57,9280.4,4273,exact-open-set-id-v2,1788210618544091344,127,127,2049,16464,65150ceed836fab00eb08a808f8ba342e8060f37c3a642933a88f37bbe936086,5.109,,True,45,46,digiface-45-1038,2ea2cd0b4cdf0531e1d8654cea0622f37dd197aa68c44ae790ca2faa2fcd8290,11580.595,11578.9,3655,exact-open-set-id-v2,1788210631488662232,127,127,2049,16464,a0651460ae6ee0cb39951913524d492f9e1ecc6ce71b2f36c4bf0ff2d7ab3677,5.197,,True,45,46,digiface-45-1038,True,True,True,False,2298.5,1.247672514115771,-0.24767251411577096,2299.025,1.2476978571513224
2,initial,0,29092026,warmup,False,2,211,1188,tuning_impostor,0,A33_A38,4,92,1080,1,True,92,93,e88524fbe5a2eb68f8ceeb77aacc14b6788fbc428b2e3445702f6e613663a082,32840,d6dc3ff8537123020472059c1b49aaf68eb899037ef51c15a9e0d728853cbca8,5.958,0.4,d6dc3ff8537123020472059c1b49aaf68eb899037ef51c15a9e0d728853cbca8,7768.675,7767.9,4273,exact-open-set-id-v2,1788210618544091344,127,127,2049,16464,2ad0d2fd311932d9585dfa79ef58ebdb228cc9cb6f08447acaa264289694424f,4.887,,True,92,93,digiface-92-1080,d6dc3ff8537123020472059c1b49aaf68eb899037ef51c15a9e0d728853cbca8,7241.011,7240.4,3655,exact-open-set-id-v2,1788210631488662232,127,127,2049,16464,99a196d44e00935d1d7184ad1e6c3814368c45e1b6fa8fb7353adb8cc7d5a6a5,5.487,,True,92,93,digiface-92-1080,True,True,True,False,-527.5,0.9320923286860027,0.06790767131399733,-527.664,0.9320779927078943
3,initial,0,29092026,warmup,False,3,1943,948,extended_holdout_non_tuning_impostor,0,A38_A33,5,82,1071,0,False,,0,add2ff51ca22b6e67272dea2a67a95ad527c0ad02a1ab15b9abea8f3a286c8a5,32840,430766ec071c9cf7c4ebb14c9850e6af0f6c0a01bb17d7ad63dd6f4d82a1f607,6.358,0.37,430766ec071c9cf7c4ebb14c9850e6af0f6c0a01bb17d7ad63dd6f4d82a1f607,7854.257,7853.8,4273,exact-open-set-id-v2,1788210618544091344,127,127,2049,16464,1da3ee10b8b4836efb4e8d49e13bb16694f8d6f7ab4124d0e531091ae0b1d5dd,4.892,,False,,0,,430766ec071c9cf7c4ebb14c9850e6af0f6c0a01bb17d7ad63dd6f4d82a1f607,6946.971,6946.5,3655,exact-open-set-id-v2,1788210631488662232,127,127,2049,16464,8edb944d32909243e5bc83ebc66abeaea74f30fd14288c539cec508757c9cbe9,5.132,,False,,0,,True,True,True,False,-907.3,0.8844763044640811,0.1155236955359189,-907.286,0.8844848086840041
4,initial,0,29092026,measured,True,0,1943,948,extended_holdout_non_tuning_impostor,0,A38_A33,5,82,1071,0,False,,0,add2ff51ca22b6e67272dea2a67a95ad527c0ad02a1ab15b9abea8f3a286c8a5,32840,caaaab832e1354122964bf676edd4f993281c529fcc73ad403a7f1251c5bc9eb,5.661,0.4,caaaab832e1354122964bf676edd4f993281c529fcc73ad403a7f1251c5bc9eb,8572.856,8572.1,4273,exact-open-set-id-v2,1788210618544091344,127,127,2049,16464,9195096f484c3a14ec3dd1a1d183f6dd9d084fee2ebd7eef4380effa0610ab7a,4.879,,False,,0,,caaaab832e1354122964bf676edd4f993281c529fcc73ad403a7f1251c5bc9eb,7120.155,7119.0,3655,exact-open-set-id-v2,1788210631488662232,127,127,2049,16464,78245ce705f189c7dfd61427a430a79f957e073f7afd5352187058dcc05762dc,4.524,,False,,0,,True,True,True,False,-1453.1,0.8304849453459479,0.16951505465405214,-1452.701,0.8305464363334693
5,initial,0,29092026,measured,True,1,265,1236,tuning_impostor,0,A33_A38,2,17,1012,1,True,17,18,69e2ed1f0e5bc65ca7205dffd093679d61db0bae33cb69fc2a75a03e7e0b8cd0,32840,b88bbc2645fc92592a1107a61abbad375cd04496475341fe99e17d39d29d08f8,6.152,0.45,b88bbc2645fc92592a1107a61abbad375cd04496475341fe99e17d39d29d08f8,8822.1,8820.6,4273,exact-open-set-id-v2,1788210618544091344,127,127,2049,16464,326e37ba77938817849344c577c535885448ed49ea975deb9da94a94eab5654e,4.486,,True,17,18,digiface-17-1012,b88bbc2645fc92592a1107a61abbad375cd04496475341fe99e17d39d29d08f8,6649.62,6648.5,3655,exact-open-set-id-v2,1788210631488662232,127,127,2049,16464,272c0068fde2ea8ace8e4f5c321246bde3876fb5a381d3aeac1b31aec85adaa5,5.06,,True,17,18,digiface-17-1012,True,True,True,False,-2172.1,0.7537469106409994,0.2462530893590006,-2172.48,0.7537457068045023
6,initial,0,29092026,measured,True,2,265,1236,tuning_impostor,3,A38_A33,2,17,1012,1,True,17,18,69e2ed1f0e5bc65ca7205dffd093679d61db0bae33cb69fc2a75a03e7e0b8cd0,32840,996d159596d500482a6d26f14cf886c6350997449ef72771a01393872384796a,6.424,0.47,996d159596d500482a6d26f14cf886c6350997449ef72771a01393872384796a,8656.64,8656.0,4273,exact-open-set-id-v2,1788210618544091344,127,127,2049,16464,a0f539ba83b01231b2472c8848a5becc01114a3bb0ce92811c9e4efc74b6b006,4.933,,True,17,18,digiface-17-1012,996d159596d500482a6d26f14cf886c6350997449ef72771a01393872384796a,7958.631,7958.0,3655,exact-open-set-id-v2,1788210631488662232,127,127,2049,16464,ab3f327fc67ccd543f75d8f061dd1e9de5218cc9a489a495375f6a5d57c861a6,4.496,,True,17,18,digiface-17-1012,True,True,True,False,-698.0,0.919362292051756,0.08063770794824399,-698.009,0.9193672140692002
7,initial,0,29092026,measured,True,3,407,1364,tuning_impostor,3,A33_A38,7,81,1070,0,False,,0,31fba9477eb761f1177784dc65a9e1e7f00a6c87003afb8d4b505518110addf5,32840,3e633740f12f23fb7304c2c7b39f73e87bc14e0a6191a1485346fcfcc03dc94a,6.462,0.63,3e633740f12f23fb7304c2c7b39f73e87bc14e0a6191a1485346fcfcc03dc94a,7844.422,7843.5,4273,exact-open-set-id-v2,1788210618544091344,127,127,2049,16464,f0f6cad68f0f8ab881413c21c3e8c2baa0d008f62e1b06f264f4fc8a8b8e183b,5.182,,False,,0,,3e633740f12f23fb7304c2c7b39f73e87bc14e0a6191a1485346fcfcc03dc94a,7035.207,7034.4,3655,exact-open-set-id-v2,1788210631488662232,127,127,2049,16464,a801152b6f286a189755dab4d0c95b4dcec87889c7649522b4cfd2ce5cc50b3e,5.268,,False,,0,,True,True,True,False,-809.1,0.8968445209409064,0.10315547905909361,-809.215,0.8968419852985983
8,initial,0,29092026,measured,True,4,407,1364,tuning_impostor,0,A38_A33,7,81,1070,0,False,,0,31fba9477eb761f1177784dc65a9e1e7f00a6c87003afb8d4b505518110addf5,32840,a3a9b5b18fd1d4f532040772e5d9628e36b1d31270c8fdeff69782e885461264,5.69,0.34,a3a9b5b18fd1d4f532040772e5d9628e36b1d31270c8fdeff69782e885461264,9519.906,9519.2,4273,exact-open-set-id-v2,1788210618544091344,127,127,2049,16464,8382865773992d797c840ad8157295176859f866d3170250acb041dda260b9d7,5.003,,False,,0,,a3a9b5b18fd1d4f532040772e5d9628e36b1d31270c8fdeff69782e885461264,7303.704,7302.7,3655,exact-open-set-id-v2,1788210631488662232,127,127,2049,16464,b8acb9af371ac1c4f1cbd9df0acd36d3b49f930f11b9391b18ec989fb7711d6d,5.383,,False,,0,,True,True,True,False,-2216.5,0.7671548029246155,0.23284519707538454,-2216.202,0.7672033736467565
9,initial,0,29092026,measured,True,5,211,1188,tuning_impostor,0,A38_A33,4,92,1080,1,True,92,93,e88524fbe5a2eb68f8ceeb77aacc14b6788fbc428b2e3445702f6e613663a082,32840,e99c1f53c2642dc08466ae31e88371abed44a3c265c4dc48068fc5e6dcbe5628,7.302,0.35,e99c1f53c2642dc08466ae31e88371abed44a3c265c4dc48068fc5e6dcbe5628,9918.566,9917.2,4273,exact-open-set-id-v2,1788210618544091344,127,127,2049,16464,0ef82280fc4467819c3e8d9e455098ae6da45ec2c21977dd6f81486dcb54b0e4,4.896,,True,92,93,digiface-92-1080,e99c1f53c2642dc08466ae31e88371abed44a3c265c4dc48068fc5e6dcbe5628,8759.274,8758.1,3655,exact-open-set-id-v2,1788210631488662232,127,127,2049,16464,da9f5dd85ef56bf2bb06e520b9f9f1976d42d860e2df415bc253eaac2f686ec5,4.521,,True,92,93,digiface-92-1080,True,True,True,False,-1159.1,0.8831222522486185,0.11687774775138149,-1159.292,0.88311899119288
10,initial,0,29092026,measured,True,6,407,1364,tuning_impostor,2,A38_A33,7,81,1070,0,False,,0,31fba9477eb761f1177784dc65a9e1e7f00a6c87003afb8d4b505518110addf5,32840,128e315a971b22f8b9dbb2f5768a13471c725673e0901e69aaf37c5e1fcb8936,5.376,0.34,128e315a971b22f8b9dbb2f5768a13471c725673e0901e69aaf37c5e1fcb8936,7504.869,7503.7,4273,exact-open-set-id-v2,1788210618544091344,127,127,2049,16464,345ed3d694096f87a79ac8c87b9f470a8a27eb142a5c5c6bd478c0694fd89e82,5.55,,False,,0,,128e315a971b22f8b9dbb2f5768a13471c725673e0901e69aaf37c5e1fcb8936,6606.837,6605.5,3655,exact-open-set-id-v2,1788210631488662232,127,127,2049,16464,07375f158361a20d3b3174478b805d9331eb82405454b7aabf6ba873eafc2df4,4.986,,False,,0,,True,True,True,False,-898.2,0.8802990524674494,0.11970094753255056,-898.032,0.880340083217975
11,initial,0,29092026,measured,True,7,407,1364,tuning_impostor,1,A33_A38,7,81,1070,0,False,,0,31fba9477eb761f1177784dc65a9e1e7f00a6c87003afb8d4b505518110addf5,32840,8fa652bb5918fcf81cabb35e9f260ef0d60bab0fee0360743668b0d411ee027b,5.657,0.36,8fa652bb5918fcf81cabb35e9f260ef0d60bab0fee0360743668b0d411ee027b,7265.407,7264.6,4273,exact-open-set-id-v2,1788210618544091344,127,127,2049,16464,5a23daf9acfc5c3483c324484a10e146440582c8c2950973acbd9bb2c7242117,5.02,,False,,0,,8fa652bb5918fcf81cabb35e9f260ef0d60bab0fee0360743668b0d411ee027b,6719.556,6718.8,3655,exact-open-set-id-v2,1788210631488662232,127,127,2049,16464,ba7403217a2b1ee4dfd111b4e12fb50b9820c18dcb8d5370acfb6b4017226ff2,4.71,,False,,0,,True,True,True,False,-545.8,0.9248685405941139,0.07513145940588606,-545.851,0.9248698662029532
12,initial,0,29092026,measured,True,8,211,1188,tuning_impostor,3,A33_A38,4,92,1080,1,True,92,93,e88524fbe5a2eb68f8ceeb77aacc14b6788fbc428b2e3445702f6e613663a082,32840,94832a067074a73a50e79ad8bb15267d1d9f9ec490bffd38c65eb80ef3fe4d35,5.204,0.34,94832a067074a73a50e79ad8bb15267d1d9f9ec490bffd38c65eb80ef3fe4d35,7199.858,7198.8,4273,exact-open-set-id-v2,1788210618544091344,127,127,2049,16464,a0b258e8bc781f9047a1b3ca6da41d45f1be8068ff2b8bae5a22c614ad3aad20,5.19,,True,92,93,digiface-92-1080,94832a067074a73a50e79ad8bb15267d1d9f9ec490bffd38c65eb80ef3fe4d35,11402.027,11399.3,3655,exact-open-set-id-v2,1788210631488662232,127,127,2049,16464,f71cd52d202210a0e15de42510996770abd7014343b6363e013b52e96d063d73,5.313,,True,92,93,digiface-92-1080,True,True,True,False,4200.5,1.583500027782408,-0.5835000277824081,4202.169,1.5836460941313009
13,initial,0,29092026,measured,True,9,1943,948,extended_holdout_non_tuning_impostor,3,A33_A38,5,82,1071,0,False,,0,add2ff51ca22b6e67272dea2a67a95ad527c0ad02a1ab15b9abea8f3a286c8a5,32840,770f1e916fa760430f9e608c765b2efb2d4d929fad602ef8a9f0f3b0e5120cf0,4.995,0.33,770f1e916fa760430f9e608c765b2efb2d4d929fad602ef8a9f0f3b0e5120cf0,12462.793,12460.4,4273,exact-open-set-id-v2,1788210618544091344,127,127,2049,16464,f66c5a99bced3847271694ff766f636b1c8499a967c2dde41af2b0ac9930fe55,5.07,,False,,0,,770f1e916fa760430f9e608c765b2efb2d4d929fad602ef8a9f0f3b0e5120cf0,9197.719,9196.6,3655,exact-open-set-id-v2,1788210631488662232,127,127,2049,16464,7e56d71b046d09b091e1d9d8d2f3226fbae20dd9dadf1fc6c87f0db08fc35817,6.031,,False,,0,,True,True,True,False,-3263.8,0.7380661937016468,0.26193380629835317,-3265.074,0.7380142637368685
14,initial,0,29092026,measured,True,10,211,1188,tuning_impostor,1,A38_A33,4,92,1080,1,True,92,93,e88524fbe5a2eb68f8ceeb77aacc14b6788fbc428b2e3445702f6e613663a082,32840,d0f801395d4ee5f2666569ff80bb828a3336e2942793dd1f0b435cf115da03d9,6.123,0.51,d0f801395d4ee5f2666569ff80bb828a3336e2942793dd1f0b435cf115da03d9,8572.55,8571.2,4273,exact-open-set-id-v2,1788210618544091344,127,127,2049,16464,42d19947c3441cc06316517414baf713ba8d0d05b12c5061363c92fdb74b0f6d,5.633,,True,92,93,digiface-92-1080,d0f801395d4ee5f2666569ff80bb828a3336e2942793dd1f0b435cf115da03d9,7824.155,7823.0,3655,exact-open-set-id-v2,1788210631488662232,127,127,2049,16464,9d3cf74a10c01324cd9ba554d98cd044ceb95fa2935100d7c0cdff6798ac60e6,4.595,,True,92,93,digiface-92-1080,True,True,True,False,-748.2,0.912707672204592,0.08729232779540796,-748.395,0.9126986719237566
15,initial,0,29092026,measured,True,11,1943,948,extended_holdout_non_tuning_impostor,2,A33_A38,5,82,1071,0,False,,0,add2ff51ca22b6e67272dea2a67a95ad527c0ad02a1ab15b9abea8f3a286c8a5,32840,b084be00a9aa8dcf43733de13c4294518738adf45352ed66d5e28587c7584b87,5.725,0.46,b084be00a9aa8dcf43733de13c4294518738adf45352ed66d5e28587c7584b87,7716.574,7715.4,4273,exact-open-set-id-v2,1788210618544091344,127,127,2049,16464,cfd75f656cb0b35b055659018e9d28bb048738187a24fca6a50eaafa81fd3e68,4.964,,False,,0,,b084be00a9aa8dcf43733de13c4294518738adf45352ed66d5e28587c7584b87,6383.311,6382.4,3655,exact-open-set-id-v2,1788210631488662232,127,127,2049,16464,cc04b6c1e558fa6794dc5cab15ea08ecca3c64a35e20cc0cd9484379d25dbc4a,4.849,,False,,0,,True,True,True,False,-1333.0,0.8272286595639889,0.17277134043601106,-1333.263,0.8272208625226687
16,initial,0,29092026,measured,True,12,758,1680,primary_test_impostor,3,A33_A38,3,45,1038,1,True,45,46,1e7c9591e8ccd881198225f3dd1ca571b3cc88654f52c21ff2aec0b63e84e117,32840,0dfc4bcdc8ff632904e840fc9ae4ac9dc589d63b48f468f2751a9daa07fa2050,5.967,0.41,0dfc4bcdc8ff632904e840fc9ae4ac9dc589d63b48f468f2751a9daa07fa2050,8352.996,8352.1,4273,exact-open-set-id-v2,1788210618544091344,127,127,2049,16464,f6f9d1ad8cffb09b53a49a5fa26bebf514d4e4b5cd9929c5ed087535d569bab5,4.799,,True,45,46,digiface-45-1038,0dfc4bcdc8ff632904e840fc9ae4ac9dc589d63b48f468f2751a9daa07fa2050,7610.918,7610.0,3655,exact-open-set-id-v2,1788210631488662232,127,127,2049,16464,ed7d45dc999642db696708f7eface3890306e48457ea15667587a6c8c806fad7,5.425,,True,45,46,digiface-45-1038,True,True,True,False,-742.1,0.9111480944912058,0.08885190550879418,-742.078,0.9111602591453414
17,initial,0,29092026,measured,True,13,211,1188,tuning_impostor,2,A33_A38,4,92,1080,1,True,92,93,e88524fbe5a2eb68f8ceeb77aacc14b6788fbc428b2e3445702f6e613663a082,32840,54800484800aab9cc91ee4c5bd51f58072ca87e84887055ea284430bd542f8e2,5.147,0.38,54800484800aab9cc91ee4c5bd51f58072ca87e84887055ea284430bd542f8e2,8467.578,8466.9,4273,exact-open-set-id-v2,1788210618544091344,127,127,2049,16464,9a1f2799e98a415e00d5be09c941231c683871614ffa8c42655a9456a596b0f9,5.302,,True,92,93,digiface-92-1080,54800484800aab9cc91ee4c5bd51f58072ca87e84887055ea284430bd542f8e2,6908.684,6907.9,3655,exact-open-set-id-v2,1788210631488662232,127,127,2049,16464,cd5a7d63537b6c9fb88ef25d1f26c31665d658ea878326a0f3fa1290d384f380,5.626,,True,92,93,digiface-92-1080,True,True,True,False,-1559.0,0.8158712161475865,0.1841287838524135,-1558.894,0.8158984776992902
18,initial,0,29092026,measured,True,14,1943,948,extended_holdout_non_tuning_impostor,1,A38_A33,5,82,1071,0,False,,0,add2ff51ca22b6e67272dea2a67a95ad527c0ad02a1ab15b9abea8f3a286c8a5,32840,1d7c06f62bb30beb0234adc7e5c800e664f12003c170e3209b863f9ad87ecd15,5.515,0.36,1d7c06f62bb30beb0234adc7e5c800e664f12003c170e3209b863f9ad87ecd15,15021.539,15019.5,4273,exact-open-set-id-v2,1788210618544091344,127,127,2049,16464,62f7be38be8c2a545087381511a91736676edfccb12233703adf6aab6f3ce960,5.543,,False,,0,,1d7c06f62bb30beb0234adc7e5c800e664f12003c170e3209b863f9ad87ecd15,7794.886,7794.0,3655,exact-open-set-id-v2,1788210631488662232,127,127,2049,16464,b00307f0760227959d330f17d81cdad37cdefe8e36861ae0ea1942cc1d0f3d58,5.502,,False,,0,,True,True,True,False,-7225.5,0.5189253969839209,0.48107460301607907,-7226.653,0.5189139408418805
19,initial,0,29092026,measured,True,15,758,1680,primary_test_impostor,0,A38_A33,3,45,1038,1,True,45,46,1e7c9591e8ccd881198225f3dd1ca571b3cc88654f52c21ff2aec0b63e84e117,32840,008e0afcdac90aec0c436063b9b8c6d6646ebd390bf5cc7a77eae873691b35fa,5.865,0.39,008e0afcdac90aec0c436063b9b8c6d6646ebd390bf5cc7a77eae873691b35fa,12399.816,12397.9,4273,exact-open-set-id-v2,1788210618544091344,127,127,2049,16464,2d41f8c3108906c549ecfd2169e7fc8a08bd4b59498eea27dcc168b65e75b9e9,5.349,,True,45,46,digiface-45-1038,008e0afcdac90aec0c436063b9b8c6d6646ebd390bf5cc7a77eae873691b35fa,10752.621,10751.2,3655,exact-open-set-id-v2,1788210631488662232,127,127,2049,16464,c42800ef44efef75329c2cf80c46f8dd180ad082f66ab988e6f43a5560cbf6e6,5.149,,True,45,46,digiface-45-1038,True,True,True,False,-1646.7,0.8671791190443544,0.1328208809556456,-1647.195,0.8671597223700738
20,initial,0,29092026,measured,True,16,265,1236,tuning_impostor,1,A33_A38,2,17,1012,1,True,17,18,69e2ed1f0e5bc65ca7205dffd093679d61db0bae33cb69fc2a75a03e7e0b8cd0,32840,78d6e1ccf21df4c28de9019f35a63224c779e34948d54f35ecdfb3e54ce92125,10.035,0.45,78d6e1ccf21df4c28de9019f35a63224c779e34948d54f35ecdfb3e54ce92125,11626.928,11625.5,4273,exact-open-set-id-v2,1788210618544091344,127,127,2049,16464,9c358fc164f908ce78c59a2db6c366912243f561d22dca33fcfdf0066631f7f8,9.445,,True,17,18,digiface-17-1012,78d6e1ccf21df4c28de9019f35a63224c779e34948d54f35ecdfb3e54ce92125,8635.565,8630.9,3655,exact-open-set-id-v2,1788210631488662232,127,127,2049,16464,2e8ca58906fb856a74b8d9950eec4987360fc82f85876efc0f806e955f286826,6.348,,True,17,18,digiface-17-1012,True,True,True,False,-2994.6,0.7424110790933723,0.25758892090662766,-2991.363,0.7427211211766341
21,initial,0,29092026,measured,True,17,758,1680,primary_test_impostor,2,A38_A33,3,45,1038,1,True,45,46,1e7c9591e8ccd881198225f3dd1ca571b3cc88654f52c21ff2aec0b63e84e117,32840,cbb74a15752952a9f3bdb7b3a44f0cd3cd83f2076e3a73987398121922bd0224,7.415,0.48,cbb74a15752952a9f3bdb7b3a44f0cd3cd83f2076e3a73987398121922bd0224,8064.215,8063.6,4273,exact-open-set-id-v2,1788210618544091344,127,127,2049,16464,dd4b2005a75f1d03a592ef032d9523f4df916a8fa113571a458f10307d1858f9,5.201,,True,45,46,digiface-45-1038,cbb74a15752952a9f3bdb7b3a44f0cd3cd83f2076e3a73987398121922bd0224,7487.059,7485.4,3655,exact-open-set-id-v2,1788210631488662232,127,127,2049,16464,3cb788d0839837f724c60996583e5b7f65ea9e2a82bec86d39a44b3beb2db4b6,6.111,,True,45,46,digiface-45-1038,True,True,True,False,-578.2,0.9282950543181705,0.0717049456818295,-577.156,0.9284299835755867
22,initial,0,29092026,measured,True,18,265,1236,tuning_impostor,2,A38_A33,2,17,1012,1,True,17,18,69e2ed1f0e5bc65ca7205dffd093679d61db0bae33cb69fc2a75a03e7e0b8cd0,32840,32bb139c849aff20ab7c15c086255bda75e56dcf1df02a1479c705db4ab6956e,9.249,0.48,32bb139c849aff20ab7c15c086255bda75e56dcf1df02a1479c705db4ab6956e,9092.273,9091.6,4273,exact-open-set-id-v2,1788210618544091344,127,127,2049,16464,e8e385613e9bcaabe80a57f4825a769de65aa140dfd1706e6c7ee6167c00aeb1,16.668,,True,17,18,digiface-17-1012,32bb139c849aff20ab7c15c086255bda75e56dcf1df02a1479c705db4ab6956e,8651.794,8651.1,3655,exact-open-set-id-v2,1788210631488662232,127,127,2049,16464,44c3b8f3d473dfab87b43985600b7a470c95bbae47a539524313cb0af8efdba5,10.355,,True,17,18,digiface-17-1012,True,True,True,False,-440.5,0.9515486823001452,0.04845131769985478,-440.479,0.9515545782666227
23,initial,0,29092026,measured,True,19,758,1680,primary_test_impostor,1,A33_A38,3,45,1038,1,True,45,46,1e7c9591e8ccd881198225f3dd1ca571b3cc88654f52c21ff2aec0b63e84e117,32840,daa8f7022bd9f992e8117fb02dc1d1dd006e6617cebd680d61513378c62e430c,7.605,0.62,daa8f7022bd9f992e8117fb02dc1d1dd006e6617cebd680d61513378c62e430c,9965.045,9964.2,4273,exact-open-set-id-v2,1788210618544091344,127,127,2049,16464,a9837fe0d3b04db1e839474113268158f5fb4ff454e0b2d86953a0ffce53ae67,6.963,,True,45,46,digiface-45-1038,daa8f7022bd9f992e8117fb02dc1d1dd006e6617cebd680d61513378c62e430c,7348.108,7347.1,3655,exact-open-set-id-v2,1788210631488662232,127,127,2049,16464,27ed7f08df3284e99fed86e8f44e70c0e295384381d7c227ee8174c47ddbb5bd,30.886,,True,45,46,digiface-45-1038,True,True,True,False,-2617.1,0.7373497119688485,0.26265028803115154,-2616.937,0.737388340945776
24,initial,1,30092029,warmup,False,0,265,1236,tuning_impostor,0,A38_A33,2,17,1012,1,True,17,18,69e2ed1f0e5bc65ca7205dffd093679d61db0bae33cb69fc2a75a03e7e0b8cd0,32840,74329c418a03f093b3225fead4dea5d60d35935892ad2a28f43cb7df23d19bba,6.443,0.42,74329c418a03f093b3225fead4dea5d60d35935892ad2a28f43cb7df23d19bba,8676.634,8676.0,4273,exact-open-set-id-v2,1788230075317883216,127,127,2049,16464,f76066131a96779576e33d84e3ae9820d73266c6a02138fd1c31547141fab682,38.18,,True,17,18,digiface-17-1012,74329c418a03f093b3225fead4dea5d60d35935892ad2a28f43cb7df23d19bba,7838.494,7838.2,3655,exact-open-set-id-v2,1788230062341102328,127,127,2049,16464,fbd2752926e6aaf0b013bce0e109ad32ca1a216ff895802dc465f839cde3ac2e,15.053,,True,17,18,digiface-17-1012,True,True,True,False,-837.8,0.9034347625633933,0.09656523743660672,-838.14,0.9034026328643112
25,initial,1,30092029,warmup,False,1,758,1680,primary_test_impostor,0,A33_A38,3,45,1038,1,True,45,46,1e7c9591e8ccd881198225f3dd1ca571b3cc88654f52c21ff2aec0b63e84e117,32840,c82e3ca9f6254f06e3054fd4b21effbef95699f52741c90bb383047d448d14aa,6.032,0.5,c82e3ca9f6254f06e3054fd4b21effbef95699f52741c90bb383047d448d14aa,12795.864,12794.4,4273,exact-open-set-id-v2,1788230075317883216,127,127,2049,16464,f433e59db6231503535d44df46a6d7ad8e4b64083b9cd793fb5a2fb4f054033b,5.918,,True,45,46,digiface-45-1038,c82e3ca9f6254f06e3054fd4b21effbef95699f52741c90bb383047d448d14aa,13873.655,13872.3,3655,exact-open-set-id-v2,1788230062341102328,127,127,2049,16464,02f77e0ef1420c32a00634d65060d26a4fa2206c603a1919d92192f1e629e991,10.785,,True,45,46,digiface-45-1038,True,True,True,False,1077.9,1.0842477959107109,-0.08424779591071085,1077.791,1.0842296385769652
26,initial,1,30092029,warmup,False,2,211,1188,tuning_impostor,0,A38_A33,4,92,1080,1,True,92,93,e88524fbe5a2eb68f8ceeb77aacc14b6788fbc428b2e3445702f6e613663a082,32840,61c4718014b35bb53d8f0b071f9f4e8f0638a5878c28d885ec2d5840bb4ee0f3,6.169,0.47,61c4718014b35bb53d8f0b071f9f4e8f0638a5878c28d885ec2d5840bb4ee0f3,11855.399,11853.8,4273,exact-open-set-id-v2,1788230075317883216,127,127,2049,16464,a33e3beabb4b90d6a5e78e5db1781880a6e1da6718f0acfb94ebf2c048ba0074,6.653,,True,92,93,digiface-92-1080,61c4718014b35bb53d8f0b071f9f4e8f0638a5878c28d885ec2d5840bb4ee0f3,9090.434,9089.1,3655,exact-open-set-id-v2,1788230062341102328,127,127,2049,16464,a34f1956ba76607a7acbca15314590d058555e872841cf695b24684bfdda04b9,5.648,,True,92,93,digiface-92-1080,True,True,True,False,-2764.7,0.7667667752113247,0.23323322478867525,-2764.965,0.7667758799176645
27,initial,1,30092029,warmup,False,3,1943,948,extended_holdout_non_tuning_impostor,0,A33_A38,5,82,1071,0,False,,0,add2ff51ca22b6e67272dea2a67a95ad527c0ad02a1ab15b9abea8f3a286c8a5,32840,c21b826415129ee10a2184474243b74ba149888f4d61140e0e9662ed1b77c776,5.743,0.45,c21b826415129ee10a2184474243b74ba149888f4d61140e0e9662ed1b77c776,9733.931,9732.9,4273,exact-open-set-id-v2,1788230075317883216,127,127,2049,16464,ad4655eccf5d70f7f90d06fb46b4d012b35b3ddffd094b07bd8795593ad62fae,6.182,,False,,0,,c21b826415129ee10a2184474243b74ba149888f4d61140e0e9662ed1b77c776,7553.842,7552.9,3655,exact-open-set-id-v2,1788230062341102328,127,127,2049,16464,b43d2abdcbaca379b29c3c4a6c9d744e4de9186f220c34876eff2940cdba504f,6.625,,False,,0,,True,True,True,False,-2180.0,0.7760174254333241,0.22398257456667592,-2180.089,0.7760320059799067
28,initial,1,30092029,measured,True,0,265,1236,tuning_impostor,2,A33_A38,2,17,1012,1,True,17,18,69e2ed1f0e5bc65ca7205dffd093679d61db0bae33cb69fc2a75a03e7e0b8cd0,32840,e9f992a63391836fd3ac814a63334403ae9ea360641c0d96a0fe6e06aea6ec9d,6.174,0.45,e9f992a63391836fd3ac814a63334403ae9ea360641c0d96a0fe6e06aea6ec9d,8073.437,8072.5,4273,exact-open-set-id-v2,1788230075317883216,127,127,2049,16464,0b6dc4ca7febbcdcbf0c3ff97196e05a504bcdc1cf8690108ea2e2727cc258ce,6.429,,True,17,18,digiface-17-1012,e9f992a63391836fd3ac814a63334403ae9ea360641c0d96a0fe6e06aea6ec9d,6816.329,6815.3,3655,exact-open-set-id-v2,1788230062341102328,127,127,2049,16464,365422f29bbfda54221dc1475d00d5badcdf2852159cc51acd1280ad49ca06fb,6.295,,True,17,18,digiface-17-1012,True,True,True,False,-1257.2,0.8442613812325798,0.15573861876742023,-1257.108,0.8442908515914597
29,initial,1,30092029,measured,True,1,1943,948,extended_holdout_non_tuning_impostor,2,A38_A33,5,82,1071,0,False,,0,add2ff51ca22b6e67272dea2a67a95ad527c0ad02a1ab15b9abea8f3a286c8a5,32840,5ef18a8925aebd2c59a1faa1701fd6b87821f5f5da1c49acdd5fbf0bfe005357,5.737,0.43,5ef18a8925aebd2c59a1faa1701fd6b87821f5f5da1c49acdd5fbf0bfe005357,8604.982,8604.0,4273,exact-open-set-id-v2,1788230075317883216,127,127,2049,16464,0903d23546d39180576dd048fb0c954a385edac1ecee19e83e3d77dbb7057a2b,6.48,,False,,0,,5ef18a8925aebd2c59a1faa1701fd6b87821f5f5da1c49acdd5fbf0bfe005357,7102.944,7101.7,3655,exact-open-set-id-v2,1788230062341102328,127,127,2049,16464,3b8bffef112348b5774233201bc6190140df54f9bbb0c560cfb66ad76fdd026e,6.415,,False,,0,,True,True,True,False,-1502.3,0.8253951650395165,0.1746048349604835,-1502.038,0.8254455384101907
30,initial,1,30092029,measured,True,2,407,1364,tuning_impostor,3,A38_A33,7,81,1070,0,False,,0,31fba9477eb761f1177784dc65a9e1e7f00a6c87003afb8d4b505518110addf5,32840,6459d27fd7d355b0fdffd7e4dd46c2533347493678c33f26e9ccf4a735076576,6.106,0.44,6459d27fd7d355b0fdffd7e4dd46c2533347493678c33f26e9ccf4a735076576,9112.319,9111.0,4273,exact-open-set-id-v2,1788230075317883216,127,127,2049,16464,626a55bbfa05574b94a3a8412e470c067b494e339185a83e340a1f884e5c7af2,5.491,,False,,0,,6459d27fd7d355b0fdffd7e4dd46c2533347493678c33f26e9ccf4a735076576,8216.883,8215.3,3655,exact-open-set-id-v2,1788230062341102328,127,127,2049,16464,07c6e0f0c884c8c6abce916970d24dc8d263f65ca729e8e03697fa31b08ebd1d,5.81,,False,,0,,True,True,True,False,-895.7,0.9016902645154209,0.09830973548457911,-895.436,0.9017334665303092
31,initial,1,30092029,measured,True,3,265,1236,tuning_impostor,1,A38_A33,2,17,1012,1,True,17,18,69e2ed1f0e5bc65ca7205dffd093679d61db0bae33cb69fc2a75a03e7e0b8cd0,32840,b396a66ca43f8e79fdfb6e2b0ab61215c78b0736de5d813c0cada11140e68059,5.817,0.42,b396a66ca43f8e79fdfb6e2b0ab61215c78b0736de5d813c0cada11140e68059,9568.448,9567.0,4273,exact-open-set-id-v2,1788230075317883216,127,127,2049,16464,067a39d8a68aab41db3dba15bf037b7108d9047e0f3726325655d1365d8dc741,6.542,,True,17,18,digiface-17-1012,b396a66ca43f8e79fdfb6e2b0ab61215c78b0736de5d813c0cada11140e68059,7137.618,7136.1,3655,exact-open-set-id-v2,1788230062341102328,127,127,2049,16464,794eaf06da2846f132c0df83ea042851fdbfa9fafc4c92aac4b7b119b9b748a4,5.993,,True,17,18,digiface-17-1012,True,True,True,False,-2430.9,0.7459078080903104,0.25409219190968957,-2430.83,0.7459535757523059
32,initial,1,30092029,measured,True,4,211,1188,tuning_impostor,3,A33_A38,4,92,1080,1,True,92,93,e88524fbe5a2eb68f8ceeb77aacc14b6788fbc428b2e3445702f6e613663a082,32840,b7140717fda9e91d01e5df79852aea19c928f1708f9a9750f0f68602c80d81b3,5.857,0.42,b7140717fda9e91d01e5df79852aea19c928f1708f9a9750f0f68602c80d81b3,7978.957,7977.7,4273,exact-open-set-id-v2,1788230075317883216,127,127,2049,16464,cfb9785499c60c02d91066247eca2593cbbe77ab5a6dc07fbec0032cf5492cfd,5.804,,True,92,93,digiface-92-1080,b7140717fda9e91d01e5df79852aea19c928f1708f9a9750f0f68602c80d81b3,6460.623,6459.4,3655,exact-open-set-id-v2,1788230062341102328,127,127,2049,16464,4b7e0ac5082b02584887b102ddc2174cb8ccda5c9824a3e5538f10b8be7bff8d,5.592,,True,92,93,digiface-92-1080,True,True,True,False,-1518.3,0.8096819885430637,0.19031801145693628,-1518.334,0.8097077099174741
33,initial,1,30092029,measured,True,5,211,1188,tuning_impostor,0,A38_A33,4,92,1080,1,True,92,93,e88524fbe5a2eb68f8ceeb77aacc14b6788fbc428b2e3445702f6e613663a082,32840,86d676ab16695601f6131495517c3922f0fee64a050c72efe0a0fa0ad2d89b57,6.966,0.44,86d676ab16695601f6131495517c3922f0fee64a050c72efe0a0fa0ad2d89b57,9226.006,9224.6,4273,exact-open-set-id-v2,1788230075317883216,127,127,2049,16464,aa01b7f64db975dd80e4df92bc05f75c740be221afee7fbeec9f5bfdda32ad50,5.543,,True,92,93,digiface-92-1080,86d676ab16695601f6131495517c3922f0fee64a050c72efe0a0fa0ad2d89b57,6833.451,6832.2,3655,exact-open-set-id-v2,1788230062341102328,127,127,2049,16464,938f136eb161b39d71d645c1f5ecd3451167414a4cb6628b8e91adf3eac52497,5.716,,True,92,93,digiface-92-1080,True,True,True,False,-2392.4,0.7406500010840578,0.25934999891594224,-2392.555,0.7406727244703721
34,initial,1,30092029,measured,True,6,211,1188,tuning_impostor,2,A33_A38,4,92,1080,1,True,92,93,e88524fbe5a2eb68f8ceeb77aacc14b6788fbc428b2e3445702f6e613663a082,32840,a35484714d8f496f0fafb51457767c41b4b7aef6c1c380b12ec5bc38ae470f93,6.342,0.44,a35484714d8f496f0fafb51457767c41b4b7aef6c1c380b12ec5bc38ae470f93,7262.24,7260.9,4273,exact-open-set-id-v2,1788230075317883216,127,127,2049,16464,98359ddd21e765a01d4f49e7060eedc5a36313f5d2eb57962c94b3087646ab22,5.766,,True,92,93,digiface-92-1080,a35484714d8f496f0fafb51457767c41b4b7aef6c1c380b12ec5bc38ae470f93,7970.439,7968.9,3655,exact-open-set-id-v2,1788230062341102328,127,127,2049,16464,29e2864ee2ee3869b2c4a3162511eb0cfb70ebd7a31a1c904f48d09b8905d2f8,5.525,,True,92,93,digiface-92-1080,True,True,True,False,708.0,1.0975085733173573,-0.0975085733173573,708.199,1.0975179834321092
35,initial,1,30092029,measured,True,7,1943,948,extended_holdout_non_tuning_impostor,1,A33_A38,5,82,1071,0,False,,0,add2ff51ca22b6e67272dea2a67a95ad527c0ad02a1ab15b9abea8f3a286c8a5,32840,eb4a2ef3e113e0c30b191388dfc35f109f0f3338c5cf6041f4307ffaa50d6fa6,6.256,0.44,eb4a2ef3e113e0c30b191388dfc35f109f0f3338c5cf6041f4307ffaa50d6fa6,11550.777,11548.4,4273,exact-open-set-id-v2,1788230075317883216,127,127,2049,16464,b1b8597d86e6a39ac88c7eb056a352a19d7dde1296629b09501ccef1eebd6dc8,6.426,,False,,0,,eb4a2ef3e113e0c30b191388dfc35f109f0f3338c5cf6041f4307ffaa50d6fa6,10192.997,10191.1,3655,exact-open-set-id-v2,1788230062341102328,127,127,2049,16464,8525886fbaa7fdc69a61c35ca0e72bf694eb150db8b1c875cb1087e3d2b38b3e,5.557,,False,,0,,True,True,True,False,-1357.3,0.8824685670742268,0.11753143292577317,-1357.78,0.8824511978717968
36,initial,1,30092029,measured,True,8,1943,948,extended_holdout_non_tuning_impostor,3,A33_A38,5,82,1071,0,False,,0,add2ff51ca22b6e67272dea2a67a95ad527c0ad02a1ab15b9abea8f3a286c8a5,32840,e79aa413d9f821efc34d8ed6f5fed9fdc54963d6687970599049e7a31474c0b6,5.812,0.45,e79aa413d9f821efc34d8ed6f5fed9fdc54963d6687970599049e7a31474c0b6,11488.434,11487.0,4273,exact-open-set-id-v2,1788230075317883216,127,127,2049,16464,c01a17da2517dc7123a99e968b92e2a2dd2b9afef6875ece8f9e99db34b1a90c,5.66,,False,,0,,e79aa413d9f821efc34d8ed6f5fed9fdc54963d6687970599049e7a31474c0b6,9240.266,9238.5,3655,exact-open-set-id-v2,1788230062341102328,127,127,2049,16464,0e6cfeeba74959b3017a89d504e5166d5812e032f0bb00591fca4e9a85a83b40,5.914,,False,,0,,True,True,True,False,-2248.5,0.8042569861582659,0.1957430138417341,-2248.168,0.8043103176638348
37,initial,1,30092029,measured,True,9,758,1680,primary_test_impostor,1,A38_A33,3,45,1038,1,True,45,46,1e7c9591e8ccd881198225f3dd1ca571b3cc88654f52c21ff2aec0b63e84e117,32840,0f2378ef7b594a7559c7e3762f242b69ada36e05ef642c7c534f47cd3c38fcdf,5.514,0.41,0f2378ef7b594a7559c7e3762f242b69ada36e05ef642c7c534f47cd3c38fcdf,10528.206,10526.7,4273,exact-open-set-id-v2,1788230075317883216,127,127,2049,16464,517003ff15b743efecf48a3868f94736ce37a649aed3401a3d5514c6c842bb1d,5.506,,True,45,46,digiface-45-1038,0f2378ef7b594a7559c7e3762f242b69ada36e05ef642c7c534f47cd3c38fcdf,12304.14,12302.8,3655,exact-open-set-id-v2,1788230062341102328,127,127,2049,16464,0baf0378ffe502814cfe0c2add0f72c218ed7cc8e4595518c187250841d248e6,5.641,,True,45,46,digiface-45-1038,True,True,True,False,1776.1,1.1687233415980316,-0.1687233415980316,1775.934,1.1686834395147663
38,initial,1,30092029,measured,True,10,407,1364,tuning_impostor,1,A38_A33,7,81,1070,0,False,,0,31fba9477eb761f1177784dc65a9e1e7f00a6c87003afb8d4b505518110addf5,32840,423991d22c17aabdc476846e1dc140dfec94f9078a937bd0e18a7a8800fb4075,5.901,0.5,423991d22c17aabdc476846e1dc140dfec94f9078a937bd0e18a7a8800fb4075,10228.938,10227.8,4273,exact-open-set-id-v2,1788230075317883216,127,127,2049,16464,15add7ed329a7e097e7475264b24cfa4874f056378b58b96d1db453c83826e70,5.62,,False,,0,,423991d22c17aabdc476846e1dc140dfec94f9078a937bd0e18a7a8800fb4075,7670.152,7668.8,3655,exact-open-set-id-v2,1788230062341102328,127,127,2049,16464,e16bf5963d9eb8cb31aca4814656fa20fc0dbf7233137f537b711ee3ed65e08e,5.172,,False,,0,,True,True,True,False,-2559.0,0.7497995658890476,0.2502004341109524,-2558.786,0.7498483224749236
39,initial,1,30092029,measured,True,11,1943,948,extended_holdout_non_tuning_impostor,0,A38_A33,5,82,1071,0,False,,0,add2ff51ca22b6e67272dea2a67a95ad527c0ad02a1ab15b9abea8f3a286c8a5,32840,edd13f5d9e7e75b2e867c3e2cf2095b7b624dda8f9b3b84d9585556aac07bc42,5.842,0.48,edd13f5d9e7e75b2e867c3e2cf2095b7b624dda8f9b3b84d9585556aac07bc42,11189.473,11188.0,4273,exact-open-set-id-v2,1788230075317883216,127,127,2049,16464,686532ca0191e9d6f0c8bfad8694b07056cd5b9277a9df9671a781313ecb904d,5.919,,False,,0,,edd13f5d9e7e75b2e867c3e2cf2095b7b624dda8f9b3b84d9585556aac07bc42,10359.161,10357.8,3655,exact-open-set-id-v2,1788230062341102328,127,127,2049,16464,ac737ec22024a35c761e3a4b896daa130b757af0d87985e4ffccc8312a85c83d,5.528,,False,,0,,True,True,True,False,-830.2,0.9257954951734,0.07420450482660002,-830.312,0.9257952541643383
40,initial,1,30092029,measured,True,12,758,1680,primary_test_impostor,3,A33_A38,3,45,1038,1,True,45,46,1e7c9591e8ccd881198225f3dd1ca571b3cc88654f52c21ff2aec0b63e84e117,32840,b4fdff6170ce39972c5fce423e4739172ccf4cd5e8b4d085ae986377bb8b518a,5.639,0.54,b4fdff6170ce39972c5fce423e4739172ccf4cd5e8b4d085ae986377bb8b518a,8686.401,8685.2,4273,exact-open-set-id-v2,1788230075317883216,127,127,2049,16464,70fc63fe903ddb35226162f8395fb17cb66fcf149f565e8054d451bb0453457f,5.301,,True,45,46,digiface-45-1038,b4fdff6170ce39972c5fce423e4739172ccf4cd5e8b4d085ae986377bb8b518a,9711.229,9710.0,3655,exact-open-set-id-v2,1788230062341102328,127,127,2049,16464,bee42390232d108589ba443e593f51b40ec3a80e4fddb8d0071f164aa81bc17c,6.963,,True,45,46,digiface-45-1038,True,True,True,False,1024.8,1.1179938285819555,-0.1179938285819555,1024.828,1.1179807379373805
41,initial,1,30092029,measured,True,13,211,1188,tuning_impostor,1,A38_A33,4,92,1080,1,True,92,93,e88524fbe5a2eb68f8ceeb77aacc14b6788fbc428b2e3445702f6e613663a082,32840,392c2df41c61bd29621b6db962639c5af3ed6ea7bc47fc7646e422b0144eed60,5.918,0.48,392c2df41c61bd29621b6db962639c5af3ed6ea7bc47fc7646e422b0144eed60,10403.0,10401.4,4273,exact-open-set-id-v2,1788230075317883216,127,127,2049,16464,28709e145f41add024197d4d7304d930c0d61849cb22e51461d17f4b370e8deb,5.882,,True,92,93,digiface-92-1080,392c2df41c61bd29621b6db962639c5af3ed6ea7bc47fc7646e422b0144eed60,8145.325,8144.1,3655,exact-open-set-id-v2,1788230062341102328,127,127,2049,16464,901e9136fe33d39ef01e824a51e972c4a9d407ff00c9771fd7fc256183d1a24a,5.36,,True,92,93,digiface-92-1080,True,True,True,False,-2257.3,0.7829811371546138,0.21701886284538618,-2257.675,0.7829784677496876
42,initial,1,30092029,measured,True,14,265,1236,tuning_impostor,0,A33_A38,2,17,1012,1,True,17,18,69e2ed1f0e5bc65ca7205dffd093679d61db0bae33cb69fc2a75a03e7e0b8cd0,32840,00e86163b135fc45d33afa00077b8427985f9595a3b9eb4911bde3a881266eb3,5.668,0.45,00e86163b135fc45d33afa00077b8427985f9595a3b9eb4911bde3a881266eb3,9543.335,9542.0,4273,exact-open-set-id-v2,1788230075317883216,127,127,2049,16464,4348f20cc421c2a63e4a6228510d870475c65cc44a0a77e00d046721f9cc446b,5.865,,True,17,18,digiface-17-1012,00e86163b135fc45d33afa00077b8427985f9595a3b9eb4911bde3a881266eb3,6941.967,6940.7,3655,exact-open-set-id-v2,1788230062341102328,127,127,2049,16464,963cf8f36ccde7522a4d51c940cbe9a13b4fe2312e9db49ef23739a70f350d09,5.146,,True,17,18,digiface-17-1012,True,True,True,False,-2601.3,0.727384196185286,0.27261580381471395,-2601.368,0.7274152065289545
43,initial,1,30092029,measured,True,15,758,1680,primary_test_impostor,0,A33_A38,3,45,1038,1,True,45,46,1e7c9591e8ccd881198225f3dd1ca571b3cc88654f52c21ff2aec0b63e84e117,32840,07b70db01410f00be88f5a72aba645e827e9f9bb006277c37025dec043a1906e,5.69,0.51,07b70db01410f00be88f5a72aba645e827e9f9bb006277c37025dec043a1906e,9158.315,9157.1,4273,exact-open-set-id-v2,1788230075317883216,127,127,2049,16464,7503948dbcf346633af42ce0e029715cb24121cff8c0489c840fa2d3a9112248,10.056,,True,45,46,digiface-45-1038,07b70db01410f00be88f5a72aba645e827e9f9bb006277c37025dec043a1906e,8024.759,8023.6,3655,exact-open-set-id-v2,1788230062341102328,127,127,2049,16464,c00a621927cb94ef25d9602c5f74995ce8b18cfd13e95053aaaa50efef015d4a,6.571,,True,45,46,digiface-45-1038,True,True,True,False,-1133.5,0.8762162693429143,0.1237837306570857,-1133.556,0.8762265766137111
44,initial,1,30092029,measured,True,16,758,1680,primary_test_impostor,2,A38_A33,3,45,1038,1,True,45,46,1e7c9591e8ccd881198225f3dd1ca571b3cc88654f52c21ff2aec0b63e84e117,32840,2cf91b113d67cef4b5c99f8f1a063a7a0ff65148cad8438d0927a57cb89fd093,5.792,0.44,2cf91b113d67cef4b5c99f8f1a063a7a0ff65148cad8438d0927a57cb89fd093,8385.61,8384.9,4273,exact-open-set-id-v2,1788230075317883216,127,127,2049,16464,26f0e60007c50e54037ba9247b069eb62f6228056d72ca8dba7877c1ff65eb7c,6.584,,True,45,46,digiface-45-1038,2cf91b113d67cef4b5c99f8f1a063a7a0ff65148cad8438d0927a57cb89fd093,6818.663,6817.7,3655,exact-open-set-id-v2,1788230062341102328,127,127,2049,16464,a504ba1ada7de3e8aa82de67382ebaacb3824f7901c1e888aeb61f4064f72a92,5.144,,True,45,46,digiface-45-1038,True,True,True,False,-1567.2,0.8130925830958032,0.18690741690419677,-1566.947,0.8131385790658043
45,initial,1,30092029,measured,True,17,407,1364,tuning_impostor,0,A33_A38,7,81,1070,0,False,,0,31fba9477eb761f1177784dc65a9e1e7f00a6c87003afb8d4b505518110addf5,32840,63a4953f5d0be9e11f97464c2b4f0efd20d5c33124a7b2f8adb67189017272c8,5.669,0.43,63a4953f5d0be9e11f97464c2b4f0efd20d5c33124a7b2f8adb67189017272c8,10606.36,10605.3,4273,exact-open-set-id-v2,1788230075317883216,127,127,2049,16464,d76780eaffc8976c66f010a7401218614faeeb6f32670da2ec5b42bf27085fea,4.906,,False,,0,,63a4953f5d0be9e11f97464c2b4f0efd20d5c33124a7b2f8adb67189017272c8,8041.662,8040.9,3655,exact-open-set-id-v2,1788230062341102328,127,127,2049,16464,5981fdc1f2385be1cd145ceea3b3b219196b7321121d9b939ca732d131923e16,6.878,,False,,0,,True,True,True,False,-2564.4,0.7581963735113576,0.2418036264886424,-2564.698,0.7581924430247512
46,initial,1,30092029,measured,True,18,265,1236,tuning_impostor,3,A38_A33,2,17,1012,1,True,17,18,69e2ed1f0e5bc65ca7205dffd093679d61db0bae33cb69fc2a75a03e7e0b8cd0,32840,a76c30ca1678283bfb7efe5373669b77738a6abd1077568cf19c637b2228e24c,5.931,0.44,a76c30ca1678283bfb7efe5373669b77738a6abd1077568cf19c637b2228e24c,8602.148,8601.4,4273,exact-open-set-id-v2,1788230075317883216,127,127,2049,16464,aca9ffcfd50e0a19907048269e29b44988d0e300bfe55eb40d4f2558a0d6b97a,5.418,,True,17,18,digiface-17-1012,a76c30ca1678283bfb7efe5373669b77738a6abd1077568cf19c637b2228e24c,7598.911,7598.0,3655,exact-open-set-id-v2,1788230062341102328,127,127,2049,16464,0c5d0224cf1e5dedfbe38e54c79896b1a3223425f4af44c1e33e1bb8a917b018,5.94,,True,17,18,digiface-17-1012,True,True,True,False,-1003.4,0.8833445718138908,0.11665542818610919,-1003.237,0.883373664345231
47,initial,1,30092029,measured,True,19,407,1364,tuning_impostor,2,A33_A38,7,81,1070,0,False,,0,31fba9477eb761f1177784dc65a9e1e7f00a6c87003afb8d4b505518110addf5,32840,a2902579fc8affd6d84d9d88251f6ac1f4f945fb9b24cc91f349da42d98e32f7,6.233,0.5,a2902579fc8affd6d84d9d88251f6ac1f4f945fb9b24cc91f349da42d98e32f7,10805.426,10804.2,4273,exact-open-set-id-v2,1788230075317883216,127,127,2049,16464,a8f5733d94f5814cc35b1edc86cc81818f1a48cb949705ab9c8040a9af7ee5fb,6.824,,False,,0,,a2902579fc8affd6d84d9d88251f6ac1f4f945fb9b24cc91f349da42d98e32f7,7719.168,7717.7,3655,exact-open-set-id-v2,1788230062341102328,127,127,2049,16464,df9e765cb54c49a1fc7de91d9124b9d44a82d9304b87de4246f0dc7d313e6765,6.335,,False,,0,,True,True,True,False,-3086.5,0.7143240591621776,0.28567594083782244,-3086.258,0.7143788685425267
48,initial,2,31092032,warmup,False,0,265,1236,tuning_impostor,0,A33_A38,2,17,1012,1,True,17,18,69e2ed1f0e5bc65ca7205dffd093679d61db0bae33cb69fc2a75a03e7e0b8cd0,32840,b0545e3180c485f8e06402250db1ffb0a0b9c64ae34a022a5c2af1c4569bfca0,6.273,0.49,b0545e3180c485f8e06402250db1ffb0a0b9c64ae34a022a5c2af1c4569bfca0,10880.142,10879.5,4273,exact-open-set-id-v2,1788256785619520848,127,127,2049,16464,87d9754c7c38350ef6b47a532e3f2f80f2df3bea9c8d231ae6ea85ffe3b8d054,6.539,,True,17,18,digiface-17-1012,b0545e3180c485f8e06402250db1ffb0a0b9c64ae34a022a5c2af1c4569bfca0,8544.769,8544.2,3655,exact-open-set-id-v2,1788256781393709552,127,127,2049,16464,5391f99ddf79a0a4883a0d9548caa5f531177072abb79d2553e282e3e6792fcf,5.727,,True,17,18,digiface-17-1012,True,True,True,False,-2335.3,0.7853485913874719,0.21465140861252807,-2335.373,0.7853545477623363
49,initial,2,31092032,warmup,False,1,758,1680,primary_test_impostor,0,A38_A33,3,45,1038,1,True,45,46,1e7c9591e8ccd881198225f3dd1ca571b3cc88654f52c21ff2aec0b63e84e117,32840,77c90201db8fdfc95948b6a951cca14ce35bc746ef59342c8a14f6bf6c867069,6.466,0.51,77c90201db8fdfc95948b6a951cca14ce35bc746ef59342c8a14f6bf6c867069,9089.918,9088.8,4273,exact-open-set-id-v2,1788256785619520848,127,127,2049,16464,148a53b2b04351f306ae13918e5d84b122da893521e86fdf602081d62d988219,6.124,,True,45,46,digiface-45-1038,77c90201db8fdfc95948b6a951cca14ce35bc746ef59342c8a14f6bf6c867069,7542.577,7542.2,3655,exact-open-set-id-v2,1788256781393709552,127,127,2049,16464,de016be8a55d74e5bff5ed0a0dfcf0e4bdfa14f1545aa5c18d611d9e3c3839af,5.316,,True,45,46,digiface-45-1038,True,True,True,False,-1546.6,0.8298345216090134,0.1701654783909866,-1547.341,0.8297739319540617
50,initial,2,31092032,warmup,False,2,211,1188,tuning_impostor,0,A33_A38,4,92,1080,1,True,92,93,e88524fbe5a2eb68f8ceeb77aacc14b6788fbc428b2e3445702f6e613663a082,32840,93e141200e720902ed408eb159759f26a0f961fd575cc891a58fd132f36551fd,5.94,0.48,93e141200e720902ed408eb159759f26a0f961fd575cc891a58fd132f36551fd,8241.365,8240.5,4273,exact-open-set-id-v2,1788256785619520848,127,127,2049,16464,266a81cb5c8b31203b3d147e6274536e82ca46df8525f21a2881f285b09391f3,6.742,,True,92,93,digiface-92-1080,93e141200e720902ed408eb159759f26a0f961fd575cc891a58fd132f36551fd,7870.193,7868.8,3655,exact-open-set-id-v2,1788256781393709552,127,127,2049,16464,9a7221109c14a46df8625f2add55c5174d0fdb2aba661751a19ab58343ab0c3e,5.673,,True,92,93,digiface-92-1080,True,True,True,False,-371.7,0.9548935137430982,0.045106486256901834,-371.172,0.954962315101928
51,initial,2,31092032,warmup,False,3,1943,948,extended_holdout_non_tuning_impostor,0,A38_A33,5,82,1071,0,False,,0,add2ff51ca22b6e67272dea2a67a95ad527c0ad02a1ab15b9abea8f3a286c8a5,32840,2935449a9ed42b15ffbeb99ce3eac8c3be53f8055c2966d57e52faa23dbaba3a,6.616,0.55,2935449a9ed42b15ffbeb99ce3eac8c3be53f8055c2966d57e52faa23dbaba3a,9231.203,9230.7,4273,exact-open-set-id-v2,1788256785619520848,127,127,2049,16464,a357bed41636a48fb0eec6960eaab793fd9cdd478902412c47e99a932bafd854,5.103,,False,,0,,2935449a9ed42b15ffbeb99ce3eac8c3be53f8055c2966d57e52faa23dbaba3a,7462.953,7462.4,3655,exact-open-set-id-v2,1788256781393709552,127,127,2049,16464,a2b0d140eebc0c300c416ad420f127830ffcb3d3790f04f81ff4a417e6cc825f,5.251,,False,,0,,True,True,True,False,-1768.3,0.8084327299121409,0.19156727008785912,-1768.25,0.8084485846535929
52,initial,2,31092032,measured,True,0,265,1236,tuning_impostor,2,A38_A33,2,17,1012,1,True,17,18,69e2ed1f0e5bc65ca7205dffd093679d61db0bae33cb69fc2a75a03e7e0b8cd0,32840,476003a5ed0b1e2055146f17e0e9528e8518d1302eb9bd206f47893ad2c719fd,7.009,0.48,476003a5ed0b1e2055146f17e0e9528e8518d1302eb9bd206f47893ad2c719fd,12009.061,12007.2,4273,exact-open-set-id-v2,1788256785619520848,127,127,2049,16464,496cab6b06596de6bea759314c75a002b120e943dc8b2162a0ba89ba6dafe05a,5.565,,True,17,18,digiface-17-1012,476003a5ed0b1e2055146f17e0e9528e8518d1302eb9bd206f47893ad2c719fd,9686.51,9684.7,3655,exact-open-set-id-v2,1788256781393709552,127,127,2049,16464,21ee077ae4ed4ecc6e29c9c65627a5aed03b5ef594bb7e9c892fa34a88409e1e,5.25,,True,17,18,digiface-17-1012,True,True,True,False,-2322.5,0.8065743887001133,0.19342561129988667,-2322.551,0.8066001163621369
53,initial,2,31092032,measured,True,1,758,1680,primary_test_impostor,1,A33_A38,3,45,1038,1,True,45,46,1e7c9591e8ccd881198225f3dd1ca571b3cc88654f52c21ff2aec0b63e84e117,32840,9aa029f3ba9b7f884b2ec6e35862e7ad40d90ff19ebbfdbf8095c459d67d1594,5.803,0.59,9aa029f3ba9b7f884b2ec6e35862e7ad40d90ff19ebbfdbf8095c459d67d1594,10794.353,10792.9,4273,exact-open-set-id-v2,1788256785619520848,127,127,2049,16464,e744fd09a5af9942c5af0a27aa06be26d4ed09c44bf84392082ea2ef4f2ba08f,6.105,,True,45,46,digiface-45-1038,9aa029f3ba9b7f884b2ec6e35862e7ad40d90ff19ebbfdbf8095c459d67d1594,9286.583,9285.4,3655,exact-open-set-id-v2,1788256781393709552,127,127,2049,16464,c18cb6f9537e5a2a7bdca80f9ac0327d633ebe6b412292ca2622c87355aae8c1,6.312,,True,45,46,digiface-45-1038,True,True,True,False,-1507.5,0.860324843183945,0.13967515681605502,-1507.77,0.8603186314177423
54,initial,2,31092032,measured,True,2,265,1236,tuning_impostor,1,A33_A38,2,17,1012,1,True,17,18,69e2ed1f0e5bc65ca7205dffd093679d61db0bae33cb69fc2a75a03e7e0b8cd0,32840,7280b5daae22d1aba7866b0daf3a39776616b6c5a70d708d635fe1461ebee59c,6.757,0.44,7280b5daae22d1aba7866b0daf3a39776616b6c5a70d708d635fe1461ebee59c,11820.93,11819.3,4273,exact-open-set-id-v2,1788256785619520848,127,127,2049,16464,8215f105dbbc39fcacd597b522020321c85b7bf2183c79a601431f65fbe6969c,5.468,,True,17,18,digiface-17-1012,7280b5daae22d1aba7866b0daf3a39776616b6c5a70d708d635fe1461ebee59c,7778.791,7777.6,3655,exact-open-set-id-v2,1788256781393709552,127,127,2049,16464,d41d4734bbc871dce6392f4611f1a463d47c9ebff0a33e5637d5f7e7cbca771f,5.533,,True,17,18,digiface-17-1012,True,True,True,False,-4041.7,0.6580423544541556,0.3419576455458444,-4042.139,0.6580523698220021
55,initial,2,31092032,measured,True,3,211,1188,tuning_impostor,0,A33_A38,4,92,1080,1,True,92,93,e88524fbe5a2eb68f8ceeb77aacc14b6788fbc428b2e3445702f6e613663a082,32840,b5912f58030f628d6a454be072f9c6c4284c4a8c5f91b87e50430040c91464f1,6.428,0.62,b5912f58030f628d6a454be072f9c6c4284c4a8c5f91b87e50430040c91464f1,7920.988,7920.0,4273,exact-open-set-id-v2,1788256785619520848,127,127,2049,16464,aad6997636331214f4ebaaa71f423eac24543a7244b1519993336fc503134994,6.37,,True,92,93,digiface-92-1080,b5912f58030f628d6a454be072f9c6c4284c4a8c5f91b87e50430040c91464f1,6744.675,6743.8,3655,exact-open-set-id-v2,1788256781393709552,127,127,2049,16464,9e84c5303ba3e951056a548216d3bd4917c2319709d128293639e3d583daa1bc,5.502,,True,92,93,digiface-92-1080,True,True,True,False,-1176.2,0.851489898989899,0.14851010101010098,-1176.313,0.8514941570420256
56,initial,2,31092032,measured,True,4,211,1188,tuning_impostor,2,A38_A33,4,92,1080,1,True,92,93,e88524fbe5a2eb68f8ceeb77aacc14b6788fbc428b2e3445702f6e613663a082,32840,635db6378b375b0e515ed016b8f34f64e6a4fb5830c941385b4a54f5641da0f1,5.692,0.51,635db6378b375b0e515ed016b8f34f64e6a4fb5830c941385b4a54f5641da0f1,7966.087,7964.9,4273,exact-open-set-id-v2,1788256785619520848,127,127,2049,16464,1f599bf3cf0196e76a0fd9cc30aba46b8b192b5cd461c1042df9519c7ac83ecb,6.17,,True,92,93,digiface-92-1080,635db6378b375b0e515ed016b8f34f64e6a4fb5830c941385b4a54f5641da0f1,6484.515,6483.6,3655,exact-open-set-id-v2,1788256781393709552,127,127,2049,16464,e6460e9584e921daa8dc6acbf5536f4e7aadd789e724b208d767287fcf3ab4ae,5.467,,True,92,93,digiface-92-1080,True,True,True,False,-1481.3,0.8140215194164397,0.18597848058356026,-1481.572,0.8140150867044259
57,initial,2,31092032,measured,True,5,1943,948,extended_holdout_non_tuning_impostor,2,A38_A33,5,82,1071,0,False,,0,add2ff51ca22b6e67272dea2a67a95ad527c0ad02a1ab15b9abea8f3a286c8a5,32840,7e99a0c58455e4506583fb9fa5c6fc7c03b8d48e63c884613da931bae0cd5831,5.893,0.44,7e99a0c58455e4506583fb9fa5c6fc7c03b8d48e63c884613da931bae0cd5831,8001.548,8000.5,4273,exact-open-set-id-v2,1788256785619520848,127,127,2049,16464,6792e2cc8f18ded3bd266121aac080704848e6ffe78e10c03a6ff35cd79de008,4.975,,False,,0,,7e99a0c58455e4506583fb9fa5c6fc7c03b8d48e63c884613da931bae0cd5831,7337.393,7336.2,3655,exact-open-set-id-v2,1788256781393709552,127,127,2049,16464,377761c303f6752cfb0443b47033d392df820461346ecaf0ba000d3b14d8994d,5.243,,False,,0,,True,True,True,False,-664.3,0.916967689519405,0.083032310480595,-664.155,0.9169966861412318
58,initial,2,31092032,measured,True,6,211,1188,tuning_impostor,3,A33_A38,4,92,1080,1,True,92,93,e88524fbe5a2eb68f8ceeb77aacc14b6788fbc428b2e3445702f6e613663a082,32840,ee8eb9faa57958c30bdca91c825a3c2949aeeccb8d11fa746bfdebe91d000ac0,5.877,0.45,ee8eb9faa57958c30bdca91c825a3c2949aeeccb8d11fa746bfdebe91d000ac0,7479.521,7478.5,4273,exact-open-set-id-v2,1788256785619520848,127,127,2049,16464,f246b17677550edd79663c334d4d55c2ff57f518d4bef4f7eb34bd99c4c41bff,5.025,,True,92,93,digiface-92-1080,ee8eb9faa57958c30bdca91c825a3c2949aeeccb8d11fa746bfdebe91d000ac0,7091.603,7090.7,3655,exact-open-set-id-v2,1788256781393709552,127,127,2049,16464,42bf2787f2a5ffe7121117368c4b1ea19bb77b2d7a2189dc70ae6846dc37d065,5.072,,True,92,93,digiface-92-1080,True,True,True,False,-387.8,0.9481446814200708,0.0518553185799292,-387.918,0.9481359835743493
59,initial,2,31092032,measured,True,7,407,1364,tuning_impostor,1,A33_A38,7,81,1070,0,False,,0,31fba9477eb761f1177784dc65a9e1e7f00a6c87003afb8d4b505518110addf5,32840,634330c6e98888dc0c6f731a3d6235af5743ad3559ea47f0425fffe99d7f4a1b,5.942,0.46,634330c6e98888dc0c6f731a3d6235af5743ad3559ea47f0425fffe99d7f4a1b,8665.742,8665.0,4273,exact-open-set-id-v2,1788256785619520848,127,127,2049,16464,33cc40becbef4cc0e2cfab6cf04997619ac1691d5a6e7c0c3c684c162da303ca,5.148,,False,,0,,634330c6e98888dc0c6f731a3d6235af5743ad3559ea47f0425fffe99d7f4a1b,7880.684,7880.1,3655,exact-open-set-id-v2,1788256781393709552,127,127,2049,16464,7352dd38cf5fb145f3a44cc6c2ca6faf59b1488c007cffb0259728b3c6396e73,5.878,,False,,0,,True,True,True,False,-784.9,0.9094171956145413,0.09058280438545874,-785.058,0.9094067190091742
60,initial,2,31092032,measured,True,8,758,1680,primary_test_impostor,0,A38_A33,3,45,1038,1,True,45,46,1e7c9591e8ccd881198225f3dd1ca571b3cc88654f52c21ff2aec0b63e84e117,32840,9c4ce4d1ac5e081ccc9cf3364380a415c116fa343d2c70369ab5bb095e029c93,6.164,0.48,9c4ce4d1ac5e081ccc9cf3364380a415c116fa343d2c70369ab5bb095e029c93,8222.893,8221.5,4273,exact-open-set-id-v2,1788256785619520848,127,127,2049,16464,f743195c50391d577f0ab39081e916747c2448f14735acc7f10f05c089745833,5.356,,True,45,46,digiface-45-1038,9c4ce4d1ac5e081ccc9cf3364380a415c116fa343d2c70369ab5bb095e029c93,7193.196,7192.6,3655,exact-open-set-id-v2,1788256781393709552,127,127,2049,16464,68bbdfe691c58accbc823ffaa08edfd58a5bd93a65cb462b02b55870a972e77d,5.183,,True,45,46,digiface-45-1038,True,True,True,False,-1028.9,0.8748525208295324,0.12514747917046765,-1029.697,0.8747767969253644
61,initial,2,31092032,measured,True,9,407,1364,tuning_impostor,0,A38_A33,7,81,1070,0,False,,0,31fba9477eb761f1177784dc65a9e1e7f00a6c87003afb8d4b505518110addf5,32840,f9796ecd1af7fc630b1a4f056cd874dd70b1405972c6fe25b448255524cb069a,5.784,0.51,f9796ecd1af7fc630b1a4f056cd874dd70b1405972c6fe25b448255524cb069a,7818.106,7816.7,4273,exact-open-set-id-v2,1788256785619520848,127,127,2049,16464,b6dba04fe41d01a2667a7254f56c992c6393d2729c39b7014f54c921d74127bb,5.225,,False,,0,,f9796ecd1af7fc630b1a4f056cd874dd70b1405972c6fe25b448255524cb069a,6797.913,6796.3,3655,exact-open-set-id-v2,1788256781393709552,127,127,2049,16464,f70104b4b11a607116cb7cc4c70014e4b9b830f81cd0c71db5e8062ba9bb36d2,6.264,,False,,0,,True,True,True,False,-1020.4,0.8694589788529686,0.13054102114703137,-1020.193,0.8695089322145286
62,initial,2,31092032,measured,True,10,1943,948,extended_holdout_non_tuning_impostor,0,A33_A38,5,82,1071,0,False,,0,add2ff51ca22b6e67272dea2a67a95ad527c0ad02a1ab15b9abea8f3a286c8a5,32840,7a6189d95ec94320298c4a1144b96002413983a6fdede22ed557c024f0bb19f6,5.621,0.44,7a6189d95ec94320298c4a1144b96002413983a6fdede22ed557c024f0bb19f6,7660.604,7659.7,4273,exact-open-set-id-v2,1788256785619520848,127,127,2049,16464,c61ea716f349a8537a04368d95cb9389bbfbe2f0e11b833ffa45c40494f8a123,5.404,,False,,0,,7a6189d95ec94320298c4a1144b96002413983a6fdede22ed557c024f0bb19f6,6939.939,6939.4,3655,exact-open-set-id-v2,1788256781393709552,127,127,2049,16464,d7dc7893f27e39ed0f2923755697452387ec09cdd4d702f4d9f805f13d0c0b07,6.057,,False,,0,,True,True,True,False,-720.3,0.9059623745055289,0.09403762549447114,-720.665,0.9059258251699214
63,initial,2,31092032,measured,True,11,407,1364,tuning_impostor,3,A38_A33,7,81,1070,0,False,,0,31fba9477eb761f1177784dc65a9e1e7f00a6c87003afb8d4b505518110addf5,32840,d159b31ff1485c56996bc94d0baef0533dc7601fc95e04c564b8e28839799ded,5.675,0.43,d159b31ff1485c56996bc94d0baef0533dc7601fc95e04c564b8e28839799ded,8908.982,8908.5,4273,exact-open-set-id-v2,1788256785619520848,127,127,2049,16464,6d2529bb62cbd837a88d0333469375feee94e311fb6d2ec9b3c5a0edee8ec825,6.281,,False,,0,,d159b31ff1485c56996bc94d0baef0533dc7601fc95e04c564b8e28839799ded,6834.425,6833.9,3655,exact-open-set-id-v2,1788256781393709552,127,127,2049,16464,29d814ba839d282277c2a0721a6c3ad4d2f5918ccd6c5ea3aa0b7aec19678de5,6.705,,False,,0,,True,True,True,False,-2074.6,0.7671212886569007,0.23287871134309934,-2074.557,0.7671387146140828
64,initial,2,31092032,measured,True,12,758,1680,primary_test_impostor,3,A33_A38,3,45,1038,1,True,45,46,1e7c9591e8ccd881198225f3dd1ca571b3cc88654f52c21ff2aec0b63e84e117,32840,bb8f4b9981f69fd2c2cf0aa2c0df80a84b87077fcafef7dac8032bae68094d08,5.993,0.44,bb8f4b9981f69fd2c2cf0aa2c0df80a84b87077fcafef7dac8032bae68094d08,9196.736,9195.8,4273,exact-open-set-id-v2,1788256785619520848,127,127,2049,16464,426a5f841dc07f211a5b58620f96fa46c227441f726fb451737a08f6d321a337,6.41,,True,45,46,digiface-45-1038,bb8f4b9981f69fd2c2cf0aa2c0df80a84b87077fcafef7dac8032bae68094d08,7733.433,7732.6,3655,exact-open-set-id-v2,1788256781393709552,127,127,2049,16464,55a75810072b89eadc29daa5e46dfbe8aa627721721fcc3151b510d61688ad92,6.327,,True,45,46,digiface-45-1038,True,True,True,False,-1463.2,0.8408838817721135,0.15911611822788652,-1463.303,0.840888876227392
65,initial,2,31092032,measured,True,13,211,1188,tuning_impostor,1,A38_A33,4,92,1080,1,True,92,93,e88524fbe5a2eb68f8ceeb77aacc14b6788fbc428b2e3445702f6e613663a082,32840,8a7606678c8dd25dceb3512f8e7987460c487f442f7da39cf182aebb08ab1b43,5.618,0.43,8a7606678c8dd25dceb3512f8e7987460c487f442f7da39cf182aebb08ab1b43,8347.44,8346.8,4273,exact-open-set-id-v2,1788256785619520848,127,127,2049,16464,ac1382c3a8fc1dfda03a06bf748bcc4cecc2f75b9884b634124a324aabb464f5,5.152,,True,92,93,digiface-92-1080,8a7606678c8dd25dceb3512f8e7987460c487f442f7da39cf182aebb08ab1b43,7570.463,7569.7,3655,exact-open-set-id-v2,1788256781393709552,127,127,2049,16464,aa60cca872fc93d054a17ded832cc2921342cd04747cc49ed5c0e3f8dd214551,5.184,,True,92,93,digiface-92-1080,True,True,True,False,-777.1,0.9068984521014042,0.09310154789859582,-776.977,0.9069203252733772
66,initial,2,31092032,measured,True,14,407,1364,tuning_impostor,2,A33_A38,7,81,1070,0,False,,0,31fba9477eb761f1177784dc65a9e1e7f00a6c87003afb8d4b505518110addf5,32840,699a68ca202ecc93c00f794ef9835bb32e4a0c1c0de24636a4de42dde1c0bf3c,6.216,0.44,699a68ca202ecc93c00f794ef9835bb32e4a0c1c0de24636a4de42dde1c0bf3c,7715.776,7715.2,4273,exact-open-set-id-v2,1788256785619520848,127,127,2049,16464,572ccb6b6695f20af57f06ebbfcc913119b1ec7c1a994533cc1ac709b5a0e93b,5.617,,False,,0,,699a68ca202ecc93c00f794ef9835bb32e4a0c1c0de24636a4de42dde1c0bf3c,9962.347,9960.4,3655,exact-open-set-id-v2,1788256781393709552,127,127,2049,16464,558d8bc448a280fa5952e90a29dda23c798e054201b29939aa3d097a81f15f69,4.967,,False,,0,,True,True,True,False,2245.2,1.2910099543757776,-0.2910099543757776,2246.571,1.2911659177249313
67,initial,2,31092032,measured,True,15,265,1236,tuning_impostor,0,A33_A38,2,17,1012,1,True,17,18,69e2ed1f0e5bc65ca7205dffd093679d61db0bae33cb69fc2a75a03e7e0b8cd0,32840,85b60f9e647e503f9071493de680a67aef6c1dc66375e14648a45fd4f163891b,5.636,0.43,85b60f9e647e503f9071493de680a67aef6c1dc66375e14648a45fd4f163891b,13718.181,13715.6,4273,exact-open-set-id-v2,1788256785619520848,127,127,2049,16464,22b94bde7818ccb96afcdebdcb3aef308423e1ff346dba10b0ca70cfef89e763,5.312,,True,17,18,digiface-17-1012,85b60f9e647e503f9071493de680a67aef6c1dc66375e14648a45fd4f163891b,9177.23,9175.0,3655,exact-open-set-id-v2,1788256781393709552,127,127,2049,16464,04879ba21706353137eee132488d379ed7b00cee64692557ad1395655a2a4ac4,4.803,,True,17,18,digiface-17-1012,True,True,True,False,-4540.6,0.6689463093120243,0.33105369068797574,-4540.951,0.6689830087531283
68,initial,2,31092032,measured,True,16,265,1236,tuning_impostor,3,A38_A33,2,17,1012,1,True,17,18,69e2ed1f0e5bc65ca7205dffd093679d61db0bae33cb69fc2a75a03e7e0b8cd0,32840,e8cb7d417d9083a00872f66671b3736aa04bdee1519e7f0be412997e808aebab,5.561,0.43,e8cb7d417d9083a00872f66671b3736aa04bdee1519e7f0be412997e808aebab,9996.561,9994.9,4273,exact-open-set-id-v2,1788256785619520848,127,127,2049,16464,93b25dc9e5b6ecc39052ac04c9bb5b8ceac3178ab49b23a9c509211b909682b9,5.042,,True,17,18,digiface-17-1012,e8cb7d417d9083a00872f66671b3736aa04bdee1519e7f0be412997e808aebab,9523.11,9521.5,3655,exact-open-set-id-v2,1788256781393709552,127,127,2049,16464,40049dcf680d04fb340326ae6c5fdadace90a1cd15e3ee7247636a0203b8b814,5.107,,True,17,18,digiface-17-1012,True,True,True,False,-473.4,0.9526358442805831,0.04736415571941688,-473.451,0.9526386124188109
69,initial,2,31092032,measured,True,17,1943,948,extended_holdout_non_tuning_impostor,1,A38_A33,5,82,1071,0,False,,0,add2ff51ca22b6e67272dea2a67a95ad527c0ad02a1ab15b9abea8f3a286c8a5,32840,a8dfb8b2c2f2c660137c06628ba0b97a427250ea31288a399fd2762e016e36ba,5.891,0.43,a8dfb8b2c2f2c660137c06628ba0b97a427250ea31288a399fd2762e016e36ba,8373.44,8372.3,4273,exact-open-set-id-v2,1788256785619520848,127,127,2049,16464,798185cf95a18dcf35b475fe898c38cce1920cb7699e93f795319ddf232c0995,6.084,,False,,0,,a8dfb8b2c2f2c660137c06628ba0b97a427250ea31288a399fd2762e016e36ba,7833.354,7831.9,3655,exact-open-set-id-v2,1788256781393709552,127,127,2049,16464,1c46d1b276a9a6ba1230983bf78142a72c2df69310ccd3b30653655c8ad9ff4d,5.015,,False,,0,,True,True,True,False,-540.4,0.9354538179472786,0.06454618205272145,-540.086,0.9355001050942026
70,initial,2,31092032,measured,True,18,758,1680,primary_test_impostor,2,A38_A33,3,45,1038,1,True,45,46,1e7c9591e8ccd881198225f3dd1ca571b3cc88654f52c21ff2aec0b63e84e117,32840,7cedf378433051b4e914c2a2341cba9ddffbadb821be0bc5847c7ec7905e76a7,6.229,0.52,7cedf378433051b4e914c2a2341cba9ddffbadb821be0bc5847c7ec7905e76a7,8152.322,8150.7,4273,exact-open-set-id-v2,1788256785619520848,127,127,2049,16464,d07cfbedb512fafc22415f403ce17edb28659ad78226ab8c9a2e9246c2980059,5.786,,True,45,46,digiface-45-1038,7cedf378433051b4e914c2a2341cba9ddffbadb821be0bc5847c7ec7905e76a7,6933.516,6932.1,3655,exact-open-set-id-v2,1788256781393709552,127,127,2049,16464,2d02237babb505076b25490077b8efc69a7cd159cf45e53b521e9136ac92cae1,5.075,,True,45,46,digiface-45-1038,True,True,True,False,-1218.6,0.8504913688394863,0.14950863116051372,-1218.806,0.8504958464594504
71,initial,2,31092032,measured,True,19,1943,948,extended_holdout_non_tuning_impostor,3,A33_A38,5,82,1071,0,False,,0,add2ff51ca22b6e67272dea2a67a95ad527c0ad02a1ab15b9abea8f3a286c8a5,32840,a56f3c0856e270ce3051f518d4559a3312a7d44da403ee590d2fc60f8b7c2821,6.472,0.46,a56f3c0856e270ce3051f518d4559a3312a7d44da403ee590d2fc60f8b7c2821,9476.464,9475.2,4273,exact-open-set-id-v2,1788256785619520848,127,127,2049,16464,93475a3fd52da461c0ab0d8cdcaa4f4de8825ed72a3b56f18bf7722e6ab675e0,5.637,,False,,0,,a56f3c0856e270ce3051f518d4559a3312a7d44da403ee590d2fc60f8b7c2821,8395.147,8393.9,3655,exact-open-set-id-v2,1788256781393709552,127,127,2049,16464,199f58ea7eabfea01a60d9163ef6ab0bd7936dfa5ca8cd45bc3d10e2737c517d,5.368,,False,,0,,True,True,True,False,-1081.3,0.8858810368118878,0.11411896318811221,-1081.317,0.8858944644331473
72,extension,3,32092035,warmup,False,0,265,1236,tuning_impostor,0,A38_A33,2,17,1012,1,True,17,18,69e2ed1f0e5bc65ca7205dffd093679d61db0bae33cb69fc2a75a03e7e0b8cd0,32840,b62367e15ddf2ceaaaff2e166f91ae88dbbee03917159e97c837ee3c254776ec,7.946,0.58,b62367e15ddf2ceaaaff2e166f91ae88dbbee03917159e97c837ee3c254776ec,9064.124,9063.3,4273,exact-open-set-id-v2,1788246790357032640,127,127,2049,16464,a8589357435a3ff9032bd2b34c3739cb72ea67ba46e8ccd3007c46aa4584501c,5.741,,True,17,18,digiface-17-1012,b62367e15ddf2ceaaaff2e166f91ae88dbbee03917159e97c837ee3c254776ec,7905.334,7904.8,3655,exact-open-set-id-v2,1788246691505234832,127,127,2049,16464,e3f9bf225ccbc04eaf49cfec4e7015acfc44b5bc6958dc8201c481811cc276e6,6.001,,True,17,18,digiface-17-1012,True,True,True,False,-1158.5,0.8721768009444685,0.12782319905553152,-1158.79,0.872156426809695
73,extension,3,32092035,warmup,False,1,758,1680,primary_test_impostor,0,A33_A38,3,45,1038,1,True,45,46,1e7c9591e8ccd881198225f3dd1ca571b3cc88654f52c21ff2aec0b63e84e117,32840,7445fb7c13e8f273f9dfbb179b079ebf864cab7cd71e8b155ece4fb80673a481,6.078,0.44,7445fb7c13e8f273f9dfbb179b079ebf864cab7cd71e8b155ece4fb80673a481,9069.072,9068.1,4273,exact-open-set-id-v2,1788246790357032640,127,127,2049,16464,3f93f6ad7a64b3ba660cf88d0ee3e36b42dcb5c3f1271e976a01cc87be8d7941,5.753,,True,45,46,digiface-45-1038,7445fb7c13e8f273f9dfbb179b079ebf864cab7cd71e8b155ece4fb80673a481,7137.145,7136.3,3655,exact-open-set-id-v2,1788246691505234832,127,127,2049,16464,4db33e1f69aaf8c87ac23c880e8a4052e368a53940d055a4d23d2d8ef185fa6e,5.046,,True,45,46,digiface-45-1038,True,True,True,False,-1931.8,0.786967501461166,0.213032498538834,-1931.927,0.7869763301030139
74,extension,3,32092035,warmup,False,2,211,1188,tuning_impostor,0,A38_A33,4,92,1080,1,True,92,93,e88524fbe5a2eb68f8ceeb77aacc14b6788fbc428b2e3445702f6e613663a082,32840,7fc497d26270d7fa61d07f48f26f7e01a8782ca9ff4ee62a8e4a0c9e8edaa488,5.623,0.47,7fc497d26270d7fa61d07f48f26f7e01a8782ca9ff4ee62a8e4a0c9e8edaa488,8398.65,8397.8,4273,exact-open-set-id-v2,1788246790357032640,127,127,2049,16464,5875fb8f47896a11b60d2e6c55c7c481c42d7cb86f75d680fb0272077563c065,5.371,,True,92,93,digiface-92-1080,7fc497d26270d7fa61d07f48f26f7e01a8782ca9ff4ee62a8e4a0c9e8edaa488,7441.503,7440.7,3655,exact-open-set-id-v2,1788246691505234832,127,127,2049,16464,8f1c929fe68d492d5ffa093bf8a461102dcb6b9ff3c668ad12f0431a2dfe64c2,5.399,,True,92,93,digiface-92-1080,True,True,True,False,-957.1,0.8860296744385435,0.11397032556145648,-957.147,0.8860356128663536
75,extension,3,32092035,warmup,False,3,1943,948,extended_holdout_non_tuning_impostor,0,A33_A38,5,82,1071,0,False,,0,add2ff51ca22b6e67272dea2a67a95ad527c0ad02a1ab15b9abea8f3a286c8a5,32840,a271b40df1390d8229c461b4eb27477dc0fbdba71f3e4d872ab31fd23f1b60b6,5.371,0.39,a271b40df1390d8229c461b4eb27477dc0fbdba71f3e4d872ab31fd23f1b60b6,8275.565,8274.5,4273,exact-open-set-id-v2,1788246790357032640,127,127,2049,16464,bc91ef660639420580d1e05c724bfc88f1b555d240a08d28960727bbea0e62b4,5.607,,False,,0,,a271b40df1390d8229c461b4eb27477dc0fbdba71f3e4d872ab31fd23f1b60b6,7704.711,7703.9,3655,exact-open-set-id-v2,1788246691505234832,127,127,2049,16464,41cf73d1469230ada6d2594222fc7d6248c205944bd0585fd723753b1c087f52,5.594,,False,,0,,True,True,True,False,-570.6,0.9310411505226901,0.0689588494773099,-570.854,0.9310193322147793
76,extension,3,32092035,measured,True,0,407,1364,tuning_impostor,3,A38_A33,7,81,1070,0,False,,0,31fba9477eb761f1177784dc65a9e1e7f00a6c87003afb8d4b505518110addf5,32840,4bdceabe842ba4719e8eb78b041e6d138d22fdf833a2fd0f5eca7c2051ee83e4,5.657,0.45,4bdceabe842ba4719e8eb78b041e6d138d22fdf833a2fd0f5eca7c2051ee83e4,8633.158,8632.3,4273,exact-open-set-id-v2,1788246790357032640,127,127,2049,16464,6799c0a01e5b92491061f336d85d8d1deee7fa17e823ac3374d69ae968370c8d,5.448,,False,,0,,4bdceabe842ba4719e8eb78b041e6d138d22fdf833a2fd0f5eca7c2051ee83e4,6863.759,6863.1,3655,exact-open-set-id-v2,1788246691505234832,127,127,2049,16464,f9f1a6d13c4b9a89c15877d405fca5fc064d6b65a8065383374180cc8d67201e,5.404,,False,,0,,True,True,True,False,-1769.2,0.795048828238129,0.20495117176187105,-1769.399,0.7950461464970293
77,extension,3,32092035,measured,True,1,265,1236,tuning_impostor,2,A38_A33,2,17,1012,1,True,17,18,69e2ed1f0e5bc65ca7205dffd093679d61db0bae33cb69fc2a75a03e7e0b8cd0,32840,e6dd913145e785dbce8cd8bc1bd24e7e8bbc8ac014e700e21093bfb818d5bda9,5.701,0.43,e6dd913145e785dbce8cd8bc1bd24e7e8bbc8ac014e700e21093bfb818d5bda9,9776.126,9774.9,4273,exact-open-set-id-v2,1788246790357032640,127,127,2049,16464,8d339692af905eedb4b9712a9dd3d72e35ca985eb069c2c75edb6199e7dea966,6.577,,True,17,18,digiface-17-1012,e6dd913145e785dbce8cd8bc1bd24e7e8bbc8ac014e700e21093bfb818d5bda9,7621.122,7620.4,3655,exact-open-set-id-v2,1788246691505234832,127,127,2049,16464,a7573e32fd6b424263786f7e75cd2179f94a465a33cb20065760e74aa1c1f867,5.346,,True,17,18,digiface-17-1012,True,True,True,False,-2154.5,0.7795885379901585,0.22041146200984152,-2155.004,0.7795646250876881
78,extension,3,32092035,measured,True,2,211,1188,tuning_impostor,2,A38_A33,4,92,1080,1,True,92,93,e88524fbe5a2eb68f8ceeb77aacc14b6788fbc428b2e3445702f6e613663a082,32840,802a538401041a91a3923961337527b2f6ec8604bbd27bd6b1b6432102e20540,5.831,0.51,802a538401041a91a3923961337527b2f6ec8604bbd27bd6b1b6432102e20540,10661.924,10661.3,4273,exact-open-set-id-v2,1788246790357032640,127,127,2049,16464,d1465a13c096ddb20a77d0515c607a6b4d3e1426440fafabe242933cc993e566,5.322,,True,92,93,digiface-92-1080,802a538401041a91a3923961337527b2f6ec8604bbd27bd6b1b6432102e20540,8381.997,8381.1,3655,exact-open-set-id-v2,1788246691505234832,127,127,2049,16464,3b1de2c2361f68751e0727038fa3c53c9998560e6b64cbb90193b18d43af0aa8,5.685,,True,92,93,digiface-92-1080,True,True,True,False,-2280.2,0.7861236434581149,0.21387635654188508,-2279.927,0.7861617659251744
79,extension,3,32092035,measured,True,3,407,1364,tuning_impostor,2,A38_A33,7,81,1070,0,False,,0,31fba9477eb761f1177784dc65a9e1e7f00a6c87003afb8d4b505518110addf5,32840,480cdbfa050da3eace4225be8110ba7487e528d8766c83e90ab6cf723a66669c,6.007,0.44,480cdbfa050da3eace4225be8110ba7487e528d8766c83e90ab6cf723a66669c,7994.069,7993.3,4273,exact-open-set-id-v2,1788246790357032640,127,127,2049,16464,6d940f943429c37d79c0b7cb2388e32c934bbbc6842a7587ef5e950cadbfe68f,6.409,,False,,0,,480cdbfa050da3eace4225be8110ba7487e528d8766c83e90ab6cf723a66669c,6957.211,6956.6,3655,exact-open-set-id-v2,1788246691505234832,127,127,2049,16464,0ab7afe0764d32b8e051044ef613f10089039d140c24a64800eca86f485e6b8b,5.256,,False,,0,,True,True,True,False,-1036.7,0.8703038794990805,0.1296961205009195,-1036.858,0.8702965911352529
80,extension,3,32092035,measured,True,4,758,1680,primary_test_impostor,0,A33_A38,3,45,1038,1,True,45,46,1e7c9591e8ccd881198225f3dd1ca571b3cc88654f52c21ff2aec0b63e84e117,32840,95b329cd6dc90d693841dd550e678367c9b0c99377485683547b8d817894d30b,5.427,0.38,95b329cd6dc90d693841dd550e678367c9b0c99377485683547b8d817894d30b,10639.14,10638.5,4273,exact-open-set-id-v2,1788246790357032640,127,127,2049,16464,ed25d1cd649f0336cc543f236d22abc7a5590595cac0339d400ca82dfdb50739,5.894,,True,45,46,digiface-45-1038,95b329cd6dc90d693841dd550e678367c9b0c99377485683547b8d817894d30b,10324.837,10323.9,3655,exact-open-set-id-v2,1788246691505234832,127,127,2049,16464,85ae77bc8f86aae5ea0ad6990130024fccdd4b8421562ae64b1dc07a1dc86f4a,5.206,,True,45,46,digiface-45-1038,True,True,True,False,-314.6,0.9704281618649245,0.029571838135075468,-314.303,0.9704578565560751
81,extension,3,32092035,measured,True,5,758,1680,primary_test_impostor,1,A33_A38,3,45,1038,1,True,45,46,1e7c9591e8ccd881198225f3dd1ca571b3cc88654f52c21ff2aec0b63e84e117,32840,5790613d7103fc95646c156e415d64d28bd7c9e8282d46ac76490d6a9046ec6f,5.411,0.4,5790613d7103fc95646c156e415d64d28bd7c9e8282d46ac76490d6a9046ec6f,11190.798,11189.2,4273,exact-open-set-id-v2,1788246790357032640,127,127,2049,16464,c78d728f07eb5919d2e96a71b7b1b13feba86ecc3d07cbf4ae10d1f07ad5d0c0,5.725,,True,45,46,digiface-45-1038,5790613d7103fc95646c156e415d64d28bd7c9e8282d46ac76490d6a9046ec6f,9252.698,9251.2,3655,exact-open-set-id-v2,1788246691505234832,127,127,2049,16464,c56e1ea972b9822a5cf76bd6c3a44e41794cdbe3c61dbe6d8f514661331072bb,6.065,,True,45,46,digiface-45-1038,True,True,True,False,-1938.0,0.8267972687949093,0.17320273120509067,-1938.1,0.8268130655204392
82,extension,3,32092035,measured,True,6,211,1188,tuning_impostor,3,A33_A38,4,92,1080,1,True,92,93,e88524fbe5a2eb68f8ceeb77aacc14b6788fbc428b2e3445702f6e613663a082,32840,5f2548a64e2d9a8b77751b907d1811b53b1016e296c63abe3b05848cea3651a5,5.668,0.43,5f2548a64e2d9a8b77751b907d1811b53b1016e296c63abe3b05848cea3651a5,9909.846,9908.7,4273,exact-open-set-id-v2,1788246790357032640,127,127,2049,16464,36e9e0054e6249ad43d67cb08d66d11abed62c53bd1bd3e6b486fb513e5e614d,5.308,,True,92,93,digiface-92-1080,5f2548a64e2d9a8b77751b907d1811b53b1016e296c63abe3b05848cea3651a5,7884.376,7883.0,3655,exact-open-set-id-v2,1788246691505234832,127,127,2049,16464,10988e7662d1e6c4c28e18325411b304d8f035a61e9d131c5bf5618fbe112382,5.596,,True,92,93,digiface-92-1080,True,True,True,False,-2025.7,0.7955634947066719,0.20443650529332813,-2025.47,0.795610345508901
83,extension,3,32092035,measured,True,7,211,1188,tuning_impostor,0,A38_A33,4,92,1080,1,True,92,93,e88524fbe5a2eb68f8ceeb77aacc14b6788fbc428b2e3445702f6e613663a082,32840,7d184628445600d856f07242509de4da9f0a9c2aab9d0a7bd5790e617a922bbe,10.411,0.45,7d184628445600d856f07242509de4da9f0a9c2aab9d0a7bd5790e617a922bbe,8989.742,8988.3,4273,exact-open-set-id-v2,1788246790357032640,127,127,2049,16464,80fac137dd023b1a709785118ea230f2d5bdd2df18af771d0f0108679fe57e72,5.18,,True,92,93,digiface-92-1080,7d184628445600d856f07242509de4da9f0a9c2aab9d0a7bd5790e617a922bbe,8362.09,8360.9,3655,exact-open-set-id-v2,1788246691505234832,127,127,2049,16464,2fd141784a6ca41d49ebc19d126e5ee4963e280802fa33a305e515a85b4e465d,5.511,,True,92,93,digiface-92-1080,True,True,True,False,-627.4,0.930198146479312,0.06980185352068802,-627.652,0.9301813110988058
84,extension,3,32092035,measured,True,8,265,1236,tuning_impostor,1,A38_A33,2,17,1012,1,True,17,18,69e2ed1f0e5bc65ca7205dffd093679d61db0bae33cb69fc2a75a03e7e0b8cd0,32840,3150c26c2e68afa1630b1b21fe6f6b26e3179c35d5eaa543c57894e87db7a807,7.956,0.46,3150c26c2e68afa1630b1b21fe6f6b26e3179c35d5eaa543c57894e87db7a807,8223.052,8220.6,4273,exact-open-set-id-v2,1788246790357032640,127,127,2049,16464,702bf5f02a0228002e90230eb81dc56e4b84880730654a7518032a36c1def93e,5.324,,True,17,18,digiface-17-1012,3150c26c2e68afa1630b1b21fe6f6b26e3179c35d5eaa543c57894e87db7a807,7149.47,7148.4,3655,exact-open-set-id-v2,1788246691505234832,127,127,2049,16464,02f63eefb8c11d907d57dab278feffbc26e1042927f70473a7d69dc38dd06c5e,5.733,,True,17,18,digiface-17-1012,True,True,True,False,-1072.2,0.8695715641194073,0.13042843588059272,-1073.582,0.8694423919488774
85,extension,3,32092035,measured,True,9,1943,948,extended_holdout_non_tuning_impostor,1,A33_A38,5,82,1071,0,False,,0,add2ff51ca22b6e67272dea2a67a95ad527c0ad02a1ab15b9abea8f3a286c8a5,32840,00334a88ccfde5cf6f2d0dde49def79623118f786c4d0e7869f3cf42bf2fc934,5.894,0.52,00334a88ccfde5cf6f2d0dde49def79623118f786c4d0e7869f3cf42bf2fc934,7966.813,7965.9,4273,exact-open-set-id-v2,1788246790357032640,127,127,2049,16464,6a586cb9b3e7289c26a7a0ef18941f5c2ca23ae5411b4f7cb37e07fdce47e915,4.949,,False,,0,,00334a88ccfde5cf6f2d0dde49def79623118f786c4d0e7869f3cf42bf2fc934,7686.4,7685.1,3655,exact-open-set-id-v2,1788246691505234832,127,127,2049,16464,84bdc50927ff15cc79f8a71d75fc4148c3221e84cdbffea9cbd9dac0f5aa525c,5.247,,False,,0,,True,True,True,False,-280.8,0.9647497457914361,0.03525025420856387,-280.413,0.9648023619984553
86,extension,3,32092035,measured,True,10,265,1236,tuning_impostor,3,A33_A38,2,17,1012,1,True,17,18,69e2ed1f0e5bc65ca7205dffd093679d61db0bae33cb69fc2a75a03e7e0b8cd0,32840,c2f5e77f11aaf52316dfb0a073f7137b571519eec65b7e27194a07054ef52863,7.485,0.61,c2f5e77f11aaf52316dfb0a073f7137b571519eec65b7e27194a07054ef52863,9222.142,9221.4,4273,exact-open-set-id-v2,1788246790357032640,127,127,2049,16464,e3c70be437f9ce26e1f64bbb1229b150276918d017af67cff98d56b1cb909c12,4.98,,True,17,18,digiface-17-1012,c2f5e77f11aaf52316dfb0a073f7137b571519eec65b7e27194a07054ef52863,7370.356,7369.2,3655,exact-open-set-id-v2,1788246691505234832,127,127,2049,16464,daa75864da36fda50fdcf1511f30f1a0397130257a08ff1fb18e21fb6f6c9afa,5.026,,True,17,18,digiface-17-1012,True,True,True,False,-1852.2,0.7991411282451688,0.2008588717548312,-1851.786,0.7992021810117432
87,extension,3,32092035,measured,True,11,265,1236,tuning_impostor,0,A33_A38,2,17,1012,1,True,17,18,69e2ed1f0e5bc65ca7205dffd093679d61db0bae33cb69fc2a75a03e7e0b8cd0,32840,ad2629a9d7a181d3346360c048c0df74896151008e5ad7b85a87906454242786,6.321,0.43,ad2629a9d7a181d3346360c048c0df74896151008e5ad7b85a87906454242786,9058.135,9056.9,4273,exact-open-set-id-v2,1788246790357032640,127,127,2049,16464,d3ee2d005d13a9986be9609d3771654ba2ca7c7c8fb5edd10de66350f3780d79,5.056,,True,17,18,digiface-17-1012,ad2629a9d7a181d3346360c048c0df74896151008e5ad7b85a87906454242786,7021.597,7020.2,3655,exact-open-set-id-v2,1788246691505234832,127,127,2049,16464,012af6e8992ae15e37c0ce686b2f65b9eb08b61f2c548f56415a90dc7c934798,6.116,,True,17,18,digiface-17-1012,True,True,True,False,-2036.7,0.7751217303934017,0.2248782696065983,-2036.538,0.7751702751173393
88,extension,3,32092035,measured,True,12,211,1188,tuning_impostor,1,A33_A38,4,92,1080,1,True,92,93,e88524fbe5a2eb68f8ceeb77aacc14b6788fbc428b2e3445702f6e613663a082,32840,64ed73c760d1322e42078adabaa317af904220c403f0935faa84c86b18ec9862,6.588,0.51,64ed73c760d1322e42078adabaa317af904220c403f0935faa84c86b18ec9862,9710.089,9703.7,4273,exact-open-set-id-v2,1788246790357032640,127,127,2049,16464,b44b8a2b05785479ee4c03362de5abccac8e0287563ddd0d6add7f62fa87bd4d,5.139,,True,92,93,digiface-92-1080,64ed73c760d1322e42078adabaa317af904220c403f0935faa84c86b18ec9862,7664.346,7661.8,3655,exact-open-set-id-v2,1788246691505234832,127,127,2049,16464,d07c6372f0a08414e30eff017d899255b62f9bb5e98258ddd7a4c0594f4ef4fe,5.776,,True,92,93,digiface-92-1080,True,True,True,False,-2041.9,0.7895751105248513,0.2104248894751487,-2045.743,0.7893177910109783
89,extension,3,32092035,measured,True,13,407,1364,tuning_impostor,0,A33_A38,7,81,1070,0,False,,0,31fba9477eb761f1177784dc65a9e1e7f00a6c87003afb8d4b505518110addf5,32840,78f510550f0075a49494692edf297698424f642ffe3006fa7f6184b87c119740,6.761,0.74,78f510550f0075a49494692edf297698424f642ffe3006fa7f6184b87c119740,9533.217,9529.2,4273,exact-open-set-id-v2,1788246790357032640,127,127,2049,16464,4df143873fcaf69ef353f613938bc3e1b32919aa97a19c86dc3aa1b6ff5ac6ed,4.957,,False,,0,,78f510550f0075a49494692edf297698424f642ffe3006fa7f6184b87c119740,8754.627,8753.3,3655,exact-open-set-id-v2,1788246691505234832,127,127,2049,16464,387db39a438000c754fa54d528a52da1bf110dd7e2ca10e26c7a4de8757db81d,5.0,,False,,0,,True,True,True,False,-775.9,0.9185765856525205,0.08142341434747946,-778.59,0.9183287236616978
90,extension,3,32092035,measured,True,14,1943,948,extended_holdout_non_tuning_impostor,0,A38_A33,5,82,1071,0,False,,0,add2ff51ca22b6e67272dea2a67a95ad527c0ad02a1ab15b9abea8f3a286c8a5,32840,f0b5dab00ef0907e16b86b43850c1c3703f60a650da466b40575151f9ea3aa33,6.847,0.47,f0b5dab00ef0907e16b86b43850c1c3703f60a650da466b40575151f9ea3aa33,10587.558,10585.9,4273,exact-open-set-id-v2,1788246790357032640,127,127,2049,16464,3572823e64e4ab3bc18548ddcf619477175b529d23deaa59a81e6dea2d9ffd6c,4.968,,False,,0,,f0b5dab00ef0907e16b86b43850c1c3703f60a650da466b40575151f9ea3aa33,8488.078,8486.9,3655,exact-open-set-id-v2,1788246691505234832,127,127,2049,16464,d54eca069b69121ba38f6d11d6de2dc51ee8a486003768365cbed64873433b04,5.589,,False,,0,,True,True,True,False,-2099.0,0.8017173787774303,0.19828262122256968,-2099.48,0.8017030933856513
91,extension,3,32092035,measured,True,15,407,1364,tuning_impostor,1,A33_A38,7,81,1070,0,False,,0,31fba9477eb761f1177784dc65a9e1e7f00a6c87003afb8d4b505518110addf5,32840,aa90b74d9661b121376f7c1a3d714ce0cfd3e96bdfb908f382600f5e11c5f7f9,6.99,0.57,aa90b74d9661b121376f7c1a3d714ce0cfd3e96bdfb908f382600f5e11c5f7f9,11982.516,11980.0,4273,exact-open-set-id-v2,1788246790357032640,127,127,2049,16464,87e14ba98724c0c5051ed6be124aebd5190f9fc890835920a852f5a95d003574,5.008,,False,,0,,aa90b74d9661b121376f7c1a3d714ce0cfd3e96bdfb908f382600f5e11c5f7f9,9680.822,9679.4,3655,exact-open-set-id-v2,1788246691505234832,127,127,2049,16464,154f5231a9c6fd788f309f810a5137514b08918ecbfb205eb2c36e5755ef41b3,5.315,,False,,0,,True,True,True,False,-2300.6,0.8079632721202002,0.19203672787979975,-2301.694,0.8079122948803074
92,extension,3,32092035,measured,True,16,1943,948,extended_holdout_non_tuning_impostor,3,A33_A38,5,82,1071,0,False,,0,add2ff51ca22b6e67272dea2a67a95ad527c0ad02a1ab15b9abea8f3a286c8a5,32840,7c328323a4405725c4ceca6a1107b8d455242d7b0f79fd4c9b3a2e22f233b0ba,5.797,0.44,7c328323a4405725c4ceca6a1107b8d455242d7b0f79fd4c9b3a2e22f233b0ba,9622.335,9621.3,4273,exact-open-set-id-v2,1788246790357032640,127,127,2049,16464,5499beb6c912f05d4f074d7cae42c553a66d96fa2ede8623846f7d3e25d7a90c,5.192,,False,,0,,7c328323a4405725c4ceca6a1107b8d455242d7b0f79fd4c9b3a2e22f233b0ba,8245.741,8244.0,3655,exact-open-set-id-v2,1788246691505234832,127,127,2049,16464,6cc821b7d602f1b9c058c6198d3b2fa78a2d15153c4d80a014486279727df5e8,4.853,,False,,0,,True,True,True,False,-1377.3,0.8568488665772818,0.14315113342271824,-1376.594,0.8569376351997723
93,extension,3,32092035,measured,True,17,758,1680,primary_test_impostor,2,A38_A33,3,45,1038,1,True,45,46,1e7c9591e8ccd881198225f3dd1ca571b3cc88654f52c21ff2aec0b63e84e117,32840,4e3bc79d8fa18dbdcf3327b80b509ed903c2017476212dc27c6e0532cc570fda,5.706,0.48,4e3bc79d8fa18dbdcf3327b80b509ed903c2017476212dc27c6e0532cc570fda,12898.387,12897.7,4273,exact-open-set-id-v2,1788246790357032640,127,127,2049,16464,e64f0ebd8fac178d1df24969a6ca37570d397f44e881d5472985ca45d3d33078,5.972,,True,45,46,digiface-45-1038,4e3bc79d8fa18dbdcf3327b80b509ed903c2017476212dc27c6e0532cc570fda,7929.828,7929.3,3655,exact-open-set-id-v2,1788246691505234832,127,127,2049,16464,ce6de5904a111eaac5abdeeb4830e66bc192a02dd3f66f483cbb22e09bc263ab,4.853,,True,45,46,digiface-45-1038,True,True,True,False,-4968.4,0.6147840312613877,0.3852159687386123,-4968.559,0.614792221694077
94,extension,3,32092035,measured,True,18,1943,948,extended_holdout_non_tuning_impostor,2,A38_A33,5,82,1071,0,False,,0,add2ff51ca22b6e67272dea2a67a95ad527c0ad02a1ab15b9abea8f3a286c8a5,32840,b808ae95fb7d13b33c6bd6fa47e635e2b3fca223f9772da11fa1000d39cdca7f,5.901,0.47,b808ae95fb7d13b33c6bd6fa47e635e2b3fca223f9772da11fa1000d39cdca7f,10401.727,10400.8,4273,exact-open-set-id-v2,1788246790357032640,127,127,2049,16464,e27a1885309ac9d28dec265077581db95e071d95cf77045cd208e1dc7ac31050,5.054,,False,,0,,b808ae95fb7d13b33c6bd6fa47e635e2b3fca223f9772da11fa1000d39cdca7f,12183.357,12182.2,3655,exact-open-set-id-v2,1788246691505234832,127,127,2049,16464,703b3cdc0c87d2664bda9604f0018e482ce94ec4a248de6ba82b51616d1fb91b,6.043,,False,,0,,True,True,True,False,1781.4,1.171275286516422,-0.171275286516422,1781.63,1.171282134207137
95,extension,3,32092035,measured,True,19,758,1680,primary_test_impostor,3,A38_A33,3,45,1038,1,True,45,46,1e7c9591e8ccd881198225f3dd1ca571b3cc88654f52c21ff2aec0b63e84e117,32840,c6144ee45b1432742965879a212a65ed28a9060ba88241465ab81f80458b2b04,5.937,0.53,c6144ee45b1432742965879a212a65ed28a9060ba88241465ab81f80458b2b04,9812.031,9811.5,4273,exact-open-set-id-v2,1788246790357032640,127,127,2049,16464,1a1bbdbf29e51008ae2c7a4f677d27ad7894de9a90bbe3480bee08236417c6cb,5.256,,True,45,46,digiface-45-1038,c6144ee45b1432742965879a212a65ed28a9060ba88241465ab81f80458b2b04,8447.364,8446.8,3655,exact-open-set-id-v2,1788246691505234832,127,127,2049,16464,d6aedc4728971906e04681e0be11df3093120285b540ee5d4827acfdadddff30,5.005,,True,45,46,digiface-45-1038,True,True,True,False,-1364.7,0.8609081180247667,0.13909188197523326,-1364.667,0.8609190085110818
96,extension,4,33092038,warmup,False,0,265,1236,tuning_impostor,0,A33_A38,2,17,1012,1,True,17,18,69e2ed1f0e5bc65ca7205dffd093679d61db0bae33cb69fc2a75a03e7e0b8cd0,32840,31ac0fbdd00474560bbebbb85c743ff8b76f154c2c3c7cc22f3af306d44d023d,6.179,0.47,31ac0fbdd00474560bbebbb85c743ff8b76f154c2c3c7cc22f3af306d44d023d,9450.124,9449.7,4273,exact-open-set-id-v2,1788272376170003312,127,127,2049,16464,610512626ada1a51d01fe816f13b39e8d51f5931e29486ad3d11a43782b8903e,6.252,,True,17,18,digiface-17-1012,31ac0fbdd00474560bbebbb85c743ff8b76f154c2c3c7cc22f3af306d44d023d,8166.015,8165.5,3655,exact-open-set-id-v2,1788272509380952488,127,127,2049,16464,60361d2c54d4df1c94c2ae9911b8530476f8311a841ed91967a2dfa9f2faa6b4,5.158,,True,17,18,digiface-17-1012,True,True,True,False,-1284.2,0.8641015058679111,0.13589849413208888,-1284.109,0.8641172327474222
97,extension,4,33092038,warmup,False,1,758,1680,primary_test_impostor,0,A38_A33,3,45,1038,1,True,45,46,1e7c9591e8ccd881198225f3dd1ca571b3cc88654f52c21ff2aec0b63e84e117,32840,7489a610cc23d1ae151eff452a3373f7880e328525f4517ffd1ff475821648f1,5.753,0.43,7489a610cc23d1ae151eff452a3373f7880e328525f4517ffd1ff475821648f1,8660.443,8659.9,4273,exact-open-set-id-v2,1788272376170003312,127,127,2049,16464,9522b994b31982ebf8e5214ee765db45babcd1611041a3526ecd664dd5113e7b,5.089,,True,45,46,digiface-45-1038,7489a610cc23d1ae151eff452a3373f7880e328525f4517ffd1ff475821648f1,7104.099,7103.6,3655,exact-open-set-id-v2,1788272509380952488,127,127,2049,16464,12a0a76bd9a38780f16c0f259c142a9dcaabacfe31051769c99ef627032d88f7,5.247,,True,45,46,digiface-45-1038,True,True,True,False,-1556.3,0.8202866083903972,0.17971339160960276,-1556.344,0.8202927956456731
98,extension,4,33092038,warmup,False,2,211,1188,tuning_impostor,0,A33_A38,4,92,1080,1,True,92,93,e88524fbe5a2eb68f8ceeb77aacc14b6788fbc428b2e3445702f6e613663a082,32840,74b1a2a2ed68e2896b6c839d6433b62dfee9d4561c723c60714c0a48f6985bfd,5.481,0.47,74b1a2a2ed68e2896b6c839d6433b62dfee9d4561c723c60714c0a48f6985bfd,11338.377,11337.2,4273,exact-open-set-id-v2,1788272376170003312,127,127,2049,16464,55e1d91b25e51289fc1394921665df4377afd254d8732dbb40038c364080d794,5.87,,True,92,93,digiface-92-1080,74b1a2a2ed68e2896b6c839d6433b62dfee9d4561c723c60714c0a48f6985bfd,9489.174,9487.9,3655,exact-open-set-id-v2,1788272509380952488,127,127,2049,16464,d5cc9588bde82f6cf200ad03a484693b86c42739b027569f5a6d6ac156be6715,6.284,,True,92,93,digiface-92-1080,True,True,True,False,-1849.3,0.8368821225699467,0.16311787743005335,-1849.203,0.8369076103220064
99,extension,4,33092038,warmup,False,3,1943,948,extended_holdout_non_tuning_impostor,0,A38_A33,5,82,1071,0,False,,0,add2ff51ca22b6e67272dea2a67a95ad527c0ad02a1ab15b9abea8f3a286c8a5,32840,c1327c6d741293d370a70d6a1c3b5d11c8e50e71f7d481f38a0796f406ea9f8c,5.601,0.43,c1327c6d741293d370a70d6a1c3b5d11c8e50e71f7d481f38a0796f406ea9f8c,9287.961,9286.2,4273,exact-open-set-id-v2,1788272376170003312,127,127,2049,16464,4c10b970319934e2b47f5eb1209501ed34ad2f25344905de652f3f0dd9e65408,6.173,,False,,0,,c1327c6d741293d370a70d6a1c3b5d11c8e50e71f7d481f38a0796f406ea9f8c,10280.489,10279.0,3655,exact-open-set-id-v2,1788272509380952488,127,127,2049,16464,0759917716fd8e85d9133a7bf08865521e096c505e65db361f9884600da359db,5.211,,False,,0,,True,True,True,False,992.8,1.1069113307919278,-0.10691133079192783,992.528,1.106861775151726
100,extension,4,33092038,measured,True,0,1943,948,extended_holdout_non_tuning_impostor,2,A33_A38,5,82,1071,0,False,,0,add2ff51ca22b6e67272dea2a67a95ad527c0ad02a1ab15b9abea8f3a286c8a5,32840,3e428d3e6f7c93b74ac58af082af79cbf8bbe52ef636dea5dd769a54027b0223,6.054,0.45,3e428d3e6f7c93b74ac58af082af79cbf8bbe52ef636dea5dd769a54027b0223,9002.652,9001.4,4273,exact-open-set-id-v2,1788272376170003312,127,127,2049,16464,b33739cf7d656151bbe5cb6f8260e278d3b5124f0487709e731bde097e32dccd,5.809,,False,,0,,3e428d3e6f7c93b74ac58af082af79cbf8bbe52ef636dea5dd769a54027b0223,7346.541,7342.7,3655,exact-open-set-id-v2,1788272509380952488,127,127,2049,16464,ea8d6d312a3644d09d50c25662373887c922c2d0cff43587f090734ade28eee4,5.622,,False,,0,,True,True,True,False,-1658.7,0.8157286644299776,0.1842713355700224,-1656.111,0.8160418729947576
101,extension,4,33092038,measured,True,1,1943,948,extended_holdout_non_tuning_impostor,1,A38_A33,5,82,1071,0,False,,0,add2ff51ca22b6e67272dea2a67a95ad527c0ad02a1ab15b9abea8f3a286c8a5,32840,a9f75a3c1d5071bb34a64c24a0ddb7ec77a541f45d66e6ea0042208c66afdbf4,5.677,0.53,a9f75a3c1d5071bb34a64c24a0ddb7ec77a541f45d66e6ea0042208c66afdbf4,8072.692,8072.2,4273,exact-open-set-id-v2,1788272376170003312,127,127,2049,16464,d217ebaafaa6fc4f45d824b46a8d7183ee86b438f6b05abd24c9d61f14cc1ffd,5.709,,False,,0,,a9f75a3c1d5071bb34a64c24a0ddb7ec77a541f45d66e6ea0042208c66afdbf4,7902.711,7900.3,3655,exact-open-set-id-v2,1788272509380952488,127,127,2049,16464,f78b31daa6cbcf51338cc310c6ddd2c2e56453a1456464f8cb721707b8256cfc,5.509,,False,,0,,True,True,True,False,-171.9,0.9787046901712049,0.021295309828795128,-169.981,0.9789437030423062
102,extension,4,33092038,measured,True,2,265,1236,tuning_impostor,2,A38_A33,2,17,1012,1,True,17,18,69e2ed1f0e5bc65ca7205dffd093679d61db0bae33cb69fc2a75a03e7e0b8cd0,32840,9b5fa6b3a3eb104c68eddc5f74dba8107e27c9b74e3d71c62a31ee6ea75ed829,5.927,0.46,9b5fa6b3a3eb104c68eddc5f74dba8107e27c9b74e3d71c62a31ee6ea75ed829,10229.134,10227.9,4273,exact-open-set-id-v2,1788272376170003312,127,127,2049,16464,5746e210c26ac7f57840eccd004645e876e1b34c775c49dbb6ebe2a6fdb5dab7,5.567,,True,17,18,digiface-17-1012,9b5fa6b3a3eb104c68eddc5f74dba8107e27c9b74e3d71c62a31ee6ea75ed829,8952.646,8951.4,3655,exact-open-set-id-v2,1788272509380952488,127,127,2049,16464,17e57d1427a80c11fb5a752a9797d48c86a07c070a468d245e445707b2326f57,5.246,,True,17,18,digiface-17-1012,True,True,True,False,-1276.5,0.8751943214149532,0.12480567858504676,-1276.488,0.8752105505705566
103,extension,4,33092038,measured,True,3,407,1364,tuning_impostor,0,A38_A33,7,81,1070,0,False,,0,31fba9477eb761f1177784dc65a9e1e7f00a6c87003afb8d4b505518110addf5,32840,07a3b2e6145178fdcea8a81ad811f6de2c2a3c8dbc8852c89cb94961971dc5f2,5.851,0.44,07a3b2e6145178fdcea8a81ad811f6de2c2a3c8dbc8852c89cb94961971dc5f2,9429.34,9426.7,4273,exact-open-set-id-v2,1788272376170003312,127,127,2049,16464,8ef2413a4024491f1b8b7919f0391d4150925f2774615bda3bed23b769125e7d,5.808,,False,,0,,07a3b2e6145178fdcea8a81ad811f6de2c2a3c8dbc8852c89cb94961971dc5f2,8828.249,8826.8,3655,exact-open-set-id-v2,1788272509380952488,127,127,2049,16464,466fbccb80666d7812f91234ac2d0e559160c68c5c65f7598eee38743e9e57a6,4.887,,False,,0,,True,True,True,False,-599.9,0.9363616111682772,0.06363838883172279,-601.091,0.9362531205789588
104,extension,4,33092038,measured,True,4,265,1236,tuning_impostor,0,A38_A33,2,17,1012,1,True,17,18,69e2ed1f0e5bc65ca7205dffd093679d61db0bae33cb69fc2a75a03e7e0b8cd0,32840,e39ee6729f757d8a2b6b30a0e9ed7da06287a97770e360386a9aa724e208768a,5.882,0.5,e39ee6729f757d8a2b6b30a0e9ed7da06287a97770e360386a9aa724e208768a,10133.672,10132.4,4273,exact-open-set-id-v2,1788272376170003312,127,127,2049,16464,c913727af9e882606680acb556a5811d39f245200a4d924f28f134a727f5eca1,5.322,,True,17,18,digiface-17-1012,e39ee6729f757d8a2b6b30a0e9ed7da06287a97770e360386a9aa724e208768a,7783.992,7782.7,3655,exact-open-set-id-v2,1788272509380952488,127,127,2049,16464,c614f6a29be818dd5cdd9026060f35e0c17f8934815226b6e024c06bf9c891f7,5.675,,True,17,18,digiface-17-1012,True,True,True,False,-2349.7,0.7681003513481505,0.23189964865184953,-2349.68,0.7681314335020908
105,extension,4,33092038,measured,True,5,758,1680,primary_test_impostor,1,A33_A38,3,45,1038,1,True,45,46,1e7c9591e8ccd881198225f3dd1ca571b3cc88654f52c21ff2aec0b63e84e117,32840,e1b9a3a9201fea9f18f6acb1b34aa485dbe3cf4c21c01850d0aa5f60e62798b9,5.735,0.44,e1b9a3a9201fea9f18f6acb1b34aa485dbe3cf4c21c01850d0aa5f60e62798b9,9106.992,9105.8,4273,exact-open-set-id-v2,1788272376170003312,127,127,2049,16464,e1e60d43704e6e08131392e09a115daa3c864b9ea131f4c749ab2b954b411fcf,5.412,,True,45,46,digiface-45-1038,e1b9a3a9201fea9f18f6acb1b34aa485dbe3cf4c21c01850d0aa5f60e62798b9,7987.283,7986.0,3655,exact-open-set-id-v2,1788272509380952488,127,127,2049,16464,4c48668205b4cbaa36912c9f3629d9d5fc2395ec246961333852a5db57cbb9e6,5.106,,True,45,46,digiface-45-1038,True,True,True,False,-1119.8,0.8770234356124669,0.12297656438753313,-1119.709,0.8770495241458431
106,extension,4,33092038,measured,True,6,265,1236,tuning_impostor,1,A33_A38,2,17,1012,1,True,17,18,69e2ed1f0e5bc65ca7205dffd093679d61db0bae33cb69fc2a75a03e7e0b8cd0,32840,aa75c665df94cb2aa1c999356128a2effb0fc9e6d9413058428095385c9f3304,5.691,0.47,aa75c665df94cb2aa1c999356128a2effb0fc9e6d9413058428095385c9f3304,10047.531,10046.1,4273,exact-open-set-id-v2,1788272376170003312,127,127,2049,16464,8be7c675ae464fbb1cf2fa51f2708a79f3f5d0af78d84289f93a4d81f07533a6,5.446,,True,17,18,digiface-17-1012,aa75c665df94cb2aa1c999356128a2effb0fc9e6d9413058428095385c9f3304,11761.408,11759.9,3655,exact-open-set-id-v2,1788272509380952488,127,127,2049,16464,7259b66e365c4be1b543f0c87c48bcbbad6f8f9091d2ef77d8e0a7bb552e3df9,5.052,,True,17,18,digiface-17-1012,True,True,True,False,1713.8,1.1705935636714744,-0.17059356367147438,1713.877,1.1705769307902607
107,extension,4,33092038,measured,True,7,758,1680,primary_test_impostor,0,A33_A38,3,45,1038,1,True,45,46,1e7c9591e8ccd881198225f3dd1ca571b3cc88654f52c21ff2aec0b63e84e117,32840,205fe67a67be30afba5e68a7b607003127ce7427bfbe70b9e556c1054524a8a6,6.217,0.51,205fe67a67be30afba5e68a7b607003127ce7427bfbe70b9e556c1054524a8a6,11050.653,11048.7,4273,exact-open-set-id-v2,1788272376170003312,127,127,2049,16464,554f6cedf9bfebd1c5e8c62a19465e42cd08d16c12f3237c90cabedca7363a7d,9.25,,True,45,46,digiface-45-1038,205fe67a67be30afba5e68a7b607003127ce7427bfbe70b9e556c1054524a8a6,10101.223,10099.7,3655,exact-open-set-id-v2,1788272509380952488,127,127,2049,16464,ecb19102315ce7644f792031aed9b9f75de54732ca3a9d137dd617fe229c1f01,5.486,,True,45,46,digiface-45-1038,True,True,True,False,-949.0,0.9141075420637722,0.0858924579362278,-949.43,0.9140838102508512
108,extension,4,33092038,measured,True,8,407,1364,tuning_impostor,1,A33_A38,7,81,1070,0,False,,0,31fba9477eb761f1177784dc65a9e1e7f00a6c87003afb8d4b505518110addf5,32840,02e4e8d930104a4904d30774dc2a6d73e43cea5f11dafe72f4a53f3229bcc9f2,6.458,0.47,02e4e8d930104a4904d30774dc2a6d73e43cea5f11dafe72f4a53f3229bcc9f2,9099.937,9098.6,4273,exact-open-set-id-v2,1788272376170003312,127,127,2049,16464,e6b53396c7aeba7ee7cda626ce88c99405e9ab208ac999420d30c10a3c524cb4,4.96,,False,,0,,02e4e8d930104a4904d30774dc2a6d73e43cea5f11dafe72f4a53f3229bcc9f2,6977.678,6976.5,3655,exact-open-set-id-v2,1788272509380952488,127,127,2049,16464,6023cf84a1ee954b4a2c77cb950976327940c397672e577da21a22074319eebb,5.428,,False,,0,,True,True,True,False,-2122.1,0.7667663156969203,0.23323368430307967,-2122.259,0.7667831106962608
109,extension,4,33092038,measured,True,9,211,1188,tuning_impostor,2,A38_A33,4,92,1080,1,True,92,93,e88524fbe5a2eb68f8ceeb77aacc14b6788fbc428b2e3445702f6e613663a082,32840,d575c7e639730d6f4e164fd20d4de92bbf8e3ba754639b14efbe40c86321191b,6.741,0.65,d575c7e639730d6f4e164fd20d4de92bbf8e3ba754639b14efbe40c86321191b,9647.486,9646.3,4273,exact-open-set-id-v2,1788272376170003312,127,127,2049,16464,ab2d4bba6ab0a8b08c626dd9ee467c8f7b5d62fabcf0e52b4e1f04100fadf2c3,5.3,,True,92,93,digiface-92-1080,d575c7e639730d6f4e164fd20d4de92bbf8e3ba754639b14efbe40c86321191b,7617.052,7615.9,3655,exact-open-set-id-v2,1788272509380952488,127,127,2049,16464,28ff31b7535fdbd7dd89c55c67754d3b51bf695b497e77050a5fa9049eea6537,5.225,,True,92,93,digiface-92-1080,True,True,True,False,-2030.4,0.7895151508868685,0.21048484911313148,-2030.434,0.7895375023088915
110,extension,4,33092038,measured,True,10,1943,948,extended_holdout_non_tuning_impostor,0,A38_A33,5,82,1071,0,False,,0,add2ff51ca22b6e67272dea2a67a95ad527c0ad02a1ab15b9abea8f3a286c8a5,32840,740ac5b94a868472c75c1edb8f7baf68250ef56f626f57a4896776038ae8035f,6.336,0.46,740ac5b94a868472c75c1edb8f7baf68250ef56f626f57a4896776038ae8035f,8969.572,8968.4,4273,exact-open-set-id-v2,1788272376170003312,127,127,2049,16464,6fe283d3127b1d839839e15dfc1285d84c03dc6511ddc756abbdd6e6de3b8559,5.561,,False,,0,,740ac5b94a868472c75c1edb8f7baf68250ef56f626f57a4896776038ae8035f,7275.532,7271.2,3655,exact-open-set-id-v2,1788272509380952488,127,127,2049,16464,98b6672d8f6ee54e4633df192e649c7bd05c1bdaf1fd9cdafb8f7a5139e93409,5.231,,False,,0,,True,True,True,False,-1697.2,0.8107577717318586,0.1892422282681414,-1694.04,0.8111348010808097
111,extension,4,33092038,measured,True,11,758,1680,primary_test_impostor,3,A38_A33,3,45,1038,1,True,45,46,1e7c9591e8ccd881198225f3dd1ca571b3cc88654f52c21ff2aec0b63e84e117,32840,1ad83b1276320f2973aab2a2c8384ebb1e705755f22d5bf33260a038a4967e24,6.304,0.43,1ad83b1276320f2973aab2a2c8384ebb1e705755f22d5bf33260a038a4967e24,8264.441,8263.1,4273,exact-open-set-id-v2,1788272376170003312,127,127,2049,16464,51b6c9245d257da2f420b9cccf24174e0fb754146a3eb641c24d92706cc3bc1c,6.307,,True,45,46,digiface-45-1038,1ad83b1276320f2973aab2a2c8384ebb1e705755f22d5bf33260a038a4967e24,6988.935,6987.6,3655,exact-open-set-id-v2,1788272509380952488,127,127,2049,16464,87d43101a90995653389cc17782fe4fa315af07f7e404cdcb1a91d2378875b47,5.32,,True,45,46,digiface-45-1038,True,True,True,False,-1275.5,0.8456390458786655,0.15436095412133455,-1275.506,0.8456633667056247
112,extension,4,33092038,measured,True,12,758,1680,primary_test_impostor,2,A38_A33,3,45,1038,1,True,45,46,1e7c9591e8ccd881198225f3dd1ca571b3cc88654f52c21ff2aec0b63e84e117,32840,008f4ae15337873d38818c755adeccace4f47ea62471cb0045d8da7a0d521c01,6.108,0.46,008f4ae15337873d38818c755adeccace4f47ea62471cb0045d8da7a0d521c01,8356.864,8356.1,4273,exact-open-set-id-v2,1788272376170003312,127,127,2049,16464,08f1480ca56af910b6506102df39db7d89b273442237d05bd14b602406b0c74b,5.35,,True,45,46,digiface-45-1038,008f4ae15337873d38818c755adeccace4f47ea62471cb0045d8da7a0d521c01,7291.83,7290.7,3655,exact-open-set-id-v2,1788272509380952488,127,127,2049,16464,619e6c5e20044d283b94e2b676bc6efa14d3764e642100c90993dd003d439b60,6.112,,True,45,46,digiface-45-1038,True,True,True,False,-1065.4,0.8725003291008963,0.12749967089910375,-1065.034,0.8725557816903566
113,extension,4,33092038,measured,True,13,211,1188,tuning_impostor,0,A33_A38,4,92,1080,1,True,92,93,e88524fbe5a2eb68f8ceeb77aacc14b6788fbc428b2e3445702f6e613663a082,32840,a2d567a481bb8362631f8164e448a727e339db31941500e12b401165fbae8152,5.822,0.48,a2d567a481bb8362631f8164e448a727e339db31941500e12b401165fbae8152,8495.177,8494.6,4273,exact-open-set-id-v2,1788272376170003312,127,127,2049,16464,ece8eedfbfe8617b5422b3e30938e071ef6ed70fae4e750155ca3072e0c55243,5.395,,True,92,93,digiface-92-1080,a2d567a481bb8362631f8164e448a727e339db31941500e12b401165fbae8152,9573.689,9572.8,3655,exact-open-set-id-v2,1788272509380952488,127,127,2049,16464,b58201502ebe55e417fcc591602218ef134c5843fb736db79da93f423aaa215c,5.177,,True,92,93,digiface-92-1080,True,True,True,False,1078.2,1.126927695241683,-0.1269276952416829,1078.512,1.1269558009209226
114,extension,4,33092038,measured,True,14,1943,948,extended_holdout_non_tuning_impostor,3,A33_A38,5,82,1071,0,False,,0,add2ff51ca22b6e67272dea2a67a95ad527c0ad02a1ab15b9abea8f3a286c8a5,32840,57d77e90fc6da374f4f67adf6378a8910123d06c8f662ef6b0acce7760e4bd19,6.247,0.46,57d77e90fc6da374f4f67adf6378a8910123d06c8f662ef6b0acce7760e4bd19,9952.05,9950.8,4273,exact-open-set-id-v2,1788272376170003312,127,127,2049,16464,1fef74124f881e721c625780362594c5c4dc97a063ebf0a9a7a8cf8cc923206d,5.946,,False,,0,,57d77e90fc6da374f4f67adf6378a8910123d06c8f662ef6b0acce7760e4bd19,8299.258,8298.0,3655,exact-open-set-id-v2,1788272509380952488,127,127,2049,16464,73045b124857feade62b96e25a6040f29f1e19c9f1c3f5dba1291dec70d711ef,5.234,,False,,0,,True,True,True,False,-1652.8,0.8339028017847812,0.16609719821521884,-1652.792,0.8339244678232124
115,extension,4,33092038,measured,True,15,407,1364,tuning_impostor,3,A33_A38,7,81,1070,0,False,,0,31fba9477eb761f1177784dc65a9e1e7f00a6c87003afb8d4b505518110addf5,32840,7d7d27943ca42b9aec7b12e77559ae2eb60f656b323b74585f04b0cf834fe762,5.865,0.45,7d7d27943ca42b9aec7b12e77559ae2eb60f656b323b74585f04b0cf834fe762,13368.77,13367.7,4273,exact-open-set-id-v2,1788272376170003312,127,127,2049,16464,42c7b0ffd623c3847e22ae772cf81029686ccb4a6ea6447277a97b2ecc142213,5.444,,False,,0,,7d7d27943ca42b9aec7b12e77559ae2eb60f656b323b74585f04b0cf834fe762,9393.158,9392.2,3655,exact-open-set-id-v2,1788272509380952488,127,127,2049,16464,54e85a303de8533a671edc582e259016320696cde4568bbcef2aca0c1fa7527a,5.48,,False,,0,,True,True,True,False,-3975.5,0.7026040380918184,0.2973959619081816,-3975.612,0.7026194631218877
116,extension,4,33092038,measured,True,16,211,1188,tuning_impostor,1,A38_A33,4,92,1080,1,True,92,93,e88524fbe5a2eb68f8ceeb77aacc14b6788fbc428b2e3445702f6e613663a082,32840,50264039543c27b5851f5540f3ffcab3e8bcf3db88ffc512da4cd2bb08bde1fa,6.616,0.46,50264039543c27b5851f5540f3ffcab3e8bcf3db88ffc512da4cd2bb08bde1fa,9814.075,9813.6,4273,exact-open-set-id-v2,1788272376170003312,127,127,2049,16464,a999f83f285d6a5e50b4263ce35d8cf6bf82f4f44d97b80741aab44b2519157d,5.621,,True,92,93,digiface-92-1080,50264039543c27b5851f5540f3ffcab3e8bcf3db88ffc512da4cd2bb08bde1fa,7184.422,7183.8,3655,exact-open-set-id-v2,1788272509380952488,127,127,2049,16464,134a3e6e70fc5d3089d413e3762a90cafe58d124fc2f193c5b6af58a87ab9800,5.522,,True,92,93,digiface-92-1080,True,True,True,False,-2629.8,0.7320249449743214,0.26797505502567864,-2629.653,0.7320528934209285
117,extension,4,33092038,measured,True,17,265,1236,tuning_impostor,3,A33_A38,2,17,1012,1,True,17,18,69e2ed1f0e5bc65ca7205dffd093679d61db0bae33cb69fc2a75a03e7e0b8cd0,32840,6654b767750c1c7505235e2b700d175acedafd9e55ac69ffe7909d3646f897e8,6.114,0.46,6654b767750c1c7505235e2b700d175acedafd9e55ac69ffe7909d3646f897e8,9898.645,9897.5,4273,exact-open-set-id-v2,1788272376170003312,127,127,2049,16464,221b5591fad7f820899a86fbbec8cd4395e4eafcb5973012ab83aaba74362283,5.432,,True,17,18,digiface-17-1012,6654b767750c1c7505235e2b700d175acedafd9e55ac69ffe7909d3646f897e8,7914.935,7913.9,3655,exact-open-set-id-v2,1788272509380952488,127,127,2049,16464,754aee6826ef47098c82673a8d0e2266d55cae4575da718eab693327d415d780,5.039,,True,17,18,digiface-17-1012,True,True,True,False,-1983.6,0.7995857539782774,0.20041424602172264,-1983.71,0.7995978237425425
118,extension,4,33092038,measured,True,18,211,1188,tuning_impostor,3,A33_A38,4,92,1080,1,True,92,93,e88524fbe5a2eb68f8ceeb77aacc14b6788fbc428b2e3445702f6e613663a082,32840,d8c703c9442a0943777d3b625e6e59d123659f4f180a87c45cee0d5c3fb608cd,6.19,0.44,d8c703c9442a0943777d3b625e6e59d123659f4f180a87c45cee0d5c3fb608cd,10332.244,10331.3,4273,exact-open-set-id-v2,1788272376170003312,127,127,2049,16464,8b8309a0aaf580bbf1becd38b22c4c9f96862dc4d1643d85dbf5c6aac0e0b47d,5.654,,True,92,93,digiface-92-1080,d8c703c9442a0943777d3b625e6e59d123659f4f180a87c45cee0d5c3fb608cd,11986.487,11984.8,3655,exact-open-set-id-v2,1788272509380952488,127,127,2049,16464,c37132d7ea6b5e4bf536f989b9dd989109cca6365f20624d87800f2774e873c7,5.588,,True,92,93,digiface-92-1080,True,True,True,False,1653.5,1.1600476222740603,-0.16004762227406033,1654.243,1.1601049104144268
119,extension,4,33092038,measured,True,19,407,1364,tuning_impostor,2,A38_A33,7,81,1070,0,False,,0,31fba9477eb761f1177784dc65a9e1e7f00a6c87003afb8d4b505518110addf5,32840,9cf779ba1c54494bdff2fdaea54e006b4f308cd7672f6f923ec8eec07d30b14d,6.037,0.44,9cf779ba1c54494bdff2fdaea54e006b4f308cd7672f6f923ec8eec07d30b14d,15451.239,15449.0,4273,exact-open-set-id-v2,1788272376170003312,127,127,2049,16464,3a13c2b93615111e82c29e2cc84851e7b18f8ac118e6259eab906eeaa4b2253e,5.477,,False,,0,,9cf779ba1c54494bdff2fdaea54e006b4f308cd7672f6f923ec8eec07d30b14d,10959.037,10957.0,3655,exact-open-set-id-v2,1788272509380952488,127,127,2049,16464,4c49b76c22dc742b07fdb4fb39ecd135acdcb0f6ab8676793c4a4ee61a775746,4.986,,False,,0,,True,True,True,False,-4492.0,0.7092368438086607,0.2907631561913393,-4492.202,0.7092659041776521
120,extension,5,34092041,warmup,False,0,265,1236,tuning_impostor,0,A38_A33,2,17,1012,1,True,17,18,69e2ed1f0e5bc65ca7205dffd093679d61db0bae33cb69fc2a75a03e7e0b8cd0,32840,233e5c40b7cbbf6ea0853b5aea99b9045807c3a2bdc2d6623ecf640065527422,11.499,2.49,233e5c40b7cbbf6ea0853b5aea99b9045807c3a2bdc2d6623ecf640065527422,11460.6,11458.9,4273,exact-open-set-id-v2,1788267463288395904,127,127,2049,16464,97afd41b015a5d3a63211f69bdc2ac68a609f79319d027eaf41f9c0439219f8b,5.996,,True,17,18,digiface-17-1012,233e5c40b7cbbf6ea0853b5aea99b9045807c3a2bdc2d6623ecf640065527422,11158.339,11157.8,3655,exact-open-set-id-v2,1788267484691100384,127,127,2049,16464,7fb63a8db978c2ebc81b720ba537c11a846a6ca7bea27c5f58fe68e24beb48b6,5.121,,True,17,18,digiface-17-1012,True,True,True,False,-301.1,0.9737234813114697,0.026276518688530315,-302.261,0.9736260754236252
121,extension,5,34092041,warmup,False,1,758,1680,primary_test_impostor,0,A33_A38,3,45,1038,1,True,45,46,1e7c9591e8ccd881198225f3dd1ca571b3cc88654f52c21ff2aec0b63e84e117,32840,729c2f146eeadb0ae088f5dee8664a7bc91ca937b6bfa6267cdca3af3cc23b8f,8.38,0.52,729c2f146eeadb0ae088f5dee8664a7bc91ca937b6bfa6267cdca3af3cc23b8f,10170.278,10168.8,4273,exact-open-set-id-v2,1788267463288395904,127,127,2049,16464,317fe9c6d6a269341004c2b08bc24ec0a58b20bc93a768e993f44f47941fafff,5.407,,True,45,46,digiface-45-1038,729c2f146eeadb0ae088f5dee8664a7bc91ca937b6bfa6267cdca3af3cc23b8f,8528.46,8526.8,3655,exact-open-set-id-v2,1788267484691100384,127,127,2049,16464,24b830b13b7a01a735c93fc5c6d4a66b095a2bccfc38c135cdbd9ea4c9238edd,5.311,,True,45,46,digiface-45-1038,True,True,True,False,-1642.0,0.8385256864133428,0.1614743135866572,-1641.818,0.8385670480197296
122,extension,5,34092041,warmup,False,2,211,1188,tuning_impostor,0,A38_A33,4,92,1080,1,True,92,93,e88524fbe5a2eb68f8ceeb77aacc14b6788fbc428b2e3445702f6e613663a082,32840,acf0e26de90f4a96faa5419742c0ea04f6a9a7b1c6647622df38f10cdffdf508,8.936,0.48,acf0e26de90f4a96faa5419742c0ea04f6a9a7b1c6647622df38f10cdffdf508,10358.329,10356.9,4273,exact-open-set-id-v2,1788267463288395904,127,127,2049,16464,8aa69e376163d38b79475f210558d8ad81567354dd1f40e6b60c276326563068,5.287,,True,92,93,digiface-92-1080,acf0e26de90f4a96faa5419742c0ea04f6a9a7b1c6647622df38f10cdffdf508,10015.159,10013.9,3655,exact-open-set-id-v2,1788267484691100384,127,127,2049,16464,a12ea82510c1f9a0d13d3e67bc6884a1442829f7da129ede17d67e762e63d1b1,5.763,,True,92,93,digiface-92-1080,True,True,True,False,-343.0,0.966881982060269,0.033118017939731015,-343.17,0.9668701389963574
123,extension,5,34092041,warmup,False,3,1943,948,extended_holdout_non_tuning_impostor,0,A33_A38,5,82,1071,0,False,,0,add2ff51ca22b6e67272dea2a67a95ad527c0ad02a1ab15b9abea8f3a286c8a5,32840,879b89201c565d9b5c6f53be7664cf8605498582c1d9c3d1f839ff0340282a2a,7.449,0.71,879b89201c565d9b5c6f53be7664cf8605498582c1d9c3d1f839ff0340282a2a,10259.769,10258.5,4273,exact-open-set-id-v2,1788267463288395904,127,127,2049,16464,07967547e1e8be51b61b30e5026850f45a3f59d0c49252fdd9ab3bc4d5c8a6c0,5.06,,False,,0,,879b89201c565d9b5c6f53be7664cf8605498582c1d9c3d1f839ff0340282a2a,9577.087,9575.5,3655,exact-open-set-id-v2,1788267484691100384,127,127,2049,16464,27add76a93e2a13fa4da21f33112c633711d12695940304af815d4e88de74100,5.516,,False,,0,,True,True,True,False,-683.0,0.9334210654579129,0.06657893454208708,-682.682,0.9334602952561601
124,extension,5,34092041,measured,True,0,758,1680,primary_test_impostor,3,A38_A33,3,45,1038,1,True,45,46,1e7c9591e8ccd881198225f3dd1ca571b3cc88654f52c21ff2aec0b63e84e117,32840,a1f68387f5fe65b4f09a768c2e877e9a1995ceeceefbbb0ae39e680a7303feff,7.715,0.51,a1f68387f5fe65b4f09a768c2e877e9a1995ceeceefbbb0ae39e680a7303feff,9863.838,9862.8,4273,exact-open-set-id-v2,1788267463288395904,127,127,2049,16464,46692d1cced882c6ee7e5d450ee92dd96a9b7f165e97f2d0239cfaae55b40f69,5.433,,True,45,46,digiface-45-1038,a1f68387f5fe65b4f09a768c2e877e9a1995ceeceefbbb0ae39e680a7303feff,9206.907,9205.8,3655,exact-open-set-id-v2,1788267484691100384,127,127,2049,16464,feff2328b60328a7ffabdb41045cd778c468649c9d8c170c65a63f19419b628e,5.883,,True,45,46,digiface-45-1038,True,True,True,False,-657.0,0.9333860566978951,0.0666139433021049,-656.931,0.933400061923158
125,extension,5,34092041,measured,True,1,407,1364,tuning_impostor,0,A38_A33,7,81,1070,0,False,,0,31fba9477eb761f1177784dc65a9e1e7f00a6c87003afb8d4b505518110addf5,32840,28a64d40f3a9e1c6bcfe94582eb1f9f32a99df449515ed89ba805fdeb621919e,12.766,0.82,28a64d40f3a9e1c6bcfe94582eb1f9f32a99df449515ed89ba805fdeb621919e,8701.778,8700.8,4273,exact-open-set-id-v2,1788267463288395904,127,127,2049,16464,8932b8020d6f1762ec90b6b9a6a22cf58a5b2d454c2a7c41e06c3c4418788731,5.134,,False,,0,,28a64d40f3a9e1c6bcfe94582eb1f9f32a99df449515ed89ba805fdeb621919e,7777.003,7775.5,3655,exact-open-set-id-v2,1788267484691100384,127,127,2049,16464,a45e2d4d040426ef2b5b943260a43ad3e8fff139b83f70e5c03dc5844831cb81,5.435,,False,,0,,True,True,True,False,-925.3,0.8936534571533653,0.1063465428466347,-924.775,0.8937257420265146
126,extension,5,34092041,measured,True,2,211,1188,tuning_impostor,1,A38_A33,4,92,1080,1,True,92,93,e88524fbe5a2eb68f8ceeb77aacc14b6788fbc428b2e3445702f6e613663a082,32840,8a77edaf558591e539eeb586fef9be2735a95016482a9336b1dd2bb2a93bf381,13.599,0.56,8a77edaf558591e539eeb586fef9be2735a95016482a9336b1dd2bb2a93bf381,9309.334,9308.4,4273,exact-open-set-id-v2,1788267463288395904,127,127,2049,16464,c1cd9c4f72e795ccaa5ecdf668afa65229d3f49ae64156ddd7ce44a78e92cb63,5.082,,True,92,93,digiface-92-1080,8a77edaf558591e539eeb586fef9be2735a95016482a9336b1dd2bb2a93bf381,8164.725,8163.6,3655,exact-open-set-id-v2,1788267484691100384,127,127,2049,16464,3edec63636d27e6a06df7fba360cae80ac4b37980f7548cf5bbcf65e6c737f95,4.709,,True,92,93,digiface-92-1080,True,True,True,False,-1144.8,0.8770143096557949,0.12298569034420515,-1144.609,0.8770471657800655
127,extension,5,34092041,measured,True,3,758,1680,primary_test_impostor,1,A33_A38,3,45,1038,1,True,45,46,1e7c9591e8ccd881198225f3dd1ca571b3cc88654f52c21ff2aec0b63e84e117,32840,046a16600dce093614e355b6b7aecb26b044525c9d0940b6f41dbeb95fd8af4f,9.601,0.53,046a16600dce093614e355b6b7aecb26b044525c9d0940b6f41dbeb95fd8af4f,10544.569,10543.1,4273,exact-open-set-id-v2,1788267463288395904,127,127,2049,16464,f626ec9532922437c291b6e134e958c341ed21f18d1b463d01d175a126d9c7c2,5.768,,True,45,46,digiface-45-1038,046a16600dce093614e355b6b7aecb26b044525c9d0940b6f41dbeb95fd8af4f,7742.365,7741.2,3655,exact-open-set-id-v2,1788267484691100384,127,127,2049,16464,c49949445961165962cc73f68dfe5f0a2ffddb769b6097356db66dff9df51a88,5.124,,True,45,46,digiface-45-1038,True,True,True,False,-2801.9,0.7342432491392474,0.26575675086075257,-2802.204,0.7342514426146768
128,extension,5,34092041,measured,True,4,1943,948,extended_holdout_non_tuning_impostor,2,A38_A33,5,82,1071,0,False,,0,add2ff51ca22b6e67272dea2a67a95ad527c0ad02a1ab15b9abea8f3a286c8a5,32840,6a3517437b58a82e831e91dd4e9160daae8c39db613fc8f040b4c2655840f520,14.885,0.46,6a3517437b58a82e831e91dd4e9160daae8c39db613fc8f040b4c2655840f520,10140.607,10139.7,4273,exact-open-set-id-v2,1788267463288395904,127,127,2049,16464,6a63d1f5fb63e53c78ea99a754211b85dcdff1582607335e7a1790b601a1cd17,5.644,,False,,0,,6a3517437b58a82e831e91dd4e9160daae8c39db613fc8f040b4c2655840f520,8425.169,8424.1,3655,exact-open-set-id-v2,1788267484691100384,127,127,2049,16464,76251a00f1acaf189d57adb435394c6a8f41000876e92a7991e903134fa04574,4.86,,False,,0,,True,True,True,False,-1715.6,0.8308036726924859,0.1691963273075141,-1715.438,0.8308347813893192
129,extension,5,34092041,measured,True,5,265,1236,tuning_impostor,0,A33_A38,2,17,1012,1,True,17,18,69e2ed1f0e5bc65ca7205dffd093679d61db0bae33cb69fc2a75a03e7e0b8cd0,32840,a1b26e584f25e14c5c642e4e488a1cbb88b85e42f95cf416b8325b6667c5dcd7,8.147,0.49,a1b26e584f25e14c5c642e4e488a1cbb88b85e42f95cf416b8325b6667c5dcd7,10013.792,10012.8,4273,exact-open-set-id-v2,1788267463288395904,127,127,2049,16464,3175c9402f2748fadf42b5caa367cc6f309b7c7430622c76f67d06d7d25f650e,5.61,,True,17,18,digiface-17-1012,a1b26e584f25e14c5c642e4e488a1cbb88b85e42f95cf416b8325b6667c5dcd7,8246.574,8245.4,3655,exact-open-set-id-v2,1788267484691100384,127,127,2049,16464,21904017193bc3a7225d50db302df55fb8b68735e3fbb0f502a93bc652b51c88,5.579,,True,17,18,digiface-17-1012,True,True,True,False,-1767.4,0.8234859379993609,0.17651406200063913,-1767.218,0.8235215990106446
130,extension,5,34092041,measured,True,6,211,1188,tuning_impostor,0,A38_A33,4,92,1080,1,True,92,93,e88524fbe5a2eb68f8ceeb77aacc14b6788fbc428b2e3445702f6e613663a082,32840,71a843a283215f60f5694605d16ad47ebe13fb6cd8ba0098324f0cdcc589d033,8.278,0.47,71a843a283215f60f5694605d16ad47ebe13fb6cd8ba0098324f0cdcc589d033,9279.546,9278.4,4273,exact-open-set-id-v2,1788267463288395904,127,127,2049,16464,897e5ea026f697526f5436bc790a927f70c5f72ce22981f2eafd8d77c0f68a71,5.41,,True,92,93,digiface-92-1080,71a843a283215f60f5694605d16ad47ebe13fb6cd8ba0098324f0cdcc589d033,9780.329,9779.1,3655,exact-open-set-id-v2,1788267484691100384,127,127,2049,16464,9d49e33be6f19686392714ad8d555a3db4de3a83e970698bed255f7252b802d2,4.937,,True,92,93,digiface-92-1080,True,True,True,False,500.7,1.0539640455250907,-0.05396404552509071,500.783,1.053966325507735
131,extension,5,34092041,measured,True,7,265,1236,tuning_impostor,2,A33_A38,2,17,1012,1,True,17,18,69e2ed1f0e5bc65ca7205dffd093679d61db0bae33cb69fc2a75a03e7e0b8cd0,32840,8d3faf4d6bb6b1e741869d66fbf7456db0a9356438b17e9fb1afc7b8b1e61157,10.523,0.52,8d3faf4d6bb6b1e741869d66fbf7456db0a9356438b17e9fb1afc7b8b1e61157,8678.586,8677.4,4273,exact-open-set-id-v2,1788267463288395904,127,127,2049,16464,400cc0e0611f7fa63408e38792587210c083ccc07a204cba383d1555886b4c7b,4.884,,True,17,18,digiface-17-1012,8d3faf4d6bb6b1e741869d66fbf7456db0a9356438b17e9fb1afc7b8b1e61157,11714.597,11713.7,3655,exact-open-set-id-v2,1788267484691100384,127,127,2049,16464,da4ec1b8017b16856f9bbcc4cb884713f64f0264e1c1a0a63dc15d17c8567675,5.599,,True,17,18,digiface-17-1012,True,True,True,False,3036.3,1.3499089589047413,-0.3499089589047413,3036.011,1.349827840618276
132,extension,5,34092041,measured,True,8,265,1236,tuning_impostor,1,A38_A33,2,17,1012,1,True,17,18,69e2ed1f0e5bc65ca7205dffd093679d61db0bae33cb69fc2a75a03e7e0b8cd0,32840,caee97d2b28a7cbaef21e72175246ee28e904909a2805a5449b8ead05861c7f0,8.256,0.54,caee97d2b28a7cbaef21e72175246ee28e904909a2805a5449b8ead05861c7f0,9957.904,9956.9,4273,exact-open-set-id-v2,1788267463288395904,127,127,2049,16464,781e0a2ffff4d851db2fe232c41d442990b0132838ed6f5d572be828b82d617f,6.005,,True,17,18,digiface-17-1012,caee97d2b28a7cbaef21e72175246ee28e904909a2805a5449b8ead05861c7f0,10085.434,10084.7,3655,exact-open-set-id-v2,1788267484691100384,127,127,2049,16464,f0155cd61adf82520bc8757fb654f7ac39638f8f5af0e0e948d782a34aeb9452,7.903,,True,17,18,digiface-17-1012,True,True,True,False,127.8,1.0128353202301923,-0.012835320230192293,127.53,1.0128069119766567
133,extension,5,34092041,measured,True,9,1943,948,extended_holdout_non_tuning_impostor,1,A38_A33,5,82,1071,0,False,,0,add2ff51ca22b6e67272dea2a67a95ad527c0ad02a1ab15b9abea8f3a286c8a5,32840,88422f5b2cac8ee8584c424bb15ffcc8ca7eb77b5b074051eec13fddcd777aec,7.836,0.46,88422f5b2cac8ee8584c424bb15ffcc8ca7eb77b5b074051eec13fddcd777aec,8733.56,8732.8,4273,exact-open-set-id-v2,1788267463288395904,127,127,2049,16464,eb6379b79387e99987df0466f677da26add613608b7ee80c9e470f83cbc1c75b,6.468,,False,,0,,88422f5b2cac8ee8584c424bb15ffcc8ca7eb77b5b074051eec13fddcd777aec,8437.835,8436.8,3655,exact-open-set-id-v2,1788267484691100384,127,127,2049,16464,96611ed0e0bfb29e78fa9f2ad7bdfaca2cbfb9bbc8dbadc291eb3d681360224d,5.274,,False,,0,,True,True,True,False,-296.0,0.9661048002931477,0.033895199706852286,-295.725,0.9661392376075735
134,extension,5,34092041,measured,True,10,265,1236,tuning_impostor,3,A38_A33,2,17,1012,1,True,17,18,69e2ed1f0e5bc65ca7205dffd093679d61db0bae33cb69fc2a75a03e7e0b8cd0,32840,68fdd2a9bb641a48dc77c4ae201bfb94d55eadd04ce5b95fcb401bd0c74a74ca,8.765,0.57,68fdd2a9bb641a48dc77c4ae201bfb94d55eadd04ce5b95fcb401bd0c74a74ca,7991.756,7991.0,4273,exact-open-set-id-v2,1788267463288395904,127,127,2049,16464,6fc5fa1754ff531e3370fef808d1eb08d638f6df6e3b2e627c53b8404b9cc496,5.253,,True,17,18,digiface-17-1012,68fdd2a9bb641a48dc77c4ae201bfb94d55eadd04ce5b95fcb401bd0c74a74ca,6799.079,6798.1,3655,exact-open-set-id-v2,1788267484691100384,127,127,2049,16464,be39b7373e2a5bcca0e610b6ec6b5dd09b9045632749a22e5fb32b3d219931d1,6.717,,True,17,18,digiface-17-1012,True,True,True,False,-1192.9,0.8507195595044426,0.14928044049555744,-1192.677,0.8507615848131499
135,extension,5,34092041,measured,True,11,758,1680,primary_test_impostor,2,A33_A38,3,45,1038,1,True,45,46,1e7c9591e8ccd881198225f3dd1ca571b3cc88654f52c21ff2aec0b63e84e117,32840,91a724a32f5f43d3bc3dd41a53620fae4aded5b037c6a3ed7f530cc694c05e39,8.672,0.88,91a724a32f5f43d3bc3dd41a53620fae4aded5b037c6a3ed7f530cc694c05e39,8779.314,8778.6,4273,exact-open-set-id-v2,1788267463288395904,127,127,2049,16464,0d5b1b7d78ad7414fd4cbb3aac5c89a6a121eae23d3de58588db39f0b59b66f2,6.023,,True,45,46,digiface-45-1038,91a724a32f5f43d3bc3dd41a53620fae4aded5b037c6a3ed7f530cc694c05e39,8328.202,8327.4,3655,exact-open-set-id-v2,1788267484691100384,127,127,2049,16464,5f95652d43ec6e13755169edd572d3bd246986465b1f3b2926ede92c7ac69bf4,7.644,,True,45,46,digiface-45-1038,True,True,True,False,-451.2,0.9486022828241405,0.0513977171758595,-451.112,0.9486164864361839
136,extension,5,34092041,measured,True,12,407,1364,tuning_impostor,1,A33_A38,7,81,1070,0,False,,0,31fba9477eb761f1177784dc65a9e1e7f00a6c87003afb8d4b505518110addf5,32840,95ea6a1edd8e28a709592f1101528501b1e47021b36c1dbdb3ed6592717b0fb3,10.585,0.63,95ea6a1edd8e28a709592f1101528501b1e47021b36c1dbdb3ed6592717b0fb3,8799.227,8798.6,4273,exact-open-set-id-v2,1788267463288395904,127,127,2049,16464,9b0b8d3430d0ed14ba683a65ee7ec366be23b094d9e30629a11fc50e238faa0d,5.783,,False,,0,,95ea6a1edd8e28a709592f1101528501b1e47021b36c1dbdb3ed6592717b0fb3,8355.241,8354.7,3655,exact-open-set-id-v2,1788267484691100384,127,127,2049,16464,9e6c102a93cc17b353d48af22bf6e24467a3d31dc9bc710ec22e7a9f1a7fdfa5,5.928,,False,,0,,True,True,True,False,-443.9,0.9495487918532495,0.050451208146750526,-443.986,0.9495426132318213
137,extension,5,34092041,measured,True,13,407,1364,tuning_impostor,3,A33_A38,7,81,1070,0,False,,0,31fba9477eb761f1177784dc65a9e1e7f00a6c87003afb8d4b505518110addf5,32840,2deb08678498978e4265c2eca684c3c3f6f7f3c156f81132eaf7f72c43dfeed1,9.31,0.53,2deb08678498978e4265c2eca684c3c3f6f7f3c156f81132eaf7f72c43dfeed1,9654.223,9653.4,4273,exact-open-set-id-v2,1788267463288395904,127,127,2049,16464,d6d31758b6be7fb281e1af1ed1aceb7eeda8eee606e5183e4133db6d8c2eca9f,5.65,,False,,0,,2deb08678498978e4265c2eca684c3c3f6f7f3c156f81132eaf7f72c43dfeed1,9077.963,9077.2,3655,exact-open-set-id-v2,1788267484691100384,127,127,2049,16464,4b76fed4b9c6b62c4b72c111d4646030efd8ef7982654a4791aeeffd63c6212a,5.222,,False,,0,,True,True,True,False,-576.2,0.9403111856962315,0.05968881430376849,-576.26,0.9403100591316359
138,extension,5,34092041,measured,True,14,211,1188,tuning_impostor,2,A33_A38,4,92,1080,1,True,92,93,e88524fbe5a2eb68f8ceeb77aacc14b6788fbc428b2e3445702f6e613663a082,32840,e01bcf29e1c2c360098942e0cf4f2845a0ff9d19c4b1706df53e0306540cdd6d,7.55,0.5,e01bcf29e1c2c360098942e0cf4f2845a0ff9d19c4b1706df53e0306540cdd6d,9608.597,9607.7,4273,exact-open-set-id-v2,1788267463288395904,127,127,2049,16464,4c95063e9cb45cb75d839e5992192e0acd7c075477ffaa7c3421c700d50d0be4,5.433,,True,92,93,digiface-92-1080,e01bcf29e1c2c360098942e0cf4f2845a0ff9d19c4b1706df53e0306540cdd6d,7643.32,7642.8,3655,exact-open-set-id-v2,1788267484691100384,127,127,2049,16464,2d9002691d9abc14fea9976d8ee05b9de76bd472a23030f7edc95824d5d37ebb,5.037,,True,92,93,digiface-92-1080,True,True,True,False,-1964.9,0.7954869531729758,0.2045130468270242,-1965.277,0.7954668095664746
139,extension,5,34092041,measured,True,15,1943,948,extended_holdout_non_tuning_impostor,3,A33_A38,5,82,1071,0,False,,0,add2ff51ca22b6e67272dea2a67a95ad527c0ad02a1ab15b9abea8f3a286c8a5,32840,7049aa3432834a9c97d01a3cfe2dbe5f1d8e941d4d01c6f82fca544bc6e8d8d9,7.703,0.53,7049aa3432834a9c97d01a3cfe2dbe5f1d8e941d4d01c6f82fca544bc6e8d8d9,8931.315,8928.1,4273,exact-open-set-id-v2,1788267463288395904,127,127,2049,16464,8bf2b8997b3abb52c749525dc9a44f0a9e728ae3bcf82f8a93ce04a7e08e9815,5.459,,False,,0,,7049aa3432834a9c97d01a3cfe2dbe5f1d8e941d4d01c6f82fca544bc6e8d8d9,7169.816,7168.3,3655,exact-open-set-id-v2,1788267484691100384,127,127,2049,16464,c37561bc9a3209714ff30daa8fee9612c6edccadbcca7c4bbd771b56f00dc5d6,5.085,,False,,0,,True,True,True,False,-1759.8,0.8028919926972145,0.19710800730278555,-1761.499,0.8027727159998275
140,extension,5,34092041,measured,True,16,758,1680,primary_test_impostor,0,A38_A33,3,45,1038,1,True,45,46,1e7c9591e8ccd881198225f3dd1ca571b3cc88654f52c21ff2aec0b63e84e117,32840,49d2ac267a615993cec45289088fe9ad69298572a173bcca13248dc9fec8e830,9.251,0.6,49d2ac267a615993cec45289088fe9ad69298572a173bcca13248dc9fec8e830,10339.538,10339.1,4273,exact-open-set-id-v2,1788267463288395904,127,127,2049,16464,7dd2cfa6dc4aac33d7e07502b933686a3a021f063da73de18cfa62b02223c5e4,4.851,,True,45,46,digiface-45-1038,49d2ac267a615993cec45289088fe9ad69298572a173bcca13248dc9fec8e830,7696.14,7695.6,3655,exact-open-set-id-v2,1788267484691100384,127,127,2049,16464,8e5e45da5f7d159adbc68f906df9de8b5b3e6007081a844eff22cbd855005cc5,4.894,,True,45,46,digiface-45-1038,True,True,True,False,-2643.5,0.7443201052315965,0.25567989476840347,-2643.398,0.7443408013007932
141,extension,5,34092041,measured,True,17,407,1364,tuning_impostor,2,A38_A33,7,81,1070,0,False,,0,31fba9477eb761f1177784dc65a9e1e7f00a6c87003afb8d4b505518110addf5,32840,c5250a93c03a878d2cf0819c8d459ebb7c1adcc66ef6aab4e68857c34661c0c1,9.634,0.9,c5250a93c03a878d2cf0819c8d459ebb7c1adcc66ef6aab4e68857c34661c0c1,9075.759,9074.9,4273,exact-open-set-id-v2,1788267463288395904,127,127,2049,16464,b02becef9e8cfdb736e33f1ba9206b8fd4b91f92a0f37fb36f703b4c0dcd152d,5.314,,False,,0,,c5250a93c03a878d2cf0819c8d459ebb7c1adcc66ef6aab4e68857c34661c0c1,9880.437,9879.9,3655,exact-open-set-id-v2,1788267484691100384,127,127,2049,16464,0e0f7e7d07913f336db3636f7160a14adc88b21362fec44e4a27f25f55ac71d2,6.383,,False,,0,,True,True,True,False,805.0,1.0887062116386959,-0.08870621163869585,804.678,1.0886623366706851
142,extension,5,34092041,measured,True,18,1943,948,extended_holdout_non_tuning_impostor,0,A33_A38,5,82,1071,0,False,,0,add2ff51ca22b6e67272dea2a67a95ad527c0ad02a1ab15b9abea8f3a286c8a5,32840,ec22dfecb884411620d8692823f6f3886cb58db0d865eb4f33be389a2ddc5c9b,9.849,0.82,ec22dfecb884411620d8692823f6f3886cb58db0d865eb4f33be389a2ddc5c9b,9947.925,9947.4,4273,exact-open-set-id-v2,1788267463288395904,127,127,2049,16464,299929d3a2d9929d44e14e91e97bc16f2e8001bed4b7bb7998df2a0e51dcdb25,5.38,,False,,0,,ec22dfecb884411620d8692823f6f3886cb58db0d865eb4f33be389a2ddc5c9b,7991.139,7990.2,3655,exact-open-set-id-v2,1788267484691100384,127,127,2049,16464,fef7773aed0a855cfcd8a2d9c07e332c373a738e312d318367c5a15caa2ab343,5.565,,False,,0,,True,True,True,False,-1957.2,0.8032450690632729,0.19675493093672713,-1956.786,0.803297069489366
143,extension,5,34092041,measured,True,19,211,1188,tuning_impostor,3,A33_A38,4,92,1080,1,True,92,93,e88524fbe5a2eb68f8ceeb77aacc14b6788fbc428b2e3445702f6e613663a082,32840,0ceb1eff76a21c292069fa34727b8b5a7d7ea1209b3f56e6b57ed56bfa4bcc2b,9.142,0.82,0ceb1eff76a21c292069fa34727b8b5a7d7ea1209b3f56e6b57ed56bfa4bcc2b,11144.041,11142.7,4273,exact-open-set-id-v2,1788267463288395904,127,127,2049,16464,e42c526bca73a3648c7d8c34bf31d92df855d501de6342c49cc320bdc23de4bf,5.702,,True,92,93,digiface-92-1080,0ceb1eff76a21c292069fa34727b8b5a7d7ea1209b3f56e6b57ed56bfa4bcc2b,7847.29,7846.2,3655,exact-open-set-id-v2,1788267484691100384,127,127,2049,16464,15d275baaddf905649f85b7d78e8e2611b611cfd760e1db15f5d7529f3ebbc3d,6.295,,True,92,93,digiface-92-1080,True,True,True,False,-3296.5,0.7041560842524701,0.2958439157475299,-3296.751,0.7041691608995337
